Timestamp,API ID,Method,URL,Status Code,Latency (ms),Error
2026-09-09T20:52:21.669877,1786373852673,POST,http://localhost/api/cicd/execute,0,6.44,"HTTPConnectionPool(host='localhost', port=80): Max retries exceeded with url: /api/cicd/execute (Caused by NewConnectionError(""HTTPConnection(host='localhost', port=80): Failed to establish a new connection: [Errno 111] Connection refused""))"
2026-09-09T20:52:21.673361,1786373852673,POST,http://localhost/api/cicd/execute,0,6.81,"HTTPConnectionPool(host='localhost', port=80): Max retries exceeded with url: /api/cicd/execute (Caused by NewConnectionError(""HTTPConnection(host='localhost', port=80): Failed to establish a new connection: [Errno 111] Connection refused""))"
2026-09-09T20:52:21.674168,1786373852673,POST,http://localhost/api/cicd/execute,0,5.68,"HTTPConnectionPool(host='localhost', port=80): Max retries exceeded with url: /api/cicd/execute (Caused by NewConnectionError(""HTTPConnection(host='localhost', port=80): Failed to establish a new connection: [Errno 111] Connection refused""))"
2026-09-09T20:52:21.676077,1786373852673,POST,http://localhost/api/cicd/execute,0,5.76,"HTTPConnectionPool(host='localhost', port=80): Max retries exceeded with url: /api/cicd/execute (Caused by NewConnectionError(""HTTPConnection(host='localhost', port=80): Failed to establish a new connection: [Errno 111] Connection refused""))"
2026-09-09T20:52:21.677732,1786373852673,POST,http://localhost/api/cicd/execute,0,5.47,"HTTPConnectionPool(host='localhost', port=80): Max retries exceeded with url: /api/cicd/execute (Caused by NewConnectionError(""HTTPConnection(host='localhost', port=80): Failed to establish a new connection: [Errno 111] Connection refused""))"
2026-09-09T20:52:21.680794,1786373852673,POST,http://localhost/api/cicd/execute,0,6.26,"HTTPConnectionPool(host='localhost', port=80): Max retries exceeded with url: /api/cicd/execute (Caused by NewConnectionError(""HTTPConnection(host='localhost', port=80): Failed to establish a new connection: [Errno 111] Connection refused""))"
2026-09-09T20:52:21.682575,1786373852673,POST,http://localhost/api/cicd/execute,0,6.16,"HTTPConnectionPool(host='localhost', port=80): Max retries exceeded with url: /api/cicd/execute (Caused by NewConnectionError(""HTTPConnection(host='localhost', port=80): Failed to establish a new connection: [Errno 111] Connection refused""))"
2026-09-09T20:52:21.685701,1786373852673,POST,http://localhost/api/cicd/execute,0,7.11,"HTTPConnectionPool(host='localhost', port=80): Max retries exceeded with url: /api/cicd/execute (Caused by NewConnectionError(""HTTPConnection(host='localhost', port=80): Failed to establish a new connection: [Errno 111] Connection refused""))"
2026-09-09T20:52:21.687112,1786373852673,POST,http://localhost/api/cicd/execute,0,6.08,"HTTPConnectionPool(host='localhost', port=80): Max retries exceeded with url: /api/cicd/execute (Caused by NewConnectionError(""HTTPConnection(host='localhost', port=80): Failed to establish a new connection: [Errno 111] Connection refused""))"
2026-09-09T20:52:21.687522,1786373852673,POST,http://localhost/api/cicd/execute,0,4.55,"HTTPConnectionPool(host='localhost', port=80): Max retries exceeded with url: /api/cicd/execute (Caused by NewConnectionError(""HTTPConnection(host='localhost', port=80): Failed to establish a new connection: [Errno 111] Connection refused""))"
2026-09-09T20:52:21.771509,1786374210148,GET,http://localhost/api/cicd/status/40665,0,1.32,"HTTPConnectionPool(host='localhost', port=80): Max retries exceeded with url: /api/cicd/status/40665 (Caused by NewConnectionError(""HTTPConnection(host='localhost', port=80): Failed to establish a new connection: [Errno 111] Connection refused""))"
2026-09-09T20:52:21.775630,1786374210148,GET,http://localhost/api/cicd/status/40665,0,1.96,"HTTPConnectionPool(host='localhost', port=80): Max retries exceeded with url: /api/cicd/status/40665 (Caused by NewConnectionError(""HTTPConnection(host='localhost', port=80): Failed to establish a new connection: [Errno 111] Connection refused""))"
2026-09-09T20:52:21.775978,1786374210148,GET,http://localhost/api/cicd/status/40665,0,1.38,"HTTPConnectionPool(host='localhost', port=80): Max retries exceeded with url: /api/cicd/status/40665 (Caused by NewConnectionError(""HTTPConnection(host='localhost', port=80): Failed to establish a new connection: [Errno 111] Connection refused""))"
2026-09-09T20:52:21.777670,1786374210148,GET,http://localhost/api/cicd/status/40665,0,1.29,"HTTPConnectionPool(host='localhost', port=80): Max retries exceeded with url: /api/cicd/status/40665 (Caused by NewConnectionError(""HTTPConnection(host='localhost', port=80): Failed to establish a new connection: [Errno 111] Connection refused""))"
2026-09-09T20:52:21.779347,1786374210148,GET,http://localhost/api/cicd/status/40665,0,1.33,"HTTPConnectionPool(host='localhost', port=80): Max retries exceeded with url: /api/cicd/status/40665 (Caused by NewConnectionError(""HTTPConnection(host='localhost', port=80): Failed to establish a new connection: [Errno 111] Connection refused""))"
2026-09-09T20:52:21.782095,1786374210148,GET,http://localhost/api/cicd/status/40665,0,1.13,"HTTPConnectionPool(host='localhost', port=80): Max retries exceeded with url: /api/cicd/status/40665 (Caused by NewConnectionError(""HTTPConnection(host='localhost', port=80): Failed to establish a new connection: [Errno 111] Connection refused""))"
2026-09-09T20:52:21.783916,1786374210148,GET,http://localhost/api/cicd/status/40665,0,1.17,"HTTPConnectionPool(host='localhost', port=80): Max retries exceeded with url: /api/cicd/status/40665 (Caused by NewConnectionError(""HTTPConnection(host='localhost', port=80): Failed to establish a new connection: [Errno 111] Connection refused""))"
2026-09-09T20:52:21.787067,1786374210148,GET,http://localhost/api/cicd/status/40665,0,1.19,"HTTPConnectionPool(host='localhost', port=80): Max retries exceeded with url: /api/cicd/status/40665 (Caused by NewConnectionError(""HTTPConnection(host='localhost', port=80): Failed to establish a new connection: [Errno 111] Connection refused""))"
2026-09-09T20:52:21.789704,1786374210148,GET,http://localhost/api/cicd/status/40665,0,2.41,"HTTPConnectionPool(host='localhost', port=80): Max retries exceeded with url: /api/cicd/status/40665 (Caused by NewConnectionError(""HTTPConnection(host='localhost', port=80): Failed to establish a new connection: [Errno 111] Connection refused""))"
2026-09-09T20:52:21.790070,1786374210148,GET,http://localhost/api/cicd/status/40665,0,1.86,"HTTPConnectionPool(host='localhost', port=80): Max retries exceeded with url: /api/cicd/status/40665 (Caused by NewConnectionError(""HTTPConnection(host='localhost', port=80): Failed to establish a new connection: [Errno 111] Connection refused""))"
2026-09-09T20:52:21.873024,1786373852673,POST,http://localhost/api/cicd/execute,0,1.34,"HTTPConnectionPool(host='localhost', port=80): Max retries exceeded with url: /api/cicd/execute (Caused by NewConnectionError(""HTTPConnection(host='localhost', port=80): Failed to establish a new connection: [Errno 111] Connection refused""))"
2026-09-09T20:52:21.881252,1786373852673,POST,http://localhost/api/cicd/execute,0,5.44,"HTTPConnectionPool(host='localhost', port=80): Max retries exceeded with url: /api/cicd/execute (Caused by NewConnectionError(""HTTPConnection(host='localhost', port=80): Failed to establish a new connection: [Errno 111] Connection refused""))"
2026-09-09T20:52:21.881762,1786373852673,POST,http://localhost/api/cicd/execute,0,4.77,"HTTPConnectionPool(host='localhost', port=80): Max retries exceeded with url: /api/cicd/execute (Caused by NewConnectionError(""HTTPConnection(host='localhost', port=80): Failed to establish a new connection: [Errno 111] Connection refused""))"
2026-09-09T20:52:21.882046,1786373852673,POST,http://localhost/api/cicd/execute,0,3.71,"HTTPConnectionPool(host='localhost', port=80): Max retries exceeded with url: /api/cicd/execute (Caused by NewConnectionError(""HTTPConnection(host='localhost', port=80): Failed to establish a new connection: [Errno 111] Connection refused""))"
2026-09-09T20:52:21.883290,1786373852673,POST,http://localhost/api/cicd/execute,0,3.64,"HTTPConnectionPool(host='localhost', port=80): Max retries exceeded with url: /api/cicd/execute (Caused by NewConnectionError(""HTTPConnection(host='localhost', port=80): Failed to establish a new connection: [Errno 111] Connection refused""))"
2026-09-09T20:52:21.883824,1786373852673,POST,http://localhost/api/cicd/execute,0,1.54,"HTTPConnectionPool(host='localhost', port=80): Max retries exceeded with url: /api/cicd/execute (Caused by NewConnectionError(""HTTPConnection(host='localhost', port=80): Failed to establish a new connection: [Errno 111] Connection refused""))"
2026-09-09T20:52:21.885420,1786373852673,POST,http://localhost/api/cicd/execute,0,1.33,"HTTPConnectionPool(host='localhost', port=80): Max retries exceeded with url: /api/cicd/execute (Caused by NewConnectionError(""HTTPConnection(host='localhost', port=80): Failed to establish a new connection: [Errno 111] Connection refused""))"
2026-09-09T20:52:21.888526,1786373852673,POST,http://localhost/api/cicd/execute,0,1.28,"HTTPConnectionPool(host='localhost', port=80): Max retries exceeded with url: /api/cicd/execute (Caused by NewConnectionError(""HTTPConnection(host='localhost', port=80): Failed to establish a new connection: [Errno 111] Connection refused""))"
2026-09-09T20:52:21.893122,1786373852673,POST,http://localhost/api/cicd/execute,0,3.24,"HTTPConnectionPool(host='localhost', port=80): Max retries exceeded with url: /api/cicd/execute (Caused by NewConnectionError(""HTTPConnection(host='localhost', port=80): Failed to establish a new connection: [Errno 111] Connection refused""))"
2026-09-09T20:52:21.893502,1786373852673,POST,http://localhost/api/cicd/execute,0,2.46,"HTTPConnectionPool(host='localhost', port=80): Max retries exceeded with url: /api/cicd/execute (Caused by NewConnectionError(""HTTPConnection(host='localhost', port=80): Failed to establish a new connection: [Errno 111] Connection refused""))"
2026-09-09T20:52:21.974910,1786374210148,GET,http://localhost/api/cicd/status/40665,0,1.7,"HTTPConnectionPool(host='localhost', port=80): Max retries exceeded with url: /api/cicd/status/40665 (Caused by NewConnectionError(""HTTPConnection(host='localhost', port=80): Failed to establish a new connection: [Errno 111] Connection refused""))"
2026-09-09T20:52:21.991410,1786374210148,GET,http://localhost/api/cicd/status/40665,0,9.92,"HTTPConnectionPool(host='localhost', port=80): Max retries exceeded with url: /api/cicd/status/40665 (Caused by NewConnectionError(""HTTPConnection(host='localhost', port=80): Failed to establish a new connection: [Errno 111] Connection refused""))"
2026-09-09T20:52:21.992473,1786374210148,GET,http://localhost/api/cicd/status/40665,0,8.29,"HTTPConnectionPool(host='localhost', port=80): Max retries exceeded with url: /api/cicd/status/40665 (Caused by NewConnectionError(""HTTPConnection(host='localhost', port=80): Failed to establish a new connection: [Errno 111] Connection refused""))"
2026-09-09T20:52:21.992937,1786374210148,GET,http://localhost/api/cicd/status/40665,0,6.32,"HTTPConnectionPool(host='localhost', port=80): Max retries exceeded with url: /api/cicd/status/40665 (Caused by NewConnectionError(""HTTPConnection(host='localhost', port=80): Failed to establish a new connection: [Errno 111] Connection refused""))"
2026-09-09T20:52:21.993230,1786374210148,GET,http://localhost/api/cicd/status/40665,0,7.75,"HTTPConnectionPool(host='localhost', port=80): Max retries exceeded with url: /api/cicd/status/40665 (Caused by NewConnectionError(""HTTPConnection(host='localhost', port=80): Failed to establish a new connection: [Errno 111] Connection refused""))"
2026-09-09T20:52:21.994984,1786374210148,GET,http://localhost/api/cicd/status/40665,0,11.96,"HTTPConnectionPool(host='localhost', port=80): Max retries exceeded with url: /api/cicd/status/40665 (Caused by NewConnectionError(""HTTPConnection(host='localhost', port=80): Failed to establish a new connection: [Errno 111] Connection refused""))"
2026-09-09T20:52:21.996948,1786374210148,GET,http://localhost/api/cicd/status/40665,0,7.24,"HTTPConnectionPool(host='localhost', port=80): Max retries exceeded with url: /api/cicd/status/40665 (Caused by NewConnectionError(""HTTPConnection(host='localhost', port=80): Failed to establish a new connection: [Errno 111] Connection refused""))"
2026-09-09T20:52:21.997438,1786374210148,GET,http://localhost/api/cicd/status/40665,0,9.26,"HTTPConnectionPool(host='localhost', port=80): Max retries exceeded with url: /api/cicd/status/40665 (Caused by NewConnectionError(""HTTPConnection(host='localhost', port=80): Failed to establish a new connection: [Errno 111] Connection refused""))"
2026-09-09T20:52:21.997854,1786374210148,GET,http://localhost/api/cicd/status/40665,0,4.55,"HTTPConnectionPool(host='localhost', port=80): Max retries exceeded with url: /api/cicd/status/40665 (Caused by NewConnectionError(""HTTPConnection(host='localhost', port=80): Failed to establish a new connection: [Errno 111] Connection refused""))"
2026-09-09T20:52:21.998340,1786374210148,GET,http://localhost/api/cicd/status/40665,0,2.99,"HTTPConnectionPool(host='localhost', port=80): Max retries exceeded with url: /api/cicd/status/40665 (Caused by NewConnectionError(""HTTPConnection(host='localhost', port=80): Failed to establish a new connection: [Errno 111] Connection refused""))"
2026-09-09T20:52:22.076903,1786373852673,POST,http://localhost/api/cicd/execute,0,1.78,"HTTPConnectionPool(host='localhost', port=80): Max retries exceeded with url: /api/cicd/execute (Caused by NewConnectionError(""HTTPConnection(host='localhost', port=80): Failed to establish a new connection: [Errno 111] Connection refused""))"
2026-09-09T20:52:22.104700,1786373852673,POST,http://localhost/api/cicd/execute,0,11.59,"HTTPConnectionPool(host='localhost', port=80): Max retries exceeded with url: /api/cicd/execute (Caused by NewConnectionError(""HTTPConnection(host='localhost', port=80): Failed to establish a new connection: [Errno 111] Connection refused""))"
2026-09-09T20:52:22.105026,1786373852673,POST,http://localhost/api/cicd/execute,0,13.42,"HTTPConnectionPool(host='localhost', port=80): Max retries exceeded with url: /api/cicd/execute (Caused by NewConnectionError(""HTTPConnection(host='localhost', port=80): Failed to establish a new connection: [Errno 111] Connection refused""))"
2026-09-09T20:52:22.105363,1786373852673,POST,http://localhost/api/cicd/execute,0,11.08,"HTTPConnectionPool(host='localhost', port=80): Max retries exceeded with url: /api/cicd/execute (Caused by NewConnectionError(""HTTPConnection(host='localhost', port=80): Failed to establish a new connection: [Errno 111] Connection refused""))"
2026-09-09T20:52:22.105834,1786373852673,POST,http://localhost/api/cicd/execute,0,8.91,"HTTPConnectionPool(host='localhost', port=80): Max retries exceeded with url: /api/cicd/execute (Caused by NewConnectionError(""HTTPConnection(host='localhost', port=80): Failed to establish a new connection: [Errno 111] Connection refused""))"
2026-09-09T20:52:22.110027,1786373852673,POST,http://localhost/api/cicd/execute,0,14.5,"HTTPConnectionPool(host='localhost', port=80): Max retries exceeded with url: /api/cicd/execute (Caused by NewConnectionError(""HTTPConnection(host='localhost', port=80): Failed to establish a new connection: [Errno 111] Connection refused""))"
2026-09-09T20:52:22.110410,1786373852673,POST,http://localhost/api/cicd/execute,0,9.58,"HTTPConnectionPool(host='localhost', port=80): Max retries exceeded with url: /api/cicd/execute (Caused by NewConnectionError(""HTTPConnection(host='localhost', port=80): Failed to establish a new connection: [Errno 111] Connection refused""))"
2026-09-09T20:52:22.110797,1786373852673,POST,http://localhost/api/cicd/execute,0,12.75,"HTTPConnectionPool(host='localhost', port=80): Max retries exceeded with url: /api/cicd/execute (Caused by NewConnectionError(""HTTPConnection(host='localhost', port=80): Failed to establish a new connection: [Errno 111] Connection refused""))"
2026-09-09T20:52:22.111186,1786373852673,POST,http://localhost/api/cicd/execute,0,9.21,"HTTPConnectionPool(host='localhost', port=80): Max retries exceeded with url: /api/cicd/execute (Caused by NewConnectionError(""HTTPConnection(host='localhost', port=80): Failed to establish a new connection: [Errno 111] Connection refused""))"
2026-09-09T20:52:22.111445,1786373852673,POST,http://localhost/api/cicd/execute,0,12.08,"HTTPConnectionPool(host='localhost', port=80): Max retries exceeded with url: /api/cicd/execute (Caused by NewConnectionError(""HTTPConnection(host='localhost', port=80): Failed to establish a new connection: [Errno 111] Connection refused""))"
2026-09-09T20:52:22.178705,1786374210148,GET,http://localhost/api/cicd/status/40665,0,1.61,"HTTPConnectionPool(host='localhost', port=80): Max retries exceeded with url: /api/cicd/status/40665 (Caused by NewConnectionError(""HTTPConnection(host='localhost', port=80): Failed to establish a new connection: [Errno 111] Connection refused""))"
2026-09-09T20:52:22.210136,1786374210148,GET,http://localhost/api/cicd/status/40665,0,2.92,"HTTPConnectionPool(host='localhost', port=80): Max retries exceeded with url: /api/cicd/status/40665 (Caused by NewConnectionError(""HTTPConnection(host='localhost', port=80): Failed to establish a new connection: [Errno 111] Connection refused""))"
2026-09-09T20:52:22.211378,1786374210148,GET,http://localhost/api/cicd/status/40665,0,6.48,"HTTPConnectionPool(host='localhost', port=80): Max retries exceeded with url: /api/cicd/status/40665 (Caused by NewConnectionError(""HTTPConnection(host='localhost', port=80): Failed to establish a new connection: [Errno 111] Connection refused""))"
2026-09-09T20:52:22.213842,1786374210148,GET,http://localhost/api/cicd/status/40665,0,7.68,"HTTPConnectionPool(host='localhost', port=80): Max retries exceeded with url: /api/cicd/status/40665 (Caused by NewConnectionError(""HTTPConnection(host='localhost', port=80): Failed to establish a new connection: [Errno 111] Connection refused""))"
2026-09-09T20:52:22.217341,1786374210148,GET,http://localhost/api/cicd/status/40665,0,5.72,"HTTPConnectionPool(host='localhost', port=80): Max retries exceeded with url: /api/cicd/status/40665 (Caused by NewConnectionError(""HTTPConnection(host='localhost', port=80): Failed to establish a new connection: [Errno 111] Connection refused""))"
2026-09-09T20:52:22.217542,1786374210148,GET,http://localhost/api/cicd/status/40665,0,9.34,"HTTPConnectionPool(host='localhost', port=80): Max retries exceeded with url: /api/cicd/status/40665 (Caused by NewConnectionError(""HTTPConnection(host='localhost', port=80): Failed to establish a new connection: [Errno 111] Connection refused""))"
2026-09-09T20:52:22.218001,1786374210148,GET,http://localhost/api/cicd/status/40665,0,3.91,"HTTPConnectionPool(host='localhost', port=80): Max retries exceeded with url: /api/cicd/status/40665 (Caused by NewConnectionError(""HTTPConnection(host='localhost', port=80): Failed to establish a new connection: [Errno 111] Connection refused""))"
2026-09-09T20:52:22.218332,1786374210148,GET,http://localhost/api/cicd/status/40665,0,5.71,"HTTPConnectionPool(host='localhost', port=80): Max retries exceeded with url: /api/cicd/status/40665 (Caused by NewConnectionError(""HTTPConnection(host='localhost', port=80): Failed to establish a new connection: [Errno 111] Connection refused""))"
2026-09-09T20:52:22.218659,1786374210148,GET,http://localhost/api/cicd/status/40665,0,3.28,"HTTPConnectionPool(host='localhost', port=80): Max retries exceeded with url: /api/cicd/status/40665 (Caused by NewConnectionError(""HTTPConnection(host='localhost', port=80): Failed to establish a new connection: [Errno 111] Connection refused""))"
2026-09-09T20:52:22.218860,1786374210148,GET,http://localhost/api/cicd/status/40665,0,8.63,"HTTPConnectionPool(host='localhost', port=80): Max retries exceeded with url: /api/cicd/status/40665 (Caused by NewConnectionError(""HTTPConnection(host='localhost', port=80): Failed to establish a new connection: [Errno 111] Connection refused""))"
2026-09-09T20:52:22.281068,1786373852673,POST,http://localhost/api/cicd/execute,0,2.17,"HTTPConnectionPool(host='localhost', port=80): Max retries exceeded with url: /api/cicd/execute (Caused by NewConnectionError(""HTTPConnection(host='localhost', port=80): Failed to establish a new connection: [Errno 111] Connection refused""))"
2026-09-09T20:52:22.313401,1786373852673,POST,http://localhost/api/cicd/execute,0,3.06,"HTTPConnectionPool(host='localhost', port=80): Max retries exceeded with url: /api/cicd/execute (Caused by NewConnectionError(""HTTPConnection(host='localhost', port=80): Failed to establish a new connection: [Errno 111] Connection refused""))"
2026-09-09T20:52:22.313731,1786373852673,POST,http://localhost/api/cicd/execute,0,2.07,"HTTPConnectionPool(host='localhost', port=80): Max retries exceeded with url: /api/cicd/execute (Caused by NewConnectionError(""HTTPConnection(host='localhost', port=80): Failed to establish a new connection: [Errno 111] Connection refused""))"
2026-09-09T20:52:22.315635,1786373852673,POST,http://localhost/api/cicd/execute,0,1.61,"HTTPConnectionPool(host='localhost', port=80): Max retries exceeded with url: /api/cicd/execute (Caused by NewConnectionError(""HTTPConnection(host='localhost', port=80): Failed to establish a new connection: [Errno 111] Connection refused""))"
2026-09-09T20:52:22.325153,1786373852673,POST,http://localhost/api/cicd/execute,0,7.62,"HTTPConnectionPool(host='localhost', port=80): Max retries exceeded with url: /api/cicd/execute (Caused by NewConnectionError(""HTTPConnection(host='localhost', port=80): Failed to establish a new connection: [Errno 111] Connection refused""))"
2026-09-09T20:52:22.325755,1786373852673,POST,http://localhost/api/cicd/execute,0,3.78,"HTTPConnectionPool(host='localhost', port=80): Max retries exceeded with url: /api/cicd/execute (Caused by NewConnectionError(""HTTPConnection(host='localhost', port=80): Failed to establish a new connection: [Errno 111] Connection refused""))"
2026-09-09T20:52:22.326164,1786373852673,POST,http://localhost/api/cicd/execute,0,5.35,"HTTPConnectionPool(host='localhost', port=80): Max retries exceeded with url: /api/cicd/execute (Caused by NewConnectionError(""HTTPConnection(host='localhost', port=80): Failed to establish a new connection: [Errno 111] Connection refused""))"
2026-09-09T20:52:22.326486,1786373852673,POST,http://localhost/api/cicd/execute,0,6.76,"HTTPConnectionPool(host='localhost', port=80): Max retries exceeded with url: /api/cicd/execute (Caused by NewConnectionError(""HTTPConnection(host='localhost', port=80): Failed to establish a new connection: [Errno 111] Connection refused""))"
2026-09-09T20:52:22.326874,1786373852673,POST,http://localhost/api/cicd/execute,0,3.58,"HTTPConnectionPool(host='localhost', port=80): Max retries exceeded with url: /api/cicd/execute (Caused by NewConnectionError(""HTTPConnection(host='localhost', port=80): Failed to establish a new connection: [Errno 111] Connection refused""))"
2026-09-09T20:52:22.327171,1786373852673,POST,http://localhost/api/cicd/execute,0,8.57,"HTTPConnectionPool(host='localhost', port=80): Max retries exceeded with url: /api/cicd/execute (Caused by NewConnectionError(""HTTPConnection(host='localhost', port=80): Failed to establish a new connection: [Errno 111] Connection refused""))"
2026-09-09T20:52:22.382853,1786374210148,GET,http://localhost/api/cicd/status/40665,0,1.6,"HTTPConnectionPool(host='localhost', port=80): Max retries exceeded with url: /api/cicd/status/40665 (Caused by NewConnectionError(""HTTPConnection(host='localhost', port=80): Failed to establish a new connection: [Errno 111] Connection refused""))"
2026-09-09T20:52:22.417559,1786374210148,GET,http://localhost/api/cicd/status/40665,0,3.98,"HTTPConnectionPool(host='localhost', port=80): Max retries exceeded with url: /api/cicd/status/40665 (Caused by NewConnectionError(""HTTPConnection(host='localhost', port=80): Failed to establish a new connection: [Errno 111] Connection refused""))"
2026-09-09T20:52:22.418294,1786374210148,GET,http://localhost/api/cicd/status/40665,0,3.48,"HTTPConnectionPool(host='localhost', port=80): Max retries exceeded with url: /api/cicd/status/40665 (Caused by NewConnectionError(""HTTPConnection(host='localhost', port=80): Failed to establish a new connection: [Errno 111] Connection refused""))"
2026-09-09T20:52:22.418463,1786374210148,GET,http://localhost/api/cicd/status/40665,0,2.66,"HTTPConnectionPool(host='localhost', port=80): Max retries exceeded with url: /api/cicd/status/40665 (Caused by NewConnectionError(""HTTPConnection(host='localhost', port=80): Failed to establish a new connection: [Errno 111] Connection refused""))"
2026-09-09T20:52:22.432409,1786374210148,GET,http://localhost/api/cicd/status/40665,0,6.07,"HTTPConnectionPool(host='localhost', port=80): Max retries exceeded with url: /api/cicd/status/40665 (Caused by NewConnectionError(""HTTPConnection(host='localhost', port=80): Failed to establish a new connection: [Errno 111] Connection refused""))"
2026-09-09T20:52:22.433549,1786374210148,GET,http://localhost/api/cicd/status/40665,0,8.22,"HTTPConnectionPool(host='localhost', port=80): Max retries exceeded with url: /api/cicd/status/40665 (Caused by NewConnectionError(""HTTPConnection(host='localhost', port=80): Failed to establish a new connection: [Errno 111] Connection refused""))"
2026-09-09T20:52:22.433849,1786374210148,GET,http://localhost/api/cicd/status/40665,0,6.45,"HTTPConnectionPool(host='localhost', port=80): Max retries exceeded with url: /api/cicd/status/40665 (Caused by NewConnectionError(""HTTPConnection(host='localhost', port=80): Failed to establish a new connection: [Errno 111] Connection refused""))"
2026-09-09T20:52:22.434238,1786374210148,GET,http://localhost/api/cicd/status/40665,0,5.69,"HTTPConnectionPool(host='localhost', port=80): Max retries exceeded with url: /api/cicd/status/40665 (Caused by NewConnectionError(""HTTPConnection(host='localhost', port=80): Failed to establish a new connection: [Errno 111] Connection refused""))"
2026-09-09T20:52:22.434538,1786374210148,GET,http://localhost/api/cicd/status/40665,0,4.9,"HTTPConnectionPool(host='localhost', port=80): Max retries exceeded with url: /api/cicd/status/40665 (Caused by NewConnectionError(""HTTPConnection(host='localhost', port=80): Failed to establish a new connection: [Errno 111] Connection refused""))"
2026-09-09T20:52:22.434824,1786374210148,GET,http://localhost/api/cicd/status/40665,0,3.97,"HTTPConnectionPool(host='localhost', port=80): Max retries exceeded with url: /api/cicd/status/40665 (Caused by NewConnectionError(""HTTPConnection(host='localhost', port=80): Failed to establish a new connection: [Errno 111] Connection refused""))"
2026-09-09T20:52:22.484694,1786373852673,POST,http://localhost/api/cicd/execute,0,1.65,"HTTPConnectionPool(host='localhost', port=80): Max retries exceeded with url: /api/cicd/execute (Caused by NewConnectionError(""HTTPConnection(host='localhost', port=80): Failed to establish a new connection: [Errno 111] Connection refused""))"
2026-09-09T20:52:22.520816,1786373852673,POST,http://localhost/api/cicd/execute,0,3.11,"HTTPConnectionPool(host='localhost', port=80): Max retries exceeded with url: /api/cicd/execute (Caused by NewConnectionError(""HTTPConnection(host='localhost', port=80): Failed to establish a new connection: [Errno 111] Connection refused""))"
2026-09-09T20:52:22.520986,1786373852673,POST,http://localhost/api/cicd/execute,0,2.38,"HTTPConnectionPool(host='localhost', port=80): Max retries exceeded with url: /api/cicd/execute (Caused by NewConnectionError(""HTTPConnection(host='localhost', port=80): Failed to establish a new connection: [Errno 111] Connection refused""))"
2026-09-09T20:52:22.521457,1786373852673,POST,http://localhost/api/cicd/execute,0,2.15,"HTTPConnectionPool(host='localhost', port=80): Max retries exceeded with url: /api/cicd/execute (Caused by NewConnectionError(""HTTPConnection(host='localhost', port=80): Failed to establish a new connection: [Errno 111] Connection refused""))"
2026-09-09T20:52:22.534414,1786373852673,POST,http://localhost/api/cicd/execute,0,1.84,"HTTPConnectionPool(host='localhost', port=80): Max retries exceeded with url: /api/cicd/execute (Caused by NewConnectionError(""HTTPConnection(host='localhost', port=80): Failed to establish a new connection: [Errno 111] Connection refused""))"
2026-09-09T20:52:22.539769,1786373852673,POST,http://localhost/api/cicd/execute,0,6.1,"HTTPConnectionPool(host='localhost', port=80): Max retries exceeded with url: /api/cicd/execute (Caused by NewConnectionError(""HTTPConnection(host='localhost', port=80): Failed to establish a new connection: [Errno 111] Connection refused""))"
2026-09-09T20:52:22.540427,1786373852673,POST,http://localhost/api/cicd/execute,0,4.43,"HTTPConnectionPool(host='localhost', port=80): Max retries exceeded with url: /api/cicd/execute (Caused by NewConnectionError(""HTTPConnection(host='localhost', port=80): Failed to establish a new connection: [Errno 111] Connection refused""))"
2026-09-09T20:52:22.540622,1786373852673,POST,http://localhost/api/cicd/execute,0,6.14,"HTTPConnectionPool(host='localhost', port=80): Max retries exceeded with url: /api/cicd/execute (Caused by NewConnectionError(""HTTPConnection(host='localhost', port=80): Failed to establish a new connection: [Errno 111] Connection refused""))"
2026-09-09T20:52:22.540993,1786373852673,POST,http://localhost/api/cicd/execute,0,3.83,"HTTPConnectionPool(host='localhost', port=80): Max retries exceeded with url: /api/cicd/execute (Caused by NewConnectionError(""HTTPConnection(host='localhost', port=80): Failed to establish a new connection: [Errno 111] Connection refused""))"
2026-09-09T20:52:22.541242,1786373852673,POST,http://localhost/api/cicd/execute,0,2.83,"HTTPConnectionPool(host='localhost', port=80): Max retries exceeded with url: /api/cicd/execute (Caused by NewConnectionError(""HTTPConnection(host='localhost', port=80): Failed to establish a new connection: [Errno 111] Connection refused""))"
2026-09-09T20:52:22.586553,1786374210148,GET,http://localhost/api/cicd/status/40665,0,1.66,"HTTPConnectionPool(host='localhost', port=80): Max retries exceeded with url: /api/cicd/status/40665 (Caused by NewConnectionError(""HTTPConnection(host='localhost', port=80): Failed to establish a new connection: [Errno 111] Connection refused""))"
2026-09-09T20:52:22.624845,1786374210148,GET,http://localhost/api/cicd/status/40665,0,3.84,"HTTPConnectionPool(host='localhost', port=80): Max retries exceeded with url: /api/cicd/status/40665 (Caused by NewConnectionError(""HTTPConnection(host='localhost', port=80): Failed to establish a new connection: [Errno 111] Connection refused""))"
2026-09-09T20:52:22.625271,1786374210148,GET,http://localhost/api/cicd/status/40665,0,2.96,"HTTPConnectionPool(host='localhost', port=80): Max retries exceeded with url: /api/cicd/status/40665 (Caused by NewConnectionError(""HTTPConnection(host='localhost', port=80): Failed to establish a new connection: [Errno 111] Connection refused""))"
2026-09-09T20:52:22.625637,1786374210148,GET,http://localhost/api/cicd/status/40665,0,2.26,"HTTPConnectionPool(host='localhost', port=80): Max retries exceeded with url: /api/cicd/status/40665 (Caused by NewConnectionError(""HTTPConnection(host='localhost', port=80): Failed to establish a new connection: [Errno 111] Connection refused""))"
2026-09-09T20:52:22.636208,1786374210148,GET,http://localhost/api/cicd/status/40665,0,1.63,"HTTPConnectionPool(host='localhost', port=80): Max retries exceeded with url: /api/cicd/status/40665 (Caused by NewConnectionError(""HTTPConnection(host='localhost', port=80): Failed to establish a new connection: [Errno 111] Connection refused""))"
2026-09-09T20:52:22.646688,1786374210148,GET,http://localhost/api/cicd/status/40665,0,6.76,"HTTPConnectionPool(host='localhost', port=80): Max retries exceeded with url: /api/cicd/status/40665 (Caused by NewConnectionError(""HTTPConnection(host='localhost', port=80): Failed to establish a new connection: [Errno 111] Connection refused""))"
2026-09-09T20:52:22.647289,1786374210148,GET,http://localhost/api/cicd/status/40665,0,6.28,"HTTPConnectionPool(host='localhost', port=80): Max retries exceeded with url: /api/cicd/status/40665 (Caused by NewConnectionError(""HTTPConnection(host='localhost', port=80): Failed to establish a new connection: [Errno 111] Connection refused""))"
2026-09-09T20:52:22.647515,1786374210148,GET,http://localhost/api/cicd/status/40665,0,3.09,"HTTPConnectionPool(host='localhost', port=80): Max retries exceeded with url: /api/cicd/status/40665 (Caused by NewConnectionError(""HTTPConnection(host='localhost', port=80): Failed to establish a new connection: [Errno 111] Connection refused""))"
2026-09-09T20:52:22.647852,1786374210148,GET,http://localhost/api/cicd/status/40665,0,4.55,"HTTPConnectionPool(host='localhost', port=80): Max retries exceeded with url: /api/cicd/status/40665 (Caused by NewConnectionError(""HTTPConnection(host='localhost', port=80): Failed to establish a new connection: [Errno 111] Connection refused""))"
2026-09-09T20:52:22.648114,1786374210148,GET,http://localhost/api/cicd/status/40665,0,6.06,"HTTPConnectionPool(host='localhost', port=80): Max retries exceeded with url: /api/cicd/status/40665 (Caused by NewConnectionError(""HTTPConnection(host='localhost', port=80): Failed to establish a new connection: [Errno 111] Connection refused""))"
2026-09-09T20:52:22.691509,1786373852673,POST,http://localhost/api/cicd/execute,0,4.77,"HTTPConnectionPool(host='localhost', port=80): Max retries exceeded with url: /api/cicd/execute (Caused by NewConnectionError(""HTTPConnection(host='localhost', port=80): Failed to establish a new connection: [Errno 111] Connection refused""))"
2026-09-09T20:52:22.729069,1786373852673,POST,http://localhost/api/cicd/execute,0,4.01,"HTTPConnectionPool(host='localhost', port=80): Max retries exceeded with url: /api/cicd/execute (Caused by NewConnectionError(""HTTPConnection(host='localhost', port=80): Failed to establish a new connection: [Errno 111] Connection refused""))"
2026-09-09T20:52:22.729448,1786373852673,POST,http://localhost/api/cicd/execute,0,3.02,"HTTPConnectionPool(host='localhost', port=80): Max retries exceeded with url: /api/cicd/execute (Caused by NewConnectionError(""HTTPConnection(host='localhost', port=80): Failed to establish a new connection: [Errno 111] Connection refused""))"
2026-09-09T20:52:22.729739,1786373852673,POST,http://localhost/api/cicd/execute,0,2.18,"HTTPConnectionPool(host='localhost', port=80): Max retries exceeded with url: /api/cicd/execute (Caused by NewConnectionError(""HTTPConnection(host='localhost', port=80): Failed to establish a new connection: [Errno 111] Connection refused""))"
2026-09-09T20:52:22.737989,1786373852673,POST,http://localhost/api/cicd/execute,0,1.63,"HTTPConnectionPool(host='localhost', port=80): Max retries exceeded with url: /api/cicd/execute (Caused by NewConnectionError(""HTTPConnection(host='localhost', port=80): Failed to establish a new connection: [Errno 111] Connection refused""))"
2026-09-09T20:52:22.754432,1786373852673,POST,http://localhost/api/cicd/execute,0,3.47,"HTTPConnectionPool(host='localhost', port=80): Max retries exceeded with url: /api/cicd/execute (Caused by NewConnectionError(""HTTPConnection(host='localhost', port=80): Failed to establish a new connection: [Errno 111] Connection refused""))"
2026-09-09T20:52:22.754797,1786373852673,POST,http://localhost/api/cicd/execute,0,4.98,"HTTPConnectionPool(host='localhost', port=80): Max retries exceeded with url: /api/cicd/execute (Caused by NewConnectionError(""HTTPConnection(host='localhost', port=80): Failed to establish a new connection: [Errno 111] Connection refused""))"
2026-09-09T20:52:22.755111,1786373852673,POST,http://localhost/api/cicd/execute,0,8.22,"HTTPConnectionPool(host='localhost', port=80): Max retries exceeded with url: /api/cicd/execute (Caused by NewConnectionError(""HTTPConnection(host='localhost', port=80): Failed to establish a new connection: [Errno 111] Connection refused""))"
2026-09-09T20:52:22.755444,1786373852673,POST,http://localhost/api/cicd/execute,0,7.23,"HTTPConnectionPool(host='localhost', port=80): Max retries exceeded with url: /api/cicd/execute (Caused by NewConnectionError(""HTTPConnection(host='localhost', port=80): Failed to establish a new connection: [Errno 111] Connection refused""))"
2026-09-09T20:52:22.755735,1786373852673,POST,http://localhost/api/cicd/execute,0,3.61,"HTTPConnectionPool(host='localhost', port=80): Max retries exceeded with url: /api/cicd/execute (Caused by NewConnectionError(""HTTPConnection(host='localhost', port=80): Failed to establish a new connection: [Errno 111] Connection refused""))"
2026-09-09T20:52:22.793368,1786374210148,GET,http://localhost/api/cicd/status/40665,0,1.67,"HTTPConnectionPool(host='localhost', port=80): Max retries exceeded with url: /api/cicd/status/40665 (Caused by NewConnectionError(""HTTPConnection(host='localhost', port=80): Failed to establish a new connection: [Errno 111] Connection refused""))"
2026-09-09T20:52:22.833367,1786374210148,GET,http://localhost/api/cicd/status/40665,0,4.14,"HTTPConnectionPool(host='localhost', port=80): Max retries exceeded with url: /api/cicd/status/40665 (Caused by NewConnectionError(""HTTPConnection(host='localhost', port=80): Failed to establish a new connection: [Errno 111] Connection refused""))"
2026-09-09T20:52:22.833699,1786374210148,GET,http://localhost/api/cicd/status/40665,0,3.19,"HTTPConnectionPool(host='localhost', port=80): Max retries exceeded with url: /api/cicd/status/40665 (Caused by NewConnectionError(""HTTPConnection(host='localhost', port=80): Failed to establish a new connection: [Errno 111] Connection refused""))"
2026-09-09T20:52:22.833951,1786374210148,GET,http://localhost/api/cicd/status/40665,0,2.32,"HTTPConnectionPool(host='localhost', port=80): Max retries exceeded with url: /api/cicd/status/40665 (Caused by NewConnectionError(""HTTPConnection(host='localhost', port=80): Failed to establish a new connection: [Errno 111] Connection refused""))"
2026-09-09T20:52:22.839723,1786374210148,GET,http://localhost/api/cicd/status/40665,0,1.55,"HTTPConnectionPool(host='localhost', port=80): Max retries exceeded with url: /api/cicd/status/40665 (Caused by NewConnectionError(""HTTPConnection(host='localhost', port=80): Failed to establish a new connection: [Errno 111] Connection refused""))"
2026-09-09T20:52:22.861416,1786374210148,GET,http://localhost/api/cicd/status/40665,0,2.09,"HTTPConnectionPool(host='localhost', port=80): Max retries exceeded with url: /api/cicd/status/40665 (Caused by NewConnectionError(""HTTPConnection(host='localhost', port=80): Failed to establish a new connection: [Errno 111] Connection refused""))"
2026-09-09T20:52:22.861835,1786374210148,GET,http://localhost/api/cicd/status/40665,0,7.24,"HTTPConnectionPool(host='localhost', port=80): Max retries exceeded with url: /api/cicd/status/40665 (Caused by NewConnectionError(""HTTPConnection(host='localhost', port=80): Failed to establish a new connection: [Errno 111] Connection refused""))"
2026-09-09T20:52:22.862167,1786374210148,GET,http://localhost/api/cicd/status/40665,0,5.08,"HTTPConnectionPool(host='localhost', port=80): Max retries exceeded with url: /api/cicd/status/40665 (Caused by NewConnectionError(""HTTPConnection(host='localhost', port=80): Failed to establish a new connection: [Errno 111] Connection refused""))"
2026-09-09T20:52:22.862438,1786374210148,GET,http://localhost/api/cicd/status/40665,0,6.76,"HTTPConnectionPool(host='localhost', port=80): Max retries exceeded with url: /api/cicd/status/40665 (Caused by NewConnectionError(""HTTPConnection(host='localhost', port=80): Failed to establish a new connection: [Errno 111] Connection refused""))"
2026-09-09T20:52:22.862696,1786374210148,GET,http://localhost/api/cicd/status/40665,0,4.57,"HTTPConnectionPool(host='localhost', port=80): Max retries exceeded with url: /api/cicd/status/40665 (Caused by NewConnectionError(""HTTPConnection(host='localhost', port=80): Failed to establish a new connection: [Errno 111] Connection refused""))"
2026-09-09T20:52:22.895212,1786373852673,POST,http://localhost/api/cicd/execute,0,1.66,"HTTPConnectionPool(host='localhost', port=80): Max retries exceeded with url: /api/cicd/execute (Caused by NewConnectionError(""HTTPConnection(host='localhost', port=80): Failed to establish a new connection: [Errno 111] Connection refused""))"
2026-09-09T20:52:22.937732,1786373852673,POST,http://localhost/api/cicd/execute,0,4.2,"HTTPConnectionPool(host='localhost', port=80): Max retries exceeded with url: /api/cicd/execute (Caused by NewConnectionError(""HTTPConnection(host='localhost', port=80): Failed to establish a new connection: [Errno 111] Connection refused""))"
2026-09-09T20:52:22.938198,1786373852673,POST,http://localhost/api/cicd/execute,0,2.37,"HTTPConnectionPool(host='localhost', port=80): Max retries exceeded with url: /api/cicd/execute (Caused by NewConnectionError(""HTTPConnection(host='localhost', port=80): Failed to establish a new connection: [Errno 111] Connection refused""))"
2026-09-09T20:52:22.938536,1786373852673,POST,http://localhost/api/cicd/execute,0,3.81,"HTTPConnectionPool(host='localhost', port=80): Max retries exceeded with url: /api/cicd/execute (Caused by NewConnectionError(""HTTPConnection(host='localhost', port=80): Failed to establish a new connection: [Errno 111] Connection refused""))"
2026-09-09T20:52:22.941558,1786373852673,POST,http://localhost/api/cicd/execute,0,1.69,"HTTPConnectionPool(host='localhost', port=80): Max retries exceeded with url: /api/cicd/execute (Caused by NewConnectionError(""HTTPConnection(host='localhost', port=80): Failed to establish a new connection: [Errno 111] Connection refused""))"
2026-09-09T20:52:22.968821,1786373852673,POST,http://localhost/api/cicd/execute,0,7.23,"HTTPConnectionPool(host='localhost', port=80): Max retries exceeded with url: /api/cicd/execute (Caused by NewConnectionError(""HTTPConnection(host='localhost', port=80): Failed to establish a new connection: [Errno 111] Connection refused""))"
2026-09-09T20:52:22.969246,1786373852673,POST,http://localhost/api/cicd/execute,0,3.91,"HTTPConnectionPool(host='localhost', port=80): Max retries exceeded with url: /api/cicd/execute (Caused by NewConnectionError(""HTTPConnection(host='localhost', port=80): Failed to establish a new connection: [Errno 111] Connection refused""))"
2026-09-09T20:52:22.969689,1786373852673,POST,http://localhost/api/cicd/execute,0,6.93,"HTTPConnectionPool(host='localhost', port=80): Max retries exceeded with url: /api/cicd/execute (Caused by NewConnectionError(""HTTPConnection(host='localhost', port=80): Failed to establish a new connection: [Errno 111] Connection refused""))"
2026-09-09T20:52:22.969971,1786373852673,POST,http://localhost/api/cicd/execute,0,5.71,"HTTPConnectionPool(host='localhost', port=80): Max retries exceeded with url: /api/cicd/execute (Caused by NewConnectionError(""HTTPConnection(host='localhost', port=80): Failed to establish a new connection: [Errno 111] Connection refused""))"
2026-09-09T20:52:22.970292,1786373852673,POST,http://localhost/api/cicd/execute,0,3.88,"HTTPConnectionPool(host='localhost', port=80): Max retries exceeded with url: /api/cicd/execute (Caused by NewConnectionError(""HTTPConnection(host='localhost', port=80): Failed to establish a new connection: [Errno 111] Connection refused""))"
2026-09-09T20:52:22.997195,1786374210148,GET,http://localhost/api/cicd/status/40665,0,1.79,"HTTPConnectionPool(host='localhost', port=80): Max retries exceeded with url: /api/cicd/status/40665 (Caused by NewConnectionError(""HTTPConnection(host='localhost', port=80): Failed to establish a new connection: [Errno 111] Connection refused""))"
2026-09-09T20:52:23.043550,1786374210148,GET,http://localhost/api/cicd/status/40665,0,5.63,"HTTPConnectionPool(host='localhost', port=80): Max retries exceeded with url: /api/cicd/status/40665 (Caused by NewConnectionError(""HTTPConnection(host='localhost', port=80): Failed to establish a new connection: [Errno 111] Connection refused""))"
2026-09-09T20:52:23.043861,1786374210148,GET,http://localhost/api/cicd/status/40665,0,3.59,"HTTPConnectionPool(host='localhost', port=80): Max retries exceeded with url: /api/cicd/status/40665 (Caused by NewConnectionError(""HTTPConnection(host='localhost', port=80): Failed to establish a new connection: [Errno 111] Connection refused""))"
2026-09-09T20:52:23.044296,1786374210148,GET,http://localhost/api/cicd/status/40665,0,5.18,"HTTPConnectionPool(host='localhost', port=80): Max retries exceeded with url: /api/cicd/status/40665 (Caused by NewConnectionError(""HTTPConnection(host='localhost', port=80): Failed to establish a new connection: [Errno 111] Connection refused""))"
2026-09-09T20:52:23.044674,1786374210148,GET,http://localhost/api/cicd/status/40665,0,2.96,"HTTPConnectionPool(host='localhost', port=80): Max retries exceeded with url: /api/cicd/status/40665 (Caused by NewConnectionError(""HTTPConnection(host='localhost', port=80): Failed to establish a new connection: [Errno 111] Connection refused""))"
2026-09-09T20:52:23.076091,1786374210148,GET,http://localhost/api/cicd/status/40665,0,4.55,"HTTPConnectionPool(host='localhost', port=80): Max retries exceeded with url: /api/cicd/status/40665 (Caused by NewConnectionError(""HTTPConnection(host='localhost', port=80): Failed to establish a new connection: [Errno 111] Connection refused""))"
2026-09-09T20:52:23.076461,1786374210148,GET,http://localhost/api/cicd/status/40665,0,6.07,"HTTPConnectionPool(host='localhost', port=80): Max retries exceeded with url: /api/cicd/status/40665 (Caused by NewConnectionError(""HTTPConnection(host='localhost', port=80): Failed to establish a new connection: [Errno 111] Connection refused""))"
2026-09-09T20:52:23.076894,1786374210148,GET,http://localhost/api/cicd/status/40665,0,3.1,"HTTPConnectionPool(host='localhost', port=80): Max retries exceeded with url: /api/cicd/status/40665 (Caused by NewConnectionError(""HTTPConnection(host='localhost', port=80): Failed to establish a new connection: [Errno 111] Connection refused""))"
2026-09-09T20:52:23.077296,1786374210148,GET,http://localhost/api/cicd/status/40665,0,8.3,"HTTPConnectionPool(host='localhost', port=80): Max retries exceeded with url: /api/cicd/status/40665 (Caused by NewConnectionError(""HTTPConnection(host='localhost', port=80): Failed to establish a new connection: [Errno 111] Connection refused""))"
2026-09-09T20:52:23.077633,1786374210148,GET,http://localhost/api/cicd/status/40665,0,4.97,"HTTPConnectionPool(host='localhost', port=80): Max retries exceeded with url: /api/cicd/status/40665 (Caused by NewConnectionError(""HTTPConnection(host='localhost', port=80): Failed to establish a new connection: [Errno 111] Connection refused""))"
2026-09-09T20:52:23.099246,1786373852673,POST,http://localhost/api/cicd/execute,0,1.85,"HTTPConnectionPool(host='localhost', port=80): Max retries exceeded with url: /api/cicd/execute (Caused by NewConnectionError(""HTTPConnection(host='localhost', port=80): Failed to establish a new connection: [Errno 111] Connection refused""))"
2026-09-09T20:52:23.149779,1786373852673,POST,http://localhost/api/cicd/execute,0,6.04,"HTTPConnectionPool(host='localhost', port=80): Max retries exceeded with url: /api/cicd/execute (Caused by NewConnectionError(""HTTPConnection(host='localhost', port=80): Failed to establish a new connection: [Errno 111] Connection refused""))"
2026-09-09T20:52:23.150224,1786373852673,POST,http://localhost/api/cicd/execute,0,5.22,"HTTPConnectionPool(host='localhost', port=80): Max retries exceeded with url: /api/cicd/execute (Caused by NewConnectionError(""HTTPConnection(host='localhost', port=80): Failed to establish a new connection: [Errno 111] Connection refused""))"
2026-09-09T20:52:23.150493,1786373852673,POST,http://localhost/api/cicd/execute,0,4.16,"HTTPConnectionPool(host='localhost', port=80): Max retries exceeded with url: /api/cicd/execute (Caused by NewConnectionError(""HTTPConnection(host='localhost', port=80): Failed to establish a new connection: [Errno 111] Connection refused""))"
2026-09-09T20:52:23.151064,1786373852673,POST,http://localhost/api/cicd/execute,0,3.62,"HTTPConnectionPool(host='localhost', port=80): Max retries exceeded with url: /api/cicd/execute (Caused by NewConnectionError(""HTTPConnection(host='localhost', port=80): Failed to establish a new connection: [Errno 111] Connection refused""))"
2026-09-09T20:52:23.183535,1786373852673,POST,http://localhost/api/cicd/execute,0,3.71,"HTTPConnectionPool(host='localhost', port=80): Max retries exceeded with url: /api/cicd/execute (Caused by NewConnectionError(""HTTPConnection(host='localhost', port=80): Failed to establish a new connection: [Errno 111] Connection refused""))"
2026-09-09T20:52:23.183826,1786373852673,POST,http://localhost/api/cicd/execute,0,7.51,"HTTPConnectionPool(host='localhost', port=80): Max retries exceeded with url: /api/cicd/execute (Caused by NewConnectionError(""HTTPConnection(host='localhost', port=80): Failed to establish a new connection: [Errno 111] Connection refused""))"
2026-09-09T20:52:23.184372,1786373852673,POST,http://localhost/api/cicd/execute,0,5.67,"HTTPConnectionPool(host='localhost', port=80): Max retries exceeded with url: /api/cicd/execute (Caused by NewConnectionError(""HTTPConnection(host='localhost', port=80): Failed to establish a new connection: [Errno 111] Connection refused""))"
2026-09-09T20:52:23.184608,1786373852673,POST,http://localhost/api/cicd/execute,0,7.14,"HTTPConnectionPool(host='localhost', port=80): Max retries exceeded with url: /api/cicd/execute (Caused by NewConnectionError(""HTTPConnection(host='localhost', port=80): Failed to establish a new connection: [Errno 111] Connection refused""))"
2026-09-09T20:52:23.185169,1786373852673,POST,http://localhost/api/cicd/execute,0,3.65,"HTTPConnectionPool(host='localhost', port=80): Max retries exceeded with url: /api/cicd/execute (Caused by NewConnectionError(""HTTPConnection(host='localhost', port=80): Failed to establish a new connection: [Errno 111] Connection refused""))"
2026-09-09T20:52:23.201232,1786374210148,GET,http://localhost/api/cicd/status/40665,0,1.79,"HTTPConnectionPool(host='localhost', port=80): Max retries exceeded with url: /api/cicd/status/40665 (Caused by NewConnectionError(""HTTPConnection(host='localhost', port=80): Failed to establish a new connection: [Errno 111] Connection refused""))"
2026-09-09T20:52:23.255691,1786374210148,GET,http://localhost/api/cicd/status/40665,0,5.72,"HTTPConnectionPool(host='localhost', port=80): Max retries exceeded with url: /api/cicd/status/40665 (Caused by NewConnectionError(""HTTPConnection(host='localhost', port=80): Failed to establish a new connection: [Errno 111] Connection refused""))"
2026-09-09T20:52:23.256338,1786374210148,GET,http://localhost/api/cicd/status/40665,0,5.13,"HTTPConnectionPool(host='localhost', port=80): Max retries exceeded with url: /api/cicd/status/40665 (Caused by NewConnectionError(""HTTPConnection(host='localhost', port=80): Failed to establish a new connection: [Errno 111] Connection refused""))"
2026-09-09T20:52:23.256584,1786374210148,GET,http://localhost/api/cicd/status/40665,0,3.13,"HTTPConnectionPool(host='localhost', port=80): Max retries exceeded with url: /api/cicd/status/40665 (Caused by NewConnectionError(""HTTPConnection(host='localhost', port=80): Failed to establish a new connection: [Errno 111] Connection refused""))"
2026-09-09T20:52:23.256969,1786374210148,GET,http://localhost/api/cicd/status/40665,0,4.61,"HTTPConnectionPool(host='localhost', port=80): Max retries exceeded with url: /api/cicd/status/40665 (Caused by NewConnectionError(""HTTPConnection(host='localhost', port=80): Failed to establish a new connection: [Errno 111] Connection refused""))"
2026-09-09T20:52:23.290462,1786374210148,GET,http://localhost/api/cicd/status/40665,0,5.57,"HTTPConnectionPool(host='localhost', port=80): Max retries exceeded with url: /api/cicd/status/40665 (Caused by NewConnectionError(""HTTPConnection(host='localhost', port=80): Failed to establish a new connection: [Errno 111] Connection refused""))"
2026-09-09T20:52:23.290923,1786374210148,GET,http://localhost/api/cicd/status/40665,0,7.2,"HTTPConnectionPool(host='localhost', port=80): Max retries exceeded with url: /api/cicd/status/40665 (Caused by NewConnectionError(""HTTPConnection(host='localhost', port=80): Failed to establish a new connection: [Errno 111] Connection refused""))"
2026-09-09T20:52:23.291156,1786374210148,GET,http://localhost/api/cicd/status/40665,0,5.12,"HTTPConnectionPool(host='localhost', port=80): Max retries exceeded with url: /api/cicd/status/40665 (Caused by NewConnectionError(""HTTPConnection(host='localhost', port=80): Failed to establish a new connection: [Errno 111] Connection refused""))"
2026-09-09T20:52:23.291687,1786374210148,GET,http://localhost/api/cicd/status/40665,0,3.34,"HTTPConnectionPool(host='localhost', port=80): Max retries exceeded with url: /api/cicd/status/40665 (Caused by NewConnectionError(""HTTPConnection(host='localhost', port=80): Failed to establish a new connection: [Errno 111] Connection refused""))"
2026-09-09T20:52:23.291959,1786374210148,GET,http://localhost/api/cicd/status/40665,0,4.79,"HTTPConnectionPool(host='localhost', port=80): Max retries exceeded with url: /api/cicd/status/40665 (Caused by NewConnectionError(""HTTPConnection(host='localhost', port=80): Failed to establish a new connection: [Errno 111] Connection refused""))"
2026-09-09T20:52:23.303281,1786373852673,POST,http://localhost/api/cicd/execute,0,1.84,"HTTPConnectionPool(host='localhost', port=80): Max retries exceeded with url: /api/cicd/execute (Caused by NewConnectionError(""HTTPConnection(host='localhost', port=80): Failed to establish a new connection: [Errno 111] Connection refused""))"
2026-09-09T20:52:23.361918,1786373852673,POST,http://localhost/api/cicd/execute,0,4.8,"HTTPConnectionPool(host='localhost', port=80): Max retries exceeded with url: /api/cicd/execute (Caused by NewConnectionError(""HTTPConnection(host='localhost', port=80): Failed to establish a new connection: [Errno 111] Connection refused""))"
2026-09-09T20:52:23.362237,1786373852673,POST,http://localhost/api/cicd/execute,0,3.97,"HTTPConnectionPool(host='localhost', port=80): Max retries exceeded with url: /api/cicd/execute (Caused by NewConnectionError(""HTTPConnection(host='localhost', port=80): Failed to establish a new connection: [Errno 111] Connection refused""))"
2026-09-09T20:52:23.362603,1786373852673,POST,http://localhost/api/cicd/execute,0,3.16,"HTTPConnectionPool(host='localhost', port=80): Max retries exceeded with url: /api/cicd/execute (Caused by NewConnectionError(""HTTPConnection(host='localhost', port=80): Failed to establish a new connection: [Errno 111] Connection refused""))"
2026-09-09T20:52:23.362827,1786373852673,POST,http://localhost/api/cicd/execute,0,6.95,"HTTPConnectionPool(host='localhost', port=80): Max retries exceeded with url: /api/cicd/execute (Caused by NewConnectionError(""HTTPConnection(host='localhost', port=80): Failed to establish a new connection: [Errno 111] Connection refused""))"
2026-09-09T20:52:23.397575,1786373852673,POST,http://localhost/api/cicd/execute,0,5.74,"HTTPConnectionPool(host='localhost', port=80): Max retries exceeded with url: /api/cicd/execute (Caused by NewConnectionError(""HTTPConnection(host='localhost', port=80): Failed to establish a new connection: [Errno 111] Connection refused""))"
2026-09-09T20:52:23.398220,1786373852673,POST,http://localhost/api/cicd/execute,0,2.79,"HTTPConnectionPool(host='localhost', port=80): Max retries exceeded with url: /api/cicd/execute (Caused by NewConnectionError(""HTTPConnection(host='localhost', port=80): Failed to establish a new connection: [Errno 111] Connection refused""))"
2026-09-09T20:52:23.398594,1786373852673,POST,http://localhost/api/cicd/execute,0,7.93,"HTTPConnectionPool(host='localhost', port=80): Max retries exceeded with url: /api/cicd/execute (Caused by NewConnectionError(""HTTPConnection(host='localhost', port=80): Failed to establish a new connection: [Errno 111] Connection refused""))"
2026-09-09T20:52:23.398922,1786373852673,POST,http://localhost/api/cicd/execute,0,4.77,"HTTPConnectionPool(host='localhost', port=80): Max retries exceeded with url: /api/cicd/execute (Caused by NewConnectionError(""HTTPConnection(host='localhost', port=80): Failed to establish a new connection: [Errno 111] Connection refused""))"
2026-09-09T20:52:23.399304,1786373852673,POST,http://localhost/api/cicd/execute,0,6.36,"HTTPConnectionPool(host='localhost', port=80): Max retries exceeded with url: /api/cicd/execute (Caused by NewConnectionError(""HTTPConnection(host='localhost', port=80): Failed to establish a new connection: [Errno 111] Connection refused""))"
2026-09-09T20:52:23.405278,1786374210148,GET,http://localhost/api/cicd/status/40665,0,1.8,"HTTPConnectionPool(host='localhost', port=80): Max retries exceeded with url: /api/cicd/status/40665 (Caused by NewConnectionError(""HTTPConnection(host='localhost', port=80): Failed to establish a new connection: [Errno 111] Connection refused""))"
2026-09-09T20:52:23.472790,1786374210148,GET,http://localhost/api/cicd/status/40665,0,10.68,"HTTPConnectionPool(host='localhost', port=80): Max retries exceeded with url: /api/cicd/status/40665 (Caused by NewConnectionError(""HTTPConnection(host='localhost', port=80): Failed to establish a new connection: [Errno 111] Connection refused""))"
2026-09-09T20:52:23.473047,1786374210148,GET,http://localhost/api/cicd/status/40665,0,3.02,"HTTPConnectionPool(host='localhost', port=80): Max retries exceeded with url: /api/cicd/status/40665 (Caused by NewConnectionError(""HTTPConnection(host='localhost', port=80): Failed to establish a new connection: [Errno 111] Connection refused""))"
2026-09-09T20:52:23.473293,1786374210148,GET,http://localhost/api/cicd/status/40665,0,8.82,"HTTPConnectionPool(host='localhost', port=80): Max retries exceeded with url: /api/cicd/status/40665 (Caused by NewConnectionError(""HTTPConnection(host='localhost', port=80): Failed to establish a new connection: [Errno 111] Connection refused""))"
2026-09-09T20:52:23.473621,1786374210148,GET,http://localhost/api/cicd/status/40665,0,10.26,"HTTPConnectionPool(host='localhost', port=80): Max retries exceeded with url: /api/cicd/status/40665 (Caused by NewConnectionError(""HTTPConnection(host='localhost', port=80): Failed to establish a new connection: [Errno 111] Connection refused""))"
2026-09-09T20:52:23.504603,1786374210148,GET,http://localhost/api/cicd/status/40665,0,4.59,"HTTPConnectionPool(host='localhost', port=80): Max retries exceeded with url: /api/cicd/status/40665 (Caused by NewConnectionError(""HTTPConnection(host='localhost', port=80): Failed to establish a new connection: [Errno 111] Connection refused""))"
2026-09-09T20:52:23.504840,1786374210148,GET,http://localhost/api/cicd/status/40665,0,3.64,"HTTPConnectionPool(host='localhost', port=80): Max retries exceeded with url: /api/cicd/status/40665 (Caused by NewConnectionError(""HTTPConnection(host='localhost', port=80): Failed to establish a new connection: [Errno 111] Connection refused""))"
2026-09-09T20:52:23.505088,1786374210148,GET,http://localhost/api/cicd/status/40665,0,6.23,"HTTPConnectionPool(host='localhost', port=80): Max retries exceeded with url: /api/cicd/status/40665 (Caused by NewConnectionError(""HTTPConnection(host='localhost', port=80): Failed to establish a new connection: [Errno 111] Connection refused""))"
2026-09-09T20:52:23.505550,1786374210148,GET,http://localhost/api/cicd/status/40665,0,3.2,"HTTPConnectionPool(host='localhost', port=80): Max retries exceeded with url: /api/cicd/status/40665 (Caused by NewConnectionError(""HTTPConnection(host='localhost', port=80): Failed to establish a new connection: [Errno 111] Connection refused""))"
2026-09-09T20:52:23.505857,1786374210148,GET,http://localhost/api/cicd/status/40665,0,8.1,"HTTPConnectionPool(host='localhost', port=80): Max retries exceeded with url: /api/cicd/status/40665 (Caused by NewConnectionError(""HTTPConnection(host='localhost', port=80): Failed to establish a new connection: [Errno 111] Connection refused""))"
2026-09-09T20:52:23.507764,1786373852673,POST,http://localhost/api/cicd/execute,0,1.76,"HTTPConnectionPool(host='localhost', port=80): Max retries exceeded with url: /api/cicd/execute (Caused by NewConnectionError(""HTTPConnection(host='localhost', port=80): Failed to establish a new connection: [Errno 111] Connection refused""))"
2026-09-09T20:52:23.578557,1786373852673,POST,http://localhost/api/cicd/execute,0,5.58,"HTTPConnectionPool(host='localhost', port=80): Max retries exceeded with url: /api/cicd/execute (Caused by NewConnectionError(""HTTPConnection(host='localhost', port=80): Failed to establish a new connection: [Errno 111] Connection refused""))"
2026-09-09T20:52:23.578975,1786373852673,POST,http://localhost/api/cicd/execute,0,3.65,"HTTPConnectionPool(host='localhost', port=80): Max retries exceeded with url: /api/cicd/execute (Caused by NewConnectionError(""HTTPConnection(host='localhost', port=80): Failed to establish a new connection: [Errno 111] Connection refused""))"
2026-09-09T20:52:23.579321,1786373852673,POST,http://localhost/api/cicd/execute,0,2.91,"HTTPConnectionPool(host='localhost', port=80): Max retries exceeded with url: /api/cicd/execute (Caused by NewConnectionError(""HTTPConnection(host='localhost', port=80): Failed to establish a new connection: [Errno 111] Connection refused""))"
2026-09-09T20:52:23.661900,1786373852673,POST,http://localhost/api/cicd/execute,0,87.7,"HTTPConnectionPool(host='localhost', port=80): Max retries exceeded with url: /api/cicd/execute (Caused by NewConnectionError(""HTTPConnection(host='localhost', port=80): Failed to establish a new connection: [Errno 111] Connection refused""))"
2026-09-09T20:52:23.665978,1786374210148,GET,http://localhost/api/cicd/status/40665,0,7.74,"HTTPConnectionPool(host='localhost', port=80): Max retries exceeded with url: /api/cicd/status/40665 (Caused by NewConnectionError(""HTTPConnection(host='localhost', port=80): Failed to establish a new connection: [Errno 111] Connection refused""))"
2026-09-09T20:52:23.666494,1786373852673,POST,http://localhost/api/cicd/execute,0,7.05,"HTTPConnectionPool(host='localhost', port=80): Max retries exceeded with url: /api/cicd/execute (Caused by NewConnectionError(""HTTPConnection(host='localhost', port=80): Failed to establish a new connection: [Errno 111] Connection refused""))"
2026-09-09T20:52:23.666774,1786373852673,POST,http://localhost/api/cicd/execute,0,9.89,"HTTPConnectionPool(host='localhost', port=80): Max retries exceeded with url: /api/cicd/execute (Caused by NewConnectionError(""HTTPConnection(host='localhost', port=80): Failed to establish a new connection: [Errno 111] Connection refused""))"
2026-09-09T20:52:23.667036,1786373852673,POST,http://localhost/api/cicd/execute,0,6.3,"HTTPConnectionPool(host='localhost', port=80): Max retries exceeded with url: /api/cicd/execute (Caused by NewConnectionError(""HTTPConnection(host='localhost', port=80): Failed to establish a new connection: [Errno 111] Connection refused""))"
2026-09-09T20:52:23.667252,1786373852673,POST,http://localhost/api/cicd/execute,0,4.77,"HTTPConnectionPool(host='localhost', port=80): Max retries exceeded with url: /api/cicd/execute (Caused by NewConnectionError(""HTTPConnection(host='localhost', port=80): Failed to establish a new connection: [Errno 111] Connection refused""))"
2026-09-09T20:52:23.667710,1786373852673,POST,http://localhost/api/cicd/execute,0,4.11,"HTTPConnectionPool(host='localhost', port=80): Max retries exceeded with url: /api/cicd/execute (Caused by NewConnectionError(""HTTPConnection(host='localhost', port=80): Failed to establish a new connection: [Errno 111] Connection refused""))"
2026-09-09T20:52:23.682899,1786374210148,GET,http://localhost/api/cicd/status/40665,0,3.05,"HTTPConnectionPool(host='localhost', port=80): Max retries exceeded with url: /api/cicd/status/40665 (Caused by NewConnectionError(""HTTPConnection(host='localhost', port=80): Failed to establish a new connection: [Errno 111] Connection refused""))"
2026-09-09T20:52:23.683307,1786374210148,GET,http://localhost/api/cicd/status/40665,0,4.58,"HTTPConnectionPool(host='localhost', port=80): Max retries exceeded with url: /api/cicd/status/40665 (Caused by NewConnectionError(""HTTPConnection(host='localhost', port=80): Failed to establish a new connection: [Errno 111] Connection refused""))"
2026-09-09T20:52:23.683566,1786374210148,GET,http://localhost/api/cicd/status/40665,0,2.38,"HTTPConnectionPool(host='localhost', port=80): Max retries exceeded with url: /api/cicd/status/40665 (Caused by NewConnectionError(""HTTPConnection(host='localhost', port=80): Failed to establish a new connection: [Errno 111] Connection refused""))"
2026-09-09T20:52:23.763586,1786374210148,GET,http://localhost/api/cicd/status/40665,0,1.51,"HTTPConnectionPool(host='localhost', port=80): Max retries exceeded with url: /api/cicd/status/40665 (Caused by NewConnectionError(""HTTPConnection(host='localhost', port=80): Failed to establish a new connection: [Errno 111] Connection refused""))"
2026-09-09T20:52:23.774998,1786374210148,GET,http://localhost/api/cicd/status/40665,0,4.98,"HTTPConnectionPool(host='localhost', port=80): Max retries exceeded with url: /api/cicd/status/40665 (Caused by NewConnectionError(""HTTPConnection(host='localhost', port=80): Failed to establish a new connection: [Errno 111] Connection refused""))"
2026-09-09T20:52:23.775363,1786373852673,POST,http://localhost/api/cicd/execute,0,9.17,"HTTPConnectionPool(host='localhost', port=80): Max retries exceeded with url: /api/cicd/execute (Caused by NewConnectionError(""HTTPConnection(host='localhost', port=80): Failed to establish a new connection: [Errno 111] Connection refused""))"
2026-09-09T20:52:23.775719,1786374210148,GET,http://localhost/api/cicd/status/40665,0,8.32,"HTTPConnectionPool(host='localhost', port=80): Max retries exceeded with url: /api/cicd/status/40665 (Caused by NewConnectionError(""HTTPConnection(host='localhost', port=80): Failed to establish a new connection: [Errno 111] Connection refused""))"
2026-09-09T20:52:23.776014,1786374210148,GET,http://localhost/api/cicd/status/40665,0,7.38,"HTTPConnectionPool(host='localhost', port=80): Max retries exceeded with url: /api/cicd/status/40665 (Caused by NewConnectionError(""HTTPConnection(host='localhost', port=80): Failed to establish a new connection: [Errno 111] Connection refused""))"
2026-09-09T20:52:23.776327,1786374210148,GET,http://localhost/api/cicd/status/40665,0,4.26,"HTTPConnectionPool(host='localhost', port=80): Max retries exceeded with url: /api/cicd/status/40665 (Caused by NewConnectionError(""HTTPConnection(host='localhost', port=80): Failed to establish a new connection: [Errno 111] Connection refused""))"
2026-09-09T20:52:23.776710,1786374210148,GET,http://localhost/api/cicd/status/40665,0,5.88,"HTTPConnectionPool(host='localhost', port=80): Max retries exceeded with url: /api/cicd/status/40665 (Caused by NewConnectionError(""HTTPConnection(host='localhost', port=80): Failed to establish a new connection: [Errno 111] Connection refused""))"
2026-09-09T20:52:23.787201,1786373852673,POST,http://localhost/api/cicd/execute,0,4.13,"HTTPConnectionPool(host='localhost', port=80): Max retries exceeded with url: /api/cicd/execute (Caused by NewConnectionError(""HTTPConnection(host='localhost', port=80): Failed to establish a new connection: [Errno 111] Connection refused""))"
2026-09-09T20:52:23.787538,1786373852673,POST,http://localhost/api/cicd/execute,0,2.15,"HTTPConnectionPool(host='localhost', port=80): Max retries exceeded with url: /api/cicd/execute (Caused by NewConnectionError(""HTTPConnection(host='localhost', port=80): Failed to establish a new connection: [Errno 111] Connection refused""))"
2026-09-09T20:52:23.787818,1786373852673,POST,http://localhost/api/cicd/execute,0,3.63,"HTTPConnectionPool(host='localhost', port=80): Max retries exceeded with url: /api/cicd/execute (Caused by NewConnectionError(""HTTPConnection(host='localhost', port=80): Failed to establish a new connection: [Errno 111] Connection refused""))"
2026-09-09T20:52:23.865203,1786373852673,POST,http://localhost/api/cicd/execute,0,1.47,"HTTPConnectionPool(host='localhost', port=80): Max retries exceeded with url: /api/cicd/execute (Caused by NewConnectionError(""HTTPConnection(host='localhost', port=80): Failed to establish a new connection: [Errno 111] Connection refused""))"
2026-09-09T20:52:23.882999,1786373852673,POST,http://localhost/api/cicd/execute,0,5.52,"HTTPConnectionPool(host='localhost', port=80): Max retries exceeded with url: /api/cicd/execute (Caused by NewConnectionError(""HTTPConnection(host='localhost', port=80): Failed to establish a new connection: [Errno 111] Connection refused""))"
2026-09-09T20:52:23.883714,1786373852673,POST,http://localhost/api/cicd/execute,0,4.07,"HTTPConnectionPool(host='localhost', port=80): Max retries exceeded with url: /api/cicd/execute (Caused by NewConnectionError(""HTTPConnection(host='localhost', port=80): Failed to establish a new connection: [Errno 111] Connection refused""))"
2026-09-09T20:52:23.884217,1786374210148,GET,http://localhost/api/cicd/status/40665,0,7.95,"HTTPConnectionPool(host='localhost', port=80): Max retries exceeded with url: /api/cicd/status/40665 (Caused by NewConnectionError(""HTTPConnection(host='localhost', port=80): Failed to establish a new connection: [Errno 111] Connection refused""))"
2026-09-09T20:52:23.884561,1786373852673,POST,http://localhost/api/cicd/execute,0,9.4,"HTTPConnectionPool(host='localhost', port=80): Max retries exceeded with url: /api/cicd/execute (Caused by NewConnectionError(""HTTPConnection(host='localhost', port=80): Failed to establish a new connection: [Errno 111] Connection refused""))"
2026-09-09T20:52:23.884813,1786373852673,POST,http://localhost/api/cicd/execute,0,6.38,"HTTPConnectionPool(host='localhost', port=80): Max retries exceeded with url: /api/cicd/execute (Caused by NewConnectionError(""HTTPConnection(host='localhost', port=80): Failed to establish a new connection: [Errno 111] Connection refused""))"
2026-09-09T20:52:23.885057,1786373852673,POST,http://localhost/api/cicd/execute,0,4.29,"HTTPConnectionPool(host='localhost', port=80): Max retries exceeded with url: /api/cicd/execute (Caused by NewConnectionError(""HTTPConnection(host='localhost', port=80): Failed to establish a new connection: [Errno 111] Connection refused""))"
2026-09-09T20:52:23.890893,1786374210148,GET,http://localhost/api/cicd/status/40665,0,3.52,"HTTPConnectionPool(host='localhost', port=80): Max retries exceeded with url: /api/cicd/status/40665 (Caused by NewConnectionError(""HTTPConnection(host='localhost', port=80): Failed to establish a new connection: [Errno 111] Connection refused""))"
2026-09-09T20:52:23.891083,1786374210148,GET,http://localhost/api/cicd/status/40665,0,1.67,"HTTPConnectionPool(host='localhost', port=80): Max retries exceeded with url: /api/cicd/status/40665 (Caused by NewConnectionError(""HTTPConnection(host='localhost', port=80): Failed to establish a new connection: [Errno 111] Connection refused""))"
2026-09-09T20:52:23.891411,1786374210148,GET,http://localhost/api/cicd/status/40665,0,3.01,"HTTPConnectionPool(host='localhost', port=80): Max retries exceeded with url: /api/cicd/status/40665 (Caused by NewConnectionError(""HTTPConnection(host='localhost', port=80): Failed to establish a new connection: [Errno 111] Connection refused""))"
2026-09-09T20:52:23.967109,1786374210148,GET,http://localhost/api/cicd/status/40665,0,1.72,"HTTPConnectionPool(host='localhost', port=80): Max retries exceeded with url: /api/cicd/status/40665 (Caused by NewConnectionError(""HTTPConnection(host='localhost', port=80): Failed to establish a new connection: [Errno 111] Connection refused""))"
2026-09-09T20:52:23.991408,1786374210148,GET,http://localhost/api/cicd/status/40665,0,8.24,"HTTPConnectionPool(host='localhost', port=80): Max retries exceeded with url: /api/cicd/status/40665 (Caused by NewConnectionError(""HTTPConnection(host='localhost', port=80): Failed to establish a new connection: [Errno 111] Connection refused""))"
2026-09-09T20:52:23.994358,1786374210148,GET,http://localhost/api/cicd/status/40665,0,10.1,"HTTPConnectionPool(host='localhost', port=80): Max retries exceeded with url: /api/cicd/status/40665 (Caused by NewConnectionError(""HTTPConnection(host='localhost', port=80): Failed to establish a new connection: [Errno 111] Connection refused""))"
2026-09-09T20:52:23.994657,1786374210148,GET,http://localhost/api/cicd/status/40665,0,7.9,"HTTPConnectionPool(host='localhost', port=80): Max retries exceeded with url: /api/cicd/status/40665 (Caused by NewConnectionError(""HTTPConnection(host='localhost', port=80): Failed to establish a new connection: [Errno 111] Connection refused""))"
2026-09-09T20:52:23.996421,1786374210148,GET,http://localhost/api/cicd/status/40665,0,8.37,"HTTPConnectionPool(host='localhost', port=80): Max retries exceeded with url: /api/cicd/status/40665 (Caused by NewConnectionError(""HTTPConnection(host='localhost', port=80): Failed to establish a new connection: [Errno 111] Connection refused""))"
2026-09-09T20:52:23.997149,1786373852673,POST,http://localhost/api/cicd/execute,0,11.63,"HTTPConnectionPool(host='localhost', port=80): Max retries exceeded with url: /api/cicd/execute (Caused by NewConnectionError(""HTTPConnection(host='localhost', port=80): Failed to establish a new connection: [Errno 111] Connection refused""))"
2026-09-09T20:52:23.997586,1786374210148,GET,http://localhost/api/cicd/status/40665,0,8.26,"HTTPConnectionPool(host='localhost', port=80): Max retries exceeded with url: /api/cicd/status/40665 (Caused by NewConnectionError(""HTTPConnection(host='localhost', port=80): Failed to establish a new connection: [Errno 111] Connection refused""))"
2026-09-09T20:52:23.998091,1786373852673,POST,http://localhost/api/cicd/execute,0,4.96,"HTTPConnectionPool(host='localhost', port=80): Max retries exceeded with url: /api/cicd/execute (Caused by NewConnectionError(""HTTPConnection(host='localhost', port=80): Failed to establish a new connection: [Errno 111] Connection refused""))"
2026-09-09T20:52:23.998447,1786373852673,POST,http://localhost/api/cicd/execute,0,3.29,"HTTPConnectionPool(host='localhost', port=80): Max retries exceeded with url: /api/cicd/execute (Caused by NewConnectionError(""HTTPConnection(host='localhost', port=80): Failed to establish a new connection: [Errno 111] Connection refused""))"
2026-09-09T20:52:23.998710,1786373852673,POST,http://localhost/api/cicd/execute,0,6.77,"HTTPConnectionPool(host='localhost', port=80): Max retries exceeded with url: /api/cicd/execute (Caused by NewConnectionError(""HTTPConnection(host='localhost', port=80): Failed to establish a new connection: [Errno 111] Connection refused""))"
2026-09-09T20:52:24.069017,1786373852673,POST,http://localhost/api/cicd/execute,0,1.73,"HTTPConnectionPool(host='localhost', port=80): Max retries exceeded with url: /api/cicd/execute (Caused by NewConnectionError(""HTTPConnection(host='localhost', port=80): Failed to establish a new connection: [Errno 111] Connection refused""))"
2026-09-09T20:52:24.093293,1786373852673,POST,http://localhost/api/cicd/execute,0,1.71,"HTTPConnectionPool(host='localhost', port=80): Max retries exceeded with url: /api/cicd/execute (Caused by NewConnectionError(""HTTPConnection(host='localhost', port=80): Failed to establish a new connection: [Errno 111] Connection refused""))"
2026-09-09T20:52:24.106229,1786373852673,POST,http://localhost/api/cicd/execute,0,11.69,"HTTPConnectionPool(host='localhost', port=80): Max retries exceeded with url: /api/cicd/execute (Caused by NewConnectionError(""HTTPConnection(host='localhost', port=80): Failed to establish a new connection: [Errno 111] Connection refused""))"
2026-09-09T20:52:24.107407,1786373852673,POST,http://localhost/api/cicd/execute,0,11.71,"HTTPConnectionPool(host='localhost', port=80): Max retries exceeded with url: /api/cicd/execute (Caused by NewConnectionError(""HTTPConnection(host='localhost', port=80): Failed to establish a new connection: [Errno 111] Connection refused""))"
2026-09-09T20:52:24.107870,1786373852673,POST,http://localhost/api/cicd/execute,0,10.83,"HTTPConnectionPool(host='localhost', port=80): Max retries exceeded with url: /api/cicd/execute (Caused by NewConnectionError(""HTTPConnection(host='localhost', port=80): Failed to establish a new connection: [Errno 111] Connection refused""))"
2026-09-09T20:52:24.108644,1786373852673,POST,http://localhost/api/cicd/execute,0,5.71,"HTTPConnectionPool(host='localhost', port=80): Max retries exceeded with url: /api/cicd/execute (Caused by NewConnectionError(""HTTPConnection(host='localhost', port=80): Failed to establish a new connection: [Errno 111] Connection refused""))"
2026-09-09T20:52:24.108915,1786374210148,GET,http://localhost/api/cicd/status/40665,0,4.45,"HTTPConnectionPool(host='localhost', port=80): Max retries exceeded with url: /api/cicd/status/40665 (Caused by NewConnectionError(""HTTPConnection(host='localhost', port=80): Failed to establish a new connection: [Errno 111] Connection refused""))"
2026-09-09T20:52:24.109259,1786374210148,GET,http://localhost/api/cicd/status/40665,0,10.94,"HTTPConnectionPool(host='localhost', port=80): Max retries exceeded with url: /api/cicd/status/40665 (Caused by NewConnectionError(""HTTPConnection(host='localhost', port=80): Failed to establish a new connection: [Errno 111] Connection refused""))"
2026-09-09T20:52:24.109706,1786374210148,GET,http://localhost/api/cicd/status/40665,0,10.23,"HTTPConnectionPool(host='localhost', port=80): Max retries exceeded with url: /api/cicd/status/40665 (Caused by NewConnectionError(""HTTPConnection(host='localhost', port=80): Failed to establish a new connection: [Errno 111] Connection refused""))"
2026-09-09T20:52:24.110038,1786374210148,GET,http://localhost/api/cicd/status/40665,0,8.48,"HTTPConnectionPool(host='localhost', port=80): Max retries exceeded with url: /api/cicd/status/40665 (Caused by NewConnectionError(""HTTPConnection(host='localhost', port=80): Failed to establish a new connection: [Errno 111] Connection refused""))"
2026-09-09T20:52:24.170824,1786374210148,GET,http://localhost/api/cicd/status/40665,0,1.63,"HTTPConnectionPool(host='localhost', port=80): Max retries exceeded with url: /api/cicd/status/40665 (Caused by NewConnectionError(""HTTPConnection(host='localhost', port=80): Failed to establish a new connection: [Errno 111] Connection refused""))"
2026-09-09T20:52:24.195089,1786374210148,GET,http://localhost/api/cicd/status/40665,0,1.62,"HTTPConnectionPool(host='localhost', port=80): Max retries exceeded with url: /api/cicd/status/40665 (Caused by NewConnectionError(""HTTPConnection(host='localhost', port=80): Failed to establish a new connection: [Errno 111] Connection refused""))"
2026-09-09T20:52:24.218208,1786374210148,GET,http://localhost/api/cicd/status/40665,0,11.8,"HTTPConnectionPool(host='localhost', port=80): Max retries exceeded with url: /api/cicd/status/40665 (Caused by NewConnectionError(""HTTPConnection(host='localhost', port=80): Failed to establish a new connection: [Errno 111] Connection refused""))"
2026-09-09T20:52:24.218475,1786374210148,GET,http://localhost/api/cicd/status/40665,0,9.69,"HTTPConnectionPool(host='localhost', port=80): Max retries exceeded with url: /api/cicd/status/40665 (Caused by NewConnectionError(""HTTPConnection(host='localhost', port=80): Failed to establish a new connection: [Errno 111] Connection refused""))"
2026-09-09T20:52:24.218785,1786374210148,GET,http://localhost/api/cicd/status/40665,0,8.94,"HTTPConnectionPool(host='localhost', port=80): Max retries exceeded with url: /api/cicd/status/40665 (Caused by NewConnectionError(""HTTPConnection(host='localhost', port=80): Failed to establish a new connection: [Errno 111] Connection refused""))"
2026-09-09T20:52:24.219982,1786373852673,POST,http://localhost/api/cicd/execute,0,7.55,"HTTPConnectionPool(host='localhost', port=80): Max retries exceeded with url: /api/cicd/execute (Caused by NewConnectionError(""HTTPConnection(host='localhost', port=80): Failed to establish a new connection: [Errno 111] Connection refused""))"
2026-09-09T20:52:24.220396,1786373852673,POST,http://localhost/api/cicd/execute,0,9.22,"HTTPConnectionPool(host='localhost', port=80): Max retries exceeded with url: /api/cicd/execute (Caused by NewConnectionError(""HTTPConnection(host='localhost', port=80): Failed to establish a new connection: [Errno 111] Connection refused""))"
2026-09-09T20:52:24.220703,1786374210148,GET,http://localhost/api/cicd/status/40665,0,13.12,"HTTPConnectionPool(host='localhost', port=80): Max retries exceeded with url: /api/cicd/status/40665 (Caused by NewConnectionError(""HTTPConnection(host='localhost', port=80): Failed to establish a new connection: [Errno 111] Connection refused""))"
2026-09-09T20:52:24.221224,1786373852673,POST,http://localhost/api/cicd/execute,0,7.64,"HTTPConnectionPool(host='localhost', port=80): Max retries exceeded with url: /api/cicd/execute (Caused by NewConnectionError(""HTTPConnection(host='localhost', port=80): Failed to establish a new connection: [Errno 111] Connection refused""))"
2026-09-09T20:52:24.221587,1786373852673,POST,http://localhost/api/cicd/execute,0,6.79,"HTTPConnectionPool(host='localhost', port=80): Max retries exceeded with url: /api/cicd/execute (Caused by NewConnectionError(""HTTPConnection(host='localhost', port=80): Failed to establish a new connection: [Errno 111] Connection refused""))"
2026-09-09T20:52:24.272685,1786373852673,POST,http://localhost/api/cicd/execute,0,1.68,"HTTPConnectionPool(host='localhost', port=80): Max retries exceeded with url: /api/cicd/execute (Caused by NewConnectionError(""HTTPConnection(host='localhost', port=80): Failed to establish a new connection: [Errno 111] Connection refused""))"
2026-09-09T20:52:24.297876,1786373852673,POST,http://localhost/api/cicd/execute,0,2.61,"HTTPConnectionPool(host='localhost', port=80): Max retries exceeded with url: /api/cicd/execute (Caused by NewConnectionError(""HTTPConnection(host='localhost', port=80): Failed to establish a new connection: [Errno 111] Connection refused""))"
2026-09-09T20:52:24.329072,1786374210148,GET,http://localhost/api/cicd/status/40665,0,5.08,"HTTPConnectionPool(host='localhost', port=80): Max retries exceeded with url: /api/cicd/status/40665 (Caused by NewConnectionError(""HTTPConnection(host='localhost', port=80): Failed to establish a new connection: [Errno 111] Connection refused""))"
2026-09-09T20:52:24.329821,1786373852673,POST,http://localhost/api/cicd/execute,0,10.36,"HTTPConnectionPool(host='localhost', port=80): Max retries exceeded with url: /api/cicd/execute (Caused by NewConnectionError(""HTTPConnection(host='localhost', port=80): Failed to establish a new connection: [Errno 111] Connection refused""))"
2026-09-09T20:52:24.330205,1786373852673,POST,http://localhost/api/cicd/execute,0,11.86,"HTTPConnectionPool(host='localhost', port=80): Max retries exceeded with url: /api/cicd/execute (Caused by NewConnectionError(""HTTPConnection(host='localhost', port=80): Failed to establish a new connection: [Errno 111] Connection refused""))"
2026-09-09T20:52:24.330865,1786374210148,GET,http://localhost/api/cicd/status/40665,0,7.97,"HTTPConnectionPool(host='localhost', port=80): Max retries exceeded with url: /api/cicd/status/40665 (Caused by NewConnectionError(""HTTPConnection(host='localhost', port=80): Failed to establish a new connection: [Errno 111] Connection refused""))"
2026-09-09T20:52:24.331190,1786374210148,GET,http://localhost/api/cicd/status/40665,0,9.42,"HTTPConnectionPool(host='localhost', port=80): Max retries exceeded with url: /api/cicd/status/40665 (Caused by NewConnectionError(""HTTPConnection(host='localhost', port=80): Failed to establish a new connection: [Errno 111] Connection refused""))"
2026-09-09T20:52:24.331444,1786373852673,POST,http://localhost/api/cicd/execute,0,10.87,"HTTPConnectionPool(host='localhost', port=80): Max retries exceeded with url: /api/cicd/execute (Caused by NewConnectionError(""HTTPConnection(host='localhost', port=80): Failed to establish a new connection: [Errno 111] Connection refused""))"
2026-09-09T20:52:24.331702,1786374210148,GET,http://localhost/api/cicd/status/40665,0,5.1,"HTTPConnectionPool(host='localhost', port=80): Max retries exceeded with url: /api/cicd/status/40665 (Caused by NewConnectionError(""HTTPConnection(host='localhost', port=80): Failed to establish a new connection: [Errno 111] Connection refused""))"
2026-09-09T20:52:24.332510,1786373852673,POST,http://localhost/api/cicd/execute,0,7.07,"HTTPConnectionPool(host='localhost', port=80): Max retries exceeded with url: /api/cicd/execute (Caused by NewConnectionError(""HTTPConnection(host='localhost', port=80): Failed to establish a new connection: [Errno 111] Connection refused""))"
2026-09-09T20:52:24.374569,1786374210148,GET,http://localhost/api/cicd/status/40665,0,1.71,"HTTPConnectionPool(host='localhost', port=80): Max retries exceeded with url: /api/cicd/status/40665 (Caused by NewConnectionError(""HTTPConnection(host='localhost', port=80): Failed to establish a new connection: [Errno 111] Connection refused""))"
2026-09-09T20:52:24.400646,1786374210148,GET,http://localhost/api/cicd/status/40665,0,2.59,"HTTPConnectionPool(host='localhost', port=80): Max retries exceeded with url: /api/cicd/status/40665 (Caused by NewConnectionError(""HTTPConnection(host='localhost', port=80): Failed to establish a new connection: [Errno 111] Connection refused""))"
2026-09-09T20:52:24.441323,1786373852673,POST,http://localhost/api/cicd/execute,0,6.26,"HTTPConnectionPool(host='localhost', port=80): Max retries exceeded with url: /api/cicd/execute (Caused by NewConnectionError(""HTTPConnection(host='localhost', port=80): Failed to establish a new connection: [Errno 111] Connection refused""))"
2026-09-09T20:52:24.441839,1786374210148,GET,http://localhost/api/cicd/status/40665,0,5.65,"HTTPConnectionPool(host='localhost', port=80): Max retries exceeded with url: /api/cicd/status/40665 (Caused by NewConnectionError(""HTTPConnection(host='localhost', port=80): Failed to establish a new connection: [Errno 111] Connection refused""))"
2026-09-09T20:52:24.442226,1786373852673,POST,http://localhost/api/cicd/execute,0,8.3,"HTTPConnectionPool(host='localhost', port=80): Max retries exceeded with url: /api/cicd/execute (Caused by NewConnectionError(""HTTPConnection(host='localhost', port=80): Failed to establish a new connection: [Errno 111] Connection refused""))"
2026-09-09T20:52:24.443105,1786373852673,POST,http://localhost/api/cicd/execute,0,4.46,"HTTPConnectionPool(host='localhost', port=80): Max retries exceeded with url: /api/cicd/execute (Caused by NewConnectionError(""HTTPConnection(host='localhost', port=80): Failed to establish a new connection: [Errno 111] Connection refused""))"
2026-09-09T20:52:24.443491,1786373852673,POST,http://localhost/api/cicd/execute,0,11.81,"HTTPConnectionPool(host='localhost', port=80): Max retries exceeded with url: /api/cicd/execute (Caused by NewConnectionError(""HTTPConnection(host='localhost', port=80): Failed to establish a new connection: [Errno 111] Connection refused""))"
2026-09-09T20:52:24.443743,1786374210148,GET,http://localhost/api/cicd/status/40665,0,13.19,"HTTPConnectionPool(host='localhost', port=80): Max retries exceeded with url: /api/cicd/status/40665 (Caused by NewConnectionError(""HTTPConnection(host='localhost', port=80): Failed to establish a new connection: [Errno 111] Connection refused""))"
2026-09-09T20:52:24.443954,1786374210148,GET,http://localhost/api/cicd/status/40665,0,11.13,"HTTPConnectionPool(host='localhost', port=80): Max retries exceeded with url: /api/cicd/status/40665 (Caused by NewConnectionError(""HTTPConnection(host='localhost', port=80): Failed to establish a new connection: [Errno 111] Connection refused""))"
2026-09-09T20:52:24.444378,1786374210148,GET,http://localhost/api/cicd/status/40665,0,7.06,"HTTPConnectionPool(host='localhost', port=80): Max retries exceeded with url: /api/cicd/status/40665 (Caused by NewConnectionError(""HTTPConnection(host='localhost', port=80): Failed to establish a new connection: [Errno 111] Connection refused""))"
2026-09-09T20:52:24.476846,1786373852673,POST,http://localhost/api/cicd/execute,0,2.1,"HTTPConnectionPool(host='localhost', port=80): Max retries exceeded with url: /api/cicd/execute (Caused by NewConnectionError(""HTTPConnection(host='localhost', port=80): Failed to establish a new connection: [Errno 111] Connection refused""))"
2026-09-09T20:52:24.502545,1786373852673,POST,http://localhost/api/cicd/execute,0,1.71,"HTTPConnectionPool(host='localhost', port=80): Max retries exceeded with url: /api/cicd/execute (Caused by NewConnectionError(""HTTPConnection(host='localhost', port=80): Failed to establish a new connection: [Errno 111] Connection refused""))"
2026-09-09T20:52:24.552759,1786374210148,GET,http://localhost/api/cicd/status/40665,0,11.26,"HTTPConnectionPool(host='localhost', port=80): Max retries exceeded with url: /api/cicd/status/40665 (Caused by NewConnectionError(""HTTPConnection(host='localhost', port=80): Failed to establish a new connection: [Errno 111] Connection refused""))"
2026-09-09T20:52:24.553371,1786373852673,POST,http://localhost/api/cicd/execute,0,7.05,"HTTPConnectionPool(host='localhost', port=80): Max retries exceeded with url: /api/cicd/execute (Caused by NewConnectionError(""HTTPConnection(host='localhost', port=80): Failed to establish a new connection: [Errno 111] Connection refused""))"
2026-09-09T20:52:24.553751,1786373852673,POST,http://localhost/api/cicd/execute,0,11.13,"HTTPConnectionPool(host='localhost', port=80): Max retries exceeded with url: /api/cicd/execute (Caused by NewConnectionError(""HTTPConnection(host='localhost', port=80): Failed to establish a new connection: [Errno 111] Connection refused""))"
2026-09-09T20:52:24.554211,1786374210148,GET,http://localhost/api/cicd/status/40665,0,6.33,"HTTPConnectionPool(host='localhost', port=80): Max retries exceeded with url: /api/cicd/status/40665 (Caused by NewConnectionError(""HTTPConnection(host='localhost', port=80): Failed to establish a new connection: [Errno 111] Connection refused""))"
2026-09-09T20:52:24.554706,1786374210148,GET,http://localhost/api/cicd/status/40665,0,10.95,"HTTPConnectionPool(host='localhost', port=80): Max retries exceeded with url: /api/cicd/status/40665 (Caused by NewConnectionError(""HTTPConnection(host='localhost', port=80): Failed to establish a new connection: [Errno 111] Connection refused""))"
2026-09-09T20:52:24.554958,1786373852673,POST,http://localhost/api/cicd/execute,0,4.4,"HTTPConnectionPool(host='localhost', port=80): Max retries exceeded with url: /api/cicd/execute (Caused by NewConnectionError(""HTTPConnection(host='localhost', port=80): Failed to establish a new connection: [Errno 111] Connection refused""))"
2026-09-09T20:52:24.555223,1786373852673,POST,http://localhost/api/cicd/execute,0,6.24,"HTTPConnectionPool(host='localhost', port=80): Max retries exceeded with url: /api/cicd/execute (Caused by NewConnectionError(""HTTPConnection(host='localhost', port=80): Failed to establish a new connection: [Errno 111] Connection refused""))"
2026-09-09T20:52:24.555663,1786374210148,GET,http://localhost/api/cicd/status/40665,0,10.7,"HTTPConnectionPool(host='localhost', port=80): Max retries exceeded with url: /api/cicd/status/40665 (Caused by NewConnectionError(""HTTPConnection(host='localhost', port=80): Failed to establish a new connection: [Errno 111] Connection refused""))"
2026-09-09T20:52:24.578987,1786374210148,GET,http://localhost/api/cicd/status/40665,0,1.96,"HTTPConnectionPool(host='localhost', port=80): Max retries exceeded with url: /api/cicd/status/40665 (Caused by NewConnectionError(""HTTPConnection(host='localhost', port=80): Failed to establish a new connection: [Errno 111] Connection refused""))"
2026-09-09T20:52:24.604385,1786374210148,GET,http://localhost/api/cicd/status/40665,0,1.66,"HTTPConnectionPool(host='localhost', port=80): Max retries exceeded with url: /api/cicd/status/40665 (Caused by NewConnectionError(""HTTPConnection(host='localhost', port=80): Failed to establish a new connection: [Errno 111] Connection refused""))"
2026-09-09T20:52:24.663726,1786374210148,GET,http://localhost/api/cicd/status/40665,0,9.64,"HTTPConnectionPool(host='localhost', port=80): Max retries exceeded with url: /api/cicd/status/40665 (Caused by NewConnectionError(""HTTPConnection(host='localhost', port=80): Failed to establish a new connection: [Errno 111] Connection refused""))"
2026-09-09T20:52:24.664313,1786374210148,GET,http://localhost/api/cicd/status/40665,0,9.16,"HTTPConnectionPool(host='localhost', port=80): Max retries exceeded with url: /api/cicd/status/40665 (Caused by NewConnectionError(""HTTPConnection(host='localhost', port=80): Failed to establish a new connection: [Errno 111] Connection refused""))"
2026-09-09T20:52:24.664871,1786373852673,POST,http://localhost/api/cicd/execute,0,8.52,"HTTPConnectionPool(host='localhost', port=80): Max retries exceeded with url: /api/cicd/execute (Caused by NewConnectionError(""HTTPConnection(host='localhost', port=80): Failed to establish a new connection: [Errno 111] Connection refused""))"
2026-09-09T20:52:24.665644,1786374210148,GET,http://localhost/api/cicd/status/40665,0,8.14,"HTTPConnectionPool(host='localhost', port=80): Max retries exceeded with url: /api/cicd/status/40665 (Caused by NewConnectionError(""HTTPConnection(host='localhost', port=80): Failed to establish a new connection: [Errno 111] Connection refused""))"
2026-09-09T20:52:24.666081,1786374210148,GET,http://localhost/api/cicd/status/40665,0,6.09,"HTTPConnectionPool(host='localhost', port=80): Max retries exceeded with url: /api/cicd/status/40665 (Caused by NewConnectionError(""HTTPConnection(host='localhost', port=80): Failed to establish a new connection: [Errno 111] Connection refused""))"
2026-09-09T20:52:24.666391,1786373852673,POST,http://localhost/api/cicd/execute,0,7.61,"HTTPConnectionPool(host='localhost', port=80): Max retries exceeded with url: /api/cicd/execute (Caused by NewConnectionError(""HTTPConnection(host='localhost', port=80): Failed to establish a new connection: [Errno 111] Connection refused""))"
2026-09-09T20:52:24.667244,1786373852673,POST,http://localhost/api/cicd/execute,0,14.3,"HTTPConnectionPool(host='localhost', port=80): Max retries exceeded with url: /api/cicd/execute (Caused by NewConnectionError(""HTTPConnection(host='localhost', port=80): Failed to establish a new connection: [Errno 111] Connection refused""))"
2026-09-09T20:52:24.667604,1786373852673,POST,http://localhost/api/cicd/execute,0,6.12,"HTTPConnectionPool(host='localhost', port=80): Max retries exceeded with url: /api/cicd/execute (Caused by NewConnectionError(""HTTPConnection(host='localhost', port=80): Failed to establish a new connection: [Errno 111] Connection refused""))"
2026-09-09T20:52:24.680886,1786373852673,POST,http://localhost/api/cicd/execute,0,1.7,"HTTPConnectionPool(host='localhost', port=80): Max retries exceeded with url: /api/cicd/execute (Caused by NewConnectionError(""HTTPConnection(host='localhost', port=80): Failed to establish a new connection: [Errno 111] Connection refused""))"
2026-09-09T20:52:24.706341,1786373852673,POST,http://localhost/api/cicd/execute,0,1.78,"HTTPConnectionPool(host='localhost', port=80): Max retries exceeded with url: /api/cicd/execute (Caused by NewConnectionError(""HTTPConnection(host='localhost', port=80): Failed to establish a new connection: [Errno 111] Connection refused""))"
2026-09-09T20:52:24.774546,1786374210148,GET,http://localhost/api/cicd/status/40665,0,8.43,"HTTPConnectionPool(host='localhost', port=80): Max retries exceeded with url: /api/cicd/status/40665 (Caused by NewConnectionError(""HTTPConnection(host='localhost', port=80): Failed to establish a new connection: [Errno 111] Connection refused""))"
2026-09-09T20:52:24.774734,1786373852673,POST,http://localhost/api/cicd/execute,0,9.64,"HTTPConnectionPool(host='localhost', port=80): Max retries exceeded with url: /api/cicd/execute (Caused by NewConnectionError(""HTTPConnection(host='localhost', port=80): Failed to establish a new connection: [Errno 111] Connection refused""))"
2026-09-09T20:52:24.775027,1786373852673,POST,http://localhost/api/cicd/execute,0,11.12,"HTTPConnectionPool(host='localhost', port=80): Max retries exceeded with url: /api/cicd/execute (Caused by NewConnectionError(""HTTPConnection(host='localhost', port=80): Failed to establish a new connection: [Errno 111] Connection refused""))"
2026-09-09T20:52:24.775839,1786374210148,GET,http://localhost/api/cicd/status/40665,0,4.92,"HTTPConnectionPool(host='localhost', port=80): Max retries exceeded with url: /api/cicd/status/40665 (Caused by NewConnectionError(""HTTPConnection(host='localhost', port=80): Failed to establish a new connection: [Errno 111] Connection refused""))"
2026-09-09T20:52:24.776325,1786373852673,POST,http://localhost/api/cicd/execute,0,9.01,"HTTPConnectionPool(host='localhost', port=80): Max retries exceeded with url: /api/cicd/execute (Caused by NewConnectionError(""HTTPConnection(host='localhost', port=80): Failed to establish a new connection: [Errno 111] Connection refused""))"
2026-09-09T20:52:24.776718,1786373852673,POST,http://localhost/api/cicd/execute,0,7.13,"HTTPConnectionPool(host='localhost', port=80): Max retries exceeded with url: /api/cicd/execute (Caused by NewConnectionError(""HTTPConnection(host='localhost', port=80): Failed to establish a new connection: [Errno 111] Connection refused""))"
2026-09-09T20:52:24.777176,1786374210148,GET,http://localhost/api/cicd/status/40665,0,8.74,"HTTPConnectionPool(host='localhost', port=80): Max retries exceeded with url: /api/cicd/status/40665 (Caused by NewConnectionError(""HTTPConnection(host='localhost', port=80): Failed to establish a new connection: [Errno 111] Connection refused""))"
2026-09-09T20:52:24.777437,1786374210148,GET,http://localhost/api/cicd/status/40665,0,5.19,"HTTPConnectionPool(host='localhost', port=80): Max retries exceeded with url: /api/cicd/status/40665 (Caused by NewConnectionError(""HTTPConnection(host='localhost', port=80): Failed to establish a new connection: [Errno 111] Connection refused""))"
2026-09-09T20:52:24.782301,1786374210148,GET,http://localhost/api/cicd/status/40665,0,1.29,"HTTPConnectionPool(host='localhost', port=80): Max retries exceeded with url: /api/cicd/status/40665 (Caused by NewConnectionError(""HTTPConnection(host='localhost', port=80): Failed to establish a new connection: [Errno 111] Connection refused""))"
2026-09-09T20:52:24.808174,1786374210148,GET,http://localhost/api/cicd/status/40665,0,1.66,"HTTPConnectionPool(host='localhost', port=80): Max retries exceeded with url: /api/cicd/status/40665 (Caused by NewConnectionError(""HTTPConnection(host='localhost', port=80): Failed to establish a new connection: [Errno 111] Connection refused""))"
2026-09-09T20:52:24.886033,1786373852673,POST,http://localhost/api/cicd/execute,0,11.31,"HTTPConnectionPool(host='localhost', port=80): Max retries exceeded with url: /api/cicd/execute (Caused by NewConnectionError(""HTTPConnection(host='localhost', port=80): Failed to establish a new connection: [Errno 111] Connection refused""))"
2026-09-09T20:52:24.890722,1786373852673,POST,http://localhost/api/cicd/execute,0,6.96,"HTTPConnectionPool(host='localhost', port=80): Max retries exceeded with url: /api/cicd/execute (Caused by NewConnectionError(""HTTPConnection(host='localhost', port=80): Failed to establish a new connection: [Errno 111] Connection refused""))"
2026-09-09T20:52:24.891165,1786374210148,GET,http://localhost/api/cicd/status/40665,0,9.65,"HTTPConnectionPool(host='localhost', port=80): Max retries exceeded with url: /api/cicd/status/40665 (Caused by NewConnectionError(""HTTPConnection(host='localhost', port=80): Failed to establish a new connection: [Errno 111] Connection refused""))"
2026-09-09T20:52:24.891468,1786374210148,GET,http://localhost/api/cicd/status/40665,0,11.04,"HTTPConnectionPool(host='localhost', port=80): Max retries exceeded with url: /api/cicd/status/40665 (Caused by NewConnectionError(""HTTPConnection(host='localhost', port=80): Failed to establish a new connection: [Errno 111] Connection refused""))"
2026-09-09T20:52:24.891748,1786373852673,POST,http://localhost/api/cicd/execute,0,13.72,"HTTPConnectionPool(host='localhost', port=80): Max retries exceeded with url: /api/cicd/execute (Caused by NewConnectionError(""HTTPConnection(host='localhost', port=80): Failed to establish a new connection: [Errno 111] Connection refused""))"
2026-09-09T20:52:24.892028,1786374210148,GET,http://localhost/api/cicd/status/40665,0,15.14,"HTTPConnectionPool(host='localhost', port=80): Max retries exceeded with url: /api/cicd/status/40665 (Caused by NewConnectionError(""HTTPConnection(host='localhost', port=80): Failed to establish a new connection: [Errno 111] Connection refused""))"
2026-09-09T20:52:24.892398,1786373852673,POST,http://localhost/api/cicd/execute,0,9.55,"HTTPConnectionPool(host='localhost', port=80): Max retries exceeded with url: /api/cicd/execute (Caused by NewConnectionError(""HTTPConnection(host='localhost', port=80): Failed to establish a new connection: [Errno 111] Connection refused""))"
2026-09-09T20:52:24.892801,1786374210148,GET,http://localhost/api/cicd/status/40665,0,16.98,"HTTPConnectionPool(host='localhost', port=80): Max retries exceeded with url: /api/cicd/status/40665 (Caused by NewConnectionError(""HTTPConnection(host='localhost', port=80): Failed to establish a new connection: [Errno 111] Connection refused""))"
2026-09-09T20:52:24.893308,1786373852673,POST,http://localhost/api/cicd/execute,0,14.05,"HTTPConnectionPool(host='localhost', port=80): Max retries exceeded with url: /api/cicd/execute (Caused by NewConnectionError(""HTTPConnection(host='localhost', port=80): Failed to establish a new connection: [Errno 111] Connection refused""))"
2026-09-09T20:52:24.910061,1786373852673,POST,http://localhost/api/cicd/execute,0,1.71,"HTTPConnectionPool(host='localhost', port=80): Max retries exceeded with url: /api/cicd/execute (Caused by NewConnectionError(""HTTPConnection(host='localhost', port=80): Failed to establish a new connection: [Errno 111] Connection refused""))"
2026-09-09T20:52:24.987857,1786374210148,GET,http://localhost/api/cicd/status/40665,0,1.65,"HTTPConnectionPool(host='localhost', port=80): Max retries exceeded with url: /api/cicd/status/40665 (Caused by NewConnectionError(""HTTPConnection(host='localhost', port=80): Failed to establish a new connection: [Errno 111] Connection refused""))"
2026-09-09T20:52:25.001770,1786374210148,GET,http://localhost/api/cicd/status/40665,0,10.87,"HTTPConnectionPool(host='localhost', port=80): Max retries exceeded with url: /api/cicd/status/40665 (Caused by NewConnectionError(""HTTPConnection(host='localhost', port=80): Failed to establish a new connection: [Errno 111] Connection refused""))"
2026-09-09T20:52:25.002855,1786373852673,POST,http://localhost/api/cicd/execute,0,7.31,"HTTPConnectionPool(host='localhost', port=80): Max retries exceeded with url: /api/cicd/execute (Caused by NewConnectionError(""HTTPConnection(host='localhost', port=80): Failed to establish a new connection: [Errno 111] Connection refused""))"
2026-09-09T20:52:25.003210,1786374210148,GET,http://localhost/api/cicd/status/40665,0,8.76,"HTTPConnectionPool(host='localhost', port=80): Max retries exceeded with url: /api/cicd/status/40665 (Caused by NewConnectionError(""HTTPConnection(host='localhost', port=80): Failed to establish a new connection: [Errno 111] Connection refused""))"
2026-09-09T20:52:25.003664,1786374210148,GET,http://localhost/api/cicd/status/40665,0,4.14,"HTTPConnectionPool(host='localhost', port=80): Max retries exceeded with url: /api/cicd/status/40665 (Caused by NewConnectionError(""HTTPConnection(host='localhost', port=80): Failed to establish a new connection: [Errno 111] Connection refused""))"
2026-09-09T20:52:25.003975,1786373852673,POST,http://localhost/api/cicd/execute,0,10.73,"HTTPConnectionPool(host='localhost', port=80): Max retries exceeded with url: /api/cicd/execute (Caused by NewConnectionError(""HTTPConnection(host='localhost', port=80): Failed to establish a new connection: [Errno 111] Connection refused""))"
2026-09-09T20:52:25.004231,1786373852673,POST,http://localhost/api/cicd/execute,0,5.9,"HTTPConnectionPool(host='localhost', port=80): Max retries exceeded with url: /api/cicd/execute (Caused by NewConnectionError(""HTTPConnection(host='localhost', port=80): Failed to establish a new connection: [Errno 111] Connection refused""))"
2026-09-09T20:52:25.005365,1786374210148,GET,http://localhost/api/cicd/status/40665,0,8.47,"HTTPConnectionPool(host='localhost', port=80): Max retries exceeded with url: /api/cicd/status/40665 (Caused by NewConnectionError(""HTTPConnection(host='localhost', port=80): Failed to establish a new connection: [Errno 111] Connection refused""))"
2026-09-09T20:52:25.005729,1786373852673,POST,http://localhost/api/cicd/execute,0,13.61,"HTTPConnectionPool(host='localhost', port=80): Max retries exceeded with url: /api/cicd/execute (Caused by NewConnectionError(""HTTPConnection(host='localhost', port=80): Failed to establish a new connection: [Errno 111] Connection refused""))"
2026-09-09T20:52:25.011934,1786374210148,GET,http://localhost/api/cicd/status/40665,0,1.7,"HTTPConnectionPool(host='localhost', port=80): Max retries exceeded with url: /api/cicd/status/40665 (Caused by NewConnectionError(""HTTPConnection(host='localhost', port=80): Failed to establish a new connection: [Errno 111] Connection refused""))"
2026-09-09T20:52:25.089765,1786373852673,POST,http://localhost/api/cicd/execute,0,1.72,"HTTPConnectionPool(host='localhost', port=80): Max retries exceeded with url: /api/cicd/execute (Caused by NewConnectionError(""HTTPConnection(host='localhost', port=80): Failed to establish a new connection: [Errno 111] Connection refused""))"
2026-09-09T20:52:25.113850,1786373852673,POST,http://localhost/api/cicd/execute,0,11.89,"HTTPConnectionPool(host='localhost', port=80): Max retries exceeded with url: /api/cicd/execute (Caused by NewConnectionError(""HTTPConnection(host='localhost', port=80): Failed to establish a new connection: [Errno 111] Connection refused""))"
2026-09-09T20:52:25.114761,1786373852673,POST,http://localhost/api/cicd/execute,0,9.49,"HTTPConnectionPool(host='localhost', port=80): Max retries exceeded with url: /api/cicd/execute (Caused by NewConnectionError(""HTTPConnection(host='localhost', port=80): Failed to establish a new connection: [Errno 111] Connection refused""))"
2026-09-09T20:52:25.115218,1786374210148,GET,http://localhost/api/cicd/status/40665,0,11.04,"HTTPConnectionPool(host='localhost', port=80): Max retries exceeded with url: /api/cicd/status/40665 (Caused by NewConnectionError(""HTTPConnection(host='localhost', port=80): Failed to establish a new connection: [Errno 111] Connection refused""))"
2026-09-09T20:52:25.115700,1786373852673,POST,http://localhost/api/cicd/execute,0,9.28,"HTTPConnectionPool(host='localhost', port=80): Max retries exceeded with url: /api/cicd/execute (Caused by NewConnectionError(""HTTPConnection(host='localhost', port=80): Failed to establish a new connection: [Errno 111] Connection refused""))"
2026-09-09T20:52:25.116072,1786374210148,GET,http://localhost/api/cicd/status/40665,0,12.97,"HTTPConnectionPool(host='localhost', port=80): Max retries exceeded with url: /api/cicd/status/40665 (Caused by NewConnectionError(""HTTPConnection(host='localhost', port=80): Failed to establish a new connection: [Errno 111] Connection refused""))"
2026-09-09T20:52:25.116579,1786374210148,GET,http://localhost/api/cicd/status/40665,0,6.33,"HTTPConnectionPool(host='localhost', port=80): Max retries exceeded with url: /api/cicd/status/40665 (Caused by NewConnectionError(""HTTPConnection(host='localhost', port=80): Failed to establish a new connection: [Errno 111] Connection refused""))"
2026-09-09T20:52:25.116924,1786374210148,GET,http://localhost/api/cicd/status/40665,0,7.81,"HTTPConnectionPool(host='localhost', port=80): Max retries exceeded with url: /api/cicd/status/40665 (Caused by NewConnectionError(""HTTPConnection(host='localhost', port=80): Failed to establish a new connection: [Errno 111] Connection refused""))"
2026-09-09T20:52:25.117259,1786373852673,POST,http://localhost/api/cicd/execute,0,9.49,"HTTPConnectionPool(host='localhost', port=80): Max retries exceeded with url: /api/cicd/execute (Caused by NewConnectionError(""HTTPConnection(host='localhost', port=80): Failed to establish a new connection: [Errno 111] Connection refused""))"
2026-09-09T20:52:25.117590,1786373852673,POST,http://localhost/api/cicd/execute,0,5.14,"HTTPConnectionPool(host='localhost', port=80): Max retries exceeded with url: /api/cicd/execute (Caused by NewConnectionError(""HTTPConnection(host='localhost', port=80): Failed to establish a new connection: [Errno 111] Connection refused""))"
2026-09-09T20:52:25.191628,1786374210148,GET,http://localhost/api/cicd/status/40665,0,1.68,"HTTPConnectionPool(host='localhost', port=80): Max retries exceeded with url: /api/cicd/status/40665 (Caused by NewConnectionError(""HTTPConnection(host='localhost', port=80): Failed to establish a new connection: [Errno 111] Connection refused""))"
2026-09-09T20:52:25.226410,1786374210148,GET,http://localhost/api/cicd/status/40665,0,11.29,"HTTPConnectionPool(host='localhost', port=80): Max retries exceeded with url: /api/cicd/status/40665 (Caused by NewConnectionError(""HTTPConnection(host='localhost', port=80): Failed to establish a new connection: [Errno 111] Connection refused""))"
2026-09-09T20:52:25.226956,1786373852673,POST,http://localhost/api/cicd/execute,0,10.17,"HTTPConnectionPool(host='localhost', port=80): Max retries exceeded with url: /api/cicd/execute (Caused by NewConnectionError(""HTTPConnection(host='localhost', port=80): Failed to establish a new connection: [Errno 111] Connection refused""))"
2026-09-09T20:52:25.227802,1786374210148,GET,http://localhost/api/cicd/status/40665,0,13.77,"HTTPConnectionPool(host='localhost', port=80): Max retries exceeded with url: /api/cicd/status/40665 (Caused by NewConnectionError(""HTTPConnection(host='localhost', port=80): Failed to establish a new connection: [Errno 111] Connection refused""))"
2026-09-09T20:52:25.228274,1786373852673,POST,http://localhost/api/cicd/execute,0,6.57,"HTTPConnectionPool(host='localhost', port=80): Max retries exceeded with url: /api/cicd/execute (Caused by NewConnectionError(""HTTPConnection(host='localhost', port=80): Failed to establish a new connection: [Errno 111] Connection refused""))"
2026-09-09T20:52:25.228726,1786374210148,GET,http://localhost/api/cicd/status/40665,0,4.53,"HTTPConnectionPool(host='localhost', port=80): Max retries exceeded with url: /api/cicd/status/40665 (Caused by NewConnectionError(""HTTPConnection(host='localhost', port=80): Failed to establish a new connection: [Errno 111] Connection refused""))"
2026-09-09T20:52:25.228960,1786373852673,POST,http://localhost/api/cicd/execute,0,8.81,"HTTPConnectionPool(host='localhost', port=80): Max retries exceeded with url: /api/cicd/execute (Caused by NewConnectionError(""HTTPConnection(host='localhost', port=80): Failed to establish a new connection: [Errno 111] Connection refused""))"
2026-09-09T20:52:25.229220,1786374210148,GET,http://localhost/api/cicd/status/40665,0,11.31,"HTTPConnectionPool(host='localhost', port=80): Max retries exceeded with url: /api/cicd/status/40665 (Caused by NewConnectionError(""HTTPConnection(host='localhost', port=80): Failed to establish a new connection: [Errno 111] Connection refused""))"
2026-09-09T20:52:25.229652,1786373852673,POST,http://localhost/api/cicd/execute,0,10.65,"HTTPConnectionPool(host='localhost', port=80): Max retries exceeded with url: /api/cicd/execute (Caused by NewConnectionError(""HTTPConnection(host='localhost', port=80): Failed to establish a new connection: [Errno 111] Connection refused""))"
2026-09-09T20:52:25.229966,1786374210148,GET,http://localhost/api/cicd/status/40665,0,7.13,"HTTPConnectionPool(host='localhost', port=80): Max retries exceeded with url: /api/cicd/status/40665 (Caused by NewConnectionError(""HTTPConnection(host='localhost', port=80): Failed to establish a new connection: [Errno 111] Connection refused""))"
2026-09-09T20:52:25.293562,1786373852673,POST,http://localhost/api/cicd/execute,0,1.75,"HTTPConnectionPool(host='localhost', port=80): Max retries exceeded with url: /api/cicd/execute (Caused by NewConnectionError(""HTTPConnection(host='localhost', port=80): Failed to establish a new connection: [Errno 111] Connection refused""))"
2026-09-09T20:52:25.339941,1786373852673,POST,http://localhost/api/cicd/execute,0,13.35,"HTTPConnectionPool(host='localhost', port=80): Max retries exceeded with url: /api/cicd/execute (Caused by NewConnectionError(""HTTPConnection(host='localhost', port=80): Failed to establish a new connection: [Errno 111] Connection refused""))"
2026-09-09T20:52:25.340803,1786373852673,POST,http://localhost/api/cicd/execute,0,10.77,"HTTPConnectionPool(host='localhost', port=80): Max retries exceeded with url: /api/cicd/execute (Caused by NewConnectionError(""HTTPConnection(host='localhost', port=80): Failed to establish a new connection: [Errno 111] Connection refused""))"
2026-09-09T20:52:25.341633,1786374210148,GET,http://localhost/api/cicd/status/40665,0,13.91,"HTTPConnectionPool(host='localhost', port=80): Max retries exceeded with url: /api/cicd/status/40665 (Caused by NewConnectionError(""HTTPConnection(host='localhost', port=80): Failed to establish a new connection: [Errno 111] Connection refused""))"
2026-09-09T20:52:25.341902,1786373852673,POST,http://localhost/api/cicd/execute,0,12.99,"HTTPConnectionPool(host='localhost', port=80): Max retries exceeded with url: /api/cicd/execute (Caused by NewConnectionError(""HTTPConnection(host='localhost', port=80): Failed to establish a new connection: [Errno 111] Connection refused""))"
2026-09-09T20:52:25.342171,1786374210148,GET,http://localhost/api/cicd/status/40665,0,10.19,"HTTPConnectionPool(host='localhost', port=80): Max retries exceeded with url: /api/cicd/status/40665 (Caused by NewConnectionError(""HTTPConnection(host='localhost', port=80): Failed to establish a new connection: [Errno 111] Connection refused""))"
2026-09-09T20:52:25.342613,1786373852673,POST,http://localhost/api/cicd/execute,0,6.78,"HTTPConnectionPool(host='localhost', port=80): Max retries exceeded with url: /api/cicd/execute (Caused by NewConnectionError(""HTTPConnection(host='localhost', port=80): Failed to establish a new connection: [Errno 111] Connection refused""))"
2026-09-09T20:52:25.342927,1786373852673,POST,http://localhost/api/cicd/execute,0,5.02,"HTTPConnectionPool(host='localhost', port=80): Max retries exceeded with url: /api/cicd/execute (Caused by NewConnectionError(""HTTPConnection(host='localhost', port=80): Failed to establish a new connection: [Errno 111] Connection refused""))"
2026-09-09T20:52:25.343306,1786374210148,GET,http://localhost/api/cicd/status/40665,0,9.0,"HTTPConnectionPool(host='localhost', port=80): Max retries exceeded with url: /api/cicd/status/40665 (Caused by NewConnectionError(""HTTPConnection(host='localhost', port=80): Failed to establish a new connection: [Errno 111] Connection refused""))"
2026-09-09T20:52:25.343557,1786374210148,GET,http://localhost/api/cicd/status/40665,0,10.35,"HTTPConnectionPool(host='localhost', port=80): Max retries exceeded with url: /api/cicd/status/40665 (Caused by NewConnectionError(""HTTPConnection(host='localhost', port=80): Failed to establish a new connection: [Errno 111] Connection refused""))"
2026-09-09T20:52:25.395517,1786374210148,GET,http://localhost/api/cicd/status/40665,0,1.77,"HTTPConnectionPool(host='localhost', port=80): Max retries exceeded with url: /api/cicd/status/40665 (Caused by NewConnectionError(""HTTPConnection(host='localhost', port=80): Failed to establish a new connection: [Errno 111] Connection refused""))"
2026-09-09T20:52:25.451513,1786374210148,GET,http://localhost/api/cicd/status/40665,0,11.39,"HTTPConnectionPool(host='localhost', port=80): Max retries exceeded with url: /api/cicd/status/40665 (Caused by NewConnectionError(""HTTPConnection(host='localhost', port=80): Failed to establish a new connection: [Errno 111] Connection refused""))"
2026-09-09T20:52:25.453239,1786373852673,POST,http://localhost/api/cicd/execute,0,6.58,"HTTPConnectionPool(host='localhost', port=80): Max retries exceeded with url: /api/cicd/execute (Caused by NewConnectionError(""HTTPConnection(host='localhost', port=80): Failed to establish a new connection: [Errno 111] Connection refused""))"
2026-09-09T20:52:25.453988,1786373852673,POST,http://localhost/api/cicd/execute,0,4.57,"HTTPConnectionPool(host='localhost', port=80): Max retries exceeded with url: /api/cicd/execute (Caused by NewConnectionError(""HTTPConnection(host='localhost', port=80): Failed to establish a new connection: [Errno 111] Connection refused""))"
2026-09-09T20:52:25.454454,1786373852673,POST,http://localhost/api/cicd/execute,0,10.74,"HTTPConnectionPool(host='localhost', port=80): Max retries exceeded with url: /api/cicd/execute (Caused by NewConnectionError(""HTTPConnection(host='localhost', port=80): Failed to establish a new connection: [Errno 111] Connection refused""))"
2026-09-09T20:52:25.455350,1786374210148,GET,http://localhost/api/cicd/status/40665,0,10.43,"HTTPConnectionPool(host='localhost', port=80): Max retries exceeded with url: /api/cicd/status/40665 (Caused by NewConnectionError(""HTTPConnection(host='localhost', port=80): Failed to establish a new connection: [Errno 111] Connection refused""))"
2026-09-09T20:52:25.455777,1786373852673,POST,http://localhost/api/cicd/execute,0,13.27,"HTTPConnectionPool(host='localhost', port=80): Max retries exceeded with url: /api/cicd/execute (Caused by NewConnectionError(""HTTPConnection(host='localhost', port=80): Failed to establish a new connection: [Errno 111] Connection refused""))"
2026-09-09T20:52:25.456295,1786374210148,GET,http://localhost/api/cicd/status/40665,0,8.19,"HTTPConnectionPool(host='localhost', port=80): Max retries exceeded with url: /api/cicd/status/40665 (Caused by NewConnectionError(""HTTPConnection(host='localhost', port=80): Failed to establish a new connection: [Errno 111] Connection refused""))"
2026-09-09T20:52:25.456693,1786374210148,GET,http://localhost/api/cicd/status/40665,0,15.44,"HTTPConnectionPool(host='localhost', port=80): Max retries exceeded with url: /api/cicd/status/40665 (Caused by NewConnectionError(""HTTPConnection(host='localhost', port=80): Failed to establish a new connection: [Errno 111] Connection refused""))"
2026-09-09T20:52:25.457010,1786374210148,GET,http://localhost/api/cicd/status/40665,0,5.1,"HTTPConnectionPool(host='localhost', port=80): Max retries exceeded with url: /api/cicd/status/40665 (Caused by NewConnectionError(""HTTPConnection(host='localhost', port=80): Failed to establish a new connection: [Errno 111] Connection refused""))"
2026-09-09T20:52:25.497395,1786373852673,POST,http://localhost/api/cicd/execute,0,1.7,"HTTPConnectionPool(host='localhost', port=80): Max retries exceeded with url: /api/cicd/execute (Caused by NewConnectionError(""HTTPConnection(host='localhost', port=80): Failed to establish a new connection: [Errno 111] Connection refused""))"
2026-09-09T20:52:25.553370,1786373852673,POST,http://localhost/api/cicd/execute,0,1.68,"HTTPConnectionPool(host='localhost', port=80): Max retries exceeded with url: /api/cicd/execute (Caused by NewConnectionError(""HTTPConnection(host='localhost', port=80): Failed to establish a new connection: [Errno 111] Connection refused""))"
2026-09-09T20:52:25.564496,1786374210148,GET,http://localhost/api/cicd/status/40665,0,10.96,"HTTPConnectionPool(host='localhost', port=80): Max retries exceeded with url: /api/cicd/status/40665 (Caused by NewConnectionError(""HTTPConnection(host='localhost', port=80): Failed to establish a new connection: [Errno 111] Connection refused""))"
2026-09-09T20:52:25.564794,1786374210148,GET,http://localhost/api/cicd/status/40665,0,10.16,"HTTPConnectionPool(host='localhost', port=80): Max retries exceeded with url: /api/cicd/status/40665 (Caused by NewConnectionError(""HTTPConnection(host='localhost', port=80): Failed to establish a new connection: [Errno 111] Connection refused""))"
2026-09-09T20:52:25.565460,1786374210148,GET,http://localhost/api/cicd/status/40665,0,9.74,"HTTPConnectionPool(host='localhost', port=80): Max retries exceeded with url: /api/cicd/status/40665 (Caused by NewConnectionError(""HTTPConnection(host='localhost', port=80): Failed to establish a new connection: [Errno 111] Connection refused""))"
2026-09-09T20:52:25.566051,1786373852673,POST,http://localhost/api/cicd/execute,0,6.84,"HTTPConnectionPool(host='localhost', port=80): Max retries exceeded with url: /api/cicd/execute (Caused by NewConnectionError(""HTTPConnection(host='localhost', port=80): Failed to establish a new connection: [Errno 111] Connection refused""))"
2026-09-09T20:52:25.566329,1786373852673,POST,http://localhost/api/cicd/execute,0,8.26,"HTTPConnectionPool(host='localhost', port=80): Max retries exceeded with url: /api/cicd/execute (Caused by NewConnectionError(""HTTPConnection(host='localhost', port=80): Failed to establish a new connection: [Errno 111] Connection refused""))"
2026-09-09T20:52:25.566727,1786373852673,POST,http://localhost/api/cicd/execute,0,9.78,"HTTPConnectionPool(host='localhost', port=80): Max retries exceeded with url: /api/cicd/execute (Caused by NewConnectionError(""HTTPConnection(host='localhost', port=80): Failed to establish a new connection: [Errno 111] Connection refused""))"
2026-09-09T20:52:25.567120,1786374210148,GET,http://localhost/api/cicd/status/40665,0,6.55,"HTTPConnectionPool(host='localhost', port=80): Max retries exceeded with url: /api/cicd/status/40665 (Caused by NewConnectionError(""HTTPConnection(host='localhost', port=80): Failed to establish a new connection: [Errno 111] Connection refused""))"
2026-09-09T20:52:25.567397,1786373852673,POST,http://localhost/api/cicd/execute,0,5.43,"HTTPConnectionPool(host='localhost', port=80): Max retries exceeded with url: /api/cicd/execute (Caused by NewConnectionError(""HTTPConnection(host='localhost', port=80): Failed to establish a new connection: [Errno 111] Connection refused""))"
2026-09-09T20:52:25.599692,1786374210148,GET,http://localhost/api/cicd/status/40665,0,2.12,"HTTPConnectionPool(host='localhost', port=80): Max retries exceeded with url: /api/cicd/status/40665 (Caused by NewConnectionError(""HTTPConnection(host='localhost', port=80): Failed to establish a new connection: [Errno 111] Connection refused""))"
2026-09-09T20:52:25.655237,1786374210148,GET,http://localhost/api/cicd/status/40665,0,1.68,"HTTPConnectionPool(host='localhost', port=80): Max retries exceeded with url: /api/cicd/status/40665 (Caused by NewConnectionError(""HTTPConnection(host='localhost', port=80): Failed to establish a new connection: [Errno 111] Connection refused""))"
2026-09-09T20:52:25.674995,1786373852673,POST,http://localhost/api/cicd/execute,0,10.32,"HTTPConnectionPool(host='localhost', port=80): Max retries exceeded with url: /api/cicd/execute (Caused by NewConnectionError(""HTTPConnection(host='localhost', port=80): Failed to establish a new connection: [Errno 111] Connection refused""))"
2026-09-09T20:52:25.676257,1786374210148,GET,http://localhost/api/cicd/status/40665,0,9.36,"HTTPConnectionPool(host='localhost', port=80): Max retries exceeded with url: /api/cicd/status/40665 (Caused by NewConnectionError(""HTTPConnection(host='localhost', port=80): Failed to establish a new connection: [Errno 111] Connection refused""))"
2026-09-09T20:52:25.676529,1786374210148,GET,http://localhost/api/cicd/status/40665,0,8.42,"HTTPConnectionPool(host='localhost', port=80): Max retries exceeded with url: /api/cicd/status/40665 (Caused by NewConnectionError(""HTTPConnection(host='localhost', port=80): Failed to establish a new connection: [Errno 111] Connection refused""))"
2026-09-09T20:52:25.677029,1786373852673,POST,http://localhost/api/cicd/execute,0,11.22,"HTTPConnectionPool(host='localhost', port=80): Max retries exceeded with url: /api/cicd/execute (Caused by NewConnectionError(""HTTPConnection(host='localhost', port=80): Failed to establish a new connection: [Errno 111] Connection refused""))"
2026-09-09T20:52:25.677380,1786374210148,GET,http://localhost/api/cicd/status/40665,0,6.83,"HTTPConnectionPool(host='localhost', port=80): Max retries exceeded with url: /api/cicd/status/40665 (Caused by NewConnectionError(""HTTPConnection(host='localhost', port=80): Failed to establish a new connection: [Errno 111] Connection refused""))"
2026-09-09T20:52:25.677714,1786373852673,POST,http://localhost/api/cicd/execute,0,5.96,"HTTPConnectionPool(host='localhost', port=80): Max retries exceeded with url: /api/cicd/execute (Caused by NewConnectionError(""HTTPConnection(host='localhost', port=80): Failed to establish a new connection: [Errno 111] Connection refused""))"
2026-09-09T20:52:25.678103,1786373852673,POST,http://localhost/api/cicd/execute,0,8.76,"HTTPConnectionPool(host='localhost', port=80): Max retries exceeded with url: /api/cicd/execute (Caused by NewConnectionError(""HTTPConnection(host='localhost', port=80): Failed to establish a new connection: [Errno 111] Connection refused""))"
2026-09-09T20:52:25.678467,1786374210148,GET,http://localhost/api/cicd/status/40665,0,5.16,"HTTPConnectionPool(host='localhost', port=80): Max retries exceeded with url: /api/cicd/status/40665 (Caused by NewConnectionError(""HTTPConnection(host='localhost', port=80): Failed to establish a new connection: [Errno 111] Connection refused""))"
2026-09-09T20:52:25.701597,1786373852673,POST,http://localhost/api/cicd/execute,0,1.71,"HTTPConnectionPool(host='localhost', port=80): Max retries exceeded with url: /api/cicd/execute (Caused by NewConnectionError(""HTTPConnection(host='localhost', port=80): Failed to establish a new connection: [Errno 111] Connection refused""))"
2026-09-09T20:52:25.757114,1786373852673,POST,http://localhost/api/cicd/execute,0,1.74,"HTTPConnectionPool(host='localhost', port=80): Max retries exceeded with url: /api/cicd/execute (Caused by NewConnectionError(""HTTPConnection(host='localhost', port=80): Failed to establish a new connection: [Errno 111] Connection refused""))"
2026-09-09T20:52:25.786522,1786374210148,GET,http://localhost/api/cicd/status/40665,0,6.17,"HTTPConnectionPool(host='localhost', port=80): Max retries exceeded with url: /api/cicd/status/40665 (Caused by NewConnectionError(""HTTPConnection(host='localhost', port=80): Failed to establish a new connection: [Errno 111] Connection refused""))"
2026-09-09T20:52:25.786723,1786373852673,POST,http://localhost/api/cicd/execute,0,10.29,"HTTPConnectionPool(host='localhost', port=80): Max retries exceeded with url: /api/cicd/execute (Caused by NewConnectionError(""HTTPConnection(host='localhost', port=80): Failed to establish a new connection: [Errno 111] Connection refused""))"
2026-09-09T20:52:25.787050,1786374210148,GET,http://localhost/api/cicd/status/40665,0,11.88,"HTTPConnectionPool(host='localhost', port=80): Max retries exceeded with url: /api/cicd/status/40665 (Caused by NewConnectionError(""HTTPConnection(host='localhost', port=80): Failed to establish a new connection: [Errno 111] Connection refused""))"
2026-09-09T20:52:25.787388,1786374210148,GET,http://localhost/api/cicd/status/40665,0,4.61,"HTTPConnectionPool(host='localhost', port=80): Max retries exceeded with url: /api/cicd/status/40665 (Caused by NewConnectionError(""HTTPConnection(host='localhost', port=80): Failed to establish a new connection: [Errno 111] Connection refused""))"
2026-09-09T20:52:25.787840,1786373852673,POST,http://localhost/api/cicd/execute,0,9.02,"HTTPConnectionPool(host='localhost', port=80): Max retries exceeded with url: /api/cicd/execute (Caused by NewConnectionError(""HTTPConnection(host='localhost', port=80): Failed to establish a new connection: [Errno 111] Connection refused""))"
2026-09-09T20:52:25.788188,1786373852673,POST,http://localhost/api/cicd/execute,0,10.52,"HTTPConnectionPool(host='localhost', port=80): Max retries exceeded with url: /api/cicd/execute (Caused by NewConnectionError(""HTTPConnection(host='localhost', port=80): Failed to establish a new connection: [Errno 111] Connection refused""))"
2026-09-09T20:52:25.788527,1786374210148,GET,http://localhost/api/cicd/status/40665,0,6.8,"HTTPConnectionPool(host='localhost', port=80): Max retries exceeded with url: /api/cicd/status/40665 (Caused by NewConnectionError(""HTTPConnection(host='localhost', port=80): Failed to establish a new connection: [Errno 111] Connection refused""))"
2026-09-09T20:52:25.788812,1786373852673,POST,http://localhost/api/cicd/execute,0,4.69,"HTTPConnectionPool(host='localhost', port=80): Max retries exceeded with url: /api/cicd/execute (Caused by NewConnectionError(""HTTPConnection(host='localhost', port=80): Failed to establish a new connection: [Errno 111] Connection refused""))"
2026-09-09T20:52:25.803375,1786374210148,GET,http://localhost/api/cicd/status/40665,0,1.61,"HTTPConnectionPool(host='localhost', port=80): Max retries exceeded with url: /api/cicd/status/40665 (Caused by NewConnectionError(""HTTPConnection(host='localhost', port=80): Failed to establish a new connection: [Errno 111] Connection refused""))"
2026-09-09T20:52:25.858976,1786374210148,GET,http://localhost/api/cicd/status/40665,0,1.66,"HTTPConnectionPool(host='localhost', port=80): Max retries exceeded with url: /api/cicd/status/40665 (Caused by NewConnectionError(""HTTPConnection(host='localhost', port=80): Failed to establish a new connection: [Errno 111] Connection refused""))"
2026-09-09T20:52:25.897888,1786373852673,POST,http://localhost/api/cicd/execute,0,11.19,"HTTPConnectionPool(host='localhost', port=80): Max retries exceeded with url: /api/cicd/execute (Caused by NewConnectionError(""HTTPConnection(host='localhost', port=80): Failed to establish a new connection: [Errno 111] Connection refused""))"
2026-09-09T20:52:25.899158,1786373852673,POST,http://localhost/api/cicd/execute,0,3.38,"HTTPConnectionPool(host='localhost', port=80): Max retries exceeded with url: /api/cicd/execute (Caused by NewConnectionError(""HTTPConnection(host='localhost', port=80): Failed to establish a new connection: [Errno 111] Connection refused""))"
2026-09-09T20:52:25.899360,1786374210148,GET,http://localhost/api/cicd/status/40665,0,6.27,"HTTPConnectionPool(host='localhost', port=80): Max retries exceeded with url: /api/cicd/status/40665 (Caused by NewConnectionError(""HTTPConnection(host='localhost', port=80): Failed to establish a new connection: [Errno 111] Connection refused""))"
2026-09-09T20:52:25.899595,1786374210148,GET,http://localhost/api/cicd/status/40665,0,11.78,"HTTPConnectionPool(host='localhost', port=80): Max retries exceeded with url: /api/cicd/status/40665 (Caused by NewConnectionError(""HTTPConnection(host='localhost', port=80): Failed to establish a new connection: [Errno 111] Connection refused""))"
2026-09-09T20:52:25.899993,1786374210148,GET,http://localhost/api/cicd/status/40665,0,8.28,"HTTPConnectionPool(host='localhost', port=80): Max retries exceeded with url: /api/cicd/status/40665 (Caused by NewConnectionError(""HTTPConnection(host='localhost', port=80): Failed to establish a new connection: [Errno 111] Connection refused""))"
2026-09-09T20:52:25.900749,1786374210148,GET,http://localhost/api/cicd/status/40665,0,6.42,"HTTPConnectionPool(host='localhost', port=80): Max retries exceeded with url: /api/cicd/status/40665 (Caused by NewConnectionError(""HTTPConnection(host='localhost', port=80): Failed to establish a new connection: [Errno 111] Connection refused""))"
2026-09-09T20:52:25.901068,1786373852673,POST,http://localhost/api/cicd/execute,0,10.61,"HTTPConnectionPool(host='localhost', port=80): Max retries exceeded with url: /api/cicd/execute (Caused by NewConnectionError(""HTTPConnection(host='localhost', port=80): Failed to establish a new connection: [Errno 111] Connection refused""))"
2026-09-09T20:52:25.901314,1786373852673,POST,http://localhost/api/cicd/execute,0,12.42,"HTTPConnectionPool(host='localhost', port=80): Max retries exceeded with url: /api/cicd/execute (Caused by NewConnectionError(""HTTPConnection(host='localhost', port=80): Failed to establish a new connection: [Errno 111] Connection refused""))"
2026-09-09T20:52:25.905253,1786373852673,POST,http://localhost/api/cicd/execute,0,1.7,"HTTPConnectionPool(host='localhost', port=80): Max retries exceeded with url: /api/cicd/execute (Caused by NewConnectionError(""HTTPConnection(host='localhost', port=80): Failed to establish a new connection: [Errno 111] Connection refused""))"
2026-09-09T20:52:25.960837,1786373852673,POST,http://localhost/api/cicd/execute,0,1.67,"HTTPConnectionPool(host='localhost', port=80): Max retries exceeded with url: /api/cicd/execute (Caused by NewConnectionError(""HTTPConnection(host='localhost', port=80): Failed to establish a new connection: [Errno 111] Connection refused""))"
2026-09-09T20:52:26.009464,1786374210148,GET,http://localhost/api/cicd/status/40665,0,11.4,"HTTPConnectionPool(host='localhost', port=80): Max retries exceeded with url: /api/cicd/status/40665 (Caused by NewConnectionError(""HTTPConnection(host='localhost', port=80): Failed to establish a new connection: [Errno 111] Connection refused""))"
2026-09-09T20:52:26.012085,1786374210148,GET,http://localhost/api/cicd/status/40665,0,12.77,"HTTPConnectionPool(host='localhost', port=80): Max retries exceeded with url: /api/cicd/status/40665 (Caused by NewConnectionError(""HTTPConnection(host='localhost', port=80): Failed to establish a new connection: [Errno 111] Connection refused""))"
2026-09-09T20:52:26.012461,1786373852673,POST,http://localhost/api/cicd/execute,0,9.74,"HTTPConnectionPool(host='localhost', port=80): Max retries exceeded with url: /api/cicd/execute (Caused by NewConnectionError(""HTTPConnection(host='localhost', port=80): Failed to establish a new connection: [Errno 111] Connection refused""))"
2026-09-09T20:52:26.012933,1786374210148,GET,http://localhost/api/cicd/status/40665,0,7.2,"HTTPConnectionPool(host='localhost', port=80): Max retries exceeded with url: /api/cicd/status/40665 (Caused by NewConnectionError(""HTTPConnection(host='localhost', port=80): Failed to establish a new connection: [Errno 111] Connection refused""))"
2026-09-09T20:52:26.013231,1786373852673,POST,http://localhost/api/cicd/execute,0,12.8,"HTTPConnectionPool(host='localhost', port=80): Max retries exceeded with url: /api/cicd/execute (Caused by NewConnectionError(""HTTPConnection(host='localhost', port=80): Failed to establish a new connection: [Errno 111] Connection refused""))"
2026-09-09T20:52:26.013492,1786373852673,POST,http://localhost/api/cicd/execute,0,11.95,"HTTPConnectionPool(host='localhost', port=80): Max retries exceeded with url: /api/cicd/execute (Caused by NewConnectionError(""HTTPConnection(host='localhost', port=80): Failed to establish a new connection: [Errno 111] Connection refused""))"
2026-09-09T20:52:26.013720,1786373852673,POST,http://localhost/api/cicd/execute,0,9.5,"HTTPConnectionPool(host='localhost', port=80): Max retries exceeded with url: /api/cicd/execute (Caused by NewConnectionError(""HTTPConnection(host='localhost', port=80): Failed to establish a new connection: [Errno 111] Connection refused""))"
2026-09-09T20:52:26.014499,1786374210148,GET,http://localhost/api/cicd/status/40665,0,7.57,"HTTPConnectionPool(host='localhost', port=80): Max retries exceeded with url: /api/cicd/status/40665 (Caused by NewConnectionError(""HTTPConnection(host='localhost', port=80): Failed to establish a new connection: [Errno 111] Connection refused""))"
2026-09-09T20:52:26.014942,1786374210148,GET,http://localhost/api/cicd/status/40665,0,4.93,"HTTPConnectionPool(host='localhost', port=80): Max retries exceeded with url: /api/cicd/status/40665 (Caused by NewConnectionError(""HTTPConnection(host='localhost', port=80): Failed to establish a new connection: [Errno 111] Connection refused""))"
2026-09-09T20:52:26.062678,1786374210148,GET,http://localhost/api/cicd/status/40665,0,1.67,"HTTPConnectionPool(host='localhost', port=80): Max retries exceeded with url: /api/cicd/status/40665 (Caused by NewConnectionError(""HTTPConnection(host='localhost', port=80): Failed to establish a new connection: [Errno 111] Connection refused""))"
2026-09-09T20:52:26.111355,1786373852673,POST,http://localhost/api/cicd/execute,0,1.71,"HTTPConnectionPool(host='localhost', port=80): Max retries exceeded with url: /api/cicd/execute (Caused by NewConnectionError(""HTTPConnection(host='localhost', port=80): Failed to establish a new connection: [Errno 111] Connection refused""))"
2026-09-09T20:52:26.123674,1786373852673,POST,http://localhost/api/cicd/execute,0,11.44,"HTTPConnectionPool(host='localhost', port=80): Max retries exceeded with url: /api/cicd/execute (Caused by NewConnectionError(""HTTPConnection(host='localhost', port=80): Failed to establish a new connection: [Errno 111] Connection refused""))"
2026-09-09T20:52:26.124660,1786374210148,GET,http://localhost/api/cicd/status/40665,0,11.27,"HTTPConnectionPool(host='localhost', port=80): Max retries exceeded with url: /api/cicd/status/40665 (Caused by NewConnectionError(""HTTPConnection(host='localhost', port=80): Failed to establish a new connection: [Errno 111] Connection refused""))"
2026-09-09T20:52:26.125289,1786373852673,POST,http://localhost/api/cicd/execute,0,6.39,"HTTPConnectionPool(host='localhost', port=80): Max retries exceeded with url: /api/cicd/execute (Caused by NewConnectionError(""HTTPConnection(host='localhost', port=80): Failed to establish a new connection: [Errno 111] Connection refused""))"
2026-09-09T20:52:26.125562,1786374210148,GET,http://localhost/api/cicd/status/40665,0,9.03,"HTTPConnectionPool(host='localhost', port=80): Max retries exceeded with url: /api/cicd/status/40665 (Caused by NewConnectionError(""HTTPConnection(host='localhost', port=80): Failed to establish a new connection: [Errno 111] Connection refused""))"
2026-09-09T20:52:26.126536,1786373852673,POST,http://localhost/api/cicd/execute,0,11.21,"HTTPConnectionPool(host='localhost', port=80): Max retries exceeded with url: /api/cicd/execute (Caused by NewConnectionError(""HTTPConnection(host='localhost', port=80): Failed to establish a new connection: [Errno 111] Connection refused""))"
2026-09-09T20:52:26.126973,1786374210148,GET,http://localhost/api/cicd/status/40665,0,9.24,"HTTPConnectionPool(host='localhost', port=80): Max retries exceeded with url: /api/cicd/status/40665 (Caused by NewConnectionError(""HTTPConnection(host='localhost', port=80): Failed to establish a new connection: [Errno 111] Connection refused""))"
2026-09-09T20:52:26.127324,1786373852673,POST,http://localhost/api/cicd/execute,0,5.71,"HTTPConnectionPool(host='localhost', port=80): Max retries exceeded with url: /api/cicd/execute (Caused by NewConnectionError(""HTTPConnection(host='localhost', port=80): Failed to establish a new connection: [Errno 111] Connection refused""))"
2026-09-09T20:52:26.127636,1786374210148,GET,http://localhost/api/cicd/status/40665,0,7.27,"HTTPConnectionPool(host='localhost', port=80): Max retries exceeded with url: /api/cicd/status/40665 (Caused by NewConnectionError(""HTTPConnection(host='localhost', port=80): Failed to establish a new connection: [Errno 111] Connection refused""))"
2026-09-09T20:52:26.164546,1786373852673,POST,http://localhost/api/cicd/execute,0,1.69,"HTTPConnectionPool(host='localhost', port=80): Max retries exceeded with url: /api/cicd/execute (Caused by NewConnectionError(""HTTPConnection(host='localhost', port=80): Failed to establish a new connection: [Errno 111] Connection refused""))"
2026-09-09T20:52:26.213193,1786374210148,GET,http://localhost/api/cicd/status/40665,0,1.66,"HTTPConnectionPool(host='localhost', port=80): Max retries exceeded with url: /api/cicd/status/40665 (Caused by NewConnectionError(""HTTPConnection(host='localhost', port=80): Failed to establish a new connection: [Errno 111] Connection refused""))"
2026-09-09T20:52:26.235748,1786374210148,GET,http://localhost/api/cicd/status/40665,0,9.42,"HTTPConnectionPool(host='localhost', port=80): Max retries exceeded with url: /api/cicd/status/40665 (Caused by NewConnectionError(""HTTPConnection(host='localhost', port=80): Failed to establish a new connection: [Errno 111] Connection refused""))"
2026-09-09T20:52:26.236060,1786373852673,POST,http://localhost/api/cicd/execute,0,11.15,"HTTPConnectionPool(host='localhost', port=80): Max retries exceeded with url: /api/cicd/execute (Caused by NewConnectionError(""HTTPConnection(host='localhost', port=80): Failed to establish a new connection: [Errno 111] Connection refused""))"
2026-09-09T20:52:26.236876,1786373852673,POST,http://localhost/api/cicd/execute,0,9.25,"HTTPConnectionPool(host='localhost', port=80): Max retries exceeded with url: /api/cicd/execute (Caused by NewConnectionError(""HTTPConnection(host='localhost', port=80): Failed to establish a new connection: [Errno 111] Connection refused""))"
2026-09-09T20:52:26.237158,1786374210148,GET,http://localhost/api/cicd/status/40665,0,13.28,"HTTPConnectionPool(host='localhost', port=80): Max retries exceeded with url: /api/cicd/status/40665 (Caused by NewConnectionError(""HTTPConnection(host='localhost', port=80): Failed to establish a new connection: [Errno 111] Connection refused""))"
2026-09-09T20:52:26.237377,1786373852673,POST,http://localhost/api/cicd/execute,0,3.85,"HTTPConnectionPool(host='localhost', port=80): Max retries exceeded with url: /api/cicd/execute (Caused by NewConnectionError(""HTTPConnection(host='localhost', port=80): Failed to establish a new connection: [Errno 111] Connection refused""))"
2026-09-09T20:52:26.237755,1786374210148,GET,http://localhost/api/cicd/status/40665,0,8.71,"HTTPConnectionPool(host='localhost', port=80): Max retries exceeded with url: /api/cicd/status/40665 (Caused by NewConnectionError(""HTTPConnection(host='localhost', port=80): Failed to establish a new connection: [Errno 111] Connection refused""))"
2026-09-09T20:52:26.238122,1786374210148,GET,http://localhost/api/cicd/status/40665,0,5.77,"HTTPConnectionPool(host='localhost', port=80): Max retries exceeded with url: /api/cicd/status/40665 (Caused by NewConnectionError(""HTTPConnection(host='localhost', port=80): Failed to establish a new connection: [Errno 111] Connection refused""))"
2026-09-09T20:52:26.238626,1786373852673,POST,http://localhost/api/cicd/execute,0,8.5,"HTTPConnectionPool(host='localhost', port=80): Max retries exceeded with url: /api/cicd/execute (Caused by NewConnectionError(""HTTPConnection(host='localhost', port=80): Failed to establish a new connection: [Errno 111] Connection refused""))"
2026-09-09T20:52:26.266403,1786374210148,GET,http://localhost/api/cicd/status/40665,0,1.67,"HTTPConnectionPool(host='localhost', port=80): Max retries exceeded with url: /api/cicd/status/40665 (Caused by NewConnectionError(""HTTPConnection(host='localhost', port=80): Failed to establish a new connection: [Errno 111] Connection refused""))"
2026-09-09T20:52:26.315543,1786373852673,POST,http://localhost/api/cicd/execute,0,2.17,"HTTPConnectionPool(host='localhost', port=80): Max retries exceeded with url: /api/cicd/execute (Caused by NewConnectionError(""HTTPConnection(host='localhost', port=80): Failed to establish a new connection: [Errno 111] Connection refused""))"
2026-09-09T20:52:26.347010,1786374210148,GET,http://localhost/api/cicd/status/40665,0,9.96,"HTTPConnectionPool(host='localhost', port=80): Max retries exceeded with url: /api/cicd/status/40665 (Caused by NewConnectionError(""HTTPConnection(host='localhost', port=80): Failed to establish a new connection: [Errno 111] Connection refused""))"
2026-09-09T20:52:26.347930,1786374210148,GET,http://localhost/api/cicd/status/40665,0,9.76,"HTTPConnectionPool(host='localhost', port=80): Max retries exceeded with url: /api/cicd/status/40665 (Caused by NewConnectionError(""HTTPConnection(host='localhost', port=80): Failed to establish a new connection: [Errno 111] Connection refused""))"
2026-09-09T20:52:26.348515,1786373852673,POST,http://localhost/api/cicd/execute,0,12.58,"HTTPConnectionPool(host='localhost', port=80): Max retries exceeded with url: /api/cicd/execute (Caused by NewConnectionError(""HTTPConnection(host='localhost', port=80): Failed to establish a new connection: [Errno 111] Connection refused""))"
2026-09-09T20:52:26.348906,1786373852673,POST,http://localhost/api/cicd/execute,0,5.57,"HTTPConnectionPool(host='localhost', port=80): Max retries exceeded with url: /api/cicd/execute (Caused by NewConnectionError(""HTTPConnection(host='localhost', port=80): Failed to establish a new connection: [Errno 111] Connection refused""))"
2026-09-09T20:52:26.349412,1786373852673,POST,http://localhost/api/cicd/execute,0,9.9,"HTTPConnectionPool(host='localhost', port=80): Max retries exceeded with url: /api/cicd/execute (Caused by NewConnectionError(""HTTPConnection(host='localhost', port=80): Failed to establish a new connection: [Errno 111] Connection refused""))"
2026-09-09T20:52:26.349780,1786373852673,POST,http://localhost/api/cicd/execute,0,9.07,"HTTPConnectionPool(host='localhost', port=80): Max retries exceeded with url: /api/cicd/execute (Caused by NewConnectionError(""HTTPConnection(host='localhost', port=80): Failed to establish a new connection: [Errno 111] Connection refused""))"
2026-09-09T20:52:26.350071,1786374210148,GET,http://localhost/api/cicd/status/40665,0,5.18,"HTTPConnectionPool(host='localhost', port=80): Max retries exceeded with url: /api/cicd/status/40665 (Caused by NewConnectionError(""HTTPConnection(host='localhost', port=80): Failed to establish a new connection: [Errno 111] Connection refused""))"
2026-09-09T20:52:26.350515,1786374210148,GET,http://localhost/api/cicd/status/40665,0,8.56,"HTTPConnectionPool(host='localhost', port=80): Max retries exceeded with url: /api/cicd/status/40665 (Caused by NewConnectionError(""HTTPConnection(host='localhost', port=80): Failed to establish a new connection: [Errno 111] Connection refused""))"
2026-09-09T20:52:26.368276,1786373852673,POST,http://localhost/api/cicd/execute,0,1.69,"HTTPConnectionPool(host='localhost', port=80): Max retries exceeded with url: /api/cicd/execute (Caused by NewConnectionError(""HTTPConnection(host='localhost', port=80): Failed to establish a new connection: [Errno 111] Connection refused""))"
2026-09-09T20:52:26.417404,1786374210148,GET,http://localhost/api/cicd/status/40665,0,1.68,"HTTPConnectionPool(host='localhost', port=80): Max retries exceeded with url: /api/cicd/status/40665 (Caused by NewConnectionError(""HTTPConnection(host='localhost', port=80): Failed to establish a new connection: [Errno 111] Connection refused""))"
2026-09-09T20:52:26.458329,1786373852673,POST,http://localhost/api/cicd/execute,0,11.14,"HTTPConnectionPool(host='localhost', port=80): Max retries exceeded with url: /api/cicd/execute (Caused by NewConnectionError(""HTTPConnection(host='localhost', port=80): Failed to establish a new connection: [Errno 111] Connection refused""))"
2026-09-09T20:52:26.459394,1786374210148,GET,http://localhost/api/cicd/status/40665,0,9.54,"HTTPConnectionPool(host='localhost', port=80): Max retries exceeded with url: /api/cicd/status/40665 (Caused by NewConnectionError(""HTTPConnection(host='localhost', port=80): Failed to establish a new connection: [Errno 111] Connection refused""))"
2026-09-09T20:52:26.459912,1786373852673,POST,http://localhost/api/cicd/execute,0,6.13,"HTTPConnectionPool(host='localhost', port=80): Max retries exceeded with url: /api/cicd/execute (Caused by NewConnectionError(""HTTPConnection(host='localhost', port=80): Failed to establish a new connection: [Errno 111] Connection refused""))"
2026-09-09T20:52:26.460284,1786374210148,GET,http://localhost/api/cicd/status/40665,0,4.02,"HTTPConnectionPool(host='localhost', port=80): Max retries exceeded with url: /api/cicd/status/40665 (Caused by NewConnectionError(""HTTPConnection(host='localhost', port=80): Failed to establish a new connection: [Errno 111] Connection refused""))"
2026-09-09T20:52:26.460692,1786373852673,POST,http://localhost/api/cicd/execute,0,5.77,"HTTPConnectionPool(host='localhost', port=80): Max retries exceeded with url: /api/cicd/execute (Caused by NewConnectionError(""HTTPConnection(host='localhost', port=80): Failed to establish a new connection: [Errno 111] Connection refused""))"
2026-09-09T20:52:26.461294,1786373852673,POST,http://localhost/api/cicd/execute,0,12.77,"HTTPConnectionPool(host='localhost', port=80): Max retries exceeded with url: /api/cicd/execute (Caused by NewConnectionError(""HTTPConnection(host='localhost', port=80): Failed to establish a new connection: [Errno 111] Connection refused""))"
2026-09-09T20:52:26.461763,1786374210148,GET,http://localhost/api/cicd/status/40665,0,10.67,"HTTPConnectionPool(host='localhost', port=80): Max retries exceeded with url: /api/cicd/status/40665 (Caused by NewConnectionError(""HTTPConnection(host='localhost', port=80): Failed to establish a new connection: [Errno 111] Connection refused""))"
2026-09-09T20:52:26.462041,1786374210148,GET,http://localhost/api/cicd/status/40665,0,9.34,"HTTPConnectionPool(host='localhost', port=80): Max retries exceeded with url: /api/cicd/status/40665 (Caused by NewConnectionError(""HTTPConnection(host='localhost', port=80): Failed to establish a new connection: [Errno 111] Connection refused""))"
2026-09-09T20:52:26.470112,1786374210148,GET,http://localhost/api/cicd/status/40665,0,1.65,"HTTPConnectionPool(host='localhost', port=80): Max retries exceeded with url: /api/cicd/status/40665 (Caused by NewConnectionError(""HTTPConnection(host='localhost', port=80): Failed to establish a new connection: [Errno 111] Connection refused""))"
2026-09-09T20:52:26.519275,1786373852673,POST,http://localhost/api/cicd/execute,0,1.69,"HTTPConnectionPool(host='localhost', port=80): Max retries exceeded with url: /api/cicd/execute (Caused by NewConnectionError(""HTTPConnection(host='localhost', port=80): Failed to establish a new connection: [Errno 111] Connection refused""))"
2026-09-09T20:52:26.576662,1786374210148,GET,http://localhost/api/cicd/status/40665,0,18.15,"HTTPConnectionPool(host='localhost', port=80): Max retries exceeded with url: /api/cicd/status/40665 (Caused by NewConnectionError(""HTTPConnection(host='localhost', port=80): Failed to establish a new connection: [Errno 111] Connection refused""))"
2026-09-09T20:52:26.577544,1786374210148,GET,http://localhost/api/cicd/status/40665,0,16.54,"HTTPConnectionPool(host='localhost', port=80): Max retries exceeded with url: /api/cicd/status/40665 (Caused by NewConnectionError(""HTTPConnection(host='localhost', port=80): Failed to establish a new connection: [Errno 111] Connection refused""))"
2026-09-09T20:52:26.578115,1786373852673,POST,http://localhost/api/cicd/execute,0,18.54,"HTTPConnectionPool(host='localhost', port=80): Max retries exceeded with url: /api/cicd/execute (Caused by NewConnectionError(""HTTPConnection(host='localhost', port=80): Failed to establish a new connection: [Errno 111] Connection refused""))"
2026-09-09T20:52:26.578912,1786374210148,GET,http://localhost/api/cicd/status/40665,0,16.82,"HTTPConnectionPool(host='localhost', port=80): Max retries exceeded with url: /api/cicd/status/40665 (Caused by NewConnectionError(""HTTPConnection(host='localhost', port=80): Failed to establish a new connection: [Errno 111] Connection refused""))"
2026-09-09T20:52:26.579350,1786373852673,POST,http://localhost/api/cicd/execute,0,7.86,"HTTPConnectionPool(host='localhost', port=80): Max retries exceeded with url: /api/cicd/execute (Caused by NewConnectionError(""HTTPConnection(host='localhost', port=80): Failed to establish a new connection: [Errno 111] Connection refused""))"
2026-09-09T20:52:26.579754,1786373852673,POST,http://localhost/api/cicd/execute,0,15.9,"HTTPConnectionPool(host='localhost', port=80): Max retries exceeded with url: /api/cicd/execute (Caused by NewConnectionError(""HTTPConnection(host='localhost', port=80): Failed to establish a new connection: [Errno 111] Connection refused""))"
2026-09-09T20:52:26.580201,1786373852673,POST,http://localhost/api/cicd/execute,0,7.48,"HTTPConnectionPool(host='localhost', port=80): Max retries exceeded with url: /api/cicd/execute (Caused by NewConnectionError(""HTTPConnection(host='localhost', port=80): Failed to establish a new connection: [Errno 111] Connection refused""))"
2026-09-09T20:52:26.580451,1786374210148,GET,http://localhost/api/cicd/status/40665,0,6.26,"HTTPConnectionPool(host='localhost', port=80): Max retries exceeded with url: /api/cicd/status/40665 (Caused by NewConnectionError(""HTTPConnection(host='localhost', port=80): Failed to establish a new connection: [Errno 111] Connection refused""))"
2026-09-09T20:52:26.580705,1786373852673,POST,http://localhost/api/cicd/execute,0,15.45,"HTTPConnectionPool(host='localhost', port=80): Max retries exceeded with url: /api/cicd/execute (Caused by NewConnectionError(""HTTPConnection(host='localhost', port=80): Failed to establish a new connection: [Errno 111] Connection refused""))"
2026-09-09T20:52:26.621151,1786374210148,GET,http://localhost/api/cicd/status/40665,0,1.67,"HTTPConnectionPool(host='localhost', port=80): Max retries exceeded with url: /api/cicd/status/40665 (Caused by NewConnectionError(""HTTPConnection(host='localhost', port=80): Failed to establish a new connection: [Errno 111] Connection refused""))"
2026-09-09T20:52:26.688872,1786373852673,POST,http://localhost/api/cicd/execute,0,12.03,"HTTPConnectionPool(host='localhost', port=80): Max retries exceeded with url: /api/cicd/execute (Caused by NewConnectionError(""HTTPConnection(host='localhost', port=80): Failed to establish a new connection: [Errno 111] Connection refused""))"
2026-09-09T20:52:26.690281,1786374210148,GET,http://localhost/api/cicd/status/40665,0,6.91,"HTTPConnectionPool(host='localhost', port=80): Max retries exceeded with url: /api/cicd/status/40665 (Caused by NewConnectionError(""HTTPConnection(host='localhost', port=80): Failed to establish a new connection: [Errno 111] Connection refused""))"
2026-09-09T20:52:26.691514,1786373852673,POST,http://localhost/api/cicd/execute,0,13.59,"HTTPConnectionPool(host='localhost', port=80): Max retries exceeded with url: /api/cicd/execute (Caused by NewConnectionError(""HTTPConnection(host='localhost', port=80): Failed to establish a new connection: [Errno 111] Connection refused""))"
2026-09-09T20:52:26.691909,1786374210148,GET,http://localhost/api/cicd/status/40665,0,12.69,"HTTPConnectionPool(host='localhost', port=80): Max retries exceeded with url: /api/cicd/status/40665 (Caused by NewConnectionError(""HTTPConnection(host='localhost', port=80): Failed to establish a new connection: [Errno 111] Connection refused""))"
2026-09-09T20:52:26.692726,1786373852673,POST,http://localhost/api/cicd/execute,0,5.27,"HTTPConnectionPool(host='localhost', port=80): Max retries exceeded with url: /api/cicd/execute (Caused by NewConnectionError(""HTTPConnection(host='localhost', port=80): Failed to establish a new connection: [Errno 111] Connection refused""))"
2026-09-09T20:52:26.693037,1786374210148,GET,http://localhost/api/cicd/status/40665,0,10.73,"HTTPConnectionPool(host='localhost', port=80): Max retries exceeded with url: /api/cicd/status/40665 (Caused by NewConnectionError(""HTTPConnection(host='localhost', port=80): Failed to establish a new connection: [Errno 111] Connection refused""))"
2026-09-09T20:52:26.693269,1786374210148,GET,http://localhost/api/cicd/status/40665,0,7.06,"HTTPConnectionPool(host='localhost', port=80): Max retries exceeded with url: /api/cicd/status/40665 (Caused by NewConnectionError(""HTTPConnection(host='localhost', port=80): Failed to establish a new connection: [Errno 111] Connection refused""))"
2026-09-09T20:52:26.693770,1786373852673,POST,http://localhost/api/cicd/execute,0,13.46,"HTTPConnectionPool(host='localhost', port=80): Max retries exceeded with url: /api/cicd/execute (Caused by NewConnectionError(""HTTPConnection(host='localhost', port=80): Failed to establish a new connection: [Errno 111] Connection refused""))"
2026-09-09T20:52:26.694172,1786374210148,GET,http://localhost/api/cicd/status/40665,0,9.4,"HTTPConnectionPool(host='localhost', port=80): Max retries exceeded with url: /api/cicd/status/40665 (Caused by NewConnectionError(""HTTPConnection(host='localhost', port=80): Failed to establish a new connection: [Errno 111] Connection refused""))"
2026-09-09T20:52:26.723055,1786373852673,POST,http://localhost/api/cicd/execute,0,1.72,"HTTPConnectionPool(host='localhost', port=80): Max retries exceeded with url: /api/cicd/execute (Caused by NewConnectionError(""HTTPConnection(host='localhost', port=80): Failed to establish a new connection: [Errno 111] Connection refused""))"
2026-09-09T20:52:26.800927,1786374210148,GET,http://localhost/api/cicd/status/40665,0,11.87,"HTTPConnectionPool(host='localhost', port=80): Max retries exceeded with url: /api/cicd/status/40665 (Caused by NewConnectionError(""HTTPConnection(host='localhost', port=80): Failed to establish a new connection: [Errno 111] Connection refused""))"
2026-09-09T20:52:26.801882,1786374210148,GET,http://localhost/api/cicd/status/40665,0,10.19,"HTTPConnectionPool(host='localhost', port=80): Max retries exceeded with url: /api/cicd/status/40665 (Caused by NewConnectionError(""HTTPConnection(host='localhost', port=80): Failed to establish a new connection: [Errno 111] Connection refused""))"
2026-09-09T20:52:26.802541,1786373852673,POST,http://localhost/api/cicd/execute,0,12.08,"HTTPConnectionPool(host='localhost', port=80): Max retries exceeded with url: /api/cicd/execute (Caused by NewConnectionError(""HTTPConnection(host='localhost', port=80): Failed to establish a new connection: [Errno 111] Connection refused""))"
2026-09-09T20:52:26.802743,1786374210148,GET,http://localhost/api/cicd/status/40665,0,4.86,"HTTPConnectionPool(host='localhost', port=80): Max retries exceeded with url: /api/cicd/status/40665 (Caused by NewConnectionError(""HTTPConnection(host='localhost', port=80): Failed to establish a new connection: [Errno 111] Connection refused""))"
2026-09-09T20:52:26.802979,1786374210148,GET,http://localhost/api/cicd/status/40665,0,8.81,"HTTPConnectionPool(host='localhost', port=80): Max retries exceeded with url: /api/cicd/status/40665 (Caused by NewConnectionError(""HTTPConnection(host='localhost', port=80): Failed to establish a new connection: [Errno 111] Connection refused""))"
2026-09-09T20:52:26.803289,1786373852673,POST,http://localhost/api/cicd/execute,0,4.47,"HTTPConnectionPool(host='localhost', port=80): Max retries exceeded with url: /api/cicd/execute (Caused by NewConnectionError(""HTTPConnection(host='localhost', port=80): Failed to establish a new connection: [Errno 111] Connection refused""))"
2026-09-09T20:52:26.803492,1786373852673,POST,http://localhost/api/cicd/execute,0,10.56,"HTTPConnectionPool(host='localhost', port=80): Max retries exceeded with url: /api/cicd/execute (Caused by NewConnectionError(""HTTPConnection(host='localhost', port=80): Failed to establish a new connection: [Errno 111] Connection refused""))"
2026-09-09T20:52:26.804331,1786373852673,POST,http://localhost/api/cicd/execute,0,7.03,"HTTPConnectionPool(host='localhost', port=80): Max retries exceeded with url: /api/cicd/execute (Caused by NewConnectionError(""HTTPConnection(host='localhost', port=80): Failed to establish a new connection: [Errno 111] Connection refused""))"
2026-09-09T20:52:26.804749,1786373852673,POST,http://localhost/api/cicd/execute,0,9.14,"HTTPConnectionPool(host='localhost', port=80): Max retries exceeded with url: /api/cicd/execute (Caused by NewConnectionError(""HTTPConnection(host='localhost', port=80): Failed to establish a new connection: [Errno 111] Connection refused""))"
2026-09-09T20:52:26.824783,1786374210148,GET,http://localhost/api/cicd/status/40665,0,1.55,"HTTPConnectionPool(host='localhost', port=80): Max retries exceeded with url: /api/cicd/status/40665 (Caused by NewConnectionError(""HTTPConnection(host='localhost', port=80): Failed to establish a new connection: [Errno 111] Connection refused""))"
2026-09-09T20:52:26.913991,1786373852673,POST,http://localhost/api/cicd/execute,0,12.88,"HTTPConnectionPool(host='localhost', port=80): Max retries exceeded with url: /api/cicd/execute (Caused by NewConnectionError(""HTTPConnection(host='localhost', port=80): Failed to establish a new connection: [Errno 111] Connection refused""))"
2026-09-09T20:52:26.914351,1786373852673,POST,http://localhost/api/cicd/execute,0,12.1,"HTTPConnectionPool(host='localhost', port=80): Max retries exceeded with url: /api/cicd/execute (Caused by NewConnectionError(""HTTPConnection(host='localhost', port=80): Failed to establish a new connection: [Errno 111] Connection refused""))"
2026-09-09T20:52:26.915005,1786373852673,POST,http://localhost/api/cicd/execute,0,9.38,"HTTPConnectionPool(host='localhost', port=80): Max retries exceeded with url: /api/cicd/execute (Caused by NewConnectionError(""HTTPConnection(host='localhost', port=80): Failed to establish a new connection: [Errno 111] Connection refused""))"
2026-09-09T20:52:26.915486,1786374210148,GET,http://localhost/api/cicd/status/40665,0,12.08,"HTTPConnectionPool(host='localhost', port=80): Max retries exceeded with url: /api/cicd/status/40665 (Caused by NewConnectionError(""HTTPConnection(host='localhost', port=80): Failed to establish a new connection: [Errno 111] Connection refused""))"
2026-09-09T20:52:26.915863,1786374210148,GET,http://localhost/api/cicd/status/40665,0,5.98,"HTTPConnectionPool(host='localhost', port=80): Max retries exceeded with url: /api/cicd/status/40665 (Caused by NewConnectionError(""HTTPConnection(host='localhost', port=80): Failed to establish a new connection: [Errno 111] Connection refused""))"
2026-09-09T20:52:26.916104,1786374210148,GET,http://localhost/api/cicd/status/40665,0,7.4,"HTTPConnectionPool(host='localhost', port=80): Max retries exceeded with url: /api/cicd/status/40665 (Caused by NewConnectionError(""HTTPConnection(host='localhost', port=80): Failed to establish a new connection: [Errno 111] Connection refused""))"
2026-09-09T20:52:26.916338,1786374210148,GET,http://localhost/api/cicd/status/40665,0,9.32,"HTTPConnectionPool(host='localhost', port=80): Max retries exceeded with url: /api/cicd/status/40665 (Caused by NewConnectionError(""HTTPConnection(host='localhost', port=80): Failed to establish a new connection: [Errno 111] Connection refused""))"
2026-09-09T20:52:26.916833,1786373852673,POST,http://localhost/api/cicd/execute,0,5.84,"HTTPConnectionPool(host='localhost', port=80): Max retries exceeded with url: /api/cicd/execute (Caused by NewConnectionError(""HTTPConnection(host='localhost', port=80): Failed to establish a new connection: [Errno 111] Connection refused""))"
2026-09-09T20:52:26.917146,1786374210148,GET,http://localhost/api/cicd/status/40665,0,12.61,"HTTPConnectionPool(host='localhost', port=80): Max retries exceeded with url: /api/cicd/status/40665 (Caused by NewConnectionError(""HTTPConnection(host='localhost', port=80): Failed to establish a new connection: [Errno 111] Connection refused""))"
2026-09-09T20:52:26.926678,1786373852673,POST,http://localhost/api/cicd/execute,0,1.72,"HTTPConnectionPool(host='localhost', port=80): Max retries exceeded with url: /api/cicd/execute (Caused by NewConnectionError(""HTTPConnection(host='localhost', port=80): Failed to establish a new connection: [Errno 111] Connection refused""))"
2026-09-09T20:52:27.027509,1786373852673,POST,http://localhost/api/cicd/execute,0,9.79,"HTTPConnectionPool(host='localhost', port=80): Max retries exceeded with url: /api/cicd/execute (Caused by NewConnectionError(""HTTPConnection(host='localhost', port=80): Failed to establish a new connection: [Errno 111] Connection refused""))"
2026-09-09T20:52:27.028040,1786374210148,GET,http://localhost/api/cicd/status/40665,0,13.87,"HTTPConnectionPool(host='localhost', port=80): Max retries exceeded with url: /api/cicd/status/40665 (Caused by NewConnectionError(""HTTPConnection(host='localhost', port=80): Failed to establish a new connection: [Errno 111] Connection refused""))"
2026-09-09T20:52:27.028541,1786373852673,POST,http://localhost/api/cicd/execute,0,8.99,"HTTPConnectionPool(host='localhost', port=80): Max retries exceeded with url: /api/cicd/execute (Caused by NewConnectionError(""HTTPConnection(host='localhost', port=80): Failed to establish a new connection: [Errno 111] Connection refused""))"
2026-09-09T20:52:27.028909,1786374210148,GET,http://localhost/api/cicd/status/40665,0,8.05,"HTTPConnectionPool(host='localhost', port=80): Max retries exceeded with url: /api/cicd/status/40665 (Caused by NewConnectionError(""HTTPConnection(host='localhost', port=80): Failed to establish a new connection: [Errno 111] Connection refused""))"
2026-09-09T20:52:27.029254,1786374210148,GET,http://localhost/api/cicd/status/40665,0,13.97,"HTTPConnectionPool(host='localhost', port=80): Max retries exceeded with url: /api/cicd/status/40665 (Caused by NewConnectionError(""HTTPConnection(host='localhost', port=80): Failed to establish a new connection: [Errno 111] Connection refused""))"
2026-09-09T20:52:27.029611,1786373852673,POST,http://localhost/api/cicd/execute,0,7.66,"HTTPConnectionPool(host='localhost', port=80): Max retries exceeded with url: /api/cicd/execute (Caused by NewConnectionError(""HTTPConnection(host='localhost', port=80): Failed to establish a new connection: [Errno 111] Connection refused""))"
2026-09-09T20:52:27.031240,1786373852673,POST,http://localhost/api/cicd/execute,0,7.8,"HTTPConnectionPool(host='localhost', port=80): Max retries exceeded with url: /api/cicd/execute (Caused by NewConnectionError(""HTTPConnection(host='localhost', port=80): Failed to establish a new connection: [Errno 111] Connection refused""))"
2026-09-09T20:52:27.031752,1786374210148,GET,http://localhost/api/cicd/status/40665,0,15.35,"HTTPConnectionPool(host='localhost', port=80): Max retries exceeded with url: /api/cicd/status/40665 (Caused by NewConnectionError(""HTTPConnection(host='localhost', port=80): Failed to establish a new connection: [Errno 111] Connection refused""))"
2026-09-09T20:52:27.032257,1786373852673,POST,http://localhost/api/cicd/execute,0,6.88,"HTTPConnectionPool(host='localhost', port=80): Max retries exceeded with url: /api/cicd/execute (Caused by NewConnectionError(""HTTPConnection(host='localhost', port=80): Failed to establish a new connection: [Errno 111] Connection refused""))"
2026-09-09T20:52:27.032729,1786374210148,GET,http://localhost/api/cicd/status/40665,0,2.87,"HTTPConnectionPool(host='localhost', port=80): Max retries exceeded with url: /api/cicd/status/40665 (Caused by NewConnectionError(""HTTPConnection(host='localhost', port=80): Failed to establish a new connection: [Errno 111] Connection refused""))"
2026-09-09T20:52:27.141188,1786373852673,POST,http://localhost/api/cicd/execute,0,12.4,"HTTPConnectionPool(host='localhost', port=80): Max retries exceeded with url: /api/cicd/execute (Caused by NewConnectionError(""HTTPConnection(host='localhost', port=80): Failed to establish a new connection: [Errno 111] Connection refused""))"
2026-09-09T20:52:27.142095,1786374210148,GET,http://localhost/api/cicd/status/40665,0,14.43,"HTTPConnectionPool(host='localhost', port=80): Max retries exceeded with url: /api/cicd/status/40665 (Caused by NewConnectionError(""HTTPConnection(host='localhost', port=80): Failed to establish a new connection: [Errno 111] Connection refused""))"
2026-09-09T20:52:27.142944,1786373852673,POST,http://localhost/api/cicd/execute,0,10.51,"HTTPConnectionPool(host='localhost', port=80): Max retries exceeded with url: /api/cicd/execute (Caused by NewConnectionError(""HTTPConnection(host='localhost', port=80): Failed to establish a new connection: [Errno 111] Connection refused""))"
2026-09-09T20:52:27.143426,1786374210148,GET,http://localhost/api/cicd/status/40665,0,9.61,"HTTPConnectionPool(host='localhost', port=80): Max retries exceeded with url: /api/cicd/status/40665 (Caused by NewConnectionError(""HTTPConnection(host='localhost', port=80): Failed to establish a new connection: [Errno 111] Connection refused""))"
2026-09-09T20:52:27.144001,1786374210148,GET,http://localhost/api/cicd/status/40665,0,14.05,"HTTPConnectionPool(host='localhost', port=80): Max retries exceeded with url: /api/cicd/status/40665 (Caused by NewConnectionError(""HTTPConnection(host='localhost', port=80): Failed to establish a new connection: [Errno 111] Connection refused""))"
2026-09-09T20:52:27.144464,1786374210148,GET,http://localhost/api/cicd/status/40665,0,5.23,"HTTPConnectionPool(host='localhost', port=80): Max retries exceeded with url: /api/cicd/status/40665 (Caused by NewConnectionError(""HTTPConnection(host='localhost', port=80): Failed to establish a new connection: [Errno 111] Connection refused""))"
2026-09-09T20:52:27.145307,1786373852673,POST,http://localhost/api/cicd/execute,0,14.14,"HTTPConnectionPool(host='localhost', port=80): Max retries exceeded with url: /api/cicd/execute (Caused by NewConnectionError(""HTTPConnection(host='localhost', port=80): Failed to establish a new connection: [Errno 111] Connection refused""))"
2026-09-09T20:52:27.145661,1786374210148,GET,http://localhost/api/cicd/status/40665,0,10.48,"HTTPConnectionPool(host='localhost', port=80): Max retries exceeded with url: /api/cicd/status/40665 (Caused by NewConnectionError(""HTTPConnection(host='localhost', port=80): Failed to establish a new connection: [Errno 111] Connection refused""))"
2026-09-09T20:52:27.146066,1786373852673,POST,http://localhost/api/cicd/execute,0,8.52,"HTTPConnectionPool(host='localhost', port=80): Max retries exceeded with url: /api/cicd/execute (Caused by NewConnectionError(""HTTPConnection(host='localhost', port=80): Failed to establish a new connection: [Errno 111] Connection refused""))"
2026-09-09T20:52:27.146434,1786373852673,POST,http://localhost/api/cicd/execute,0,10.19,"HTTPConnectionPool(host='localhost', port=80): Max retries exceeded with url: /api/cicd/execute (Caused by NewConnectionError(""HTTPConnection(host='localhost', port=80): Failed to establish a new connection: [Errno 111] Connection refused""))"
2026-09-09T20:52:27.253468,1786373852673,POST,http://localhost/api/cicd/execute,0,11.02,"HTTPConnectionPool(host='localhost', port=80): Max retries exceeded with url: /api/cicd/execute (Caused by NewConnectionError(""HTTPConnection(host='localhost', port=80): Failed to establish a new connection: [Errno 111] Connection refused""))"
2026-09-09T20:52:27.255648,1786374210148,GET,http://localhost/api/cicd/status/40665,0,11.93,"HTTPConnectionPool(host='localhost', port=80): Max retries exceeded with url: /api/cicd/status/40665 (Caused by NewConnectionError(""HTTPConnection(host='localhost', port=80): Failed to establish a new connection: [Errno 111] Connection refused""))"
2026-09-09T20:52:27.256486,1786374210148,GET,http://localhost/api/cicd/status/40665,0,8.83,"HTTPConnectionPool(host='localhost', port=80): Max retries exceeded with url: /api/cicd/status/40665 (Caused by NewConnectionError(""HTTPConnection(host='localhost', port=80): Failed to establish a new connection: [Errno 111] Connection refused""))"
2026-09-09T20:52:27.256909,1786373852673,POST,http://localhost/api/cicd/execute,0,12.07,"HTTPConnectionPool(host='localhost', port=80): Max retries exceeded with url: /api/cicd/execute (Caused by NewConnectionError(""HTTPConnection(host='localhost', port=80): Failed to establish a new connection: [Errno 111] Connection refused""))"
2026-09-09T20:52:27.257236,1786374210148,GET,http://localhost/api/cicd/status/40665,0,8.26,"HTTPConnectionPool(host='localhost', port=80): Max retries exceeded with url: /api/cicd/status/40665 (Caused by NewConnectionError(""HTTPConnection(host='localhost', port=80): Failed to establish a new connection: [Errno 111] Connection refused""))"
2026-09-09T20:52:27.258475,1786373852673,POST,http://localhost/api/cicd/execute,0,12.29,"HTTPConnectionPool(host='localhost', port=80): Max retries exceeded with url: /api/cicd/execute (Caused by NewConnectionError(""HTTPConnection(host='localhost', port=80): Failed to establish a new connection: [Errno 111] Connection refused""))"
2026-09-09T20:52:27.258966,1786373852673,POST,http://localhost/api/cicd/execute,0,5.27,"HTTPConnectionPool(host='localhost', port=80): Max retries exceeded with url: /api/cicd/execute (Caused by NewConnectionError(""HTTPConnection(host='localhost', port=80): Failed to establish a new connection: [Errno 111] Connection refused""))"
2026-09-09T20:52:27.259240,1786374210148,GET,http://localhost/api/cicd/status/40665,0,17.86,"HTTPConnectionPool(host='localhost', port=80): Max retries exceeded with url: /api/cicd/status/40665 (Caused by NewConnectionError(""HTTPConnection(host='localhost', port=80): Failed to establish a new connection: [Errno 111] Connection refused""))"
2026-09-09T20:52:27.259795,1786374210148,GET,http://localhost/api/cicd/status/40665,0,9.54,"HTTPConnectionPool(host='localhost', port=80): Max retries exceeded with url: /api/cicd/status/40665 (Caused by NewConnectionError(""HTTPConnection(host='localhost', port=80): Failed to establish a new connection: [Errno 111] Connection refused""))"
2026-09-09T20:52:27.260160,1786373852673,POST,http://localhost/api/cicd/execute,0,8.07,"HTTPConnectionPool(host='localhost', port=80): Max retries exceeded with url: /api/cicd/execute (Caused by NewConnectionError(""HTTPConnection(host='localhost', port=80): Failed to establish a new connection: [Errno 111] Connection refused""))"
2026-09-09T20:52:27.355286,1786374210148,GET,http://localhost/api/cicd/status/40665,0,1.68,"HTTPConnectionPool(host='localhost', port=80): Max retries exceeded with url: /api/cicd/status/40665 (Caused by NewConnectionError(""HTTPConnection(host='localhost', port=80): Failed to establish a new connection: [Errno 111] Connection refused""))"
2026-09-09T20:52:27.368260,1786373852673,POST,http://localhost/api/cicd/execute,0,11.3,"HTTPConnectionPool(host='localhost', port=80): Max retries exceeded with url: /api/cicd/execute (Caused by NewConnectionError(""HTTPConnection(host='localhost', port=80): Failed to establish a new connection: [Errno 111] Connection refused""))"
2026-09-09T20:52:27.369211,1786373852673,POST,http://localhost/api/cicd/execute,0,4.79,"HTTPConnectionPool(host='localhost', port=80): Max retries exceeded with url: /api/cicd/execute (Caused by NewConnectionError(""HTTPConnection(host='localhost', port=80): Failed to establish a new connection: [Errno 111] Connection refused""))"
2026-09-09T20:52:27.369438,1786374210148,GET,http://localhost/api/cicd/status/40665,0,8.83,"HTTPConnectionPool(host='localhost', port=80): Max retries exceeded with url: /api/cicd/status/40665 (Caused by NewConnectionError(""HTTPConnection(host='localhost', port=80): Failed to establish a new connection: [Errno 111] Connection refused""))"
2026-09-09T20:52:27.369915,1786374210148,GET,http://localhost/api/cicd/status/40665,0,6.94,"HTTPConnectionPool(host='localhost', port=80): Max retries exceeded with url: /api/cicd/status/40665 (Caused by NewConnectionError(""HTTPConnection(host='localhost', port=80): Failed to establish a new connection: [Errno 111] Connection refused""))"
2026-09-09T20:52:27.370219,1786374210148,GET,http://localhost/api/cicd/status/40665,0,4.33,"HTTPConnectionPool(host='localhost', port=80): Max retries exceeded with url: /api/cicd/status/40665 (Caused by NewConnectionError(""HTTPConnection(host='localhost', port=80): Failed to establish a new connection: [Errno 111] Connection refused""))"
2026-09-09T20:52:27.370441,1786374210148,GET,http://localhost/api/cicd/status/40665,0,12.36,"HTTPConnectionPool(host='localhost', port=80): Max retries exceeded with url: /api/cicd/status/40665 (Caused by NewConnectionError(""HTTPConnection(host='localhost', port=80): Failed to establish a new connection: [Errno 111] Connection refused""))"
2026-09-09T20:52:27.370757,1786373852673,POST,http://localhost/api/cicd/execute,0,8.92,"HTTPConnectionPool(host='localhost', port=80): Max retries exceeded with url: /api/cicd/execute (Caused by NewConnectionError(""HTTPConnection(host='localhost', port=80): Failed to establish a new connection: [Errno 111] Connection refused""))"
2026-09-09T20:52:27.371271,1786373852673,POST,http://localhost/api/cicd/execute,0,15.45,"HTTPConnectionPool(host='localhost', port=80): Max retries exceeded with url: /api/cicd/execute (Caused by NewConnectionError(""HTTPConnection(host='localhost', port=80): Failed to establish a new connection: [Errno 111] Connection refused""))"
2026-09-09T20:52:27.371488,1786373852673,POST,http://localhost/api/cicd/execute,0,12.24,"HTTPConnectionPool(host='localhost', port=80): Max retries exceeded with url: /api/cicd/execute (Caused by NewConnectionError(""HTTPConnection(host='localhost', port=80): Failed to establish a new connection: [Errno 111] Connection refused""))"
2026-09-09T20:52:27.457206,1786373852673,POST,http://localhost/api/cicd/execute,0,1.77,"HTTPConnectionPool(host='localhost', port=80): Max retries exceeded with url: /api/cicd/execute (Caused by NewConnectionError(""HTTPConnection(host='localhost', port=80): Failed to establish a new connection: [Errno 111] Connection refused""))"
2026-09-09T20:52:27.481302,1786373852673,POST,http://localhost/api/cicd/execute,0,6.83,"HTTPConnectionPool(host='localhost', port=80): Max retries exceeded with url: /api/cicd/execute (Caused by NewConnectionError(""HTTPConnection(host='localhost', port=80): Failed to establish a new connection: [Errno 111] Connection refused""))"
2026-09-09T20:52:27.481680,1786374210148,GET,http://localhost/api/cicd/status/40665,0,12.11,"HTTPConnectionPool(host='localhost', port=80): Max retries exceeded with url: /api/cicd/status/40665 (Caused by NewConnectionError(""HTTPConnection(host='localhost', port=80): Failed to establish a new connection: [Errno 111] Connection refused""))"
2026-09-09T20:52:27.482188,1786374210148,GET,http://localhost/api/cicd/status/40665,0,13.74,"HTTPConnectionPool(host='localhost', port=80): Max retries exceeded with url: /api/cicd/status/40665 (Caused by NewConnectionError(""HTTPConnection(host='localhost', port=80): Failed to establish a new connection: [Errno 111] Connection refused""))"
2026-09-09T20:52:27.482761,1786373852673,POST,http://localhost/api/cicd/execute,0,7.14,"HTTPConnectionPool(host='localhost', port=80): Max retries exceeded with url: /api/cicd/execute (Caused by NewConnectionError(""HTTPConnection(host='localhost', port=80): Failed to establish a new connection: [Errno 111] Connection refused""))"
2026-09-09T20:52:27.482961,1786373852673,POST,http://localhost/api/cicd/execute,0,12.2,"HTTPConnectionPool(host='localhost', port=80): Max retries exceeded with url: /api/cicd/execute (Caused by NewConnectionError(""HTTPConnection(host='localhost', port=80): Failed to establish a new connection: [Errno 111] Connection refused""))"
2026-09-09T20:52:27.483497,1786374210148,GET,http://localhost/api/cicd/status/40665,0,6.22,"HTTPConnectionPool(host='localhost', port=80): Max retries exceeded with url: /api/cicd/status/40665 (Caused by NewConnectionError(""HTTPConnection(host='localhost', port=80): Failed to establish a new connection: [Errno 111] Connection refused""))"
2026-09-09T20:52:27.483830,1786373852673,POST,http://localhost/api/cicd/execute,0,11.71,"HTTPConnectionPool(host='localhost', port=80): Max retries exceeded with url: /api/cicd/execute (Caused by NewConnectionError(""HTTPConnection(host='localhost', port=80): Failed to establish a new connection: [Errno 111] Connection refused""))"
2026-09-09T20:52:27.484183,1786374210148,GET,http://localhost/api/cicd/status/40665,0,5.38,"HTTPConnectionPool(host='localhost', port=80): Max retries exceeded with url: /api/cicd/status/40665 (Caused by NewConnectionError(""HTTPConnection(host='localhost', port=80): Failed to establish a new connection: [Errno 111] Connection refused""))"
2026-09-09T20:52:27.484500,1786374210148,GET,http://localhost/api/cicd/status/40665,0,11.16,"HTTPConnectionPool(host='localhost', port=80): Max retries exceeded with url: /api/cicd/status/40665 (Caused by NewConnectionError(""HTTPConnection(host='localhost', port=80): Failed to establish a new connection: [Errno 111] Connection refused""))"
2026-09-09T20:52:27.559002,1786374210148,GET,http://localhost/api/cicd/status/40665,0,1.65,"HTTPConnectionPool(host='localhost', port=80): Max retries exceeded with url: /api/cicd/status/40665 (Caused by NewConnectionError(""HTTPConnection(host='localhost', port=80): Failed to establish a new connection: [Errno 111] Connection refused""))"
2026-09-09T20:52:27.593117,1786374210148,GET,http://localhost/api/cicd/status/40665,0,11.64,"HTTPConnectionPool(host='localhost', port=80): Max retries exceeded with url: /api/cicd/status/40665 (Caused by NewConnectionError(""HTTPConnection(host='localhost', port=80): Failed to establish a new connection: [Errno 111] Connection refused""))"
2026-09-09T20:52:27.594935,1786373852673,POST,http://localhost/api/cicd/execute,0,12.34,"HTTPConnectionPool(host='localhost', port=80): Max retries exceeded with url: /api/cicd/execute (Caused by NewConnectionError(""HTTPConnection(host='localhost', port=80): Failed to establish a new connection: [Errno 111] Connection refused""))"
2026-09-09T20:52:27.595483,1786374210148,GET,http://localhost/api/cicd/status/40665,0,8.61,"HTTPConnectionPool(host='localhost', port=80): Max retries exceeded with url: /api/cicd/status/40665 (Caused by NewConnectionError(""HTTPConnection(host='localhost', port=80): Failed to establish a new connection: [Errno 111] Connection refused""))"
2026-09-09T20:52:27.596016,1786373852673,POST,http://localhost/api/cicd/execute,0,6.95,"HTTPConnectionPool(host='localhost', port=80): Max retries exceeded with url: /api/cicd/execute (Caused by NewConnectionError(""HTTPConnection(host='localhost', port=80): Failed to establish a new connection: [Errno 111] Connection refused""))"
2026-09-09T20:52:27.596419,1786373852673,POST,http://localhost/api/cicd/execute,0,12.59,"HTTPConnectionPool(host='localhost', port=80): Max retries exceeded with url: /api/cicd/execute (Caused by NewConnectionError(""HTTPConnection(host='localhost', port=80): Failed to establish a new connection: [Errno 111] Connection refused""))"
2026-09-09T20:52:27.596866,1786374210148,GET,http://localhost/api/cicd/status/40665,0,11.71,"HTTPConnectionPool(host='localhost', port=80): Max retries exceeded with url: /api/cicd/status/40665 (Caused by NewConnectionError(""HTTPConnection(host='localhost', port=80): Failed to establish a new connection: [Errno 111] Connection refused""))"
2026-09-09T20:52:27.597104,1786374210148,GET,http://localhost/api/cicd/status/40665,0,9.14,"HTTPConnectionPool(host='localhost', port=80): Max retries exceeded with url: /api/cicd/status/40665 (Caused by NewConnectionError(""HTTPConnection(host='localhost', port=80): Failed to establish a new connection: [Errno 111] Connection refused""))"
2026-09-09T20:52:27.597605,1786373852673,POST,http://localhost/api/cicd/execute,0,7.09,"HTTPConnectionPool(host='localhost', port=80): Max retries exceeded with url: /api/cicd/execute (Caused by NewConnectionError(""HTTPConnection(host='localhost', port=80): Failed to establish a new connection: [Errno 111] Connection refused""))"
2026-09-09T20:52:27.598059,1786373852673,POST,http://localhost/api/cicd/execute,0,6.3,"HTTPConnectionPool(host='localhost', port=80): Max retries exceeded with url: /api/cicd/execute (Caused by NewConnectionError(""HTTPConnection(host='localhost', port=80): Failed to establish a new connection: [Errno 111] Connection refused""))"
2026-09-09T20:52:27.660897,1786373852673,POST,http://localhost/api/cicd/execute,0,1.71,"HTTPConnectionPool(host='localhost', port=80): Max retries exceeded with url: /api/cicd/execute (Caused by NewConnectionError(""HTTPConnection(host='localhost', port=80): Failed to establish a new connection: [Errno 111] Connection refused""))"
2026-09-09T20:52:27.695071,1786373852673,POST,http://localhost/api/cicd/execute,0,1.75,"HTTPConnectionPool(host='localhost', port=80): Max retries exceeded with url: /api/cicd/execute (Caused by NewConnectionError(""HTTPConnection(host='localhost', port=80): Failed to establish a new connection: [Errno 111] Connection refused""))"
2026-09-09T20:52:27.707052,1786374210148,GET,http://localhost/api/cicd/status/40665,0,9.33,"HTTPConnectionPool(host='localhost', port=80): Max retries exceeded with url: /api/cicd/status/40665 (Caused by NewConnectionError(""HTTPConnection(host='localhost', port=80): Failed to establish a new connection: [Errno 111] Connection refused""))"
2026-09-09T20:52:27.707834,1786374210148,GET,http://localhost/api/cicd/status/40665,0,8.88,"HTTPConnectionPool(host='localhost', port=80): Max retries exceeded with url: /api/cicd/status/40665 (Caused by NewConnectionError(""HTTPConnection(host='localhost', port=80): Failed to establish a new connection: [Errno 111] Connection refused""))"
2026-09-09T20:52:27.708302,1786374210148,GET,http://localhost/api/cicd/status/40665,0,13.12,"HTTPConnectionPool(host='localhost', port=80): Max retries exceeded with url: /api/cicd/status/40665 (Caused by NewConnectionError(""HTTPConnection(host='localhost', port=80): Failed to establish a new connection: [Errno 111] Connection refused""))"
2026-09-09T20:52:27.708826,1786373852673,POST,http://localhost/api/cicd/execute,0,12.31,"HTTPConnectionPool(host='localhost', port=80): Max retries exceeded with url: /api/cicd/execute (Caused by NewConnectionError(""HTTPConnection(host='localhost', port=80): Failed to establish a new connection: [Errno 111] Connection refused""))"
2026-09-09T20:52:27.709475,1786373852673,POST,http://localhost/api/cicd/execute,0,8.16,"HTTPConnectionPool(host='localhost', port=80): Max retries exceeded with url: /api/cicd/execute (Caused by NewConnectionError(""HTTPConnection(host='localhost', port=80): Failed to establish a new connection: [Errno 111] Connection refused""))"
2026-09-09T20:52:27.709843,1786373852673,POST,http://localhost/api/cicd/execute,0,7.06,"HTTPConnectionPool(host='localhost', port=80): Max retries exceeded with url: /api/cicd/execute (Caused by NewConnectionError(""HTTPConnection(host='localhost', port=80): Failed to establish a new connection: [Errno 111] Connection refused""))"
2026-09-09T20:52:27.710217,1786374210148,GET,http://localhost/api/cicd/status/40665,0,10.16,"HTTPConnectionPool(host='localhost', port=80): Max retries exceeded with url: /api/cicd/status/40665 (Caused by NewConnectionError(""HTTPConnection(host='localhost', port=80): Failed to establish a new connection: [Errno 111] Connection refused""))"
2026-09-09T20:52:27.710433,1786374210148,GET,http://localhost/api/cicd/status/40665,0,6.06,"HTTPConnectionPool(host='localhost', port=80): Max retries exceeded with url: /api/cicd/status/40665 (Caused by NewConnectionError(""HTTPConnection(host='localhost', port=80): Failed to establish a new connection: [Errno 111] Connection refused""))"
2026-09-09T20:52:27.763000,1786374210148,GET,http://localhost/api/cicd/status/40665,0,1.73,"HTTPConnectionPool(host='localhost', port=80): Max retries exceeded with url: /api/cicd/status/40665 (Caused by NewConnectionError(""HTTPConnection(host='localhost', port=80): Failed to establish a new connection: [Errno 111] Connection refused""))"
2026-09-09T20:52:27.797006,1786374210148,GET,http://localhost/api/cicd/status/40665,0,1.75,"HTTPConnectionPool(host='localhost', port=80): Max retries exceeded with url: /api/cicd/status/40665 (Caused by NewConnectionError(""HTTPConnection(host='localhost', port=80): Failed to establish a new connection: [Errno 111] Connection refused""))"
2026-09-09T20:52:27.817449,1786373852673,POST,http://localhost/api/cicd/execute,0,10.2,"HTTPConnectionPool(host='localhost', port=80): Max retries exceeded with url: /api/cicd/execute (Caused by NewConnectionError(""HTTPConnection(host='localhost', port=80): Failed to establish a new connection: [Errno 111] Connection refused""))"
2026-09-09T20:52:27.818465,1786373852673,POST,http://localhost/api/cicd/execute,0,10.1,"HTTPConnectionPool(host='localhost', port=80): Max retries exceeded with url: /api/cicd/execute (Caused by NewConnectionError(""HTTPConnection(host='localhost', port=80): Failed to establish a new connection: [Errno 111] Connection refused""))"
2026-09-09T20:52:27.818773,1786374210148,GET,http://localhost/api/cicd/status/40665,0,6.91,"HTTPConnectionPool(host='localhost', port=80): Max retries exceeded with url: /api/cicd/status/40665 (Caused by NewConnectionError(""HTTPConnection(host='localhost', port=80): Failed to establish a new connection: [Errno 111] Connection refused""))"
2026-09-09T20:52:27.819337,1786373852673,POST,http://localhost/api/cicd/execute,0,6.34,"HTTPConnectionPool(host='localhost', port=80): Max retries exceeded with url: /api/cicd/execute (Caused by NewConnectionError(""HTTPConnection(host='localhost', port=80): Failed to establish a new connection: [Errno 111] Connection refused""))"
2026-09-09T20:52:27.820195,1786374210148,GET,http://localhost/api/cicd/status/40665,0,4.62,"HTTPConnectionPool(host='localhost', port=80): Max retries exceeded with url: /api/cicd/status/40665 (Caused by NewConnectionError(""HTTPConnection(host='localhost', port=80): Failed to establish a new connection: [Errno 111] Connection refused""))"
2026-09-09T20:52:27.820611,1786373852673,POST,http://localhost/api/cicd/execute,0,6.46,"HTTPConnectionPool(host='localhost', port=80): Max retries exceeded with url: /api/cicd/execute (Caused by NewConnectionError(""HTTPConnection(host='localhost', port=80): Failed to establish a new connection: [Errno 111] Connection refused""))"
2026-09-09T20:52:27.820866,1786373852673,POST,http://localhost/api/cicd/execute,0,11.37,"HTTPConnectionPool(host='localhost', port=80): Max retries exceeded with url: /api/cicd/execute (Caused by NewConnectionError(""HTTPConnection(host='localhost', port=80): Failed to establish a new connection: [Errno 111] Connection refused""))"
2026-09-09T20:52:27.821117,1786374210148,GET,http://localhost/api/cicd/status/40665,0,10.32,"HTTPConnectionPool(host='localhost', port=80): Max retries exceeded with url: /api/cicd/status/40665 (Caused by NewConnectionError(""HTTPConnection(host='localhost', port=80): Failed to establish a new connection: [Errno 111] Connection refused""))"
2026-09-09T20:52:27.865395,1786373852673,POST,http://localhost/api/cicd/execute,0,2.18,"HTTPConnectionPool(host='localhost', port=80): Max retries exceeded with url: /api/cicd/execute (Caused by NewConnectionError(""HTTPConnection(host='localhost', port=80): Failed to establish a new connection: [Errno 111] Connection refused""))"
2026-09-09T20:52:27.899278,1786373852673,POST,http://localhost/api/cicd/execute,0,2.07,"HTTPConnectionPool(host='localhost', port=80): Max retries exceeded with url: /api/cicd/execute (Caused by NewConnectionError(""HTTPConnection(host='localhost', port=80): Failed to establish a new connection: [Errno 111] Connection refused""))"
2026-09-09T20:52:27.928608,1786373852673,POST,http://localhost/api/cicd/execute,0,8.72,"HTTPConnectionPool(host='localhost', port=80): Max retries exceeded with url: /api/cicd/execute (Caused by NewConnectionError(""HTTPConnection(host='localhost', port=80): Failed to establish a new connection: [Errno 111] Connection refused""))"
2026-09-09T20:52:27.929547,1786374210148,GET,http://localhost/api/cicd/status/40665,0,7.3,"HTTPConnectionPool(host='localhost', port=80): Max retries exceeded with url: /api/cicd/status/40665 (Caused by NewConnectionError(""HTTPConnection(host='localhost', port=80): Failed to establish a new connection: [Errno 111] Connection refused""))"
2026-09-09T20:52:27.930000,1786374210148,GET,http://localhost/api/cicd/status/40665,0,6.51,"HTTPConnectionPool(host='localhost', port=80): Max retries exceeded with url: /api/cicd/status/40665 (Caused by NewConnectionError(""HTTPConnection(host='localhost', port=80): Failed to establish a new connection: [Errno 111] Connection refused""))"
2026-09-09T20:52:27.930333,1786374210148,GET,http://localhost/api/cicd/status/40665,0,12.7,"HTTPConnectionPool(host='localhost', port=80): Max retries exceeded with url: /api/cicd/status/40665 (Caused by NewConnectionError(""HTTPConnection(host='localhost', port=80): Failed to establish a new connection: [Errno 111] Connection refused""))"
2026-09-09T20:52:27.930767,1786373852673,POST,http://localhost/api/cicd/execute,0,4.61,"HTTPConnectionPool(host='localhost', port=80): Max retries exceeded with url: /api/cicd/execute (Caused by NewConnectionError(""HTTPConnection(host='localhost', port=80): Failed to establish a new connection: [Errno 111] Connection refused""))"
2026-09-09T20:52:27.931173,1786374210148,GET,http://localhost/api/cicd/status/40665,0,10.12,"HTTPConnectionPool(host='localhost', port=80): Max retries exceeded with url: /api/cicd/status/40665 (Caused by NewConnectionError(""HTTPConnection(host='localhost', port=80): Failed to establish a new connection: [Errno 111] Connection refused""))"
2026-09-09T20:52:27.931578,1786373852673,POST,http://localhost/api/cicd/execute,0,6.72,"HTTPConnectionPool(host='localhost', port=80): Max retries exceeded with url: /api/cicd/execute (Caused by NewConnectionError(""HTTPConnection(host='localhost', port=80): Failed to establish a new connection: [Errno 111] Connection refused""))"
2026-09-09T20:52:27.931867,1786374210148,GET,http://localhost/api/cicd/status/40665,0,13.09,"HTTPConnectionPool(host='localhost', port=80): Max retries exceeded with url: /api/cicd/status/40665 (Caused by NewConnectionError(""HTTPConnection(host='localhost', port=80): Failed to establish a new connection: [Errno 111] Connection refused""))"
2026-09-09T20:52:27.967540,1786374210148,GET,http://localhost/api/cicd/status/40665,0,1.94,"HTTPConnectionPool(host='localhost', port=80): Max retries exceeded with url: /api/cicd/status/40665 (Caused by NewConnectionError(""HTTPConnection(host='localhost', port=80): Failed to establish a new connection: [Errno 111] Connection refused""))"
2026-09-09T20:52:28.001904,1786374210148,GET,http://localhost/api/cicd/status/40665,0,2.43,"HTTPConnectionPool(host='localhost', port=80): Max retries exceeded with url: /api/cicd/status/40665 (Caused by NewConnectionError(""HTTPConnection(host='localhost', port=80): Failed to establish a new connection: [Errno 111] Connection refused""))"
2026-09-09T20:52:28.039784,1786374210148,GET,http://localhost/api/cicd/status/40665,0,10.98,"HTTPConnectionPool(host='localhost', port=80): Max retries exceeded with url: /api/cicd/status/40665 (Caused by NewConnectionError(""HTTPConnection(host='localhost', port=80): Failed to establish a new connection: [Errno 111] Connection refused""))"
2026-09-09T20:52:28.040242,1786373852673,POST,http://localhost/api/cicd/execute,0,9.06,"HTTPConnectionPool(host='localhost', port=80): Max retries exceeded with url: /api/cicd/execute (Caused by NewConnectionError(""HTTPConnection(host='localhost', port=80): Failed to establish a new connection: [Errno 111] Connection refused""))"
2026-09-09T20:52:28.040551,1786374210148,GET,http://localhost/api/cicd/status/40665,0,5.75,"HTTPConnectionPool(host='localhost', port=80): Max retries exceeded with url: /api/cicd/status/40665 (Caused by NewConnectionError(""HTTPConnection(host='localhost', port=80): Failed to establish a new connection: [Errno 111] Connection refused""))"
2026-09-09T20:52:28.041072,1786374210148,GET,http://localhost/api/cicd/status/40665,0,4.06,"HTTPConnectionPool(host='localhost', port=80): Max retries exceeded with url: /api/cicd/status/40665 (Caused by NewConnectionError(""HTTPConnection(host='localhost', port=80): Failed to establish a new connection: [Errno 111] Connection refused""))"
2026-09-09T20:52:28.041485,1786373852673,POST,http://localhost/api/cicd/execute,0,8.98,"HTTPConnectionPool(host='localhost', port=80): Max retries exceeded with url: /api/cicd/execute (Caused by NewConnectionError(""HTTPConnection(host='localhost', port=80): Failed to establish a new connection: [Errno 111] Connection refused""))"
2026-09-09T20:52:28.041817,1786373852673,POST,http://localhost/api/cicd/execute,0,5.91,"HTTPConnectionPool(host='localhost', port=80): Max retries exceeded with url: /api/cicd/execute (Caused by NewConnectionError(""HTTPConnection(host='localhost', port=80): Failed to establish a new connection: [Errno 111] Connection refused""))"
2026-09-09T20:52:28.042195,1786373852673,POST,http://localhost/api/cicd/execute,0,8.54,"HTTPConnectionPool(host='localhost', port=80): Max retries exceeded with url: /api/cicd/execute (Caused by NewConnectionError(""HTTPConnection(host='localhost', port=80): Failed to establish a new connection: [Errno 111] Connection refused""))"
2026-09-09T20:52:28.042411,1786373852673,POST,http://localhost/api/cicd/execute,0,12.37,"HTTPConnectionPool(host='localhost', port=80): Max retries exceeded with url: /api/cicd/execute (Caused by NewConnectionError(""HTTPConnection(host='localhost', port=80): Failed to establish a new connection: [Errno 111] Connection refused""))"
2026-09-09T20:52:28.069564,1786373852673,POST,http://localhost/api/cicd/execute,0,1.83,"HTTPConnectionPool(host='localhost', port=80): Max retries exceeded with url: /api/cicd/execute (Caused by NewConnectionError(""HTTPConnection(host='localhost', port=80): Failed to establish a new connection: [Errno 111] Connection refused""))"
2026-09-09T20:52:28.104079,1786373852673,POST,http://localhost/api/cicd/execute,0,1.98,"HTTPConnectionPool(host='localhost', port=80): Max retries exceeded with url: /api/cicd/execute (Caused by NewConnectionError(""HTTPConnection(host='localhost', port=80): Failed to establish a new connection: [Errno 111] Connection refused""))"
2026-09-09T20:52:28.151361,1786373852673,POST,http://localhost/api/cicd/execute,0,11.38,"HTTPConnectionPool(host='localhost', port=80): Max retries exceeded with url: /api/cicd/execute (Caused by NewConnectionError(""HTTPConnection(host='localhost', port=80): Failed to establish a new connection: [Errno 111] Connection refused""))"
2026-09-09T20:52:28.152050,1786373852673,POST,http://localhost/api/cicd/execute,0,10.8,"HTTPConnectionPool(host='localhost', port=80): Max retries exceeded with url: /api/cicd/execute (Caused by NewConnectionError(""HTTPConnection(host='localhost', port=80): Failed to establish a new connection: [Errno 111] Connection refused""))"
2026-09-09T20:52:28.152504,1786374210148,GET,http://localhost/api/cicd/status/40665,0,6.45,"HTTPConnectionPool(host='localhost', port=80): Max retries exceeded with url: /api/cicd/status/40665 (Caused by NewConnectionError(""HTTPConnection(host='localhost', port=80): Failed to establish a new connection: [Errno 111] Connection refused""))"
2026-09-09T20:52:28.152764,1786374210148,GET,http://localhost/api/cicd/status/40665,0,7.95,"HTTPConnectionPool(host='localhost', port=80): Max retries exceeded with url: /api/cicd/status/40665 (Caused by NewConnectionError(""HTTPConnection(host='localhost', port=80): Failed to establish a new connection: [Errno 111] Connection refused""))"
2026-09-09T20:52:28.153019,1786373852673,POST,http://localhost/api/cicd/execute,0,10.69,"HTTPConnectionPool(host='localhost', port=80): Max retries exceeded with url: /api/cicd/execute (Caused by NewConnectionError(""HTTPConnection(host='localhost', port=80): Failed to establish a new connection: [Errno 111] Connection refused""))"
2026-09-09T20:52:28.153617,1786374210148,GET,http://localhost/api/cicd/status/40665,0,10.21,"HTTPConnectionPool(host='localhost', port=80): Max retries exceeded with url: /api/cicd/status/40665 (Caused by NewConnectionError(""HTTPConnection(host='localhost', port=80): Failed to establish a new connection: [Errno 111] Connection refused""))"
2026-09-09T20:52:28.153995,1786374210148,GET,http://localhost/api/cicd/status/40665,0,6.9,"HTTPConnectionPool(host='localhost', port=80): Max retries exceeded with url: /api/cicd/status/40665 (Caused by NewConnectionError(""HTTPConnection(host='localhost', port=80): Failed to establish a new connection: [Errno 111] Connection refused""))"
2026-09-09T20:52:28.154221,1786374210148,GET,http://localhost/api/cicd/status/40665,0,4.56,"HTTPConnectionPool(host='localhost', port=80): Max retries exceeded with url: /api/cicd/status/40665 (Caused by NewConnectionError(""HTTPConnection(host='localhost', port=80): Failed to establish a new connection: [Errno 111] Connection refused""))"
2026-09-09T20:52:28.171496,1786374210148,GET,http://localhost/api/cicd/status/40665,0,1.75,"HTTPConnectionPool(host='localhost', port=80): Max retries exceeded with url: /api/cicd/status/40665 (Caused by NewConnectionError(""HTTPConnection(host='localhost', port=80): Failed to establish a new connection: [Errno 111] Connection refused""))"
2026-09-09T20:52:28.206243,1786374210148,GET,http://localhost/api/cicd/status/40665,0,1.97,"HTTPConnectionPool(host='localhost', port=80): Max retries exceeded with url: /api/cicd/status/40665 (Caused by NewConnectionError(""HTTPConnection(host='localhost', port=80): Failed to establish a new connection: [Errno 111] Connection refused""))"
2026-09-09T20:52:28.262289,1786374210148,GET,http://localhost/api/cicd/status/40665,0,10.72,"HTTPConnectionPool(host='localhost', port=80): Max retries exceeded with url: /api/cicd/status/40665 (Caused by NewConnectionError(""HTTPConnection(host='localhost', port=80): Failed to establish a new connection: [Errno 111] Connection refused""))"
2026-09-09T20:52:28.262552,1786373852673,POST,http://localhost/api/cicd/execute,0,5.17,"HTTPConnectionPool(host='localhost', port=80): Max retries exceeded with url: /api/cicd/execute (Caused by NewConnectionError(""HTTPConnection(host='localhost', port=80): Failed to establish a new connection: [Errno 111] Connection refused""))"
2026-09-09T20:52:28.263302,1786374210148,GET,http://localhost/api/cicd/status/40665,0,10.43,"HTTPConnectionPool(host='localhost', port=80): Max retries exceeded with url: /api/cicd/status/40665 (Caused by NewConnectionError(""HTTPConnection(host='localhost', port=80): Failed to establish a new connection: [Errno 111] Connection refused""))"
2026-09-09T20:52:28.267571,1786374210148,GET,http://localhost/api/cicd/status/40665,0,11.37,"HTTPConnectionPool(host='localhost', port=80): Max retries exceeded with url: /api/cicd/status/40665 (Caused by NewConnectionError(""HTTPConnection(host='localhost', port=80): Failed to establish a new connection: [Errno 111] Connection refused""))"
2026-09-09T20:52:28.268263,1786373852673,POST,http://localhost/api/cicd/execute,0,8.5,"HTTPConnectionPool(host='localhost', port=80): Max retries exceeded with url: /api/cicd/execute (Caused by NewConnectionError(""HTTPConnection(host='localhost', port=80): Failed to establish a new connection: [Errno 111] Connection refused""))"
2026-09-09T20:52:28.268518,1786373852673,POST,http://localhost/api/cicd/execute,0,14.59,"HTTPConnectionPool(host='localhost', port=80): Max retries exceeded with url: /api/cicd/execute (Caused by NewConnectionError(""HTTPConnection(host='localhost', port=80): Failed to establish a new connection: [Errno 111] Connection refused""))"
2026-09-09T20:52:28.268812,1786373852673,POST,http://localhost/api/cicd/execute,0,10.22,"HTTPConnectionPool(host='localhost', port=80): Max retries exceeded with url: /api/cicd/execute (Caused by NewConnectionError(""HTTPConnection(host='localhost', port=80): Failed to establish a new connection: [Errno 111] Connection refused""))"
2026-09-09T20:52:28.269110,1786373852673,POST,http://localhost/api/cicd/execute,0,14.09,"HTTPConnectionPool(host='localhost', port=80): Max retries exceeded with url: /api/cicd/execute (Caused by NewConnectionError(""HTTPConnection(host='localhost', port=80): Failed to establish a new connection: [Errno 111] Connection refused""))"
2026-09-09T20:52:28.273282,1786373852673,POST,http://localhost/api/cicd/execute,0,1.63,"HTTPConnectionPool(host='localhost', port=80): Max retries exceeded with url: /api/cicd/execute (Caused by NewConnectionError(""HTTPConnection(host='localhost', port=80): Failed to establish a new connection: [Errno 111] Connection refused""))"
2026-09-09T20:52:28.308309,1786373852673,POST,http://localhost/api/cicd/execute,0,1.9,"HTTPConnectionPool(host='localhost', port=80): Max retries exceeded with url: /api/cicd/execute (Caused by NewConnectionError(""HTTPConnection(host='localhost', port=80): Failed to establish a new connection: [Errno 111] Connection refused""))"
2026-09-09T20:52:28.366893,1786373852673,POST,http://localhost/api/cicd/execute,0,4.39,"HTTPConnectionPool(host='localhost', port=80): Max retries exceeded with url: /api/cicd/execute (Caused by NewConnectionError(""HTTPConnection(host='localhost', port=80): Failed to establish a new connection: [Errno 111] Connection refused""))"
2026-09-09T20:52:28.367288,1786374210148,GET,http://localhost/api/cicd/status/40665,0,3.41,"HTTPConnectionPool(host='localhost', port=80): Max retries exceeded with url: /api/cicd/status/40665 (Caused by NewConnectionError(""HTTPConnection(host='localhost', port=80): Failed to establish a new connection: [Errno 111] Connection refused""))"
2026-09-09T20:52:28.367556,1786373852673,POST,http://localhost/api/cicd/execute,0,2.58,"HTTPConnectionPool(host='localhost', port=80): Max retries exceeded with url: /api/cicd/execute (Caused by NewConnectionError(""HTTPConnection(host='localhost', port=80): Failed to establish a new connection: [Errno 111] Connection refused""))"
2026-09-09T20:52:28.375354,1786373852673,POST,http://localhost/api/cicd/execute,0,7.61,"HTTPConnectionPool(host='localhost', port=80): Max retries exceeded with url: /api/cicd/execute (Caused by NewConnectionError(""HTTPConnection(host='localhost', port=80): Failed to establish a new connection: [Errno 111] Connection refused""))"
2026-09-09T20:52:28.376077,1786374210148,GET,http://localhost/api/cicd/status/40665,0,6.21,"HTTPConnectionPool(host='localhost', port=80): Max retries exceeded with url: /api/cicd/status/40665 (Caused by NewConnectionError(""HTTPConnection(host='localhost', port=80): Failed to establish a new connection: [Errno 111] Connection refused""))"
2026-09-09T20:52:28.376382,1786374210148,GET,http://localhost/api/cicd/status/40665,0,2.7,"HTTPConnectionPool(host='localhost', port=80): Max retries exceeded with url: /api/cicd/status/40665 (Caused by NewConnectionError(""HTTPConnection(host='localhost', port=80): Failed to establish a new connection: [Errno 111] Connection refused""))"
2026-09-09T20:52:28.376855,1786374210148,GET,http://localhost/api/cicd/status/40665,0,8.04,"HTTPConnectionPool(host='localhost', port=80): Max retries exceeded with url: /api/cicd/status/40665 (Caused by NewConnectionError(""HTTPConnection(host='localhost', port=80): Failed to establish a new connection: [Errno 111] Connection refused""))"
2026-09-09T20:52:28.377223,1786374210148,GET,http://localhost/api/cicd/status/40665,0,4.99,"HTTPConnectionPool(host='localhost', port=80): Max retries exceeded with url: /api/cicd/status/40665 (Caused by NewConnectionError(""HTTPConnection(host='localhost', port=80): Failed to establish a new connection: [Errno 111] Connection refused""))"
2026-09-09T20:52:28.378007,1786374210148,GET,http://localhost/api/cicd/status/40665,0,6.99,"HTTPConnectionPool(host='localhost', port=80): Max retries exceeded with url: /api/cicd/status/40665 (Caused by NewConnectionError(""HTTPConnection(host='localhost', port=80): Failed to establish a new connection: [Errno 111] Connection refused""))"
2026-09-09T20:52:28.410506,1786374210148,GET,http://localhost/api/cicd/status/40665,0,1.99,"HTTPConnectionPool(host='localhost', port=80): Max retries exceeded with url: /api/cicd/status/40665 (Caused by NewConnectionError(""HTTPConnection(host='localhost', port=80): Failed to establish a new connection: [Errno 111] Connection refused""))"
2026-09-09T20:52:28.471478,1786374210148,GET,http://localhost/api/cicd/status/40665,0,4.38,"HTTPConnectionPool(host='localhost', port=80): Max retries exceeded with url: /api/cicd/status/40665 (Caused by NewConnectionError(""HTTPConnection(host='localhost', port=80): Failed to establish a new connection: [Errno 111] Connection refused""))"
2026-09-09T20:52:28.471734,1786373852673,POST,http://localhost/api/cicd/execute,0,3.28,"HTTPConnectionPool(host='localhost', port=80): Max retries exceeded with url: /api/cicd/execute (Caused by NewConnectionError(""HTTPConnection(host='localhost', port=80): Failed to establish a new connection: [Errno 111] Connection refused""))"
2026-09-09T20:52:28.472156,1786374210148,GET,http://localhost/api/cicd/status/40665,0,2.56,"HTTPConnectionPool(host='localhost', port=80): Max retries exceeded with url: /api/cicd/status/40665 (Caused by NewConnectionError(""HTTPConnection(host='localhost', port=80): Failed to establish a new connection: [Errno 111] Connection refused""))"
2026-09-09T20:52:28.483481,1786374210148,GET,http://localhost/api/cicd/status/40665,0,7.95,"HTTPConnectionPool(host='localhost', port=80): Max retries exceeded with url: /api/cicd/status/40665 (Caused by NewConnectionError(""HTTPConnection(host='localhost', port=80): Failed to establish a new connection: [Errno 111] Connection refused""))"
2026-09-09T20:52:28.484014,1786373852673,POST,http://localhost/api/cicd/execute,0,4.95,"HTTPConnectionPool(host='localhost', port=80): Max retries exceeded with url: /api/cicd/execute (Caused by NewConnectionError(""HTTPConnection(host='localhost', port=80): Failed to establish a new connection: [Errno 111] Connection refused""))"
2026-09-09T20:52:28.484407,1786373852673,POST,http://localhost/api/cicd/execute,0,7.82,"HTTPConnectionPool(host='localhost', port=80): Max retries exceeded with url: /api/cicd/execute (Caused by NewConnectionError(""HTTPConnection(host='localhost', port=80): Failed to establish a new connection: [Errno 111] Connection refused""))"
2026-09-09T20:52:28.484687,1786373852673,POST,http://localhost/api/cicd/execute,0,6.81,"HTTPConnectionPool(host='localhost', port=80): Max retries exceeded with url: /api/cicd/execute (Caused by NewConnectionError(""HTTPConnection(host='localhost', port=80): Failed to establish a new connection: [Errno 111] Connection refused""))"
2026-09-09T20:52:28.484965,1786373852673,POST,http://localhost/api/cicd/execute,0,4.77,"HTTPConnectionPool(host='localhost', port=80): Max retries exceeded with url: /api/cicd/execute (Caused by NewConnectionError(""HTTPConnection(host='localhost', port=80): Failed to establish a new connection: [Errno 111] Connection refused""))"
2026-09-09T20:52:28.485246,1786373852673,POST,http://localhost/api/cicd/execute,0,3.9,"HTTPConnectionPool(host='localhost', port=80): Max retries exceeded with url: /api/cicd/execute (Caused by NewConnectionError(""HTTPConnection(host='localhost', port=80): Failed to establish a new connection: [Errno 111] Connection refused""))"
2026-09-09T20:52:28.512480,1786373852673,POST,http://localhost/api/cicd/execute,0,1.81,"HTTPConnectionPool(host='localhost', port=80): Max retries exceeded with url: /api/cicd/execute (Caused by NewConnectionError(""HTTPConnection(host='localhost', port=80): Failed to establish a new connection: [Errno 111] Connection refused""))"
2026-09-09T20:52:28.576697,1786373852673,POST,http://localhost/api/cicd/execute,0,5.0,"HTTPConnectionPool(host='localhost', port=80): Max retries exceeded with url: /api/cicd/execute (Caused by NewConnectionError(""HTTPConnection(host='localhost', port=80): Failed to establish a new connection: [Errno 111] Connection refused""))"
2026-09-09T20:52:28.577029,1786373852673,POST,http://localhost/api/cicd/execute,0,2.82,"HTTPConnectionPool(host='localhost', port=80): Max retries exceeded with url: /api/cicd/execute (Caused by NewConnectionError(""HTTPConnection(host='localhost', port=80): Failed to establish a new connection: [Errno 111] Connection refused""))"
2026-09-09T20:52:28.577250,1786374210148,GET,http://localhost/api/cicd/status/40665,0,4.19,"HTTPConnectionPool(host='localhost', port=80): Max retries exceeded with url: /api/cicd/status/40665 (Caused by NewConnectionError(""HTTPConnection(host='localhost', port=80): Failed to establish a new connection: [Errno 111] Connection refused""))"
2026-09-09T20:52:28.591063,1786374210148,GET,http://localhost/api/cicd/status/40665,0,5.27,"HTTPConnectionPool(host='localhost', port=80): Max retries exceeded with url: /api/cicd/status/40665 (Caused by NewConnectionError(""HTTPConnection(host='localhost', port=80): Failed to establish a new connection: [Errno 111] Connection refused""))"
2026-09-09T20:52:28.591533,1786373852673,POST,http://localhost/api/cicd/execute,0,7.88,"HTTPConnectionPool(host='localhost', port=80): Max retries exceeded with url: /api/cicd/execute (Caused by NewConnectionError(""HTTPConnection(host='localhost', port=80): Failed to establish a new connection: [Errno 111] Connection refused""))"
2026-09-09T20:52:28.592095,1786374210148,GET,http://localhost/api/cicd/status/40665,0,7.35,"HTTPConnectionPool(host='localhost', port=80): Max retries exceeded with url: /api/cicd/status/40665 (Caused by NewConnectionError(""HTTPConnection(host='localhost', port=80): Failed to establish a new connection: [Errno 111] Connection refused""))"
2026-09-09T20:52:28.592513,1786374210148,GET,http://localhost/api/cicd/status/40665,0,3.26,"HTTPConnectionPool(host='localhost', port=80): Max retries exceeded with url: /api/cicd/status/40665 (Caused by NewConnectionError(""HTTPConnection(host='localhost', port=80): Failed to establish a new connection: [Errno 111] Connection refused""))"
2026-09-09T20:52:28.592842,1786374210148,GET,http://localhost/api/cicd/status/40665,0,4.86,"HTTPConnectionPool(host='localhost', port=80): Max retries exceeded with url: /api/cicd/status/40665 (Caused by NewConnectionError(""HTTPConnection(host='localhost', port=80): Failed to establish a new connection: [Errno 111] Connection refused""))"
2026-09-09T20:52:28.593175,1786374210148,GET,http://localhost/api/cicd/status/40665,0,6.34,"HTTPConnectionPool(host='localhost', port=80): Max retries exceeded with url: /api/cicd/status/40665 (Caused by NewConnectionError(""HTTPConnection(host='localhost', port=80): Failed to establish a new connection: [Errno 111] Connection refused""))"
2026-09-09T20:52:28.614426,1786374210148,GET,http://localhost/api/cicd/status/40665,0,1.77,"HTTPConnectionPool(host='localhost', port=80): Max retries exceeded with url: /api/cicd/status/40665 (Caused by NewConnectionError(""HTTPConnection(host='localhost', port=80): Failed to establish a new connection: [Errno 111] Connection refused""))"
2026-09-09T20:52:28.681536,1786374210148,GET,http://localhost/api/cicd/status/40665,0,4.6,"HTTPConnectionPool(host='localhost', port=80): Max retries exceeded with url: /api/cicd/status/40665 (Caused by NewConnectionError(""HTTPConnection(host='localhost', port=80): Failed to establish a new connection: [Errno 111] Connection refused""))"
2026-09-09T20:52:28.681790,1786373852673,POST,http://localhost/api/cicd/execute,0,2.32,"HTTPConnectionPool(host='localhost', port=80): Max retries exceeded with url: /api/cicd/execute (Caused by NewConnectionError(""HTTPConnection(host='localhost', port=80): Failed to establish a new connection: [Errno 111] Connection refused""))"
2026-09-09T20:52:28.682184,1786374210148,GET,http://localhost/api/cicd/status/40665,0,3.78,"HTTPConnectionPool(host='localhost', port=80): Max retries exceeded with url: /api/cicd/status/40665 (Caused by NewConnectionError(""HTTPConnection(host='localhost', port=80): Failed to establish a new connection: [Errno 111] Connection refused""))"
2026-09-09T20:52:28.700010,1786373852673,POST,http://localhost/api/cicd/execute,0,8.74,"HTTPConnectionPool(host='localhost', port=80): Max retries exceeded with url: /api/cicd/execute (Caused by NewConnectionError(""HTTPConnection(host='localhost', port=80): Failed to establish a new connection: [Errno 111] Connection refused""))"
2026-09-09T20:52:28.700451,1786373852673,POST,http://localhost/api/cicd/execute,0,6.77,"HTTPConnectionPool(host='localhost', port=80): Max retries exceeded with url: /api/cicd/execute (Caused by NewConnectionError(""HTTPConnection(host='localhost', port=80): Failed to establish a new connection: [Errno 111] Connection refused""))"
2026-09-09T20:52:28.700703,1786373852673,POST,http://localhost/api/cicd/execute,0,2.75,"HTTPConnectionPool(host='localhost', port=80): Max retries exceeded with url: /api/cicd/execute (Caused by NewConnectionError(""HTTPConnection(host='localhost', port=80): Failed to establish a new connection: [Errno 111] Connection refused""))"
2026-09-09T20:52:28.701068,1786374210148,GET,http://localhost/api/cicd/status/40665,0,8.42,"HTTPConnectionPool(host='localhost', port=80): Max retries exceeded with url: /api/cicd/status/40665 (Caused by NewConnectionError(""HTTPConnection(host='localhost', port=80): Failed to establish a new connection: [Errno 111] Connection refused""))"
2026-09-09T20:52:28.701406,1786373852673,POST,http://localhost/api/cicd/execute,0,6.65,"HTTPConnectionPool(host='localhost', port=80): Max retries exceeded with url: /api/cicd/execute (Caused by NewConnectionError(""HTTPConnection(host='localhost', port=80): Failed to establish a new connection: [Errno 111] Connection refused""))"
2026-09-09T20:52:28.701663,1786373852673,POST,http://localhost/api/cicd/execute,0,5.2,"HTTPConnectionPool(host='localhost', port=80): Max retries exceeded with url: /api/cicd/execute (Caused by NewConnectionError(""HTTPConnection(host='localhost', port=80): Failed to establish a new connection: [Errno 111] Connection refused""))"
2026-09-09T20:52:28.716368,1786373852673,POST,http://localhost/api/cicd/execute,0,1.73,"HTTPConnectionPool(host='localhost', port=80): Max retries exceeded with url: /api/cicd/execute (Caused by NewConnectionError(""HTTPConnection(host='localhost', port=80): Failed to establish a new connection: [Errno 111] Connection refused""))"
2026-09-09T20:52:28.785952,1786374210148,GET,http://localhost/api/cicd/status/40665,0,2.89,"HTTPConnectionPool(host='localhost', port=80): Max retries exceeded with url: /api/cicd/status/40665 (Caused by NewConnectionError(""HTTPConnection(host='localhost', port=80): Failed to establish a new connection: [Errno 111] Connection refused""))"
2026-09-09T20:52:28.786356,1786373852673,POST,http://localhost/api/cicd/execute,0,2.19,"HTTPConnectionPool(host='localhost', port=80): Max retries exceeded with url: /api/cicd/execute (Caused by NewConnectionError(""HTTPConnection(host='localhost', port=80): Failed to establish a new connection: [Errno 111] Connection refused""))"
2026-09-09T20:52:28.786604,1786373852673,POST,http://localhost/api/cicd/execute,0,4.87,"HTTPConnectionPool(host='localhost', port=80): Max retries exceeded with url: /api/cicd/execute (Caused by NewConnectionError(""HTTPConnection(host='localhost', port=80): Failed to establish a new connection: [Errno 111] Connection refused""))"
2026-09-09T20:52:28.807697,1786374210148,GET,http://localhost/api/cicd/status/40665,0,5.45,"HTTPConnectionPool(host='localhost', port=80): Max retries exceeded with url: /api/cicd/status/40665 (Caused by NewConnectionError(""HTTPConnection(host='localhost', port=80): Failed to establish a new connection: [Errno 111] Connection refused""))"
2026-09-09T20:52:28.808200,1786374210148,GET,http://localhost/api/cicd/status/40665,0,2.57,"HTTPConnectionPool(host='localhost', port=80): Max retries exceeded with url: /api/cicd/status/40665 (Caused by NewConnectionError(""HTTPConnection(host='localhost', port=80): Failed to establish a new connection: [Errno 111] Connection refused""))"
2026-09-09T20:52:28.809107,1786374210148,GET,http://localhost/api/cicd/status/40665,0,8.92,"HTTPConnectionPool(host='localhost', port=80): Max retries exceeded with url: /api/cicd/status/40665 (Caused by NewConnectionError(""HTTPConnection(host='localhost', port=80): Failed to establish a new connection: [Errno 111] Connection refused""))"
2026-09-09T20:52:28.809409,1786374210148,GET,http://localhost/api/cicd/status/40665,0,8.2,"HTTPConnectionPool(host='localhost', port=80): Max retries exceeded with url: /api/cicd/status/40665 (Caused by NewConnectionError(""HTTPConnection(host='localhost', port=80): Failed to establish a new connection: [Errno 111] Connection refused""))"
2026-09-09T20:52:28.809700,1786373852673,POST,http://localhost/api/cicd/execute,0,6.37,"HTTPConnectionPool(host='localhost', port=80): Max retries exceeded with url: /api/cicd/execute (Caused by NewConnectionError(""HTTPConnection(host='localhost', port=80): Failed to establish a new connection: [Errno 111] Connection refused""))"
2026-09-09T20:52:28.809934,1786374210148,GET,http://localhost/api/cicd/status/40665,0,5.44,"HTTPConnectionPool(host='localhost', port=80): Max retries exceeded with url: /api/cicd/status/40665 (Caused by NewConnectionError(""HTTPConnection(host='localhost', port=80): Failed to establish a new connection: [Errno 111] Connection refused""))"
2026-09-09T20:52:28.818105,1786374210148,GET,http://localhost/api/cicd/status/40665,0,1.57,"HTTPConnectionPool(host='localhost', port=80): Max retries exceeded with url: /api/cicd/status/40665 (Caused by NewConnectionError(""HTTPConnection(host='localhost', port=80): Failed to establish a new connection: [Errno 111] Connection refused""))"
2026-09-09T20:52:28.890287,1786373852673,POST,http://localhost/api/cicd/execute,0,4.16,"HTTPConnectionPool(host='localhost', port=80): Max retries exceeded with url: /api/cicd/execute (Caused by NewConnectionError(""HTTPConnection(host='localhost', port=80): Failed to establish a new connection: [Errno 111] Connection refused""))"
2026-09-09T20:52:28.890665,1786374210148,GET,http://localhost/api/cicd/status/40665,0,3.36,"HTTPConnectionPool(host='localhost', port=80): Max retries exceeded with url: /api/cicd/status/40665 (Caused by NewConnectionError(""HTTPConnection(host='localhost', port=80): Failed to establish a new connection: [Errno 111] Connection refused""))"
2026-09-09T20:52:28.890859,1786374210148,GET,http://localhost/api/cicd/status/40665,0,2.46,"HTTPConnectionPool(host='localhost', port=80): Max retries exceeded with url: /api/cicd/status/40665 (Caused by NewConnectionError(""HTTPConnection(host='localhost', port=80): Failed to establish a new connection: [Errno 111] Connection refused""))"
2026-09-09T20:52:28.916072,1786373852673,POST,http://localhost/api/cicd/execute,0,8.19,"HTTPConnectionPool(host='localhost', port=80): Max retries exceeded with url: /api/cicd/execute (Caused by NewConnectionError(""HTTPConnection(host='localhost', port=80): Failed to establish a new connection: [Errno 111] Connection refused""))"
2026-09-09T20:52:28.916589,1786373852673,POST,http://localhost/api/cicd/execute,0,5.11,"HTTPConnectionPool(host='localhost', port=80): Max retries exceeded with url: /api/cicd/execute (Caused by NewConnectionError(""HTTPConnection(host='localhost', port=80): Failed to establish a new connection: [Errno 111] Connection refused""))"
2026-09-09T20:52:28.916986,1786373852673,POST,http://localhost/api/cicd/execute,0,7.92,"HTTPConnectionPool(host='localhost', port=80): Max retries exceeded with url: /api/cicd/execute (Caused by NewConnectionError(""HTTPConnection(host='localhost', port=80): Failed to establish a new connection: [Errno 111] Connection refused""))"
2026-09-09T20:52:28.917330,1786374210148,GET,http://localhost/api/cicd/status/40665,0,3.52,"HTTPConnectionPool(host='localhost', port=80): Max retries exceeded with url: /api/cicd/status/40665 (Caused by NewConnectionError(""HTTPConnection(host='localhost', port=80): Failed to establish a new connection: [Errno 111] Connection refused""))"
2026-09-09T20:52:28.917679,1786373852673,POST,http://localhost/api/cicd/execute,0,7.3,"HTTPConnectionPool(host='localhost', port=80): Max retries exceeded with url: /api/cicd/execute (Caused by NewConnectionError(""HTTPConnection(host='localhost', port=80): Failed to establish a new connection: [Errno 111] Connection refused""))"
2026-09-09T20:52:28.917886,1786373852673,POST,http://localhost/api/cicd/execute,0,5.29,"HTTPConnectionPool(host='localhost', port=80): Max retries exceeded with url: /api/cicd/execute (Caused by NewConnectionError(""HTTPConnection(host='localhost', port=80): Failed to establish a new connection: [Errno 111] Connection refused""))"
2026-09-09T20:52:28.919944,1786373852673,POST,http://localhost/api/cicd/execute,0,1.64,"HTTPConnectionPool(host='localhost', port=80): Max retries exceeded with url: /api/cicd/execute (Caused by NewConnectionError(""HTTPConnection(host='localhost', port=80): Failed to establish a new connection: [Errno 111] Connection refused""))"
2026-09-09T20:52:28.995564,1786374210148,GET,http://localhost/api/cicd/status/40665,0,5.09,"HTTPConnectionPool(host='localhost', port=80): Max retries exceeded with url: /api/cicd/status/40665 (Caused by NewConnectionError(""HTTPConnection(host='localhost', port=80): Failed to establish a new connection: [Errno 111] Connection refused""))"
2026-09-09T20:52:28.995856,1786373852673,POST,http://localhost/api/cicd/execute,0,3.5,"HTTPConnectionPool(host='localhost', port=80): Max retries exceeded with url: /api/cicd/execute (Caused by NewConnectionError(""HTTPConnection(host='localhost', port=80): Failed to establish a new connection: [Errno 111] Connection refused""))"
2026-09-09T20:52:28.996282,1786373852673,POST,http://localhost/api/cicd/execute,0,2.7,"HTTPConnectionPool(host='localhost', port=80): Max retries exceeded with url: /api/cicd/execute (Caused by NewConnectionError(""HTTPConnection(host='localhost', port=80): Failed to establish a new connection: [Errno 111] Connection refused""))"
2026-09-09T20:52:29.025897,1786374210148,GET,http://localhost/api/cicd/status/40665,0,8.45,"HTTPConnectionPool(host='localhost', port=80): Max retries exceeded with url: /api/cicd/status/40665 (Caused by NewConnectionError(""HTTPConnection(host='localhost', port=80): Failed to establish a new connection: [Errno 111] Connection refused""))"
2026-09-09T20:52:29.026730,1786374210148,GET,http://localhost/api/cicd/status/40665,0,8.1,"HTTPConnectionPool(host='localhost', port=80): Max retries exceeded with url: /api/cicd/status/40665 (Caused by NewConnectionError(""HTTPConnection(host='localhost', port=80): Failed to establish a new connection: [Errno 111] Connection refused""))"
2026-09-09T20:52:29.027070,1786373852673,POST,http://localhost/api/cicd/execute,0,7.33,"HTTPConnectionPool(host='localhost', port=80): Max retries exceeded with url: /api/cicd/execute (Caused by NewConnectionError(""HTTPConnection(host='localhost', port=80): Failed to establish a new connection: [Errno 111] Connection refused""))"
2026-09-09T20:52:29.027542,1786374210148,GET,http://localhost/api/cicd/status/40665,0,6.56,"HTTPConnectionPool(host='localhost', port=80): Max retries exceeded with url: /api/cicd/status/40665 (Caused by NewConnectionError(""HTTPConnection(host='localhost', port=80): Failed to establish a new connection: [Errno 111] Connection refused""))"
2026-09-09T20:52:29.028068,1786374210148,GET,http://localhost/api/cicd/status/40665,0,11.81,"HTTPConnectionPool(host='localhost', port=80): Max retries exceeded with url: /api/cicd/status/40665 (Caused by NewConnectionError(""HTTPConnection(host='localhost', port=80): Failed to establish a new connection: [Errno 111] Connection refused""))"
2026-09-09T20:52:29.028526,1786374210148,GET,http://localhost/api/cicd/status/40665,0,4.54,"HTTPConnectionPool(host='localhost', port=80): Max retries exceeded with url: /api/cicd/status/40665 (Caused by NewConnectionError(""HTTPConnection(host='localhost', port=80): Failed to establish a new connection: [Errno 111] Connection refused""))"
2026-09-09T20:52:29.028869,1786374210148,GET,http://localhost/api/cicd/status/40665,0,6.31,"HTTPConnectionPool(host='localhost', port=80): Max retries exceeded with url: /api/cicd/status/40665 (Caused by NewConnectionError(""HTTPConnection(host='localhost', port=80): Failed to establish a new connection: [Errno 111] Connection refused""))"
2026-09-09T20:52:29.099619,1786373852673,POST,http://localhost/api/cicd/execute,0,3.91,"HTTPConnectionPool(host='localhost', port=80): Max retries exceeded with url: /api/cicd/execute (Caused by NewConnectionError(""HTTPConnection(host='localhost', port=80): Failed to establish a new connection: [Errno 111] Connection refused""))"
2026-09-09T20:52:29.099899,1786374210148,GET,http://localhost/api/cicd/status/40665,0,2.98,"HTTPConnectionPool(host='localhost', port=80): Max retries exceeded with url: /api/cicd/status/40665 (Caused by NewConnectionError(""HTTPConnection(host='localhost', port=80): Failed to establish a new connection: [Errno 111] Connection refused""))"
2026-09-09T20:52:29.100836,1786374210148,GET,http://localhost/api/cicd/status/40665,0,2.99,"HTTPConnectionPool(host='localhost', port=80): Max retries exceeded with url: /api/cicd/status/40665 (Caused by NewConnectionError(""HTTPConnection(host='localhost', port=80): Failed to establish a new connection: [Errno 111] Connection refused""))"
2026-09-09T20:52:29.132638,1786373852673,POST,http://localhost/api/cicd/execute,0,6.59,"HTTPConnectionPool(host='localhost', port=80): Max retries exceeded with url: /api/cicd/execute (Caused by NewConnectionError(""HTTPConnection(host='localhost', port=80): Failed to establish a new connection: [Errno 111] Connection refused""))"
2026-09-09T20:52:29.134899,1786374210148,GET,http://localhost/api/cicd/status/40665,0,6.72,"HTTPConnectionPool(host='localhost', port=80): Max retries exceeded with url: /api/cicd/status/40665 (Caused by NewConnectionError(""HTTPConnection(host='localhost', port=80): Failed to establish a new connection: [Errno 111] Connection refused""))"
2026-09-09T20:52:29.135505,1786373852673,POST,http://localhost/api/cicd/execute,0,6.36,"HTTPConnectionPool(host='localhost', port=80): Max retries exceeded with url: /api/cicd/execute (Caused by NewConnectionError(""HTTPConnection(host='localhost', port=80): Failed to establish a new connection: [Errno 111] Connection refused""))"
2026-09-09T20:52:29.135810,1786373852673,POST,http://localhost/api/cicd/execute,0,8.9,"HTTPConnectionPool(host='localhost', port=80): Max retries exceeded with url: /api/cicd/execute (Caused by NewConnectionError(""HTTPConnection(host='localhost', port=80): Failed to establish a new connection: [Errno 111] Connection refused""))"
2026-09-09T20:52:29.136315,1786373852673,POST,http://localhost/api/cicd/execute,0,3.51,"HTTPConnectionPool(host='localhost', port=80): Max retries exceeded with url: /api/cicd/execute (Caused by NewConnectionError(""HTTPConnection(host='localhost', port=80): Failed to establish a new connection: [Errno 111] Connection refused""))"
2026-09-09T20:52:29.136595,1786373852673,POST,http://localhost/api/cicd/execute,0,6.47,"HTTPConnectionPool(host='localhost', port=80): Max retries exceeded with url: /api/cicd/execute (Caused by NewConnectionError(""HTTPConnection(host='localhost', port=80): Failed to establish a new connection: [Errno 111] Connection refused""))"
2026-09-09T20:52:29.136928,1786373852673,POST,http://localhost/api/cicd/execute,0,5.6,"HTTPConnectionPool(host='localhost', port=80): Max retries exceeded with url: /api/cicd/execute (Caused by NewConnectionError(""HTTPConnection(host='localhost', port=80): Failed to establish a new connection: [Errno 111] Connection refused""))"
2026-09-09T20:52:29.203932,1786374210148,GET,http://localhost/api/cicd/status/40665,0,4.12,"HTTPConnectionPool(host='localhost', port=80): Max retries exceeded with url: /api/cicd/status/40665 (Caused by NewConnectionError(""HTTPConnection(host='localhost', port=80): Failed to establish a new connection: [Errno 111] Connection refused""))"
2026-09-09T20:52:29.204148,1786373852673,POST,http://localhost/api/cicd/execute,0,3.14,"HTTPConnectionPool(host='localhost', port=80): Max retries exceeded with url: /api/cicd/execute (Caused by NewConnectionError(""HTTPConnection(host='localhost', port=80): Failed to establish a new connection: [Errno 111] Connection refused""))"
2026-09-09T20:52:29.204560,1786373852673,POST,http://localhost/api/cicd/execute,0,2.52,"HTTPConnectionPool(host='localhost', port=80): Max retries exceeded with url: /api/cicd/execute (Caused by NewConnectionError(""HTTPConnection(host='localhost', port=80): Failed to establish a new connection: [Errno 111] Connection refused""))"
2026-09-09T20:52:29.234472,1786374210148,GET,http://localhost/api/cicd/status/40665,0,1.67,"HTTPConnectionPool(host='localhost', port=80): Max retries exceeded with url: /api/cicd/status/40665 (Caused by NewConnectionError(""HTTPConnection(host='localhost', port=80): Failed to establish a new connection: [Errno 111] Connection refused""))"
2026-09-09T20:52:29.243380,1786373852673,POST,http://localhost/api/cicd/execute,0,8.33,"HTTPConnectionPool(host='localhost', port=80): Max retries exceeded with url: /api/cicd/execute (Caused by NewConnectionError(""HTTPConnection(host='localhost', port=80): Failed to establish a new connection: [Errno 111] Connection refused""))"
2026-09-09T20:52:29.243872,1786374210148,GET,http://localhost/api/cicd/status/40665,0,7.72,"HTTPConnectionPool(host='localhost', port=80): Max retries exceeded with url: /api/cicd/status/40665 (Caused by NewConnectionError(""HTTPConnection(host='localhost', port=80): Failed to establish a new connection: [Errno 111] Connection refused""))"
2026-09-09T20:52:29.244564,1786374210148,GET,http://localhost/api/cicd/status/40665,0,7.35,"HTTPConnectionPool(host='localhost', port=80): Max retries exceeded with url: /api/cicd/status/40665 (Caused by NewConnectionError(""HTTPConnection(host='localhost', port=80): Failed to establish a new connection: [Errno 111] Connection refused""))"
2026-09-09T20:52:29.245045,1786374210148,GET,http://localhost/api/cicd/status/40665,0,6.68,"HTTPConnectionPool(host='localhost', port=80): Max retries exceeded with url: /api/cicd/status/40665 (Caused by NewConnectionError(""HTTPConnection(host='localhost', port=80): Failed to establish a new connection: [Errno 111] Connection refused""))"
2026-09-09T20:52:29.245499,1786374210148,GET,http://localhost/api/cicd/status/40665,0,3.92,"HTTPConnectionPool(host='localhost', port=80): Max retries exceeded with url: /api/cicd/status/40665 (Caused by NewConnectionError(""HTTPConnection(host='localhost', port=80): Failed to establish a new connection: [Errno 111] Connection refused""))"
2026-09-09T20:52:29.245773,1786374210148,GET,http://localhost/api/cicd/status/40665,0,5.58,"HTTPConnectionPool(host='localhost', port=80): Max retries exceeded with url: /api/cicd/status/40665 (Caused by NewConnectionError(""HTTPConnection(host='localhost', port=80): Failed to establish a new connection: [Errno 111] Connection refused""))"
2026-09-09T20:52:29.308345,1786374210148,GET,http://localhost/api/cicd/status/40665,0,3.0,"HTTPConnectionPool(host='localhost', port=80): Max retries exceeded with url: /api/cicd/status/40665 (Caused by NewConnectionError(""HTTPConnection(host='localhost', port=80): Failed to establish a new connection: [Errno 111] Connection refused""))"
2026-09-09T20:52:29.308810,1786373852673,POST,http://localhost/api/cicd/execute,0,4.68,"HTTPConnectionPool(host='localhost', port=80): Max retries exceeded with url: /api/cicd/execute (Caused by NewConnectionError(""HTTPConnection(host='localhost', port=80): Failed to establish a new connection: [Errno 111] Connection refused""))"
2026-09-09T20:52:29.309188,1786374210148,GET,http://localhost/api/cicd/status/40665,0,2.66,"HTTPConnectionPool(host='localhost', port=80): Max retries exceeded with url: /api/cicd/status/40665 (Caused by NewConnectionError(""HTTPConnection(host='localhost', port=80): Failed to establish a new connection: [Errno 111] Connection refused""))"
2026-09-09T20:52:29.336354,1786373852673,POST,http://localhost/api/cicd/execute,0,1.72,"HTTPConnectionPool(host='localhost', port=80): Max retries exceeded with url: /api/cicd/execute (Caused by NewConnectionError(""HTTPConnection(host='localhost', port=80): Failed to establish a new connection: [Errno 111] Connection refused""))"
2026-09-09T20:52:29.351848,1786373852673,POST,http://localhost/api/cicd/execute,0,6.05,"HTTPConnectionPool(host='localhost', port=80): Max retries exceeded with url: /api/cicd/execute (Caused by NewConnectionError(""HTTPConnection(host='localhost', port=80): Failed to establish a new connection: [Errno 111] Connection refused""))"
2026-09-09T20:52:29.352353,1786374210148,GET,http://localhost/api/cicd/status/40665,0,8.79,"HTTPConnectionPool(host='localhost', port=80): Max retries exceeded with url: /api/cicd/status/40665 (Caused by NewConnectionError(""HTTPConnection(host='localhost', port=80): Failed to establish a new connection: [Errno 111] Connection refused""))"
2026-09-09T20:52:29.353547,1786373852673,POST,http://localhost/api/cicd/execute,0,6.44,"HTTPConnectionPool(host='localhost', port=80): Max retries exceeded with url: /api/cicd/execute (Caused by NewConnectionError(""HTTPConnection(host='localhost', port=80): Failed to establish a new connection: [Errno 111] Connection refused""))"
2026-09-09T20:52:29.354036,1786373852673,POST,http://localhost/api/cicd/execute,0,4.55,"HTTPConnectionPool(host='localhost', port=80): Max retries exceeded with url: /api/cicd/execute (Caused by NewConnectionError(""HTTPConnection(host='localhost', port=80): Failed to establish a new connection: [Errno 111] Connection refused""))"
2026-09-09T20:52:29.354285,1786373852673,POST,http://localhost/api/cicd/execute,0,9.63,"HTTPConnectionPool(host='localhost', port=80): Max retries exceeded with url: /api/cicd/execute (Caused by NewConnectionError(""HTTPConnection(host='localhost', port=80): Failed to establish a new connection: [Errno 111] Connection refused""))"
2026-09-09T20:52:29.354823,1786373852673,POST,http://localhost/api/cicd/execute,0,6.55,"HTTPConnectionPool(host='localhost', port=80): Max retries exceeded with url: /api/cicd/execute (Caused by NewConnectionError(""HTTPConnection(host='localhost', port=80): Failed to establish a new connection: [Errno 111] Connection refused""))"
2026-09-09T20:52:29.412977,1786373852673,POST,http://localhost/api/cicd/execute,0,4.45,"HTTPConnectionPool(host='localhost', port=80): Max retries exceeded with url: /api/cicd/execute (Caused by NewConnectionError(""HTTPConnection(host='localhost', port=80): Failed to establish a new connection: [Errno 111] Connection refused""))"
2026-09-09T20:52:29.413387,1786374210148,GET,http://localhost/api/cicd/status/40665,0,3.66,"HTTPConnectionPool(host='localhost', port=80): Max retries exceeded with url: /api/cicd/status/40665 (Caused by NewConnectionError(""HTTPConnection(host='localhost', port=80): Failed to establish a new connection: [Errno 111] Connection refused""))"
2026-09-09T20:52:29.413724,1786373852673,POST,http://localhost/api/cicd/execute,0,2.82,"HTTPConnectionPool(host='localhost', port=80): Max retries exceeded with url: /api/cicd/execute (Caused by NewConnectionError(""HTTPConnection(host='localhost', port=80): Failed to establish a new connection: [Errno 111] Connection refused""))"
2026-09-09T20:52:29.438282,1786374210148,GET,http://localhost/api/cicd/status/40665,0,1.75,"HTTPConnectionPool(host='localhost', port=80): Max retries exceeded with url: /api/cicd/status/40665 (Caused by NewConnectionError(""HTTPConnection(host='localhost', port=80): Failed to establish a new connection: [Errno 111] Connection refused""))"
2026-09-09T20:52:29.460675,1786374210148,GET,http://localhost/api/cicd/status/40665,0,8.65,"HTTPConnectionPool(host='localhost', port=80): Max retries exceeded with url: /api/cicd/status/40665 (Caused by NewConnectionError(""HTTPConnection(host='localhost', port=80): Failed to establish a new connection: [Errno 111] Connection refused""))"
2026-09-09T20:52:29.461527,1786374210148,GET,http://localhost/api/cicd/status/40665,0,5.5,"HTTPConnectionPool(host='localhost', port=80): Max retries exceeded with url: /api/cicd/status/40665 (Caused by NewConnectionError(""HTTPConnection(host='localhost', port=80): Failed to establish a new connection: [Errno 111] Connection refused""))"
2026-09-09T20:52:29.461909,1786374210148,GET,http://localhost/api/cicd/status/40665,0,3.45,"HTTPConnectionPool(host='localhost', port=80): Max retries exceeded with url: /api/cicd/status/40665 (Caused by NewConnectionError(""HTTPConnection(host='localhost', port=80): Failed to establish a new connection: [Errno 111] Connection refused""))"
2026-09-09T20:52:29.462407,1786373852673,POST,http://localhost/api/cicd/execute,0,9.29,"HTTPConnectionPool(host='localhost', port=80): Max retries exceeded with url: /api/cicd/execute (Caused by NewConnectionError(""HTTPConnection(host='localhost', port=80): Failed to establish a new connection: [Errno 111] Connection refused""))"
2026-09-09T20:52:29.462853,1786374210148,GET,http://localhost/api/cicd/status/40665,0,8.55,"HTTPConnectionPool(host='localhost', port=80): Max retries exceeded with url: /api/cicd/status/40665 (Caused by NewConnectionError(""HTTPConnection(host='localhost', port=80): Failed to establish a new connection: [Errno 111] Connection refused""))"
2026-09-09T20:52:29.463067,1786374210148,GET,http://localhost/api/cicd/status/40665,0,5.69,"HTTPConnectionPool(host='localhost', port=80): Max retries exceeded with url: /api/cicd/status/40665 (Caused by NewConnectionError(""HTTPConnection(host='localhost', port=80): Failed to establish a new connection: [Errno 111] Connection refused""))"
2026-09-09T20:52:29.517817,1786374210148,GET,http://localhost/api/cicd/status/40665,0,4.64,"HTTPConnectionPool(host='localhost', port=80): Max retries exceeded with url: /api/cicd/status/40665 (Caused by NewConnectionError(""HTTPConnection(host='localhost', port=80): Failed to establish a new connection: [Errno 111] Connection refused""))"
2026-09-09T20:52:29.518230,1786373852673,POST,http://localhost/api/cicd/execute,0,3.91,"HTTPConnectionPool(host='localhost', port=80): Max retries exceeded with url: /api/cicd/execute (Caused by NewConnectionError(""HTTPConnection(host='localhost', port=80): Failed to establish a new connection: [Errno 111] Connection refused""))"
2026-09-09T20:52:29.518568,1786374210148,GET,http://localhost/api/cicd/status/40665,0,3.1,"HTTPConnectionPool(host='localhost', port=80): Max retries exceeded with url: /api/cicd/status/40665 (Caused by NewConnectionError(""HTTPConnection(host='localhost', port=80): Failed to establish a new connection: [Errno 111] Connection refused""))"
2026-09-09T20:52:29.540112,1786373852673,POST,http://localhost/api/cicd/execute,0,1.68,"HTTPConnectionPool(host='localhost', port=80): Max retries exceeded with url: /api/cicd/execute (Caused by NewConnectionError(""HTTPConnection(host='localhost', port=80): Failed to establish a new connection: [Errno 111] Connection refused""))"
2026-09-09T20:52:29.567958,1786373852673,POST,http://localhost/api/cicd/execute,0,2.4,"HTTPConnectionPool(host='localhost', port=80): Max retries exceeded with url: /api/cicd/execute (Caused by NewConnectionError(""HTTPConnection(host='localhost', port=80): Failed to establish a new connection: [Errno 111] Connection refused""))"
2026-09-09T20:52:29.569969,1786373852673,POST,http://localhost/api/cicd/execute,0,8.01,"HTTPConnectionPool(host='localhost', port=80): Max retries exceeded with url: /api/cicd/execute (Caused by NewConnectionError(""HTTPConnection(host='localhost', port=80): Failed to establish a new connection: [Errno 111] Connection refused""))"
2026-09-09T20:52:29.570330,1786373852673,POST,http://localhost/api/cicd/execute,0,9.47,"HTTPConnectionPool(host='localhost', port=80): Max retries exceeded with url: /api/cicd/execute (Caused by NewConnectionError(""HTTPConnection(host='localhost', port=80): Failed to establish a new connection: [Errno 111] Connection refused""))"
2026-09-09T20:52:29.570688,1786373852673,POST,http://localhost/api/cicd/execute,0,7.65,"HTTPConnectionPool(host='localhost', port=80): Max retries exceeded with url: /api/cicd/execute (Caused by NewConnectionError(""HTTPConnection(host='localhost', port=80): Failed to establish a new connection: [Errno 111] Connection refused""))"
2026-09-09T20:52:29.571028,1786374210148,GET,http://localhost/api/cicd/status/40665,0,6.7,"HTTPConnectionPool(host='localhost', port=80): Max retries exceeded with url: /api/cicd/status/40665 (Caused by NewConnectionError(""HTTPConnection(host='localhost', port=80): Failed to establish a new connection: [Errno 111] Connection refused""))"
2026-09-09T20:52:29.571507,1786373852673,POST,http://localhost/api/cicd/execute,0,3.46,"HTTPConnectionPool(host='localhost', port=80): Max retries exceeded with url: /api/cicd/execute (Caused by NewConnectionError(""HTTPConnection(host='localhost', port=80): Failed to establish a new connection: [Errno 111] Connection refused""))"
2026-09-09T20:52:29.622264,1786373852673,POST,http://localhost/api/cicd/execute,0,4.27,"HTTPConnectionPool(host='localhost', port=80): Max retries exceeded with url: /api/cicd/execute (Caused by NewConnectionError(""HTTPConnection(host='localhost', port=80): Failed to establish a new connection: [Errno 111] Connection refused""))"
2026-09-09T20:52:29.622676,1786374210148,GET,http://localhost/api/cicd/status/40665,0,3.51,"HTTPConnectionPool(host='localhost', port=80): Max retries exceeded with url: /api/cicd/status/40665 (Caused by NewConnectionError(""HTTPConnection(host='localhost', port=80): Failed to establish a new connection: [Errno 111] Connection refused""))"
2026-09-09T20:52:29.623064,1786373852673,POST,http://localhost/api/cicd/execute,0,2.81,"HTTPConnectionPool(host='localhost', port=80): Max retries exceeded with url: /api/cicd/execute (Caused by NewConnectionError(""HTTPConnection(host='localhost', port=80): Failed to establish a new connection: [Errno 111] Connection refused""))"
2026-09-09T20:52:29.641968,1786374210148,GET,http://localhost/api/cicd/status/40665,0,1.68,"HTTPConnectionPool(host='localhost', port=80): Max retries exceeded with url: /api/cicd/status/40665 (Caused by NewConnectionError(""HTTPConnection(host='localhost', port=80): Failed to establish a new connection: [Errno 111] Connection refused""))"
2026-09-09T20:52:29.677606,1786374210148,GET,http://localhost/api/cicd/status/40665,0,9.44,"HTTPConnectionPool(host='localhost', port=80): Max retries exceeded with url: /api/cicd/status/40665 (Caused by NewConnectionError(""HTTPConnection(host='localhost', port=80): Failed to establish a new connection: [Errno 111] Connection refused""))"
2026-09-09T20:52:29.677982,1786373852673,POST,http://localhost/api/cicd/execute,0,5.4,"HTTPConnectionPool(host='localhost', port=80): Max retries exceeded with url: /api/cicd/execute (Caused by NewConnectionError(""HTTPConnection(host='localhost', port=80): Failed to establish a new connection: [Errno 111] Connection refused""))"
2026-09-09T20:52:29.678472,1786374210148,GET,http://localhost/api/cicd/status/40665,0,7.0,"HTTPConnectionPool(host='localhost', port=80): Max retries exceeded with url: /api/cicd/status/40665 (Caused by NewConnectionError(""HTTPConnection(host='localhost', port=80): Failed to establish a new connection: [Errno 111] Connection refused""))"
2026-09-09T20:52:29.678838,1786374210148,GET,http://localhost/api/cicd/status/40665,0,8.67,"HTTPConnectionPool(host='localhost', port=80): Max retries exceeded with url: /api/cicd/status/40665 (Caused by NewConnectionError(""HTTPConnection(host='localhost', port=80): Failed to establish a new connection: [Errno 111] Connection refused""))"
2026-09-09T20:52:29.679231,1786374210148,GET,http://localhost/api/cicd/status/40665,0,5.5,"HTTPConnectionPool(host='localhost', port=80): Max retries exceeded with url: /api/cicd/status/40665 (Caused by NewConnectionError(""HTTPConnection(host='localhost', port=80): Failed to establish a new connection: [Errno 111] Connection refused""))"
2026-09-09T20:52:29.679619,1786374210148,GET,http://localhost/api/cicd/status/40665,0,4.52,"HTTPConnectionPool(host='localhost', port=80): Max retries exceeded with url: /api/cicd/status/40665 (Caused by NewConnectionError(""HTTPConnection(host='localhost', port=80): Failed to establish a new connection: [Errno 111] Connection refused""))"
2026-09-09T20:52:29.726734,1786374210148,GET,http://localhost/api/cicd/status/40665,0,2.01,"HTTPConnectionPool(host='localhost', port=80): Max retries exceeded with url: /api/cicd/status/40665 (Caused by NewConnectionError(""HTTPConnection(host='localhost', port=80): Failed to establish a new connection: [Errno 111] Connection refused""))"
2026-09-09T20:52:29.726972,1786374210148,GET,http://localhost/api/cicd/status/40665,0,4.52,"HTTPConnectionPool(host='localhost', port=80): Max retries exceeded with url: /api/cicd/status/40665 (Caused by NewConnectionError(""HTTPConnection(host='localhost', port=80): Failed to establish a new connection: [Errno 111] Connection refused""))"
2026-09-09T20:52:29.727400,1786373852673,POST,http://localhost/api/cicd/execute,0,3.83,"HTTPConnectionPool(host='localhost', port=80): Max retries exceeded with url: /api/cicd/execute (Caused by NewConnectionError(""HTTPConnection(host='localhost', port=80): Failed to establish a new connection: [Errno 111] Connection refused""))"
2026-09-09T20:52:29.743886,1786373852673,POST,http://localhost/api/cicd/execute,0,1.71,"HTTPConnectionPool(host='localhost', port=80): Max retries exceeded with url: /api/cicd/execute (Caused by NewConnectionError(""HTTPConnection(host='localhost', port=80): Failed to establish a new connection: [Errno 111] Connection refused""))"
2026-09-09T20:52:29.788603,1786373852673,POST,http://localhost/api/cicd/execute,0,10.81,"HTTPConnectionPool(host='localhost', port=80): Max retries exceeded with url: /api/cicd/execute (Caused by NewConnectionError(""HTTPConnection(host='localhost', port=80): Failed to establish a new connection: [Errno 111] Connection refused""))"
2026-09-09T20:52:29.789162,1786373852673,POST,http://localhost/api/cicd/execute,0,7.76,"HTTPConnectionPool(host='localhost', port=80): Max retries exceeded with url: /api/cicd/execute (Caused by NewConnectionError(""HTTPConnection(host='localhost', port=80): Failed to establish a new connection: [Errno 111] Connection refused""))"
2026-09-09T20:52:29.789608,1786374210148,GET,http://localhost/api/cicd/status/40665,0,10.55,"HTTPConnectionPool(host='localhost', port=80): Max retries exceeded with url: /api/cicd/status/40665 (Caused by NewConnectionError(""HTTPConnection(host='localhost', port=80): Failed to establish a new connection: [Errno 111] Connection refused""))"
2026-09-09T20:52:29.789824,1786373852673,POST,http://localhost/api/cicd/execute,0,7.2,"HTTPConnectionPool(host='localhost', port=80): Max retries exceeded with url: /api/cicd/execute (Caused by NewConnectionError(""HTTPConnection(host='localhost', port=80): Failed to establish a new connection: [Errno 111] Connection refused""))"
2026-09-09T20:52:29.790045,1786373852673,POST,http://localhost/api/cicd/execute,0,3.37,"HTTPConnectionPool(host='localhost', port=80): Max retries exceeded with url: /api/cicd/execute (Caused by NewConnectionError(""HTTPConnection(host='localhost', port=80): Failed to establish a new connection: [Errno 111] Connection refused""))"
2026-09-09T20:52:29.790443,1786373852673,POST,http://localhost/api/cicd/execute,0,10.16,"HTTPConnectionPool(host='localhost', port=80): Max retries exceeded with url: /api/cicd/execute (Caused by NewConnectionError(""HTTPConnection(host='localhost', port=80): Failed to establish a new connection: [Errno 111] Connection refused""))"
2026-09-09T20:52:29.831104,1786373852673,POST,http://localhost/api/cicd/execute,0,2.91,"HTTPConnectionPool(host='localhost', port=80): Max retries exceeded with url: /api/cicd/execute (Caused by NewConnectionError(""HTTPConnection(host='localhost', port=80): Failed to establish a new connection: [Errno 111] Connection refused""))"
2026-09-09T20:52:29.831481,1786374210148,GET,http://localhost/api/cicd/status/40665,0,2.18,"HTTPConnectionPool(host='localhost', port=80): Max retries exceeded with url: /api/cicd/status/40665 (Caused by NewConnectionError(""HTTPConnection(host='localhost', port=80): Failed to establish a new connection: [Errno 111] Connection refused""))"
2026-09-09T20:52:29.831704,1786373852673,POST,http://localhost/api/cicd/execute,0,4.79,"HTTPConnectionPool(host='localhost', port=80): Max retries exceeded with url: /api/cicd/execute (Caused by NewConnectionError(""HTTPConnection(host='localhost', port=80): Failed to establish a new connection: [Errno 111] Connection refused""))"
2026-09-09T20:52:29.845710,1786374210148,GET,http://localhost/api/cicd/status/40665,0,1.65,"HTTPConnectionPool(host='localhost', port=80): Max retries exceeded with url: /api/cicd/status/40665 (Caused by NewConnectionError(""HTTPConnection(host='localhost', port=80): Failed to establish a new connection: [Errno 111] Connection refused""))"
2026-09-09T20:52:29.901783,1786374210148,GET,http://localhost/api/cicd/status/40665,0,12.99,"HTTPConnectionPool(host='localhost', port=80): Max retries exceeded with url: /api/cicd/status/40665 (Caused by NewConnectionError(""HTTPConnection(host='localhost', port=80): Failed to establish a new connection: [Errno 111] Connection refused""))"
2026-09-09T20:52:29.902268,1786373852673,POST,http://localhost/api/cicd/execute,0,11.1,"HTTPConnectionPool(host='localhost', port=80): Max retries exceeded with url: /api/cicd/execute (Caused by NewConnectionError(""HTTPConnection(host='localhost', port=80): Failed to establish a new connection: [Errno 111] Connection refused""))"
2026-09-09T20:52:29.902877,1786374210148,GET,http://localhost/api/cicd/status/40665,0,10.57,"HTTPConnectionPool(host='localhost', port=80): Max retries exceeded with url: /api/cicd/status/40665 (Caused by NewConnectionError(""HTTPConnection(host='localhost', port=80): Failed to establish a new connection: [Errno 111] Connection refused""))"
2026-09-09T20:52:29.903373,1786374210148,GET,http://localhost/api/cicd/status/40665,0,13.38,"HTTPConnectionPool(host='localhost', port=80): Max retries exceeded with url: /api/cicd/status/40665 (Caused by NewConnectionError(""HTTPConnection(host='localhost', port=80): Failed to establish a new connection: [Errno 111] Connection refused""))"
2026-09-09T20:52:29.903640,1786374210148,GET,http://localhost/api/cicd/status/40665,0,3.68,"HTTPConnectionPool(host='localhost', port=80): Max retries exceeded with url: /api/cicd/status/40665 (Caused by NewConnectionError(""HTTPConnection(host='localhost', port=80): Failed to establish a new connection: [Errno 111] Connection refused""))"
2026-09-09T20:52:29.903993,1786374210148,GET,http://localhost/api/cicd/status/40665,0,10.25,"HTTPConnectionPool(host='localhost', port=80): Max retries exceeded with url: /api/cicd/status/40665 (Caused by NewConnectionError(""HTTPConnection(host='localhost', port=80): Failed to establish a new connection: [Errno 111] Connection refused""))"
2026-09-09T20:52:29.935260,1786374210148,GET,http://localhost/api/cicd/status/40665,0,3.96,"HTTPConnectionPool(host='localhost', port=80): Max retries exceeded with url: /api/cicd/status/40665 (Caused by NewConnectionError(""HTTPConnection(host='localhost', port=80): Failed to establish a new connection: [Errno 111] Connection refused""))"
2026-09-09T20:52:29.935600,1786374210148,GET,http://localhost/api/cicd/status/40665,0,2.12,"HTTPConnectionPool(host='localhost', port=80): Max retries exceeded with url: /api/cicd/status/40665 (Caused by NewConnectionError(""HTTPConnection(host='localhost', port=80): Failed to establish a new connection: [Errno 111] Connection refused""))"
2026-09-09T20:52:29.935891,1786373852673,POST,http://localhost/api/cicd/execute,0,3.5,"HTTPConnectionPool(host='localhost', port=80): Max retries exceeded with url: /api/cicd/execute (Caused by NewConnectionError(""HTTPConnection(host='localhost', port=80): Failed to establish a new connection: [Errno 111] Connection refused""))"
2026-09-09T20:52:29.947579,1786373852673,POST,http://localhost/api/cicd/execute,0,1.69,"HTTPConnectionPool(host='localhost', port=80): Max retries exceeded with url: /api/cicd/execute (Caused by NewConnectionError(""HTTPConnection(host='localhost', port=80): Failed to establish a new connection: [Errno 111] Connection refused""))"
2026-09-09T20:52:30.010939,1786373852673,POST,http://localhost/api/cicd/execute,0,8.97,"HTTPConnectionPool(host='localhost', port=80): Max retries exceeded with url: /api/cicd/execute (Caused by NewConnectionError(""HTTPConnection(host='localhost', port=80): Failed to establish a new connection: [Errno 111] Connection refused""))"
2026-09-09T20:52:30.011195,1786373852673,POST,http://localhost/api/cicd/execute,0,4.17,"HTTPConnectionPool(host='localhost', port=80): Max retries exceeded with url: /api/cicd/execute (Caused by NewConnectionError(""HTTPConnection(host='localhost', port=80): Failed to establish a new connection: [Errno 111] Connection refused""))"
2026-09-09T20:52:30.011466,1786373852673,POST,http://localhost/api/cicd/execute,0,7.04,"HTTPConnectionPool(host='localhost', port=80): Max retries exceeded with url: /api/cicd/execute (Caused by NewConnectionError(""HTTPConnection(host='localhost', port=80): Failed to establish a new connection: [Errno 111] Connection refused""))"
2026-09-09T20:52:30.011867,1786374210148,GET,http://localhost/api/cicd/status/40665,0,8.59,"HTTPConnectionPool(host='localhost', port=80): Max retries exceeded with url: /api/cicd/status/40665 (Caused by NewConnectionError(""HTTPConnection(host='localhost', port=80): Failed to establish a new connection: [Errno 111] Connection refused""))"
2026-09-09T20:52:30.012592,1786373852673,POST,http://localhost/api/cicd/execute,0,6.83,"HTTPConnectionPool(host='localhost', port=80): Max retries exceeded with url: /api/cicd/execute (Caused by NewConnectionError(""HTTPConnection(host='localhost', port=80): Failed to establish a new connection: [Errno 111] Connection refused""))"
2026-09-09T20:52:30.013074,1786373852673,POST,http://localhost/api/cicd/execute,0,4.51,"HTTPConnectionPool(host='localhost', port=80): Max retries exceeded with url: /api/cicd/execute (Caused by NewConnectionError(""HTTPConnection(host='localhost', port=80): Failed to establish a new connection: [Errno 111] Connection refused""))"
2026-09-09T20:52:30.039608,1786373852673,POST,http://localhost/api/cicd/execute,0,3.09,"HTTPConnectionPool(host='localhost', port=80): Max retries exceeded with url: /api/cicd/execute (Caused by NewConnectionError(""HTTPConnection(host='localhost', port=80): Failed to establish a new connection: [Errno 111] Connection refused""))"
2026-09-09T20:52:30.039950,1786373852673,POST,http://localhost/api/cicd/execute,0,4.56,"HTTPConnectionPool(host='localhost', port=80): Max retries exceeded with url: /api/cicd/execute (Caused by NewConnectionError(""HTTPConnection(host='localhost', port=80): Failed to establish a new connection: [Errno 111] Connection refused""))"
2026-09-09T20:52:30.040280,1786374210148,GET,http://localhost/api/cicd/status/40665,0,2.6,"HTTPConnectionPool(host='localhost', port=80): Max retries exceeded with url: /api/cicd/status/40665 (Caused by NewConnectionError(""HTTPConnection(host='localhost', port=80): Failed to establish a new connection: [Errno 111] Connection refused""))"
2026-09-09T20:52:30.049411,1786374210148,GET,http://localhost/api/cicd/status/40665,0,1.66,"HTTPConnectionPool(host='localhost', port=80): Max retries exceeded with url: /api/cicd/status/40665 (Caused by NewConnectionError(""HTTPConnection(host='localhost', port=80): Failed to establish a new connection: [Errno 111] Connection refused""))"
2026-09-09T20:52:30.119325,1786374210148,GET,http://localhost/api/cicd/status/40665,0,8.2,"HTTPConnectionPool(host='localhost', port=80): Max retries exceeded with url: /api/cicd/status/40665 (Caused by NewConnectionError(""HTTPConnection(host='localhost', port=80): Failed to establish a new connection: [Errno 111] Connection refused""))"
2026-09-09T20:52:30.119838,1786374210148,GET,http://localhost/api/cicd/status/40665,0,6.27,"HTTPConnectionPool(host='localhost', port=80): Max retries exceeded with url: /api/cicd/status/40665 (Caused by NewConnectionError(""HTTPConnection(host='localhost', port=80): Failed to establish a new connection: [Errno 111] Connection refused""))"
2026-09-09T20:52:30.120284,1786374210148,GET,http://localhost/api/cicd/status/40665,0,3.04,"HTTPConnectionPool(host='localhost', port=80): Max retries exceeded with url: /api/cicd/status/40665 (Caused by NewConnectionError(""HTTPConnection(host='localhost', port=80): Failed to establish a new connection: [Errno 111] Connection refused""))"
2026-09-09T20:52:30.120528,1786373852673,POST,http://localhost/api/cicd/execute,0,5.86,"HTTPConnectionPool(host='localhost', port=80): Max retries exceeded with url: /api/cicd/execute (Caused by NewConnectionError(""HTTPConnection(host='localhost', port=80): Failed to establish a new connection: [Errno 111] Connection refused""))"
2026-09-09T20:52:30.120967,1786374210148,GET,http://localhost/api/cicd/status/40665,0,5.06,"HTTPConnectionPool(host='localhost', port=80): Max retries exceeded with url: /api/cicd/status/40665 (Caused by NewConnectionError(""HTTPConnection(host='localhost', port=80): Failed to establish a new connection: [Errno 111] Connection refused""))"
2026-09-09T20:52:30.121191,1786374210148,GET,http://localhost/api/cicd/status/40665,0,8.86,"HTTPConnectionPool(host='localhost', port=80): Max retries exceeded with url: /api/cicd/status/40665 (Caused by NewConnectionError(""HTTPConnection(host='localhost', port=80): Failed to establish a new connection: [Errno 111] Connection refused""))"
2026-09-09T20:52:30.143947,1786374210148,GET,http://localhost/api/cicd/status/40665,0,4.17,"HTTPConnectionPool(host='localhost', port=80): Max retries exceeded with url: /api/cicd/status/40665 (Caused by NewConnectionError(""HTTPConnection(host='localhost', port=80): Failed to establish a new connection: [Errno 111] Connection refused""))"
2026-09-09T20:52:30.144645,1786374210148,GET,http://localhost/api/cicd/status/40665,0,3.7,"HTTPConnectionPool(host='localhost', port=80): Max retries exceeded with url: /api/cicd/status/40665 (Caused by NewConnectionError(""HTTPConnection(host='localhost', port=80): Failed to establish a new connection: [Errno 111] Connection refused""))"
2026-09-09T20:52:30.144903,1786373852673,POST,http://localhost/api/cicd/execute,0,2.87,"HTTPConnectionPool(host='localhost', port=80): Max retries exceeded with url: /api/cicd/execute (Caused by NewConnectionError(""HTTPConnection(host='localhost', port=80): Failed to establish a new connection: [Errno 111] Connection refused""))"
2026-09-09T20:52:30.151273,1786373852673,POST,http://localhost/api/cicd/execute,0,1.7,"HTTPConnectionPool(host='localhost', port=80): Max retries exceeded with url: /api/cicd/execute (Caused by NewConnectionError(""HTTPConnection(host='localhost', port=80): Failed to establish a new connection: [Errno 111] Connection refused""))"
2026-09-09T20:52:30.227731,1786373852673,POST,http://localhost/api/cicd/execute,0,4.72,"HTTPConnectionPool(host='localhost', port=80): Max retries exceeded with url: /api/cicd/execute (Caused by NewConnectionError(""HTTPConnection(host='localhost', port=80): Failed to establish a new connection: [Errno 111] Connection refused""))"
2026-09-09T20:52:30.228363,1786373852673,POST,http://localhost/api/cicd/execute,0,8.85,"HTTPConnectionPool(host='localhost', port=80): Max retries exceeded with url: /api/cicd/execute (Caused by NewConnectionError(""HTTPConnection(host='localhost', port=80): Failed to establish a new connection: [Errno 111] Connection refused""))"
2026-09-09T20:52:30.228745,1786373852673,POST,http://localhost/api/cicd/execute,0,6.87,"HTTPConnectionPool(host='localhost', port=80): Max retries exceeded with url: /api/cicd/execute (Caused by NewConnectionError(""HTTPConnection(host='localhost', port=80): Failed to establish a new connection: [Errno 111] Connection refused""))"
2026-09-09T20:52:30.229079,1786373852673,POST,http://localhost/api/cicd/execute,0,3.55,"HTTPConnectionPool(host='localhost', port=80): Max retries exceeded with url: /api/cicd/execute (Caused by NewConnectionError(""HTTPConnection(host='localhost', port=80): Failed to establish a new connection: [Errno 111] Connection refused""))"
2026-09-09T20:52:30.229577,1786373852673,POST,http://localhost/api/cicd/execute,0,5.3,"HTTPConnectionPool(host='localhost', port=80): Max retries exceeded with url: /api/cicd/execute (Caused by NewConnectionError(""HTTPConnection(host='localhost', port=80): Failed to establish a new connection: [Errno 111] Connection refused""))"
2026-09-09T20:52:30.229920,1786374210148,GET,http://localhost/api/cicd/status/40665,0,9.22,"HTTPConnectionPool(host='localhost', port=80): Max retries exceeded with url: /api/cicd/status/40665 (Caused by NewConnectionError(""HTTPConnection(host='localhost', port=80): Failed to establish a new connection: [Errno 111] Connection refused""))"
2026-09-09T20:52:30.248331,1786373852673,POST,http://localhost/api/cicd/execute,0,4.21,"HTTPConnectionPool(host='localhost', port=80): Max retries exceeded with url: /api/cicd/execute (Caused by NewConnectionError(""HTTPConnection(host='localhost', port=80): Failed to establish a new connection: [Errno 111] Connection refused""))"
2026-09-09T20:52:30.248824,1786374210148,GET,http://localhost/api/cicd/status/40665,0,2.4,"HTTPConnectionPool(host='localhost', port=80): Max retries exceeded with url: /api/cicd/status/40665 (Caused by NewConnectionError(""HTTPConnection(host='localhost', port=80): Failed to establish a new connection: [Errno 111] Connection refused""))"
2026-09-09T20:52:30.249046,1786373852673,POST,http://localhost/api/cicd/execute,0,3.72,"HTTPConnectionPool(host='localhost', port=80): Max retries exceeded with url: /api/cicd/execute (Caused by NewConnectionError(""HTTPConnection(host='localhost', port=80): Failed to establish a new connection: [Errno 111] Connection refused""))"
2026-09-09T20:52:30.253066,1786374210148,GET,http://localhost/api/cicd/status/40665,0,1.64,"HTTPConnectionPool(host='localhost', port=80): Max retries exceeded with url: /api/cicd/status/40665 (Caused by NewConnectionError(""HTTPConnection(host='localhost', port=80): Failed to establish a new connection: [Errno 111] Connection refused""))"
2026-09-09T20:52:30.336862,1786374210148,GET,http://localhost/api/cicd/status/40665,0,7.78,"HTTPConnectionPool(host='localhost', port=80): Max retries exceeded with url: /api/cicd/status/40665 (Caused by NewConnectionError(""HTTPConnection(host='localhost', port=80): Failed to establish a new connection: [Errno 111] Connection refused""))"
2026-09-09T20:52:30.337440,1786374210148,GET,http://localhost/api/cicd/status/40665,0,9.53,"HTTPConnectionPool(host='localhost', port=80): Max retries exceeded with url: /api/cicd/status/40665 (Caused by NewConnectionError(""HTTPConnection(host='localhost', port=80): Failed to establish a new connection: [Errno 111] Connection refused""))"
2026-09-09T20:52:30.337870,1786374210148,GET,http://localhost/api/cicd/status/40665,0,7.58,"HTTPConnectionPool(host='localhost', port=80): Max retries exceeded with url: /api/cicd/status/40665 (Caused by NewConnectionError(""HTTPConnection(host='localhost', port=80): Failed to establish a new connection: [Errno 111] Connection refused""))"
2026-09-09T20:52:30.338113,1786374210148,GET,http://localhost/api/cicd/status/40665,0,6.03,"HTTPConnectionPool(host='localhost', port=80): Max retries exceeded with url: /api/cicd/status/40665 (Caused by NewConnectionError(""HTTPConnection(host='localhost', port=80): Failed to establish a new connection: [Errno 111] Connection refused""))"
2026-09-09T20:52:30.338562,1786374210148,GET,http://localhost/api/cicd/status/40665,0,5.24,"HTTPConnectionPool(host='localhost', port=80): Max retries exceeded with url: /api/cicd/status/40665 (Caused by NewConnectionError(""HTTPConnection(host='localhost', port=80): Failed to establish a new connection: [Errno 111] Connection refused""))"
2026-09-09T20:52:30.338891,1786373852673,POST,http://localhost/api/cicd/execute,0,3.99,"HTTPConnectionPool(host='localhost', port=80): Max retries exceeded with url: /api/cicd/execute (Caused by NewConnectionError(""HTTPConnection(host='localhost', port=80): Failed to establish a new connection: [Errno 111] Connection refused""))"
2026-09-09T20:52:30.352545,1786374210148,GET,http://localhost/api/cicd/status/40665,0,4.08,"HTTPConnectionPool(host='localhost', port=80): Max retries exceeded with url: /api/cicd/status/40665 (Caused by NewConnectionError(""HTTPConnection(host='localhost', port=80): Failed to establish a new connection: [Errno 111] Connection refused""))"
2026-09-09T20:52:30.352918,1786373852673,POST,http://localhost/api/cicd/execute,0,3.35,"HTTPConnectionPool(host='localhost', port=80): Max retries exceeded with url: /api/cicd/execute (Caused by NewConnectionError(""HTTPConnection(host='localhost', port=80): Failed to establish a new connection: [Errno 111] Connection refused""))"
2026-09-09T20:52:30.353204,1786374210148,GET,http://localhost/api/cicd/status/40665,0,2.5,"HTTPConnectionPool(host='localhost', port=80): Max retries exceeded with url: /api/cicd/status/40665 (Caused by NewConnectionError(""HTTPConnection(host='localhost', port=80): Failed to establish a new connection: [Errno 111] Connection refused""))"
2026-09-09T20:52:30.355010,1786373852673,POST,http://localhost/api/cicd/execute,0,1.67,"HTTPConnectionPool(host='localhost', port=80): Max retries exceeded with url: /api/cicd/execute (Caused by NewConnectionError(""HTTPConnection(host='localhost', port=80): Failed to establish a new connection: [Errno 111] Connection refused""))"
2026-09-09T20:52:30.445710,1786373852673,POST,http://localhost/api/cicd/execute,0,6.12,"HTTPConnectionPool(host='localhost', port=80): Max retries exceeded with url: /api/cicd/execute (Caused by NewConnectionError(""HTTPConnection(host='localhost', port=80): Failed to establish a new connection: [Errno 111] Connection refused""))"
2026-09-09T20:52:30.446812,1786373852673,POST,http://localhost/api/cicd/execute,0,5.51,"HTTPConnectionPool(host='localhost', port=80): Max retries exceeded with url: /api/cicd/execute (Caused by NewConnectionError(""HTTPConnection(host='localhost', port=80): Failed to establish a new connection: [Errno 111] Connection refused""))"
2026-09-09T20:52:30.447064,1786373852673,POST,http://localhost/api/cicd/execute,0,5.07,"HTTPConnectionPool(host='localhost', port=80): Max retries exceeded with url: /api/cicd/execute (Caused by NewConnectionError(""HTTPConnection(host='localhost', port=80): Failed to establish a new connection: [Errno 111] Connection refused""))"
2026-09-09T20:52:30.447300,1786374210148,GET,http://localhost/api/cicd/status/40665,0,3.96,"HTTPConnectionPool(host='localhost', port=80): Max retries exceeded with url: /api/cicd/status/40665 (Caused by NewConnectionError(""HTTPConnection(host='localhost', port=80): Failed to establish a new connection: [Errno 111] Connection refused""))"
2026-09-09T20:52:30.447578,1786373852673,POST,http://localhost/api/cicd/execute,0,10.53,"HTTPConnectionPool(host='localhost', port=80): Max retries exceeded with url: /api/cicd/execute (Caused by NewConnectionError(""HTTPConnection(host='localhost', port=80): Failed to establish a new connection: [Errno 111] Connection refused""))"
2026-09-09T20:52:30.448086,1786373852673,POST,http://localhost/api/cicd/execute,0,9.78,"HTTPConnectionPool(host='localhost', port=80): Max retries exceeded with url: /api/cicd/execute (Caused by NewConnectionError(""HTTPConnection(host='localhost', port=80): Failed to establish a new connection: [Errno 111] Connection refused""))"
2026-09-09T20:52:30.458321,1786373852673,POST,http://localhost/api/cicd/execute,0,5.6,"HTTPConnectionPool(host='localhost', port=80): Max retries exceeded with url: /api/cicd/execute (Caused by NewConnectionError(""HTTPConnection(host='localhost', port=80): Failed to establish a new connection: [Errno 111] Connection refused""))"
2026-09-09T20:52:30.458596,1786373852673,POST,http://localhost/api/cicd/execute,0,3.64,"HTTPConnectionPool(host='localhost', port=80): Max retries exceeded with url: /api/cicd/execute (Caused by NewConnectionError(""HTTPConnection(host='localhost', port=80): Failed to establish a new connection: [Errno 111] Connection refused""))"
2026-09-09T20:52:30.458970,1786374210148,GET,http://localhost/api/cicd/status/40665,0,5.12,"HTTPConnectionPool(host='localhost', port=80): Max retries exceeded with url: /api/cicd/status/40665 (Caused by NewConnectionError(""HTTPConnection(host='localhost', port=80): Failed to establish a new connection: [Errno 111] Connection refused""))"
2026-09-09T20:52:30.459351,1786374210148,GET,http://localhost/api/cicd/status/40665,0,2.87,"HTTPConnectionPool(host='localhost', port=80): Max retries exceeded with url: /api/cicd/status/40665 (Caused by NewConnectionError(""HTTPConnection(host='localhost', port=80): Failed to establish a new connection: [Errno 111] Connection refused""))"
2026-09-09T20:52:30.554157,1786374210148,GET,http://localhost/api/cicd/status/40665,0,8.27,"HTTPConnectionPool(host='localhost', port=80): Max retries exceeded with url: /api/cicd/status/40665 (Caused by NewConnectionError(""HTTPConnection(host='localhost', port=80): Failed to establish a new connection: [Errno 111] Connection refused""))"
2026-09-09T20:52:30.554639,1786374210148,GET,http://localhost/api/cicd/status/40665,0,5.27,"HTTPConnectionPool(host='localhost', port=80): Max retries exceeded with url: /api/cicd/status/40665 (Caused by NewConnectionError(""HTTPConnection(host='localhost', port=80): Failed to establish a new connection: [Errno 111] Connection refused""))"
2026-09-09T20:52:30.554914,1786374210148,GET,http://localhost/api/cicd/status/40665,0,7.92,"HTTPConnectionPool(host='localhost', port=80): Max retries exceeded with url: /api/cicd/status/40665 (Caused by NewConnectionError(""HTTPConnection(host='localhost', port=80): Failed to establish a new connection: [Errno 111] Connection refused""))"
2026-09-09T20:52:30.555260,1786374210148,GET,http://localhost/api/cicd/status/40665,0,6.99,"HTTPConnectionPool(host='localhost', port=80): Max retries exceeded with url: /api/cicd/status/40665 (Caused by NewConnectionError(""HTTPConnection(host='localhost', port=80): Failed to establish a new connection: [Errno 111] Connection refused""))"
2026-09-09T20:52:30.555619,1786374210148,GET,http://localhost/api/cicd/status/40665,0,3.91,"HTTPConnectionPool(host='localhost', port=80): Max retries exceeded with url: /api/cicd/status/40665 (Caused by NewConnectionError(""HTTPConnection(host='localhost', port=80): Failed to establish a new connection: [Errno 111] Connection refused""))"
2026-09-09T20:52:30.555964,1786373852673,POST,http://localhost/api/cicd/execute,0,5.49,"HTTPConnectionPool(host='localhost', port=80): Max retries exceeded with url: /api/cicd/execute (Caused by NewConnectionError(""HTTPConnection(host='localhost', port=80): Failed to establish a new connection: [Errno 111] Connection refused""))"
2026-09-09T20:52:30.564669,1786374210148,GET,http://localhost/api/cicd/status/40665,0,6.21,"HTTPConnectionPool(host='localhost', port=80): Max retries exceeded with url: /api/cicd/status/40665 (Caused by NewConnectionError(""HTTPConnection(host='localhost', port=80): Failed to establish a new connection: [Errno 111] Connection refused""))"
2026-09-09T20:52:30.565005,1786373852673,POST,http://localhost/api/cicd/execute,0,4.25,"HTTPConnectionPool(host='localhost', port=80): Max retries exceeded with url: /api/cicd/execute (Caused by NewConnectionError(""HTTPConnection(host='localhost', port=80): Failed to establish a new connection: [Errno 111] Connection refused""))"
2026-09-09T20:52:30.565283,1786374210148,GET,http://localhost/api/cicd/status/40665,0,5.63,"HTTPConnectionPool(host='localhost', port=80): Max retries exceeded with url: /api/cicd/status/40665 (Caused by NewConnectionError(""HTTPConnection(host='localhost', port=80): Failed to establish a new connection: [Errno 111] Connection refused""))"
2026-09-09T20:52:30.565562,1786373852673,POST,http://localhost/api/cicd/execute,0,3.16,"HTTPConnectionPool(host='localhost', port=80): Max retries exceeded with url: /api/cicd/execute (Caused by NewConnectionError(""HTTPConnection(host='localhost', port=80): Failed to establish a new connection: [Errno 111] Connection refused""))"
2026-09-09T20:52:30.662707,1786373852673,POST,http://localhost/api/cicd/execute,0,8.36,"HTTPConnectionPool(host='localhost', port=80): Max retries exceeded with url: /api/cicd/execute (Caused by NewConnectionError(""HTTPConnection(host='localhost', port=80): Failed to establish a new connection: [Errno 111] Connection refused""))"
2026-09-09T20:52:30.663223,1786373852673,POST,http://localhost/api/cicd/execute,0,6.52,"HTTPConnectionPool(host='localhost', port=80): Max retries exceeded with url: /api/cicd/execute (Caused by NewConnectionError(""HTTPConnection(host='localhost', port=80): Failed to establish a new connection: [Errno 111] Connection refused""))"
2026-09-09T20:52:30.663620,1786373852673,POST,http://localhost/api/cicd/execute,0,5.78,"HTTPConnectionPool(host='localhost', port=80): Max retries exceeded with url: /api/cicd/execute (Caused by NewConnectionError(""HTTPConnection(host='localhost', port=80): Failed to establish a new connection: [Errno 111] Connection refused""))"
2026-09-09T20:52:30.664156,1786373852673,POST,http://localhost/api/cicd/execute,0,5.06,"HTTPConnectionPool(host='localhost', port=80): Max retries exceeded with url: /api/cicd/execute (Caused by NewConnectionError(""HTTPConnection(host='localhost', port=80): Failed to establish a new connection: [Errno 111] Connection refused""))"
2026-09-09T20:52:30.664438,1786373852673,POST,http://localhost/api/cicd/execute,0,8.95,"HTTPConnectionPool(host='localhost', port=80): Max retries exceeded with url: /api/cicd/execute (Caused by NewConnectionError(""HTTPConnection(host='localhost', port=80): Failed to establish a new connection: [Errno 111] Connection refused""))"
2026-09-09T20:52:30.664813,1786374210148,GET,http://localhost/api/cicd/status/40665,0,4.26,"HTTPConnectionPool(host='localhost', port=80): Max retries exceeded with url: /api/cicd/status/40665 (Caused by NewConnectionError(""HTTPConnection(host='localhost', port=80): Failed to establish a new connection: [Errno 111] Connection refused""))"
2026-09-09T20:52:30.670506,1786373852673,POST,http://localhost/api/cicd/execute,0,5.56,"HTTPConnectionPool(host='localhost', port=80): Max retries exceeded with url: /api/cicd/execute (Caused by NewConnectionError(""HTTPConnection(host='localhost', port=80): Failed to establish a new connection: [Errno 111] Connection refused""))"
2026-09-09T20:52:30.670766,1786374210148,GET,http://localhost/api/cicd/status/40665,0,4.64,"HTTPConnectionPool(host='localhost', port=80): Max retries exceeded with url: /api/cicd/status/40665 (Caused by NewConnectionError(""HTTPConnection(host='localhost', port=80): Failed to establish a new connection: [Errno 111] Connection refused""))"
2026-09-09T20:52:30.671188,1786374210148,GET,http://localhost/api/cicd/status/40665,0,2.84,"HTTPConnectionPool(host='localhost', port=80): Max retries exceeded with url: /api/cicd/status/40665 (Caused by NewConnectionError(""HTTPConnection(host='localhost', port=80): Failed to establish a new connection: [Errno 111] Connection refused""))"
2026-09-09T20:52:30.671852,1786373852673,POST,http://localhost/api/cicd/execute,0,4.62,"HTTPConnectionPool(host='localhost', port=80): Max retries exceeded with url: /api/cicd/execute (Caused by NewConnectionError(""HTTPConnection(host='localhost', port=80): Failed to establish a new connection: [Errno 111] Connection refused""))"
2026-09-09T20:52:30.772276,1786374210148,GET,http://localhost/api/cicd/status/40665,0,9.39,"HTTPConnectionPool(host='localhost', port=80): Max retries exceeded with url: /api/cicd/status/40665 (Caused by NewConnectionError(""HTTPConnection(host='localhost', port=80): Failed to establish a new connection: [Errno 111] Connection refused""))"
2026-09-09T20:52:30.777529,1786374210148,GET,http://localhost/api/cicd/status/40665,0,12.38,"HTTPConnectionPool(host='localhost', port=80): Max retries exceeded with url: /api/cicd/status/40665 (Caused by NewConnectionError(""HTTPConnection(host='localhost', port=80): Failed to establish a new connection: [Errno 111] Connection refused""))"
2026-09-09T20:52:30.778104,1786374210148,GET,http://localhost/api/cicd/status/40665,0,11.76,"HTTPConnectionPool(host='localhost', port=80): Max retries exceeded with url: /api/cicd/status/40665 (Caused by NewConnectionError(""HTTPConnection(host='localhost', port=80): Failed to establish a new connection: [Errno 111] Connection refused""))"
2026-09-09T20:52:30.778541,1786374210148,GET,http://localhost/api/cicd/status/40665,0,14.54,"HTTPConnectionPool(host='localhost', port=80): Max retries exceeded with url: /api/cicd/status/40665 (Caused by NewConnectionError(""HTTPConnection(host='localhost', port=80): Failed to establish a new connection: [Errno 111] Connection refused""))"
2026-09-09T20:52:30.778814,1786373852673,POST,http://localhost/api/cicd/execute,0,11.02,"HTTPConnectionPool(host='localhost', port=80): Max retries exceeded with url: /api/cicd/execute (Caused by NewConnectionError(""HTTPConnection(host='localhost', port=80): Failed to establish a new connection: [Errno 111] Connection refused""))"
2026-09-09T20:52:30.779757,1786374210148,GET,http://localhost/api/cicd/status/40665,0,10.58,"HTTPConnectionPool(host='localhost', port=80): Max retries exceeded with url: /api/cicd/status/40665 (Caused by NewConnectionError(""HTTPConnection(host='localhost', port=80): Failed to establish a new connection: [Errno 111] Connection refused""))"
2026-09-09T20:52:30.780189,1786373852673,POST,http://localhost/api/cicd/execute,0,7.14,"HTTPConnectionPool(host='localhost', port=80): Max retries exceeded with url: /api/cicd/execute (Caused by NewConnectionError(""HTTPConnection(host='localhost', port=80): Failed to establish a new connection: [Errno 111] Connection refused""))"
2026-09-09T20:52:30.780567,1786374210148,GET,http://localhost/api/cicd/status/40665,0,9.9,"HTTPConnectionPool(host='localhost', port=80): Max retries exceeded with url: /api/cicd/status/40665 (Caused by NewConnectionError(""HTTPConnection(host='localhost', port=80): Failed to establish a new connection: [Errno 111] Connection refused""))"
2026-09-09T20:52:30.780793,1786374210148,GET,http://localhost/api/cicd/status/40665,0,6.26,"HTTPConnectionPool(host='localhost', port=80): Max retries exceeded with url: /api/cicd/status/40665 (Caused by NewConnectionError(""HTTPConnection(host='localhost', port=80): Failed to establish a new connection: [Errno 111] Connection refused""))"
2026-09-09T20:52:30.781294,1786373852673,POST,http://localhost/api/cicd/execute,0,5.43,"HTTPConnectionPool(host='localhost', port=80): Max retries exceeded with url: /api/cicd/execute (Caused by NewConnectionError(""HTTPConnection(host='localhost', port=80): Failed to establish a new connection: [Errno 111] Connection refused""))"
2026-09-09T20:52:30.874530,1786373852673,POST,http://localhost/api/cicd/execute,0,2.05,"HTTPConnectionPool(host='localhost', port=80): Max retries exceeded with url: /api/cicd/execute (Caused by NewConnectionError(""HTTPConnection(host='localhost', port=80): Failed to establish a new connection: [Errno 111] Connection refused""))"
2026-09-09T20:52:30.890478,1786374210148,GET,http://localhost/api/cicd/status/40665,0,9.29,"HTTPConnectionPool(host='localhost', port=80): Max retries exceeded with url: /api/cicd/status/40665 (Caused by NewConnectionError(""HTTPConnection(host='localhost', port=80): Failed to establish a new connection: [Errno 111] Connection refused""))"
2026-09-09T20:52:30.890826,1786373852673,POST,http://localhost/api/cicd/execute,0,10.89,"HTTPConnectionPool(host='localhost', port=80): Max retries exceeded with url: /api/cicd/execute (Caused by NewConnectionError(""HTTPConnection(host='localhost', port=80): Failed to establish a new connection: [Errno 111] Connection refused""))"
2026-09-09T20:52:30.891430,1786373852673,POST,http://localhost/api/cicd/execute,0,13.74,"HTTPConnectionPool(host='localhost', port=80): Max retries exceeded with url: /api/cicd/execute (Caused by NewConnectionError(""HTTPConnection(host='localhost', port=80): Failed to establish a new connection: [Errno 111] Connection refused""))"
2026-09-09T20:52:30.891708,1786374210148,GET,http://localhost/api/cicd/status/40665,0,8.7,"HTTPConnectionPool(host='localhost', port=80): Max retries exceeded with url: /api/cicd/status/40665 (Caused by NewConnectionError(""HTTPConnection(host='localhost', port=80): Failed to establish a new connection: [Errno 111] Connection refused""))"
2026-09-09T20:52:30.892219,1786373852673,POST,http://localhost/api/cicd/execute,0,13.43,"HTTPConnectionPool(host='localhost', port=80): Max retries exceeded with url: /api/cicd/execute (Caused by NewConnectionError(""HTTPConnection(host='localhost', port=80): Failed to establish a new connection: [Errno 111] Connection refused""))"
2026-09-09T20:52:30.892548,1786374210148,GET,http://localhost/api/cicd/status/40665,0,7.22,"HTTPConnectionPool(host='localhost', port=80): Max retries exceeded with url: /api/cicd/status/40665 (Caused by NewConnectionError(""HTTPConnection(host='localhost', port=80): Failed to establish a new connection: [Errno 111] Connection refused""))"
2026-09-09T20:52:30.892799,1786373852673,POST,http://localhost/api/cicd/execute,0,8.64,"HTTPConnectionPool(host='localhost', port=80): Max retries exceeded with url: /api/cicd/execute (Caused by NewConnectionError(""HTTPConnection(host='localhost', port=80): Failed to establish a new connection: [Errno 111] Connection refused""))"
2026-09-09T20:52:30.893094,1786373852673,POST,http://localhost/api/cicd/execute,0,5.1,"HTTPConnectionPool(host='localhost', port=80): Max retries exceeded with url: /api/cicd/execute (Caused by NewConnectionError(""HTTPConnection(host='localhost', port=80): Failed to establish a new connection: [Errno 111] Connection refused""))"
2026-09-09T20:52:30.893396,1786373852673,POST,http://localhost/api/cicd/execute,0,6.69,"HTTPConnectionPool(host='localhost', port=80): Max retries exceeded with url: /api/cicd/execute (Caused by NewConnectionError(""HTTPConnection(host='localhost', port=80): Failed to establish a new connection: [Errno 111] Connection refused""))"
2026-09-09T20:52:30.976359,1786374210148,GET,http://localhost/api/cicd/status/40665,0,1.64,"HTTPConnectionPool(host='localhost', port=80): Max retries exceeded with url: /api/cicd/status/40665 (Caused by NewConnectionError(""HTTPConnection(host='localhost', port=80): Failed to establish a new connection: [Errno 111] Connection refused""))"
2026-09-09T20:52:31.002986,1786374210148,GET,http://localhost/api/cicd/status/40665,0,11.22,"HTTPConnectionPool(host='localhost', port=80): Max retries exceeded with url: /api/cicd/status/40665 (Caused by NewConnectionError(""HTTPConnection(host='localhost', port=80): Failed to establish a new connection: [Errno 111] Connection refused""))"
2026-09-09T20:52:31.003479,1786373852673,POST,http://localhost/api/cicd/execute,0,12.83,"HTTPConnectionPool(host='localhost', port=80): Max retries exceeded with url: /api/cicd/execute (Caused by NewConnectionError(""HTTPConnection(host='localhost', port=80): Failed to establish a new connection: [Errno 111] Connection refused""))"
2026-09-09T20:52:31.004300,1786373852673,POST,http://localhost/api/cicd/execute,0,10.35,"HTTPConnectionPool(host='localhost', port=80): Max retries exceeded with url: /api/cicd/execute (Caused by NewConnectionError(""HTTPConnection(host='localhost', port=80): Failed to establish a new connection: [Errno 111] Connection refused""))"
2026-09-09T20:52:31.004740,1786374210148,GET,http://localhost/api/cicd/status/40665,0,6.99,"HTTPConnectionPool(host='localhost', port=80): Max retries exceeded with url: /api/cicd/status/40665 (Caused by NewConnectionError(""HTTPConnection(host='localhost', port=80): Failed to establish a new connection: [Errno 111] Connection refused""))"
2026-09-09T20:52:31.005016,1786374210148,GET,http://localhost/api/cicd/status/40665,0,6.11,"HTTPConnectionPool(host='localhost', port=80): Max retries exceeded with url: /api/cicd/status/40665 (Caused by NewConnectionError(""HTTPConnection(host='localhost', port=80): Failed to establish a new connection: [Errno 111] Connection refused""))"
2026-09-09T20:52:31.005299,1786374210148,GET,http://localhost/api/cicd/status/40665,0,8.63,"HTTPConnectionPool(host='localhost', port=80): Max retries exceeded with url: /api/cicd/status/40665 (Caused by NewConnectionError(""HTTPConnection(host='localhost', port=80): Failed to establish a new connection: [Errno 111] Connection refused""))"
2026-09-09T20:52:31.006006,1786374210148,GET,http://localhost/api/cicd/status/40665,0,13.15,"HTTPConnectionPool(host='localhost', port=80): Max retries exceeded with url: /api/cicd/status/40665 (Caused by NewConnectionError(""HTTPConnection(host='localhost', port=80): Failed to establish a new connection: [Errno 111] Connection refused""))"
2026-09-09T20:52:31.006334,1786373852673,POST,http://localhost/api/cicd/execute,0,11.08,"HTTPConnectionPool(host='localhost', port=80): Max retries exceeded with url: /api/cicd/execute (Caused by NewConnectionError(""HTTPConnection(host='localhost', port=80): Failed to establish a new connection: [Errno 111] Connection refused""))"
2026-09-09T20:52:31.006726,1786374210148,GET,http://localhost/api/cicd/status/40665,0,6.5,"HTTPConnectionPool(host='localhost', port=80): Max retries exceeded with url: /api/cicd/status/40665 (Caused by NewConnectionError(""HTTPConnection(host='localhost', port=80): Failed to establish a new connection: [Errno 111] Connection refused""))"
2026-09-09T20:52:31.078273,1786373852673,POST,http://localhost/api/cicd/execute,0,1.73,"HTTPConnectionPool(host='localhost', port=80): Max retries exceeded with url: /api/cicd/execute (Caused by NewConnectionError(""HTTPConnection(host='localhost', port=80): Failed to establish a new connection: [Errno 111] Connection refused""))"
2026-09-09T20:52:31.114306,1786373852673,POST,http://localhost/api/cicd/execute,0,11.13,"HTTPConnectionPool(host='localhost', port=80): Max retries exceeded with url: /api/cicd/execute (Caused by NewConnectionError(""HTTPConnection(host='localhost', port=80): Failed to establish a new connection: [Errno 111] Connection refused""))"
2026-09-09T20:52:31.115806,1786373852673,POST,http://localhost/api/cicd/execute,0,7.96,"HTTPConnectionPool(host='localhost', port=80): Max retries exceeded with url: /api/cicd/execute (Caused by NewConnectionError(""HTTPConnection(host='localhost', port=80): Failed to establish a new connection: [Errno 111] Connection refused""))"
2026-09-09T20:52:31.116182,1786373852673,POST,http://localhost/api/cicd/execute,0,5.99,"HTTPConnectionPool(host='localhost', port=80): Max retries exceeded with url: /api/cicd/execute (Caused by NewConnectionError(""HTTPConnection(host='localhost', port=80): Failed to establish a new connection: [Errno 111] Connection refused""))"
2026-09-09T20:52:31.116483,1786374210148,GET,http://localhost/api/cicd/status/40665,0,9.85,"HTTPConnectionPool(host='localhost', port=80): Max retries exceeded with url: /api/cicd/status/40665 (Caused by NewConnectionError(""HTTPConnection(host='localhost', port=80): Failed to establish a new connection: [Errno 111] Connection refused""))"
2026-09-09T20:52:31.116903,1786374210148,GET,http://localhost/api/cicd/status/40665,0,12.59,"HTTPConnectionPool(host='localhost', port=80): Max retries exceeded with url: /api/cicd/status/40665 (Caused by NewConnectionError(""HTTPConnection(host='localhost', port=80): Failed to establish a new connection: [Errno 111] Connection refused""))"
2026-09-09T20:52:31.117460,1786374210148,GET,http://localhost/api/cicd/status/40665,0,8.48,"HTTPConnectionPool(host='localhost', port=80): Max retries exceeded with url: /api/cicd/status/40665 (Caused by NewConnectionError(""HTTPConnection(host='localhost', port=80): Failed to establish a new connection: [Errno 111] Connection refused""))"
2026-09-09T20:52:31.118306,1786373852673,POST,http://localhost/api/cicd/execute,0,12.83,"HTTPConnectionPool(host='localhost', port=80): Max retries exceeded with url: /api/cicd/execute (Caused by NewConnectionError(""HTTPConnection(host='localhost', port=80): Failed to establish a new connection: [Errno 111] Connection refused""))"
2026-09-09T20:52:31.118637,1786373852673,POST,http://localhost/api/cicd/execute,0,7.05,"HTTPConnectionPool(host='localhost', port=80): Max retries exceeded with url: /api/cicd/execute (Caused by NewConnectionError(""HTTPConnection(host='localhost', port=80): Failed to establish a new connection: [Errno 111] Connection refused""))"
2026-09-09T20:52:31.119067,1786373852673,POST,http://localhost/api/cicd/execute,0,6.11,"HTTPConnectionPool(host='localhost', port=80): Max retries exceeded with url: /api/cicd/execute (Caused by NewConnectionError(""HTTPConnection(host='localhost', port=80): Failed to establish a new connection: [Errno 111] Connection refused""))"
2026-09-09T20:52:31.180077,1786374210148,GET,http://localhost/api/cicd/status/40665,0,1.62,"HTTPConnectionPool(host='localhost', port=80): Max retries exceeded with url: /api/cicd/status/40665 (Caused by NewConnectionError(""HTTPConnection(host='localhost', port=80): Failed to establish a new connection: [Errno 111] Connection refused""))"
2026-09-09T20:52:31.217259,1786374210148,GET,http://localhost/api/cicd/status/40665,0,2.77,"HTTPConnectionPool(host='localhost', port=80): Max retries exceeded with url: /api/cicd/status/40665 (Caused by NewConnectionError(""HTTPConnection(host='localhost', port=80): Failed to establish a new connection: [Errno 111] Connection refused""))"
2026-09-09T20:52:31.227403,1786374210148,GET,http://localhost/api/cicd/status/40665,0,11.4,"HTTPConnectionPool(host='localhost', port=80): Max retries exceeded with url: /api/cicd/status/40665 (Caused by NewConnectionError(""HTTPConnection(host='localhost', port=80): Failed to establish a new connection: [Errno 111] Connection refused""))"
2026-09-09T20:52:31.227809,1786373852673,POST,http://localhost/api/cicd/execute,0,5.64,"HTTPConnectionPool(host='localhost', port=80): Max retries exceeded with url: /api/cicd/execute (Caused by NewConnectionError(""HTTPConnection(host='localhost', port=80): Failed to establish a new connection: [Errno 111] Connection refused""))"
2026-09-09T20:52:31.228185,1786374210148,GET,http://localhost/api/cicd/status/40665,0,7.12,"HTTPConnectionPool(host='localhost', port=80): Max retries exceeded with url: /api/cicd/status/40665 (Caused by NewConnectionError(""HTTPConnection(host='localhost', port=80): Failed to establish a new connection: [Errno 111] Connection refused""))"
2026-09-09T20:52:31.228398,1786373852673,POST,http://localhost/api/cicd/execute,0,9.75,"HTTPConnectionPool(host='localhost', port=80): Max retries exceeded with url: /api/cicd/execute (Caused by NewConnectionError(""HTTPConnection(host='localhost', port=80): Failed to establish a new connection: [Errno 111] Connection refused""))"
2026-09-09T20:52:31.228703,1786374210148,GET,http://localhost/api/cicd/status/40665,0,5.31,"HTTPConnectionPool(host='localhost', port=80): Max retries exceeded with url: /api/cicd/status/40665 (Caused by NewConnectionError(""HTTPConnection(host='localhost', port=80): Failed to establish a new connection: [Errno 111] Connection refused""))"
2026-09-09T20:52:31.229208,1786374210148,GET,http://localhost/api/cicd/status/40665,0,4.7,"HTTPConnectionPool(host='localhost', port=80): Max retries exceeded with url: /api/cicd/status/40665 (Caused by NewConnectionError(""HTTPConnection(host='localhost', port=80): Failed to establish a new connection: [Errno 111] Connection refused""))"
2026-09-09T20:52:31.229422,1786374210148,GET,http://localhost/api/cicd/status/40665,0,9.55,"HTTPConnectionPool(host='localhost', port=80): Max retries exceeded with url: /api/cicd/status/40665 (Caused by NewConnectionError(""HTTPConnection(host='localhost', port=80): Failed to establish a new connection: [Errno 111] Connection refused""))"
2026-09-09T20:52:31.229840,1786373852673,POST,http://localhost/api/cicd/execute,0,12.36,"HTTPConnectionPool(host='localhost', port=80): Max retries exceeded with url: /api/cicd/execute (Caused by NewConnectionError(""HTTPConnection(host='localhost', port=80): Failed to establish a new connection: [Errno 111] Connection refused""))"
2026-09-09T20:52:31.281947,1786373852673,POST,http://localhost/api/cicd/execute,0,1.69,"HTTPConnectionPool(host='localhost', port=80): Max retries exceeded with url: /api/cicd/execute (Caused by NewConnectionError(""HTTPConnection(host='localhost', port=80): Failed to establish a new connection: [Errno 111] Connection refused""))"
2026-09-09T20:52:31.319554,1786373852673,POST,http://localhost/api/cicd/execute,0,2.15,"HTTPConnectionPool(host='localhost', port=80): Max retries exceeded with url: /api/cicd/execute (Caused by NewConnectionError(""HTTPConnection(host='localhost', port=80): Failed to establish a new connection: [Errno 111] Connection refused""))"
2026-09-09T20:52:31.338282,1786373852673,POST,http://localhost/api/cicd/execute,0,8.46,"HTTPConnectionPool(host='localhost', port=80): Max retries exceeded with url: /api/cicd/execute (Caused by NewConnectionError(""HTTPConnection(host='localhost', port=80): Failed to establish a new connection: [Errno 111] Connection refused""))"
2026-09-09T20:52:31.338866,1786374210148,GET,http://localhost/api/cicd/status/40665,0,7.91,"HTTPConnectionPool(host='localhost', port=80): Max retries exceeded with url: /api/cicd/status/40665 (Caused by NewConnectionError(""HTTPConnection(host='localhost', port=80): Failed to establish a new connection: [Errno 111] Connection refused""))"
2026-09-09T20:52:31.339154,1786374210148,GET,http://localhost/api/cicd/status/40665,0,10.43,"HTTPConnectionPool(host='localhost', port=80): Max retries exceeded with url: /api/cicd/status/40665 (Caused by NewConnectionError(""HTTPConnection(host='localhost', port=80): Failed to establish a new connection: [Errno 111] Connection refused""))"
2026-09-09T20:52:31.339406,1786373852673,POST,http://localhost/api/cicd/execute,0,4.96,"HTTPConnectionPool(host='localhost', port=80): Max retries exceeded with url: /api/cicd/execute (Caused by NewConnectionError(""HTTPConnection(host='localhost', port=80): Failed to establish a new connection: [Errno 111] Connection refused""))"
2026-09-09T20:52:31.339709,1786373852673,POST,http://localhost/api/cicd/execute,0,6.4,"HTTPConnectionPool(host='localhost', port=80): Max retries exceeded with url: /api/cicd/execute (Caused by NewConnectionError(""HTTPConnection(host='localhost', port=80): Failed to establish a new connection: [Errno 111] Connection refused""))"
2026-09-09T20:52:31.340155,1786373852673,POST,http://localhost/api/cicd/execute,0,8.1,"HTTPConnectionPool(host='localhost', port=80): Max retries exceeded with url: /api/cicd/execute (Caused by NewConnectionError(""HTTPConnection(host='localhost', port=80): Failed to establish a new connection: [Errno 111] Connection refused""))"
2026-09-09T20:52:31.340636,1786373852673,POST,http://localhost/api/cicd/execute,0,13.05,"HTTPConnectionPool(host='localhost', port=80): Max retries exceeded with url: /api/cicd/execute (Caused by NewConnectionError(""HTTPConnection(host='localhost', port=80): Failed to establish a new connection: [Errno 111] Connection refused""))"
2026-09-09T20:52:31.341065,1786374210148,GET,http://localhost/api/cicd/status/40665,0,5.07,"HTTPConnectionPool(host='localhost', port=80): Max retries exceeded with url: /api/cicd/status/40665 (Caused by NewConnectionError(""HTTPConnection(host='localhost', port=80): Failed to establish a new connection: [Errno 111] Connection refused""))"
2026-09-09T20:52:31.383776,1786374210148,GET,http://localhost/api/cicd/status/40665,0,1.65,"HTTPConnectionPool(host='localhost', port=80): Max retries exceeded with url: /api/cicd/status/40665 (Caused by NewConnectionError(""HTTPConnection(host='localhost', port=80): Failed to establish a new connection: [Errno 111] Connection refused""))"
2026-09-09T20:52:31.421398,1786374210148,GET,http://localhost/api/cicd/status/40665,0,1.68,"HTTPConnectionPool(host='localhost', port=80): Max retries exceeded with url: /api/cicd/status/40665 (Caused by NewConnectionError(""HTTPConnection(host='localhost', port=80): Failed to establish a new connection: [Errno 111] Connection refused""))"
2026-09-09T20:52:31.450113,1786373852673,POST,http://localhost/api/cicd/execute,0,9.42,"HTTPConnectionPool(host='localhost', port=80): Max retries exceeded with url: /api/cicd/execute (Caused by NewConnectionError(""HTTPConnection(host='localhost', port=80): Failed to establish a new connection: [Errno 111] Connection refused""))"
2026-09-09T20:52:31.450618,1786374210148,GET,http://localhost/api/cicd/status/40665,0,8.74,"HTTPConnectionPool(host='localhost', port=80): Max retries exceeded with url: /api/cicd/status/40665 (Caused by NewConnectionError(""HTTPConnection(host='localhost', port=80): Failed to establish a new connection: [Errno 111] Connection refused""))"
2026-09-09T20:52:31.450930,1786374210148,GET,http://localhost/api/cicd/status/40665,0,7.83,"HTTPConnectionPool(host='localhost', port=80): Max retries exceeded with url: /api/cicd/status/40665 (Caused by NewConnectionError(""HTTPConnection(host='localhost', port=80): Failed to establish a new connection: [Errno 111] Connection refused""))"
2026-09-09T20:52:31.451277,1786374210148,GET,http://localhost/api/cicd/status/40665,0,3.67,"HTTPConnectionPool(host='localhost', port=80): Max retries exceeded with url: /api/cicd/status/40665 (Caused by NewConnectionError(""HTTPConnection(host='localhost', port=80): Failed to establish a new connection: [Errno 111] Connection refused""))"
2026-09-09T20:52:31.451621,1786374210148,GET,http://localhost/api/cicd/status/40665,0,5.39,"HTTPConnectionPool(host='localhost', port=80): Max retries exceeded with url: /api/cicd/status/40665 (Caused by NewConnectionError(""HTTPConnection(host='localhost', port=80): Failed to establish a new connection: [Errno 111] Connection refused""))"
2026-09-09T20:52:31.451889,1786373852673,POST,http://localhost/api/cicd/execute,0,12.33,"HTTPConnectionPool(host='localhost', port=80): Max retries exceeded with url: /api/cicd/execute (Caused by NewConnectionError(""HTTPConnection(host='localhost', port=80): Failed to establish a new connection: [Errno 111] Connection refused""))"
2026-09-09T20:52:31.452292,1786373852673,POST,http://localhost/api/cicd/execute,0,7.77,"HTTPConnectionPool(host='localhost', port=80): Max retries exceeded with url: /api/cicd/execute (Caused by NewConnectionError(""HTTPConnection(host='localhost', port=80): Failed to establish a new connection: [Errno 111] Connection refused""))"
2026-09-09T20:52:31.452565,1786374210148,GET,http://localhost/api/cicd/status/40665,0,14.1,"HTTPConnectionPool(host='localhost', port=80): Max retries exceeded with url: /api/cicd/status/40665 (Caused by NewConnectionError(""HTTPConnection(host='localhost', port=80): Failed to establish a new connection: [Errno 111] Connection refused""))"
2026-09-09T20:52:31.485708,1786373852673,POST,http://localhost/api/cicd/execute,0,1.75,"HTTPConnectionPool(host='localhost', port=80): Max retries exceeded with url: /api/cicd/execute (Caused by NewConnectionError(""HTTPConnection(host='localhost', port=80): Failed to establish a new connection: [Errno 111] Connection refused""))"
2026-09-09T20:52:31.523246,1786373852673,POST,http://localhost/api/cicd/execute,0,1.71,"HTTPConnectionPool(host='localhost', port=80): Max retries exceeded with url: /api/cicd/execute (Caused by NewConnectionError(""HTTPConnection(host='localhost', port=80): Failed to establish a new connection: [Errno 111] Connection refused""))"
2026-09-09T20:52:31.560981,1786373852673,POST,http://localhost/api/cicd/execute,0,4.93,"HTTPConnectionPool(host='localhost', port=80): Max retries exceeded with url: /api/cicd/execute (Caused by NewConnectionError(""HTTPConnection(host='localhost', port=80): Failed to establish a new connection: [Errno 111] Connection refused""))"
2026-09-09T20:52:31.565881,1786374210148,GET,http://localhost/api/cicd/status/40665,0,8.65,"HTTPConnectionPool(host='localhost', port=80): Max retries exceeded with url: /api/cicd/status/40665 (Caused by NewConnectionError(""HTTPConnection(host='localhost', port=80): Failed to establish a new connection: [Errno 111] Connection refused""))"
2026-09-09T20:52:31.566421,1786373852673,POST,http://localhost/api/cicd/execute,0,12.88,"HTTPConnectionPool(host='localhost', port=80): Max retries exceeded with url: /api/cicd/execute (Caused by NewConnectionError(""HTTPConnection(host='localhost', port=80): Failed to establish a new connection: [Errno 111] Connection refused""))"
2026-09-09T20:52:31.566845,1786373852673,POST,http://localhost/api/cicd/execute,0,15.54,"HTTPConnectionPool(host='localhost', port=80): Max retries exceeded with url: /api/cicd/execute (Caused by NewConnectionError(""HTTPConnection(host='localhost', port=80): Failed to establish a new connection: [Errno 111] Connection refused""))"
2026-09-09T20:52:31.567416,1786374210148,GET,http://localhost/api/cicd/status/40665,0,17.19,"HTTPConnectionPool(host='localhost', port=80): Max retries exceeded with url: /api/cicd/status/40665 (Caused by NewConnectionError(""HTTPConnection(host='localhost', port=80): Failed to establish a new connection: [Errno 111] Connection refused""))"
2026-09-09T20:52:31.567866,1786373852673,POST,http://localhost/api/cicd/execute,0,13.08,"HTTPConnectionPool(host='localhost', port=80): Max retries exceeded with url: /api/cicd/execute (Caused by NewConnectionError(""HTTPConnection(host='localhost', port=80): Failed to establish a new connection: [Errno 111] Connection refused""))"
2026-09-09T20:52:31.568212,1786374210148,GET,http://localhost/api/cicd/status/40665,0,15.77,"HTTPConnectionPool(host='localhost', port=80): Max retries exceeded with url: /api/cicd/status/40665 (Caused by NewConnectionError(""HTTPConnection(host='localhost', port=80): Failed to establish a new connection: [Errno 111] Connection refused""))"
2026-09-09T20:52:31.568474,1786373852673,POST,http://localhost/api/cicd/execute,0,10.18,"HTTPConnectionPool(host='localhost', port=80): Max retries exceeded with url: /api/cicd/execute (Caused by NewConnectionError(""HTTPConnection(host='localhost', port=80): Failed to establish a new connection: [Errno 111] Connection refused""))"
2026-09-09T20:52:31.587551,1786374210148,GET,http://localhost/api/cicd/status/40665,0,1.67,"HTTPConnectionPool(host='localhost', port=80): Max retries exceeded with url: /api/cicd/status/40665 (Caused by NewConnectionError(""HTTPConnection(host='localhost', port=80): Failed to establish a new connection: [Errno 111] Connection refused""))"
2026-09-09T20:52:31.625231,1786374210148,GET,http://localhost/api/cicd/status/40665,0,1.81,"HTTPConnectionPool(host='localhost', port=80): Max retries exceeded with url: /api/cicd/status/40665 (Caused by NewConnectionError(""HTTPConnection(host='localhost', port=80): Failed to establish a new connection: [Errno 111] Connection refused""))"
2026-09-09T20:52:31.663419,1786374210148,GET,http://localhost/api/cicd/status/40665,0,2.2,"HTTPConnectionPool(host='localhost', port=80): Max retries exceeded with url: /api/cicd/status/40665 (Caused by NewConnectionError(""HTTPConnection(host='localhost', port=80): Failed to establish a new connection: [Errno 111] Connection refused""))"
2026-09-09T20:52:31.675323,1786373852673,POST,http://localhost/api/cicd/execute,0,9.27,"HTTPConnectionPool(host='localhost', port=80): Max retries exceeded with url: /api/cicd/execute (Caused by NewConnectionError(""HTTPConnection(host='localhost', port=80): Failed to establish a new connection: [Errno 111] Connection refused""))"
2026-09-09T20:52:31.675551,1786373852673,POST,http://localhost/api/cicd/execute,0,4.92,"HTTPConnectionPool(host='localhost', port=80): Max retries exceeded with url: /api/cicd/execute (Caused by NewConnectionError(""HTTPConnection(host='localhost', port=80): Failed to establish a new connection: [Errno 111] Connection refused""))"
2026-09-09T20:52:31.676179,1786374210148,GET,http://localhost/api/cicd/status/40665,0,9.0,"HTTPConnectionPool(host='localhost', port=80): Max retries exceeded with url: /api/cicd/status/40665 (Caused by NewConnectionError(""HTTPConnection(host='localhost', port=80): Failed to establish a new connection: [Errno 111] Connection refused""))"
2026-09-09T20:52:31.676384,1786373852673,POST,http://localhost/api/cicd/execute,0,6.99,"HTTPConnectionPool(host='localhost', port=80): Max retries exceeded with url: /api/cicd/execute (Caused by NewConnectionError(""HTTPConnection(host='localhost', port=80): Failed to establish a new connection: [Errno 111] Connection refused""))"
2026-09-09T20:52:31.676650,1786374210148,GET,http://localhost/api/cicd/status/40665,0,8.42,"HTTPConnectionPool(host='localhost', port=80): Max retries exceeded with url: /api/cicd/status/40665 (Caused by NewConnectionError(""HTTPConnection(host='localhost', port=80): Failed to establish a new connection: [Errno 111] Connection refused""))"
2026-09-09T20:52:31.677176,1786374210148,GET,http://localhost/api/cicd/status/40665,0,4.06,"HTTPConnectionPool(host='localhost', port=80): Max retries exceeded with url: /api/cicd/status/40665 (Caused by NewConnectionError(""HTTPConnection(host='localhost', port=80): Failed to establish a new connection: [Errno 111] Connection refused""))"
2026-09-09T20:52:31.677935,1786374210148,GET,http://localhost/api/cicd/status/40665,0,5.96,"HTTPConnectionPool(host='localhost', port=80): Max retries exceeded with url: /api/cicd/status/40665 (Caused by NewConnectionError(""HTTPConnection(host='localhost', port=80): Failed to establish a new connection: [Errno 111] Connection refused""))"
2026-09-09T20:52:31.689364,1786373852673,POST,http://localhost/api/cicd/execute,0,1.64,"HTTPConnectionPool(host='localhost', port=80): Max retries exceeded with url: /api/cicd/execute (Caused by NewConnectionError(""HTTPConnection(host='localhost', port=80): Failed to establish a new connection: [Errno 111] Connection refused""))"
2026-09-09T20:52:31.727162,1786373852673,POST,http://localhost/api/cicd/execute,0,1.75,"HTTPConnectionPool(host='localhost', port=80): Max retries exceeded with url: /api/cicd/execute (Caused by NewConnectionError(""HTTPConnection(host='localhost', port=80): Failed to establish a new connection: [Errno 111] Connection refused""))"
2026-09-09T20:52:31.765315,1786373852673,POST,http://localhost/api/cicd/execute,0,1.71,"HTTPConnectionPool(host='localhost', port=80): Max retries exceeded with url: /api/cicd/execute (Caused by NewConnectionError(""HTTPConnection(host='localhost', port=80): Failed to establish a new connection: [Errno 111] Connection refused""))"
2026-09-09T20:52:31.785424,1786373852673,POST,http://localhost/api/cicd/execute,0,5.41,"HTTPConnectionPool(host='localhost', port=80): Max retries exceeded with url: /api/cicd/execute (Caused by NewConnectionError(""HTTPConnection(host='localhost', port=80): Failed to establish a new connection: [Errno 111] Connection refused""))"
2026-09-09T20:52:31.785993,1786374210148,GET,http://localhost/api/cicd/status/40665,0,10.49,"HTTPConnectionPool(host='localhost', port=80): Max retries exceeded with url: /api/cicd/status/40665 (Caused by NewConnectionError(""HTTPConnection(host='localhost', port=80): Failed to establish a new connection: [Errno 111] Connection refused""))"
2026-09-09T20:52:31.786615,1786374210148,GET,http://localhost/api/cicd/status/40665,0,10.06,"HTTPConnectionPool(host='localhost', port=80): Max retries exceeded with url: /api/cicd/status/40665 (Caused by NewConnectionError(""HTTPConnection(host='localhost', port=80): Failed to establish a new connection: [Errno 111] Connection refused""))"
2026-09-09T20:52:31.786926,1786373852673,POST,http://localhost/api/cicd/execute,0,4.42,"HTTPConnectionPool(host='localhost', port=80): Max retries exceeded with url: /api/cicd/execute (Caused by NewConnectionError(""HTTPConnection(host='localhost', port=80): Failed to establish a new connection: [Errno 111] Connection refused""))"
2026-09-09T20:52:31.787420,1786373852673,POST,http://localhost/api/cicd/execute,0,9.78,"HTTPConnectionPool(host='localhost', port=80): Max retries exceeded with url: /api/cicd/execute (Caused by NewConnectionError(""HTTPConnection(host='localhost', port=80): Failed to establish a new connection: [Errno 111] Connection refused""))"
2026-09-09T20:52:31.787607,1786374210148,GET,http://localhost/api/cicd/status/40665,0,8.79,"HTTPConnectionPool(host='localhost', port=80): Max retries exceeded with url: /api/cicd/status/40665 (Caused by NewConnectionError(""HTTPConnection(host='localhost', port=80): Failed to establish a new connection: [Errno 111] Connection refused""))"
2026-09-09T20:52:31.787982,1786373852673,POST,http://localhost/api/cicd/execute,0,6.86,"HTTPConnectionPool(host='localhost', port=80): Max retries exceeded with url: /api/cicd/execute (Caused by NewConnectionError(""HTTPConnection(host='localhost', port=80): Failed to establish a new connection: [Errno 111] Connection refused""))"
2026-09-09T20:52:31.791177,1786374210148,GET,http://localhost/api/cicd/status/40665,0,1.64,"HTTPConnectionPool(host='localhost', port=80): Max retries exceeded with url: /api/cicd/status/40665 (Caused by NewConnectionError(""HTTPConnection(host='localhost', port=80): Failed to establish a new connection: [Errno 111] Connection refused""))"
2026-09-09T20:52:31.829150,1786374210148,GET,http://localhost/api/cicd/status/40665,0,1.79,"HTTPConnectionPool(host='localhost', port=80): Max retries exceeded with url: /api/cicd/status/40665 (Caused by NewConnectionError(""HTTPConnection(host='localhost', port=80): Failed to establish a new connection: [Errno 111] Connection refused""))"
2026-09-09T20:52:31.867179,1786374210148,GET,http://localhost/api/cicd/status/40665,0,1.68,"HTTPConnectionPool(host='localhost', port=80): Max retries exceeded with url: /api/cicd/status/40665 (Caused by NewConnectionError(""HTTPConnection(host='localhost', port=80): Failed to establish a new connection: [Errno 111] Connection refused""))"
2026-09-09T20:52:31.895876,1786374210148,GET,http://localhost/api/cicd/status/40665,0,10.27,"HTTPConnectionPool(host='localhost', port=80): Max retries exceeded with url: /api/cicd/status/40665 (Caused by NewConnectionError(""HTTPConnection(host='localhost', port=80): Failed to establish a new connection: [Errno 111] Connection refused""))"
2026-09-09T20:52:31.896409,1786373852673,POST,http://localhost/api/cicd/execute,0,8.63,"HTTPConnectionPool(host='localhost', port=80): Max retries exceeded with url: /api/cicd/execute (Caused by NewConnectionError(""HTTPConnection(host='localhost', port=80): Failed to establish a new connection: [Errno 111] Connection refused""))"
2026-09-09T20:52:31.897307,1786374210148,GET,http://localhost/api/cicd/status/40665,0,8.07,"HTTPConnectionPool(host='localhost', port=80): Max retries exceeded with url: /api/cicd/status/40665 (Caused by NewConnectionError(""HTTPConnection(host='localhost', port=80): Failed to establish a new connection: [Errno 111] Connection refused""))"
2026-09-09T20:52:31.897513,1786373852673,POST,http://localhost/api/cicd/execute,0,7.24,"HTTPConnectionPool(host='localhost', port=80): Max retries exceeded with url: /api/cicd/execute (Caused by NewConnectionError(""HTTPConnection(host='localhost', port=80): Failed to establish a new connection: [Errno 111] Connection refused""))"
2026-09-09T20:52:31.897913,1786373852673,POST,http://localhost/api/cicd/execute,0,6.55,"HTTPConnectionPool(host='localhost', port=80): Max retries exceeded with url: /api/cicd/execute (Caused by NewConnectionError(""HTTPConnection(host='localhost', port=80): Failed to establish a new connection: [Errno 111] Connection refused""))"
2026-09-09T20:52:31.898157,1786374210148,GET,http://localhost/api/cicd/status/40665,0,4.23,"HTTPConnectionPool(host='localhost', port=80): Max retries exceeded with url: /api/cicd/status/40665 (Caused by NewConnectionError(""HTTPConnection(host='localhost', port=80): Failed to establish a new connection: [Errno 111] Connection refused""))"
2026-09-09T20:52:31.898462,1786373852673,POST,http://localhost/api/cicd/execute,0,11.79,"HTTPConnectionPool(host='localhost', port=80): Max retries exceeded with url: /api/cicd/execute (Caused by NewConnectionError(""HTTPConnection(host='localhost', port=80): Failed to establish a new connection: [Errno 111] Connection refused""))"
2026-09-09T20:52:31.898899,1786374210148,GET,http://localhost/api/cicd/status/40665,0,6.07,"HTTPConnectionPool(host='localhost', port=80): Max retries exceeded with url: /api/cicd/status/40665 (Caused by NewConnectionError(""HTTPConnection(host='localhost', port=80): Failed to establish a new connection: [Errno 111] Connection refused""))"
2026-09-09T20:52:31.930985,1786373852673,POST,http://localhost/api/cicd/execute,0,1.63,"HTTPConnectionPool(host='localhost', port=80): Max retries exceeded with url: /api/cicd/execute (Caused by NewConnectionError(""HTTPConnection(host='localhost', port=80): Failed to establish a new connection: [Errno 111] Connection refused""))"
2026-09-09T20:52:31.968989,1786373852673,POST,http://localhost/api/cicd/execute,0,1.63,"HTTPConnectionPool(host='localhost', port=80): Max retries exceeded with url: /api/cicd/execute (Caused by NewConnectionError(""HTTPConnection(host='localhost', port=80): Failed to establish a new connection: [Errno 111] Connection refused""))"
2026-09-09T20:52:32.007472,1786373852673,POST,http://localhost/api/cicd/execute,0,8.77,"HTTPConnectionPool(host='localhost', port=80): Max retries exceeded with url: /api/cicd/execute (Caused by NewConnectionError(""HTTPConnection(host='localhost', port=80): Failed to establish a new connection: [Errno 111] Connection refused""))"
2026-09-09T20:52:32.007876,1786374210148,GET,http://localhost/api/cicd/status/40665,0,8.03,"HTTPConnectionPool(host='localhost', port=80): Max retries exceeded with url: /api/cicd/status/40665 (Caused by NewConnectionError(""HTTPConnection(host='localhost', port=80): Failed to establish a new connection: [Errno 111] Connection refused""))"
2026-09-09T20:52:32.008381,1786374210148,GET,http://localhost/api/cicd/status/40665,0,7.34,"HTTPConnectionPool(host='localhost', port=80): Max retries exceeded with url: /api/cicd/status/40665 (Caused by NewConnectionError(""HTTPConnection(host='localhost', port=80): Failed to establish a new connection: [Errno 111] Connection refused""))"
2026-09-09T20:52:32.008717,1786373852673,POST,http://localhost/api/cicd/execute,0,12.67,"HTTPConnectionPool(host='localhost', port=80): Max retries exceeded with url: /api/cicd/execute (Caused by NewConnectionError(""HTTPConnection(host='localhost', port=80): Failed to establish a new connection: [Errno 111] Connection refused""))"
2026-09-09T20:52:32.009215,1786374210148,GET,http://localhost/api/cicd/status/40665,0,11.62,"HTTPConnectionPool(host='localhost', port=80): Max retries exceeded with url: /api/cicd/status/40665 (Caused by NewConnectionError(""HTTPConnection(host='localhost', port=80): Failed to establish a new connection: [Errno 111] Connection refused""))"
2026-09-09T20:52:32.009608,1786373852673,POST,http://localhost/api/cicd/execute,0,7.18,"HTTPConnectionPool(host='localhost', port=80): Max retries exceeded with url: /api/cicd/execute (Caused by NewConnectionError(""HTTPConnection(host='localhost', port=80): Failed to establish a new connection: [Errno 111] Connection refused""))"
2026-09-09T20:52:32.009971,1786373852673,POST,http://localhost/api/cicd/execute,0,4.57,"HTTPConnectionPool(host='localhost', port=80): Max retries exceeded with url: /api/cicd/execute (Caused by NewConnectionError(""HTTPConnection(host='localhost', port=80): Failed to establish a new connection: [Errno 111] Connection refused""))"
2026-09-09T20:52:32.010278,1786374210148,GET,http://localhost/api/cicd/status/40665,0,6.21,"HTTPConnectionPool(host='localhost', port=80): Max retries exceeded with url: /api/cicd/status/40665 (Caused by NewConnectionError(""HTTPConnection(host='localhost', port=80): Failed to establish a new connection: [Errno 111] Connection refused""))"
2026-09-09T20:52:32.032821,1786374210148,GET,http://localhost/api/cicd/status/40665,0,1.65,"HTTPConnectionPool(host='localhost', port=80): Max retries exceeded with url: /api/cicd/status/40665 (Caused by NewConnectionError(""HTTPConnection(host='localhost', port=80): Failed to establish a new connection: [Errno 111] Connection refused""))"
2026-09-09T20:52:32.070804,1786374210148,GET,http://localhost/api/cicd/status/40665,0,1.63,"HTTPConnectionPool(host='localhost', port=80): Max retries exceeded with url: /api/cicd/status/40665 (Caused by NewConnectionError(""HTTPConnection(host='localhost', port=80): Failed to establish a new connection: [Errno 111] Connection refused""))"
2026-09-09T20:52:32.118992,1786374210148,GET,http://localhost/api/cicd/status/40665,0,11.34,"HTTPConnectionPool(host='localhost', port=80): Max retries exceeded with url: /api/cicd/status/40665 (Caused by NewConnectionError(""HTTPConnection(host='localhost', port=80): Failed to establish a new connection: [Errno 111] Connection refused""))"
2026-09-09T20:52:32.119809,1786373852673,POST,http://localhost/api/cicd/execute,0,9.91,"HTTPConnectionPool(host='localhost', port=80): Max retries exceeded with url: /api/cicd/execute (Caused by NewConnectionError(""HTTPConnection(host='localhost', port=80): Failed to establish a new connection: [Errno 111] Connection refused""))"
2026-09-09T20:52:32.120157,1786373852673,POST,http://localhost/api/cicd/execute,0,11.4,"HTTPConnectionPool(host='localhost', port=80): Max retries exceeded with url: /api/cicd/execute (Caused by NewConnectionError(""HTTPConnection(host='localhost', port=80): Failed to establish a new connection: [Errno 111] Connection refused""))"
2026-09-09T20:52:32.120480,1786374210148,GET,http://localhost/api/cicd/status/40665,0,9.44,"HTTPConnectionPool(host='localhost', port=80): Max retries exceeded with url: /api/cicd/status/40665 (Caused by NewConnectionError(""HTTPConnection(host='localhost', port=80): Failed to establish a new connection: [Errno 111] Connection refused""))"
2026-09-09T20:52:32.120777,1786373852673,POST,http://localhost/api/cicd/execute,0,4.11,"HTTPConnectionPool(host='localhost', port=80): Max retries exceeded with url: /api/cicd/execute (Caused by NewConnectionError(""HTTPConnection(host='localhost', port=80): Failed to establish a new connection: [Errno 111] Connection refused""))"
2026-09-09T20:52:32.121166,1786374210148,GET,http://localhost/api/cicd/status/40665,0,8.72,"HTTPConnectionPool(host='localhost', port=80): Max retries exceeded with url: /api/cicd/status/40665 (Caused by NewConnectionError(""HTTPConnection(host='localhost', port=80): Failed to establish a new connection: [Errno 111] Connection refused""))"
2026-09-09T20:52:32.121488,1786374210148,GET,http://localhost/api/cicd/status/40665,0,6.79,"HTTPConnectionPool(host='localhost', port=80): Max retries exceeded with url: /api/cicd/status/40665 (Caused by NewConnectionError(""HTTPConnection(host='localhost', port=80): Failed to establish a new connection: [Errno 111] Connection refused""))"
2026-09-09T20:52:32.121876,1786373852673,POST,http://localhost/api/cicd/execute,0,8.33,"HTTPConnectionPool(host='localhost', port=80): Max retries exceeded with url: /api/cicd/execute (Caused by NewConnectionError(""HTTPConnection(host='localhost', port=80): Failed to establish a new connection: [Errno 111] Connection refused""))"
2026-09-09T20:52:32.134700,1786373852673,POST,http://localhost/api/cicd/execute,0,1.7,"HTTPConnectionPool(host='localhost', port=80): Max retries exceeded with url: /api/cicd/execute (Caused by NewConnectionError(""HTTPConnection(host='localhost', port=80): Failed to establish a new connection: [Errno 111] Connection refused""))"
2026-09-09T20:52:32.172678,1786373852673,POST,http://localhost/api/cicd/execute,0,1.69,"HTTPConnectionPool(host='localhost', port=80): Max retries exceeded with url: /api/cicd/execute (Caused by NewConnectionError(""HTTPConnection(host='localhost', port=80): Failed to establish a new connection: [Errno 111] Connection refused""))"
2026-09-09T20:52:32.230119,1786374210148,GET,http://localhost/api/cicd/status/40665,0,9.8,"HTTPConnectionPool(host='localhost', port=80): Max retries exceeded with url: /api/cicd/status/40665 (Caused by NewConnectionError(""HTTPConnection(host='localhost', port=80): Failed to establish a new connection: [Errno 111] Connection refused""))"
2026-09-09T20:52:32.230578,1786373852673,POST,http://localhost/api/cicd/execute,0,7.89,"HTTPConnectionPool(host='localhost', port=80): Max retries exceeded with url: /api/cicd/execute (Caused by NewConnectionError(""HTTPConnection(host='localhost', port=80): Failed to establish a new connection: [Errno 111] Connection refused""))"
2026-09-09T20:52:32.231303,1786373852673,POST,http://localhost/api/cicd/execute,0,9.93,"HTTPConnectionPool(host='localhost', port=80): Max retries exceeded with url: /api/cicd/execute (Caused by NewConnectionError(""HTTPConnection(host='localhost', port=80): Failed to establish a new connection: [Errno 111] Connection refused""))"
2026-09-09T20:52:32.232097,1786374210148,GET,http://localhost/api/cicd/status/40665,0,4.24,"HTTPConnectionPool(host='localhost', port=80): Max retries exceeded with url: /api/cicd/status/40665 (Caused by NewConnectionError(""HTTPConnection(host='localhost', port=80): Failed to establish a new connection: [Errno 111] Connection refused""))"
2026-09-09T20:52:32.232413,1786373852673,POST,http://localhost/api/cicd/execute,0,13.24,"HTTPConnectionPool(host='localhost', port=80): Max retries exceeded with url: /api/cicd/execute (Caused by NewConnectionError(""HTTPConnection(host='localhost', port=80): Failed to establish a new connection: [Errno 111] Connection refused""))"
2026-09-09T20:52:32.232729,1786374210148,GET,http://localhost/api/cicd/status/40665,0,6.15,"HTTPConnectionPool(host='localhost', port=80): Max retries exceeded with url: /api/cicd/status/40665 (Caused by NewConnectionError(""HTTPConnection(host='localhost', port=80): Failed to establish a new connection: [Errno 111] Connection refused""))"
2026-09-09T20:52:32.233123,1786373852673,POST,http://localhost/api/cicd/execute,0,9.12,"HTTPConnectionPool(host='localhost', port=80): Max retries exceeded with url: /api/cicd/execute (Caused by NewConnectionError(""HTTPConnection(host='localhost', port=80): Failed to establish a new connection: [Errno 111] Connection refused""))"
2026-09-09T20:52:32.233450,1786374210148,GET,http://localhost/api/cicd/status/40665,0,8.14,"HTTPConnectionPool(host='localhost', port=80): Max retries exceeded with url: /api/cicd/status/40665 (Caused by NewConnectionError(""HTTPConnection(host='localhost', port=80): Failed to establish a new connection: [Errno 111] Connection refused""))"
2026-09-09T20:52:32.236536,1786374210148,GET,http://localhost/api/cicd/status/40665,0,1.66,"HTTPConnectionPool(host='localhost', port=80): Max retries exceeded with url: /api/cicd/status/40665 (Caused by NewConnectionError(""HTTPConnection(host='localhost', port=80): Failed to establish a new connection: [Errno 111] Connection refused""))"
2026-09-09T20:52:32.274789,1786374210148,GET,http://localhost/api/cicd/status/40665,0,1.72,"HTTPConnectionPool(host='localhost', port=80): Max retries exceeded with url: /api/cicd/status/40665 (Caused by NewConnectionError(""HTTPConnection(host='localhost', port=80): Failed to establish a new connection: [Errno 111] Connection refused""))"
2026-09-09T20:52:32.342185,1786373852673,POST,http://localhost/api/cicd/execute,0,8.59,"HTTPConnectionPool(host='localhost', port=80): Max retries exceeded with url: /api/cicd/execute (Caused by NewConnectionError(""HTTPConnection(host='localhost', port=80): Failed to establish a new connection: [Errno 111] Connection refused""))"
2026-09-09T20:52:32.342888,1786374210148,GET,http://localhost/api/cicd/status/40665,0,7.01,"HTTPConnectionPool(host='localhost', port=80): Max retries exceeded with url: /api/cicd/status/40665 (Caused by NewConnectionError(""HTTPConnection(host='localhost', port=80): Failed to establish a new connection: [Errno 111] Connection refused""))"
2026-09-09T20:52:32.343199,1786373852673,POST,http://localhost/api/cicd/execute,0,4.75,"HTTPConnectionPool(host='localhost', port=80): Max retries exceeded with url: /api/cicd/execute (Caused by NewConnectionError(""HTTPConnection(host='localhost', port=80): Failed to establish a new connection: [Errno 111] Connection refused""))"
2026-09-09T20:52:32.343767,1786374210148,GET,http://localhost/api/cicd/status/40665,0,11.22,"HTTPConnectionPool(host='localhost', port=80): Max retries exceeded with url: /api/cicd/status/40665 (Caused by NewConnectionError(""HTTPConnection(host='localhost', port=80): Failed to establish a new connection: [Errno 111] Connection refused""))"
2026-09-09T20:52:32.344249,1786374210148,GET,http://localhost/api/cicd/status/40665,0,12.8,"HTTPConnectionPool(host='localhost', port=80): Max retries exceeded with url: /api/cicd/status/40665 (Caused by NewConnectionError(""HTTPConnection(host='localhost', port=80): Failed to establish a new connection: [Errno 111] Connection refused""))"
2026-09-09T20:52:32.344553,1786373852673,POST,http://localhost/api/cicd/execute,0,7.48,"HTTPConnectionPool(host='localhost', port=80): Max retries exceeded with url: /api/cicd/execute (Caused by NewConnectionError(""HTTPConnection(host='localhost', port=80): Failed to establish a new connection: [Errno 111] Connection refused""))"
2026-09-09T20:52:32.344968,1786373852673,POST,http://localhost/api/cicd/execute,0,14.64,"HTTPConnectionPool(host='localhost', port=80): Max retries exceeded with url: /api/cicd/execute (Caused by NewConnectionError(""HTTPConnection(host='localhost', port=80): Failed to establish a new connection: [Errno 111] Connection refused""))"
2026-09-09T20:52:32.345252,1786374210148,GET,http://localhost/api/cicd/status/40665,0,5.03,"HTTPConnectionPool(host='localhost', port=80): Max retries exceeded with url: /api/cicd/status/40665 (Caused by NewConnectionError(""HTTPConnection(host='localhost', port=80): Failed to establish a new connection: [Errno 111] Connection refused""))"
2026-09-09T20:52:32.345938,1786373852673,POST,http://localhost/api/cicd/execute,0,11.2,"HTTPConnectionPool(host='localhost', port=80): Max retries exceeded with url: /api/cicd/execute (Caused by NewConnectionError(""HTTPConnection(host='localhost', port=80): Failed to establish a new connection: [Errno 111] Connection refused""))"
2026-09-09T20:52:32.376692,1786373852673,POST,http://localhost/api/cicd/execute,0,1.76,"HTTPConnectionPool(host='localhost', port=80): Max retries exceeded with url: /api/cicd/execute (Caused by NewConnectionError(""HTTPConnection(host='localhost', port=80): Failed to establish a new connection: [Errno 111] Connection refused""))"
2026-09-09T20:52:32.454427,1786374210148,GET,http://localhost/api/cicd/status/40665,0,12.1,"HTTPConnectionPool(host='localhost', port=80): Max retries exceeded with url: /api/cicd/status/40665 (Caused by NewConnectionError(""HTTPConnection(host='localhost', port=80): Failed to establish a new connection: [Errno 111] Connection refused""))"
2026-09-09T20:52:32.454997,1786373852673,POST,http://localhost/api/cicd/execute,0,10.41,"HTTPConnectionPool(host='localhost', port=80): Max retries exceeded with url: /api/cicd/execute (Caused by NewConnectionError(""HTTPConnection(host='localhost', port=80): Failed to establish a new connection: [Errno 111] Connection refused""))"
2026-09-09T20:52:32.455756,1786373852673,POST,http://localhost/api/cicd/execute,0,7.3,"HTTPConnectionPool(host='localhost', port=80): Max retries exceeded with url: /api/cicd/execute (Caused by NewConnectionError(""HTTPConnection(host='localhost', port=80): Failed to establish a new connection: [Errno 111] Connection refused""))"
2026-09-09T20:52:32.456219,1786374210148,GET,http://localhost/api/cicd/status/40665,0,12.84,"HTTPConnectionPool(host='localhost', port=80): Max retries exceeded with url: /api/cicd/status/40665 (Caused by NewConnectionError(""HTTPConnection(host='localhost', port=80): Failed to establish a new connection: [Errno 111] Connection refused""))"
2026-09-09T20:52:32.456551,1786373852673,POST,http://localhost/api/cicd/execute,0,6.95,"HTTPConnectionPool(host='localhost', port=80): Max retries exceeded with url: /api/cicd/execute (Caused by NewConnectionError(""HTTPConnection(host='localhost', port=80): Failed to establish a new connection: [Errno 111] Connection refused""))"
2026-09-09T20:52:32.456866,1786374210148,GET,http://localhost/api/cicd/status/40665,0,5.97,"HTTPConnectionPool(host='localhost', port=80): Max retries exceeded with url: /api/cicd/status/40665 (Caused by NewConnectionError(""HTTPConnection(host='localhost', port=80): Failed to establish a new connection: [Errno 111] Connection refused""))"
2026-09-09T20:52:32.457255,1786374210148,GET,http://localhost/api/cicd/status/40665,0,5.06,"HTTPConnectionPool(host='localhost', port=80): Max retries exceeded with url: /api/cicd/status/40665 (Caused by NewConnectionError(""HTTPConnection(host='localhost', port=80): Failed to establish a new connection: [Errno 111] Connection refused""))"
2026-09-09T20:52:32.457662,1786374210148,GET,http://localhost/api/cicd/status/40665,0,10.43,"HTTPConnectionPool(host='localhost', port=80): Max retries exceeded with url: /api/cicd/status/40665 (Caused by NewConnectionError(""HTTPConnection(host='localhost', port=80): Failed to establish a new connection: [Errno 111] Connection refused""))"
2026-09-09T20:52:32.457877,1786373852673,POST,http://localhost/api/cicd/execute,0,11.98,"HTTPConnectionPool(host='localhost', port=80): Max retries exceeded with url: /api/cicd/execute (Caused by NewConnectionError(""HTTPConnection(host='localhost', port=80): Failed to establish a new connection: [Errno 111] Connection refused""))"
2026-09-09T20:52:32.478510,1786374210148,GET,http://localhost/api/cicd/status/40665,0,1.64,"HTTPConnectionPool(host='localhost', port=80): Max retries exceeded with url: /api/cicd/status/40665 (Caused by NewConnectionError(""HTTPConnection(host='localhost', port=80): Failed to establish a new connection: [Errno 111] Connection refused""))"
2026-09-09T20:52:32.566914,1786373852673,POST,http://localhost/api/cicd/execute,0,12.31,"HTTPConnectionPool(host='localhost', port=80): Max retries exceeded with url: /api/cicd/execute (Caused by NewConnectionError(""HTTPConnection(host='localhost', port=80): Failed to establish a new connection: [Errno 111] Connection refused""))"
2026-09-09T20:52:32.568045,1786374210148,GET,http://localhost/api/cicd/status/40665,0,10.0,"HTTPConnectionPool(host='localhost', port=80): Max retries exceeded with url: /api/cicd/status/40665 (Caused by NewConnectionError(""HTTPConnection(host='localhost', port=80): Failed to establish a new connection: [Errno 111] Connection refused""))"
2026-09-09T20:52:32.568481,1786373852673,POST,http://localhost/api/cicd/execute,0,4.95,"HTTPConnectionPool(host='localhost', port=80): Max retries exceeded with url: /api/cicd/execute (Caused by NewConnectionError(""HTTPConnection(host='localhost', port=80): Failed to establish a new connection: [Errno 111] Connection refused""))"
2026-09-09T20:52:32.568895,1786374210148,GET,http://localhost/api/cicd/status/40665,0,6.8,"HTTPConnectionPool(host='localhost', port=80): Max retries exceeded with url: /api/cicd/status/40665 (Caused by NewConnectionError(""HTTPConnection(host='localhost', port=80): Failed to establish a new connection: [Errno 111] Connection refused""))"
2026-09-09T20:52:32.569266,1786374210148,GET,http://localhost/api/cicd/status/40665,0,12.3,"HTTPConnectionPool(host='localhost', port=80): Max retries exceeded with url: /api/cicd/status/40665 (Caused by NewConnectionError(""HTTPConnection(host='localhost', port=80): Failed to establish a new connection: [Errno 111] Connection refused""))"
2026-09-09T20:52:32.569606,1786374210148,GET,http://localhost/api/cicd/status/40665,0,13.86,"HTTPConnectionPool(host='localhost', port=80): Max retries exceeded with url: /api/cicd/status/40665 (Caused by NewConnectionError(""HTTPConnection(host='localhost', port=80): Failed to establish a new connection: [Errno 111] Connection refused""))"
2026-09-09T20:52:32.569882,1786373852673,POST,http://localhost/api/cicd/execute,0,4.86,"HTTPConnectionPool(host='localhost', port=80): Max retries exceeded with url: /api/cicd/execute (Caused by NewConnectionError(""HTTPConnection(host='localhost', port=80): Failed to establish a new connection: [Errno 111] Connection refused""))"
2026-09-09T20:52:32.570260,1786373852673,POST,http://localhost/api/cicd/execute,0,10.61,"HTTPConnectionPool(host='localhost', port=80): Max retries exceeded with url: /api/cicd/execute (Caused by NewConnectionError(""HTTPConnection(host='localhost', port=80): Failed to establish a new connection: [Errno 111] Connection refused""))"
2026-09-09T20:52:32.570532,1786373852673,POST,http://localhost/api/cicd/execute,0,9.55,"HTTPConnectionPool(host='localhost', port=80): Max retries exceeded with url: /api/cicd/execute (Caused by NewConnectionError(""HTTPConnection(host='localhost', port=80): Failed to establish a new connection: [Errno 111] Connection refused""))"
2026-09-09T20:52:32.580412,1786373852673,POST,http://localhost/api/cicd/execute,0,1.72,"HTTPConnectionPool(host='localhost', port=80): Max retries exceeded with url: /api/cicd/execute (Caused by NewConnectionError(""HTTPConnection(host='localhost', port=80): Failed to establish a new connection: [Errno 111] Connection refused""))"
2026-09-09T20:52:32.677450,1786373852673,POST,http://localhost/api/cicd/execute,0,8.4,"HTTPConnectionPool(host='localhost', port=80): Max retries exceeded with url: /api/cicd/execute (Caused by NewConnectionError(""HTTPConnection(host='localhost', port=80): Failed to establish a new connection: [Errno 111] Connection refused""))"
2026-09-09T20:52:32.677785,1786374210148,GET,http://localhost/api/cicd/status/40665,0,5.88,"HTTPConnectionPool(host='localhost', port=80): Max retries exceeded with url: /api/cicd/status/40665 (Caused by NewConnectionError(""HTTPConnection(host='localhost', port=80): Failed to establish a new connection: [Errno 111] Connection refused""))"
2026-09-09T20:52:32.678462,1786373852673,POST,http://localhost/api/cicd/execute,0,7.54,"HTTPConnectionPool(host='localhost', port=80): Max retries exceeded with url: /api/cicd/execute (Caused by NewConnectionError(""HTTPConnection(host='localhost', port=80): Failed to establish a new connection: [Errno 111] Connection refused""))"
2026-09-09T20:52:32.678749,1786373852673,POST,http://localhost/api/cicd/execute,0,10.36,"HTTPConnectionPool(host='localhost', port=80): Max retries exceeded with url: /api/cicd/execute (Caused by NewConnectionError(""HTTPConnection(host='localhost', port=80): Failed to establish a new connection: [Errno 111] Connection refused""))"
2026-09-09T20:52:32.679410,1786374210148,GET,http://localhost/api/cicd/status/40665,0,12.3,"HTTPConnectionPool(host='localhost', port=80): Max retries exceeded with url: /api/cicd/status/40665 (Caused by NewConnectionError(""HTTPConnection(host='localhost', port=80): Failed to establish a new connection: [Errno 111] Connection refused""))"
2026-09-09T20:52:32.679695,1786374210148,GET,http://localhost/api/cicd/status/40665,0,5.59,"HTTPConnectionPool(host='localhost', port=80): Max retries exceeded with url: /api/cicd/status/40665 (Caused by NewConnectionError(""HTTPConnection(host='localhost', port=80): Failed to establish a new connection: [Errno 111] Connection refused""))"
2026-09-09T20:52:32.679889,1786374210148,GET,http://localhost/api/cicd/status/40665,0,6.87,"HTTPConnectionPool(host='localhost', port=80): Max retries exceeded with url: /api/cicd/status/40665 (Caused by NewConnectionError(""HTTPConnection(host='localhost', port=80): Failed to establish a new connection: [Errno 111] Connection refused""))"
2026-09-09T20:52:32.680063,1786374210148,GET,http://localhost/api/cicd/status/40665,0,10.33,"HTTPConnectionPool(host='localhost', port=80): Max retries exceeded with url: /api/cicd/status/40665 (Caused by NewConnectionError(""HTTPConnection(host='localhost', port=80): Failed to establish a new connection: [Errno 111] Connection refused""))"
2026-09-09T20:52:32.680324,1786373852673,POST,http://localhost/api/cicd/execute,0,5.1,"HTTPConnectionPool(host='localhost', port=80): Max retries exceeded with url: /api/cicd/execute (Caused by NewConnectionError(""HTTPConnection(host='localhost', port=80): Failed to establish a new connection: [Errno 111] Connection refused""))"
2026-09-09T20:52:32.681507,1786374210148,GET,http://localhost/api/cicd/status/40665,0,0.96,"HTTPConnectionPool(host='localhost', port=80): Max retries exceeded with url: /api/cicd/status/40665 (Caused by NewConnectionError(""HTTPConnection(host='localhost', port=80): Failed to establish a new connection: [Errno 111] Connection refused""))"
2026-09-09T20:52:32.791538,1786374210148,GET,http://localhost/api/cicd/status/40665,0,13.9,"HTTPConnectionPool(host='localhost', port=80): Max retries exceeded with url: /api/cicd/status/40665 (Caused by NewConnectionError(""HTTPConnection(host='localhost', port=80): Failed to establish a new connection: [Errno 111] Connection refused""))"
2026-09-09T20:52:32.791855,1786373852673,POST,http://localhost/api/cicd/execute,0,13.01,"HTTPConnectionPool(host='localhost', port=80): Max retries exceeded with url: /api/cicd/execute (Caused by NewConnectionError(""HTTPConnection(host='localhost', port=80): Failed to establish a new connection: [Errno 111] Connection refused""))"
2026-09-09T20:52:32.792193,1786373852673,POST,http://localhost/api/cicd/execute,0,6.1,"HTTPConnectionPool(host='localhost', port=80): Max retries exceeded with url: /api/cicd/execute (Caused by NewConnectionError(""HTTPConnection(host='localhost', port=80): Failed to establish a new connection: [Errno 111] Connection refused""))"
2026-09-09T20:52:32.793407,1786373852673,POST,http://localhost/api/cicd/execute,0,8.6,"HTTPConnectionPool(host='localhost', port=80): Max retries exceeded with url: /api/cicd/execute (Caused by NewConnectionError(""HTTPConnection(host='localhost', port=80): Failed to establish a new connection: [Errno 111] Connection refused""))"
2026-09-09T20:52:32.793648,1786373852673,POST,http://localhost/api/cicd/execute,0,4.68,"HTTPConnectionPool(host='localhost', port=80): Max retries exceeded with url: /api/cicd/execute (Caused by NewConnectionError(""HTTPConnection(host='localhost', port=80): Failed to establish a new connection: [Errno 111] Connection refused""))"
2026-09-09T20:52:32.794512,1786374210148,GET,http://localhost/api/cicd/status/40665,0,6.88,"HTTPConnectionPool(host='localhost', port=80): Max retries exceeded with url: /api/cicd/status/40665 (Caused by NewConnectionError(""HTTPConnection(host='localhost', port=80): Failed to establish a new connection: [Errno 111] Connection refused""))"
2026-09-09T20:52:32.794827,1786373852673,POST,http://localhost/api/cicd/execute,0,11.19,"HTTPConnectionPool(host='localhost', port=80): Max retries exceeded with url: /api/cicd/execute (Caused by NewConnectionError(""HTTPConnection(host='localhost', port=80): Failed to establish a new connection: [Errno 111] Connection refused""))"
2026-09-09T20:52:32.796039,1786374210148,GET,http://localhost/api/cicd/status/40665,0,16.04,"HTTPConnectionPool(host='localhost', port=80): Max retries exceeded with url: /api/cicd/status/40665 (Caused by NewConnectionError(""HTTPConnection(host='localhost', port=80): Failed to establish a new connection: [Errno 111] Connection refused""))"
2026-09-09T20:52:32.796359,1786373852673,POST,http://localhost/api/cicd/execute,0,14.05,"HTTPConnectionPool(host='localhost', port=80): Max retries exceeded with url: /api/cicd/execute (Caused by NewConnectionError(""HTTPConnection(host='localhost', port=80): Failed to establish a new connection: [Errno 111] Connection refused""))"
2026-09-09T20:52:32.796693,1786374210148,GET,http://localhost/api/cicd/status/40665,0,15.57,"HTTPConnectionPool(host='localhost', port=80): Max retries exceeded with url: /api/cicd/status/40665 (Caused by NewConnectionError(""HTTPConnection(host='localhost', port=80): Failed to establish a new connection: [Errno 111] Connection refused""))"
2026-09-09T20:52:32.904738,1786373852673,POST,http://localhost/api/cicd/execute,0,12.99,"HTTPConnectionPool(host='localhost', port=80): Max retries exceeded with url: /api/cicd/execute (Caused by NewConnectionError(""HTTPConnection(host='localhost', port=80): Failed to establish a new connection: [Errno 111] Connection refused""))"
2026-09-09T20:52:32.905318,1786374210148,GET,http://localhost/api/cicd/status/40665,0,11.13,"HTTPConnectionPool(host='localhost', port=80): Max retries exceeded with url: /api/cicd/status/40665 (Caused by NewConnectionError(""HTTPConnection(host='localhost', port=80): Failed to establish a new connection: [Errno 111] Connection refused""))"
2026-09-09T20:52:32.906212,1786373852673,POST,http://localhost/api/cicd/execute,0,7.33,"HTTPConnectionPool(host='localhost', port=80): Max retries exceeded with url: /api/cicd/execute (Caused by NewConnectionError(""HTTPConnection(host='localhost', port=80): Failed to establish a new connection: [Errno 111] Connection refused""))"
2026-09-09T20:52:32.906607,1786374210148,GET,http://localhost/api/cicd/status/40665,0,8.8,"HTTPConnectionPool(host='localhost', port=80): Max retries exceeded with url: /api/cicd/status/40665 (Caused by NewConnectionError(""HTTPConnection(host='localhost', port=80): Failed to establish a new connection: [Errno 111] Connection refused""))"
2026-09-09T20:52:32.906927,1786374210148,GET,http://localhost/api/cicd/status/40665,0,13.82,"HTTPConnectionPool(host='localhost', port=80): Max retries exceeded with url: /api/cicd/status/40665 (Caused by NewConnectionError(""HTTPConnection(host='localhost', port=80): Failed to establish a new connection: [Errno 111] Connection refused""))"
2026-09-09T20:52:32.907314,1786373852673,POST,http://localhost/api/cicd/execute,0,4.84,"HTTPConnectionPool(host='localhost', port=80): Max retries exceeded with url: /api/cicd/execute (Caused by NewConnectionError(""HTTPConnection(host='localhost', port=80): Failed to establish a new connection: [Errno 111] Connection refused""))"
2026-09-09T20:52:32.908065,1786374210148,GET,http://localhost/api/cicd/status/40665,0,11.55,"HTTPConnectionPool(host='localhost', port=80): Max retries exceeded with url: /api/cicd/status/40665 (Caused by NewConnectionError(""HTTPConnection(host='localhost', port=80): Failed to establish a new connection: [Errno 111] Connection refused""))"
2026-09-09T20:52:32.908538,1786373852673,POST,http://localhost/api/cicd/execute,0,7.33,"HTTPConnectionPool(host='localhost', port=80): Max retries exceeded with url: /api/cicd/execute (Caused by NewConnectionError(""HTTPConnection(host='localhost', port=80): Failed to establish a new connection: [Errno 111] Connection refused""))"
2026-09-09T20:52:32.908739,1786374210148,GET,http://localhost/api/cicd/status/40665,0,8.68,"HTTPConnectionPool(host='localhost', port=80): Max retries exceeded with url: /api/cicd/status/40665 (Caused by NewConnectionError(""HTTPConnection(host='localhost', port=80): Failed to establish a new connection: [Errno 111] Connection refused""))"
2026-09-09T20:52:32.909147,1786374210148,GET,http://localhost/api/cicd/status/40665,0,13.66,"HTTPConnectionPool(host='localhost', port=80): Max retries exceeded with url: /api/cicd/status/40665 (Caused by NewConnectionError(""HTTPConnection(host='localhost', port=80): Failed to establish a new connection: [Errno 111] Connection refused""))"
2026-09-09T20:52:33.018225,1786374210148,GET,http://localhost/api/cicd/status/40665,0,13.3,"HTTPConnectionPool(host='localhost', port=80): Max retries exceeded with url: /api/cicd/status/40665 (Caused by NewConnectionError(""HTTPConnection(host='localhost', port=80): Failed to establish a new connection: [Errno 111] Connection refused""))"
2026-09-09T20:52:33.018926,1786373852673,POST,http://localhost/api/cicd/execute,0,12.88,"HTTPConnectionPool(host='localhost', port=80): Max retries exceeded with url: /api/cicd/execute (Caused by NewConnectionError(""HTTPConnection(host='localhost', port=80): Failed to establish a new connection: [Errno 111] Connection refused""))"
2026-09-09T20:52:33.019345,1786373852673,POST,http://localhost/api/cicd/execute,0,5.09,"HTTPConnectionPool(host='localhost', port=80): Max retries exceeded with url: /api/cicd/execute (Caused by NewConnectionError(""HTTPConnection(host='localhost', port=80): Failed to establish a new connection: [Errno 111] Connection refused""))"
2026-09-09T20:52:33.019932,1786373852673,POST,http://localhost/api/cicd/execute,0,10.42,"HTTPConnectionPool(host='localhost', port=80): Max retries exceeded with url: /api/cicd/execute (Caused by NewConnectionError(""HTTPConnection(host='localhost', port=80): Failed to establish a new connection: [Errno 111] Connection refused""))"
2026-09-09T20:52:33.020723,1786373852673,POST,http://localhost/api/cicd/execute,0,7.62,"HTTPConnectionPool(host='localhost', port=80): Max retries exceeded with url: /api/cicd/execute (Caused by NewConnectionError(""HTTPConnection(host='localhost', port=80): Failed to establish a new connection: [Errno 111] Connection refused""))"
2026-09-09T20:52:33.021021,1786374210148,GET,http://localhost/api/cicd/status/40665,0,13.72,"HTTPConnectionPool(host='localhost', port=80): Max retries exceeded with url: /api/cicd/status/40665 (Caused by NewConnectionError(""HTTPConnection(host='localhost', port=80): Failed to establish a new connection: [Errno 111] Connection refused""))"
2026-09-09T20:52:33.021382,1786373852673,POST,http://localhost/api/cicd/execute,0,10.63,"HTTPConnectionPool(host='localhost', port=80): Max retries exceeded with url: /api/cicd/execute (Caused by NewConnectionError(""HTTPConnection(host='localhost', port=80): Failed to establish a new connection: [Errno 111] Connection refused""))"
2026-09-09T20:52:33.021655,1786374210148,GET,http://localhost/api/cicd/status/40665,0,5.6,"HTTPConnectionPool(host='localhost', port=80): Max retries exceeded with url: /api/cicd/status/40665 (Caused by NewConnectionError(""HTTPConnection(host='localhost', port=80): Failed to establish a new connection: [Errno 111] Connection refused""))"
2026-09-09T20:52:33.021957,1786374210148,GET,http://localhost/api/cicd/status/40665,0,9.95,"HTTPConnectionPool(host='localhost', port=80): Max retries exceeded with url: /api/cicd/status/40665 (Caused by NewConnectionError(""HTTPConnection(host='localhost', port=80): Failed to establish a new connection: [Errno 111] Connection refused""))"
2026-09-09T20:52:33.022242,1786373852673,POST,http://localhost/api/cicd/execute,0,13.89,"HTTPConnectionPool(host='localhost', port=80): Max retries exceeded with url: /api/cicd/execute (Caused by NewConnectionError(""HTTPConnection(host='localhost', port=80): Failed to establish a new connection: [Errno 111] Connection refused""))"
2026-09-09T20:52:33.132223,1786374210148,GET,http://localhost/api/cicd/status/40665,0,3.8,"HTTPConnectionPool(host='localhost', port=80): Max retries exceeded with url: /api/cicd/status/40665 (Caused by NewConnectionError(""HTTPConnection(host='localhost', port=80): Failed to establish a new connection: [Errno 111] Connection refused""))"
2026-09-09T20:52:33.132912,1786374210148,GET,http://localhost/api/cicd/status/40665,0,7.06,"HTTPConnectionPool(host='localhost', port=80): Max retries exceeded with url: /api/cicd/status/40665 (Caused by NewConnectionError(""HTTPConnection(host='localhost', port=80): Failed to establish a new connection: [Errno 111] Connection refused""))"
2026-09-09T20:52:33.133524,1786373852673,POST,http://localhost/api/cicd/execute,0,9.9,"HTTPConnectionPool(host='localhost', port=80): Max retries exceeded with url: /api/cicd/execute (Caused by NewConnectionError(""HTTPConnection(host='localhost', port=80): Failed to establish a new connection: [Errno 111] Connection refused""))"
2026-09-09T20:52:33.133876,1786373852673,POST,http://localhost/api/cicd/execute,0,11.39,"HTTPConnectionPool(host='localhost', port=80): Max retries exceeded with url: /api/cicd/execute (Caused by NewConnectionError(""HTTPConnection(host='localhost', port=80): Failed to establish a new connection: [Errno 111] Connection refused""))"
2026-09-09T20:52:33.134368,1786374210148,GET,http://localhost/api/cicd/status/40665,0,9.61,"HTTPConnectionPool(host='localhost', port=80): Max retries exceeded with url: /api/cicd/status/40665 (Caused by NewConnectionError(""HTTPConnection(host='localhost', port=80): Failed to establish a new connection: [Errno 111] Connection refused""))"
2026-09-09T20:52:33.134753,1786374210148,GET,http://localhost/api/cicd/status/40665,0,14.1,"HTTPConnectionPool(host='localhost', port=80): Max retries exceeded with url: /api/cicd/status/40665 (Caused by NewConnectionError(""HTTPConnection(host='localhost', port=80): Failed to establish a new connection: [Errno 111] Connection refused""))"
2026-09-09T20:52:33.135118,1786373852673,POST,http://localhost/api/cicd/execute,0,16.71,"HTTPConnectionPool(host='localhost', port=80): Max retries exceeded with url: /api/cicd/execute (Caused by NewConnectionError(""HTTPConnection(host='localhost', port=80): Failed to establish a new connection: [Errno 111] Connection refused""))"
2026-09-09T20:52:33.135410,1786373852673,POST,http://localhost/api/cicd/execute,0,5.89,"HTTPConnectionPool(host='localhost', port=80): Max retries exceeded with url: /api/cicd/execute (Caused by NewConnectionError(""HTTPConnection(host='localhost', port=80): Failed to establish a new connection: [Errno 111] Connection refused""))"
2026-09-09T20:52:33.135818,1786374210148,GET,http://localhost/api/cicd/status/40665,0,16.27,"HTTPConnectionPool(host='localhost', port=80): Max retries exceeded with url: /api/cicd/status/40665 (Caused by NewConnectionError(""HTTPConnection(host='localhost', port=80): Failed to establish a new connection: [Errno 111] Connection refused""))"
2026-09-09T20:52:33.136168,1786374210148,GET,http://localhost/api/cicd/status/40665,0,9.21,"HTTPConnectionPool(host='localhost', port=80): Max retries exceeded with url: /api/cicd/status/40665 (Caused by NewConnectionError(""HTTPConnection(host='localhost', port=80): Failed to establish a new connection: [Errno 111] Connection refused""))"
2026-09-09T20:52:33.250853,1786374210148,GET,http://localhost/api/cicd/status/40665,0,10.18,"HTTPConnectionPool(host='localhost', port=80): Max retries exceeded with url: /api/cicd/status/40665 (Caused by NewConnectionError(""HTTPConnection(host='localhost', port=80): Failed to establish a new connection: [Errno 111] Connection refused""))"
2026-09-09T20:52:33.251445,1786373852673,POST,http://localhost/api/cicd/execute,0,19.05,"HTTPConnectionPool(host='localhost', port=80): Max retries exceeded with url: /api/cicd/execute (Caused by NewConnectionError(""HTTPConnection(host='localhost', port=80): Failed to establish a new connection: [Errno 111] Connection refused""))"
2026-09-09T20:52:33.251880,1786373852673,POST,http://localhost/api/cicd/execute,0,18.22,"HTTPConnectionPool(host='localhost', port=80): Max retries exceeded with url: /api/cicd/execute (Caused by NewConnectionError(""HTTPConnection(host='localhost', port=80): Failed to establish a new connection: [Errno 111] Connection refused""))"
2026-09-09T20:52:33.252669,1786373852673,POST,http://localhost/api/cicd/execute,0,15.49,"HTTPConnectionPool(host='localhost', port=80): Max retries exceeded with url: /api/cicd/execute (Caused by NewConnectionError(""HTTPConnection(host='localhost', port=80): Failed to establish a new connection: [Errno 111] Connection refused""))"
2026-09-09T20:52:33.253326,1786373852673,POST,http://localhost/api/cicd/execute,0,17.33,"HTTPConnectionPool(host='localhost', port=80): Max retries exceeded with url: /api/cicd/execute (Caused by NewConnectionError(""HTTPConnection(host='localhost', port=80): Failed to establish a new connection: [Errno 111] Connection refused""))"
2026-09-09T20:52:33.253662,1786373852673,POST,http://localhost/api/cicd/execute,0,15.35,"HTTPConnectionPool(host='localhost', port=80): Max retries exceeded with url: /api/cicd/execute (Caused by NewConnectionError(""HTTPConnection(host='localhost', port=80): Failed to establish a new connection: [Errno 111] Connection refused""))"
2026-09-09T20:52:33.254006,1786374210148,GET,http://localhost/api/cicd/status/40665,0,14.46,"HTTPConnectionPool(host='localhost', port=80): Max retries exceeded with url: /api/cicd/status/40665 (Caused by NewConnectionError(""HTTPConnection(host='localhost', port=80): Failed to establish a new connection: [Errno 111] Connection refused""))"
2026-09-09T20:52:33.254302,1786373852673,POST,http://localhost/api/cicd/execute,0,5.98,"HTTPConnectionPool(host='localhost', port=80): Max retries exceeded with url: /api/cicd/execute (Caused by NewConnectionError(""HTTPConnection(host='localhost', port=80): Failed to establish a new connection: [Errno 111] Connection refused""))"
2026-09-09T20:52:33.254565,1786374210148,GET,http://localhost/api/cicd/status/40665,0,19.73,"HTTPConnectionPool(host='localhost', port=80): Max retries exceeded with url: /api/cicd/status/40665 (Caused by NewConnectionError(""HTTPConnection(host='localhost', port=80): Failed to establish a new connection: [Errno 111] Connection refused""))"
2026-09-09T20:52:33.254857,1786374210148,GET,http://localhost/api/cicd/status/40665,0,12.69,"HTTPConnectionPool(host='localhost', port=80): Max retries exceeded with url: /api/cicd/status/40665 (Caused by NewConnectionError(""HTTPConnection(host='localhost', port=80): Failed to establish a new connection: [Errno 111] Connection refused""))"
2026-09-09T20:52:33.364320,1786373852673,POST,http://localhost/api/cicd/execute,0,13.28,"HTTPConnectionPool(host='localhost', port=80): Max retries exceeded with url: /api/cicd/execute (Caused by NewConnectionError(""HTTPConnection(host='localhost', port=80): Failed to establish a new connection: [Errno 111] Connection refused""))"
2026-09-09T20:52:33.365332,1786374210148,GET,http://localhost/api/cicd/status/40665,0,13.04,"HTTPConnectionPool(host='localhost', port=80): Max retries exceeded with url: /api/cicd/status/40665 (Caused by NewConnectionError(""HTTPConnection(host='localhost', port=80): Failed to establish a new connection: [Errno 111] Connection refused""))"
2026-09-09T20:52:33.366060,1786373852673,POST,http://localhost/api/cicd/execute,0,5.2,"HTTPConnectionPool(host='localhost', port=80): Max retries exceeded with url: /api/cicd/execute (Caused by NewConnectionError(""HTTPConnection(host='localhost', port=80): Failed to establish a new connection: [Errno 111] Connection refused""))"
2026-09-09T20:52:33.366950,1786374210148,GET,http://localhost/api/cicd/status/40665,0,12.43,"HTTPConnectionPool(host='localhost', port=80): Max retries exceeded with url: /api/cicd/status/40665 (Caused by NewConnectionError(""HTTPConnection(host='localhost', port=80): Failed to establish a new connection: [Errno 111] Connection refused""))"
2026-09-09T20:52:33.367345,1786374210148,GET,http://localhost/api/cicd/status/40665,0,7.83,"HTTPConnectionPool(host='localhost', port=80): Max retries exceeded with url: /api/cicd/status/40665 (Caused by NewConnectionError(""HTTPConnection(host='localhost', port=80): Failed to establish a new connection: [Errno 111] Connection refused""))"
2026-09-09T20:52:33.367729,1786374210148,GET,http://localhost/api/cicd/status/40665,0,10.85,"HTTPConnectionPool(host='localhost', port=80): Max retries exceeded with url: /api/cicd/status/40665 (Caused by NewConnectionError(""HTTPConnection(host='localhost', port=80): Failed to establish a new connection: [Errno 111] Connection refused""))"
2026-09-09T20:52:33.368261,1786374210148,GET,http://localhost/api/cicd/status/40665,0,14.9,"HTTPConnectionPool(host='localhost', port=80): Max retries exceeded with url: /api/cicd/status/40665 (Caused by NewConnectionError(""HTTPConnection(host='localhost', port=80): Failed to establish a new connection: [Errno 111] Connection refused""))"
2026-09-09T20:52:33.368660,1786374210148,GET,http://localhost/api/cicd/status/40665,0,13.04,"HTTPConnectionPool(host='localhost', port=80): Max retries exceeded with url: /api/cicd/status/40665 (Caused by NewConnectionError(""HTTPConnection(host='localhost', port=80): Failed to establish a new connection: [Errno 111] Connection refused""))"
2026-09-09T20:52:33.369020,1786373852673,POST,http://localhost/api/cicd/execute,0,6.94,"HTTPConnectionPool(host='localhost', port=80): Max retries exceeded with url: /api/cicd/execute (Caused by NewConnectionError(""HTTPConnection(host='localhost', port=80): Failed to establish a new connection: [Errno 111] Connection refused""))"
2026-09-09T20:52:33.369284,1786373852673,POST,http://localhost/api/cicd/execute,0,11.03,"HTTPConnectionPool(host='localhost', port=80): Max retries exceeded with url: /api/cicd/execute (Caused by NewConnectionError(""HTTPConnection(host='localhost', port=80): Failed to establish a new connection: [Errno 111] Connection refused""))"
2026-09-09T20:52:33.477336,1786374210148,GET,http://localhost/api/cicd/status/40665,0,12.83,"HTTPConnectionPool(host='localhost', port=80): Max retries exceeded with url: /api/cicd/status/40665 (Caused by NewConnectionError(""HTTPConnection(host='localhost', port=80): Failed to establish a new connection: [Errno 111] Connection refused""))"
2026-09-09T20:52:33.478673,1786373852673,POST,http://localhost/api/cicd/execute,0,8.2,"HTTPConnectionPool(host='localhost', port=80): Max retries exceeded with url: /api/cicd/execute (Caused by NewConnectionError(""HTTPConnection(host='localhost', port=80): Failed to establish a new connection: [Errno 111] Connection refused""))"
2026-09-09T20:52:33.479568,1786373852673,POST,http://localhost/api/cicd/execute,0,7.95,"HTTPConnectionPool(host='localhost', port=80): Max retries exceeded with url: /api/cicd/execute (Caused by NewConnectionError(""HTTPConnection(host='localhost', port=80): Failed to establish a new connection: [Errno 111] Connection refused""))"
2026-09-09T20:52:33.479992,1786373852673,POST,http://localhost/api/cicd/execute,0,6.04,"HTTPConnectionPool(host='localhost', port=80): Max retries exceeded with url: /api/cicd/execute (Caused by NewConnectionError(""HTTPConnection(host='localhost', port=80): Failed to establish a new connection: [Errno 111] Connection refused""))"
2026-09-09T20:52:33.480458,1786373852673,POST,http://localhost/api/cicd/execute,0,7.63,"HTTPConnectionPool(host='localhost', port=80): Max retries exceeded with url: /api/cicd/execute (Caused by NewConnectionError(""HTTPConnection(host='localhost', port=80): Failed to establish a new connection: [Errno 111] Connection refused""))"
2026-09-09T20:52:33.480941,1786374210148,GET,http://localhost/api/cicd/status/40665,0,14.04,"HTTPConnectionPool(host='localhost', port=80): Max retries exceeded with url: /api/cicd/status/40665 (Caused by NewConnectionError(""HTTPConnection(host='localhost', port=80): Failed to establish a new connection: [Errno 111] Connection refused""))"
2026-09-09T20:52:33.481279,1786373852673,POST,http://localhost/api/cicd/execute,0,15.64,"HTTPConnectionPool(host='localhost', port=80): Max retries exceeded with url: /api/cicd/execute (Caused by NewConnectionError(""HTTPConnection(host='localhost', port=80): Failed to establish a new connection: [Errno 111] Connection refused""))"
2026-09-09T20:52:33.481566,1786374210148,GET,http://localhost/api/cicd/status/40665,0,6.19,"HTTPConnectionPool(host='localhost', port=80): Max retries exceeded with url: /api/cicd/status/40665 (Caused by NewConnectionError(""HTTPConnection(host='localhost', port=80): Failed to establish a new connection: [Errno 111] Connection refused""))"
2026-09-09T20:52:33.481893,1786374210148,GET,http://localhost/api/cicd/status/40665,0,12.68,"HTTPConnectionPool(host='localhost', port=80): Max retries exceeded with url: /api/cicd/status/40665 (Caused by NewConnectionError(""HTTPConnection(host='localhost', port=80): Failed to establish a new connection: [Errno 111] Connection refused""))"
2026-09-09T20:52:33.482681,1786373852673,POST,http://localhost/api/cicd/execute,0,14.62,"HTTPConnectionPool(host='localhost', port=80): Max retries exceeded with url: /api/cicd/execute (Caused by NewConnectionError(""HTTPConnection(host='localhost', port=80): Failed to establish a new connection: [Errno 111] Connection refused""))"
2026-09-09T20:52:33.590851,1786373852673,POST,http://localhost/api/cicd/execute,0,13.32,"HTTPConnectionPool(host='localhost', port=80): Max retries exceeded with url: /api/cicd/execute (Caused by NewConnectionError(""HTTPConnection(host='localhost', port=80): Failed to establish a new connection: [Errno 111] Connection refused""))"
2026-09-09T20:52:33.591490,1786374210148,GET,http://localhost/api/cicd/status/40665,0,12.64,"HTTPConnectionPool(host='localhost', port=80): Max retries exceeded with url: /api/cicd/status/40665 (Caused by NewConnectionError(""HTTPConnection(host='localhost', port=80): Failed to establish a new connection: [Errno 111] Connection refused""))"
2026-09-09T20:52:33.592168,1786373852673,POST,http://localhost/api/cicd/execute,0,11.05,"HTTPConnectionPool(host='localhost', port=80): Max retries exceeded with url: /api/cicd/execute (Caused by NewConnectionError(""HTTPConnection(host='localhost', port=80): Failed to establish a new connection: [Errno 111] Connection refused""))"
2026-09-09T20:52:33.592850,1786374210148,GET,http://localhost/api/cicd/status/40665,0,9.43,"HTTPConnectionPool(host='localhost', port=80): Max retries exceeded with url: /api/cicd/status/40665 (Caused by NewConnectionError(""HTTPConnection(host='localhost', port=80): Failed to establish a new connection: [Errno 111] Connection refused""))"
2026-09-09T20:52:33.593155,1786374210148,GET,http://localhost/api/cicd/status/40665,0,8.62,"HTTPConnectionPool(host='localhost', port=80): Max retries exceeded with url: /api/cicd/status/40665 (Caused by NewConnectionError(""HTTPConnection(host='localhost', port=80): Failed to establish a new connection: [Errno 111] Connection refused""))"
2026-09-09T20:52:33.593551,1786373852673,POST,http://localhost/api/cicd/execute,0,6.77,"HTTPConnectionPool(host='localhost', port=80): Max retries exceeded with url: /api/cicd/execute (Caused by NewConnectionError(""HTTPConnection(host='localhost', port=80): Failed to establish a new connection: [Errno 111] Connection refused""))"
2026-09-09T20:52:33.593829,1786374210148,GET,http://localhost/api/cicd/status/40665,0,11.58,"HTTPConnectionPool(host='localhost', port=80): Max retries exceeded with url: /api/cicd/status/40665 (Caused by NewConnectionError(""HTTPConnection(host='localhost', port=80): Failed to establish a new connection: [Errno 111] Connection refused""))"
2026-09-09T20:52:33.594260,1786373852673,POST,http://localhost/api/cicd/execute,0,8.61,"HTTPConnectionPool(host='localhost', port=80): Max retries exceeded with url: /api/cicd/execute (Caused by NewConnectionError(""HTTPConnection(host='localhost', port=80): Failed to establish a new connection: [Errno 111] Connection refused""))"
2026-09-09T20:52:33.594462,1786374210148,GET,http://localhost/api/cicd/status/40665,0,6.49,"HTTPConnectionPool(host='localhost', port=80): Max retries exceeded with url: /api/cicd/status/40665 (Caused by NewConnectionError(""HTTPConnection(host='localhost', port=80): Failed to establish a new connection: [Errno 111] Connection refused""))"
2026-09-09T20:52:33.594694,1786374210148,GET,http://localhost/api/cicd/status/40665,0,14.7,"HTTPConnectionPool(host='localhost', port=80): Max retries exceeded with url: /api/cicd/status/40665 (Caused by NewConnectionError(""HTTPConnection(host='localhost', port=80): Failed to establish a new connection: [Errno 111] Connection refused""))"
2026-09-09T20:52:33.705507,1786373852673,POST,http://localhost/api/cicd/execute,0,9.84,"HTTPConnectionPool(host='localhost', port=80): Max retries exceeded with url: /api/cicd/execute (Caused by NewConnectionError(""HTTPConnection(host='localhost', port=80): Failed to establish a new connection: [Errno 111] Connection refused""))"
2026-09-09T20:52:33.706067,1786374210148,GET,http://localhost/api/cicd/status/40665,0,15.03,"HTTPConnectionPool(host='localhost', port=80): Max retries exceeded with url: /api/cicd/status/40665 (Caused by NewConnectionError(""HTTPConnection(host='localhost', port=80): Failed to establish a new connection: [Errno 111] Connection refused""))"
2026-09-09T20:52:33.706414,1786373852673,POST,http://localhost/api/cicd/execute,0,11.94,"HTTPConnectionPool(host='localhost', port=80): Max retries exceeded with url: /api/cicd/execute (Caused by NewConnectionError(""HTTPConnection(host='localhost', port=80): Failed to establish a new connection: [Errno 111] Connection refused""))"
2026-09-09T20:52:33.706883,1786374210148,GET,http://localhost/api/cicd/status/40665,0,13.52,"HTTPConnectionPool(host='localhost', port=80): Max retries exceeded with url: /api/cicd/status/40665 (Caused by NewConnectionError(""HTTPConnection(host='localhost', port=80): Failed to establish a new connection: [Errno 111] Connection refused""))"
2026-09-09T20:52:33.707703,1786373852673,POST,http://localhost/api/cicd/execute,0,15.51,"HTTPConnectionPool(host='localhost', port=80): Max retries exceeded with url: /api/cicd/execute (Caused by NewConnectionError(""HTTPConnection(host='localhost', port=80): Failed to establish a new connection: [Errno 111] Connection refused""))"
2026-09-09T20:52:33.707925,1786373852673,POST,http://localhost/api/cicd/execute,0,5.12,"HTTPConnectionPool(host='localhost', port=80): Max retries exceeded with url: /api/cicd/execute (Caused by NewConnectionError(""HTTPConnection(host='localhost', port=80): Failed to establish a new connection: [Errno 111] Connection refused""))"
2026-09-09T20:52:33.708171,1786374210148,GET,http://localhost/api/cicd/status/40665,0,11.1,"HTTPConnectionPool(host='localhost', port=80): Max retries exceeded with url: /api/cicd/status/40665 (Caused by NewConnectionError(""HTTPConnection(host='localhost', port=80): Failed to establish a new connection: [Errno 111] Connection refused""))"
2026-09-09T20:52:33.708545,1786373852673,POST,http://localhost/api/cicd/execute,0,7.17,"HTTPConnectionPool(host='localhost', port=80): Max retries exceeded with url: /api/cicd/execute (Caused by NewConnectionError(""HTTPConnection(host='localhost', port=80): Failed to establish a new connection: [Errno 111] Connection refused""))"
2026-09-09T20:52:33.708833,1786374210148,GET,http://localhost/api/cicd/status/40665,0,8.58,"HTTPConnectionPool(host='localhost', port=80): Max retries exceeded with url: /api/cicd/status/40665 (Caused by NewConnectionError(""HTTPConnection(host='localhost', port=80): Failed to establish a new connection: [Errno 111] Connection refused""))"
2026-09-09T20:52:33.709051,1786373852673,POST,http://localhost/api/cicd/execute,0,10.87,"HTTPConnectionPool(host='localhost', port=80): Max retries exceeded with url: /api/cicd/execute (Caused by NewConnectionError(""HTTPConnection(host='localhost', port=80): Failed to establish a new connection: [Errno 111] Connection refused""))"
2026-09-09T20:52:33.820809,1786374210148,GET,http://localhost/api/cicd/status/40665,0,12.34,"HTTPConnectionPool(host='localhost', port=80): Max retries exceeded with url: /api/cicd/status/40665 (Caused by NewConnectionError(""HTTPConnection(host='localhost', port=80): Failed to establish a new connection: [Errno 111] Connection refused""))"
2026-09-09T20:52:33.821950,1786374210148,GET,http://localhost/api/cicd/status/40665,0,16.23,"HTTPConnectionPool(host='localhost', port=80): Max retries exceeded with url: /api/cicd/status/40665 (Caused by NewConnectionError(""HTTPConnection(host='localhost', port=80): Failed to establish a new connection: [Errno 111] Connection refused""))"
2026-09-09T20:52:33.823767,1786373852673,POST,http://localhost/api/cicd/execute,0,11.67,"HTTPConnectionPool(host='localhost', port=80): Max retries exceeded with url: /api/cicd/execute (Caused by NewConnectionError(""HTTPConnection(host='localhost', port=80): Failed to establish a new connection: [Errno 111] Connection refused""))"
2026-09-09T20:52:33.824113,1786374210148,GET,http://localhost/api/cicd/status/40665,0,13.26,"HTTPConnectionPool(host='localhost', port=80): Max retries exceeded with url: /api/cicd/status/40665 (Caused by NewConnectionError(""HTTPConnection(host='localhost', port=80): Failed to establish a new connection: [Errno 111] Connection refused""))"
2026-09-09T20:52:33.825494,1786373852673,POST,http://localhost/api/cicd/execute,0,18.24,"HTTPConnectionPool(host='localhost', port=80): Max retries exceeded with url: /api/cicd/execute (Caused by NewConnectionError(""HTTPConnection(host='localhost', port=80): Failed to establish a new connection: [Errno 111] Connection refused""))"
2026-09-09T20:52:33.825883,1786373852673,POST,http://localhost/api/cicd/execute,0,16.31,"HTTPConnectionPool(host='localhost', port=80): Max retries exceeded with url: /api/cicd/execute (Caused by NewConnectionError(""HTTPConnection(host='localhost', port=80): Failed to establish a new connection: [Errno 111] Connection refused""))"
2026-09-09T20:52:33.827061,1786374210148,GET,http://localhost/api/cicd/status/40665,0,8.73,"HTTPConnectionPool(host='localhost', port=80): Max retries exceeded with url: /api/cicd/status/40665 (Caused by NewConnectionError(""HTTPConnection(host='localhost', port=80): Failed to establish a new connection: [Errno 111] Connection refused""))"
2026-09-09T20:52:33.827507,1786373852673,POST,http://localhost/api/cicd/execute,0,14.09,"HTTPConnectionPool(host='localhost', port=80): Max retries exceeded with url: /api/cicd/execute (Caused by NewConnectionError(""HTTPConnection(host='localhost', port=80): Failed to establish a new connection: [Errno 111] Connection refused""))"
2026-09-09T20:52:33.827969,1786374210148,GET,http://localhost/api/cicd/status/40665,0,5.48,"HTTPConnectionPool(host='localhost', port=80): Max retries exceeded with url: /api/cicd/status/40665 (Caused by NewConnectionError(""HTTPConnection(host='localhost', port=80): Failed to establish a new connection: [Errno 111] Connection refused""))"
2026-09-09T20:52:33.828314,1786374210148,GET,http://localhost/api/cicd/status/40665,0,13.66,"HTTPConnectionPool(host='localhost', port=80): Max retries exceeded with url: /api/cicd/status/40665 (Caused by NewConnectionError(""HTTPConnection(host='localhost', port=80): Failed to establish a new connection: [Errno 111] Connection refused""))"
2026-09-09T20:52:33.928359,1786373852673,POST,http://localhost/api/cicd/execute,0,5.9,"HTTPConnectionPool(host='localhost', port=80): Max retries exceeded with url: /api/cicd/execute (Caused by NewConnectionError(""HTTPConnection(host='localhost', port=80): Failed to establish a new connection: [Errno 111] Connection refused""))"
2026-09-09T20:52:33.933086,1786373852673,POST,http://localhost/api/cicd/execute,0,12.06,"HTTPConnectionPool(host='localhost', port=80): Max retries exceeded with url: /api/cicd/execute (Caused by NewConnectionError(""HTTPConnection(host='localhost', port=80): Failed to establish a new connection: [Errno 111] Connection refused""))"
2026-09-09T20:52:33.935066,1786374210148,GET,http://localhost/api/cicd/status/40665,0,11.11,"HTTPConnectionPool(host='localhost', port=80): Max retries exceeded with url: /api/cicd/status/40665 (Caused by NewConnectionError(""HTTPConnection(host='localhost', port=80): Failed to establish a new connection: [Errno 111] Connection refused""))"
2026-09-09T20:52:33.935362,1786374210148,GET,http://localhost/api/cicd/status/40665,0,7.87,"HTTPConnectionPool(host='localhost', port=80): Max retries exceeded with url: /api/cicd/status/40665 (Caused by NewConnectionError(""HTTPConnection(host='localhost', port=80): Failed to establish a new connection: [Errno 111] Connection refused""))"
2026-09-09T20:52:33.935630,1786374210148,GET,http://localhost/api/cicd/status/40665,0,9.18,"HTTPConnectionPool(host='localhost', port=80): Max retries exceeded with url: /api/cicd/status/40665 (Caused by NewConnectionError(""HTTPConnection(host='localhost', port=80): Failed to establish a new connection: [Errno 111] Connection refused""))"
2026-09-09T20:52:33.936162,1786373852673,POST,http://localhost/api/cicd/execute,0,10.98,"HTTPConnectionPool(host='localhost', port=80): Max retries exceeded with url: /api/cicd/execute (Caused by NewConnectionError(""HTTPConnection(host='localhost', port=80): Failed to establish a new connection: [Errno 111] Connection refused""))"
2026-09-09T20:52:33.936499,1786374210148,GET,http://localhost/api/cicd/status/40665,0,6.87,"HTTPConnectionPool(host='localhost', port=80): Max retries exceeded with url: /api/cicd/status/40665 (Caused by NewConnectionError(""HTTPConnection(host='localhost', port=80): Failed to establish a new connection: [Errno 111] Connection refused""))"
2026-09-09T20:52:33.936811,1786373852673,POST,http://localhost/api/cicd/execute,0,5.54,"HTTPConnectionPool(host='localhost', port=80): Max retries exceeded with url: /api/cicd/execute (Caused by NewConnectionError(""HTTPConnection(host='localhost', port=80): Failed to establish a new connection: [Errno 111] Connection refused""))"
2026-09-09T20:52:33.937005,1786373852673,POST,http://localhost/api/cicd/execute,0,3.8,"HTTPConnectionPool(host='localhost', port=80): Max retries exceeded with url: /api/cicd/execute (Caused by NewConnectionError(""HTTPConnection(host='localhost', port=80): Failed to establish a new connection: [Errno 111] Connection refused""))"
2026-09-09T20:52:33.937317,1786373852673,POST,http://localhost/api/cicd/execute,0,8.76,"HTTPConnectionPool(host='localhost', port=80): Max retries exceeded with url: /api/cicd/execute (Caused by NewConnectionError(""HTTPConnection(host='localhost', port=80): Failed to establish a new connection: [Errno 111] Connection refused""))"
2026-09-09T20:52:34.030565,1786374210148,GET,http://localhost/api/cicd/status/40665,0,2.04,"HTTPConnectionPool(host='localhost', port=80): Max retries exceeded with url: /api/cicd/status/40665 (Caused by NewConnectionError(""HTTPConnection(host='localhost', port=80): Failed to establish a new connection: [Errno 111] Connection refused""))"
2026-09-09T20:52:34.034810,1786374210148,GET,http://localhost/api/cicd/status/40665,0,1.55,"HTTPConnectionPool(host='localhost', port=80): Max retries exceeded with url: /api/cicd/status/40665 (Caused by NewConnectionError(""HTTPConnection(host='localhost', port=80): Failed to establish a new connection: [Errno 111] Connection refused""))"
2026-09-09T20:52:34.044846,1786374210148,GET,http://localhost/api/cicd/status/40665,0,3.46,"HTTPConnectionPool(host='localhost', port=80): Max retries exceeded with url: /api/cicd/status/40665 (Caused by NewConnectionError(""HTTPConnection(host='localhost', port=80): Failed to establish a new connection: [Errno 111] Connection refused""))"
2026-09-09T20:52:34.046115,1786373852673,POST,http://localhost/api/cicd/execute,0,9.0,"HTTPConnectionPool(host='localhost', port=80): Max retries exceeded with url: /api/cicd/execute (Caused by NewConnectionError(""HTTPConnection(host='localhost', port=80): Failed to establish a new connection: [Errno 111] Connection refused""))"
2026-09-09T20:52:34.046321,1786374210148,GET,http://localhost/api/cicd/status/40665,0,5.94,"HTTPConnectionPool(host='localhost', port=80): Max retries exceeded with url: /api/cicd/status/40665 (Caused by NewConnectionError(""HTTPConnection(host='localhost', port=80): Failed to establish a new connection: [Errno 111] Connection refused""))"
2026-09-09T20:52:34.046527,1786373852673,POST,http://localhost/api/cicd/execute,0,11.3,"HTTPConnectionPool(host='localhost', port=80): Max retries exceeded with url: /api/cicd/execute (Caused by NewConnectionError(""HTTPConnection(host='localhost', port=80): Failed to establish a new connection: [Errno 111] Connection refused""))"
2026-09-09T20:52:34.046764,1786374210148,GET,http://localhost/api/cicd/status/40665,0,4.31,"HTTPConnectionPool(host='localhost', port=80): Max retries exceeded with url: /api/cicd/status/40665 (Caused by NewConnectionError(""HTTPConnection(host='localhost', port=80): Failed to establish a new connection: [Errno 111] Connection refused""))"
2026-09-09T20:52:34.047314,1786373852673,POST,http://localhost/api/cicd/execute,0,10.93,"HTTPConnectionPool(host='localhost', port=80): Max retries exceeded with url: /api/cicd/execute (Caused by NewConnectionError(""HTTPConnection(host='localhost', port=80): Failed to establish a new connection: [Errno 111] Connection refused""))"
2026-09-09T20:52:34.047631,1786373852673,POST,http://localhost/api/cicd/execute,0,8.33,"HTTPConnectionPool(host='localhost', port=80): Max retries exceeded with url: /api/cicd/execute (Caused by NewConnectionError(""HTTPConnection(host='localhost', port=80): Failed to establish a new connection: [Errno 111] Connection refused""))"
2026-09-09T20:52:34.047900,1786374210148,GET,http://localhost/api/cicd/status/40665,0,9.69,"HTTPConnectionPool(host='localhost', port=80): Max retries exceeded with url: /api/cicd/status/40665 (Caused by NewConnectionError(""HTTPConnection(host='localhost', port=80): Failed to establish a new connection: [Errno 111] Connection refused""))"
2026-09-09T20:52:34.133114,1786373852673,POST,http://localhost/api/cicd/execute,0,2.33,"HTTPConnectionPool(host='localhost', port=80): Max retries exceeded with url: /api/cicd/execute (Caused by NewConnectionError(""HTTPConnection(host='localhost', port=80): Failed to establish a new connection: [Errno 111] Connection refused""))"
2026-09-09T20:52:34.136580,1786373852673,POST,http://localhost/api/cicd/execute,0,1.59,"HTTPConnectionPool(host='localhost', port=80): Max retries exceeded with url: /api/cicd/execute (Caused by NewConnectionError(""HTTPConnection(host='localhost', port=80): Failed to establish a new connection: [Errno 111] Connection refused""))"
2026-09-09T20:52:34.155644,1786373852673,POST,http://localhost/api/cicd/execute,0,10.62,"HTTPConnectionPool(host='localhost', port=80): Max retries exceeded with url: /api/cicd/execute (Caused by NewConnectionError(""HTTPConnection(host='localhost', port=80): Failed to establish a new connection: [Errno 111] Connection refused""))"
2026-09-09T20:52:34.155998,1786374210148,GET,http://localhost/api/cicd/status/40665,0,8.62,"HTTPConnectionPool(host='localhost', port=80): Max retries exceeded with url: /api/cicd/status/40665 (Caused by NewConnectionError(""HTTPConnection(host='localhost', port=80): Failed to establish a new connection: [Errno 111] Connection refused""))"
2026-09-09T20:52:34.156309,1786374210148,GET,http://localhost/api/cicd/status/40665,0,5.36,"HTTPConnectionPool(host='localhost', port=80): Max retries exceeded with url: /api/cicd/status/40665 (Caused by NewConnectionError(""HTTPConnection(host='localhost', port=80): Failed to establish a new connection: [Errno 111] Connection refused""))"
2026-09-09T20:52:34.156699,1786373852673,POST,http://localhost/api/cicd/execute,0,7.15,"HTTPConnectionPool(host='localhost', port=80): Max retries exceeded with url: /api/cicd/execute (Caused by NewConnectionError(""HTTPConnection(host='localhost', port=80): Failed to establish a new connection: [Errno 111] Connection refused""))"
2026-09-09T20:52:34.156950,1786374210148,GET,http://localhost/api/cicd/status/40665,0,4.94,"HTTPConnectionPool(host='localhost', port=80): Max retries exceeded with url: /api/cicd/status/40665 (Caused by NewConnectionError(""HTTPConnection(host='localhost', port=80): Failed to establish a new connection: [Errno 111] Connection refused""))"
2026-09-09T20:52:34.157180,1786374210148,GET,http://localhost/api/cicd/status/40665,0,10.87,"HTTPConnectionPool(host='localhost', port=80): Max retries exceeded with url: /api/cicd/status/40665 (Caused by NewConnectionError(""HTTPConnection(host='localhost', port=80): Failed to establish a new connection: [Errno 111] Connection refused""))"
2026-09-09T20:52:34.157429,1786373852673,POST,http://localhost/api/cicd/execute,0,8.98,"HTTPConnectionPool(host='localhost', port=80): Max retries exceeded with url: /api/cicd/execute (Caused by NewConnectionError(""HTTPConnection(host='localhost', port=80): Failed to establish a new connection: [Errno 111] Connection refused""))"
2026-09-09T20:52:34.158263,1786373852673,POST,http://localhost/api/cicd/execute,0,4.74,"HTTPConnectionPool(host='localhost', port=80): Max retries exceeded with url: /api/cicd/execute (Caused by NewConnectionError(""HTTPConnection(host='localhost', port=80): Failed to establish a new connection: [Errno 111] Connection refused""))"
2026-09-09T20:52:34.235368,1786374210148,GET,http://localhost/api/cicd/status/40665,0,2.07,"HTTPConnectionPool(host='localhost', port=80): Max retries exceeded with url: /api/cicd/status/40665 (Caused by NewConnectionError(""HTTPConnection(host='localhost', port=80): Failed to establish a new connection: [Errno 111] Connection refused""))"
2026-09-09T20:52:34.238323,1786374210148,GET,http://localhost/api/cicd/status/40665,0,1.57,"HTTPConnectionPool(host='localhost', port=80): Max retries exceeded with url: /api/cicd/status/40665 (Caused by NewConnectionError(""HTTPConnection(host='localhost', port=80): Failed to establish a new connection: [Errno 111] Connection refused""))"
2026-09-09T20:52:34.265516,1786373852673,POST,http://localhost/api/cicd/execute,0,7.6,"HTTPConnectionPool(host='localhost', port=80): Max retries exceeded with url: /api/cicd/execute (Caused by NewConnectionError(""HTTPConnection(host='localhost', port=80): Failed to establish a new connection: [Errno 111] Connection refused""))"
2026-09-09T20:52:34.266500,1786374210148,GET,http://localhost/api/cicd/status/40665,0,10.68,"HTTPConnectionPool(host='localhost', port=80): Max retries exceeded with url: /api/cicd/status/40665 (Caused by NewConnectionError(""HTTPConnection(host='localhost', port=80): Failed to establish a new connection: [Errno 111] Connection refused""))"
2026-09-09T20:52:34.267067,1786374210148,GET,http://localhost/api/cicd/status/40665,0,10.2,"HTTPConnectionPool(host='localhost', port=80): Max retries exceeded with url: /api/cicd/status/40665 (Caused by NewConnectionError(""HTTPConnection(host='localhost', port=80): Failed to establish a new connection: [Errno 111] Connection refused""))"
2026-09-09T20:52:34.267546,1786374210148,GET,http://localhost/api/cicd/status/40665,0,4.95,"HTTPConnectionPool(host='localhost', port=80): Max retries exceeded with url: /api/cicd/status/40665 (Caused by NewConnectionError(""HTTPConnection(host='localhost', port=80): Failed to establish a new connection: [Errno 111] Connection refused""))"
2026-09-09T20:52:34.267748,1786373852673,POST,http://localhost/api/cicd/execute,0,4.1,"HTTPConnectionPool(host='localhost', port=80): Max retries exceeded with url: /api/cicd/execute (Caused by NewConnectionError(""HTTPConnection(host='localhost', port=80): Failed to establish a new connection: [Errno 111] Connection refused""))"
2026-09-09T20:52:34.267950,1786374210148,GET,http://localhost/api/cicd/status/40665,0,6.54,"HTTPConnectionPool(host='localhost', port=80): Max retries exceeded with url: /api/cicd/status/40665 (Caused by NewConnectionError(""HTTPConnection(host='localhost', port=80): Failed to establish a new connection: [Errno 111] Connection refused""))"
2026-09-09T20:52:34.268175,1786373852673,POST,http://localhost/api/cicd/execute,0,7.88,"HTTPConnectionPool(host='localhost', port=80): Max retries exceeded with url: /api/cicd/execute (Caused by NewConnectionError(""HTTPConnection(host='localhost', port=80): Failed to establish a new connection: [Errno 111] Connection refused""))"
2026-09-09T20:52:34.268681,1786373852673,POST,http://localhost/api/cicd/execute,0,9.67,"HTTPConnectionPool(host='localhost', port=80): Max retries exceeded with url: /api/cicd/execute (Caused by NewConnectionError(""HTTPConnection(host='localhost', port=80): Failed to establish a new connection: [Errno 111] Connection refused""))"
2026-09-09T20:52:34.337667,1786373852673,POST,http://localhost/api/cicd/execute,0,2.1,"HTTPConnectionPool(host='localhost', port=80): Max retries exceeded with url: /api/cicd/execute (Caused by NewConnectionError(""HTTPConnection(host='localhost', port=80): Failed to establish a new connection: [Errno 111] Connection refused""))"
2026-09-09T20:52:34.340100,1786373852673,POST,http://localhost/api/cicd/execute,0,1.58,"HTTPConnectionPool(host='localhost', port=80): Max retries exceeded with url: /api/cicd/execute (Caused by NewConnectionError(""HTTPConnection(host='localhost', port=80): Failed to establish a new connection: [Errno 111] Connection refused""))"
2026-09-09T20:52:34.377207,1786374210148,GET,http://localhost/api/cicd/status/40665,0,11.52,"HTTPConnectionPool(host='localhost', port=80): Max retries exceeded with url: /api/cicd/status/40665 (Caused by NewConnectionError(""HTTPConnection(host='localhost', port=80): Failed to establish a new connection: [Errno 111] Connection refused""))"
2026-09-09T20:52:34.377453,1786373852673,POST,http://localhost/api/cicd/execute,0,7.27,"HTTPConnectionPool(host='localhost', port=80): Max retries exceeded with url: /api/cicd/execute (Caused by NewConnectionError(""HTTPConnection(host='localhost', port=80): Failed to establish a new connection: [Errno 111] Connection refused""))"
2026-09-09T20:52:34.377996,1786374210148,GET,http://localhost/api/cicd/status/40665,0,3.61,"HTTPConnectionPool(host='localhost', port=80): Max retries exceeded with url: /api/cicd/status/40665 (Caused by NewConnectionError(""HTTPConnection(host='localhost', port=80): Failed to establish a new connection: [Errno 111] Connection refused""))"
2026-09-09T20:52:34.378285,1786373852673,POST,http://localhost/api/cicd/execute,0,10.91,"HTTPConnectionPool(host='localhost', port=80): Max retries exceeded with url: /api/cicd/execute (Caused by NewConnectionError(""HTTPConnection(host='localhost', port=80): Failed to establish a new connection: [Errno 111] Connection refused""))"
2026-09-09T20:52:34.378528,1786374210148,GET,http://localhost/api/cicd/status/40665,0,6.21,"HTTPConnectionPool(host='localhost', port=80): Max retries exceeded with url: /api/cicd/status/40665 (Caused by NewConnectionError(""HTTPConnection(host='localhost', port=80): Failed to establish a new connection: [Errno 111] Connection refused""))"
2026-09-09T20:52:34.378822,1786373852673,POST,http://localhost/api/cicd/execute,0,7.59,"HTTPConnectionPool(host='localhost', port=80): Max retries exceeded with url: /api/cicd/execute (Caused by NewConnectionError(""HTTPConnection(host='localhost', port=80): Failed to establish a new connection: [Errno 111] Connection refused""))"
2026-09-09T20:52:34.379059,1786374210148,GET,http://localhost/api/cicd/status/40665,0,5.73,"HTTPConnectionPool(host='localhost', port=80): Max retries exceeded with url: /api/cicd/status/40665 (Caused by NewConnectionError(""HTTPConnection(host='localhost', port=80): Failed to establish a new connection: [Errno 111] Connection refused""))"
2026-09-09T20:52:34.379341,1786373852673,POST,http://localhost/api/cicd/execute,0,10.33,"HTTPConnectionPool(host='localhost', port=80): Max retries exceeded with url: /api/cicd/execute (Caused by NewConnectionError(""HTTPConnection(host='localhost', port=80): Failed to establish a new connection: [Errno 111] Connection refused""))"
2026-09-09T20:52:34.439878,1786374210148,GET,http://localhost/api/cicd/status/40665,0,2.01,"HTTPConnectionPool(host='localhost', port=80): Max retries exceeded with url: /api/cicd/status/40665 (Caused by NewConnectionError(""HTTPConnection(host='localhost', port=80): Failed to establish a new connection: [Errno 111] Connection refused""))"
2026-09-09T20:52:34.441865,1786374210148,GET,http://localhost/api/cicd/status/40665,0,1.57,"HTTPConnectionPool(host='localhost', port=80): Max retries exceeded with url: /api/cicd/status/40665 (Caused by NewConnectionError(""HTTPConnection(host='localhost', port=80): Failed to establish a new connection: [Errno 111] Connection refused""))"
2026-09-09T20:52:34.488277,1786374210148,GET,http://localhost/api/cicd/status/40665,0,9.67,"HTTPConnectionPool(host='localhost', port=80): Max retries exceeded with url: /api/cicd/status/40665 (Caused by NewConnectionError(""HTTPConnection(host='localhost', port=80): Failed to establish a new connection: [Errno 111] Connection refused""))"
2026-09-09T20:52:34.488629,1786374210148,GET,http://localhost/api/cicd/status/40665,0,5.54,"HTTPConnectionPool(host='localhost', port=80): Max retries exceeded with url: /api/cicd/status/40665 (Caused by NewConnectionError(""HTTPConnection(host='localhost', port=80): Failed to establish a new connection: [Errno 111] Connection refused""))"
2026-09-09T20:52:34.489243,1786373852673,POST,http://localhost/api/cicd/execute,0,9.6,"HTTPConnectionPool(host='localhost', port=80): Max retries exceeded with url: /api/cicd/execute (Caused by NewConnectionError(""HTTPConnection(host='localhost', port=80): Failed to establish a new connection: [Errno 111] Connection refused""))"
2026-09-09T20:52:34.489503,1786373852673,POST,http://localhost/api/cicd/execute,0,7.64,"HTTPConnectionPool(host='localhost', port=80): Max retries exceeded with url: /api/cicd/execute (Caused by NewConnectionError(""HTTPConnection(host='localhost', port=80): Failed to establish a new connection: [Errno 111] Connection refused""))"
2026-09-09T20:52:34.489788,1786374210148,GET,http://localhost/api/cicd/status/40665,0,9.04,"HTTPConnectionPool(host='localhost', port=80): Max retries exceeded with url: /api/cicd/status/40665 (Caused by NewConnectionError(""HTTPConnection(host='localhost', port=80): Failed to establish a new connection: [Errno 111] Connection refused""))"
2026-09-09T20:52:34.490054,1786373852673,POST,http://localhost/api/cicd/execute,0,12.69,"HTTPConnectionPool(host='localhost', port=80): Max retries exceeded with url: /api/cicd/execute (Caused by NewConnectionError(""HTTPConnection(host='localhost', port=80): Failed to establish a new connection: [Errno 111] Connection refused""))"
2026-09-09T20:52:34.490263,1786374210148,GET,http://localhost/api/cicd/status/40665,0,5.89,"HTTPConnectionPool(host='localhost', port=80): Max retries exceeded with url: /api/cicd/status/40665 (Caused by NewConnectionError(""HTTPConnection(host='localhost', port=80): Failed to establish a new connection: [Errno 111] Connection refused""))"
2026-09-09T20:52:34.490563,1786373852673,POST,http://localhost/api/cicd/execute,0,4.98,"HTTPConnectionPool(host='localhost', port=80): Max retries exceeded with url: /api/cicd/execute (Caused by NewConnectionError(""HTTPConnection(host='localhost', port=80): Failed to establish a new connection: [Errno 111] Connection refused""))"
2026-09-09T20:52:34.542181,1786373852673,POST,http://localhost/api/cicd/execute,0,2.1,"HTTPConnectionPool(host='localhost', port=80): Max retries exceeded with url: /api/cicd/execute (Caused by NewConnectionError(""HTTPConnection(host='localhost', port=80): Failed to establish a new connection: [Errno 111] Connection refused""))"
2026-09-09T20:52:34.543929,1786373852673,POST,http://localhost/api/cicd/execute,0,1.58,"HTTPConnectionPool(host='localhost', port=80): Max retries exceeded with url: /api/cicd/execute (Caused by NewConnectionError(""HTTPConnection(host='localhost', port=80): Failed to establish a new connection: [Errno 111] Connection refused""))"
2026-09-09T20:52:34.599083,1786373852673,POST,http://localhost/api/cicd/execute,0,3.66,"HTTPConnectionPool(host='localhost', port=80): Max retries exceeded with url: /api/cicd/execute (Caused by NewConnectionError(""HTTPConnection(host='localhost', port=80): Failed to establish a new connection: [Errno 111] Connection refused""))"
2026-09-09T20:52:34.599459,1786373852673,POST,http://localhost/api/cicd/execute,0,10.97,"HTTPConnectionPool(host='localhost', port=80): Max retries exceeded with url: /api/cicd/execute (Caused by NewConnectionError(""HTTPConnection(host='localhost', port=80): Failed to establish a new connection: [Errno 111] Connection refused""))"
2026-09-09T20:52:34.600011,1786373852673,POST,http://localhost/api/cicd/execute,0,6.73,"HTTPConnectionPool(host='localhost', port=80): Max retries exceeded with url: /api/cicd/execute (Caused by NewConnectionError(""HTTPConnection(host='localhost', port=80): Failed to establish a new connection: [Errno 111] Connection refused""))"
2026-09-09T20:52:34.600350,1786374210148,GET,http://localhost/api/cicd/status/40665,0,8.18,"HTTPConnectionPool(host='localhost', port=80): Max retries exceeded with url: /api/cicd/status/40665 (Caused by NewConnectionError(""HTTPConnection(host='localhost', port=80): Failed to establish a new connection: [Errno 111] Connection refused""))"
2026-09-09T20:52:34.600595,1786374210148,GET,http://localhost/api/cicd/status/40665,0,3.53,"HTTPConnectionPool(host='localhost', port=80): Max retries exceeded with url: /api/cicd/status/40665 (Caused by NewConnectionError(""HTTPConnection(host='localhost', port=80): Failed to establish a new connection: [Errno 111] Connection refused""))"
2026-09-09T20:52:34.601400,1786374210148,GET,http://localhost/api/cicd/status/40665,0,7.01,"HTTPConnectionPool(host='localhost', port=80): Max retries exceeded with url: /api/cicd/status/40665 (Caused by NewConnectionError(""HTTPConnection(host='localhost', port=80): Failed to establish a new connection: [Errno 111] Connection refused""))"
2026-09-09T20:52:34.601680,1786373852673,POST,http://localhost/api/cicd/execute,0,11.74,"HTTPConnectionPool(host='localhost', port=80): Max retries exceeded with url: /api/cicd/execute (Caused by NewConnectionError(""HTTPConnection(host='localhost', port=80): Failed to establish a new connection: [Errno 111] Connection refused""))"
2026-09-09T20:52:34.601973,1786374210148,GET,http://localhost/api/cicd/status/40665,0,10.96,"HTTPConnectionPool(host='localhost', port=80): Max retries exceeded with url: /api/cicd/status/40665 (Caused by NewConnectionError(""HTTPConnection(host='localhost', port=80): Failed to establish a new connection: [Errno 111] Connection refused""))"
2026-09-09T20:52:34.645351,1786374210148,GET,http://localhost/api/cicd/status/40665,0,2.96,"HTTPConnectionPool(host='localhost', port=80): Max retries exceeded with url: /api/cicd/status/40665 (Caused by NewConnectionError(""HTTPConnection(host='localhost', port=80): Failed to establish a new connection: [Errno 111] Connection refused""))"
2026-09-09T20:52:34.645887,1786374210148,GET,http://localhost/api/cicd/status/40665,0,1.78,"HTTPConnectionPool(host='localhost', port=80): Max retries exceeded with url: /api/cicd/status/40665 (Caused by NewConnectionError(""HTTPConnection(host='localhost', port=80): Failed to establish a new connection: [Errno 111] Connection refused""))"
2026-09-09T20:52:34.709512,1786374210148,GET,http://localhost/api/cicd/status/40665,0,10.25,"HTTPConnectionPool(host='localhost', port=80): Max retries exceeded with url: /api/cicd/status/40665 (Caused by NewConnectionError(""HTTPConnection(host='localhost', port=80): Failed to establish a new connection: [Errno 111] Connection refused""))"
2026-09-09T20:52:34.710058,1786373852673,POST,http://localhost/api/cicd/execute,0,6.24,"HTTPConnectionPool(host='localhost', port=80): Max retries exceeded with url: /api/cicd/execute (Caused by NewConnectionError(""HTTPConnection(host='localhost', port=80): Failed to establish a new connection: [Errno 111] Connection refused""))"
2026-09-09T20:52:34.710357,1786373852673,POST,http://localhost/api/cicd/execute,0,4.43,"HTTPConnectionPool(host='localhost', port=80): Max retries exceeded with url: /api/cicd/execute (Caused by NewConnectionError(""HTTPConnection(host='localhost', port=80): Failed to establish a new connection: [Errno 111] Connection refused""))"
2026-09-09T20:52:34.710828,1786373852673,POST,http://localhost/api/cicd/execute,0,9.26,"HTTPConnectionPool(host='localhost', port=80): Max retries exceeded with url: /api/cicd/execute (Caused by NewConnectionError(""HTTPConnection(host='localhost', port=80): Failed to establish a new connection: [Errno 111] Connection refused""))"
2026-09-09T20:52:34.711181,1786374210148,GET,http://localhost/api/cicd/status/40665,0,10.66,"HTTPConnectionPool(host='localhost', port=80): Max retries exceeded with url: /api/cicd/status/40665 (Caused by NewConnectionError(""HTTPConnection(host='localhost', port=80): Failed to establish a new connection: [Errno 111] Connection refused""))"
2026-09-09T20:52:34.711561,1786373852673,POST,http://localhost/api/cicd/execute,0,8.91,"HTTPConnectionPool(host='localhost', port=80): Max retries exceeded with url: /api/cicd/execute (Caused by NewConnectionError(""HTTPConnection(host='localhost', port=80): Failed to establish a new connection: [Errno 111] Connection refused""))"
2026-09-09T20:52:34.711756,1786374210148,GET,http://localhost/api/cicd/status/40665,0,4.43,"HTTPConnectionPool(host='localhost', port=80): Max retries exceeded with url: /api/cicd/status/40665 (Caused by NewConnectionError(""HTTPConnection(host='localhost', port=80): Failed to establish a new connection: [Errno 111] Connection refused""))"
2026-09-09T20:52:34.711948,1786374210148,GET,http://localhost/api/cicd/status/40665,0,7.04,"HTTPConnectionPool(host='localhost', port=80): Max retries exceeded with url: /api/cicd/status/40665 (Caused by NewConnectionError(""HTTPConnection(host='localhost', port=80): Failed to establish a new connection: [Errno 111] Connection refused""))"
2026-09-09T20:52:34.748278,1786373852673,POST,http://localhost/api/cicd/execute,0,2.74,"HTTPConnectionPool(host='localhost', port=80): Max retries exceeded with url: /api/cicd/execute (Caused by NewConnectionError(""HTTPConnection(host='localhost', port=80): Failed to establish a new connection: [Errno 111] Connection refused""))"
2026-09-09T20:52:34.749037,1786373852673,POST,http://localhost/api/cicd/execute,0,2.38,"HTTPConnectionPool(host='localhost', port=80): Max retries exceeded with url: /api/cicd/execute (Caused by NewConnectionError(""HTTPConnection(host='localhost', port=80): Failed to establish a new connection: [Errno 111] Connection refused""))"
2026-09-09T20:52:34.820945,1786374210148,GET,http://localhost/api/cicd/status/40665,0,7.77,"HTTPConnectionPool(host='localhost', port=80): Max retries exceeded with url: /api/cicd/status/40665 (Caused by NewConnectionError(""HTTPConnection(host='localhost', port=80): Failed to establish a new connection: [Errno 111] Connection refused""))"
2026-09-09T20:52:34.821489,1786373852673,POST,http://localhost/api/cicd/execute,0,11.8,"HTTPConnectionPool(host='localhost', port=80): Max retries exceeded with url: /api/cicd/execute (Caused by NewConnectionError(""HTTPConnection(host='localhost', port=80): Failed to establish a new connection: [Errno 111] Connection refused""))"
2026-09-09T20:52:34.821840,1786373852673,POST,http://localhost/api/cicd/execute,0,6.49,"HTTPConnectionPool(host='localhost', port=80): Max retries exceeded with url: /api/cicd/execute (Caused by NewConnectionError(""HTTPConnection(host='localhost', port=80): Failed to establish a new connection: [Errno 111] Connection refused""))"
2026-09-09T20:52:34.822243,1786374210148,GET,http://localhost/api/cicd/status/40665,0,10.26,"HTTPConnectionPool(host='localhost', port=80): Max retries exceeded with url: /api/cicd/status/40665 (Caused by NewConnectionError(""HTTPConnection(host='localhost', port=80): Failed to establish a new connection: [Errno 111] Connection refused""))"
2026-09-09T20:52:34.822734,1786374210148,GET,http://localhost/api/cicd/status/40665,0,11.91,"HTTPConnectionPool(host='localhost', port=80): Max retries exceeded with url: /api/cicd/status/40665 (Caused by NewConnectionError(""HTTPConnection(host='localhost', port=80): Failed to establish a new connection: [Errno 111] Connection refused""))"
2026-09-09T20:52:34.823186,1786373852673,POST,http://localhost/api/cicd/execute,0,6.68,"HTTPConnectionPool(host='localhost', port=80): Max retries exceeded with url: /api/cicd/execute (Caused by NewConnectionError(""HTTPConnection(host='localhost', port=80): Failed to establish a new connection: [Errno 111] Connection refused""))"
2026-09-09T20:52:34.823460,1786373852673,POST,http://localhost/api/cicd/execute,0,9.22,"HTTPConnectionPool(host='localhost', port=80): Max retries exceeded with url: /api/cicd/execute (Caused by NewConnectionError(""HTTPConnection(host='localhost', port=80): Failed to establish a new connection: [Errno 111] Connection refused""))"
2026-09-09T20:52:34.823721,1786374210148,GET,http://localhost/api/cicd/status/40665,0,5.34,"HTTPConnectionPool(host='localhost', port=80): Max retries exceeded with url: /api/cicd/status/40665 (Caused by NewConnectionError(""HTTPConnection(host='localhost', port=80): Failed to establish a new connection: [Errno 111] Connection refused""))"
2026-09-09T20:52:34.851280,1786374210148,GET,http://localhost/api/cicd/status/40665,0,2.83,"HTTPConnectionPool(host='localhost', port=80): Max retries exceeded with url: /api/cicd/status/40665 (Caused by NewConnectionError(""HTTPConnection(host='localhost', port=80): Failed to establish a new connection: [Errno 111] Connection refused""))"
2026-09-09T20:52:34.851604,1786374210148,GET,http://localhost/api/cicd/status/40665,0,1.99,"HTTPConnectionPool(host='localhost', port=80): Max retries exceeded with url: /api/cicd/status/40665 (Caused by NewConnectionError(""HTTPConnection(host='localhost', port=80): Failed to establish a new connection: [Errno 111] Connection refused""))"
2026-09-09T20:52:34.935455,1786374210148,GET,http://localhost/api/cicd/status/40665,0,11.89,"HTTPConnectionPool(host='localhost', port=80): Max retries exceeded with url: /api/cicd/status/40665 (Caused by NewConnectionError(""HTTPConnection(host='localhost', port=80): Failed to establish a new connection: [Errno 111] Connection refused""))"
2026-09-09T20:52:34.936566,1786373852673,POST,http://localhost/api/cicd/execute,0,10.78,"HTTPConnectionPool(host='localhost', port=80): Max retries exceeded with url: /api/cicd/execute (Caused by NewConnectionError(""HTTPConnection(host='localhost', port=80): Failed to establish a new connection: [Errno 111] Connection refused""))"
2026-09-09T20:52:34.936846,1786374210148,GET,http://localhost/api/cicd/status/40665,0,4.46,"HTTPConnectionPool(host='localhost', port=80): Max retries exceeded with url: /api/cicd/status/40665 (Caused by NewConnectionError(""HTTPConnection(host='localhost', port=80): Failed to establish a new connection: [Errno 111] Connection refused""))"
2026-09-09T20:52:34.937271,1786374210148,GET,http://localhost/api/cicd/status/40665,0,12.65,"HTTPConnectionPool(host='localhost', port=80): Max retries exceeded with url: /api/cicd/status/40665 (Caused by NewConnectionError(""HTTPConnection(host='localhost', port=80): Failed to establish a new connection: [Errno 111] Connection refused""))"
2026-09-09T20:52:34.937535,1786373852673,POST,http://localhost/api/cicd/execute,0,16.36,"HTTPConnectionPool(host='localhost', port=80): Max retries exceeded with url: /api/cicd/execute (Caused by NewConnectionError(""HTTPConnection(host='localhost', port=80): Failed to establish a new connection: [Errno 111] Connection refused""))"
2026-09-09T20:52:34.937806,1786373852673,POST,http://localhost/api/cicd/execute,0,15.39,"HTTPConnectionPool(host='localhost', port=80): Max retries exceeded with url: /api/cicd/execute (Caused by NewConnectionError(""HTTPConnection(host='localhost', port=80): Failed to establish a new connection: [Errno 111] Connection refused""))"
2026-09-09T20:52:34.938261,1786373852673,POST,http://localhost/api/cicd/execute,0,11.24,"HTTPConnectionPool(host='localhost', port=80): Max retries exceeded with url: /api/cicd/execute (Caused by NewConnectionError(""HTTPConnection(host='localhost', port=80): Failed to establish a new connection: [Errno 111] Connection refused""))"
2026-09-09T20:52:34.938540,1786374210148,GET,http://localhost/api/cicd/status/40665,0,4.77,"HTTPConnectionPool(host='localhost', port=80): Max retries exceeded with url: /api/cicd/status/40665 (Caused by NewConnectionError(""HTTPConnection(host='localhost', port=80): Failed to establish a new connection: [Errno 111] Connection refused""))"
2026-09-09T20:52:34.954300,1786373852673,POST,http://localhost/api/cicd/execute,0,2.87,"HTTPConnectionPool(host='localhost', port=80): Max retries exceeded with url: /api/cicd/execute (Caused by NewConnectionError(""HTTPConnection(host='localhost', port=80): Failed to establish a new connection: [Errno 111] Connection refused""))"
2026-09-09T20:52:34.954643,1786373852673,POST,http://localhost/api/cicd/execute,0,2.02,"HTTPConnectionPool(host='localhost', port=80): Max retries exceeded with url: /api/cicd/execute (Caused by NewConnectionError(""HTTPConnection(host='localhost', port=80): Failed to establish a new connection: [Errno 111] Connection refused""))"
2026-09-09T20:52:35.045811,1786373852673,POST,http://localhost/api/cicd/execute,0,10.17,"HTTPConnectionPool(host='localhost', port=80): Max retries exceeded with url: /api/cicd/execute (Caused by NewConnectionError(""HTTPConnection(host='localhost', port=80): Failed to establish a new connection: [Errno 111] Connection refused""))"
2026-09-09T20:52:35.046761,1786373852673,POST,http://localhost/api/cicd/execute,0,8.81,"HTTPConnectionPool(host='localhost', port=80): Max retries exceeded with url: /api/cicd/execute (Caused by NewConnectionError(""HTTPConnection(host='localhost', port=80): Failed to establish a new connection: [Errno 111] Connection refused""))"
2026-09-09T20:52:35.047007,1786374210148,GET,http://localhost/api/cicd/status/40665,0,7.9,"HTTPConnectionPool(host='localhost', port=80): Max retries exceeded with url: /api/cicd/status/40665 (Caused by NewConnectionError(""HTTPConnection(host='localhost', port=80): Failed to establish a new connection: [Errno 111] Connection refused""))"
2026-09-09T20:52:35.048000,1786373852673,POST,http://localhost/api/cicd/execute,0,6.68,"HTTPConnectionPool(host='localhost', port=80): Max retries exceeded with url: /api/cicd/execute (Caused by NewConnectionError(""HTTPConnection(host='localhost', port=80): Failed to establish a new connection: [Errno 111] Connection refused""))"
2026-09-09T20:52:35.048443,1786374210148,GET,http://localhost/api/cicd/status/40665,0,11.7,"HTTPConnectionPool(host='localhost', port=80): Max retries exceeded with url: /api/cicd/status/40665 (Caused by NewConnectionError(""HTTPConnection(host='localhost', port=80): Failed to establish a new connection: [Errno 111] Connection refused""))"
2026-09-09T20:52:35.048803,1786373852673,POST,http://localhost/api/cicd/execute,0,6.4,"HTTPConnectionPool(host='localhost', port=80): Max retries exceeded with url: /api/cicd/execute (Caused by NewConnectionError(""HTTPConnection(host='localhost', port=80): Failed to establish a new connection: [Errno 111] Connection refused""))"
2026-09-09T20:52:35.049043,1786374210148,GET,http://localhost/api/cicd/status/40665,0,8.85,"HTTPConnectionPool(host='localhost', port=80): Max retries exceeded with url: /api/cicd/status/40665 (Caused by NewConnectionError(""HTTPConnection(host='localhost', port=80): Failed to establish a new connection: [Errno 111] Connection refused""))"
2026-09-09T20:52:35.049613,1786374210148,GET,http://localhost/api/cicd/status/40665,0,5.56,"HTTPConnectionPool(host='localhost', port=80): Max retries exceeded with url: /api/cicd/status/40665 (Caused by NewConnectionError(""HTTPConnection(host='localhost', port=80): Failed to establish a new connection: [Errno 111] Connection refused""))"
2026-09-09T20:52:35.057226,1786374210148,GET,http://localhost/api/cicd/status/40665,0,2.79,"HTTPConnectionPool(host='localhost', port=80): Max retries exceeded with url: /api/cicd/status/40665 (Caused by NewConnectionError(""HTTPConnection(host='localhost', port=80): Failed to establish a new connection: [Errno 111] Connection refused""))"
2026-09-09T20:52:35.057570,1786374210148,GET,http://localhost/api/cicd/status/40665,0,2.04,"HTTPConnectionPool(host='localhost', port=80): Max retries exceeded with url: /api/cicd/status/40665 (Caused by NewConnectionError(""HTTPConnection(host='localhost', port=80): Failed to establish a new connection: [Errno 111] Connection refused""))"
2026-09-09T20:52:35.156498,1786373852673,POST,http://localhost/api/cicd/execute,0,2.41,"HTTPConnectionPool(host='localhost', port=80): Max retries exceeded with url: /api/cicd/execute (Caused by NewConnectionError(""HTTPConnection(host='localhost', port=80): Failed to establish a new connection: [Errno 111] Connection refused""))"
2026-09-09T20:52:35.156894,1786373852673,POST,http://localhost/api/cicd/execute,0,3.96,"HTTPConnectionPool(host='localhost', port=80): Max retries exceeded with url: /api/cicd/execute (Caused by NewConnectionError(""HTTPConnection(host='localhost', port=80): Failed to establish a new connection: [Errno 111] Connection refused""))"
2026-09-09T20:52:35.157251,1786374210148,GET,http://localhost/api/cicd/status/40665,0,6.68,"HTTPConnectionPool(host='localhost', port=80): Max retries exceeded with url: /api/cicd/status/40665 (Caused by NewConnectionError(""HTTPConnection(host='localhost', port=80): Failed to establish a new connection: [Errno 111] Connection refused""))"
2026-09-09T20:52:35.158087,1786374210148,GET,http://localhost/api/cicd/status/40665,0,10.96,"HTTPConnectionPool(host='localhost', port=80): Max retries exceeded with url: /api/cicd/status/40665 (Caused by NewConnectionError(""HTTPConnection(host='localhost', port=80): Failed to establish a new connection: [Errno 111] Connection refused""))"
2026-09-09T20:52:35.160918,1786374210148,GET,http://localhost/api/cicd/status/40665,0,14.92,"HTTPConnectionPool(host='localhost', port=80): Max retries exceeded with url: /api/cicd/status/40665 (Caused by NewConnectionError(""HTTPConnection(host='localhost', port=80): Failed to establish a new connection: [Errno 111] Connection refused""))"
2026-09-09T20:52:35.161460,1786373852673,POST,http://localhost/api/cicd/execute,0,12.1,"HTTPConnectionPool(host='localhost', port=80): Max retries exceeded with url: /api/cicd/execute (Caused by NewConnectionError(""HTTPConnection(host='localhost', port=80): Failed to establish a new connection: [Errno 111] Connection refused""))"
2026-09-09T20:52:35.162170,1786374210148,GET,http://localhost/api/cicd/status/40665,0,13.99,"HTTPConnectionPool(host='localhost', port=80): Max retries exceeded with url: /api/cicd/status/40665 (Caused by NewConnectionError(""HTTPConnection(host='localhost', port=80): Failed to establish a new connection: [Errno 111] Connection refused""))"
2026-09-09T20:52:35.163050,1786373852673,POST,http://localhost/api/cicd/execute,0,11.37,"HTTPConnectionPool(host='localhost', port=80): Max retries exceeded with url: /api/cicd/execute (Caused by NewConnectionError(""HTTPConnection(host='localhost', port=80): Failed to establish a new connection: [Errno 111] Connection refused""))"
2026-09-09T20:52:35.163599,1786373852673,POST,http://localhost/api/cicd/execute,0,3.96,"HTTPConnectionPool(host='localhost', port=80): Max retries exceeded with url: /api/cicd/execute (Caused by NewConnectionError(""HTTPConnection(host='localhost', port=80): Failed to establish a new connection: [Errno 111] Connection refused""))"
2026-09-09T20:52:35.163933,1786373852673,POST,http://localhost/api/cicd/execute,0,5.57,"HTTPConnectionPool(host='localhost', port=80): Max retries exceeded with url: /api/cicd/execute (Caused by NewConnectionError(""HTTPConnection(host='localhost', port=80): Failed to establish a new connection: [Errno 111] Connection refused""))"
2026-09-09T20:52:35.269805,1786374210148,GET,http://localhost/api/cicd/status/40665,0,11.98,"HTTPConnectionPool(host='localhost', port=80): Max retries exceeded with url: /api/cicd/status/40665 (Caused by NewConnectionError(""HTTPConnection(host='localhost', port=80): Failed to establish a new connection: [Errno 111] Connection refused""))"
2026-09-09T20:52:35.270327,1786373852673,POST,http://localhost/api/cicd/execute,0,6.45,"HTTPConnectionPool(host='localhost', port=80): Max retries exceeded with url: /api/cicd/execute (Caused by NewConnectionError(""HTTPConnection(host='localhost', port=80): Failed to establish a new connection: [Errno 111] Connection refused""))"
2026-09-09T20:52:35.271495,1786373852673,POST,http://localhost/api/cicd/execute,0,12.51,"HTTPConnectionPool(host='localhost', port=80): Max retries exceeded with url: /api/cicd/execute (Caused by NewConnectionError(""HTTPConnection(host='localhost', port=80): Failed to establish a new connection: [Errno 111] Connection refused""))"
2026-09-09T20:52:35.271918,1786374210148,GET,http://localhost/api/cicd/status/40665,0,15.24,"HTTPConnectionPool(host='localhost', port=80): Max retries exceeded with url: /api/cicd/status/40665 (Caused by NewConnectionError(""HTTPConnection(host='localhost', port=80): Failed to establish a new connection: [Errno 111] Connection refused""))"
2026-09-09T20:52:35.272244,1786374210148,GET,http://localhost/api/cicd/status/40665,0,9.44,"HTTPConnectionPool(host='localhost', port=80): Max retries exceeded with url: /api/cicd/status/40665 (Caused by NewConnectionError(""HTTPConnection(host='localhost', port=80): Failed to establish a new connection: [Errno 111] Connection refused""))"
2026-09-09T20:52:35.272802,1786373852673,POST,http://localhost/api/cicd/execute,0,11.35,"HTTPConnectionPool(host='localhost', port=80): Max retries exceeded with url: /api/cicd/execute (Caused by NewConnectionError(""HTTPConnection(host='localhost', port=80): Failed to establish a new connection: [Errno 111] Connection refused""))"
2026-09-09T20:52:35.273187,1786374210148,GET,http://localhost/api/cicd/status/40665,0,5.58,"HTTPConnectionPool(host='localhost', port=80): Max retries exceeded with url: /api/cicd/status/40665 (Caused by NewConnectionError(""HTTPConnection(host='localhost', port=80): Failed to establish a new connection: [Errno 111] Connection refused""))"
2026-09-09T20:52:35.273559,1786373852673,POST,http://localhost/api/cicd/execute,0,13.33,"HTTPConnectionPool(host='localhost', port=80): Max retries exceeded with url: /api/cicd/execute (Caused by NewConnectionError(""HTTPConnection(host='localhost', port=80): Failed to establish a new connection: [Errno 111] Connection refused""))"
2026-09-09T20:52:35.273776,1786374210148,GET,http://localhost/api/cicd/status/40665,0,8.39,"HTTPConnectionPool(host='localhost', port=80): Max retries exceeded with url: /api/cicd/status/40665 (Caused by NewConnectionError(""HTTPConnection(host='localhost', port=80): Failed to establish a new connection: [Errno 111] Connection refused""))"
2026-09-09T20:52:35.274155,1786374210148,GET,http://localhost/api/cicd/status/40665,0,7.65,"HTTPConnectionPool(host='localhost', port=80): Max retries exceeded with url: /api/cicd/status/40665 (Caused by NewConnectionError(""HTTPConnection(host='localhost', port=80): Failed to establish a new connection: [Errno 111] Connection refused""))"
2026-09-09T20:52:35.383755,1786373852673,POST,http://localhost/api/cicd/execute,0,13.75,"HTTPConnectionPool(host='localhost', port=80): Max retries exceeded with url: /api/cicd/execute (Caused by NewConnectionError(""HTTPConnection(host='localhost', port=80): Failed to establish a new connection: [Errno 111] Connection refused""))"
2026-09-09T20:52:35.384925,1786374210148,GET,http://localhost/api/cicd/status/40665,0,11.27,"HTTPConnectionPool(host='localhost', port=80): Max retries exceeded with url: /api/cicd/status/40665 (Caused by NewConnectionError(""HTTPConnection(host='localhost', port=80): Failed to establish a new connection: [Errno 111] Connection refused""))"
2026-09-09T20:52:35.385362,1786374210148,GET,http://localhost/api/cicd/status/40665,0,14.07,"HTTPConnectionPool(host='localhost', port=80): Max retries exceeded with url: /api/cicd/status/40665 (Caused by NewConnectionError(""HTTPConnection(host='localhost', port=80): Failed to establish a new connection: [Errno 111] Connection refused""))"
2026-09-09T20:52:35.385875,1786373852673,POST,http://localhost/api/cicd/execute,0,13.35,"HTTPConnectionPool(host='localhost', port=80): Max retries exceeded with url: /api/cicd/execute (Caused by NewConnectionError(""HTTPConnection(host='localhost', port=80): Failed to establish a new connection: [Errno 111] Connection refused""))"
2026-09-09T20:52:35.386286,1786374210148,GET,http://localhost/api/cicd/status/40665,0,7.03,"HTTPConnectionPool(host='localhost', port=80): Max retries exceeded with url: /api/cicd/status/40665 (Caused by NewConnectionError(""HTTPConnection(host='localhost', port=80): Failed to establish a new connection: [Errno 111] Connection refused""))"
2026-09-09T20:52:35.386549,1786374210148,GET,http://localhost/api/cicd/status/40665,0,8.36,"HTTPConnectionPool(host='localhost', port=80): Max retries exceeded with url: /api/cicd/status/40665 (Caused by NewConnectionError(""HTTPConnection(host='localhost', port=80): Failed to establish a new connection: [Errno 111] Connection refused""))"
2026-09-09T20:52:35.386875,1786373852673,POST,http://localhost/api/cicd/execute,0,6.46,"HTTPConnectionPool(host='localhost', port=80): Max retries exceeded with url: /api/cicd/execute (Caused by NewConnectionError(""HTTPConnection(host='localhost', port=80): Failed to establish a new connection: [Errno 111] Connection refused""))"
2026-09-09T20:52:35.387255,1786373852673,POST,http://localhost/api/cicd/execute,0,12.49,"HTTPConnectionPool(host='localhost', port=80): Max retries exceeded with url: /api/cicd/execute (Caused by NewConnectionError(""HTTPConnection(host='localhost', port=80): Failed to establish a new connection: [Errno 111] Connection refused""))"
2026-09-09T20:52:35.387677,1786373852673,POST,http://localhost/api/cicd/execute,0,5.22,"HTTPConnectionPool(host='localhost', port=80): Max retries exceeded with url: /api/cicd/execute (Caused by NewConnectionError(""HTTPConnection(host='localhost', port=80): Failed to establish a new connection: [Errno 111] Connection refused""))"
2026-09-09T20:52:35.387986,1786373852673,POST,http://localhost/api/cicd/execute,0,11.04,"HTTPConnectionPool(host='localhost', port=80): Max retries exceeded with url: /api/cicd/execute (Caused by NewConnectionError(""HTTPConnection(host='localhost', port=80): Failed to establish a new connection: [Errno 111] Connection refused""))"
2026-09-09T20:52:35.496592,1786374210148,GET,http://localhost/api/cicd/status/40665,0,12.65,"HTTPConnectionPool(host='localhost', port=80): Max retries exceeded with url: /api/cicd/status/40665 (Caused by NewConnectionError(""HTTPConnection(host='localhost', port=80): Failed to establish a new connection: [Errno 111] Connection refused""))"
2026-09-09T20:52:35.499345,1786374210148,GET,http://localhost/api/cicd/status/40665,0,13.03,"HTTPConnectionPool(host='localhost', port=80): Max retries exceeded with url: /api/cicd/status/40665 (Caused by NewConnectionError(""HTTPConnection(host='localhost', port=80): Failed to establish a new connection: [Errno 111] Connection refused""))"
2026-09-09T20:52:35.499719,1786373852673,POST,http://localhost/api/cicd/execute,0,9.94,"HTTPConnectionPool(host='localhost', port=80): Max retries exceeded with url: /api/cicd/execute (Caused by NewConnectionError(""HTTPConnection(host='localhost', port=80): Failed to establish a new connection: [Errno 111] Connection refused""))"
2026-09-09T20:52:35.500030,1786373852673,POST,http://localhost/api/cicd/execute,0,11.4,"HTTPConnectionPool(host='localhost', port=80): Max retries exceeded with url: /api/cicd/execute (Caused by NewConnectionError(""HTTPConnection(host='localhost', port=80): Failed to establish a new connection: [Errno 111] Connection refused""))"
2026-09-09T20:52:35.500318,1786374210148,GET,http://localhost/api/cicd/status/40665,0,9.3,"HTTPConnectionPool(host='localhost', port=80): Max retries exceeded with url: /api/cicd/status/40665 (Caused by NewConnectionError(""HTTPConnection(host='localhost', port=80): Failed to establish a new connection: [Errno 111] Connection refused""))"
2026-09-09T20:52:35.500570,1786374210148,GET,http://localhost/api/cicd/status/40665,0,13.12,"HTTPConnectionPool(host='localhost', port=80): Max retries exceeded with url: /api/cicd/status/40665 (Caused by NewConnectionError(""HTTPConnection(host='localhost', port=80): Failed to establish a new connection: [Errno 111] Connection refused""))"
2026-09-09T20:52:35.500950,1786374210148,GET,http://localhost/api/cicd/status/40665,0,7.23,"HTTPConnectionPool(host='localhost', port=80): Max retries exceeded with url: /api/cicd/status/40665 (Caused by NewConnectionError(""HTTPConnection(host='localhost', port=80): Failed to establish a new connection: [Errno 111] Connection refused""))"
2026-09-09T20:52:35.501494,1786373852673,POST,http://localhost/api/cicd/execute,0,9.27,"HTTPConnectionPool(host='localhost', port=80): Max retries exceeded with url: /api/cicd/execute (Caused by NewConnectionError(""HTTPConnection(host='localhost', port=80): Failed to establish a new connection: [Errno 111] Connection refused""))"
2026-09-09T20:52:35.501709,1786373852673,POST,http://localhost/api/cicd/execute,0,16.6,"HTTPConnectionPool(host='localhost', port=80): Max retries exceeded with url: /api/cicd/execute (Caused by NewConnectionError(""HTTPConnection(host='localhost', port=80): Failed to establish a new connection: [Errno 111] Connection refused""))"
2026-09-09T20:52:35.502053,1786374210148,GET,http://localhost/api/cicd/status/40665,0,7.15,"HTTPConnectionPool(host='localhost', port=80): Max retries exceeded with url: /api/cicd/status/40665 (Caused by NewConnectionError(""HTTPConnection(host='localhost', port=80): Failed to establish a new connection: [Errno 111] Connection refused""))"
2026-09-09T20:52:35.598664,1786373852673,POST,http://localhost/api/cicd/execute,0,1.89,"HTTPConnectionPool(host='localhost', port=80): Max retries exceeded with url: /api/cicd/execute (Caused by NewConnectionError(""HTTPConnection(host='localhost', port=80): Failed to establish a new connection: [Errno 111] Connection refused""))"
2026-09-09T20:52:35.611839,1786373852673,POST,http://localhost/api/cicd/execute,0,12.35,"HTTPConnectionPool(host='localhost', port=80): Max retries exceeded with url: /api/cicd/execute (Caused by NewConnectionError(""HTTPConnection(host='localhost', port=80): Failed to establish a new connection: [Errno 111] Connection refused""))"
2026-09-09T20:52:35.612708,1786374210148,GET,http://localhost/api/cicd/status/40665,0,10.96,"HTTPConnectionPool(host='localhost', port=80): Max retries exceeded with url: /api/cicd/status/40665 (Caused by NewConnectionError(""HTTPConnection(host='localhost', port=80): Failed to establish a new connection: [Errno 111] Connection refused""))"
2026-09-09T20:52:35.613358,1786374210148,GET,http://localhost/api/cicd/status/40665,0,12.73,"HTTPConnectionPool(host='localhost', port=80): Max retries exceeded with url: /api/cicd/status/40665 (Caused by NewConnectionError(""HTTPConnection(host='localhost', port=80): Failed to establish a new connection: [Errno 111] Connection refused""))"
2026-09-09T20:52:35.613726,1786373852673,POST,http://localhost/api/cicd/execute,0,9.74,"HTTPConnectionPool(host='localhost', port=80): Max retries exceeded with url: /api/cicd/execute (Caused by NewConnectionError(""HTTPConnection(host='localhost', port=80): Failed to establish a new connection: [Errno 111] Connection refused""))"
2026-09-09T20:52:35.614176,1786374210148,GET,http://localhost/api/cicd/status/40665,0,6.19,"HTTPConnectionPool(host='localhost', port=80): Max retries exceeded with url: /api/cicd/status/40665 (Caused by NewConnectionError(""HTTPConnection(host='localhost', port=80): Failed to establish a new connection: [Errno 111] Connection refused""))"
2026-09-09T20:52:35.615062,1786374210148,GET,http://localhost/api/cicd/status/40665,0,5.4,"HTTPConnectionPool(host='localhost', port=80): Max retries exceeded with url: /api/cicd/status/40665 (Caused by NewConnectionError(""HTTPConnection(host='localhost', port=80): Failed to establish a new connection: [Errno 111] Connection refused""))"
2026-09-09T20:52:35.615278,1786373852673,POST,http://localhost/api/cicd/execute,0,8.71,"HTTPConnectionPool(host='localhost', port=80): Max retries exceeded with url: /api/cicd/execute (Caused by NewConnectionError(""HTTPConnection(host='localhost', port=80): Failed to establish a new connection: [Errno 111] Connection refused""))"
2026-09-09T20:52:35.615723,1786373852673,POST,http://localhost/api/cicd/execute,0,12.87,"HTTPConnectionPool(host='localhost', port=80): Max retries exceeded with url: /api/cicd/execute (Caused by NewConnectionError(""HTTPConnection(host='localhost', port=80): Failed to establish a new connection: [Errno 111] Connection refused""))"
2026-09-09T20:52:35.616050,1786373852673,POST,http://localhost/api/cicd/execute,0,10.81,"HTTPConnectionPool(host='localhost', port=80): Max retries exceeded with url: /api/cicd/execute (Caused by NewConnectionError(""HTTPConnection(host='localhost', port=80): Failed to establish a new connection: [Errno 111] Connection refused""))"
2026-09-09T20:52:35.700736,1786374210148,GET,http://localhost/api/cicd/status/40665,0,1.88,"HTTPConnectionPool(host='localhost', port=80): Max retries exceeded with url: /api/cicd/status/40665 (Caused by NewConnectionError(""HTTPConnection(host='localhost', port=80): Failed to establish a new connection: [Errno 111] Connection refused""))"
2026-09-09T20:52:35.723735,1786374210148,GET,http://localhost/api/cicd/status/40665,0,11.72,"HTTPConnectionPool(host='localhost', port=80): Max retries exceeded with url: /api/cicd/status/40665 (Caused by NewConnectionError(""HTTPConnection(host='localhost', port=80): Failed to establish a new connection: [Errno 111] Connection refused""))"
2026-09-09T20:52:35.724272,1786374210148,GET,http://localhost/api/cicd/status/40665,0,8.89,"HTTPConnectionPool(host='localhost', port=80): Max retries exceeded with url: /api/cicd/status/40665 (Caused by NewConnectionError(""HTTPConnection(host='localhost', port=80): Failed to establish a new connection: [Errno 111] Connection refused""))"
2026-09-09T20:52:35.724620,1786373852673,POST,http://localhost/api/cicd/execute,0,10.34,"HTTPConnectionPool(host='localhost', port=80): Max retries exceeded with url: /api/cicd/execute (Caused by NewConnectionError(""HTTPConnection(host='localhost', port=80): Failed to establish a new connection: [Errno 111] Connection refused""))"
2026-09-09T20:52:35.725203,1786374210148,GET,http://localhost/api/cicd/status/40665,0,6.29,"HTTPConnectionPool(host='localhost', port=80): Max retries exceeded with url: /api/cicd/status/40665 (Caused by NewConnectionError(""HTTPConnection(host='localhost', port=80): Failed to establish a new connection: [Errno 111] Connection refused""))"
2026-09-09T20:52:35.725838,1786374210148,GET,http://localhost/api/cicd/status/40665,0,8.01,"HTTPConnectionPool(host='localhost', port=80): Max retries exceeded with url: /api/cicd/status/40665 (Caused by NewConnectionError(""HTTPConnection(host='localhost', port=80): Failed to establish a new connection: [Errno 111] Connection refused""))"
2026-09-09T20:52:35.726114,1786373852673,POST,http://localhost/api/cicd/execute,0,9.55,"HTTPConnectionPool(host='localhost', port=80): Max retries exceeded with url: /api/cicd/execute (Caused by NewConnectionError(""HTTPConnection(host='localhost', port=80): Failed to establish a new connection: [Errno 111] Connection refused""))"
2026-09-09T20:52:35.726506,1786373852673,POST,http://localhost/api/cicd/execute,0,4.75,"HTTPConnectionPool(host='localhost', port=80): Max retries exceeded with url: /api/cicd/execute (Caused by NewConnectionError(""HTTPConnection(host='localhost', port=80): Failed to establish a new connection: [Errno 111] Connection refused""))"
2026-09-09T20:52:35.726770,1786373852673,POST,http://localhost/api/cicd/execute,0,13.73,"HTTPConnectionPool(host='localhost', port=80): Max retries exceeded with url: /api/cicd/execute (Caused by NewConnectionError(""HTTPConnection(host='localhost', port=80): Failed to establish a new connection: [Errno 111] Connection refused""))"
2026-09-09T20:52:35.726976,1786374210148,GET,http://localhost/api/cicd/status/40665,0,6.58,"HTTPConnectionPool(host='localhost', port=80): Max retries exceeded with url: /api/cicd/status/40665 (Caused by NewConnectionError(""HTTPConnection(host='localhost', port=80): Failed to establish a new connection: [Errno 111] Connection refused""))"
2026-09-09T20:52:35.803036,1786373852673,POST,http://localhost/api/cicd/execute,0,2.09,"HTTPConnectionPool(host='localhost', port=80): Max retries exceeded with url: /api/cicd/execute (Caused by NewConnectionError(""HTTPConnection(host='localhost', port=80): Failed to establish a new connection: [Errno 111] Connection refused""))"
2026-09-09T20:52:35.837232,1786374210148,GET,http://localhost/api/cicd/status/40665,0,4.2,"HTTPConnectionPool(host='localhost', port=80): Max retries exceeded with url: /api/cicd/status/40665 (Caused by NewConnectionError(""HTTPConnection(host='localhost', port=80): Failed to establish a new connection: [Errno 111] Connection refused""))"
2026-09-09T20:52:35.837653,1786373852673,POST,http://localhost/api/cicd/execute,0,12.0,"HTTPConnectionPool(host='localhost', port=80): Max retries exceeded with url: /api/cicd/execute (Caused by NewConnectionError(""HTTPConnection(host='localhost', port=80): Failed to establish a new connection: [Errno 111] Connection refused""))"
2026-09-09T20:52:35.837919,1786373852673,POST,http://localhost/api/cicd/execute,0,14.0,"HTTPConnectionPool(host='localhost', port=80): Max retries exceeded with url: /api/cicd/execute (Caused by NewConnectionError(""HTTPConnection(host='localhost', port=80): Failed to establish a new connection: [Errno 111] Connection refused""))"
2026-09-09T20:52:35.838244,1786374210148,GET,http://localhost/api/cicd/status/40665,0,7.56,"HTTPConnectionPool(host='localhost', port=80): Max retries exceeded with url: /api/cicd/status/40665 (Caused by NewConnectionError(""HTTPConnection(host='localhost', port=80): Failed to establish a new connection: [Errno 111] Connection refused""))"
2026-09-09T20:52:35.838493,1786374210148,GET,http://localhost/api/cicd/status/40665,0,11.37,"HTTPConnectionPool(host='localhost', port=80): Max retries exceeded with url: /api/cicd/status/40665 (Caused by NewConnectionError(""HTTPConnection(host='localhost', port=80): Failed to establish a new connection: [Errno 111] Connection refused""))"
2026-09-09T20:52:35.838799,1786373852673,POST,http://localhost/api/cicd/execute,0,10.62,"HTTPConnectionPool(host='localhost', port=80): Max retries exceeded with url: /api/cicd/execute (Caused by NewConnectionError(""HTTPConnection(host='localhost', port=80): Failed to establish a new connection: [Errno 111] Connection refused""))"
2026-09-09T20:52:35.839121,1786373852673,POST,http://localhost/api/cicd/execute,0,4.65,"HTTPConnectionPool(host='localhost', port=80): Max retries exceeded with url: /api/cicd/execute (Caused by NewConnectionError(""HTTPConnection(host='localhost', port=80): Failed to establish a new connection: [Errno 111] Connection refused""))"
2026-09-09T20:52:35.839423,1786373852673,POST,http://localhost/api/cicd/execute,0,9.84,"HTTPConnectionPool(host='localhost', port=80): Max retries exceeded with url: /api/cicd/execute (Caused by NewConnectionError(""HTTPConnection(host='localhost', port=80): Failed to establish a new connection: [Errno 111] Connection refused""))"
2026-09-09T20:52:35.839788,1786374210148,GET,http://localhost/api/cicd/status/40665,0,8.05,"HTTPConnectionPool(host='localhost', port=80): Max retries exceeded with url: /api/cicd/status/40665 (Caused by NewConnectionError(""HTTPConnection(host='localhost', port=80): Failed to establish a new connection: [Errno 111] Connection refused""))"
2026-09-09T20:52:35.905331,1786374210148,GET,http://localhost/api/cicd/status/40665,0,2.08,"HTTPConnectionPool(host='localhost', port=80): Max retries exceeded with url: /api/cicd/status/40665 (Caused by NewConnectionError(""HTTPConnection(host='localhost', port=80): Failed to establish a new connection: [Errno 111] Connection refused""))"
2026-09-09T20:52:35.949676,1786373852673,POST,http://localhost/api/cicd/execute,0,12.26,"HTTPConnectionPool(host='localhost', port=80): Max retries exceeded with url: /api/cicd/execute (Caused by NewConnectionError(""HTTPConnection(host='localhost', port=80): Failed to establish a new connection: [Errno 111] Connection refused""))"
2026-09-09T20:52:35.950570,1786373852673,POST,http://localhost/api/cicd/execute,0,8.82,"HTTPConnectionPool(host='localhost', port=80): Max retries exceeded with url: /api/cicd/execute (Caused by NewConnectionError(""HTTPConnection(host='localhost', port=80): Failed to establish a new connection: [Errno 111] Connection refused""))"
2026-09-09T20:52:35.950899,1786374210148,GET,http://localhost/api/cicd/status/40665,0,3.19,"HTTPConnectionPool(host='localhost', port=80): Max retries exceeded with url: /api/cicd/status/40665 (Caused by NewConnectionError(""HTTPConnection(host='localhost', port=80): Failed to establish a new connection: [Errno 111] Connection refused""))"
2026-09-09T20:52:35.951219,1786374210148,GET,http://localhost/api/cicd/status/40665,0,11.62,"HTTPConnectionPool(host='localhost', port=80): Max retries exceeded with url: /api/cicd/status/40665 (Caused by NewConnectionError(""HTTPConnection(host='localhost', port=80): Failed to establish a new connection: [Errno 111] Connection refused""))"
2026-09-09T20:52:35.951529,1786374210148,GET,http://localhost/api/cicd/status/40665,0,8.6,"HTTPConnectionPool(host='localhost', port=80): Max retries exceeded with url: /api/cicd/status/40665 (Caused by NewConnectionError(""HTTPConnection(host='localhost', port=80): Failed to establish a new connection: [Errno 111] Connection refused""))"
2026-09-09T20:52:35.952051,1786373852673,POST,http://localhost/api/cicd/execute,0,11.39,"HTTPConnectionPool(host='localhost', port=80): Max retries exceeded with url: /api/cicd/execute (Caused by NewConnectionError(""HTTPConnection(host='localhost', port=80): Failed to establish a new connection: [Errno 111] Connection refused""))"
2026-09-09T20:52:35.952402,1786373852673,POST,http://localhost/api/cicd/execute,0,8.28,"HTTPConnectionPool(host='localhost', port=80): Max retries exceeded with url: /api/cicd/execute (Caused by NewConnectionError(""HTTPConnection(host='localhost', port=80): Failed to establish a new connection: [Errno 111] Connection refused""))"
2026-09-09T20:52:35.952645,1786374210148,GET,http://localhost/api/cicd/status/40665,0,5.99,"HTTPConnectionPool(host='localhost', port=80): Max retries exceeded with url: /api/cicd/status/40665 (Caused by NewConnectionError(""HTTPConnection(host='localhost', port=80): Failed to establish a new connection: [Errno 111] Connection refused""))"
2026-09-09T20:52:35.952914,1786374210148,GET,http://localhost/api/cicd/status/40665,0,14.36,"HTTPConnectionPool(host='localhost', port=80): Max retries exceeded with url: /api/cicd/status/40665 (Caused by NewConnectionError(""HTTPConnection(host='localhost', port=80): Failed to establish a new connection: [Errno 111] Connection refused""))"
2026-09-09T20:52:36.007699,1786373852673,POST,http://localhost/api/cicd/execute,0,2.19,"HTTPConnectionPool(host='localhost', port=80): Max retries exceeded with url: /api/cicd/execute (Caused by NewConnectionError(""HTTPConnection(host='localhost', port=80): Failed to establish a new connection: [Errno 111] Connection refused""))"
2026-09-09T20:52:36.061630,1786373852673,POST,http://localhost/api/cicd/execute,0,9.63,"HTTPConnectionPool(host='localhost', port=80): Max retries exceeded with url: /api/cicd/execute (Caused by NewConnectionError(""HTTPConnection(host='localhost', port=80): Failed to establish a new connection: [Errno 111] Connection refused""))"
2026-09-09T20:52:36.062418,1786374210148,GET,http://localhost/api/cicd/status/40665,0,4.35,"HTTPConnectionPool(host='localhost', port=80): Max retries exceeded with url: /api/cicd/status/40665 (Caused by NewConnectionError(""HTTPConnection(host='localhost', port=80): Failed to establish a new connection: [Errno 111] Connection refused""))"
2026-09-09T20:52:36.063282,1786374210148,GET,http://localhost/api/cicd/status/40665,0,13.42,"HTTPConnectionPool(host='localhost', port=80): Max retries exceeded with url: /api/cicd/status/40665 (Caused by NewConnectionError(""HTTPConnection(host='localhost', port=80): Failed to establish a new connection: [Errno 111] Connection refused""))"
2026-09-09T20:52:36.063781,1786373852673,POST,http://localhost/api/cicd/execute,0,7.02,"HTTPConnectionPool(host='localhost', port=80): Max retries exceeded with url: /api/cicd/execute (Caused by NewConnectionError(""HTTPConnection(host='localhost', port=80): Failed to establish a new connection: [Errno 111] Connection refused""))"
2026-09-09T20:52:36.064116,1786374210148,GET,http://localhost/api/cicd/status/40665,0,4.54,"HTTPConnectionPool(host='localhost', port=80): Max retries exceeded with url: /api/cicd/status/40665 (Caused by NewConnectionError(""HTTPConnection(host='localhost', port=80): Failed to establish a new connection: [Errno 111] Connection refused""))"
2026-09-09T20:52:36.064448,1786373852673,POST,http://localhost/api/cicd/execute,0,8.99,"HTTPConnectionPool(host='localhost', port=80): Max retries exceeded with url: /api/cicd/execute (Caused by NewConnectionError(""HTTPConnection(host='localhost', port=80): Failed to establish a new connection: [Errno 111] Connection refused""))"
2026-09-09T20:52:36.064772,1786373852673,POST,http://localhost/api/cicd/execute,0,11.69,"HTTPConnectionPool(host='localhost', port=80): Max retries exceeded with url: /api/cicd/execute (Caused by NewConnectionError(""HTTPConnection(host='localhost', port=80): Failed to establish a new connection: [Errno 111] Connection refused""))"
2026-09-09T20:52:36.065002,1786374210148,GET,http://localhost/api/cicd/status/40665,0,14.05,"HTTPConnectionPool(host='localhost', port=80): Max retries exceeded with url: /api/cicd/status/40665 (Caused by NewConnectionError(""HTTPConnection(host='localhost', port=80): Failed to establish a new connection: [Errno 111] Connection refused""))"
2026-09-09T20:52:36.065377,1786373852673,POST,http://localhost/api/cicd/execute,0,11.08,"HTTPConnectionPool(host='localhost', port=80): Max retries exceeded with url: /api/cicd/execute (Caused by NewConnectionError(""HTTPConnection(host='localhost', port=80): Failed to establish a new connection: [Errno 111] Connection refused""))"
2026-09-09T20:52:36.109670,1786374210148,GET,http://localhost/api/cicd/status/40665,0,1.78,"HTTPConnectionPool(host='localhost', port=80): Max retries exceeded with url: /api/cicd/status/40665 (Caused by NewConnectionError(""HTTPConnection(host='localhost', port=80): Failed to establish a new connection: [Errno 111] Connection refused""))"
2026-09-09T20:52:36.174029,1786374210148,GET,http://localhost/api/cicd/status/40665,0,12.26,"HTTPConnectionPool(host='localhost', port=80): Max retries exceeded with url: /api/cicd/status/40665 (Caused by NewConnectionError(""HTTPConnection(host='localhost', port=80): Failed to establish a new connection: [Errno 111] Connection refused""))"
2026-09-09T20:52:36.174668,1786373852673,POST,http://localhost/api/cicd/execute,0,8.34,"HTTPConnectionPool(host='localhost', port=80): Max retries exceeded with url: /api/cicd/execute (Caused by NewConnectionError(""HTTPConnection(host='localhost', port=80): Failed to establish a new connection: [Errno 111] Connection refused""))"
2026-09-09T20:52:36.174968,1786373852673,POST,http://localhost/api/cicd/execute,0,12.09,"HTTPConnectionPool(host='localhost', port=80): Max retries exceeded with url: /api/cicd/execute (Caused by NewConnectionError(""HTTPConnection(host='localhost', port=80): Failed to establish a new connection: [Errno 111] Connection refused""))"
2026-09-09T20:52:36.175271,1786374210148,GET,http://localhost/api/cicd/status/40665,0,6.23,"HTTPConnectionPool(host='localhost', port=80): Max retries exceeded with url: /api/cicd/status/40665 (Caused by NewConnectionError(""HTTPConnection(host='localhost', port=80): Failed to establish a new connection: [Errno 111] Connection refused""))"
2026-09-09T20:52:36.175615,1786373852673,POST,http://localhost/api/cicd/execute,0,10.59,"HTTPConnectionPool(host='localhost', port=80): Max retries exceeded with url: /api/cicd/execute (Caused by NewConnectionError(""HTTPConnection(host='localhost', port=80): Failed to establish a new connection: [Errno 111] Connection refused""))"
2026-09-09T20:52:36.175902,1786373852673,POST,http://localhost/api/cicd/execute,0,8.13,"HTTPConnectionPool(host='localhost', port=80): Max retries exceeded with url: /api/cicd/execute (Caused by NewConnectionError(""HTTPConnection(host='localhost', port=80): Failed to establish a new connection: [Errno 111] Connection refused""))"
2026-09-09T20:52:36.176113,1786374210148,GET,http://localhost/api/cicd/status/40665,0,12.16,"HTTPConnectionPool(host='localhost', port=80): Max retries exceeded with url: /api/cicd/status/40665 (Caused by NewConnectionError(""HTTPConnection(host='localhost', port=80): Failed to establish a new connection: [Errno 111] Connection refused""))"
2026-09-09T20:52:36.176540,1786374210148,GET,http://localhost/api/cicd/status/40665,0,6.42,"HTTPConnectionPool(host='localhost', port=80): Max retries exceeded with url: /api/cicd/status/40665 (Caused by NewConnectionError(""HTTPConnection(host='localhost', port=80): Failed to establish a new connection: [Errno 111] Connection refused""))"
2026-09-09T20:52:36.177392,1786374210148,GET,http://localhost/api/cicd/status/40665,0,6.2,"HTTPConnectionPool(host='localhost', port=80): Max retries exceeded with url: /api/cicd/status/40665 (Caused by NewConnectionError(""HTTPConnection(host='localhost', port=80): Failed to establish a new connection: [Errno 111] Connection refused""))"
2026-09-09T20:52:36.211603,1786373852673,POST,http://localhost/api/cicd/execute,0,1.76,"HTTPConnectionPool(host='localhost', port=80): Max retries exceeded with url: /api/cicd/execute (Caused by NewConnectionError(""HTTPConnection(host='localhost', port=80): Failed to establish a new connection: [Errno 111] Connection refused""))"
2026-09-09T20:52:36.286349,1786374210148,GET,http://localhost/api/cicd/status/40665,0,9.57,"HTTPConnectionPool(host='localhost', port=80): Max retries exceeded with url: /api/cicd/status/40665 (Caused by NewConnectionError(""HTTPConnection(host='localhost', port=80): Failed to establish a new connection: [Errno 111] Connection refused""))"
2026-09-09T20:52:36.287850,1786373852673,POST,http://localhost/api/cicd/execute,0,6.48,"HTTPConnectionPool(host='localhost', port=80): Max retries exceeded with url: /api/cicd/execute (Caused by NewConnectionError(""HTTPConnection(host='localhost', port=80): Failed to establish a new connection: [Errno 111] Connection refused""))"
2026-09-09T20:52:36.288238,1786374210148,GET,http://localhost/api/cicd/status/40665,0,9.12,"HTTPConnectionPool(host='localhost', port=80): Max retries exceeded with url: /api/cicd/status/40665 (Caused by NewConnectionError(""HTTPConnection(host='localhost', port=80): Failed to establish a new connection: [Errno 111] Connection refused""))"
2026-09-09T20:52:36.288517,1786374210148,GET,http://localhost/api/cicd/status/40665,0,5.7,"HTTPConnectionPool(host='localhost', port=80): Max retries exceeded with url: /api/cicd/status/40665 (Caused by NewConnectionError(""HTTPConnection(host='localhost', port=80): Failed to establish a new connection: [Errno 111] Connection refused""))"
2026-09-09T20:52:36.288827,1786373852673,POST,http://localhost/api/cicd/execute,0,8.62,"HTTPConnectionPool(host='localhost', port=80): Max retries exceeded with url: /api/cicd/execute (Caused by NewConnectionError(""HTTPConnection(host='localhost', port=80): Failed to establish a new connection: [Errno 111] Connection refused""))"
2026-09-09T20:52:36.289188,1786373852673,POST,http://localhost/api/cicd/execute,0,11.3,"HTTPConnectionPool(host='localhost', port=80): Max retries exceeded with url: /api/cicd/execute (Caused by NewConnectionError(""HTTPConnection(host='localhost', port=80): Failed to establish a new connection: [Errno 111] Connection refused""))"
2026-09-09T20:52:36.289457,1786373852673,POST,http://localhost/api/cicd/execute,0,5.17,"HTTPConnectionPool(host='localhost', port=80): Max retries exceeded with url: /api/cicd/execute (Caused by NewConnectionError(""HTTPConnection(host='localhost', port=80): Failed to establish a new connection: [Errno 111] Connection refused""))"
2026-09-09T20:52:36.289723,1786373852673,POST,http://localhost/api/cicd/execute,0,15.51,"HTTPConnectionPool(host='localhost', port=80): Max retries exceeded with url: /api/cicd/execute (Caused by NewConnectionError(""HTTPConnection(host='localhost', port=80): Failed to establish a new connection: [Errno 111] Connection refused""))"
2026-09-09T20:52:36.289986,1786374210148,GET,http://localhost/api/cicd/status/40665,0,14.65,"HTTPConnectionPool(host='localhost', port=80): Max retries exceeded with url: /api/cicd/status/40665 (Caused by NewConnectionError(""HTTPConnection(host='localhost', port=80): Failed to establish a new connection: [Errno 111] Connection refused""))"
2026-09-09T20:52:36.313546,1786374210148,GET,http://localhost/api/cicd/status/40665,0,1.77,"HTTPConnectionPool(host='localhost', port=80): Max retries exceeded with url: /api/cicd/status/40665 (Caused by NewConnectionError(""HTTPConnection(host='localhost', port=80): Failed to establish a new connection: [Errno 111] Connection refused""))"
2026-09-09T20:52:36.399872,1786373852673,POST,http://localhost/api/cicd/execute,0,13.34,"HTTPConnectionPool(host='localhost', port=80): Max retries exceeded with url: /api/cicd/execute (Caused by NewConnectionError(""HTTPConnection(host='localhost', port=80): Failed to establish a new connection: [Errno 111] Connection refused""))"
2026-09-09T20:52:36.400433,1786374210148,GET,http://localhost/api/cicd/status/40665,0,10.11,"HTTPConnectionPool(host='localhost', port=80): Max retries exceeded with url: /api/cicd/status/40665 (Caused by NewConnectionError(""HTTPConnection(host='localhost', port=80): Failed to establish a new connection: [Errno 111] Connection refused""))"
2026-09-09T20:52:36.400915,1786373852673,POST,http://localhost/api/cicd/execute,0,9.45,"HTTPConnectionPool(host='localhost', port=80): Max retries exceeded with url: /api/cicd/execute (Caused by NewConnectionError(""HTTPConnection(host='localhost', port=80): Failed to establish a new connection: [Errno 111] Connection refused""))"
2026-09-09T20:52:36.401330,1786373852673,POST,http://localhost/api/cicd/execute,0,12.15,"HTTPConnectionPool(host='localhost', port=80): Max retries exceeded with url: /api/cicd/execute (Caused by NewConnectionError(""HTTPConnection(host='localhost', port=80): Failed to establish a new connection: [Errno 111] Connection refused""))"
2026-09-09T20:52:36.401639,1786374210148,GET,http://localhost/api/cicd/status/40665,0,6.67,"HTTPConnectionPool(host='localhost', port=80): Max retries exceeded with url: /api/cicd/status/40665 (Caused by NewConnectionError(""HTTPConnection(host='localhost', port=80): Failed to establish a new connection: [Errno 111] Connection refused""))"
2026-09-09T20:52:36.402054,1786374210148,GET,http://localhost/api/cicd/status/40665,0,5.98,"HTTPConnectionPool(host='localhost', port=80): Max retries exceeded with url: /api/cicd/status/40665 (Caused by NewConnectionError(""HTTPConnection(host='localhost', port=80): Failed to establish a new connection: [Errno 111] Connection refused""))"
2026-09-09T20:52:36.402322,1786374210148,GET,http://localhost/api/cicd/status/40665,0,8.91,"HTTPConnectionPool(host='localhost', port=80): Max retries exceeded with url: /api/cicd/status/40665 (Caused by NewConnectionError(""HTTPConnection(host='localhost', port=80): Failed to establish a new connection: [Errno 111] Connection refused""))"
2026-09-09T20:52:36.402718,1786373852673,POST,http://localhost/api/cicd/execute,0,5.55,"HTTPConnectionPool(host='localhost', port=80): Max retries exceeded with url: /api/cicd/execute (Caused by NewConnectionError(""HTTPConnection(host='localhost', port=80): Failed to establish a new connection: [Errno 111] Connection refused""))"
2026-09-09T20:52:36.402937,1786374210148,GET,http://localhost/api/cicd/status/40665,0,14.91,"HTTPConnectionPool(host='localhost', port=80): Max retries exceeded with url: /api/cicd/status/40665 (Caused by NewConnectionError(""HTTPConnection(host='localhost', port=80): Failed to establish a new connection: [Errno 111] Connection refused""))"
2026-09-09T20:52:36.415452,1786373852673,POST,http://localhost/api/cicd/execute,0,1.75,"HTTPConnectionPool(host='localhost', port=80): Max retries exceeded with url: /api/cicd/execute (Caused by NewConnectionError(""HTTPConnection(host='localhost', port=80): Failed to establish a new connection: [Errno 111] Connection refused""))"
2026-09-09T20:52:36.512262,1786373852673,POST,http://localhost/api/cicd/execute,0,11.04,"HTTPConnectionPool(host='localhost', port=80): Max retries exceeded with url: /api/cicd/execute (Caused by NewConnectionError(""HTTPConnection(host='localhost', port=80): Failed to establish a new connection: [Errno 111] Connection refused""))"
2026-09-09T20:52:36.513741,1786374210148,GET,http://localhost/api/cicd/status/40665,0,13.69,"HTTPConnectionPool(host='localhost', port=80): Max retries exceeded with url: /api/cicd/status/40665 (Caused by NewConnectionError(""HTTPConnection(host='localhost', port=80): Failed to establish a new connection: [Errno 111] Connection refused""))"
2026-09-09T20:52:36.514110,1786374210148,GET,http://localhost/api/cicd/status/40665,0,10.51,"HTTPConnectionPool(host='localhost', port=80): Max retries exceeded with url: /api/cicd/status/40665 (Caused by NewConnectionError(""HTTPConnection(host='localhost', port=80): Failed to establish a new connection: [Errno 111] Connection refused""))"
2026-09-09T20:52:36.514620,1786373852673,POST,http://localhost/api/cicd/execute,0,8.78,"HTTPConnectionPool(host='localhost', port=80): Max retries exceeded with url: /api/cicd/execute (Caused by NewConnectionError(""HTTPConnection(host='localhost', port=80): Failed to establish a new connection: [Errno 111] Connection refused""))"
2026-09-09T20:52:36.514914,1786374210148,GET,http://localhost/api/cicd/status/40665,0,12.5,"HTTPConnectionPool(host='localhost', port=80): Max retries exceeded with url: /api/cicd/status/40665 (Caused by NewConnectionError(""HTTPConnection(host='localhost', port=80): Failed to establish a new connection: [Errno 111] Connection refused""))"
2026-09-09T20:52:36.515373,1786373852673,POST,http://localhost/api/cicd/execute,0,8.36,"HTTPConnectionPool(host='localhost', port=80): Max retries exceeded with url: /api/cicd/execute (Caused by NewConnectionError(""HTTPConnection(host='localhost', port=80): Failed to establish a new connection: [Errno 111] Connection refused""))"
2026-09-09T20:52:36.517059,1786373852673,POST,http://localhost/api/cicd/execute,0,8.89,"HTTPConnectionPool(host='localhost', port=80): Max retries exceeded with url: /api/cicd/execute (Caused by NewConnectionError(""HTTPConnection(host='localhost', port=80): Failed to establish a new connection: [Errno 111] Connection refused""))"
2026-09-09T20:52:36.517465,1786374210148,GET,http://localhost/api/cicd/status/40665,0,7.64,"HTTPConnectionPool(host='localhost', port=80): Max retries exceeded with url: /api/cicd/status/40665 (Caused by NewConnectionError(""HTTPConnection(host='localhost', port=80): Failed to establish a new connection: [Errno 111] Connection refused""))"
2026-09-09T20:52:36.517930,1786373852673,POST,http://localhost/api/cicd/execute,0,13.24,"HTTPConnectionPool(host='localhost', port=80): Max retries exceeded with url: /api/cicd/execute (Caused by NewConnectionError(""HTTPConnection(host='localhost', port=80): Failed to establish a new connection: [Errno 111] Connection refused""))"
2026-09-09T20:52:36.518455,1786374210148,GET,http://localhost/api/cicd/status/40665,0,2.88,"HTTPConnectionPool(host='localhost', port=80): Max retries exceeded with url: /api/cicd/status/40665 (Caused by NewConnectionError(""HTTPConnection(host='localhost', port=80): Failed to establish a new connection: [Errno 111] Connection refused""))"
2026-09-09T20:52:36.626621,1786373852673,POST,http://localhost/api/cicd/execute,0,12.72,"HTTPConnectionPool(host='localhost', port=80): Max retries exceeded with url: /api/cicd/execute (Caused by NewConnectionError(""HTTPConnection(host='localhost', port=80): Failed to establish a new connection: [Errno 111] Connection refused""))"
2026-09-09T20:52:36.627064,1786374210148,GET,http://localhost/api/cicd/status/40665,0,11.98,"HTTPConnectionPool(host='localhost', port=80): Max retries exceeded with url: /api/cicd/status/40665 (Caused by NewConnectionError(""HTTPConnection(host='localhost', port=80): Failed to establish a new connection: [Errno 111] Connection refused""))"
2026-09-09T20:52:36.627527,1786374210148,GET,http://localhost/api/cicd/status/40665,0,7.55,"HTTPConnectionPool(host='localhost', port=80): Max retries exceeded with url: /api/cicd/status/40665 (Caused by NewConnectionError(""HTTPConnection(host='localhost', port=80): Failed to establish a new connection: [Errno 111] Connection refused""))"
2026-09-09T20:52:36.627793,1786373852673,POST,http://localhost/api/cicd/execute,0,10.37,"HTTPConnectionPool(host='localhost', port=80): Max retries exceeded with url: /api/cicd/execute (Caused by NewConnectionError(""HTTPConnection(host='localhost', port=80): Failed to establish a new connection: [Errno 111] Connection refused""))"
2026-09-09T20:52:36.628396,1786374210148,GET,http://localhost/api/cicd/status/40665,0,15.95,"HTTPConnectionPool(host='localhost', port=80): Max retries exceeded with url: /api/cicd/status/40665 (Caused by NewConnectionError(""HTTPConnection(host='localhost', port=80): Failed to establish a new connection: [Errno 111] Connection refused""))"
2026-09-09T20:52:36.628926,1786373852673,POST,http://localhost/api/cicd/execute,0,5.37,"HTTPConnectionPool(host='localhost', port=80): Max retries exceeded with url: /api/cicd/execute (Caused by NewConnectionError(""HTTPConnection(host='localhost', port=80): Failed to establish a new connection: [Errno 111] Connection refused""))"
2026-09-09T20:52:36.633486,1786374210148,GET,http://localhost/api/cicd/status/40665,0,12.4,"HTTPConnectionPool(host='localhost', port=80): Max retries exceeded with url: /api/cicd/status/40665 (Caused by NewConnectionError(""HTTPConnection(host='localhost', port=80): Failed to establish a new connection: [Errno 111] Connection refused""))"
2026-09-09T20:52:36.633778,1786373852673,POST,http://localhost/api/cicd/execute,0,11.49,"HTTPConnectionPool(host='localhost', port=80): Max retries exceeded with url: /api/cicd/execute (Caused by NewConnectionError(""HTTPConnection(host='localhost', port=80): Failed to establish a new connection: [Errno 111] Connection refused""))"
2026-09-09T20:52:36.634088,1786374210148,GET,http://localhost/api/cicd/status/40665,0,15.42,"HTTPConnectionPool(host='localhost', port=80): Max retries exceeded with url: /api/cicd/status/40665 (Caused by NewConnectionError(""HTTPConnection(host='localhost', port=80): Failed to establish a new connection: [Errno 111] Connection refused""))"
2026-09-09T20:52:36.634496,1786373852673,POST,http://localhost/api/cicd/execute,0,18.3,"HTTPConnectionPool(host='localhost', port=80): Max retries exceeded with url: /api/cicd/execute (Caused by NewConnectionError(""HTTPConnection(host='localhost', port=80): Failed to establish a new connection: [Errno 111] Connection refused""))"
2026-09-09T20:52:36.739941,1786374210148,GET,http://localhost/api/cicd/status/40665,0,13.13,"HTTPConnectionPool(host='localhost', port=80): Max retries exceeded with url: /api/cicd/status/40665 (Caused by NewConnectionError(""HTTPConnection(host='localhost', port=80): Failed to establish a new connection: [Errno 111] Connection refused""))"
2026-09-09T20:52:36.740303,1786374210148,GET,http://localhost/api/cicd/status/40665,0,7.7,"HTTPConnectionPool(host='localhost', port=80): Max retries exceeded with url: /api/cicd/status/40665 (Caused by NewConnectionError(""HTTPConnection(host='localhost', port=80): Failed to establish a new connection: [Errno 111] Connection refused""))"
2026-09-09T20:52:36.741235,1786374210148,GET,http://localhost/api/cicd/status/40665,0,13.27,"HTTPConnectionPool(host='localhost', port=80): Max retries exceeded with url: /api/cicd/status/40665 (Caused by NewConnectionError(""HTTPConnection(host='localhost', port=80): Failed to establish a new connection: [Errno 111] Connection refused""))"
2026-09-09T20:52:36.741577,1786373852673,POST,http://localhost/api/cicd/execute,0,12.5,"HTTPConnectionPool(host='localhost', port=80): Max retries exceeded with url: /api/cicd/execute (Caused by NewConnectionError(""HTTPConnection(host='localhost', port=80): Failed to establish a new connection: [Errno 111] Connection refused""))"
2026-09-09T20:52:36.742005,1786373852673,POST,http://localhost/api/cicd/execute,0,10.55,"HTTPConnectionPool(host='localhost', port=80): Max retries exceeded with url: /api/cicd/execute (Caused by NewConnectionError(""HTTPConnection(host='localhost', port=80): Failed to establish a new connection: [Errno 111] Connection refused""))"
2026-09-09T20:52:36.742451,1786373852673,POST,http://localhost/api/cicd/execute,0,12.19,"HTTPConnectionPool(host='localhost', port=80): Max retries exceeded with url: /api/cicd/execute (Caused by NewConnectionError(""HTTPConnection(host='localhost', port=80): Failed to establish a new connection: [Errno 111] Connection refused""))"
2026-09-09T20:52:36.742831,1786373852673,POST,http://localhost/api/cicd/execute,0,7.29,"HTTPConnectionPool(host='localhost', port=80): Max retries exceeded with url: /api/cicd/execute (Caused by NewConnectionError(""HTTPConnection(host='localhost', port=80): Failed to establish a new connection: [Errno 111] Connection refused""))"
2026-09-09T20:52:36.743078,1786373852673,POST,http://localhost/api/cicd/execute,0,6.23,"HTTPConnectionPool(host='localhost', port=80): Max retries exceeded with url: /api/cicd/execute (Caused by NewConnectionError(""HTTPConnection(host='localhost', port=80): Failed to establish a new connection: [Errno 111] Connection refused""))"
2026-09-09T20:52:36.743641,1786374210148,GET,http://localhost/api/cicd/status/40665,0,9.4,"HTTPConnectionPool(host='localhost', port=80): Max retries exceeded with url: /api/cicd/status/40665 (Caused by NewConnectionError(""HTTPConnection(host='localhost', port=80): Failed to establish a new connection: [Errno 111] Connection refused""))"
2026-09-09T20:52:36.743881,1786374210148,GET,http://localhost/api/cicd/status/40665,0,5.46,"HTTPConnectionPool(host='localhost', port=80): Max retries exceeded with url: /api/cicd/status/40665 (Caused by NewConnectionError(""HTTPConnection(host='localhost', port=80): Failed to establish a new connection: [Errno 111] Connection refused""))"
2026-09-09T20:52:36.857057,1786373852673,POST,http://localhost/api/cicd/execute,0,16.93,"HTTPConnectionPool(host='localhost', port=80): Max retries exceeded with url: /api/cicd/execute (Caused by NewConnectionError(""HTTPConnection(host='localhost', port=80): Failed to establish a new connection: [Errno 111] Connection refused""))"
2026-09-09T20:52:36.857552,1786373852673,POST,http://localhost/api/cicd/execute,0,16.19,"HTTPConnectionPool(host='localhost', port=80): Max retries exceeded with url: /api/cicd/execute (Caused by NewConnectionError(""HTTPConnection(host='localhost', port=80): Failed to establish a new connection: [Errno 111] Connection refused""))"
2026-09-09T20:52:36.859315,1786374210148,GET,http://localhost/api/cicd/status/40665,0,8.36,"HTTPConnectionPool(host='localhost', port=80): Max retries exceeded with url: /api/cicd/status/40665 (Caused by NewConnectionError(""HTTPConnection(host='localhost', port=80): Failed to establish a new connection: [Errno 111] Connection refused""))"
2026-09-09T20:52:36.859684,1786374210148,GET,http://localhost/api/cicd/status/40665,0,15.43,"HTTPConnectionPool(host='localhost', port=80): Max retries exceeded with url: /api/cicd/status/40665 (Caused by NewConnectionError(""HTTPConnection(host='localhost', port=80): Failed to establish a new connection: [Errno 111] Connection refused""))"
2026-09-09T20:52:36.860164,1786374210148,GET,http://localhost/api/cicd/status/40665,0,17.14,"HTTPConnectionPool(host='localhost', port=80): Max retries exceeded with url: /api/cicd/status/40665 (Caused by NewConnectionError(""HTTPConnection(host='localhost', port=80): Failed to establish a new connection: [Errno 111] Connection refused""))"
2026-09-09T20:52:36.860476,1786373852673,POST,http://localhost/api/cicd/execute,0,14.45,"HTTPConnectionPool(host='localhost', port=80): Max retries exceeded with url: /api/cicd/execute (Caused by NewConnectionError(""HTTPConnection(host='localhost', port=80): Failed to establish a new connection: [Errno 111] Connection refused""))"
2026-09-09T20:52:36.860702,1786374210148,GET,http://localhost/api/cicd/status/40665,0,13.51,"HTTPConnectionPool(host='localhost', port=80): Max retries exceeded with url: /api/cicd/status/40665 (Caused by NewConnectionError(""HTTPConnection(host='localhost', port=80): Failed to establish a new connection: [Errno 111] Connection refused""))"
2026-09-09T20:52:36.860937,1786373852673,POST,http://localhost/api/cicd/execute,0,11.18,"HTTPConnectionPool(host='localhost', port=80): Max retries exceeded with url: /api/cicd/execute (Caused by NewConnectionError(""HTTPConnection(host='localhost', port=80): Failed to establish a new connection: [Errno 111] Connection refused""))"
2026-09-09T20:52:36.861392,1786373852673,POST,http://localhost/api/cicd/execute,0,13.07,"HTTPConnectionPool(host='localhost', port=80): Max retries exceeded with url: /api/cicd/execute (Caused by NewConnectionError(""HTTPConnection(host='localhost', port=80): Failed to establish a new connection: [Errno 111] Connection refused""))"
2026-09-09T20:52:36.862247,1786374210148,GET,http://localhost/api/cicd/status/40665,0,10.03,"HTTPConnectionPool(host='localhost', port=80): Max retries exceeded with url: /api/cicd/status/40665 (Caused by NewConnectionError(""HTTPConnection(host='localhost', port=80): Failed to establish a new connection: [Errno 111] Connection refused""))"
2026-09-09T20:52:36.970301,1786374210148,GET,http://localhost/api/cicd/status/40665,0,13.04,"HTTPConnectionPool(host='localhost', port=80): Max retries exceeded with url: /api/cicd/status/40665 (Caused by NewConnectionError(""HTTPConnection(host='localhost', port=80): Failed to establish a new connection: [Errno 111] Connection refused""))"
2026-09-09T20:52:36.971538,1786373852673,POST,http://localhost/api/cicd/execute,0,5.07,"HTTPConnectionPool(host='localhost', port=80): Max retries exceeded with url: /api/cicd/execute (Caused by NewConnectionError(""HTTPConnection(host='localhost', port=80): Failed to establish a new connection: [Errno 111] Connection refused""))"
2026-09-09T20:52:36.971843,1786373852673,POST,http://localhost/api/cicd/execute,0,12.15,"HTTPConnectionPool(host='localhost', port=80): Max retries exceeded with url: /api/cicd/execute (Caused by NewConnectionError(""HTTPConnection(host='localhost', port=80): Failed to establish a new connection: [Errno 111] Connection refused""))"
2026-09-09T20:52:36.972287,1786374210148,GET,http://localhost/api/cicd/status/40665,0,10.34,"HTTPConnectionPool(host='localhost', port=80): Max retries exceeded with url: /api/cicd/status/40665 (Caused by NewConnectionError(""HTTPConnection(host='localhost', port=80): Failed to establish a new connection: [Errno 111] Connection refused""))"
2026-09-09T20:52:36.972846,1786374210148,GET,http://localhost/api/cicd/status/40665,0,7.53,"HTTPConnectionPool(host='localhost', port=80): Max retries exceeded with url: /api/cicd/status/40665 (Caused by NewConnectionError(""HTTPConnection(host='localhost', port=80): Failed to establish a new connection: [Errno 111] Connection refused""))"
2026-09-09T20:52:36.973173,1786373852673,POST,http://localhost/api/cicd/execute,0,10.2,"HTTPConnectionPool(host='localhost', port=80): Max retries exceeded with url: /api/cicd/execute (Caused by NewConnectionError(""HTTPConnection(host='localhost', port=80): Failed to establish a new connection: [Errno 111] Connection refused""))"
2026-09-09T20:52:36.973546,1786373852673,POST,http://localhost/api/cicd/execute,0,12.71,"HTTPConnectionPool(host='localhost', port=80): Max retries exceeded with url: /api/cicd/execute (Caused by NewConnectionError(""HTTPConnection(host='localhost', port=80): Failed to establish a new connection: [Errno 111] Connection refused""))"
2026-09-09T20:52:36.973828,1786374210148,GET,http://localhost/api/cicd/status/40665,0,9.52,"HTTPConnectionPool(host='localhost', port=80): Max retries exceeded with url: /api/cicd/status/40665 (Caused by NewConnectionError(""HTTPConnection(host='localhost', port=80): Failed to establish a new connection: [Errno 111] Connection refused""))"
2026-09-09T20:52:36.974119,1786373852673,POST,http://localhost/api/cicd/execute,0,5.62,"HTTPConnectionPool(host='localhost', port=80): Max retries exceeded with url: /api/cicd/execute (Caused by NewConnectionError(""HTTPConnection(host='localhost', port=80): Failed to establish a new connection: [Errno 111] Connection refused""))"
2026-09-09T20:52:36.974416,1786374210148,GET,http://localhost/api/cicd/status/40665,0,15.8,"HTTPConnectionPool(host='localhost', port=80): Max retries exceeded with url: /api/cicd/status/40665 (Caused by NewConnectionError(""HTTPConnection(host='localhost', port=80): Failed to establish a new connection: [Errno 111] Connection refused""))"
2026-09-09T20:52:37.084643,1786373852673,POST,http://localhost/api/cicd/execute,0,14.15,"HTTPConnectionPool(host='localhost', port=80): Max retries exceeded with url: /api/cicd/execute (Caused by NewConnectionError(""HTTPConnection(host='localhost', port=80): Failed to establish a new connection: [Errno 111] Connection refused""))"
2026-09-09T20:52:37.084916,1786374210148,GET,http://localhost/api/cicd/status/40665,0,12.01,"HTTPConnectionPool(host='localhost', port=80): Max retries exceeded with url: /api/cicd/status/40665 (Caused by NewConnectionError(""HTTPConnection(host='localhost', port=80): Failed to establish a new connection: [Errno 111] Connection refused""))"
2026-09-09T20:52:37.085258,1786374210148,GET,http://localhost/api/cicd/status/40665,0,7.08,"HTTPConnectionPool(host='localhost', port=80): Max retries exceeded with url: /api/cicd/status/40665 (Caused by NewConnectionError(""HTTPConnection(host='localhost', port=80): Failed to establish a new connection: [Errno 111] Connection refused""))"
2026-09-09T20:52:37.086325,1786374210148,GET,http://localhost/api/cicd/status/40665,0,14.6,"HTTPConnectionPool(host='localhost', port=80): Max retries exceeded with url: /api/cicd/status/40665 (Caused by NewConnectionError(""HTTPConnection(host='localhost', port=80): Failed to establish a new connection: [Errno 111] Connection refused""))"
2026-09-09T20:52:37.086946,1786373852673,POST,http://localhost/api/cicd/execute,0,4.84,"HTTPConnectionPool(host='localhost', port=80): Max retries exceeded with url: /api/cicd/execute (Caused by NewConnectionError(""HTTPConnection(host='localhost', port=80): Failed to establish a new connection: [Errno 111] Connection refused""))"
2026-09-09T20:52:37.087196,1786373852673,POST,http://localhost/api/cicd/execute,0,10.5,"HTTPConnectionPool(host='localhost', port=80): Max retries exceeded with url: /api/cicd/execute (Caused by NewConnectionError(""HTTPConnection(host='localhost', port=80): Failed to establish a new connection: [Errno 111] Connection refused""))"
2026-09-09T20:52:37.087486,1786373852673,POST,http://localhost/api/cicd/execute,0,13.49,"HTTPConnectionPool(host='localhost', port=80): Max retries exceeded with url: /api/cicd/execute (Caused by NewConnectionError(""HTTPConnection(host='localhost', port=80): Failed to establish a new connection: [Errno 111] Connection refused""))"
2026-09-09T20:52:37.087923,1786374210148,GET,http://localhost/api/cicd/status/40665,0,12.42,"HTTPConnectionPool(host='localhost', port=80): Max retries exceeded with url: /api/cicd/status/40665 (Caused by NewConnectionError(""HTTPConnection(host='localhost', port=80): Failed to establish a new connection: [Errno 111] Connection refused""))"
2026-09-09T20:52:37.088440,1786374210148,GET,http://localhost/api/cicd/status/40665,0,8.07,"HTTPConnectionPool(host='localhost', port=80): Max retries exceeded with url: /api/cicd/status/40665 (Caused by NewConnectionError(""HTTPConnection(host='localhost', port=80): Failed to establish a new connection: [Errno 111] Connection refused""))"
2026-09-09T20:52:37.088671,1786373852673,POST,http://localhost/api/cicd/execute,0,9.42,"HTTPConnectionPool(host='localhost', port=80): Max retries exceeded with url: /api/cicd/execute (Caused by NewConnectionError(""HTTPConnection(host='localhost', port=80): Failed to establish a new connection: [Errno 111] Connection refused""))"
2026-09-09T20:52:37.198365,1786374210148,GET,http://localhost/api/cicd/status/40665,0,13.55,"HTTPConnectionPool(host='localhost', port=80): Max retries exceeded with url: /api/cicd/status/40665 (Caused by NewConnectionError(""HTTPConnection(host='localhost', port=80): Failed to establish a new connection: [Errno 111] Connection refused""))"
2026-09-09T20:52:37.198902,1786373852673,POST,http://localhost/api/cicd/execute,0,7.3,"HTTPConnectionPool(host='localhost', port=80): Max retries exceeded with url: /api/cicd/execute (Caused by NewConnectionError(""HTTPConnection(host='localhost', port=80): Failed to establish a new connection: [Errno 111] Connection refused""))"
2026-09-09T20:52:37.199427,1786373852673,POST,http://localhost/api/cicd/execute,0,12.32,"HTTPConnectionPool(host='localhost', port=80): Max retries exceeded with url: /api/cicd/execute (Caused by NewConnectionError(""HTTPConnection(host='localhost', port=80): Failed to establish a new connection: [Errno 111] Connection refused""))"
2026-09-09T20:52:37.199683,1786373852673,POST,http://localhost/api/cicd/execute,0,13.76,"HTTPConnectionPool(host='localhost', port=80): Max retries exceeded with url: /api/cicd/execute (Caused by NewConnectionError(""HTTPConnection(host='localhost', port=80): Failed to establish a new connection: [Errno 111] Connection refused""))"
2026-09-09T20:52:37.200051,1786374210148,GET,http://localhost/api/cicd/status/40665,0,4.44,"HTTPConnectionPool(host='localhost', port=80): Max retries exceeded with url: /api/cicd/status/40665 (Caused by NewConnectionError(""HTTPConnection(host='localhost', port=80): Failed to establish a new connection: [Errno 111] Connection refused""))"
2026-09-09T20:52:37.200804,1786374210148,GET,http://localhost/api/cicd/status/40665,0,11.37,"HTTPConnectionPool(host='localhost', port=80): Max retries exceeded with url: /api/cicd/status/40665 (Caused by NewConnectionError(""HTTPConnection(host='localhost', port=80): Failed to establish a new connection: [Errno 111] Connection refused""))"
2026-09-09T20:52:37.201166,1786374210148,GET,http://localhost/api/cicd/status/40665,0,6.86,"HTTPConnectionPool(host='localhost', port=80): Max retries exceeded with url: /api/cicd/status/40665 (Caused by NewConnectionError(""HTTPConnection(host='localhost', port=80): Failed to establish a new connection: [Errno 111] Connection refused""))"
2026-09-09T20:52:37.201538,1786373852673,POST,http://localhost/api/cicd/execute,0,13.19,"HTTPConnectionPool(host='localhost', port=80): Max retries exceeded with url: /api/cicd/execute (Caused by NewConnectionError(""HTTPConnection(host='localhost', port=80): Failed to establish a new connection: [Errno 111] Connection refused""))"
2026-09-09T20:52:37.201916,1786374210148,GET,http://localhost/api/cicd/status/40665,0,11.39,"HTTPConnectionPool(host='localhost', port=80): Max retries exceeded with url: /api/cicd/status/40665 (Caused by NewConnectionError(""HTTPConnection(host='localhost', port=80): Failed to establish a new connection: [Errno 111] Connection refused""))"
2026-09-09T20:52:37.202677,1786373852673,POST,http://localhost/api/cicd/execute,0,9.68,"HTTPConnectionPool(host='localhost', port=80): Max retries exceeded with url: /api/cicd/execute (Caused by NewConnectionError(""HTTPConnection(host='localhost', port=80): Failed to establish a new connection: [Errno 111] Connection refused""))"
2026-09-09T20:52:37.312058,1786374210148,GET,http://localhost/api/cicd/status/40665,0,6.66,"HTTPConnectionPool(host='localhost', port=80): Max retries exceeded with url: /api/cicd/status/40665 (Caused by NewConnectionError(""HTTPConnection(host='localhost', port=80): Failed to establish a new connection: [Errno 111] Connection refused""))"
2026-09-09T20:52:37.312755,1786373852673,POST,http://localhost/api/cicd/execute,0,14.2,"HTTPConnectionPool(host='localhost', port=80): Max retries exceeded with url: /api/cicd/execute (Caused by NewConnectionError(""HTTPConnection(host='localhost', port=80): Failed to establish a new connection: [Errno 111] Connection refused""))"
2026-09-09T20:52:37.313048,1786374210148,GET,http://localhost/api/cicd/status/40665,0,11.08,"HTTPConnectionPool(host='localhost', port=80): Max retries exceeded with url: /api/cicd/status/40665 (Caused by NewConnectionError(""HTTPConnection(host='localhost', port=80): Failed to establish a new connection: [Errno 111] Connection refused""))"
2026-09-09T20:52:37.313483,1786374210148,GET,http://localhost/api/cicd/status/40665,0,13.77,"HTTPConnectionPool(host='localhost', port=80): Max retries exceeded with url: /api/cicd/status/40665 (Caused by NewConnectionError(""HTTPConnection(host='localhost', port=80): Failed to establish a new connection: [Errno 111] Connection refused""))"
2026-09-09T20:52:37.313774,1786373852673,POST,http://localhost/api/cicd/execute,0,9.5,"HTTPConnectionPool(host='localhost', port=80): Max retries exceeded with url: /api/cicd/execute (Caused by NewConnectionError(""HTTPConnection(host='localhost', port=80): Failed to establish a new connection: [Errno 111] Connection refused""))"
2026-09-09T20:52:37.314002,1786373852673,POST,http://localhost/api/cicd/execute,0,4.98,"HTTPConnectionPool(host='localhost', port=80): Max retries exceeded with url: /api/cicd/execute (Caused by NewConnectionError(""HTTPConnection(host='localhost', port=80): Failed to establish a new connection: [Errno 111] Connection refused""))"
2026-09-09T20:52:37.314288,1786373852673,POST,http://localhost/api/cicd/execute,0,7.78,"HTTPConnectionPool(host='localhost', port=80): Max retries exceeded with url: /api/cicd/execute (Caused by NewConnectionError(""HTTPConnection(host='localhost', port=80): Failed to establish a new connection: [Errno 111] Connection refused""))"
2026-09-09T20:52:37.314810,1786374210148,GET,http://localhost/api/cicd/status/40665,0,7.15,"HTTPConnectionPool(host='localhost', port=80): Max retries exceeded with url: /api/cicd/status/40665 (Caused by NewConnectionError(""HTTPConnection(host='localhost', port=80): Failed to establish a new connection: [Errno 111] Connection refused""))"
2026-09-09T20:52:37.315201,1786374210148,GET,http://localhost/api/cicd/status/40665,0,14.33,"HTTPConnectionPool(host='localhost', port=80): Max retries exceeded with url: /api/cicd/status/40665 (Caused by NewConnectionError(""HTTPConnection(host='localhost', port=80): Failed to establish a new connection: [Errno 111] Connection refused""))"
2026-09-09T20:52:37.315416,1786373852673,POST,http://localhost/api/cicd/execute,0,12.25,"HTTPConnectionPool(host='localhost', port=80): Max retries exceeded with url: /api/cicd/execute (Caused by NewConnectionError(""HTTPConnection(host='localhost', port=80): Failed to establish a new connection: [Errno 111] Connection refused""))"
2026-09-09T20:52:37.426104,1786374210148,GET,http://localhost/api/cicd/status/40665,0,8.91,"HTTPConnectionPool(host='localhost', port=80): Max retries exceeded with url: /api/cicd/status/40665 (Caused by NewConnectionError(""HTTPConnection(host='localhost', port=80): Failed to establish a new connection: [Errno 111] Connection refused""))"
2026-09-09T20:52:37.427372,1786373852673,POST,http://localhost/api/cicd/execute,0,15.13,"HTTPConnectionPool(host='localhost', port=80): Max retries exceeded with url: /api/cicd/execute (Caused by NewConnectionError(""HTTPConnection(host='localhost', port=80): Failed to establish a new connection: [Errno 111] Connection refused""))"
2026-09-09T20:52:37.427926,1786373852673,POST,http://localhost/api/cicd/execute,0,13.46,"HTTPConnectionPool(host='localhost', port=80): Max retries exceeded with url: /api/cicd/execute (Caused by NewConnectionError(""HTTPConnection(host='localhost', port=80): Failed to establish a new connection: [Errno 111] Connection refused""))"
2026-09-09T20:52:37.428376,1786373852673,POST,http://localhost/api/cicd/execute,0,10.01,"HTTPConnectionPool(host='localhost', port=80): Max retries exceeded with url: /api/cicd/execute (Caused by NewConnectionError(""HTTPConnection(host='localhost', port=80): Failed to establish a new connection: [Errno 111] Connection refused""))"
2026-09-09T20:52:37.428637,1786373852673,POST,http://localhost/api/cicd/execute,0,12.86,"HTTPConnectionPool(host='localhost', port=80): Max retries exceeded with url: /api/cicd/execute (Caused by NewConnectionError(""HTTPConnection(host='localhost', port=80): Failed to establish a new connection: [Errno 111] Connection refused""))"
2026-09-09T20:52:37.429009,1786374210148,GET,http://localhost/api/cicd/status/40665,0,4.5,"HTTPConnectionPool(host='localhost', port=80): Max retries exceeded with url: /api/cicd/status/40665 (Caused by NewConnectionError(""HTTPConnection(host='localhost', port=80): Failed to establish a new connection: [Errno 111] Connection refused""))"
2026-09-09T20:52:37.429358,1786374210148,GET,http://localhost/api/cicd/status/40665,0,15.95,"HTTPConnectionPool(host='localhost', port=80): Max retries exceeded with url: /api/cicd/status/40665 (Caused by NewConnectionError(""HTTPConnection(host='localhost', port=80): Failed to establish a new connection: [Errno 111] Connection refused""))"
2026-09-09T20:52:37.429819,1786374210148,GET,http://localhost/api/cicd/status/40665,0,10.21,"HTTPConnectionPool(host='localhost', port=80): Max retries exceeded with url: /api/cicd/status/40665 (Caused by NewConnectionError(""HTTPConnection(host='localhost', port=80): Failed to establish a new connection: [Errno 111] Connection refused""))"
2026-09-09T20:52:37.430050,1786374210148,GET,http://localhost/api/cicd/status/40665,0,7.36,"HTTPConnectionPool(host='localhost', port=80): Max retries exceeded with url: /api/cicd/status/40665 (Caused by NewConnectionError(""HTTPConnection(host='localhost', port=80): Failed to establish a new connection: [Errno 111] Connection refused""))"
2026-09-09T20:52:37.430291,1786373852673,POST,http://localhost/api/cicd/execute,0,8.92,"HTTPConnectionPool(host='localhost', port=80): Max retries exceeded with url: /api/cicd/execute (Caused by NewConnectionError(""HTTPConnection(host='localhost', port=80): Failed to establish a new connection: [Errno 111] Connection refused""))"
2026-09-09T20:52:37.539013,1786373852673,POST,http://localhost/api/cicd/execute,0,12.7,"HTTPConnectionPool(host='localhost', port=80): Max retries exceeded with url: /api/cicd/execute (Caused by NewConnectionError(""HTTPConnection(host='localhost', port=80): Failed to establish a new connection: [Errno 111] Connection refused""))"
2026-09-09T20:52:37.539591,1786374210148,GET,http://localhost/api/cicd/status/40665,0,10.85,"HTTPConnectionPool(host='localhost', port=80): Max retries exceeded with url: /api/cicd/status/40665 (Caused by NewConnectionError(""HTTPConnection(host='localhost', port=80): Failed to establish a new connection: [Errno 111] Connection refused""))"
2026-09-09T20:52:37.541014,1786374210148,GET,http://localhost/api/cicd/status/40665,0,9.99,"HTTPConnectionPool(host='localhost', port=80): Max retries exceeded with url: /api/cicd/status/40665 (Caused by NewConnectionError(""HTTPConnection(host='localhost', port=80): Failed to establish a new connection: [Errno 111] Connection refused""))"
2026-09-09T20:52:37.541428,1786374210148,GET,http://localhost/api/cicd/status/40665,0,13.88,"HTTPConnectionPool(host='localhost', port=80): Max retries exceeded with url: /api/cicd/status/40665 (Caused by NewConnectionError(""HTTPConnection(host='localhost', port=80): Failed to establish a new connection: [Errno 111] Connection refused""))"
2026-09-09T20:52:37.542484,1786374210148,GET,http://localhost/api/cicd/status/40665,0,5.04,"HTTPConnectionPool(host='localhost', port=80): Max retries exceeded with url: /api/cicd/status/40665 (Caused by NewConnectionError(""HTTPConnection(host='localhost', port=80): Failed to establish a new connection: [Errno 111] Connection refused""))"
2026-09-09T20:52:37.542978,1786373852673,POST,http://localhost/api/cicd/execute,0,6.86,"HTTPConnectionPool(host='localhost', port=80): Max retries exceeded with url: /api/cicd/execute (Caused by NewConnectionError(""HTTPConnection(host='localhost', port=80): Failed to establish a new connection: [Errno 111] Connection refused""))"
2026-09-09T20:52:37.543411,1786373852673,POST,http://localhost/api/cicd/execute,0,11.17,"HTTPConnectionPool(host='localhost', port=80): Max retries exceeded with url: /api/cicd/execute (Caused by NewConnectionError(""HTTPConnection(host='localhost', port=80): Failed to establish a new connection: [Errno 111] Connection refused""))"
2026-09-09T20:52:37.543901,1786374210148,GET,http://localhost/api/cicd/status/40665,0,14.05,"HTTPConnectionPool(host='localhost', port=80): Max retries exceeded with url: /api/cicd/status/40665 (Caused by NewConnectionError(""HTTPConnection(host='localhost', port=80): Failed to establish a new connection: [Errno 111] Connection refused""))"
2026-09-09T20:52:37.544288,1786373852673,POST,http://localhost/api/cicd/execute,0,10.79,"HTTPConnectionPool(host='localhost', port=80): Max retries exceeded with url: /api/cicd/execute (Caused by NewConnectionError(""HTTPConnection(host='localhost', port=80): Failed to establish a new connection: [Errno 111] Connection refused""))"
2026-09-09T20:52:37.544605,1786373852673,POST,http://localhost/api/cicd/execute,0,9.83,"HTTPConnectionPool(host='localhost', port=80): Max retries exceeded with url: /api/cicd/execute (Caused by NewConnectionError(""HTTPConnection(host='localhost', port=80): Failed to establish a new connection: [Errno 111] Connection refused""))"
2026-09-09T20:52:37.651933,1786374210148,GET,http://localhost/api/cicd/status/40665,0,12.74,"HTTPConnectionPool(host='localhost', port=80): Max retries exceeded with url: /api/cicd/status/40665 (Caused by NewConnectionError(""HTTPConnection(host='localhost', port=80): Failed to establish a new connection: [Errno 111] Connection refused""))"
2026-09-09T20:52:37.652801,1786373852673,POST,http://localhost/api/cicd/execute,0,11.28,"HTTPConnectionPool(host='localhost', port=80): Max retries exceeded with url: /api/cicd/execute (Caused by NewConnectionError(""HTTPConnection(host='localhost', port=80): Failed to establish a new connection: [Errno 111] Connection refused""))"
2026-09-09T20:52:37.653623,1786373852673,POST,http://localhost/api/cicd/execute,0,11.0,"HTTPConnectionPool(host='localhost', port=80): Max retries exceeded with url: /api/cicd/execute (Caused by NewConnectionError(""HTTPConnection(host='localhost', port=80): Failed to establish a new connection: [Errno 111] Connection refused""))"
2026-09-09T20:52:37.654310,1786374210148,GET,http://localhost/api/cicd/status/40665,0,8.04,"HTTPConnectionPool(host='localhost', port=80): Max retries exceeded with url: /api/cicd/status/40665 (Caused by NewConnectionError(""HTTPConnection(host='localhost', port=80): Failed to establish a new connection: [Errno 111] Connection refused""))"
2026-09-09T20:52:37.654548,1786373852673,POST,http://localhost/api/cicd/execute,0,10.81,"HTTPConnectionPool(host='localhost', port=80): Max retries exceeded with url: /api/cicd/execute (Caused by NewConnectionError(""HTTPConnection(host='localhost', port=80): Failed to establish a new connection: [Errno 111] Connection refused""))"
2026-09-09T20:52:37.654953,1786373852673,POST,http://localhost/api/cicd/execute,0,14.62,"HTTPConnectionPool(host='localhost', port=80): Max retries exceeded with url: /api/cicd/execute (Caused by NewConnectionError(""HTTPConnection(host='localhost', port=80): Failed to establish a new connection: [Errno 111] Connection refused""))"
2026-09-09T20:52:37.655221,1786374210148,GET,http://localhost/api/cicd/status/40665,0,7.9,"HTTPConnectionPool(host='localhost', port=80): Max retries exceeded with url: /api/cicd/status/40665 (Caused by NewConnectionError(""HTTPConnection(host='localhost', port=80): Failed to establish a new connection: [Errno 111] Connection refused""))"
2026-09-09T20:52:37.655963,1786374210148,GET,http://localhost/api/cicd/status/40665,0,7.24,"HTTPConnectionPool(host='localhost', port=80): Max retries exceeded with url: /api/cicd/status/40665 (Caused by NewConnectionError(""HTTPConnection(host='localhost', port=80): Failed to establish a new connection: [Errno 111] Connection refused""))"
2026-09-09T20:52:37.656278,1786373852673,POST,http://localhost/api/cicd/execute,0,11.12,"HTTPConnectionPool(host='localhost', port=80): Max retries exceeded with url: /api/cicd/execute (Caused by NewConnectionError(""HTTPConnection(host='localhost', port=80): Failed to establish a new connection: [Errno 111] Connection refused""))"
2026-09-09T20:52:37.656822,1786374210148,GET,http://localhost/api/cicd/status/40665,0,6.48,"HTTPConnectionPool(host='localhost', port=80): Max retries exceeded with url: /api/cicd/status/40665 (Caused by NewConnectionError(""HTTPConnection(host='localhost', port=80): Failed to establish a new connection: [Errno 111] Connection refused""))"
2026-09-09T20:52:37.764103,1786374210148,GET,http://localhost/api/cicd/status/40665,0,10.79,"HTTPConnectionPool(host='localhost', port=80): Max retries exceeded with url: /api/cicd/status/40665 (Caused by NewConnectionError(""HTTPConnection(host='localhost', port=80): Failed to establish a new connection: [Errno 111] Connection refused""))"
2026-09-09T20:52:37.765684,1786373852673,POST,http://localhost/api/cicd/execute,0,13.57,"HTTPConnectionPool(host='localhost', port=80): Max retries exceeded with url: /api/cicd/execute (Caused by NewConnectionError(""HTTPConnection(host='localhost', port=80): Failed to establish a new connection: [Errno 111] Connection refused""))"
2026-09-09T20:52:37.766260,1786374210148,GET,http://localhost/api/cicd/status/40665,0,6.93,"HTTPConnectionPool(host='localhost', port=80): Max retries exceeded with url: /api/cicd/status/40665 (Caused by NewConnectionError(""HTTPConnection(host='localhost', port=80): Failed to establish a new connection: [Errno 111] Connection refused""))"
2026-09-09T20:52:37.767051,1786373852673,POST,http://localhost/api/cicd/execute,0,10.05,"HTTPConnectionPool(host='localhost', port=80): Max retries exceeded with url: /api/cicd/execute (Caused by NewConnectionError(""HTTPConnection(host='localhost', port=80): Failed to establish a new connection: [Errno 111] Connection refused""))"
2026-09-09T20:52:37.767405,1786373852673,POST,http://localhost/api/cicd/execute,0,12.85,"HTTPConnectionPool(host='localhost', port=80): Max retries exceeded with url: /api/cicd/execute (Caused by NewConnectionError(""HTTPConnection(host='localhost', port=80): Failed to establish a new connection: [Errno 111] Connection refused""))"
2026-09-09T20:52:37.767972,1786374210148,GET,http://localhost/api/cicd/status/40665,0,7.51,"HTTPConnectionPool(host='localhost', port=80): Max retries exceeded with url: /api/cicd/status/40665 (Caused by NewConnectionError(""HTTPConnection(host='localhost', port=80): Failed to establish a new connection: [Errno 111] Connection refused""))"
2026-09-09T20:52:37.768392,1786373852673,POST,http://localhost/api/cicd/execute,0,6.85,"HTTPConnectionPool(host='localhost', port=80): Max retries exceeded with url: /api/cicd/execute (Caused by NewConnectionError(""HTTPConnection(host='localhost', port=80): Failed to establish a new connection: [Errno 111] Connection refused""))"
2026-09-09T20:52:37.768850,1786373852673,POST,http://localhost/api/cicd/execute,0,10.7,"HTTPConnectionPool(host='localhost', port=80): Max retries exceeded with url: /api/cicd/execute (Caused by NewConnectionError(""HTTPConnection(host='localhost', port=80): Failed to establish a new connection: [Errno 111] Connection refused""))"
2026-09-09T20:52:37.769249,1786374210148,GET,http://localhost/api/cicd/status/40665,0,13.57,"HTTPConnectionPool(host='localhost', port=80): Max retries exceeded with url: /api/cicd/status/40665 (Caused by NewConnectionError(""HTTPConnection(host='localhost', port=80): Failed to establish a new connection: [Errno 111] Connection refused""))"
2026-09-09T20:52:37.769465,1786374210148,GET,http://localhost/api/cicd/status/40665,0,5.07,"HTTPConnectionPool(host='localhost', port=80): Max retries exceeded with url: /api/cicd/status/40665 (Caused by NewConnectionError(""HTTPConnection(host='localhost', port=80): Failed to establish a new connection: [Errno 111] Connection refused""))"
2026-09-09T20:52:37.877455,1786373852673,POST,http://localhost/api/cicd/execute,0,13.14,"HTTPConnectionPool(host='localhost', port=80): Max retries exceeded with url: /api/cicd/execute (Caused by NewConnectionError(""HTTPConnection(host='localhost', port=80): Failed to establish a new connection: [Errno 111] Connection refused""))"
2026-09-09T20:52:37.884758,1786374210148,GET,http://localhost/api/cicd/status/40665,0,13.54,"HTTPConnectionPool(host='localhost', port=80): Max retries exceeded with url: /api/cicd/status/40665 (Caused by NewConnectionError(""HTTPConnection(host='localhost', port=80): Failed to establish a new connection: [Errno 111] Connection refused""))"
2026-09-09T20:52:37.885107,1786374210148,GET,http://localhost/api/cicd/status/40665,0,16.06,"HTTPConnectionPool(host='localhost', port=80): Max retries exceeded with url: /api/cicd/status/40665 (Caused by NewConnectionError(""HTTPConnection(host='localhost', port=80): Failed to establish a new connection: [Errno 111] Connection refused""))"
2026-09-09T20:52:37.885524,1786373852673,POST,http://localhost/api/cicd/execute,0,15.41,"HTTPConnectionPool(host='localhost', port=80): Max retries exceeded with url: /api/cicd/execute (Caused by NewConnectionError(""HTTPConnection(host='localhost', port=80): Failed to establish a new connection: [Errno 111] Connection refused""))"
2026-09-09T20:52:37.885718,1786373852673,POST,http://localhost/api/cicd/execute,0,13.33,"HTTPConnectionPool(host='localhost', port=80): Max retries exceeded with url: /api/cicd/execute (Caused by NewConnectionError(""HTTPConnection(host='localhost', port=80): Failed to establish a new connection: [Errno 111] Connection refused""))"
2026-09-09T20:52:37.886392,1786374210148,GET,http://localhost/api/cicd/status/40665,0,19.01,"HTTPConnectionPool(host='localhost', port=80): Max retries exceeded with url: /api/cicd/status/40665 (Caused by NewConnectionError(""HTTPConnection(host='localhost', port=80): Failed to establish a new connection: [Errno 111] Connection refused""))"
2026-09-09T20:52:37.886770,1786374210148,GET,http://localhost/api/cicd/status/40665,0,7.25,"HTTPConnectionPool(host='localhost', port=80): Max retries exceeded with url: /api/cicd/status/40665 (Caused by NewConnectionError(""HTTPConnection(host='localhost', port=80): Failed to establish a new connection: [Errno 111] Connection refused""))"
2026-09-09T20:52:37.886997,1786373852673,POST,http://localhost/api/cicd/execute,0,12.37,"HTTPConnectionPool(host='localhost', port=80): Max retries exceeded with url: /api/cicd/execute (Caused by NewConnectionError(""HTTPConnection(host='localhost', port=80): Failed to establish a new connection: [Errno 111] Connection refused""))"
2026-09-09T20:52:37.887202,1786374210148,GET,http://localhost/api/cicd/status/40665,0,10.96,"HTTPConnectionPool(host='localhost', port=80): Max retries exceeded with url: /api/cicd/status/40665 (Caused by NewConnectionError(""HTTPConnection(host='localhost', port=80): Failed to establish a new connection: [Errno 111] Connection refused""))"
2026-09-09T20:52:37.887569,1786373852673,POST,http://localhost/api/cicd/execute,0,14.06,"HTTPConnectionPool(host='localhost', port=80): Max retries exceeded with url: /api/cicd/execute (Caused by NewConnectionError(""HTTPConnection(host='localhost', port=80): Failed to establish a new connection: [Errno 111] Connection refused""))"
2026-09-09T20:52:37.979583,1786374210148,GET,http://localhost/api/cicd/status/40665,0,1.93,"HTTPConnectionPool(host='localhost', port=80): Max retries exceeded with url: /api/cicd/status/40665 (Caused by NewConnectionError(""HTTPConnection(host='localhost', port=80): Failed to establish a new connection: [Errno 111] Connection refused""))"
2026-09-09T20:52:37.997192,1786373852673,POST,http://localhost/api/cicd/execute,0,12.26,"HTTPConnectionPool(host='localhost', port=80): Max retries exceeded with url: /api/cicd/execute (Caused by NewConnectionError(""HTTPConnection(host='localhost', port=80): Failed to establish a new connection: [Errno 111] Connection refused""))"
2026-09-09T20:52:37.997565,1786374210148,GET,http://localhost/api/cicd/status/40665,0,9.32,"HTTPConnectionPool(host='localhost', port=80): Max retries exceeded with url: /api/cicd/status/40665 (Caused by NewConnectionError(""HTTPConnection(host='localhost', port=80): Failed to establish a new connection: [Errno 111] Connection refused""))"
2026-09-09T20:52:37.997949,1786373852673,POST,http://localhost/api/cicd/execute,0,7.35,"HTTPConnectionPool(host='localhost', port=80): Max retries exceeded with url: /api/cicd/execute (Caused by NewConnectionError(""HTTPConnection(host='localhost', port=80): Failed to establish a new connection: [Errno 111] Connection refused""))"
2026-09-09T20:52:37.998303,1786373852673,POST,http://localhost/api/cicd/execute,0,12.24,"HTTPConnectionPool(host='localhost', port=80): Max retries exceeded with url: /api/cicd/execute (Caused by NewConnectionError(""HTTPConnection(host='localhost', port=80): Failed to establish a new connection: [Errno 111] Connection refused""))"
2026-09-09T20:52:37.999195,1786374210148,GET,http://localhost/api/cicd/status/40665,0,7.48,"HTTPConnectionPool(host='localhost', port=80): Max retries exceeded with url: /api/cicd/status/40665 (Caused by NewConnectionError(""HTTPConnection(host='localhost', port=80): Failed to establish a new connection: [Errno 111] Connection refused""))"
2026-09-09T20:52:37.999402,1786373852673,POST,http://localhost/api/cicd/execute,0,6.61,"HTTPConnectionPool(host='localhost', port=80): Max retries exceeded with url: /api/cicd/execute (Caused by NewConnectionError(""HTTPConnection(host='localhost', port=80): Failed to establish a new connection: [Errno 111] Connection refused""))"
2026-09-09T20:52:37.999658,1786373852673,POST,http://localhost/api/cicd/execute,0,10.27,"HTTPConnectionPool(host='localhost', port=80): Max retries exceeded with url: /api/cicd/execute (Caused by NewConnectionError(""HTTPConnection(host='localhost', port=80): Failed to establish a new connection: [Errno 111] Connection refused""))"
2026-09-09T20:52:38.000172,1786374210148,GET,http://localhost/api/cicd/status/40665,0,5.94,"HTTPConnectionPool(host='localhost', port=80): Max retries exceeded with url: /api/cicd/status/40665 (Caused by NewConnectionError(""HTTPConnection(host='localhost', port=80): Failed to establish a new connection: [Errno 111] Connection refused""))"
2026-09-09T20:52:38.000583,1786374210148,GET,http://localhost/api/cicd/status/40665,0,13.4,"HTTPConnectionPool(host='localhost', port=80): Max retries exceeded with url: /api/cicd/status/40665 (Caused by NewConnectionError(""HTTPConnection(host='localhost', port=80): Failed to establish a new connection: [Errno 111] Connection refused""))"
2026-09-09T20:52:38.081499,1786373852673,POST,http://localhost/api/cicd/execute,0,1.77,"HTTPConnectionPool(host='localhost', port=80): Max retries exceeded with url: /api/cicd/execute (Caused by NewConnectionError(""HTTPConnection(host='localhost', port=80): Failed to establish a new connection: [Errno 111] Connection refused""))"
2026-09-09T20:52:38.109420,1786374210148,GET,http://localhost/api/cicd/status/40665,0,6.46,"HTTPConnectionPool(host='localhost', port=80): Max retries exceeded with url: /api/cicd/status/40665 (Caused by NewConnectionError(""HTTPConnection(host='localhost', port=80): Failed to establish a new connection: [Errno 111] Connection refused""))"
2026-09-09T20:52:38.109978,1786374210148,GET,http://localhost/api/cicd/status/40665,0,12.65,"HTTPConnectionPool(host='localhost', port=80): Max retries exceeded with url: /api/cicd/status/40665 (Caused by NewConnectionError(""HTTPConnection(host='localhost', port=80): Failed to establish a new connection: [Errno 111] Connection refused""))"
2026-09-09T20:52:38.110288,1786373852673,POST,http://localhost/api/cicd/execute,0,8.45,"HTTPConnectionPool(host='localhost', port=80): Max retries exceeded with url: /api/cicd/execute (Caused by NewConnectionError(""HTTPConnection(host='localhost', port=80): Failed to establish a new connection: [Errno 111] Connection refused""))"
2026-09-09T20:52:38.110601,1786373852673,POST,http://localhost/api/cicd/execute,0,12.18,"HTTPConnectionPool(host='localhost', port=80): Max retries exceeded with url: /api/cicd/execute (Caused by NewConnectionError(""HTTPConnection(host='localhost', port=80): Failed to establish a new connection: [Errno 111] Connection refused""))"
2026-09-09T20:52:38.110992,1786374210148,GET,http://localhost/api/cicd/status/40665,0,4.47,"HTTPConnectionPool(host='localhost', port=80): Max retries exceeded with url: /api/cicd/status/40665 (Caused by NewConnectionError(""HTTPConnection(host='localhost', port=80): Failed to establish a new connection: [Errno 111] Connection refused""))"
2026-09-09T20:52:38.111299,1786374210148,GET,http://localhost/api/cicd/status/40665,0,11.75,"HTTPConnectionPool(host='localhost', port=80): Max retries exceeded with url: /api/cicd/status/40665 (Caused by NewConnectionError(""HTTPConnection(host='localhost', port=80): Failed to establish a new connection: [Errno 111] Connection refused""))"
2026-09-09T20:52:38.112004,1786374210148,GET,http://localhost/api/cicd/status/40665,0,11.38,"HTTPConnectionPool(host='localhost', port=80): Max retries exceeded with url: /api/cicd/status/40665 (Caused by NewConnectionError(""HTTPConnection(host='localhost', port=80): Failed to establish a new connection: [Errno 111] Connection refused""))"
2026-09-09T20:52:38.112464,1786373852673,POST,http://localhost/api/cicd/execute,0,7.3,"HTTPConnectionPool(host='localhost', port=80): Max retries exceeded with url: /api/cicd/execute (Caused by NewConnectionError(""HTTPConnection(host='localhost', port=80): Failed to establish a new connection: [Errno 111] Connection refused""))"
2026-09-09T20:52:38.112724,1786373852673,POST,http://localhost/api/cicd/execute,0,8.68,"HTTPConnectionPool(host='localhost', port=80): Max retries exceeded with url: /api/cicd/execute (Caused by NewConnectionError(""HTTPConnection(host='localhost', port=80): Failed to establish a new connection: [Errno 111] Connection refused""))"
2026-09-09T20:52:38.183568,1786374210148,GET,http://localhost/api/cicd/status/40665,0,1.89,"HTTPConnectionPool(host='localhost', port=80): Max retries exceeded with url: /api/cicd/status/40665 (Caused by NewConnectionError(""HTTPConnection(host='localhost', port=80): Failed to establish a new connection: [Errno 111] Connection refused""))"
2026-09-09T20:52:38.221365,1786374210148,GET,http://localhost/api/cicd/status/40665,0,10.6,"HTTPConnectionPool(host='localhost', port=80): Max retries exceeded with url: /api/cicd/status/40665 (Caused by NewConnectionError(""HTTPConnection(host='localhost', port=80): Failed to establish a new connection: [Errno 111] Connection refused""))"
2026-09-09T20:52:38.221751,1786373852673,POST,http://localhost/api/cicd/execute,0,7.67,"HTTPConnectionPool(host='localhost', port=80): Max retries exceeded with url: /api/cicd/execute (Caused by NewConnectionError(""HTTPConnection(host='localhost', port=80): Failed to establish a new connection: [Errno 111] Connection refused""))"
2026-09-09T20:52:38.222190,1786374210148,GET,http://localhost/api/cicd/status/40665,0,5.91,"HTTPConnectionPool(host='localhost', port=80): Max retries exceeded with url: /api/cicd/status/40665 (Caused by NewConnectionError(""HTTPConnection(host='localhost', port=80): Failed to establish a new connection: [Errno 111] Connection refused""))"
2026-09-09T20:52:38.222486,1786373852673,POST,http://localhost/api/cicd/execute,0,5.16,"HTTPConnectionPool(host='localhost', port=80): Max retries exceeded with url: /api/cicd/execute (Caused by NewConnectionError(""HTTPConnection(host='localhost', port=80): Failed to establish a new connection: [Errno 111] Connection refused""))"
2026-09-09T20:52:38.222984,1786374210148,GET,http://localhost/api/cicd/status/40665,0,11.13,"HTTPConnectionPool(host='localhost', port=80): Max retries exceeded with url: /api/cicd/status/40665 (Caused by NewConnectionError(""HTTPConnection(host='localhost', port=80): Failed to establish a new connection: [Errno 111] Connection refused""))"
2026-09-09T20:52:38.223363,1786374210148,GET,http://localhost/api/cicd/status/40665,0,10.47,"HTTPConnectionPool(host='localhost', port=80): Max retries exceeded with url: /api/cicd/status/40665 (Caused by NewConnectionError(""HTTPConnection(host='localhost', port=80): Failed to establish a new connection: [Errno 111] Connection refused""))"
2026-09-09T20:52:38.223813,1786373852673,POST,http://localhost/api/cicd/execute,0,14.21,"HTTPConnectionPool(host='localhost', port=80): Max retries exceeded with url: /api/cicd/execute (Caused by NewConnectionError(""HTTPConnection(host='localhost', port=80): Failed to establish a new connection: [Errno 111] Connection refused""))"
2026-09-09T20:52:38.224181,1786373852673,POST,http://localhost/api/cicd/execute,0,5.67,"HTTPConnectionPool(host='localhost', port=80): Max retries exceeded with url: /api/cicd/execute (Caused by NewConnectionError(""HTTPConnection(host='localhost', port=80): Failed to establish a new connection: [Errno 111] Connection refused""))"
2026-09-09T20:52:38.224450,1786373852673,POST,http://localhost/api/cicd/execute,0,9.26,"HTTPConnectionPool(host='localhost', port=80): Max retries exceeded with url: /api/cicd/execute (Caused by NewConnectionError(""HTTPConnection(host='localhost', port=80): Failed to establish a new connection: [Errno 111] Connection refused""))"
2026-09-09T20:52:38.285471,1786373852673,POST,http://localhost/api/cicd/execute,0,1.72,"HTTPConnectionPool(host='localhost', port=80): Max retries exceeded with url: /api/cicd/execute (Caused by NewConnectionError(""HTTPConnection(host='localhost', port=80): Failed to establish a new connection: [Errno 111] Connection refused""))"
2026-09-09T20:52:38.334028,1786374210148,GET,http://localhost/api/cicd/status/40665,0,8.6,"HTTPConnectionPool(host='localhost', port=80): Max retries exceeded with url: /api/cicd/status/40665 (Caused by NewConnectionError(""HTTPConnection(host='localhost', port=80): Failed to establish a new connection: [Errno 111] Connection refused""))"
2026-09-09T20:52:38.334955,1786373852673,POST,http://localhost/api/cicd/execute,0,13.41,"HTTPConnectionPool(host='localhost', port=80): Max retries exceeded with url: /api/cicd/execute (Caused by NewConnectionError(""HTTPConnection(host='localhost', port=80): Failed to establish a new connection: [Errno 111] Connection refused""))"
2026-09-09T20:52:38.335398,1786373852673,POST,http://localhost/api/cicd/execute,0,7.53,"HTTPConnectionPool(host='localhost', port=80): Max retries exceeded with url: /api/cicd/execute (Caused by NewConnectionError(""HTTPConnection(host='localhost', port=80): Failed to establish a new connection: [Errno 111] Connection refused""))"
2026-09-09T20:52:38.335883,1786374210148,GET,http://localhost/api/cicd/status/40665,0,5.24,"HTTPConnectionPool(host='localhost', port=80): Max retries exceeded with url: /api/cicd/status/40665 (Caused by NewConnectionError(""HTTPConnection(host='localhost', port=80): Failed to establish a new connection: [Errno 111] Connection refused""))"
2026-09-09T20:52:38.336396,1786373852673,POST,http://localhost/api/cicd/execute,0,9.66,"HTTPConnectionPool(host='localhost', port=80): Max retries exceeded with url: /api/cicd/execute (Caused by NewConnectionError(""HTTPConnection(host='localhost', port=80): Failed to establish a new connection: [Errno 111] Connection refused""))"
2026-09-09T20:52:38.336807,1786374210148,GET,http://localhost/api/cicd/status/40665,0,14.17,"HTTPConnectionPool(host='localhost', port=80): Max retries exceeded with url: /api/cicd/status/40665 (Caused by NewConnectionError(""HTTPConnection(host='localhost', port=80): Failed to establish a new connection: [Errno 111] Connection refused""))"
2026-09-09T20:52:38.337044,1786374210148,GET,http://localhost/api/cicd/status/40665,0,12.69,"HTTPConnectionPool(host='localhost', port=80): Max retries exceeded with url: /api/cicd/status/40665 (Caused by NewConnectionError(""HTTPConnection(host='localhost', port=80): Failed to establish a new connection: [Errno 111] Connection refused""))"
2026-09-09T20:52:38.337322,1786373852673,POST,http://localhost/api/cicd/execute,0,5.14,"HTTPConnectionPool(host='localhost', port=80): Max retries exceeded with url: /api/cicd/execute (Caused by NewConnectionError(""HTTPConnection(host='localhost', port=80): Failed to establish a new connection: [Errno 111] Connection refused""))"
2026-09-09T20:52:38.337700,1786374210148,GET,http://localhost/api/cicd/status/40665,0,8.39,"HTTPConnectionPool(host='localhost', port=80): Max retries exceeded with url: /api/cicd/status/40665 (Caused by NewConnectionError(""HTTPConnection(host='localhost', port=80): Failed to establish a new connection: [Errno 111] Connection refused""))"
2026-09-09T20:52:38.387333,1786374210148,GET,http://localhost/api/cicd/status/40665,0,1.68,"HTTPConnectionPool(host='localhost', port=80): Max retries exceeded with url: /api/cicd/status/40665 (Caused by NewConnectionError(""HTTPConnection(host='localhost', port=80): Failed to establish a new connection: [Errno 111] Connection refused""))"
2026-09-09T20:52:38.449449,1786373852673,POST,http://localhost/api/cicd/execute,0,15.22,"HTTPConnectionPool(host='localhost', port=80): Max retries exceeded with url: /api/cicd/execute (Caused by NewConnectionError(""HTTPConnection(host='localhost', port=80): Failed to establish a new connection: [Errno 111] Connection refused""))"
2026-09-09T20:52:38.450586,1786374210148,GET,http://localhost/api/cicd/status/40665,0,12.98,"HTTPConnectionPool(host='localhost', port=80): Max retries exceeded with url: /api/cicd/status/40665 (Caused by NewConnectionError(""HTTPConnection(host='localhost', port=80): Failed to establish a new connection: [Errno 111] Connection refused""))"
2026-09-09T20:52:38.450882,1786373852673,POST,http://localhost/api/cicd/execute,0,7.44,"HTTPConnectionPool(host='localhost', port=80): Max retries exceeded with url: /api/cicd/execute (Caused by NewConnectionError(""HTTPConnection(host='localhost', port=80): Failed to establish a new connection: [Errno 111] Connection refused""))"
2026-09-09T20:52:38.451183,1786374210148,GET,http://localhost/api/cicd/status/40665,0,12.15,"HTTPConnectionPool(host='localhost', port=80): Max retries exceeded with url: /api/cicd/status/40665 (Caused by NewConnectionError(""HTTPConnection(host='localhost', port=80): Failed to establish a new connection: [Errno 111] Connection refused""))"
2026-09-09T20:52:38.451701,1786374210148,GET,http://localhost/api/cicd/status/40665,0,16.39,"HTTPConnectionPool(host='localhost', port=80): Max retries exceeded with url: /api/cicd/status/40665 (Caused by NewConnectionError(""HTTPConnection(host='localhost', port=80): Failed to establish a new connection: [Errno 111] Connection refused""))"
2026-09-09T20:52:38.451923,1786373852673,POST,http://localhost/api/cicd/execute,0,11.81,"HTTPConnectionPool(host='localhost', port=80): Max retries exceeded with url: /api/cicd/execute (Caused by NewConnectionError(""HTTPConnection(host='localhost', port=80): Failed to establish a new connection: [Errno 111] Connection refused""))"
2026-09-09T20:52:38.452253,1786373852673,POST,http://localhost/api/cicd/execute,0,15.75,"HTTPConnectionPool(host='localhost', port=80): Max retries exceeded with url: /api/cicd/execute (Caused by NewConnectionError(""HTTPConnection(host='localhost', port=80): Failed to establish a new connection: [Errno 111] Connection refused""))"
2026-09-09T20:52:38.452668,1786374210148,GET,http://localhost/api/cicd/status/40665,0,11.43,"HTTPConnectionPool(host='localhost', port=80): Max retries exceeded with url: /api/cicd/status/40665 (Caused by NewConnectionError(""HTTPConnection(host='localhost', port=80): Failed to establish a new connection: [Errno 111] Connection refused""))"
2026-09-09T20:52:38.452929,1786373852673,POST,http://localhost/api/cicd/execute,0,10.62,"HTTPConnectionPool(host='localhost', port=80): Max retries exceeded with url: /api/cicd/execute (Caused by NewConnectionError(""HTTPConnection(host='localhost', port=80): Failed to establish a new connection: [Errno 111] Connection refused""))"
2026-09-09T20:52:38.489167,1786373852673,POST,http://localhost/api/cicd/execute,0,1.65,"HTTPConnectionPool(host='localhost', port=80): Max retries exceeded with url: /api/cicd/execute (Caused by NewConnectionError(""HTTPConnection(host='localhost', port=80): Failed to establish a new connection: [Errno 111] Connection refused""))"
2026-09-09T20:52:38.561077,1786374210148,GET,http://localhost/api/cicd/status/40665,0,11.44,"HTTPConnectionPool(host='localhost', port=80): Max retries exceeded with url: /api/cicd/status/40665 (Caused by NewConnectionError(""HTTPConnection(host='localhost', port=80): Failed to establish a new connection: [Errno 111] Connection refused""))"
2026-09-09T20:52:38.562347,1786373852673,POST,http://localhost/api/cicd/execute,0,9.34,"HTTPConnectionPool(host='localhost', port=80): Max retries exceeded with url: /api/cicd/execute (Caused by NewConnectionError(""HTTPConnection(host='localhost', port=80): Failed to establish a new connection: [Errno 111] Connection refused""))"
2026-09-09T20:52:38.562781,1786374210148,GET,http://localhost/api/cicd/status/40665,0,10.84,"HTTPConnectionPool(host='localhost', port=80): Max retries exceeded with url: /api/cicd/status/40665 (Caused by NewConnectionError(""HTTPConnection(host='localhost', port=80): Failed to establish a new connection: [Errno 111] Connection refused""))"
2026-09-09T20:52:38.563096,1786373852673,POST,http://localhost/api/cicd/execute,0,8.98,"HTTPConnectionPool(host='localhost', port=80): Max retries exceeded with url: /api/cicd/execute (Caused by NewConnectionError(""HTTPConnection(host='localhost', port=80): Failed to establish a new connection: [Errno 111] Connection refused""))"
2026-09-09T20:52:38.564178,1786374210148,GET,http://localhost/api/cicd/status/40665,0,6.67,"HTTPConnectionPool(host='localhost', port=80): Max retries exceeded with url: /api/cicd/status/40665 (Caused by NewConnectionError(""HTTPConnection(host='localhost', port=80): Failed to establish a new connection: [Errno 111] Connection refused""))"
2026-09-09T20:52:38.564604,1786374210148,GET,http://localhost/api/cicd/status/40665,0,9.25,"HTTPConnectionPool(host='localhost', port=80): Max retries exceeded with url: /api/cicd/status/40665 (Caused by NewConnectionError(""HTTPConnection(host='localhost', port=80): Failed to establish a new connection: [Errno 111] Connection refused""))"
2026-09-09T20:52:38.564966,1786374210148,GET,http://localhost/api/cicd/status/40665,0,6.1,"HTTPConnectionPool(host='localhost', port=80): Max retries exceeded with url: /api/cicd/status/40665 (Caused by NewConnectionError(""HTTPConnection(host='localhost', port=80): Failed to establish a new connection: [Errno 111] Connection refused""))"
2026-09-09T20:52:38.565296,1786373852673,POST,http://localhost/api/cicd/execute,0,8.87,"HTTPConnectionPool(host='localhost', port=80): Max retries exceeded with url: /api/cicd/execute (Caused by NewConnectionError(""HTTPConnection(host='localhost', port=80): Failed to establish a new connection: [Errno 111] Connection refused""))"
2026-09-09T20:52:38.565524,1786373852673,POST,http://localhost/api/cicd/execute,0,14.76,"HTTPConnectionPool(host='localhost', port=80): Max retries exceeded with url: /api/cicd/execute (Caused by NewConnectionError(""HTTPConnection(host='localhost', port=80): Failed to establish a new connection: [Errno 111] Connection refused""))"
2026-09-09T20:52:38.590978,1786374210148,GET,http://localhost/api/cicd/status/40665,0,1.63,"HTTPConnectionPool(host='localhost', port=80): Max retries exceeded with url: /api/cicd/status/40665 (Caused by NewConnectionError(""HTTPConnection(host='localhost', port=80): Failed to establish a new connection: [Errno 111] Connection refused""))"
2026-09-09T20:52:38.673112,1786374210148,GET,http://localhost/api/cicd/status/40665,0,10.63,"HTTPConnectionPool(host='localhost', port=80): Max retries exceeded with url: /api/cicd/status/40665 (Caused by NewConnectionError(""HTTPConnection(host='localhost', port=80): Failed to establish a new connection: [Errno 111] Connection refused""))"
2026-09-09T20:52:38.673503,1786373852673,POST,http://localhost/api/cicd/execute,0,12.25,"HTTPConnectionPool(host='localhost', port=80): Max retries exceeded with url: /api/cicd/execute (Caused by NewConnectionError(""HTTPConnection(host='localhost', port=80): Failed to establish a new connection: [Errno 111] Connection refused""))"
2026-09-09T20:52:38.674232,1786374210148,GET,http://localhost/api/cicd/status/40665,0,6.78,"HTTPConnectionPool(host='localhost', port=80): Max retries exceeded with url: /api/cicd/status/40665 (Caused by NewConnectionError(""HTTPConnection(host='localhost', port=80): Failed to establish a new connection: [Errno 111] Connection refused""))"
2026-09-09T20:52:38.674607,1786373852673,POST,http://localhost/api/cicd/execute,0,8.27,"HTTPConnectionPool(host='localhost', port=80): Max retries exceeded with url: /api/cicd/execute (Caused by NewConnectionError(""HTTPConnection(host='localhost', port=80): Failed to establish a new connection: [Errno 111] Connection refused""))"
2026-09-09T20:52:38.675025,1786374210148,GET,http://localhost/api/cicd/status/40665,0,6.13,"HTTPConnectionPool(host='localhost', port=80): Max retries exceeded with url: /api/cicd/status/40665 (Caused by NewConnectionError(""HTTPConnection(host='localhost', port=80): Failed to establish a new connection: [Errno 111] Connection refused""))"
2026-09-09T20:52:38.675536,1786373852673,POST,http://localhost/api/cicd/execute,0,10.76,"HTTPConnectionPool(host='localhost', port=80): Max retries exceeded with url: /api/cicd/execute (Caused by NewConnectionError(""HTTPConnection(host='localhost', port=80): Failed to establish a new connection: [Errno 111] Connection refused""))"
2026-09-09T20:52:38.676122,1786373852673,POST,http://localhost/api/cicd/execute,0,12.45,"HTTPConnectionPool(host='localhost', port=80): Max retries exceeded with url: /api/cicd/execute (Caused by NewConnectionError(""HTTPConnection(host='localhost', port=80): Failed to establish a new connection: [Errno 111] Connection refused""))"
2026-09-09T20:52:38.676530,1786374210148,GET,http://localhost/api/cicd/status/40665,0,5.08,"HTTPConnectionPool(host='localhost', port=80): Max retries exceeded with url: /api/cicd/status/40665 (Caused by NewConnectionError(""HTTPConnection(host='localhost', port=80): Failed to establish a new connection: [Errno 111] Connection refused""))"
2026-09-09T20:52:38.676860,1786373852673,POST,http://localhost/api/cicd/execute,0,6.62,"HTTPConnectionPool(host='localhost', port=80): Max retries exceeded with url: /api/cicd/execute (Caused by NewConnectionError(""HTTPConnection(host='localhost', port=80): Failed to establish a new connection: [Errno 111] Connection refused""))"
2026-09-09T20:52:38.693354,1786373852673,POST,http://localhost/api/cicd/execute,0,2.19,"HTTPConnectionPool(host='localhost', port=80): Max retries exceeded with url: /api/cicd/execute (Caused by NewConnectionError(""HTTPConnection(host='localhost', port=80): Failed to establish a new connection: [Errno 111] Connection refused""))"
2026-09-09T20:52:38.785226,1786374210148,GET,http://localhost/api/cicd/status/40665,0,4.1,"HTTPConnectionPool(host='localhost', port=80): Max retries exceeded with url: /api/cicd/status/40665 (Caused by NewConnectionError(""HTTPConnection(host='localhost', port=80): Failed to establish a new connection: [Errno 111] Connection refused""))"
2026-09-09T20:52:38.785701,1786373852673,POST,http://localhost/api/cicd/execute,0,12.39,"HTTPConnectionPool(host='localhost', port=80): Max retries exceeded with url: /api/cicd/execute (Caused by NewConnectionError(""HTTPConnection(host='localhost', port=80): Failed to establish a new connection: [Errno 111] Connection refused""))"
2026-09-09T20:52:38.786263,1786374210148,GET,http://localhost/api/cicd/status/40665,0,6.28,"HTTPConnectionPool(host='localhost', port=80): Max retries exceeded with url: /api/cicd/status/40665 (Caused by NewConnectionError(""HTTPConnection(host='localhost', port=80): Failed to establish a new connection: [Errno 111] Connection refused""))"
2026-09-09T20:52:38.786511,1786374210148,GET,http://localhost/api/cicd/status/40665,0,3.86,"HTTPConnectionPool(host='localhost', port=80): Max retries exceeded with url: /api/cicd/status/40665 (Caused by NewConnectionError(""HTTPConnection(host='localhost', port=80): Failed to establish a new connection: [Errno 111] Connection refused""))"
2026-09-09T20:52:38.786922,1786373852673,POST,http://localhost/api/cicd/execute,0,11.36,"HTTPConnectionPool(host='localhost', port=80): Max retries exceeded with url: /api/cicd/execute (Caused by NewConnectionError(""HTTPConnection(host='localhost', port=80): Failed to establish a new connection: [Errno 111] Connection refused""))"
2026-09-09T20:52:38.787203,1786373852673,POST,http://localhost/api/cicd/execute,0,8.31,"HTTPConnectionPool(host='localhost', port=80): Max retries exceeded with url: /api/cicd/execute (Caused by NewConnectionError(""HTTPConnection(host='localhost', port=80): Failed to establish a new connection: [Errno 111] Connection refused""))"
2026-09-09T20:52:38.787682,1786373852673,POST,http://localhost/api/cicd/execute,0,10.97,"HTTPConnectionPool(host='localhost', port=80): Max retries exceeded with url: /api/cicd/execute (Caused by NewConnectionError(""HTTPConnection(host='localhost', port=80): Failed to establish a new connection: [Errno 111] Connection refused""))"
2026-09-09T20:52:38.787901,1786374210148,GET,http://localhost/api/cicd/status/40665,0,10.08,"HTTPConnectionPool(host='localhost', port=80): Max retries exceeded with url: /api/cicd/status/40665 (Caused by NewConnectionError(""HTTPConnection(host='localhost', port=80): Failed to establish a new connection: [Errno 111] Connection refused""))"
2026-09-09T20:52:38.788270,1786374210148,GET,http://localhost/api/cicd/status/40665,0,13.79,"HTTPConnectionPool(host='localhost', port=80): Max retries exceeded with url: /api/cicd/status/40665 (Caused by NewConnectionError(""HTTPConnection(host='localhost', port=80): Failed to establish a new connection: [Errno 111] Connection refused""))"
2026-09-09T20:52:38.795108,1786374210148,GET,http://localhost/api/cicd/status/40665,0,1.6,"HTTPConnectionPool(host='localhost', port=80): Max retries exceeded with url: /api/cicd/status/40665 (Caused by NewConnectionError(""HTTPConnection(host='localhost', port=80): Failed to establish a new connection: [Errno 111] Connection refused""))"
2026-09-09T20:52:38.903051,1786373852673,POST,http://localhost/api/cicd/execute,0,17.63,"HTTPConnectionPool(host='localhost', port=80): Max retries exceeded with url: /api/cicd/execute (Caused by NewConnectionError(""HTTPConnection(host='localhost', port=80): Failed to establish a new connection: [Errno 111] Connection refused""))"
2026-09-09T20:52:38.903616,1786373852673,POST,http://localhost/api/cicd/execute,0,14.69,"HTTPConnectionPool(host='localhost', port=80): Max retries exceeded with url: /api/cicd/execute (Caused by NewConnectionError(""HTTPConnection(host='localhost', port=80): Failed to establish a new connection: [Errno 111] Connection refused""))"
2026-09-09T20:52:38.904209,1786373852673,POST,http://localhost/api/cicd/execute,0,5.09,"HTTPConnectionPool(host='localhost', port=80): Max retries exceeded with url: /api/cicd/execute (Caused by NewConnectionError(""HTTPConnection(host='localhost', port=80): Failed to establish a new connection: [Errno 111] Connection refused""))"
2026-09-09T20:52:38.904708,1786374210148,GET,http://localhost/api/cicd/status/40665,0,12.49,"HTTPConnectionPool(host='localhost', port=80): Max retries exceeded with url: /api/cicd/status/40665 (Caused by NewConnectionError(""HTTPConnection(host='localhost', port=80): Failed to establish a new connection: [Errno 111] Connection refused""))"
2026-09-09T20:52:38.905253,1786374210148,GET,http://localhost/api/cicd/status/40665,0,18.49,"HTTPConnectionPool(host='localhost', port=80): Max retries exceeded with url: /api/cicd/status/40665 (Caused by NewConnectionError(""HTTPConnection(host='localhost', port=80): Failed to establish a new connection: [Errno 111] Connection refused""))"
2026-09-09T20:52:38.905475,1786374210148,GET,http://localhost/api/cicd/status/40665,0,7.82,"HTTPConnectionPool(host='localhost', port=80): Max retries exceeded with url: /api/cicd/status/40665 (Caused by NewConnectionError(""HTTPConnection(host='localhost', port=80): Failed to establish a new connection: [Errno 111] Connection refused""))"
2026-09-09T20:52:38.905712,1786373852673,POST,http://localhost/api/cicd/execute,0,9.86,"HTTPConnectionPool(host='localhost', port=80): Max retries exceeded with url: /api/cicd/execute (Caused by NewConnectionError(""HTTPConnection(host='localhost', port=80): Failed to establish a new connection: [Errno 111] Connection refused""))"
2026-09-09T20:52:38.905968,1786373852673,POST,http://localhost/api/cicd/execute,0,12.69,"HTTPConnectionPool(host='localhost', port=80): Max retries exceeded with url: /api/cicd/execute (Caused by NewConnectionError(""HTTPConnection(host='localhost', port=80): Failed to establish a new connection: [Errno 111] Connection refused""))"
2026-09-09T20:52:38.906672,1786373852673,POST,http://localhost/api/cicd/execute,0,18.85,"HTTPConnectionPool(host='localhost', port=80): Max retries exceeded with url: /api/cicd/execute (Caused by NewConnectionError(""HTTPConnection(host='localhost', port=80): Failed to establish a new connection: [Errno 111] Connection refused""))"
2026-09-09T20:52:38.907013,1786374210148,GET,http://localhost/api/cicd/status/40665,0,15.85,"HTTPConnectionPool(host='localhost', port=80): Max retries exceeded with url: /api/cicd/status/40665 (Caused by NewConnectionError(""HTTPConnection(host='localhost', port=80): Failed to establish a new connection: [Errno 111] Connection refused""))"
2026-09-09T20:52:39.014164,1786374210148,GET,http://localhost/api/cicd/status/40665,0,9.69,"HTTPConnectionPool(host='localhost', port=80): Max retries exceeded with url: /api/cicd/status/40665 (Caused by NewConnectionError(""HTTPConnection(host='localhost', port=80): Failed to establish a new connection: [Errno 111] Connection refused""))"
2026-09-09T20:52:39.016534,1786374210148,GET,http://localhost/api/cicd/status/40665,0,13.29,"HTTPConnectionPool(host='localhost', port=80): Max retries exceeded with url: /api/cicd/status/40665 (Caused by NewConnectionError(""HTTPConnection(host='localhost', port=80): Failed to establish a new connection: [Errno 111] Connection refused""))"
2026-09-09T20:52:39.017410,1786373852673,POST,http://localhost/api/cicd/execute,0,10.7,"HTTPConnectionPool(host='localhost', port=80): Max retries exceeded with url: /api/cicd/execute (Caused by NewConnectionError(""HTTPConnection(host='localhost', port=80): Failed to establish a new connection: [Errno 111] Connection refused""))"
2026-09-09T20:52:39.017941,1786374210148,GET,http://localhost/api/cicd/status/40665,0,6.54,"HTTPConnectionPool(host='localhost', port=80): Max retries exceeded with url: /api/cicd/status/40665 (Caused by NewConnectionError(""HTTPConnection(host='localhost', port=80): Failed to establish a new connection: [Errno 111] Connection refused""))"
2026-09-09T20:52:39.018321,1786374210148,GET,http://localhost/api/cicd/status/40665,0,12.79,"HTTPConnectionPool(host='localhost', port=80): Max retries exceeded with url: /api/cicd/status/40665 (Caused by NewConnectionError(""HTTPConnection(host='localhost', port=80): Failed to establish a new connection: [Errno 111] Connection refused""))"
2026-09-09T20:52:39.018580,1786373852673,POST,http://localhost/api/cicd/execute,0,3.71,"HTTPConnectionPool(host='localhost', port=80): Max retries exceeded with url: /api/cicd/execute (Caused by NewConnectionError(""HTTPConnection(host='localhost', port=80): Failed to establish a new connection: [Errno 111] Connection refused""))"
2026-09-09T20:52:39.019091,1786373852673,POST,http://localhost/api/cicd/execute,0,6.26,"HTTPConnectionPool(host='localhost', port=80): Max retries exceeded with url: /api/cicd/execute (Caused by NewConnectionError(""HTTPConnection(host='localhost', port=80): Failed to establish a new connection: [Errno 111] Connection refused""))"
2026-09-09T20:52:39.019301,1786374210148,GET,http://localhost/api/cicd/status/40665,0,10.04,"HTTPConnectionPool(host='localhost', port=80): Max retries exceeded with url: /api/cicd/status/40665 (Caused by NewConnectionError(""HTTPConnection(host='localhost', port=80): Failed to establish a new connection: [Errno 111] Connection refused""))"
2026-09-09T20:52:39.019517,1786373852673,POST,http://localhost/api/cicd/execute,0,9.19,"HTTPConnectionPool(host='localhost', port=80): Max retries exceeded with url: /api/cicd/execute (Caused by NewConnectionError(""HTTPConnection(host='localhost', port=80): Failed to establish a new connection: [Errno 111] Connection refused""))"
2026-09-09T20:52:39.019989,1786374210148,GET,http://localhost/api/cicd/status/40665,0,11.79,"HTTPConnectionPool(host='localhost', port=80): Max retries exceeded with url: /api/cicd/status/40665 (Caused by NewConnectionError(""HTTPConnection(host='localhost', port=80): Failed to establish a new connection: [Errno 111] Connection refused""))"
2026-09-09T20:52:39.116092,1786373852673,POST,http://localhost/api/cicd/execute,0,1.74,"HTTPConnectionPool(host='localhost', port=80): Max retries exceeded with url: /api/cicd/execute (Caused by NewConnectionError(""HTTPConnection(host='localhost', port=80): Failed to establish a new connection: [Errno 111] Connection refused""))"
2026-09-09T20:52:39.129227,1786374210148,GET,http://localhost/api/cicd/status/40665,0,9.59,"HTTPConnectionPool(host='localhost', port=80): Max retries exceeded with url: /api/cicd/status/40665 (Caused by NewConnectionError(""HTTPConnection(host='localhost', port=80): Failed to establish a new connection: [Errno 111] Connection refused""))"
2026-09-09T20:52:39.129623,1786374210148,GET,http://localhost/api/cicd/status/40665,0,11.53,"HTTPConnectionPool(host='localhost', port=80): Max retries exceeded with url: /api/cicd/status/40665 (Caused by NewConnectionError(""HTTPConnection(host='localhost', port=80): Failed to establish a new connection: [Errno 111] Connection refused""))"
2026-09-09T20:52:39.130384,1786374210148,GET,http://localhost/api/cicd/status/40665,0,5.99,"HTTPConnectionPool(host='localhost', port=80): Max retries exceeded with url: /api/cicd/status/40665 (Caused by NewConnectionError(""HTTPConnection(host='localhost', port=80): Failed to establish a new connection: [Errno 111] Connection refused""))"
2026-09-09T20:52:39.131087,1786373852673,POST,http://localhost/api/cicd/execute,0,9.12,"HTTPConnectionPool(host='localhost', port=80): Max retries exceeded with url: /api/cicd/execute (Caused by NewConnectionError(""HTTPConnection(host='localhost', port=80): Failed to establish a new connection: [Errno 111] Connection refused""))"
2026-09-09T20:52:39.131454,1786373852673,POST,http://localhost/api/cicd/execute,0,10.62,"HTTPConnectionPool(host='localhost', port=80): Max retries exceeded with url: /api/cicd/execute (Caused by NewConnectionError(""HTTPConnection(host='localhost', port=80): Failed to establish a new connection: [Errno 111] Connection refused""))"
2026-09-09T20:52:39.131759,1786373852673,POST,http://localhost/api/cicd/execute,0,8.66,"HTTPConnectionPool(host='localhost', port=80): Max retries exceeded with url: /api/cicd/execute (Caused by NewConnectionError(""HTTPConnection(host='localhost', port=80): Failed to establish a new connection: [Errno 111] Connection refused""))"
2026-09-09T20:52:39.132070,1786373852673,POST,http://localhost/api/cicd/execute,0,15.35,"HTTPConnectionPool(host='localhost', port=80): Max retries exceeded with url: /api/cicd/execute (Caused by NewConnectionError(""HTTPConnection(host='localhost', port=80): Failed to establish a new connection: [Errno 111] Connection refused""))"
2026-09-09T20:52:39.132427,1786374210148,GET,http://localhost/api/cicd/status/40665,0,6.64,"HTTPConnectionPool(host='localhost', port=80): Max retries exceeded with url: /api/cicd/status/40665 (Caused by NewConnectionError(""HTTPConnection(host='localhost', port=80): Failed to establish a new connection: [Errno 111] Connection refused""))"
2026-09-09T20:52:39.132671,1786373852673,POST,http://localhost/api/cicd/execute,0,5.55,"HTTPConnectionPool(host='localhost', port=80): Max retries exceeded with url: /api/cicd/execute (Caused by NewConnectionError(""HTTPConnection(host='localhost', port=80): Failed to establish a new connection: [Errno 111] Connection refused""))"
2026-09-09T20:52:39.218082,1786374210148,GET,http://localhost/api/cicd/status/40665,0,1.77,"HTTPConnectionPool(host='localhost', port=80): Max retries exceeded with url: /api/cicd/status/40665 (Caused by NewConnectionError(""HTTPConnection(host='localhost', port=80): Failed to establish a new connection: [Errno 111] Connection refused""))"
2026-09-09T20:52:39.241662,1786373852673,POST,http://localhost/api/cicd/execute,0,7.75,"HTTPConnectionPool(host='localhost', port=80): Max retries exceeded with url: /api/cicd/execute (Caused by NewConnectionError(""HTTPConnection(host='localhost', port=80): Failed to establish a new connection: [Errno 111] Connection refused""))"
2026-09-09T20:52:39.242060,1786374210148,GET,http://localhost/api/cicd/status/40665,0,6.96,"HTTPConnectionPool(host='localhost', port=80): Max retries exceeded with url: /api/cicd/status/40665 (Caused by NewConnectionError(""HTTPConnection(host='localhost', port=80): Failed to establish a new connection: [Errno 111] Connection refused""))"
2026-09-09T20:52:39.242738,1786373852673,POST,http://localhost/api/cicd/execute,0,13.38,"HTTPConnectionPool(host='localhost', port=80): Max retries exceeded with url: /api/cicd/execute (Caused by NewConnectionError(""HTTPConnection(host='localhost', port=80): Failed to establish a new connection: [Errno 111] Connection refused""))"
2026-09-09T20:52:39.243226,1786373852673,POST,http://localhost/api/cicd/execute,0,12.67,"HTTPConnectionPool(host='localhost', port=80): Max retries exceeded with url: /api/cicd/execute (Caused by NewConnectionError(""HTTPConnection(host='localhost', port=80): Failed to establish a new connection: [Errno 111] Connection refused""))"
2026-09-09T20:52:39.243809,1786374210148,GET,http://localhost/api/cicd/status/40665,0,12.19,"HTTPConnectionPool(host='localhost', port=80): Max retries exceeded with url: /api/cicd/status/40665 (Caused by NewConnectionError(""HTTPConnection(host='localhost', port=80): Failed to establish a new connection: [Errno 111] Connection refused""))"
2026-09-09T20:52:39.244084,1786373852673,POST,http://localhost/api/cicd/execute,0,6.84,"HTTPConnectionPool(host='localhost', port=80): Max retries exceeded with url: /api/cicd/execute (Caused by NewConnectionError(""HTTPConnection(host='localhost', port=80): Failed to establish a new connection: [Errno 111] Connection refused""))"
2026-09-09T20:52:39.244309,1786374210148,GET,http://localhost/api/cicd/status/40665,0,11.55,"HTTPConnectionPool(host='localhost', port=80): Max retries exceeded with url: /api/cicd/status/40665 (Caused by NewConnectionError(""HTTPConnection(host='localhost', port=80): Failed to establish a new connection: [Errno 111] Connection refused""))"
2026-09-09T20:52:39.244795,1786374210148,GET,http://localhost/api/cicd/status/40665,0,8.62,"HTTPConnectionPool(host='localhost', port=80): Max retries exceeded with url: /api/cicd/status/40665 (Caused by NewConnectionError(""HTTPConnection(host='localhost', port=80): Failed to establish a new connection: [Errno 111] Connection refused""))"
2026-09-09T20:52:39.245120,1786374210148,GET,http://localhost/api/cicd/status/40665,0,5.5,"HTTPConnectionPool(host='localhost', port=80): Max retries exceeded with url: /api/cicd/status/40665 (Caused by NewConnectionError(""HTTPConnection(host='localhost', port=80): Failed to establish a new connection: [Errno 111] Connection refused""))"
2026-09-09T20:52:39.320401,1786373852673,POST,http://localhost/api/cicd/execute,0,2.14,"HTTPConnectionPool(host='localhost', port=80): Max retries exceeded with url: /api/cicd/execute (Caused by NewConnectionError(""HTTPConnection(host='localhost', port=80): Failed to establish a new connection: [Errno 111] Connection refused""))"
2026-09-09T20:52:39.354290,1786374210148,GET,http://localhost/api/cicd/status/40665,0,12.46,"HTTPConnectionPool(host='localhost', port=80): Max retries exceeded with url: /api/cicd/status/40665 (Caused by NewConnectionError(""HTTPConnection(host='localhost', port=80): Failed to establish a new connection: [Errno 111] Connection refused""))"
2026-09-09T20:52:39.354843,1786374210148,GET,http://localhost/api/cicd/status/40665,0,8.42,"HTTPConnectionPool(host='localhost', port=80): Max retries exceeded with url: /api/cicd/status/40665 (Caused by NewConnectionError(""HTTPConnection(host='localhost', port=80): Failed to establish a new connection: [Errno 111] Connection refused""))"
2026-09-09T20:52:39.355203,1786373852673,POST,http://localhost/api/cicd/execute,0,5.42,"HTTPConnectionPool(host='localhost', port=80): Max retries exceeded with url: /api/cicd/execute (Caused by NewConnectionError(""HTTPConnection(host='localhost', port=80): Failed to establish a new connection: [Errno 111] Connection refused""))"
2026-09-09T20:52:39.356259,1786373852673,POST,http://localhost/api/cicd/execute,0,10.39,"HTTPConnectionPool(host='localhost', port=80): Max retries exceeded with url: /api/cicd/execute (Caused by NewConnectionError(""HTTPConnection(host='localhost', port=80): Failed to establish a new connection: [Errno 111] Connection refused""))"
2026-09-09T20:52:39.356609,1786373852673,POST,http://localhost/api/cicd/execute,0,9.08,"HTTPConnectionPool(host='localhost', port=80): Max retries exceeded with url: /api/cicd/execute (Caused by NewConnectionError(""HTTPConnection(host='localhost', port=80): Failed to establish a new connection: [Errno 111] Connection refused""))"
2026-09-09T20:52:39.356883,1786373852673,POST,http://localhost/api/cicd/execute,0,13.87,"HTTPConnectionPool(host='localhost', port=80): Max retries exceeded with url: /api/cicd/execute (Caused by NewConnectionError(""HTTPConnection(host='localhost', port=80): Failed to establish a new connection: [Errno 111] Connection refused""))"
2026-09-09T20:52:39.357112,1786374210148,GET,http://localhost/api/cicd/status/40665,0,8.44,"HTTPConnectionPool(host='localhost', port=80): Max retries exceeded with url: /api/cicd/status/40665 (Caused by NewConnectionError(""HTTPConnection(host='localhost', port=80): Failed to establish a new connection: [Errno 111] Connection refused""))"
2026-09-09T20:52:39.357693,1786373852673,POST,http://localhost/api/cicd/execute,0,5.41,"HTTPConnectionPool(host='localhost', port=80): Max retries exceeded with url: /api/cicd/execute (Caused by NewConnectionError(""HTTPConnection(host='localhost', port=80): Failed to establish a new connection: [Errno 111] Connection refused""))"
2026-09-09T20:52:39.357901,1786374210148,GET,http://localhost/api/cicd/status/40665,0,13.72,"HTTPConnectionPool(host='localhost', port=80): Max retries exceeded with url: /api/cicd/status/40665 (Caused by NewConnectionError(""HTTPConnection(host='localhost', port=80): Failed to establish a new connection: [Errno 111] Connection refused""))"
2026-09-09T20:52:39.422344,1786374210148,GET,http://localhost/api/cicd/status/40665,0,1.76,"HTTPConnectionPool(host='localhost', port=80): Max retries exceeded with url: /api/cicd/status/40665 (Caused by NewConnectionError(""HTTPConnection(host='localhost', port=80): Failed to establish a new connection: [Errno 111] Connection refused""))"
2026-09-09T20:52:39.466212,1786374210148,GET,http://localhost/api/cicd/status/40665,0,8.3,"HTTPConnectionPool(host='localhost', port=80): Max retries exceeded with url: /api/cicd/status/40665 (Caused by NewConnectionError(""HTTPConnection(host='localhost', port=80): Failed to establish a new connection: [Errno 111] Connection refused""))"
2026-09-09T20:52:39.466662,1786373852673,POST,http://localhost/api/cicd/execute,0,11.08,"HTTPConnectionPool(host='localhost', port=80): Max retries exceeded with url: /api/cicd/execute (Caused by NewConnectionError(""HTTPConnection(host='localhost', port=80): Failed to establish a new connection: [Errno 111] Connection refused""))"
2026-09-09T20:52:39.467335,1786373852673,POST,http://localhost/api/cicd/execute,0,12.9,"HTTPConnectionPool(host='localhost', port=80): Max retries exceeded with url: /api/cicd/execute (Caused by NewConnectionError(""HTTPConnection(host='localhost', port=80): Failed to establish a new connection: [Errno 111] Connection refused""))"
2026-09-09T20:52:39.468008,1786373852673,POST,http://localhost/api/cicd/execute,0,7.92,"HTTPConnectionPool(host='localhost', port=80): Max retries exceeded with url: /api/cicd/execute (Caused by NewConnectionError(""HTTPConnection(host='localhost', port=80): Failed to establish a new connection: [Errno 111] Connection refused""))"
2026-09-09T20:52:39.468312,1786374210148,GET,http://localhost/api/cicd/status/40665,0,9.31,"HTTPConnectionPool(host='localhost', port=80): Max retries exceeded with url: /api/cicd/status/40665 (Caused by NewConnectionError(""HTTPConnection(host='localhost', port=80): Failed to establish a new connection: [Errno 111] Connection refused""))"
2026-09-09T20:52:39.468711,1786374210148,GET,http://localhost/api/cicd/status/40665,0,12.0,"HTTPConnectionPool(host='localhost', port=80): Max retries exceeded with url: /api/cicd/status/40665 (Caused by NewConnectionError(""HTTPConnection(host='localhost', port=80): Failed to establish a new connection: [Errno 111] Connection refused""))"
2026-09-09T20:52:39.469118,1786373852673,POST,http://localhost/api/cicd/execute,0,4.61,"HTTPConnectionPool(host='localhost', port=80): Max retries exceeded with url: /api/cicd/execute (Caused by NewConnectionError(""HTTPConnection(host='localhost', port=80): Failed to establish a new connection: [Errno 111] Connection refused""))"
2026-09-09T20:52:39.469507,1786374210148,GET,http://localhost/api/cicd/status/40665,0,7.13,"HTTPConnectionPool(host='localhost', port=80): Max retries exceeded with url: /api/cicd/status/40665 (Caused by NewConnectionError(""HTTPConnection(host='localhost', port=80): Failed to establish a new connection: [Errno 111] Connection refused""))"
2026-09-09T20:52:39.469809,1786374210148,GET,http://localhost/api/cicd/status/40665,0,8.59,"HTTPConnectionPool(host='localhost', port=80): Max retries exceeded with url: /api/cicd/status/40665 (Caused by NewConnectionError(""HTTPConnection(host='localhost', port=80): Failed to establish a new connection: [Errno 111] Connection refused""))"
2026-09-09T20:52:39.524693,1786373852673,POST,http://localhost/api/cicd/execute,0,2.17,"HTTPConnectionPool(host='localhost', port=80): Max retries exceeded with url: /api/cicd/execute (Caused by NewConnectionError(""HTTPConnection(host='localhost', port=80): Failed to establish a new connection: [Errno 111] Connection refused""))"
2026-09-09T20:52:39.578271,1786374210148,GET,http://localhost/api/cicd/status/40665,0,7.44,"HTTPConnectionPool(host='localhost', port=80): Max retries exceeded with url: /api/cicd/status/40665 (Caused by NewConnectionError(""HTTPConnection(host='localhost', port=80): Failed to establish a new connection: [Errno 111] Connection refused""))"
2026-09-09T20:52:39.578692,1786373852673,POST,http://localhost/api/cicd/execute,0,12.3,"HTTPConnectionPool(host='localhost', port=80): Max retries exceeded with url: /api/cicd/execute (Caused by NewConnectionError(""HTTPConnection(host='localhost', port=80): Failed to establish a new connection: [Errno 111] Connection refused""))"
2026-09-09T20:52:39.579280,1786373852673,POST,http://localhost/api/cicd/execute,0,4.96,"HTTPConnectionPool(host='localhost', port=80): Max retries exceeded with url: /api/cicd/execute (Caused by NewConnectionError(""HTTPConnection(host='localhost', port=80): Failed to establish a new connection: [Errno 111] Connection refused""))"
2026-09-09T20:52:39.579553,1786374210148,GET,http://localhost/api/cicd/status/40665,0,10.91,"HTTPConnectionPool(host='localhost', port=80): Max retries exceeded with url: /api/cicd/status/40665 (Caused by NewConnectionError(""HTTPConnection(host='localhost', port=80): Failed to establish a new connection: [Errno 111] Connection refused""))"
2026-09-09T20:52:39.580305,1786373852673,POST,http://localhost/api/cicd/execute,0,10.62,"HTTPConnectionPool(host='localhost', port=80): Max retries exceeded with url: /api/cicd/execute (Caused by NewConnectionError(""HTTPConnection(host='localhost', port=80): Failed to establish a new connection: [Errno 111] Connection refused""))"
2026-09-09T20:52:39.580698,1786373852673,POST,http://localhost/api/cicd/execute,0,7.48,"HTTPConnectionPool(host='localhost', port=80): Max retries exceeded with url: /api/cicd/execute (Caused by NewConnectionError(""HTTPConnection(host='localhost', port=80): Failed to establish a new connection: [Errno 111] Connection refused""))"
2026-09-09T20:52:39.580894,1786373852673,POST,http://localhost/api/cicd/execute,0,8.98,"HTTPConnectionPool(host='localhost', port=80): Max retries exceeded with url: /api/cicd/execute (Caused by NewConnectionError(""HTTPConnection(host='localhost', port=80): Failed to establish a new connection: [Errno 111] Connection refused""))"
2026-09-09T20:52:39.581366,1786374210148,GET,http://localhost/api/cicd/status/40665,0,13.83,"HTTPConnectionPool(host='localhost', port=80): Max retries exceeded with url: /api/cicd/status/40665 (Caused by NewConnectionError(""HTTPConnection(host='localhost', port=80): Failed to establish a new connection: [Errno 111] Connection refused""))"
2026-09-09T20:52:39.581673,1786374210148,GET,http://localhost/api/cicd/status/40665,0,5.92,"HTTPConnectionPool(host='localhost', port=80): Max retries exceeded with url: /api/cicd/status/40665 (Caused by NewConnectionError(""HTTPConnection(host='localhost', port=80): Failed to establish a new connection: [Errno 111] Connection refused""))"
2026-09-09T20:52:39.626572,1786374210148,GET,http://localhost/api/cicd/status/40665,0,1.7,"HTTPConnectionPool(host='localhost', port=80): Max retries exceeded with url: /api/cicd/status/40665 (Caused by NewConnectionError(""HTTPConnection(host='localhost', port=80): Failed to establish a new connection: [Errno 111] Connection refused""))"
2026-09-09T20:52:39.690790,1786374210148,GET,http://localhost/api/cicd/status/40665,0,10.01,"HTTPConnectionPool(host='localhost', port=80): Max retries exceeded with url: /api/cicd/status/40665 (Caused by NewConnectionError(""HTTPConnection(host='localhost', port=80): Failed to establish a new connection: [Errno 111] Connection refused""))"
2026-09-09T20:52:39.691320,1786373852673,POST,http://localhost/api/cicd/execute,0,12.86,"HTTPConnectionPool(host='localhost', port=80): Max retries exceeded with url: /api/cicd/execute (Caused by NewConnectionError(""HTTPConnection(host='localhost', port=80): Failed to establish a new connection: [Errno 111] Connection refused""))"
2026-09-09T20:52:39.692362,1786374210148,GET,http://localhost/api/cicd/status/40665,0,12.72,"HTTPConnectionPool(host='localhost', port=80): Max retries exceeded with url: /api/cicd/status/40665 (Caused by NewConnectionError(""HTTPConnection(host='localhost', port=80): Failed to establish a new connection: [Errno 111] Connection refused""))"
2026-09-09T20:52:39.693044,1786373852673,POST,http://localhost/api/cicd/execute,0,9.7,"HTTPConnectionPool(host='localhost', port=80): Max retries exceeded with url: /api/cicd/execute (Caused by NewConnectionError(""HTTPConnection(host='localhost', port=80): Failed to establish a new connection: [Errno 111] Connection refused""))"
2026-09-09T20:52:39.693396,1786373852673,POST,http://localhost/api/cicd/execute,0,3.95,"HTTPConnectionPool(host='localhost', port=80): Max retries exceeded with url: /api/cicd/execute (Caused by NewConnectionError(""HTTPConnection(host='localhost', port=80): Failed to establish a new connection: [Errno 111] Connection refused""))"
2026-09-09T20:52:39.693607,1786374210148,GET,http://localhost/api/cicd/status/40665,0,7.82,"HTTPConnectionPool(host='localhost', port=80): Max retries exceeded with url: /api/cicd/status/40665 (Caused by NewConnectionError(""HTTPConnection(host='localhost', port=80): Failed to establish a new connection: [Errno 111] Connection refused""))"
2026-09-09T20:52:39.694177,1786374210148,GET,http://localhost/api/cicd/status/40665,0,9.56,"HTTPConnectionPool(host='localhost', port=80): Max retries exceeded with url: /api/cicd/status/40665 (Caused by NewConnectionError(""HTTPConnection(host='localhost', port=80): Failed to establish a new connection: [Errno 111] Connection refused""))"
2026-09-09T20:52:39.694566,1786374210148,GET,http://localhost/api/cicd/status/40665,0,7.06,"HTTPConnectionPool(host='localhost', port=80): Max retries exceeded with url: /api/cicd/status/40665 (Caused by NewConnectionError(""HTTPConnection(host='localhost', port=80): Failed to establish a new connection: [Errno 111] Connection refused""))"
2026-09-09T20:52:39.694880,1786373852673,POST,http://localhost/api/cicd/execute,0,12.95,"HTTPConnectionPool(host='localhost', port=80): Max retries exceeded with url: /api/cicd/execute (Caused by NewConnectionError(""HTTPConnection(host='localhost', port=80): Failed to establish a new connection: [Errno 111] Connection refused""))"
2026-09-09T20:52:39.729147,1786373852673,POST,http://localhost/api/cicd/execute,0,2.33,"HTTPConnectionPool(host='localhost', port=80): Max retries exceeded with url: /api/cicd/execute (Caused by NewConnectionError(""HTTPConnection(host='localhost', port=80): Failed to establish a new connection: [Errno 111] Connection refused""))"
2026-09-09T20:52:39.803925,1786374210148,GET,http://localhost/api/cicd/status/40665,0,11.37,"HTTPConnectionPool(host='localhost', port=80): Max retries exceeded with url: /api/cicd/status/40665 (Caused by NewConnectionError(""HTTPConnection(host='localhost', port=80): Failed to establish a new connection: [Errno 111] Connection refused""))"
2026-09-09T20:52:39.804727,1786374210148,GET,http://localhost/api/cicd/status/40665,0,3.5,"HTTPConnectionPool(host='localhost', port=80): Max retries exceeded with url: /api/cicd/status/40665 (Caused by NewConnectionError(""HTTPConnection(host='localhost', port=80): Failed to establish a new connection: [Errno 111] Connection refused""))"
2026-09-09T20:52:39.805751,1786374210148,GET,http://localhost/api/cicd/status/40665,0,10.68,"HTTPConnectionPool(host='localhost', port=80): Max retries exceeded with url: /api/cicd/status/40665 (Caused by NewConnectionError(""HTTPConnection(host='localhost', port=80): Failed to establish a new connection: [Errno 111] Connection refused""))"
2026-09-09T20:52:39.806203,1786374210148,GET,http://localhost/api/cicd/status/40665,0,7.38,"HTTPConnectionPool(host='localhost', port=80): Max retries exceeded with url: /api/cicd/status/40665 (Caused by NewConnectionError(""HTTPConnection(host='localhost', port=80): Failed to establish a new connection: [Errno 111] Connection refused""))"
2026-09-09T20:52:39.806638,1786373852673,POST,http://localhost/api/cicd/execute,0,15.63,"HTTPConnectionPool(host='localhost', port=80): Max retries exceeded with url: /api/cicd/execute (Caused by NewConnectionError(""HTTPConnection(host='localhost', port=80): Failed to establish a new connection: [Errno 111] Connection refused""))"
2026-09-09T20:52:39.806946,1786373852673,POST,http://localhost/api/cicd/execute,0,13.25,"HTTPConnectionPool(host='localhost', port=80): Max retries exceeded with url: /api/cicd/execute (Caused by NewConnectionError(""HTTPConnection(host='localhost', port=80): Failed to establish a new connection: [Errno 111] Connection refused""))"
2026-09-09T20:52:39.807294,1786373852673,POST,http://localhost/api/cicd/execute,0,9.78,"HTTPConnectionPool(host='localhost', port=80): Max retries exceeded with url: /api/cicd/execute (Caused by NewConnectionError(""HTTPConnection(host='localhost', port=80): Failed to establish a new connection: [Errno 111] Connection refused""))"
2026-09-09T20:52:39.807749,1786373852673,POST,http://localhost/api/cicd/execute,0,11.38,"HTTPConnectionPool(host='localhost', port=80): Max retries exceeded with url: /api/cicd/execute (Caused by NewConnectionError(""HTTPConnection(host='localhost', port=80): Failed to establish a new connection: [Errno 111] Connection refused""))"
2026-09-09T20:52:39.808028,1786373852673,POST,http://localhost/api/cicd/execute,0,8.1,"HTTPConnectionPool(host='localhost', port=80): Max retries exceeded with url: /api/cicd/execute (Caused by NewConnectionError(""HTTPConnection(host='localhost', port=80): Failed to establish a new connection: [Errno 111] Connection refused""))"
2026-09-09T20:52:39.831082,1786374210148,GET,http://localhost/api/cicd/status/40665,0,1.73,"HTTPConnectionPool(host='localhost', port=80): Max retries exceeded with url: /api/cicd/status/40665 (Caused by NewConnectionError(""HTTPConnection(host='localhost', port=80): Failed to establish a new connection: [Errno 111] Connection refused""))"
2026-09-09T20:52:39.918407,1786374210148,GET,http://localhost/api/cicd/status/40665,0,9.0,"HTTPConnectionPool(host='localhost', port=80): Max retries exceeded with url: /api/cicd/status/40665 (Caused by NewConnectionError(""HTTPConnection(host='localhost', port=80): Failed to establish a new connection: [Errno 111] Connection refused""))"
2026-09-09T20:52:39.919039,1786374210148,GET,http://localhost/api/cicd/status/40665,0,6.45,"HTTPConnectionPool(host='localhost', port=80): Max retries exceeded with url: /api/cicd/status/40665 (Caused by NewConnectionError(""HTTPConnection(host='localhost', port=80): Failed to establish a new connection: [Errno 111] Connection refused""))"
2026-09-09T20:52:39.919438,1786373852673,POST,http://localhost/api/cicd/execute,0,15.31,"HTTPConnectionPool(host='localhost', port=80): Max retries exceeded with url: /api/cicd/execute (Caused by NewConnectionError(""HTTPConnection(host='localhost', port=80): Failed to establish a new connection: [Errno 111] Connection refused""))"
2026-09-09T20:52:39.919708,1786374210148,GET,http://localhost/api/cicd/status/40665,0,9.22,"HTTPConnectionPool(host='localhost', port=80): Max retries exceeded with url: /api/cicd/status/40665 (Caused by NewConnectionError(""HTTPConnection(host='localhost', port=80): Failed to establish a new connection: [Errno 111] Connection refused""))"
2026-09-09T20:52:39.919987,1786373852673,POST,http://localhost/api/cicd/execute,0,14.49,"HTTPConnectionPool(host='localhost', port=80): Max retries exceeded with url: /api/cicd/execute (Caused by NewConnectionError(""HTTPConnection(host='localhost', port=80): Failed to establish a new connection: [Errno 111] Connection refused""))"
2026-09-09T20:52:39.920241,1786374210148,GET,http://localhost/api/cicd/status/40665,0,8.7,"HTTPConnectionPool(host='localhost', port=80): Max retries exceeded with url: /api/cicd/status/40665 (Caused by NewConnectionError(""HTTPConnection(host='localhost', port=80): Failed to establish a new connection: [Errno 111] Connection refused""))"
2026-09-09T20:52:39.923107,1786373852673,POST,http://localhost/api/cicd/execute,0,14.93,"HTTPConnectionPool(host='localhost', port=80): Max retries exceeded with url: /api/cicd/execute (Caused by NewConnectionError(""HTTPConnection(host='localhost', port=80): Failed to establish a new connection: [Errno 111] Connection refused""))"
2026-09-09T20:52:39.923465,1786374210148,GET,http://localhost/api/cicd/status/40665,0,9.39,"HTTPConnectionPool(host='localhost', port=80): Max retries exceeded with url: /api/cicd/status/40665 (Caused by NewConnectionError(""HTTPConnection(host='localhost', port=80): Failed to establish a new connection: [Errno 111] Connection refused""))"
2026-09-09T20:52:39.923707,1786373852673,POST,http://localhost/api/cicd/execute,0,16.62,"HTTPConnectionPool(host='localhost', port=80): Max retries exceeded with url: /api/cicd/execute (Caused by NewConnectionError(""HTTPConnection(host='localhost', port=80): Failed to establish a new connection: [Errno 111] Connection refused""))"
2026-09-09T20:52:39.933011,1786373852673,POST,http://localhost/api/cicd/execute,0,1.75,"HTTPConnectionPool(host='localhost', port=80): Max retries exceeded with url: /api/cicd/execute (Caused by NewConnectionError(""HTTPConnection(host='localhost', port=80): Failed to establish a new connection: [Errno 111] Connection refused""))"
2026-09-09T20:52:40.030791,1786373852673,POST,http://localhost/api/cicd/execute,0,12.19,"HTTPConnectionPool(host='localhost', port=80): Max retries exceeded with url: /api/cicd/execute (Caused by NewConnectionError(""HTTPConnection(host='localhost', port=80): Failed to establish a new connection: [Errno 111] Connection refused""))"
2026-09-09T20:52:40.031167,1786373852673,POST,http://localhost/api/cicd/execute,0,8.79,"HTTPConnectionPool(host='localhost', port=80): Max retries exceeded with url: /api/cicd/execute (Caused by NewConnectionError(""HTTPConnection(host='localhost', port=80): Failed to establish a new connection: [Errno 111] Connection refused""))"
2026-09-09T20:52:40.031525,1786373852673,POST,http://localhost/api/cicd/execute,0,4.41,"HTTPConnectionPool(host='localhost', port=80): Max retries exceeded with url: /api/cicd/execute (Caused by NewConnectionError(""HTTPConnection(host='localhost', port=80): Failed to establish a new connection: [Errno 111] Connection refused""))"
2026-09-09T20:52:40.032071,1786374210148,GET,http://localhost/api/cicd/status/40665,0,10.72,"HTTPConnectionPool(host='localhost', port=80): Max retries exceeded with url: /api/cicd/status/40665 (Caused by NewConnectionError(""HTTPConnection(host='localhost', port=80): Failed to establish a new connection: [Errno 111] Connection refused""))"
2026-09-09T20:52:40.032340,1786374210148,GET,http://localhost/api/cicd/status/40665,0,8.87,"HTTPConnectionPool(host='localhost', port=80): Max retries exceeded with url: /api/cicd/status/40665 (Caused by NewConnectionError(""HTTPConnection(host='localhost', port=80): Failed to establish a new connection: [Errno 111] Connection refused""))"
2026-09-09T20:52:40.032768,1786374210148,GET,http://localhost/api/cicd/status/40665,0,7.93,"HTTPConnectionPool(host='localhost', port=80): Max retries exceeded with url: /api/cicd/status/40665 (Caused by NewConnectionError(""HTTPConnection(host='localhost', port=80): Failed to establish a new connection: [Errno 111] Connection refused""))"
2026-09-09T20:52:40.033015,1786373852673,POST,http://localhost/api/cicd/execute,0,13.05,"HTTPConnectionPool(host='localhost', port=80): Max retries exceeded with url: /api/cicd/execute (Caused by NewConnectionError(""HTTPConnection(host='localhost', port=80): Failed to establish a new connection: [Errno 111] Connection refused""))"
2026-09-09T20:52:40.034390,1786373852673,POST,http://localhost/api/cicd/execute,0,6.07,"HTTPConnectionPool(host='localhost', port=80): Max retries exceeded with url: /api/cicd/execute (Caused by NewConnectionError(""HTTPConnection(host='localhost', port=80): Failed to establish a new connection: [Errno 111] Connection refused""))"
2026-09-09T20:52:40.038725,1786374210148,GET,http://localhost/api/cicd/status/40665,0,12.74,"HTTPConnectionPool(host='localhost', port=80): Max retries exceeded with url: /api/cicd/status/40665 (Caused by NewConnectionError(""HTTPConnection(host='localhost', port=80): Failed to establish a new connection: [Errno 111] Connection refused""))"
2026-09-09T20:52:40.039279,1786374210148,GET,http://localhost/api/cicd/status/40665,0,6.09,"HTTPConnectionPool(host='localhost', port=80): Max retries exceeded with url: /api/cicd/status/40665 (Caused by NewConnectionError(""HTTPConnection(host='localhost', port=80): Failed to establish a new connection: [Errno 111] Connection refused""))"
2026-09-09T20:52:40.143923,1786373852673,POST,http://localhost/api/cicd/execute,0,8.33,"HTTPConnectionPool(host='localhost', port=80): Max retries exceeded with url: /api/cicd/execute (Caused by NewConnectionError(""HTTPConnection(host='localhost', port=80): Failed to establish a new connection: [Errno 111] Connection refused""))"
2026-09-09T20:52:40.144561,1786373852673,POST,http://localhost/api/cicd/execute,0,10.07,"HTTPConnectionPool(host='localhost', port=80): Max retries exceeded with url: /api/cicd/execute (Caused by NewConnectionError(""HTTPConnection(host='localhost', port=80): Failed to establish a new connection: [Errno 111] Connection refused""))"
2026-09-09T20:52:40.144916,1786374210148,GET,http://localhost/api/cicd/status/40665,0,4.44,"HTTPConnectionPool(host='localhost', port=80): Max retries exceeded with url: /api/cicd/status/40665 (Caused by NewConnectionError(""HTTPConnection(host='localhost', port=80): Failed to establish a new connection: [Errno 111] Connection refused""))"
2026-09-09T20:52:40.145472,1786373852673,POST,http://localhost/api/cicd/execute,0,3.9,"HTTPConnectionPool(host='localhost', port=80): Max retries exceeded with url: /api/cicd/execute (Caused by NewConnectionError(""HTTPConnection(host='localhost', port=80): Failed to establish a new connection: [Errno 111] Connection refused""))"
2026-09-09T20:52:40.145891,1786374210148,GET,http://localhost/api/cicd/status/40665,0,14.89,"HTTPConnectionPool(host='localhost', port=80): Max retries exceeded with url: /api/cicd/status/40665 (Caused by NewConnectionError(""HTTPConnection(host='localhost', port=80): Failed to establish a new connection: [Errno 111] Connection refused""))"
2026-09-09T20:52:40.146246,1786373852673,POST,http://localhost/api/cicd/execute,0,9.47,"HTTPConnectionPool(host='localhost', port=80): Max retries exceeded with url: /api/cicd/execute (Caused by NewConnectionError(""HTTPConnection(host='localhost', port=80): Failed to establish a new connection: [Errno 111] Connection refused""))"
2026-09-09T20:52:40.146523,1786374210148,GET,http://localhost/api/cicd/status/40665,0,8.65,"HTTPConnectionPool(host='localhost', port=80): Max retries exceeded with url: /api/cicd/status/40665 (Caused by NewConnectionError(""HTTPConnection(host='localhost', port=80): Failed to establish a new connection: [Errno 111] Connection refused""))"
2026-09-09T20:52:40.146769,1786373852673,POST,http://localhost/api/cicd/execute,0,7.87,"HTTPConnectionPool(host='localhost', port=80): Max retries exceeded with url: /api/cicd/execute (Caused by NewConnectionError(""HTTPConnection(host='localhost', port=80): Failed to establish a new connection: [Errno 111] Connection refused""))"
2026-09-09T20:52:40.147064,1786374210148,GET,http://localhost/api/cicd/status/40665,0,14.76,"HTTPConnectionPool(host='localhost', port=80): Max retries exceeded with url: /api/cicd/status/40665 (Caused by NewConnectionError(""HTTPConnection(host='localhost', port=80): Failed to establish a new connection: [Errno 111] Connection refused""))"
2026-09-09T20:52:40.147321,1786374210148,GET,http://localhost/api/cicd/status/40665,0,13.9,"HTTPConnectionPool(host='localhost', port=80): Max retries exceeded with url: /api/cicd/status/40665 (Caused by NewConnectionError(""HTTPConnection(host='localhost', port=80): Failed to establish a new connection: [Errno 111] Connection refused""))"
2026-09-09T20:52:40.257744,1786374210148,GET,http://localhost/api/cicd/status/40665,0,13.61,"HTTPConnectionPool(host='localhost', port=80): Max retries exceeded with url: /api/cicd/status/40665 (Caused by NewConnectionError(""HTTPConnection(host='localhost', port=80): Failed to establish a new connection: [Errno 111] Connection refused""))"
2026-09-09T20:52:40.258310,1786373852673,POST,http://localhost/api/cicd/execute,0,3.97,"HTTPConnectionPool(host='localhost', port=80): Max retries exceeded with url: /api/cicd/execute (Caused by NewConnectionError(""HTTPConnection(host='localhost', port=80): Failed to establish a new connection: [Errno 111] Connection refused""))"
2026-09-09T20:52:40.258745,1786374210148,GET,http://localhost/api/cicd/status/40665,0,11.1,"HTTPConnectionPool(host='localhost', port=80): Max retries exceeded with url: /api/cicd/status/40665 (Caused by NewConnectionError(""HTTPConnection(host='localhost', port=80): Failed to establish a new connection: [Errno 111] Connection refused""))"
2026-09-09T20:52:40.259122,1786374210148,GET,http://localhost/api/cicd/status/40665,0,10.29,"HTTPConnectionPool(host='localhost', port=80): Max retries exceeded with url: /api/cicd/status/40665 (Caused by NewConnectionError(""HTTPConnection(host='localhost', port=80): Failed to establish a new connection: [Errno 111] Connection refused""))"
2026-09-09T20:52:40.259800,1786373852673,POST,http://localhost/api/cicd/execute,0,4.38,"HTTPConnectionPool(host='localhost', port=80): Max retries exceeded with url: /api/cicd/execute (Caused by NewConnectionError(""HTTPConnection(host='localhost', port=80): Failed to establish a new connection: [Errno 111] Connection refused""))"
2026-09-09T20:52:40.260013,1786373852673,POST,http://localhost/api/cicd/execute,0,7.18,"HTTPConnectionPool(host='localhost', port=80): Max retries exceeded with url: /api/cicd/execute (Caused by NewConnectionError(""HTTPConnection(host='localhost', port=80): Failed to establish a new connection: [Errno 111] Connection refused""))"
2026-09-09T20:52:40.260331,1786373852673,POST,http://localhost/api/cicd/execute,0,13.78,"HTTPConnectionPool(host='localhost', port=80): Max retries exceeded with url: /api/cicd/execute (Caused by NewConnectionError(""HTTPConnection(host='localhost', port=80): Failed to establish a new connection: [Errno 111] Connection refused""))"
2026-09-09T20:52:40.260639,1786374210148,GET,http://localhost/api/cicd/status/40665,0,8.94,"HTTPConnectionPool(host='localhost', port=80): Max retries exceeded with url: /api/cicd/status/40665 (Caused by NewConnectionError(""HTTPConnection(host='localhost', port=80): Failed to establish a new connection: [Errno 111] Connection refused""))"
2026-09-09T20:52:40.260961,1786373852673,POST,http://localhost/api/cicd/execute,0,10.34,"HTTPConnectionPool(host='localhost', port=80): Max retries exceeded with url: /api/cicd/execute (Caused by NewConnectionError(""HTTPConnection(host='localhost', port=80): Failed to establish a new connection: [Errno 111] Connection refused""))"
2026-09-09T20:52:40.261209,1786374210148,GET,http://localhost/api/cicd/status/40665,0,15.72,"HTTPConnectionPool(host='localhost', port=80): Max retries exceeded with url: /api/cicd/status/40665 (Caused by NewConnectionError(""HTTPConnection(host='localhost', port=80): Failed to establish a new connection: [Errno 111] Connection refused""))"
2026-09-09T20:52:40.371748,1786373852673,POST,http://localhost/api/cicd/execute,0,13.79,"HTTPConnectionPool(host='localhost', port=80): Max retries exceeded with url: /api/cicd/execute (Caused by NewConnectionError(""HTTPConnection(host='localhost', port=80): Failed to establish a new connection: [Errno 111] Connection refused""))"
2026-09-09T20:52:40.372173,1786373852673,POST,http://localhost/api/cicd/execute,0,11.74,"HTTPConnectionPool(host='localhost', port=80): Max retries exceeded with url: /api/cicd/execute (Caused by NewConnectionError(""HTTPConnection(host='localhost', port=80): Failed to establish a new connection: [Errno 111] Connection refused""))"
2026-09-09T20:52:40.372727,1786373852673,POST,http://localhost/api/cicd/execute,0,11.24,"HTTPConnectionPool(host='localhost', port=80): Max retries exceeded with url: /api/cicd/execute (Caused by NewConnectionError(""HTTPConnection(host='localhost', port=80): Failed to establish a new connection: [Errno 111] Connection refused""))"
2026-09-09T20:52:40.373038,1786374210148,GET,http://localhost/api/cicd/status/40665,0,10.3,"HTTPConnectionPool(host='localhost', port=80): Max retries exceeded with url: /api/cicd/status/40665 (Caused by NewConnectionError(""HTTPConnection(host='localhost', port=80): Failed to establish a new connection: [Errno 111] Connection refused""))"
2026-09-09T20:52:40.373348,1786374210148,GET,http://localhost/api/cicd/status/40665,0,13.97,"HTTPConnectionPool(host='localhost', port=80): Max retries exceeded with url: /api/cicd/status/40665 (Caused by NewConnectionError(""HTTPConnection(host='localhost', port=80): Failed to establish a new connection: [Errno 111] Connection refused""))"
2026-09-09T20:52:40.373588,1786374210148,GET,http://localhost/api/cicd/status/40665,0,7.46,"HTTPConnectionPool(host='localhost', port=80): Max retries exceeded with url: /api/cicd/status/40665 (Caused by NewConnectionError(""HTTPConnection(host='localhost', port=80): Failed to establish a new connection: [Errno 111] Connection refused""))"
2026-09-09T20:52:40.373840,1786373852673,POST,http://localhost/api/cicd/execute,0,6.28,"HTTPConnectionPool(host='localhost', port=80): Max retries exceeded with url: /api/cicd/execute (Caused by NewConnectionError(""HTTPConnection(host='localhost', port=80): Failed to establish a new connection: [Errno 111] Connection refused""))"
2026-09-09T20:52:40.374270,1786373852673,POST,http://localhost/api/cicd/execute,0,10.4,"HTTPConnectionPool(host='localhost', port=80): Max retries exceeded with url: /api/cicd/execute (Caused by NewConnectionError(""HTTPConnection(host='localhost', port=80): Failed to establish a new connection: [Errno 111] Connection refused""))"
2026-09-09T20:52:40.374503,1786374210148,GET,http://localhost/api/cicd/status/40665,0,9.46,"HTTPConnectionPool(host='localhost', port=80): Max retries exceeded with url: /api/cicd/status/40665 (Caused by NewConnectionError(""HTTPConnection(host='localhost', port=80): Failed to establish a new connection: [Errno 111] Connection refused""))"
2026-09-09T20:52:40.374813,1786374210148,GET,http://localhost/api/cicd/status/40665,0,5.79,"HTTPConnectionPool(host='localhost', port=80): Max retries exceeded with url: /api/cicd/status/40665 (Caused by NewConnectionError(""HTTPConnection(host='localhost', port=80): Failed to establish a new connection: [Errno 111] Connection refused""))"
2026-09-09T20:52:40.484590,1786373852673,POST,http://localhost/api/cicd/execute,0,9.18,"HTTPConnectionPool(host='localhost', port=80): Max retries exceeded with url: /api/cicd/execute (Caused by NewConnectionError(""HTTPConnection(host='localhost', port=80): Failed to establish a new connection: [Errno 111] Connection refused""))"
2026-09-09T20:52:40.485210,1786373852673,POST,http://localhost/api/cicd/execute,0,7.53,"HTTPConnectionPool(host='localhost', port=80): Max retries exceeded with url: /api/cicd/execute (Caused by NewConnectionError(""HTTPConnection(host='localhost', port=80): Failed to establish a new connection: [Errno 111] Connection refused""))"
2026-09-09T20:52:40.485662,1786374210148,GET,http://localhost/api/cicd/status/40665,0,6.89,"HTTPConnectionPool(host='localhost', port=80): Max retries exceeded with url: /api/cicd/status/40665 (Caused by NewConnectionError(""HTTPConnection(host='localhost', port=80): Failed to establish a new connection: [Errno 111] Connection refused""))"
2026-09-09T20:52:40.486063,1786374210148,GET,http://localhost/api/cicd/status/40665,0,14.1,"HTTPConnectionPool(host='localhost', port=80): Max retries exceeded with url: /api/cicd/status/40665 (Caused by NewConnectionError(""HTTPConnection(host='localhost', port=80): Failed to establish a new connection: [Errno 111] Connection refused""))"
2026-09-09T20:52:40.486368,1786373852673,POST,http://localhost/api/cicd/execute,0,6.54,"HTTPConnectionPool(host='localhost', port=80): Max retries exceeded with url: /api/cicd/execute (Caused by NewConnectionError(""HTTPConnection(host='localhost', port=80): Failed to establish a new connection: [Errno 111] Connection refused""))"
2026-09-09T20:52:40.486654,1786373852673,POST,http://localhost/api/cicd/execute,0,4.53,"HTTPConnectionPool(host='localhost', port=80): Max retries exceeded with url: /api/cicd/execute (Caused by NewConnectionError(""HTTPConnection(host='localhost', port=80): Failed to establish a new connection: [Errno 111] Connection refused""))"
2026-09-09T20:52:40.487584,1786374210148,GET,http://localhost/api/cicd/status/40665,0,14.27,"HTTPConnectionPool(host='localhost', port=80): Max retries exceeded with url: /api/cicd/status/40665 (Caused by NewConnectionError(""HTTPConnection(host='localhost', port=80): Failed to establish a new connection: [Errno 111] Connection refused""))"
2026-09-09T20:52:40.487897,1786373852673,POST,http://localhost/api/cicd/execute,0,11.38,"HTTPConnectionPool(host='localhost', port=80): Max retries exceeded with url: /api/cicd/execute (Caused by NewConnectionError(""HTTPConnection(host='localhost', port=80): Failed to establish a new connection: [Errno 111] Connection refused""))"
2026-09-09T20:52:40.488277,1786374210148,GET,http://localhost/api/cicd/status/40665,0,13.93,"HTTPConnectionPool(host='localhost', port=80): Max retries exceeded with url: /api/cicd/status/40665 (Caused by NewConnectionError(""HTTPConnection(host='localhost', port=80): Failed to establish a new connection: [Errno 111] Connection refused""))"
2026-09-09T20:52:40.488550,1786374210148,GET,http://localhost/api/cicd/status/40665,0,7.46,"HTTPConnectionPool(host='localhost', port=80): Max retries exceeded with url: /api/cicd/status/40665 (Caused by NewConnectionError(""HTTPConnection(host='localhost', port=80): Failed to establish a new connection: [Errno 111] Connection refused""))"
2026-09-09T20:52:40.597868,1786373852673,POST,http://localhost/api/cicd/execute,0,5.11,"HTTPConnectionPool(host='localhost', port=80): Max retries exceeded with url: /api/cicd/execute (Caused by NewConnectionError(""HTTPConnection(host='localhost', port=80): Failed to establish a new connection: [Errno 111] Connection refused""))"
2026-09-09T20:52:40.598174,1786374210148,GET,http://localhost/api/cicd/status/40665,0,13.38,"HTTPConnectionPool(host='localhost', port=80): Max retries exceeded with url: /api/cicd/status/40665 (Caused by NewConnectionError(""HTTPConnection(host='localhost', port=80): Failed to establish a new connection: [Errno 111] Connection refused""))"
2026-09-09T20:52:40.598547,1786374210148,GET,http://localhost/api/cicd/status/40665,0,4.6,"HTTPConnectionPool(host='localhost', port=80): Max retries exceeded with url: /api/cicd/status/40665 (Caused by NewConnectionError(""HTTPConnection(host='localhost', port=80): Failed to establish a new connection: [Errno 111] Connection refused""))"
2026-09-09T20:52:40.599179,1786374210148,GET,http://localhost/api/cicd/status/40665,0,9.65,"HTTPConnectionPool(host='localhost', port=80): Max retries exceeded with url: /api/cicd/status/40665 (Caused by NewConnectionError(""HTTPConnection(host='localhost', port=80): Failed to establish a new connection: [Errno 111] Connection refused""))"
2026-09-09T20:52:40.599412,1786373852673,POST,http://localhost/api/cicd/execute,0,11.06,"HTTPConnectionPool(host='localhost', port=80): Max retries exceeded with url: /api/cicd/execute (Caused by NewConnectionError(""HTTPConnection(host='localhost', port=80): Failed to establish a new connection: [Errno 111] Connection refused""))"
2026-09-09T20:52:40.599698,1786374210148,GET,http://localhost/api/cicd/status/40665,0,13.54,"HTTPConnectionPool(host='localhost', port=80): Max retries exceeded with url: /api/cicd/status/40665 (Caused by NewConnectionError(""HTTPConnection(host='localhost', port=80): Failed to establish a new connection: [Errno 111] Connection refused""))"
2026-09-09T20:52:40.600105,1786373852673,POST,http://localhost/api/cicd/execute,0,9.51,"HTTPConnectionPool(host='localhost', port=80): Max retries exceeded with url: /api/cicd/execute (Caused by NewConnectionError(""HTTPConnection(host='localhost', port=80): Failed to establish a new connection: [Errno 111] Connection refused""))"
2026-09-09T20:52:40.600355,1786374210148,GET,http://localhost/api/cicd/status/40665,0,8.64,"HTTPConnectionPool(host='localhost', port=80): Max retries exceeded with url: /api/cicd/status/40665 (Caused by NewConnectionError(""HTTPConnection(host='localhost', port=80): Failed to establish a new connection: [Errno 111] Connection refused""))"
2026-09-09T20:52:40.600632,1786373852673,POST,http://localhost/api/cicd/execute,0,5.13,"HTTPConnectionPool(host='localhost', port=80): Max retries exceeded with url: /api/cicd/execute (Caused by NewConnectionError(""HTTPConnection(host='localhost', port=80): Failed to establish a new connection: [Errno 111] Connection refused""))"
2026-09-09T20:52:40.600883,1786373852673,POST,http://localhost/api/cicd/execute,0,13.63,"HTTPConnectionPool(host='localhost', port=80): Max retries exceeded with url: /api/cicd/execute (Caused by NewConnectionError(""HTTPConnection(host='localhost', port=80): Failed to establish a new connection: [Errno 111] Connection refused""))"
2026-09-09T20:52:40.712002,1786373852673,POST,http://localhost/api/cicd/execute,0,11.42,"HTTPConnectionPool(host='localhost', port=80): Max retries exceeded with url: /api/cicd/execute (Caused by NewConnectionError(""HTTPConnection(host='localhost', port=80): Failed to establish a new connection: [Errno 111] Connection refused""))"
2026-09-09T20:52:40.712420,1786374210148,GET,http://localhost/api/cicd/status/40665,0,7.76,"HTTPConnectionPool(host='localhost', port=80): Max retries exceeded with url: /api/cicd/status/40665 (Caused by NewConnectionError(""HTTPConnection(host='localhost', port=80): Failed to establish a new connection: [Errno 111] Connection refused""))"
2026-09-09T20:52:40.712837,1786374210148,GET,http://localhost/api/cicd/status/40665,0,9.35,"HTTPConnectionPool(host='localhost', port=80): Max retries exceeded with url: /api/cicd/status/40665 (Caused by NewConnectionError(""HTTPConnection(host='localhost', port=80): Failed to establish a new connection: [Errno 111] Connection refused""))"
2026-09-09T20:52:40.713090,1786374210148,GET,http://localhost/api/cicd/status/40665,0,7.42,"HTTPConnectionPool(host='localhost', port=80): Max retries exceeded with url: /api/cicd/status/40665 (Caused by NewConnectionError(""HTTPConnection(host='localhost', port=80): Failed to establish a new connection: [Errno 111] Connection refused""))"
2026-09-09T20:52:40.713342,1786373852673,POST,http://localhost/api/cicd/execute,0,11.6,"HTTPConnectionPool(host='localhost', port=80): Max retries exceeded with url: /api/cicd/execute (Caused by NewConnectionError(""HTTPConnection(host='localhost', port=80): Failed to establish a new connection: [Errno 111] Connection refused""))"
2026-09-09T20:52:40.713639,1786373852673,POST,http://localhost/api/cicd/execute,0,5.42,"HTTPConnectionPool(host='localhost', port=80): Max retries exceeded with url: /api/cicd/execute (Caused by NewConnectionError(""HTTPConnection(host='localhost', port=80): Failed to establish a new connection: [Errno 111] Connection refused""))"
2026-09-09T20:52:40.714181,1786374210148,GET,http://localhost/api/cicd/status/40665,0,16.11,"HTTPConnectionPool(host='localhost', port=80): Max retries exceeded with url: /api/cicd/status/40665 (Caused by NewConnectionError(""HTTPConnection(host='localhost', port=80): Failed to establish a new connection: [Errno 111] Connection refused""))"
2026-09-09T20:52:40.714409,1786374210148,GET,http://localhost/api/cicd/status/40665,0,4.79,"HTTPConnectionPool(host='localhost', port=80): Max retries exceeded with url: /api/cicd/status/40665 (Caused by NewConnectionError(""HTTPConnection(host='localhost', port=80): Failed to establish a new connection: [Errno 111] Connection refused""))"
2026-09-09T20:52:40.714636,1786373852673,POST,http://localhost/api/cicd/execute,0,7.78,"HTTPConnectionPool(host='localhost', port=80): Max retries exceeded with url: /api/cicd/execute (Caused by NewConnectionError(""HTTPConnection(host='localhost', port=80): Failed to establish a new connection: [Errno 111] Connection refused""))"
2026-09-09T20:52:40.714995,1786373852673,POST,http://localhost/api/cicd/execute,0,15.5,"HTTPConnectionPool(host='localhost', port=80): Max retries exceeded with url: /api/cicd/execute (Caused by NewConnectionError(""HTTPConnection(host='localhost', port=80): Failed to establish a new connection: [Errno 111] Connection refused""))"
2026-09-09T20:52:40.825617,1786374210148,GET,http://localhost/api/cicd/status/40665,0,13.43,"HTTPConnectionPool(host='localhost', port=80): Max retries exceeded with url: /api/cicd/status/40665 (Caused by NewConnectionError(""HTTPConnection(host='localhost', port=80): Failed to establish a new connection: [Errno 111] Connection refused""))"
2026-09-09T20:52:40.826574,1786373852673,POST,http://localhost/api/cicd/execute,0,12.09,"HTTPConnectionPool(host='localhost', port=80): Max retries exceeded with url: /api/cicd/execute (Caused by NewConnectionError(""HTTPConnection(host='localhost', port=80): Failed to establish a new connection: [Errno 111] Connection refused""))"
2026-09-09T20:52:40.827322,1786374210148,GET,http://localhost/api/cicd/status/40665,0,4.36,"HTTPConnectionPool(host='localhost', port=80): Max retries exceeded with url: /api/cicd/status/40665 (Caused by NewConnectionError(""HTTPConnection(host='localhost', port=80): Failed to establish a new connection: [Errno 111] Connection refused""))"
2026-09-09T20:52:40.827551,1786373852673,POST,http://localhost/api/cicd/execute,0,5.76,"HTTPConnectionPool(host='localhost', port=80): Max retries exceeded with url: /api/cicd/execute (Caused by NewConnectionError(""HTTPConnection(host='localhost', port=80): Failed to establish a new connection: [Errno 111] Connection refused""))"
2026-09-09T20:52:40.827800,1786373852673,POST,http://localhost/api/cicd/execute,0,14.45,"HTTPConnectionPool(host='localhost', port=80): Max retries exceeded with url: /api/cicd/execute (Caused by NewConnectionError(""HTTPConnection(host='localhost', port=80): Failed to establish a new connection: [Errno 111] Connection refused""))"
2026-09-09T20:52:40.828092,1786374210148,GET,http://localhost/api/cicd/status/40665,0,10.06,"HTTPConnectionPool(host='localhost', port=80): Max retries exceeded with url: /api/cicd/status/40665 (Caused by NewConnectionError(""HTTPConnection(host='localhost', port=80): Failed to establish a new connection: [Errno 111] Connection refused""))"
2026-09-09T20:52:40.828618,1786373852673,POST,http://localhost/api/cicd/execute,0,13.02,"HTTPConnectionPool(host='localhost', port=80): Max retries exceeded with url: /api/cicd/execute (Caused by NewConnectionError(""HTTPConnection(host='localhost', port=80): Failed to establish a new connection: [Errno 111] Connection refused""))"
2026-09-09T20:52:40.828943,1786374210148,GET,http://localhost/api/cicd/status/40665,0,12.24,"HTTPConnectionPool(host='localhost', port=80): Max retries exceeded with url: /api/cicd/status/40665 (Caused by NewConnectionError(""HTTPConnection(host='localhost', port=80): Failed to establish a new connection: [Errno 111] Connection refused""))"
2026-09-09T20:52:40.829267,1786374210148,GET,http://localhost/api/cicd/status/40665,0,10.01,"HTTPConnectionPool(host='localhost', port=80): Max retries exceeded with url: /api/cicd/status/40665 (Caused by NewConnectionError(""HTTPConnection(host='localhost', port=80): Failed to establish a new connection: [Errno 111] Connection refused""))"
2026-09-09T20:52:40.829586,1786373852673,POST,http://localhost/api/cicd/execute,0,9.11,"HTTPConnectionPool(host='localhost', port=80): Max retries exceeded with url: /api/cicd/execute (Caused by NewConnectionError(""HTTPConnection(host='localhost', port=80): Failed to establish a new connection: [Errno 111] Connection refused""))"
2026-09-09T20:52:40.941344,1786373852673,POST,http://localhost/api/cicd/execute,0,6.9,"HTTPConnectionPool(host='localhost', port=80): Max retries exceeded with url: /api/cicd/execute (Caused by NewConnectionError(""HTTPConnection(host='localhost', port=80): Failed to establish a new connection: [Errno 111] Connection refused""))"
2026-09-09T20:52:40.944288,1786374210148,GET,http://localhost/api/cicd/status/40665,0,16.57,"HTTPConnectionPool(host='localhost', port=80): Max retries exceeded with url: /api/cicd/status/40665 (Caused by NewConnectionError(""HTTPConnection(host='localhost', port=80): Failed to establish a new connection: [Errno 111] Connection refused""))"
2026-09-09T20:52:40.944918,1786373852673,POST,http://localhost/api/cicd/execute,0,14.73,"HTTPConnectionPool(host='localhost', port=80): Max retries exceeded with url: /api/cicd/execute (Caused by NewConnectionError(""HTTPConnection(host='localhost', port=80): Failed to establish a new connection: [Errno 111] Connection refused""))"
2026-09-09T20:52:40.945266,1786374210148,GET,http://localhost/api/cicd/status/40665,0,13.98,"HTTPConnectionPool(host='localhost', port=80): Max retries exceeded with url: /api/cicd/status/40665 (Caused by NewConnectionError(""HTTPConnection(host='localhost', port=80): Failed to establish a new connection: [Errno 111] Connection refused""))"
2026-09-09T20:52:40.946038,1786373852673,POST,http://localhost/api/cicd/execute,0,12.7,"HTTPConnectionPool(host='localhost', port=80): Max retries exceeded with url: /api/cicd/execute (Caused by NewConnectionError(""HTTPConnection(host='localhost', port=80): Failed to establish a new connection: [Errno 111] Connection refused""))"
2026-09-09T20:52:40.946494,1786373852673,POST,http://localhost/api/cicd/execute,0,9.57,"HTTPConnectionPool(host='localhost', port=80): Max retries exceeded with url: /api/cicd/execute (Caused by NewConnectionError(""HTTPConnection(host='localhost', port=80): Failed to establish a new connection: [Errno 111] Connection refused""))"
2026-09-09T20:52:40.946739,1786374210148,GET,http://localhost/api/cicd/status/40665,0,8.2,"HTTPConnectionPool(host='localhost', port=80): Max retries exceeded with url: /api/cicd/status/40665 (Caused by NewConnectionError(""HTTPConnection(host='localhost', port=80): Failed to establish a new connection: [Errno 111] Connection refused""))"
2026-09-09T20:52:40.947039,1786374210148,GET,http://localhost/api/cicd/status/40665,0,14.72,"HTTPConnectionPool(host='localhost', port=80): Max retries exceeded with url: /api/cicd/status/40665 (Caused by NewConnectionError(""HTTPConnection(host='localhost', port=80): Failed to establish a new connection: [Errno 111] Connection refused""))"
2026-09-09T20:52:40.947582,1786374210148,GET,http://localhost/api/cicd/status/40665,0,18.81,"HTTPConnectionPool(host='localhost', port=80): Max retries exceeded with url: /api/cicd/status/40665 (Caused by NewConnectionError(""HTTPConnection(host='localhost', port=80): Failed to establish a new connection: [Errno 111] Connection refused""))"
2026-09-09T20:52:40.947811,1786373852673,POST,http://localhost/api/cicd/execute,0,22.01,"HTTPConnectionPool(host='localhost', port=80): Max retries exceeded with url: /api/cicd/execute (Caused by NewConnectionError(""HTTPConnection(host='localhost', port=80): Failed to establish a new connection: [Errno 111] Connection refused""))"
2026-09-09T20:52:41.043468,1786374210148,GET,http://localhost/api/cicd/status/40665,0,1.94,"HTTPConnectionPool(host='localhost', port=80): Max retries exceeded with url: /api/cicd/status/40665 (Caused by NewConnectionError(""HTTPConnection(host='localhost', port=80): Failed to establish a new connection: [Errno 111] Connection refused""))"
2026-09-09T20:52:41.057101,1786374210148,GET,http://localhost/api/cicd/status/40665,0,10.44,"HTTPConnectionPool(host='localhost', port=80): Max retries exceeded with url: /api/cicd/status/40665 (Caused by NewConnectionError(""HTTPConnection(host='localhost', port=80): Failed to establish a new connection: [Errno 111] Connection refused""))"
2026-09-09T20:52:41.057334,1786373852673,POST,http://localhost/api/cicd/execute,0,12.87,"HTTPConnectionPool(host='localhost', port=80): Max retries exceeded with url: /api/cicd/execute (Caused by NewConnectionError(""HTTPConnection(host='localhost', port=80): Failed to establish a new connection: [Errno 111] Connection refused""))"
2026-09-09T20:52:41.057572,1786374210148,GET,http://localhost/api/cicd/status/40665,0,9.73,"HTTPConnectionPool(host='localhost', port=80): Max retries exceeded with url: /api/cicd/status/40665 (Caused by NewConnectionError(""HTTPConnection(host='localhost', port=80): Failed to establish a new connection: [Errno 111] Connection refused""))"
2026-09-09T20:52:41.058217,1786373852673,POST,http://localhost/api/cicd/execute,0,8.2,"HTTPConnectionPool(host='localhost', port=80): Max retries exceeded with url: /api/cicd/execute (Caused by NewConnectionError(""HTTPConnection(host='localhost', port=80): Failed to establish a new connection: [Errno 111] Connection refused""))"
2026-09-09T20:52:41.058637,1786374210148,GET,http://localhost/api/cicd/status/40665,0,13.05,"HTTPConnectionPool(host='localhost', port=80): Max retries exceeded with url: /api/cicd/status/40665 (Caused by NewConnectionError(""HTTPConnection(host='localhost', port=80): Failed to establish a new connection: [Errno 111] Connection refused""))"
2026-09-09T20:52:41.058882,1786373852673,POST,http://localhost/api/cicd/execute,0,7.76,"HTTPConnectionPool(host='localhost', port=80): Max retries exceeded with url: /api/cicd/execute (Caused by NewConnectionError(""HTTPConnection(host='localhost', port=80): Failed to establish a new connection: [Errno 111] Connection refused""))"
2026-09-09T20:52:41.059104,1786373852673,POST,http://localhost/api/cicd/execute,0,10.19,"HTTPConnectionPool(host='localhost', port=80): Max retries exceeded with url: /api/cicd/execute (Caused by NewConnectionError(""HTTPConnection(host='localhost', port=80): Failed to establish a new connection: [Errno 111] Connection refused""))"
2026-09-09T20:52:41.059328,1786373852673,POST,http://localhost/api/cicd/execute,0,7.1,"HTTPConnectionPool(host='localhost', port=80): Max retries exceeded with url: /api/cicd/execute (Caused by NewConnectionError(""HTTPConnection(host='localhost', port=80): Failed to establish a new connection: [Errno 111] Connection refused""))"
2026-09-09T20:52:41.059843,1786374210148,GET,http://localhost/api/cicd/status/40665,0,5.98,"HTTPConnectionPool(host='localhost', port=80): Max retries exceeded with url: /api/cicd/status/40665 (Caused by NewConnectionError(""HTTPConnection(host='localhost', port=80): Failed to establish a new connection: [Errno 111] Connection refused""))"
2026-09-09T20:52:41.146593,1786373852673,POST,http://localhost/api/cicd/execute,0,2.93,"HTTPConnectionPool(host='localhost', port=80): Max retries exceeded with url: /api/cicd/execute (Caused by NewConnectionError(""HTTPConnection(host='localhost', port=80): Failed to establish a new connection: [Errno 111] Connection refused""))"
2026-09-09T20:52:41.169331,1786374210148,GET,http://localhost/api/cicd/status/40665,0,10.69,"HTTPConnectionPool(host='localhost', port=80): Max retries exceeded with url: /api/cicd/status/40665 (Caused by NewConnectionError(""HTTPConnection(host='localhost', port=80): Failed to establish a new connection: [Errno 111] Connection refused""))"
2026-09-09T20:52:41.170326,1786373852673,POST,http://localhost/api/cicd/execute,0,10.49,"HTTPConnectionPool(host='localhost', port=80): Max retries exceeded with url: /api/cicd/execute (Caused by NewConnectionError(""HTTPConnection(host='localhost', port=80): Failed to establish a new connection: [Errno 111] Connection refused""))"
2026-09-09T20:52:41.171255,1786374210148,GET,http://localhost/api/cicd/status/40665,0,7.83,"HTTPConnectionPool(host='localhost', port=80): Max retries exceeded with url: /api/cicd/status/40665 (Caused by NewConnectionError(""HTTPConnection(host='localhost', port=80): Failed to establish a new connection: [Errno 111] Connection refused""))"
2026-09-09T20:52:41.171622,1786374210148,GET,http://localhost/api/cicd/status/40665,0,6.79,"HTTPConnectionPool(host='localhost', port=80): Max retries exceeded with url: /api/cicd/status/40665 (Caused by NewConnectionError(""HTTPConnection(host='localhost', port=80): Failed to establish a new connection: [Errno 111] Connection refused""))"
2026-09-09T20:52:41.171948,1786373852673,POST,http://localhost/api/cicd/execute,0,14.65,"HTTPConnectionPool(host='localhost', port=80): Max retries exceeded with url: /api/cicd/execute (Caused by NewConnectionError(""HTTPConnection(host='localhost', port=80): Failed to establish a new connection: [Errno 111] Connection refused""))"
2026-09-09T20:52:41.172276,1786374210148,GET,http://localhost/api/cicd/status/40665,0,11.15,"HTTPConnectionPool(host='localhost', port=80): Max retries exceeded with url: /api/cicd/status/40665 (Caused by NewConnectionError(""HTTPConnection(host='localhost', port=80): Failed to establish a new connection: [Errno 111] Connection refused""))"
2026-09-09T20:52:41.172652,1786373852673,POST,http://localhost/api/cicd/execute,0,6.7,"HTTPConnectionPool(host='localhost', port=80): Max retries exceeded with url: /api/cicd/execute (Caused by NewConnectionError(""HTTPConnection(host='localhost', port=80): Failed to establish a new connection: [Errno 111] Connection refused""))"
2026-09-09T20:52:41.172991,1786373852673,POST,http://localhost/api/cicd/execute,0,10.78,"HTTPConnectionPool(host='localhost', port=80): Max retries exceeded with url: /api/cicd/execute (Caused by NewConnectionError(""HTTPConnection(host='localhost', port=80): Failed to establish a new connection: [Errno 111] Connection refused""))"
2026-09-09T20:52:41.173293,1786374210148,GET,http://localhost/api/cicd/status/40665,0,5.94,"HTTPConnectionPool(host='localhost', port=80): Max retries exceeded with url: /api/cicd/status/40665 (Caused by NewConnectionError(""HTTPConnection(host='localhost', port=80): Failed to establish a new connection: [Errno 111] Connection refused""))"
2026-09-09T20:52:41.248552,1786374210148,GET,http://localhost/api/cicd/status/40665,0,1.77,"HTTPConnectionPool(host='localhost', port=80): Max retries exceeded with url: /api/cicd/status/40665 (Caused by NewConnectionError(""HTTPConnection(host='localhost', port=80): Failed to establish a new connection: [Errno 111] Connection refused""))"
2026-09-09T20:52:41.282779,1786374210148,GET,http://localhost/api/cicd/status/40665,0,2.88,"HTTPConnectionPool(host='localhost', port=80): Max retries exceeded with url: /api/cicd/status/40665 (Caused by NewConnectionError(""HTTPConnection(host='localhost', port=80): Failed to establish a new connection: [Errno 111] Connection refused""))"
2026-09-09T20:52:41.283064,1786374210148,GET,http://localhost/api/cicd/status/40665,0,4.38,"HTTPConnectionPool(host='localhost', port=80): Max retries exceeded with url: /api/cicd/status/40665 (Caused by NewConnectionError(""HTTPConnection(host='localhost', port=80): Failed to establish a new connection: [Errno 111] Connection refused""))"
2026-09-09T20:52:41.283383,1786373852673,POST,http://localhost/api/cicd/execute,0,10.43,"HTTPConnectionPool(host='localhost', port=80): Max retries exceeded with url: /api/cicd/execute (Caused by NewConnectionError(""HTTPConnection(host='localhost', port=80): Failed to establish a new connection: [Errno 111] Connection refused""))"
2026-09-09T20:52:41.283835,1786373852673,POST,http://localhost/api/cicd/execute,0,9.44,"HTTPConnectionPool(host='localhost', port=80): Max retries exceeded with url: /api/cicd/execute (Caused by NewConnectionError(""HTTPConnection(host='localhost', port=80): Failed to establish a new connection: [Errno 111] Connection refused""))"
2026-09-09T20:52:41.284196,1786373852673,POST,http://localhost/api/cicd/execute,0,14.73,"HTTPConnectionPool(host='localhost', port=80): Max retries exceeded with url: /api/cicd/execute (Caused by NewConnectionError(""HTTPConnection(host='localhost', port=80): Failed to establish a new connection: [Errno 111] Connection refused""))"
2026-09-09T20:52:41.284511,1786374210148,GET,http://localhost/api/cicd/status/40665,0,13.92,"HTTPConnectionPool(host='localhost', port=80): Max retries exceeded with url: /api/cicd/status/40665 (Caused by NewConnectionError(""HTTPConnection(host='localhost', port=80): Failed to establish a new connection: [Errno 111] Connection refused""))"
2026-09-09T20:52:41.285143,1786373852673,POST,http://localhost/api/cicd/execute,0,9.58,"HTTPConnectionPool(host='localhost', port=80): Max retries exceeded with url: /api/cicd/execute (Caused by NewConnectionError(""HTTPConnection(host='localhost', port=80): Failed to establish a new connection: [Errno 111] Connection refused""))"
2026-09-09T20:52:41.285443,1786373852673,POST,http://localhost/api/cicd/execute,0,13.64,"HTTPConnectionPool(host='localhost', port=80): Max retries exceeded with url: /api/cicd/execute (Caused by NewConnectionError(""HTTPConnection(host='localhost', port=80): Failed to establish a new connection: [Errno 111] Connection refused""))"
2026-09-09T20:52:41.285766,1786374210148,GET,http://localhost/api/cicd/status/40665,0,8.27,"HTTPConnectionPool(host='localhost', port=80): Max retries exceeded with url: /api/cicd/status/40665 (Caused by NewConnectionError(""HTTPConnection(host='localhost', port=80): Failed to establish a new connection: [Errno 111] Connection refused""))"
2026-09-09T20:52:41.350921,1786373852673,POST,http://localhost/api/cicd/execute,0,2.18,"HTTPConnectionPool(host='localhost', port=80): Max retries exceeded with url: /api/cicd/execute (Caused by NewConnectionError(""HTTPConnection(host='localhost', port=80): Failed to establish a new connection: [Errno 111] Connection refused""))"
2026-09-09T20:52:41.395718,1786374210148,GET,http://localhost/api/cicd/status/40665,0,10.4,"HTTPConnectionPool(host='localhost', port=80): Max retries exceeded with url: /api/cicd/status/40665 (Caused by NewConnectionError(""HTTPConnection(host='localhost', port=80): Failed to establish a new connection: [Errno 111] Connection refused""))"
2026-09-09T20:52:41.396025,1786374210148,GET,http://localhost/api/cicd/status/40665,0,9.6,"HTTPConnectionPool(host='localhost', port=80): Max retries exceeded with url: /api/cicd/status/40665 (Caused by NewConnectionError(""HTTPConnection(host='localhost', port=80): Failed to establish a new connection: [Errno 111] Connection refused""))"
2026-09-09T20:52:41.397289,1786373852673,POST,http://localhost/api/cicd/execute,0,14.33,"HTTPConnectionPool(host='localhost', port=80): Max retries exceeded with url: /api/cicd/execute (Caused by NewConnectionError(""HTTPConnection(host='localhost', port=80): Failed to establish a new connection: [Errno 111] Connection refused""))"
2026-09-09T20:52:41.397517,1786373852673,POST,http://localhost/api/cicd/execute,0,13.34,"HTTPConnectionPool(host='localhost', port=80): Max retries exceeded with url: /api/cicd/execute (Caused by NewConnectionError(""HTTPConnection(host='localhost', port=80): Failed to establish a new connection: [Errno 111] Connection refused""))"
2026-09-09T20:52:41.397843,1786374210148,GET,http://localhost/api/cicd/status/40665,0,7.92,"HTTPConnectionPool(host='localhost', port=80): Max retries exceeded with url: /api/cicd/status/40665 (Caused by NewConnectionError(""HTTPConnection(host='localhost', port=80): Failed to establish a new connection: [Errno 111] Connection refused""))"
2026-09-09T20:52:41.398466,1786373852673,POST,http://localhost/api/cicd/execute,0,9.7,"HTTPConnectionPool(host='localhost', port=80): Max retries exceeded with url: /api/cicd/execute (Caused by NewConnectionError(""HTTPConnection(host='localhost', port=80): Failed to establish a new connection: [Errno 111] Connection refused""))"
2026-09-09T20:52:41.398836,1786374210148,GET,http://localhost/api/cicd/status/40665,0,11.3,"HTTPConnectionPool(host='localhost', port=80): Max retries exceeded with url: /api/cicd/status/40665 (Caused by NewConnectionError(""HTTPConnection(host='localhost', port=80): Failed to establish a new connection: [Errno 111] Connection refused""))"
2026-09-09T20:52:41.399182,1786374210148,GET,http://localhost/api/cicd/status/40665,0,5.63,"HTTPConnectionPool(host='localhost', port=80): Max retries exceeded with url: /api/cicd/status/40665 (Caused by NewConnectionError(""HTTPConnection(host='localhost', port=80): Failed to establish a new connection: [Errno 111] Connection refused""))"
2026-09-09T20:52:41.399520,1786373852673,POST,http://localhost/api/cicd/execute,0,8.49,"HTTPConnectionPool(host='localhost', port=80): Max retries exceeded with url: /api/cicd/execute (Caused by NewConnectionError(""HTTPConnection(host='localhost', port=80): Failed to establish a new connection: [Errno 111] Connection refused""))"
2026-09-09T20:52:41.452917,1786374210148,GET,http://localhost/api/cicd/status/40665,0,1.83,"HTTPConnectionPool(host='localhost', port=80): Max retries exceeded with url: /api/cicd/status/40665 (Caused by NewConnectionError(""HTTPConnection(host='localhost', port=80): Failed to establish a new connection: [Errno 111] Connection refused""))"
2026-09-09T20:52:41.508255,1786373852673,POST,http://localhost/api/cicd/execute,0,11.18,"HTTPConnectionPool(host='localhost', port=80): Max retries exceeded with url: /api/cicd/execute (Caused by NewConnectionError(""HTTPConnection(host='localhost', port=80): Failed to establish a new connection: [Errno 111] Connection refused""))"
2026-09-09T20:52:41.508692,1786373852673,POST,http://localhost/api/cicd/execute,0,3.1,"HTTPConnectionPool(host='localhost', port=80): Max retries exceeded with url: /api/cicd/execute (Caused by NewConnectionError(""HTTPConnection(host='localhost', port=80): Failed to establish a new connection: [Errno 111] Connection refused""))"
2026-09-09T20:52:41.509248,1786373852673,POST,http://localhost/api/cicd/execute,0,13.34,"HTTPConnectionPool(host='localhost', port=80): Max retries exceeded with url: /api/cicd/execute (Caused by NewConnectionError(""HTTPConnection(host='localhost', port=80): Failed to establish a new connection: [Errno 111] Connection refused""))"
2026-09-09T20:52:41.509843,1786373852673,POST,http://localhost/api/cicd/execute,0,8.94,"HTTPConnectionPool(host='localhost', port=80): Max retries exceeded with url: /api/cicd/execute (Caused by NewConnectionError(""HTTPConnection(host='localhost', port=80): Failed to establish a new connection: [Errno 111] Connection refused""))"
2026-09-09T20:52:41.510183,1786374210148,GET,http://localhost/api/cicd/status/40665,0,8.07,"HTTPConnectionPool(host='localhost', port=80): Max retries exceeded with url: /api/cicd/status/40665 (Caused by NewConnectionError(""HTTPConnection(host='localhost', port=80): Failed to establish a new connection: [Errno 111] Connection refused""))"
2026-09-09T20:52:41.510693,1786373852673,POST,http://localhost/api/cicd/execute,0,7.45,"HTTPConnectionPool(host='localhost', port=80): Max retries exceeded with url: /api/cicd/execute (Caused by NewConnectionError(""HTTPConnection(host='localhost', port=80): Failed to establish a new connection: [Errno 111] Connection refused""))"
2026-09-09T20:52:41.510958,1786374210148,GET,http://localhost/api/cicd/status/40665,0,6.55,"HTTPConnectionPool(host='localhost', port=80): Max retries exceeded with url: /api/cicd/status/40665 (Caused by NewConnectionError(""HTTPConnection(host='localhost', port=80): Failed to establish a new connection: [Errno 111] Connection refused""))"
2026-09-09T20:52:41.511270,1786374210148,GET,http://localhost/api/cicd/status/40665,0,11.78,"HTTPConnectionPool(host='localhost', port=80): Max retries exceeded with url: /api/cicd/status/40665 (Caused by NewConnectionError(""HTTPConnection(host='localhost', port=80): Failed to establish a new connection: [Errno 111] Connection refused""))"
2026-09-09T20:52:41.512302,1786374210148,GET,http://localhost/api/cicd/status/40665,0,13.92,"HTTPConnectionPool(host='localhost', port=80): Max retries exceeded with url: /api/cicd/status/40665 (Caused by NewConnectionError(""HTTPConnection(host='localhost', port=80): Failed to establish a new connection: [Errno 111] Connection refused""))"
2026-09-09T20:52:41.554819,1786373852673,POST,http://localhost/api/cicd/execute,0,1.72,"HTTPConnectionPool(host='localhost', port=80): Max retries exceeded with url: /api/cicd/execute (Caused by NewConnectionError(""HTTPConnection(host='localhost', port=80): Failed to establish a new connection: [Errno 111] Connection refused""))"
2026-09-09T20:52:41.620890,1786374210148,GET,http://localhost/api/cicd/status/40665,0,12.45,"HTTPConnectionPool(host='localhost', port=80): Max retries exceeded with url: /api/cicd/status/40665 (Caused by NewConnectionError(""HTTPConnection(host='localhost', port=80): Failed to establish a new connection: [Errno 111] Connection refused""))"
2026-09-09T20:52:41.621672,1786374210148,GET,http://localhost/api/cicd/status/40665,0,12.09,"HTTPConnectionPool(host='localhost', port=80): Max retries exceeded with url: /api/cicd/status/40665 (Caused by NewConnectionError(""HTTPConnection(host='localhost', port=80): Failed to establish a new connection: [Errno 111] Connection refused""))"
2026-09-09T20:52:41.622039,1786373852673,POST,http://localhost/api/cicd/execute,0,7.58,"HTTPConnectionPool(host='localhost', port=80): Max retries exceeded with url: /api/cicd/execute (Caused by NewConnectionError(""HTTPConnection(host='localhost', port=80): Failed to establish a new connection: [Errno 111] Connection refused""))"
2026-09-09T20:52:41.622403,1786373852673,POST,http://localhost/api/cicd/execute,0,9.18,"HTTPConnectionPool(host='localhost', port=80): Max retries exceeded with url: /api/cicd/execute (Caused by NewConnectionError(""HTTPConnection(host='localhost', port=80): Failed to establish a new connection: [Errno 111] Connection refused""))"
2026-09-09T20:52:41.622768,1786374210148,GET,http://localhost/api/cicd/status/40665,0,12.03,"HTTPConnectionPool(host='localhost', port=80): Max retries exceeded with url: /api/cicd/status/40665 (Caused by NewConnectionError(""HTTPConnection(host='localhost', port=80): Failed to establish a new connection: [Errno 111] Connection refused""))"
2026-09-09T20:52:41.623020,1786373852673,POST,http://localhost/api/cicd/execute,0,7.32,"HTTPConnectionPool(host='localhost', port=80): Max retries exceeded with url: /api/cicd/execute (Caused by NewConnectionError(""HTTPConnection(host='localhost', port=80): Failed to establish a new connection: [Errno 111] Connection refused""))"
2026-09-09T20:52:41.623350,1786374210148,GET,http://localhost/api/cicd/status/40665,0,11.4,"HTTPConnectionPool(host='localhost', port=80): Max retries exceeded with url: /api/cicd/status/40665 (Caused by NewConnectionError(""HTTPConnection(host='localhost', port=80): Failed to establish a new connection: [Errno 111] Connection refused""))"
2026-09-09T20:52:41.623774,1786374210148,GET,http://localhost/api/cicd/status/40665,0,6.8,"HTTPConnectionPool(host='localhost', port=80): Max retries exceeded with url: /api/cicd/status/40665 (Caused by NewConnectionError(""HTTPConnection(host='localhost', port=80): Failed to establish a new connection: [Errno 111] Connection refused""))"
2026-09-09T20:52:41.624074,1786373852673,POST,http://localhost/api/cicd/execute,0,5.55,"HTTPConnectionPool(host='localhost', port=80): Max retries exceeded with url: /api/cicd/execute (Caused by NewConnectionError(""HTTPConnection(host='localhost', port=80): Failed to establish a new connection: [Errno 111] Connection refused""))"
2026-09-09T20:52:41.656691,1786374210148,GET,http://localhost/api/cicd/status/40665,0,1.69,"HTTPConnectionPool(host='localhost', port=80): Max retries exceeded with url: /api/cicd/status/40665 (Caused by NewConnectionError(""HTTPConnection(host='localhost', port=80): Failed to establish a new connection: [Errno 111] Connection refused""))"
2026-09-09T20:52:41.733635,1786373852673,POST,http://localhost/api/cicd/execute,0,12.56,"HTTPConnectionPool(host='localhost', port=80): Max retries exceeded with url: /api/cicd/execute (Caused by NewConnectionError(""HTTPConnection(host='localhost', port=80): Failed to establish a new connection: [Errno 111] Connection refused""))"
2026-09-09T20:52:41.734894,1786373852673,POST,http://localhost/api/cicd/execute,0,9.08,"HTTPConnectionPool(host='localhost', port=80): Max retries exceeded with url: /api/cicd/execute (Caused by NewConnectionError(""HTTPConnection(host='localhost', port=80): Failed to establish a new connection: [Errno 111] Connection refused""))"
2026-09-09T20:52:41.735393,1786373852673,POST,http://localhost/api/cicd/execute,0,3.74,"HTTPConnectionPool(host='localhost', port=80): Max retries exceeded with url: /api/cicd/execute (Caused by NewConnectionError(""HTTPConnection(host='localhost', port=80): Failed to establish a new connection: [Errno 111] Connection refused""))"
2026-09-09T20:52:41.735820,1786374210148,GET,http://localhost/api/cicd/status/40665,0,12.35,"HTTPConnectionPool(host='localhost', port=80): Max retries exceeded with url: /api/cicd/status/40665 (Caused by NewConnectionError(""HTTPConnection(host='localhost', port=80): Failed to establish a new connection: [Errno 111] Connection refused""))"
2026-09-09T20:52:41.736054,1786374210148,GET,http://localhost/api/cicd/status/40665,0,11.35,"HTTPConnectionPool(host='localhost', port=80): Max retries exceeded with url: /api/cicd/status/40665 (Caused by NewConnectionError(""HTTPConnection(host='localhost', port=80): Failed to establish a new connection: [Errno 111] Connection refused""))"
2026-09-09T20:52:41.736370,1786374210148,GET,http://localhost/api/cicd/status/40665,0,8.81,"HTTPConnectionPool(host='localhost', port=80): Max retries exceeded with url: /api/cicd/status/40665 (Caused by NewConnectionError(""HTTPConnection(host='localhost', port=80): Failed to establish a new connection: [Errno 111] Connection refused""))"
2026-09-09T20:52:41.736643,1786374210148,GET,http://localhost/api/cicd/status/40665,0,6.56,"HTTPConnectionPool(host='localhost', port=80): Max retries exceeded with url: /api/cicd/status/40665 (Caused by NewConnectionError(""HTTPConnection(host='localhost', port=80): Failed to establish a new connection: [Errno 111] Connection refused""))"
2026-09-09T20:52:41.737191,1786373852673,POST,http://localhost/api/cicd/execute,0,8.57,"HTTPConnectionPool(host='localhost', port=80): Max retries exceeded with url: /api/cicd/execute (Caused by NewConnectionError(""HTTPConnection(host='localhost', port=80): Failed to establish a new connection: [Errno 111] Connection refused""))"
2026-09-09T20:52:41.737533,1786373852673,POST,http://localhost/api/cicd/execute,0,15.22,"HTTPConnectionPool(host='localhost', port=80): Max retries exceeded with url: /api/cicd/execute (Caused by NewConnectionError(""HTTPConnection(host='localhost', port=80): Failed to establish a new connection: [Errno 111] Connection refused""))"
2026-09-09T20:52:41.758580,1786373852673,POST,http://localhost/api/cicd/execute,0,1.71,"HTTPConnectionPool(host='localhost', port=80): Max retries exceeded with url: /api/cicd/execute (Caused by NewConnectionError(""HTTPConnection(host='localhost', port=80): Failed to establish a new connection: [Errno 111] Connection refused""))"
2026-09-09T20:52:41.846427,1786373852673,POST,http://localhost/api/cicd/execute,0,4.21,"HTTPConnectionPool(host='localhost', port=80): Max retries exceeded with url: /api/cicd/execute (Caused by NewConnectionError(""HTTPConnection(host='localhost', port=80): Failed to establish a new connection: [Errno 111] Connection refused""))"
2026-09-09T20:52:41.850715,1786374210148,GET,http://localhost/api/cicd/status/40665,0,9.73,"HTTPConnectionPool(host='localhost', port=80): Max retries exceeded with url: /api/cicd/status/40665 (Caused by NewConnectionError(""HTTPConnection(host='localhost', port=80): Failed to establish a new connection: [Errno 111] Connection refused""))"
2026-09-09T20:52:41.851289,1786374210148,GET,http://localhost/api/cicd/status/40665,0,17.46,"HTTPConnectionPool(host='localhost', port=80): Max retries exceeded with url: /api/cicd/status/40665 (Caused by NewConnectionError(""HTTPConnection(host='localhost', port=80): Failed to establish a new connection: [Errno 111] Connection refused""))"
2026-09-09T20:52:41.851515,1786374210148,GET,http://localhost/api/cicd/status/40665,0,14.14,"HTTPConnectionPool(host='localhost', port=80): Max retries exceeded with url: /api/cicd/status/40665 (Caused by NewConnectionError(""HTTPConnection(host='localhost', port=80): Failed to establish a new connection: [Errno 111] Connection refused""))"
2026-09-09T20:52:41.852065,1786374210148,GET,http://localhost/api/cicd/status/40665,0,16.99,"HTTPConnectionPool(host='localhost', port=80): Max retries exceeded with url: /api/cicd/status/40665 (Caused by NewConnectionError(""HTTPConnection(host='localhost', port=80): Failed to establish a new connection: [Errno 111] Connection refused""))"
2026-09-09T20:52:41.852306,1786373852673,POST,http://localhost/api/cicd/execute,0,13.82,"HTTPConnectionPool(host='localhost', port=80): Max retries exceeded with url: /api/cicd/execute (Caused by NewConnectionError(""HTTPConnection(host='localhost', port=80): Failed to establish a new connection: [Errno 111] Connection refused""))"
2026-09-09T20:52:41.852867,1786374210148,GET,http://localhost/api/cicd/status/40665,0,8.97,"HTTPConnectionPool(host='localhost', port=80): Max retries exceeded with url: /api/cicd/status/40665 (Caused by NewConnectionError(""HTTPConnection(host='localhost', port=80): Failed to establish a new connection: [Errno 111] Connection refused""))"
2026-09-09T20:52:41.853419,1786373852673,POST,http://localhost/api/cicd/execute,0,17.2,"HTTPConnectionPool(host='localhost', port=80): Max retries exceeded with url: /api/cicd/execute (Caused by NewConnectionError(""HTTPConnection(host='localhost', port=80): Failed to establish a new connection: [Errno 111] Connection refused""))"
2026-09-09T20:52:41.853750,1786373852673,POST,http://localhost/api/cicd/execute,0,13.92,"HTTPConnectionPool(host='localhost', port=80): Max retries exceeded with url: /api/cicd/execute (Caused by NewConnectionError(""HTTPConnection(host='localhost', port=80): Failed to establish a new connection: [Errno 111] Connection refused""))"
2026-09-09T20:52:41.860398,1786374210148,GET,http://localhost/api/cicd/status/40665,0,1.66,"HTTPConnectionPool(host='localhost', port=80): Max retries exceeded with url: /api/cicd/status/40665 (Caused by NewConnectionError(""HTTPConnection(host='localhost', port=80): Failed to establish a new connection: [Errno 111] Connection refused""))"
2026-09-09T20:52:41.948821,1786374210148,GET,http://localhost/api/cicd/status/40665,0,2.25,"HTTPConnectionPool(host='localhost', port=80): Max retries exceeded with url: /api/cicd/status/40665 (Caused by NewConnectionError(""HTTPConnection(host='localhost', port=80): Failed to establish a new connection: [Errno 111] Connection refused""))"
2026-09-09T20:52:41.964649,1786373852673,POST,http://localhost/api/cicd/execute,0,13.43,"HTTPConnectionPool(host='localhost', port=80): Max retries exceeded with url: /api/cicd/execute (Caused by NewConnectionError(""HTTPConnection(host='localhost', port=80): Failed to establish a new connection: [Errno 111] Connection refused""))"
2026-09-09T20:52:41.965453,1786373852673,POST,http://localhost/api/cicd/execute,0,12.04,"HTTPConnectionPool(host='localhost', port=80): Max retries exceeded with url: /api/cicd/execute (Caused by NewConnectionError(""HTTPConnection(host='localhost', port=80): Failed to establish a new connection: [Errno 111] Connection refused""))"
2026-09-09T20:52:41.966045,1786373852673,POST,http://localhost/api/cicd/execute,0,3.33,"HTTPConnectionPool(host='localhost', port=80): Max retries exceeded with url: /api/cicd/execute (Caused by NewConnectionError(""HTTPConnection(host='localhost', port=80): Failed to establish a new connection: [Errno 111] Connection refused""))"
2026-09-09T20:52:41.966457,1786373852673,POST,http://localhost/api/cicd/execute,0,11.94,"HTTPConnectionPool(host='localhost', port=80): Max retries exceeded with url: /api/cicd/execute (Caused by NewConnectionError(""HTTPConnection(host='localhost', port=80): Failed to establish a new connection: [Errno 111] Connection refused""))"
2026-09-09T20:52:41.967263,1786373852673,POST,http://localhost/api/cicd/execute,0,14.93,"HTTPConnectionPool(host='localhost', port=80): Max retries exceeded with url: /api/cicd/execute (Caused by NewConnectionError(""HTTPConnection(host='localhost', port=80): Failed to establish a new connection: [Errno 111] Connection refused""))"
2026-09-09T20:52:41.967526,1786374210148,GET,http://localhost/api/cicd/status/40665,0,11.93,"HTTPConnectionPool(host='localhost', port=80): Max retries exceeded with url: /api/cicd/status/40665 (Caused by NewConnectionError(""HTTPConnection(host='localhost', port=80): Failed to establish a new connection: [Errno 111] Connection refused""))"
2026-09-09T20:52:41.967915,1786374210148,GET,http://localhost/api/cicd/status/40665,0,8.56,"HTTPConnectionPool(host='localhost', port=80): Max retries exceeded with url: /api/cicd/status/40665 (Caused by NewConnectionError(""HTTPConnection(host='localhost', port=80): Failed to establish a new connection: [Errno 111] Connection refused""))"
2026-09-09T20:52:41.968204,1786374210148,GET,http://localhost/api/cicd/status/40665,0,11.36,"HTTPConnectionPool(host='localhost', port=80): Max retries exceeded with url: /api/cicd/status/40665 (Caused by NewConnectionError(""HTTPConnection(host='localhost', port=80): Failed to establish a new connection: [Errno 111] Connection refused""))"
2026-09-09T20:52:41.968399,1786373852673,POST,http://localhost/api/cicd/execute,0,10.3,"HTTPConnectionPool(host='localhost', port=80): Max retries exceeded with url: /api/cicd/execute (Caused by NewConnectionError(""HTTPConnection(host='localhost', port=80): Failed to establish a new connection: [Errno 111] Connection refused""))"
2026-09-09T20:52:42.051036,1786373852673,POST,http://localhost/api/cicd/execute,0,2.02,"HTTPConnectionPool(host='localhost', port=80): Max retries exceeded with url: /api/cicd/execute (Caused by NewConnectionError(""HTTPConnection(host='localhost', port=80): Failed to establish a new connection: [Errno 111] Connection refused""))"
2026-09-09T20:52:42.076435,1786374210148,GET,http://localhost/api/cicd/status/40665,0,11.61,"HTTPConnectionPool(host='localhost', port=80): Max retries exceeded with url: /api/cicd/status/40665 (Caused by NewConnectionError(""HTTPConnection(host='localhost', port=80): Failed to establish a new connection: [Errno 111] Connection refused""))"
2026-09-09T20:52:42.077391,1786374210148,GET,http://localhost/api/cicd/status/40665,0,11.54,"HTTPConnectionPool(host='localhost', port=80): Max retries exceeded with url: /api/cicd/status/40665 (Caused by NewConnectionError(""HTTPConnection(host='localhost', port=80): Failed to establish a new connection: [Errno 111] Connection refused""))"
2026-09-09T20:52:42.077766,1786374210148,GET,http://localhost/api/cicd/status/40665,0,5.79,"HTTPConnectionPool(host='localhost', port=80): Max retries exceeded with url: /api/cicd/status/40665 (Caused by NewConnectionError(""HTTPConnection(host='localhost', port=80): Failed to establish a new connection: [Errno 111] Connection refused""))"
2026-09-09T20:52:42.078551,1786373852673,POST,http://localhost/api/cicd/execute,0,4.09,"HTTPConnectionPool(host='localhost', port=80): Max retries exceeded with url: /api/cicd/execute (Caused by NewConnectionError(""HTTPConnection(host='localhost', port=80): Failed to establish a new connection: [Errno 111] Connection refused""))"
2026-09-09T20:52:42.078907,1786373852673,POST,http://localhost/api/cicd/execute,0,5.75,"HTTPConnectionPool(host='localhost', port=80): Max retries exceeded with url: /api/cicd/execute (Caused by NewConnectionError(""HTTPConnection(host='localhost', port=80): Failed to establish a new connection: [Errno 111] Connection refused""))"
2026-09-09T20:52:42.079507,1786373852673,POST,http://localhost/api/cicd/execute,0,10.1,"HTTPConnectionPool(host='localhost', port=80): Max retries exceeded with url: /api/cicd/execute (Caused by NewConnectionError(""HTTPConnection(host='localhost', port=80): Failed to establish a new connection: [Errno 111] Connection refused""))"
2026-09-09T20:52:42.079729,1786374210148,GET,http://localhost/api/cicd/status/40665,0,11.64,"HTTPConnectionPool(host='localhost', port=80): Max retries exceeded with url: /api/cicd/status/40665 (Caused by NewConnectionError(""HTTPConnection(host='localhost', port=80): Failed to establish a new connection: [Errno 111] Connection refused""))"
2026-09-09T20:52:42.079952,1786374210148,GET,http://localhost/api/cicd/status/40665,0,9.12,"HTTPConnectionPool(host='localhost', port=80): Max retries exceeded with url: /api/cicd/status/40665 (Caused by NewConnectionError(""HTTPConnection(host='localhost', port=80): Failed to establish a new connection: [Errno 111] Connection refused""))"
2026-09-09T20:52:42.080191,1786374210148,GET,http://localhost/api/cicd/status/40665,0,13.17,"HTTPConnectionPool(host='localhost', port=80): Max retries exceeded with url: /api/cicd/status/40665 (Caused by NewConnectionError(""HTTPConnection(host='localhost', port=80): Failed to establish a new connection: [Errno 111] Connection refused""))"
2026-09-09T20:52:42.153580,1786374210148,GET,http://localhost/api/cicd/status/40665,0,2.35,"HTTPConnectionPool(host='localhost', port=80): Max retries exceeded with url: /api/cicd/status/40665 (Caused by NewConnectionError(""HTTPConnection(host='localhost', port=80): Failed to establish a new connection: [Errno 111] Connection refused""))"
2026-09-09T20:52:42.189353,1786373852673,POST,http://localhost/api/cicd/execute,0,5.65,"HTTPConnectionPool(host='localhost', port=80): Max retries exceeded with url: /api/cicd/execute (Caused by NewConnectionError(""HTTPConnection(host='localhost', port=80): Failed to establish a new connection: [Errno 111] Connection refused""))"
2026-09-09T20:52:42.189799,1786373852673,POST,http://localhost/api/cicd/execute,0,10.97,"HTTPConnectionPool(host='localhost', port=80): Max retries exceeded with url: /api/cicd/execute (Caused by NewConnectionError(""HTTPConnection(host='localhost', port=80): Failed to establish a new connection: [Errno 111] Connection refused""))"
2026-09-09T20:52:42.190235,1786373852673,POST,http://localhost/api/cicd/execute,0,13.62,"HTTPConnectionPool(host='localhost', port=80): Max retries exceeded with url: /api/cicd/execute (Caused by NewConnectionError(""HTTPConnection(host='localhost', port=80): Failed to establish a new connection: [Errno 111] Connection refused""))"
2026-09-09T20:52:42.190617,1786373852673,POST,http://localhost/api/cicd/execute,0,8.31,"HTTPConnectionPool(host='localhost', port=80): Max retries exceeded with url: /api/cicd/execute (Caused by NewConnectionError(""HTTPConnection(host='localhost', port=80): Failed to establish a new connection: [Errno 111] Connection refused""))"
2026-09-09T20:52:42.191016,1786374210148,GET,http://localhost/api/cicd/status/40665,0,10.91,"HTTPConnectionPool(host='localhost', port=80): Max retries exceeded with url: /api/cicd/status/40665 (Caused by NewConnectionError(""HTTPConnection(host='localhost', port=80): Failed to establish a new connection: [Errno 111] Connection refused""))"
2026-09-09T20:52:42.191505,1786374210148,GET,http://localhost/api/cicd/status/40665,0,6.33,"HTTPConnectionPool(host='localhost', port=80): Max retries exceeded with url: /api/cicd/status/40665 (Caused by NewConnectionError(""HTTPConnection(host='localhost', port=80): Failed to establish a new connection: [Errno 111] Connection refused""))"
2026-09-09T20:52:42.191732,1786374210148,GET,http://localhost/api/cicd/status/40665,0,10.53,"HTTPConnectionPool(host='localhost', port=80): Max retries exceeded with url: /api/cicd/status/40665 (Caused by NewConnectionError(""HTTPConnection(host='localhost', port=80): Failed to establish a new connection: [Errno 111] Connection refused""))"
2026-09-09T20:52:42.192173,1786373852673,POST,http://localhost/api/cicd/execute,0,5.51,"HTTPConnectionPool(host='localhost', port=80): Max retries exceeded with url: /api/cicd/execute (Caused by NewConnectionError(""HTTPConnection(host='localhost', port=80): Failed to establish a new connection: [Errno 111] Connection refused""))"
2026-09-09T20:52:42.192420,1786373852673,POST,http://localhost/api/cicd/execute,0,14.71,"HTTPConnectionPool(host='localhost', port=80): Max retries exceeded with url: /api/cicd/execute (Caused by NewConnectionError(""HTTPConnection(host='localhost', port=80): Failed to establish a new connection: [Errno 111] Connection refused""))"
2026-09-09T20:52:42.255667,1786373852673,POST,http://localhost/api/cicd/execute,0,1.9,"HTTPConnectionPool(host='localhost', port=80): Max retries exceeded with url: /api/cicd/execute (Caused by NewConnectionError(""HTTPConnection(host='localhost', port=80): Failed to establish a new connection: [Errno 111] Connection refused""))"
2026-09-09T20:52:42.302631,1786374210148,GET,http://localhost/api/cicd/status/40665,0,10.87,"HTTPConnectionPool(host='localhost', port=80): Max retries exceeded with url: /api/cicd/status/40665 (Caused by NewConnectionError(""HTTPConnection(host='localhost', port=80): Failed to establish a new connection: [Errno 111] Connection refused""))"
2026-09-09T20:52:42.303045,1786374210148,GET,http://localhost/api/cicd/status/40665,0,4.51,"HTTPConnectionPool(host='localhost', port=80): Max retries exceeded with url: /api/cicd/status/40665 (Caused by NewConnectionError(""HTTPConnection(host='localhost', port=80): Failed to establish a new connection: [Errno 111] Connection refused""))"
2026-09-09T20:52:42.303574,1786373852673,POST,http://localhost/api/cicd/execute,0,8.32,"HTTPConnectionPool(host='localhost', port=80): Max retries exceeded with url: /api/cicd/execute (Caused by NewConnectionError(""HTTPConnection(host='localhost', port=80): Failed to establish a new connection: [Errno 111] Connection refused""))"
2026-09-09T20:52:42.304205,1786374210148,GET,http://localhost/api/cicd/status/40665,0,11.34,"HTTPConnectionPool(host='localhost', port=80): Max retries exceeded with url: /api/cicd/status/40665 (Caused by NewConnectionError(""HTTPConnection(host='localhost', port=80): Failed to establish a new connection: [Errno 111] Connection refused""))"
2026-09-09T20:52:42.304419,1786374210148,GET,http://localhost/api/cicd/status/40665,0,14.89,"HTTPConnectionPool(host='localhost', port=80): Max retries exceeded with url: /api/cicd/status/40665 (Caused by NewConnectionError(""HTTPConnection(host='localhost', port=80): Failed to establish a new connection: [Errno 111] Connection refused""))"
2026-09-09T20:52:42.304645,1786373852673,POST,http://localhost/api/cicd/execute,0,7.71,"HTTPConnectionPool(host='localhost', port=80): Max retries exceeded with url: /api/cicd/execute (Caused by NewConnectionError(""HTTPConnection(host='localhost', port=80): Failed to establish a new connection: [Errno 111] Connection refused""))"
2026-09-09T20:52:42.304862,1786374210148,GET,http://localhost/api/cicd/status/40665,0,14.21,"HTTPConnectionPool(host='localhost', port=80): Max retries exceeded with url: /api/cicd/status/40665 (Caused by NewConnectionError(""HTTPConnection(host='localhost', port=80): Failed to establish a new connection: [Errno 111] Connection refused""))"
2026-09-09T20:52:42.305413,1786373852673,POST,http://localhost/api/cicd/execute,0,11.37,"HTTPConnectionPool(host='localhost', port=80): Max retries exceeded with url: /api/cicd/execute (Caused by NewConnectionError(""HTTPConnection(host='localhost', port=80): Failed to establish a new connection: [Errno 111] Connection refused""))"
2026-09-09T20:52:42.305627,1786374210148,GET,http://localhost/api/cicd/status/40665,0,5.16,"HTTPConnectionPool(host='localhost', port=80): Max retries exceeded with url: /api/cicd/status/40665 (Caused by NewConnectionError(""HTTPConnection(host='localhost', port=80): Failed to establish a new connection: [Errno 111] Connection refused""))"
2026-09-09T20:52:42.357631,1786374210148,GET,http://localhost/api/cicd/status/40665,0,1.78,"HTTPConnectionPool(host='localhost', port=80): Max retries exceeded with url: /api/cicd/status/40665 (Caused by NewConnectionError(""HTTPConnection(host='localhost', port=80): Failed to establish a new connection: [Errno 111] Connection refused""))"
2026-09-09T20:52:42.415584,1786373852673,POST,http://localhost/api/cicd/execute,0,11.6,"HTTPConnectionPool(host='localhost', port=80): Max retries exceeded with url: /api/cicd/execute (Caused by NewConnectionError(""HTTPConnection(host='localhost', port=80): Failed to establish a new connection: [Errno 111] Connection refused""))"
2026-09-09T20:52:42.415983,1786373852673,POST,http://localhost/api/cicd/execute,0,13.17,"HTTPConnectionPool(host='localhost', port=80): Max retries exceeded with url: /api/cicd/execute (Caused by NewConnectionError(""HTTPConnection(host='localhost', port=80): Failed to establish a new connection: [Errno 111] Connection refused""))"
2026-09-09T20:52:42.416811,1786373852673,POST,http://localhost/api/cicd/execute,0,9.33,"HTTPConnectionPool(host='localhost', port=80): Max retries exceeded with url: /api/cicd/execute (Caused by NewConnectionError(""HTTPConnection(host='localhost', port=80): Failed to establish a new connection: [Errno 111] Connection refused""))"
2026-09-09T20:52:42.417737,1786373852673,POST,http://localhost/api/cicd/execute,0,11.39,"HTTPConnectionPool(host='localhost', port=80): Max retries exceeded with url: /api/cicd/execute (Caused by NewConnectionError(""HTTPConnection(host='localhost', port=80): Failed to establish a new connection: [Errno 111] Connection refused""))"
2026-09-09T20:52:42.418271,1786374210148,GET,http://localhost/api/cicd/status/40665,0,6.41,"HTTPConnectionPool(host='localhost', port=80): Max retries exceeded with url: /api/cicd/status/40665 (Caused by NewConnectionError(""HTTPConnection(host='localhost', port=80): Failed to establish a new connection: [Errno 111] Connection refused""))"
2026-09-09T20:52:42.418552,1786373852673,POST,http://localhost/api/cicd/execute,0,5.4,"HTTPConnectionPool(host='localhost', port=80): Max retries exceeded with url: /api/cicd/execute (Caused by NewConnectionError(""HTTPConnection(host='localhost', port=80): Failed to establish a new connection: [Errno 111] Connection refused""))"
2026-09-09T20:52:42.418835,1786374210148,GET,http://localhost/api/cicd/status/40665,0,13.64,"HTTPConnectionPool(host='localhost', port=80): Max retries exceeded with url: /api/cicd/status/40665 (Caused by NewConnectionError(""HTTPConnection(host='localhost', port=80): Failed to establish a new connection: [Errno 111] Connection refused""))"
2026-09-09T20:52:42.419280,1786373852673,POST,http://localhost/api/cicd/execute,0,10.26,"HTTPConnectionPool(host='localhost', port=80): Max retries exceeded with url: /api/cicd/execute (Caused by NewConnectionError(""HTTPConnection(host='localhost', port=80): Failed to establish a new connection: [Errno 111] Connection refused""))"
2026-09-09T20:52:42.419557,1786374210148,GET,http://localhost/api/cicd/status/40665,0,9.32,"HTTPConnectionPool(host='localhost', port=80): Max retries exceeded with url: /api/cicd/status/40665 (Caused by NewConnectionError(""HTTPConnection(host='localhost', port=80): Failed to establish a new connection: [Errno 111] Connection refused""))"
2026-09-09T20:52:42.459701,1786373852673,POST,http://localhost/api/cicd/execute,0,1.89,"HTTPConnectionPool(host='localhost', port=80): Max retries exceeded with url: /api/cicd/execute (Caused by NewConnectionError(""HTTPConnection(host='localhost', port=80): Failed to establish a new connection: [Errno 111] Connection refused""))"
2026-09-09T20:52:42.528594,1786374210148,GET,http://localhost/api/cicd/status/40665,0,9.15,"HTTPConnectionPool(host='localhost', port=80): Max retries exceeded with url: /api/cicd/status/40665 (Caused by NewConnectionError(""HTTPConnection(host='localhost', port=80): Failed to establish a new connection: [Errno 111] Connection refused""))"
2026-09-09T20:52:42.529005,1786374210148,GET,http://localhost/api/cicd/status/40665,0,6.12,"HTTPConnectionPool(host='localhost', port=80): Max retries exceeded with url: /api/cicd/status/40665 (Caused by NewConnectionError(""HTTPConnection(host='localhost', port=80): Failed to establish a new connection: [Errno 111] Connection refused""))"
2026-09-09T20:52:42.529537,1786374210148,GET,http://localhost/api/cicd/status/40665,0,9.0,"HTTPConnectionPool(host='localhost', port=80): Max retries exceeded with url: /api/cicd/status/40665 (Caused by NewConnectionError(""HTTPConnection(host='localhost', port=80): Failed to establish a new connection: [Errno 111] Connection refused""))"
2026-09-09T20:52:42.529818,1786373852673,POST,http://localhost/api/cicd/execute,0,5.76,"HTTPConnectionPool(host='localhost', port=80): Max retries exceeded with url: /api/cicd/execute (Caused by NewConnectionError(""HTTPConnection(host='localhost', port=80): Failed to establish a new connection: [Errno 111] Connection refused""))"
2026-09-09T20:52:42.530090,1786374210148,GET,http://localhost/api/cicd/status/40665,0,11.82,"HTTPConnectionPool(host='localhost', port=80): Max retries exceeded with url: /api/cicd/status/40665 (Caused by NewConnectionError(""HTTPConnection(host='localhost', port=80): Failed to establish a new connection: [Errno 111] Connection refused""))"
2026-09-09T20:52:42.530374,1786374210148,GET,http://localhost/api/cicd/status/40665,0,13.19,"HTTPConnectionPool(host='localhost', port=80): Max retries exceeded with url: /api/cicd/status/40665 (Caused by NewConnectionError(""HTTPConnection(host='localhost', port=80): Failed to establish a new connection: [Errno 111] Connection refused""))"
2026-09-09T20:52:42.530634,1786374210148,GET,http://localhost/api/cicd/status/40665,0,14.86,"HTTPConnectionPool(host='localhost', port=80): Max retries exceeded with url: /api/cicd/status/40665 (Caused by NewConnectionError(""HTTPConnection(host='localhost', port=80): Failed to establish a new connection: [Errno 111] Connection refused""))"
2026-09-09T20:52:42.531606,1786373852673,POST,http://localhost/api/cicd/execute,0,5.71,"HTTPConnectionPool(host='localhost', port=80): Max retries exceeded with url: /api/cicd/execute (Caused by NewConnectionError(""HTTPConnection(host='localhost', port=80): Failed to establish a new connection: [Errno 111] Connection refused""))"
2026-09-09T20:52:42.532000,1786373852673,POST,http://localhost/api/cicd/execute,0,10.36,"HTTPConnectionPool(host='localhost', port=80): Max retries exceeded with url: /api/cicd/execute (Caused by NewConnectionError(""HTTPConnection(host='localhost', port=80): Failed to establish a new connection: [Errno 111] Connection refused""))"
2026-09-09T20:52:42.561658,1786374210148,GET,http://localhost/api/cicd/status/40665,0,1.78,"HTTPConnectionPool(host='localhost', port=80): Max retries exceeded with url: /api/cicd/status/40665 (Caused by NewConnectionError(""HTTPConnection(host='localhost', port=80): Failed to establish a new connection: [Errno 111] Connection refused""))"
2026-09-09T20:52:42.641310,1786373852673,POST,http://localhost/api/cicd/execute,0,10.2,"HTTPConnectionPool(host='localhost', port=80): Max retries exceeded with url: /api/cicd/execute (Caused by NewConnectionError(""HTTPConnection(host='localhost', port=80): Failed to establish a new connection: [Errno 111] Connection refused""))"
2026-09-09T20:52:42.641543,1786373852673,POST,http://localhost/api/cicd/execute,0,11.59,"HTTPConnectionPool(host='localhost', port=80): Max retries exceeded with url: /api/cicd/execute (Caused by NewConnectionError(""HTTPConnection(host='localhost', port=80): Failed to establish a new connection: [Errno 111] Connection refused""))"
2026-09-09T20:52:42.641825,1786374210148,GET,http://localhost/api/cicd/status/40665,0,9.64,"HTTPConnectionPool(host='localhost', port=80): Max retries exceeded with url: /api/cicd/status/40665 (Caused by NewConnectionError(""HTTPConnection(host='localhost', port=80): Failed to establish a new connection: [Errno 111] Connection refused""))"
2026-09-09T20:52:42.642305,1786374210148,GET,http://localhost/api/cicd/status/40665,0,7.73,"HTTPConnectionPool(host='localhost', port=80): Max retries exceeded with url: /api/cicd/status/40665 (Caused by NewConnectionError(""HTTPConnection(host='localhost', port=80): Failed to establish a new connection: [Errno 111] Connection refused""))"
2026-09-09T20:52:42.642764,1786373852673,POST,http://localhost/api/cicd/execute,0,7.1,"HTTPConnectionPool(host='localhost', port=80): Max retries exceeded with url: /api/cicd/execute (Caused by NewConnectionError(""HTTPConnection(host='localhost', port=80): Failed to establish a new connection: [Errno 111] Connection refused""))"
2026-09-09T20:52:42.643061,1786373852673,POST,http://localhost/api/cicd/execute,0,4.33,"HTTPConnectionPool(host='localhost', port=80): Max retries exceeded with url: /api/cicd/execute (Caused by NewConnectionError(""HTTPConnection(host='localhost', port=80): Failed to establish a new connection: [Errno 111] Connection refused""))"
2026-09-09T20:52:42.643351,1786373852673,POST,http://localhost/api/cicd/execute,0,14.58,"HTTPConnectionPool(host='localhost', port=80): Max retries exceeded with url: /api/cicd/execute (Caused by NewConnectionError(""HTTPConnection(host='localhost', port=80): Failed to establish a new connection: [Errno 111] Connection refused""))"
2026-09-09T20:52:42.643686,1786373852673,POST,http://localhost/api/cicd/execute,0,10.36,"HTTPConnectionPool(host='localhost', port=80): Max retries exceeded with url: /api/cicd/execute (Caused by NewConnectionError(""HTTPConnection(host='localhost', port=80): Failed to establish a new connection: [Errno 111] Connection refused""))"
2026-09-09T20:52:42.643905,1786374210148,GET,http://localhost/api/cicd/status/40665,0,6.59,"HTTPConnectionPool(host='localhost', port=80): Max retries exceeded with url: /api/cicd/status/40665 (Caused by NewConnectionError(""HTTPConnection(host='localhost', port=80): Failed to establish a new connection: [Errno 111] Connection refused""))"
2026-09-09T20:52:42.663563,1786373852673,POST,http://localhost/api/cicd/execute,0,1.73,"HTTPConnectionPool(host='localhost', port=80): Max retries exceeded with url: /api/cicd/execute (Caused by NewConnectionError(""HTTPConnection(host='localhost', port=80): Failed to establish a new connection: [Errno 111] Connection refused""))"
2026-09-09T20:52:42.752230,1786373852673,POST,http://localhost/api/cicd/execute,0,8.2,"HTTPConnectionPool(host='localhost', port=80): Max retries exceeded with url: /api/cicd/execute (Caused by NewConnectionError(""HTTPConnection(host='localhost', port=80): Failed to establish a new connection: [Errno 111] Connection refused""))"
2026-09-09T20:52:42.752837,1786374210148,GET,http://localhost/api/cicd/status/40665,0,4.99,"HTTPConnectionPool(host='localhost', port=80): Max retries exceeded with url: /api/cicd/status/40665 (Caused by NewConnectionError(""HTTPConnection(host='localhost', port=80): Failed to establish a new connection: [Errno 111] Connection refused""))"
2026-09-09T20:52:42.753073,1786373852673,POST,http://localhost/api/cicd/execute,0,2.86,"HTTPConnectionPool(host='localhost', port=80): Max retries exceeded with url: /api/cicd/execute (Caused by NewConnectionError(""HTTPConnection(host='localhost', port=80): Failed to establish a new connection: [Errno 111] Connection refused""))"
2026-09-09T20:52:42.753351,1786374210148,GET,http://localhost/api/cicd/status/40665,0,7.26,"HTTPConnectionPool(host='localhost', port=80): Max retries exceeded with url: /api/cicd/status/40665 (Caused by NewConnectionError(""HTTPConnection(host='localhost', port=80): Failed to establish a new connection: [Errno 111] Connection refused""))"
2026-09-09T20:52:42.753638,1786374210148,GET,http://localhost/api/cicd/status/40665,0,10.72,"HTTPConnectionPool(host='localhost', port=80): Max retries exceeded with url: /api/cicd/status/40665 (Caused by NewConnectionError(""HTTPConnection(host='localhost', port=80): Failed to establish a new connection: [Errno 111] Connection refused""))"
2026-09-09T20:52:42.753925,1786374210148,GET,http://localhost/api/cicd/status/40665,0,6.7,"HTTPConnectionPool(host='localhost', port=80): Max retries exceeded with url: /api/cicd/status/40665 (Caused by NewConnectionError(""HTTPConnection(host='localhost', port=80): Failed to establish a new connection: [Errno 111] Connection refused""))"
2026-09-09T20:52:42.754243,1786374210148,GET,http://localhost/api/cicd/status/40665,0,12.73,"HTTPConnectionPool(host='localhost', port=80): Max retries exceeded with url: /api/cicd/status/40665 (Caused by NewConnectionError(""HTTPConnection(host='localhost', port=80): Failed to establish a new connection: [Errno 111] Connection refused""))"
2026-09-09T20:52:42.754514,1786374210148,GET,http://localhost/api/cicd/status/40665,0,5.64,"HTTPConnectionPool(host='localhost', port=80): Max retries exceeded with url: /api/cicd/status/40665 (Caused by NewConnectionError(""HTTPConnection(host='localhost', port=80): Failed to establish a new connection: [Errno 111] Connection refused""))"
2026-09-09T20:52:42.754709,1786373852673,POST,http://localhost/api/cicd/execute,0,9.71,"HTTPConnectionPool(host='localhost', port=80): Max retries exceeded with url: /api/cicd/execute (Caused by NewConnectionError(""HTTPConnection(host='localhost', port=80): Failed to establish a new connection: [Errno 111] Connection refused""))"
2026-09-09T20:52:42.765370,1786374210148,GET,http://localhost/api/cicd/status/40665,0,1.63,"HTTPConnectionPool(host='localhost', port=80): Max retries exceeded with url: /api/cicd/status/40665 (Caused by NewConnectionError(""HTTPConnection(host='localhost', port=80): Failed to establish a new connection: [Errno 111] Connection refused""))"
2026-09-09T20:52:42.864841,1786374210148,GET,http://localhost/api/cicd/status/40665,0,12.45,"HTTPConnectionPool(host='localhost', port=80): Max retries exceeded with url: /api/cicd/status/40665 (Caused by NewConnectionError(""HTTPConnection(host='localhost', port=80): Failed to establish a new connection: [Errno 111] Connection refused""))"
2026-09-09T20:52:42.866080,1786373852673,POST,http://localhost/api/cicd/execute,0,7.82,"HTTPConnectionPool(host='localhost', port=80): Max retries exceeded with url: /api/cicd/execute (Caused by NewConnectionError(""HTTPConnection(host='localhost', port=80): Failed to establish a new connection: [Errno 111] Connection refused""))"
2026-09-09T20:52:42.866472,1786373852673,POST,http://localhost/api/cicd/execute,0,5.48,"HTTPConnectionPool(host='localhost', port=80): Max retries exceeded with url: /api/cicd/execute (Caused by NewConnectionError(""HTTPConnection(host='localhost', port=80): Failed to establish a new connection: [Errno 111] Connection refused""))"
2026-09-09T20:52:42.868279,1786373852673,POST,http://localhost/api/cicd/execute,0,14.62,"HTTPConnectionPool(host='localhost', port=80): Max retries exceeded with url: /api/cicd/execute (Caused by NewConnectionError(""HTTPConnection(host='localhost', port=80): Failed to establish a new connection: [Errno 111] Connection refused""))"
2026-09-09T20:52:42.868644,1786373852673,POST,http://localhost/api/cicd/execute,0,6.46,"HTTPConnectionPool(host='localhost', port=80): Max retries exceeded with url: /api/cicd/execute (Caused by NewConnectionError(""HTTPConnection(host='localhost', port=80): Failed to establish a new connection: [Errno 111] Connection refused""))"
2026-09-09T20:52:42.869227,1786374210148,GET,http://localhost/api/cicd/status/40665,0,14.45,"HTTPConnectionPool(host='localhost', port=80): Max retries exceeded with url: /api/cicd/status/40665 (Caused by NewConnectionError(""HTTPConnection(host='localhost', port=80): Failed to establish a new connection: [Errno 111] Connection refused""))"
2026-09-09T20:52:42.869630,1786373852673,POST,http://localhost/api/cicd/execute,0,12.62,"HTTPConnectionPool(host='localhost', port=80): Max retries exceeded with url: /api/cicd/execute (Caused by NewConnectionError(""HTTPConnection(host='localhost', port=80): Failed to establish a new connection: [Errno 111] Connection refused""))"
2026-09-09T20:52:42.869970,1786373852673,POST,http://localhost/api/cicd/execute,0,14.09,"HTTPConnectionPool(host='localhost', port=80): Max retries exceeded with url: /api/cicd/execute (Caused by NewConnectionError(""HTTPConnection(host='localhost', port=80): Failed to establish a new connection: [Errno 111] Connection refused""))"
2026-09-09T20:52:42.870280,1786374210148,GET,http://localhost/api/cicd/status/40665,0,10.88,"HTTPConnectionPool(host='localhost', port=80): Max retries exceeded with url: /api/cicd/status/40665 (Caused by NewConnectionError(""HTTPConnection(host='localhost', port=80): Failed to establish a new connection: [Errno 111] Connection refused""))"
2026-09-09T20:52:42.870816,1786373852673,POST,http://localhost/api/cicd/execute,0,3.97,"HTTPConnectionPool(host='localhost', port=80): Max retries exceeded with url: /api/cicd/execute (Caused by NewConnectionError(""HTTPConnection(host='localhost', port=80): Failed to establish a new connection: [Errno 111] Connection refused""))"
2026-09-09T20:52:42.982780,1786374210148,GET,http://localhost/api/cicd/status/40665,0,15.73,"HTTPConnectionPool(host='localhost', port=80): Max retries exceeded with url: /api/cicd/status/40665 (Caused by NewConnectionError(""HTTPConnection(host='localhost', port=80): Failed to establish a new connection: [Errno 111] Connection refused""))"
2026-09-09T20:52:42.983017,1786374210148,GET,http://localhost/api/cicd/status/40665,0,14.9,"HTTPConnectionPool(host='localhost', port=80): Max retries exceeded with url: /api/cicd/status/40665 (Caused by NewConnectionError(""HTTPConnection(host='localhost', port=80): Failed to establish a new connection: [Errno 111] Connection refused""))"
2026-09-09T20:52:42.983995,1786373852673,POST,http://localhost/api/cicd/execute,0,18.98,"HTTPConnectionPool(host='localhost', port=80): Max retries exceeded with url: /api/cicd/execute (Caused by NewConnectionError(""HTTPConnection(host='localhost', port=80): Failed to establish a new connection: [Errno 111] Connection refused""))"
2026-09-09T20:52:42.984530,1786374210148,GET,http://localhost/api/cicd/status/40665,0,6.51,"HTTPConnectionPool(host='localhost', port=80): Max retries exceeded with url: /api/cicd/status/40665 (Caused by NewConnectionError(""HTTPConnection(host='localhost', port=80): Failed to establish a new connection: [Errno 111] Connection refused""))"
2026-09-09T20:52:42.985489,1786374210148,GET,http://localhost/api/cicd/status/40665,0,13.21,"HTTPConnectionPool(host='localhost', port=80): Max retries exceeded with url: /api/cicd/status/40665 (Caused by NewConnectionError(""HTTPConnection(host='localhost', port=80): Failed to establish a new connection: [Errno 111] Connection refused""))"
2026-09-09T20:52:42.985761,1786374210148,GET,http://localhost/api/cicd/status/40665,0,14.49,"HTTPConnectionPool(host='localhost', port=80): Max retries exceeded with url: /api/cicd/status/40665 (Caused by NewConnectionError(""HTTPConnection(host='localhost', port=80): Failed to establish a new connection: [Errno 111] Connection refused""))"
2026-09-09T20:52:42.986337,1786373852673,POST,http://localhost/api/cicd/execute,0,9.72,"HTTPConnectionPool(host='localhost', port=80): Max retries exceeded with url: /api/cicd/execute (Caused by NewConnectionError(""HTTPConnection(host='localhost', port=80): Failed to establish a new connection: [Errno 111] Connection refused""))"
2026-09-09T20:52:42.986665,1786374210148,GET,http://localhost/api/cicd/status/40665,0,11.13,"HTTPConnectionPool(host='localhost', port=80): Max retries exceeded with url: /api/cicd/status/40665 (Caused by NewConnectionError(""HTTPConnection(host='localhost', port=80): Failed to establish a new connection: [Errno 111] Connection refused""))"
2026-09-09T20:52:42.986987,1786374210148,GET,http://localhost/api/cicd/status/40665,0,13.54,"HTTPConnectionPool(host='localhost', port=80): Max retries exceeded with url: /api/cicd/status/40665 (Caused by NewConnectionError(""HTTPConnection(host='localhost', port=80): Failed to establish a new connection: [Errno 111] Connection refused""))"
2026-09-09T20:52:42.987278,1786373852673,POST,http://localhost/api/cicd/execute,0,17.12,"HTTPConnectionPool(host='localhost', port=80): Max retries exceeded with url: /api/cicd/execute (Caused by NewConnectionError(""HTTPConnection(host='localhost', port=80): Failed to establish a new connection: [Errno 111] Connection refused""))"
2026-09-09T20:52:43.096871,1786373852673,POST,http://localhost/api/cicd/execute,0,11.21,"HTTPConnectionPool(host='localhost', port=80): Max retries exceeded with url: /api/cicd/execute (Caused by NewConnectionError(""HTTPConnection(host='localhost', port=80): Failed to establish a new connection: [Errno 111] Connection refused""))"
2026-09-09T20:52:43.097263,1786374210148,GET,http://localhost/api/cicd/status/40665,0,8.16,"HTTPConnectionPool(host='localhost', port=80): Max retries exceeded with url: /api/cicd/status/40665 (Caused by NewConnectionError(""HTTPConnection(host='localhost', port=80): Failed to establish a new connection: [Errno 111] Connection refused""))"
2026-09-09T20:52:43.097561,1786373852673,POST,http://localhost/api/cicd/execute,0,14.6,"HTTPConnectionPool(host='localhost', port=80): Max retries exceeded with url: /api/cicd/execute (Caused by NewConnectionError(""HTTPConnection(host='localhost', port=80): Failed to establish a new connection: [Errno 111] Connection refused""))"
2026-09-09T20:52:43.097821,1786373852673,POST,http://localhost/api/cicd/execute,0,7.64,"HTTPConnectionPool(host='localhost', port=80): Max retries exceeded with url: /api/cicd/execute (Caused by NewConnectionError(""HTTPConnection(host='localhost', port=80): Failed to establish a new connection: [Errno 111] Connection refused""))"
2026-09-09T20:52:43.098426,1786373852673,POST,http://localhost/api/cicd/execute,0,11.63,"HTTPConnectionPool(host='localhost', port=80): Max retries exceeded with url: /api/cicd/execute (Caused by NewConnectionError(""HTTPConnection(host='localhost', port=80): Failed to establish a new connection: [Errno 111] Connection refused""))"
2026-09-09T20:52:43.098660,1786374210148,GET,http://localhost/api/cicd/status/40665,0,10.64,"HTTPConnectionPool(host='localhost', port=80): Max retries exceeded with url: /api/cicd/status/40665 (Caused by NewConnectionError(""HTTPConnection(host='localhost', port=80): Failed to establish a new connection: [Errno 111] Connection refused""))"
2026-09-09T20:52:43.098913,1786374210148,GET,http://localhost/api/cicd/status/40665,0,6.1,"HTTPConnectionPool(host='localhost', port=80): Max retries exceeded with url: /api/cicd/status/40665 (Caused by NewConnectionError(""HTTPConnection(host='localhost', port=80): Failed to establish a new connection: [Errno 111] Connection refused""))"
2026-09-09T20:52:43.099153,1786373852673,POST,http://localhost/api/cicd/execute,0,14.59,"HTTPConnectionPool(host='localhost', port=80): Max retries exceeded with url: /api/cicd/execute (Caused by NewConnectionError(""HTTPConnection(host='localhost', port=80): Failed to establish a new connection: [Errno 111] Connection refused""))"
2026-09-09T20:52:43.099617,1786373852673,POST,http://localhost/api/cicd/execute,0,5.38,"HTTPConnectionPool(host='localhost', port=80): Max retries exceeded with url: /api/cicd/execute (Caused by NewConnectionError(""HTTPConnection(host='localhost', port=80): Failed to establish a new connection: [Errno 111] Connection refused""))"
2026-09-09T20:52:43.100024,1786373852673,POST,http://localhost/api/cicd/execute,0,8.66,"HTTPConnectionPool(host='localhost', port=80): Max retries exceeded with url: /api/cicd/execute (Caused by NewConnectionError(""HTTPConnection(host='localhost', port=80): Failed to establish a new connection: [Errno 111] Connection refused""))"
2026-09-09T20:52:43.210835,1786374210148,GET,http://localhost/api/cicd/status/40665,0,10.77,"HTTPConnectionPool(host='localhost', port=80): Max retries exceeded with url: /api/cicd/status/40665 (Caused by NewConnectionError(""HTTPConnection(host='localhost', port=80): Failed to establish a new connection: [Errno 111] Connection refused""))"
2026-09-09T20:52:43.211848,1786373852673,POST,http://localhost/api/cicd/execute,0,13.55,"HTTPConnectionPool(host='localhost', port=80): Max retries exceeded with url: /api/cicd/execute (Caused by NewConnectionError(""HTTPConnection(host='localhost', port=80): Failed to establish a new connection: [Errno 111] Connection refused""))"
2026-09-09T20:52:43.212089,1786374210148,GET,http://localhost/api/cicd/status/40665,0,7.37,"HTTPConnectionPool(host='localhost', port=80): Max retries exceeded with url: /api/cicd/status/40665 (Caused by NewConnectionError(""HTTPConnection(host='localhost', port=80): Failed to establish a new connection: [Errno 111] Connection refused""))"
2026-09-09T20:52:43.212752,1786373852673,POST,http://localhost/api/cicd/execute,0,9.15,"HTTPConnectionPool(host='localhost', port=80): Max retries exceeded with url: /api/cicd/execute (Caused by NewConnectionError(""HTTPConnection(host='localhost', port=80): Failed to establish a new connection: [Errno 111] Connection refused""))"
2026-09-09T20:52:43.213053,1786374210148,GET,http://localhost/api/cicd/status/40665,0,10.56,"HTTPConnectionPool(host='localhost', port=80): Max retries exceeded with url: /api/cicd/status/40665 (Caused by NewConnectionError(""HTTPConnection(host='localhost', port=80): Failed to establish a new connection: [Errno 111] Connection refused""))"
2026-09-09T20:52:43.213343,1786374210148,GET,http://localhost/api/cicd/status/40665,0,16.28,"HTTPConnectionPool(host='localhost', port=80): Max retries exceeded with url: /api/cicd/status/40665 (Caused by NewConnectionError(""HTTPConnection(host='localhost', port=80): Failed to establish a new connection: [Errno 111] Connection refused""))"
2026-09-09T20:52:43.213602,1786373852673,POST,http://localhost/api/cicd/execute,0,7.61,"HTTPConnectionPool(host='localhost', port=80): Max retries exceeded with url: /api/cicd/execute (Caused by NewConnectionError(""HTTPConnection(host='localhost', port=80): Failed to establish a new connection: [Errno 111] Connection refused""))"
2026-09-09T20:52:43.213867,1786374210148,GET,http://localhost/api/cicd/status/40665,0,5.26,"HTTPConnectionPool(host='localhost', port=80): Max retries exceeded with url: /api/cicd/status/40665 (Caused by NewConnectionError(""HTTPConnection(host='localhost', port=80): Failed to establish a new connection: [Errno 111] Connection refused""))"
2026-09-09T20:52:43.214081,1786374210148,GET,http://localhost/api/cicd/status/40665,0,12.85,"HTTPConnectionPool(host='localhost', port=80): Max retries exceeded with url: /api/cicd/status/40665 (Caused by NewConnectionError(""HTTPConnection(host='localhost', port=80): Failed to establish a new connection: [Errno 111] Connection refused""))"
2026-09-09T20:52:43.214515,1786374210148,GET,http://localhost/api/cicd/status/40665,0,7.09,"HTTPConnectionPool(host='localhost', port=80): Max retries exceeded with url: /api/cicd/status/40665 (Caused by NewConnectionError(""HTTPConnection(host='localhost', port=80): Failed to establish a new connection: [Errno 111] Connection refused""))"
2026-09-09T20:52:43.325197,1786374210148,GET,http://localhost/api/cicd/status/40665,0,12.83,"HTTPConnectionPool(host='localhost', port=80): Max retries exceeded with url: /api/cicd/status/40665 (Caused by NewConnectionError(""HTTPConnection(host='localhost', port=80): Failed to establish a new connection: [Errno 111] Connection refused""))"
2026-09-09T20:52:43.325974,1786373852673,POST,http://localhost/api/cicd/execute,0,6.63,"HTTPConnectionPool(host='localhost', port=80): Max retries exceeded with url: /api/cicd/execute (Caused by NewConnectionError(""HTTPConnection(host='localhost', port=80): Failed to establish a new connection: [Errno 111] Connection refused""))"
2026-09-09T20:52:43.326569,1786373852673,POST,http://localhost/api/cicd/execute,0,8.4,"HTTPConnectionPool(host='localhost', port=80): Max retries exceeded with url: /api/cicd/execute (Caused by NewConnectionError(""HTTPConnection(host='localhost', port=80): Failed to establish a new connection: [Errno 111] Connection refused""))"
2026-09-09T20:52:43.327364,1786373852673,POST,http://localhost/api/cicd/execute,0,10.36,"HTTPConnectionPool(host='localhost', port=80): Max retries exceeded with url: /api/cicd/execute (Caused by NewConnectionError(""HTTPConnection(host='localhost', port=80): Failed to establish a new connection: [Errno 111] Connection refused""))"
2026-09-09T20:52:43.327805,1786373852673,POST,http://localhost/api/cicd/execute,0,16.76,"HTTPConnectionPool(host='localhost', port=80): Max retries exceeded with url: /api/cicd/execute (Caused by NewConnectionError(""HTTPConnection(host='localhost', port=80): Failed to establish a new connection: [Errno 111] Connection refused""))"
2026-09-09T20:52:43.328031,1786374210148,GET,http://localhost/api/cicd/status/40665,0,13.34,"HTTPConnectionPool(host='localhost', port=80): Max retries exceeded with url: /api/cicd/status/40665 (Caused by NewConnectionError(""HTTPConnection(host='localhost', port=80): Failed to establish a new connection: [Errno 111] Connection refused""))"
2026-09-09T20:52:43.328293,1786374210148,GET,http://localhost/api/cicd/status/40665,0,12.39,"HTTPConnectionPool(host='localhost', port=80): Max retries exceeded with url: /api/cicd/status/40665 (Caused by NewConnectionError(""HTTPConnection(host='localhost', port=80): Failed to establish a new connection: [Errno 111] Connection refused""))"
2026-09-09T20:52:43.328895,1786373852673,POST,http://localhost/api/cicd/execute,0,7.74,"HTTPConnectionPool(host='localhost', port=80): Max retries exceeded with url: /api/cicd/execute (Caused by NewConnectionError(""HTTPConnection(host='localhost', port=80): Failed to establish a new connection: [Errno 111] Connection refused""))"
2026-09-09T20:52:43.329272,1786373852673,POST,http://localhost/api/cicd/execute,0,6.07,"HTTPConnectionPool(host='localhost', port=80): Max retries exceeded with url: /api/cicd/execute (Caused by NewConnectionError(""HTTPConnection(host='localhost', port=80): Failed to establish a new connection: [Errno 111] Connection refused""))"
2026-09-09T20:52:43.329488,1786373852673,POST,http://localhost/api/cicd/execute,0,16.05,"HTTPConnectionPool(host='localhost', port=80): Max retries exceeded with url: /api/cicd/execute (Caused by NewConnectionError(""HTTPConnection(host='localhost', port=80): Failed to establish a new connection: [Errno 111] Connection refused""))"
2026-09-09T20:52:43.439525,1786374210148,GET,http://localhost/api/cicd/status/40665,0,6.75,"HTTPConnectionPool(host='localhost', port=80): Max retries exceeded with url: /api/cicd/status/40665 (Caused by NewConnectionError(""HTTPConnection(host='localhost', port=80): Failed to establish a new connection: [Errno 111] Connection refused""))"
2026-09-09T20:52:43.439810,1786374210148,GET,http://localhost/api/cicd/status/40665,0,9.25,"HTTPConnectionPool(host='localhost', port=80): Max retries exceeded with url: /api/cicd/status/40665 (Caused by NewConnectionError(""HTTPConnection(host='localhost', port=80): Failed to establish a new connection: [Errno 111] Connection refused""))"
2026-09-09T20:52:43.440066,1786373852673,POST,http://localhost/api/cicd/execute,0,11.89,"HTTPConnectionPool(host='localhost', port=80): Max retries exceeded with url: /api/cicd/execute (Caused by NewConnectionError(""HTTPConnection(host='localhost', port=80): Failed to establish a new connection: [Errno 111] Connection refused""))"
2026-09-09T20:52:43.440898,1786374210148,GET,http://localhost/api/cicd/status/40665,0,11.44,"HTTPConnectionPool(host='localhost', port=80): Max retries exceeded with url: /api/cicd/status/40665 (Caused by NewConnectionError(""HTTPConnection(host='localhost', port=80): Failed to establish a new connection: [Errno 111] Connection refused""))"
2026-09-09T20:52:43.441232,1786373852673,POST,http://localhost/api/cicd/execute,0,15.83,"HTTPConnectionPool(host='localhost', port=80): Max retries exceeded with url: /api/cicd/execute (Caused by NewConnectionError(""HTTPConnection(host='localhost', port=80): Failed to establish a new connection: [Errno 111] Connection refused""))"
2026-09-09T20:52:43.442364,1786374210148,GET,http://localhost/api/cicd/status/40665,0,15.66,"HTTPConnectionPool(host='localhost', port=80): Max retries exceeded with url: /api/cicd/status/40665 (Caused by NewConnectionError(""HTTPConnection(host='localhost', port=80): Failed to establish a new connection: [Errno 111] Connection refused""))"
2026-09-09T20:52:43.442600,1786374210148,GET,http://localhost/api/cicd/status/40665,0,8.68,"HTTPConnectionPool(host='localhost', port=80): Max retries exceeded with url: /api/cicd/status/40665 (Caused by NewConnectionError(""HTTPConnection(host='localhost', port=80): Failed to establish a new connection: [Errno 111] Connection refused""))"
2026-09-09T20:52:43.443073,1786374210148,GET,http://localhost/api/cicd/status/40665,0,5.81,"HTTPConnectionPool(host='localhost', port=80): Max retries exceeded with url: /api/cicd/status/40665 (Caused by NewConnectionError(""HTTPConnection(host='localhost', port=80): Failed to establish a new connection: [Errno 111] Connection refused""))"
2026-09-09T20:52:43.443368,1786373852673,POST,http://localhost/api/cicd/execute,0,7.26,"HTTPConnectionPool(host='localhost', port=80): Max retries exceeded with url: /api/cicd/execute (Caused by NewConnectionError(""HTTPConnection(host='localhost', port=80): Failed to establish a new connection: [Errno 111] Connection refused""))"
2026-09-09T20:52:43.443665,1786374210148,GET,http://localhost/api/cicd/status/40665,0,12.0,"HTTPConnectionPool(host='localhost', port=80): Max retries exceeded with url: /api/cicd/status/40665 (Caused by NewConnectionError(""HTTPConnection(host='localhost', port=80): Failed to establish a new connection: [Errno 111] Connection refused""))"
2026-09-09T20:52:43.553532,1786373852673,POST,http://localhost/api/cicd/execute,0,13.81,"HTTPConnectionPool(host='localhost', port=80): Max retries exceeded with url: /api/cicd/execute (Caused by NewConnectionError(""HTTPConnection(host='localhost', port=80): Failed to establish a new connection: [Errno 111] Connection refused""))"
2026-09-09T20:52:43.553833,1786373852673,POST,http://localhost/api/cicd/execute,0,10.72,"HTTPConnectionPool(host='localhost', port=80): Max retries exceeded with url: /api/cicd/execute (Caused by NewConnectionError(""HTTPConnection(host='localhost', port=80): Failed to establish a new connection: [Errno 111] Connection refused""))"
2026-09-09T20:52:43.554418,1786373852673,POST,http://localhost/api/cicd/execute,0,10.05,"HTTPConnectionPool(host='localhost', port=80): Max retries exceeded with url: /api/cicd/execute (Caused by NewConnectionError(""HTTPConnection(host='localhost', port=80): Failed to establish a new connection: [Errno 111] Connection refused""))"
2026-09-09T20:52:43.554759,1786373852673,POST,http://localhost/api/cicd/execute,0,13.77,"HTTPConnectionPool(host='localhost', port=80): Max retries exceeded with url: /api/cicd/execute (Caused by NewConnectionError(""HTTPConnection(host='localhost', port=80): Failed to establish a new connection: [Errno 111] Connection refused""))"
2026-09-09T20:52:43.555276,1786373852673,POST,http://localhost/api/cicd/execute,0,9.77,"HTTPConnectionPool(host='localhost', port=80): Max retries exceeded with url: /api/cicd/execute (Caused by NewConnectionError(""HTTPConnection(host='localhost', port=80): Failed to establish a new connection: [Errno 111] Connection refused""))"
2026-09-09T20:52:43.555514,1786374210148,GET,http://localhost/api/cicd/status/40665,0,7.74,"HTTPConnectionPool(host='localhost', port=80): Max retries exceeded with url: /api/cicd/status/40665 (Caused by NewConnectionError(""HTTPConnection(host='localhost', port=80): Failed to establish a new connection: [Errno 111] Connection refused""))"
2026-09-09T20:52:43.555779,1786374210148,GET,http://localhost/api/cicd/status/40665,0,13.66,"HTTPConnectionPool(host='localhost', port=80): Max retries exceeded with url: /api/cicd/status/40665 (Caused by NewConnectionError(""HTTPConnection(host='localhost', port=80): Failed to establish a new connection: [Errno 111] Connection refused""))"
2026-09-09T20:52:43.556043,1786373852673,POST,http://localhost/api/cicd/execute,0,6.72,"HTTPConnectionPool(host='localhost', port=80): Max retries exceeded with url: /api/cicd/execute (Caused by NewConnectionError(""HTTPConnection(host='localhost', port=80): Failed to establish a new connection: [Errno 111] Connection refused""))"
2026-09-09T20:52:43.556562,1786373852673,POST,http://localhost/api/cicd/execute,0,9.97,"HTTPConnectionPool(host='localhost', port=80): Max retries exceeded with url: /api/cicd/execute (Caused by NewConnectionError(""HTTPConnection(host='localhost', port=80): Failed to establish a new connection: [Errno 111] Connection refused""))"
2026-09-09T20:52:43.560686,1786374210148,GET,http://localhost/api/cicd/status/40665,0,9.89,"HTTPConnectionPool(host='localhost', port=80): Max retries exceeded with url: /api/cicd/status/40665 (Caused by NewConnectionError(""HTTPConnection(host='localhost', port=80): Failed to establish a new connection: [Errno 111] Connection refused""))"
2026-09-09T20:52:43.667162,1786374210148,GET,http://localhost/api/cicd/status/40665,0,10.07,"HTTPConnectionPool(host='localhost', port=80): Max retries exceeded with url: /api/cicd/status/40665 (Caused by NewConnectionError(""HTTPConnection(host='localhost', port=80): Failed to establish a new connection: [Errno 111] Connection refused""))"
2026-09-09T20:52:43.667480,1786374210148,GET,http://localhost/api/cicd/status/40665,0,13.79,"HTTPConnectionPool(host='localhost', port=80): Max retries exceeded with url: /api/cicd/status/40665 (Caused by NewConnectionError(""HTTPConnection(host='localhost', port=80): Failed to establish a new connection: [Errno 111] Connection refused""))"
2026-09-09T20:52:43.668164,1786374210148,GET,http://localhost/api/cicd/status/40665,0,7.49,"HTTPConnectionPool(host='localhost', port=80): Max retries exceeded with url: /api/cicd/status/40665 (Caused by NewConnectionError(""HTTPConnection(host='localhost', port=80): Failed to establish a new connection: [Errno 111] Connection refused""))"
2026-09-09T20:52:43.668643,1786374210148,GET,http://localhost/api/cicd/status/40665,0,10.36,"HTTPConnectionPool(host='localhost', port=80): Max retries exceeded with url: /api/cicd/status/40665 (Caused by NewConnectionError(""HTTPConnection(host='localhost', port=80): Failed to establish a new connection: [Errno 111] Connection refused""))"
2026-09-09T20:52:43.669106,1786374210148,GET,http://localhost/api/cicd/status/40665,0,14.17,"HTTPConnectionPool(host='localhost', port=80): Max retries exceeded with url: /api/cicd/status/40665 (Caused by NewConnectionError(""HTTPConnection(host='localhost', port=80): Failed to establish a new connection: [Errno 111] Connection refused""))"
2026-09-09T20:52:43.669403,1786374210148,GET,http://localhost/api/cicd/status/40665,0,13.39,"HTTPConnectionPool(host='localhost', port=80): Max retries exceeded with url: /api/cicd/status/40665 (Caused by NewConnectionError(""HTTPConnection(host='localhost', port=80): Failed to establish a new connection: [Errno 111] Connection refused""))"
2026-09-09T20:52:43.669753,1786373852673,POST,http://localhost/api/cicd/execute,0,6.56,"HTTPConnectionPool(host='localhost', port=80): Max retries exceeded with url: /api/cicd/execute (Caused by NewConnectionError(""HTTPConnection(host='localhost', port=80): Failed to establish a new connection: [Errno 111] Connection refused""))"
2026-09-09T20:52:43.670000,1786373852673,POST,http://localhost/api/cicd/execute,0,7.93,"HTTPConnectionPool(host='localhost', port=80): Max retries exceeded with url: /api/cicd/execute (Caused by NewConnectionError(""HTTPConnection(host='localhost', port=80): Failed to establish a new connection: [Errno 111] Connection refused""))"
2026-09-09T20:52:43.670280,1786373852673,POST,http://localhost/api/cicd/execute,0,10.95,"HTTPConnectionPool(host='localhost', port=80): Max retries exceeded with url: /api/cicd/execute (Caused by NewConnectionError(""HTTPConnection(host='localhost', port=80): Failed to establish a new connection: [Errno 111] Connection refused""))"
2026-09-09T20:52:43.670678,1786374210148,GET,http://localhost/api/cicd/status/40665,0,5.98,"HTTPConnectionPool(host='localhost', port=80): Max retries exceeded with url: /api/cicd/status/40665 (Caused by NewConnectionError(""HTTPConnection(host='localhost', port=80): Failed to establish a new connection: [Errno 111] Connection refused""))"
2026-09-09T20:52:43.779668,1786373852673,POST,http://localhost/api/cicd/execute,0,10.99,"HTTPConnectionPool(host='localhost', port=80): Max retries exceeded with url: /api/cicd/execute (Caused by NewConnectionError(""HTTPConnection(host='localhost', port=80): Failed to establish a new connection: [Errno 111] Connection refused""))"
2026-09-09T20:52:43.782559,1786373852673,POST,http://localhost/api/cicd/execute,0,15.2,"HTTPConnectionPool(host='localhost', port=80): Max retries exceeded with url: /api/cicd/execute (Caused by NewConnectionError(""HTTPConnection(host='localhost', port=80): Failed to establish a new connection: [Errno 111] Connection refused""))"
2026-09-09T20:52:43.783112,1786373852673,POST,http://localhost/api/cicd/execute,0,10.87,"HTTPConnectionPool(host='localhost', port=80): Max retries exceeded with url: /api/cicd/execute (Caused by NewConnectionError(""HTTPConnection(host='localhost', port=80): Failed to establish a new connection: [Errno 111] Connection refused""))"
2026-09-09T20:52:43.783407,1786373852673,POST,http://localhost/api/cicd/execute,0,9.69,"HTTPConnectionPool(host='localhost', port=80): Max retries exceeded with url: /api/cicd/execute (Caused by NewConnectionError(""HTTPConnection(host='localhost', port=80): Failed to establish a new connection: [Errno 111] Connection refused""))"
2026-09-09T20:52:43.783704,1786373852673,POST,http://localhost/api/cicd/execute,0,12.7,"HTTPConnectionPool(host='localhost', port=80): Max retries exceeded with url: /api/cicd/execute (Caused by NewConnectionError(""HTTPConnection(host='localhost', port=80): Failed to establish a new connection: [Errno 111] Connection refused""))"
2026-09-09T20:52:43.783958,1786374210148,GET,http://localhost/api/cicd/status/40665,0,8.87,"HTTPConnectionPool(host='localhost', port=80): Max retries exceeded with url: /api/cicd/status/40665 (Caused by NewConnectionError(""HTTPConnection(host='localhost', port=80): Failed to establish a new connection: [Errno 111] Connection refused""))"
2026-09-09T20:52:43.784281,1786374210148,GET,http://localhost/api/cicd/status/40665,0,6.11,"HTTPConnectionPool(host='localhost', port=80): Max retries exceeded with url: /api/cicd/status/40665 (Caused by NewConnectionError(""HTTPConnection(host='localhost', port=80): Failed to establish a new connection: [Errno 111] Connection refused""))"
2026-09-09T20:52:43.784654,1786373852673,POST,http://localhost/api/cicd/execute,0,7.86,"HTTPConnectionPool(host='localhost', port=80): Max retries exceeded with url: /api/cicd/execute (Caused by NewConnectionError(""HTTPConnection(host='localhost', port=80): Failed to establish a new connection: [Errno 111] Connection refused""))"
2026-09-09T20:52:43.785031,1786373852673,POST,http://localhost/api/cicd/execute,0,15.16,"HTTPConnectionPool(host='localhost', port=80): Max retries exceeded with url: /api/cicd/execute (Caused by NewConnectionError(""HTTPConnection(host='localhost', port=80): Failed to establish a new connection: [Errno 111] Connection refused""))"
2026-09-09T20:52:43.785275,1786374210148,GET,http://localhost/api/cicd/status/40665,0,5.3,"HTTPConnectionPool(host='localhost', port=80): Max retries exceeded with url: /api/cicd/status/40665 (Caused by NewConnectionError(""HTTPConnection(host='localhost', port=80): Failed to establish a new connection: [Errno 111] Connection refused""))"
2026-09-09T20:52:43.881830,1786374210148,GET,http://localhost/api/cicd/status/40665,0,1.97,"HTTPConnectionPool(host='localhost', port=80): Max retries exceeded with url: /api/cicd/status/40665 (Caused by NewConnectionError(""HTTPConnection(host='localhost', port=80): Failed to establish a new connection: [Errno 111] Connection refused""))"
2026-09-09T20:52:43.894774,1786374210148,GET,http://localhost/api/cicd/status/40665,0,10.96,"HTTPConnectionPool(host='localhost', port=80): Max retries exceeded with url: /api/cicd/status/40665 (Caused by NewConnectionError(""HTTPConnection(host='localhost', port=80): Failed to establish a new connection: [Errno 111] Connection refused""))"
2026-09-09T20:52:43.895875,1786374210148,GET,http://localhost/api/cicd/status/40665,0,10.97,"HTTPConnectionPool(host='localhost', port=80): Max retries exceeded with url: /api/cicd/status/40665 (Caused by NewConnectionError(""HTTPConnection(host='localhost', port=80): Failed to establish a new connection: [Errno 111] Connection refused""))"
2026-09-09T20:52:43.896524,1786374210148,GET,http://localhost/api/cicd/status/40665,0,5.77,"HTTPConnectionPool(host='localhost', port=80): Max retries exceeded with url: /api/cicd/status/40665 (Caused by NewConnectionError(""HTTPConnection(host='localhost', port=80): Failed to establish a new connection: [Errno 111] Connection refused""))"
2026-09-09T20:52:43.896843,1786373852673,POST,http://localhost/api/cicd/execute,0,9.67,"HTTPConnectionPool(host='localhost', port=80): Max retries exceeded with url: /api/cicd/execute (Caused by NewConnectionError(""HTTPConnection(host='localhost', port=80): Failed to establish a new connection: [Errno 111] Connection refused""))"
2026-09-09T20:52:43.897108,1786374210148,GET,http://localhost/api/cicd/status/40665,0,11.12,"HTTPConnectionPool(host='localhost', port=80): Max retries exceeded with url: /api/cicd/status/40665 (Caused by NewConnectionError(""HTTPConnection(host='localhost', port=80): Failed to establish a new connection: [Errno 111] Connection refused""))"
2026-09-09T20:52:43.897630,1786374210148,GET,http://localhost/api/cicd/status/40665,0,9.2,"HTTPConnectionPool(host='localhost', port=80): Max retries exceeded with url: /api/cicd/status/40665 (Caused by NewConnectionError(""HTTPConnection(host='localhost', port=80): Failed to establish a new connection: [Errno 111] Connection refused""))"
2026-09-09T20:52:43.897991,1786374210148,GET,http://localhost/api/cicd/status/40665,0,15.26,"HTTPConnectionPool(host='localhost', port=80): Max retries exceeded with url: /api/cicd/status/40665 (Caused by NewConnectionError(""HTTPConnection(host='localhost', port=80): Failed to establish a new connection: [Errno 111] Connection refused""))"
2026-09-09T20:52:43.898427,1786373852673,POST,http://localhost/api/cicd/execute,0,6.04,"HTTPConnectionPool(host='localhost', port=80): Max retries exceeded with url: /api/cicd/execute (Caused by NewConnectionError(""HTTPConnection(host='localhost', port=80): Failed to establish a new connection: [Errno 111] Connection refused""))"
2026-09-09T20:52:43.898630,1786373852673,POST,http://localhost/api/cicd/execute,0,9.1,"HTTPConnectionPool(host='localhost', port=80): Max retries exceeded with url: /api/cicd/execute (Caused by NewConnectionError(""HTTPConnection(host='localhost', port=80): Failed to establish a new connection: [Errno 111] Connection refused""))"
2026-09-09T20:52:43.986008,1786373852673,POST,http://localhost/api/cicd/execute,0,2.3,"HTTPConnectionPool(host='localhost', port=80): Max retries exceeded with url: /api/cicd/execute (Caused by NewConnectionError(""HTTPConnection(host='localhost', port=80): Failed to establish a new connection: [Errno 111] Connection refused""))"
2026-09-09T20:52:44.006556,1786373852673,POST,http://localhost/api/cicd/execute,0,8.21,"HTTPConnectionPool(host='localhost', port=80): Max retries exceeded with url: /api/cicd/execute (Caused by NewConnectionError(""HTTPConnection(host='localhost', port=80): Failed to establish a new connection: [Errno 111] Connection refused""))"
2026-09-09T20:52:44.007240,1786373852673,POST,http://localhost/api/cicd/execute,0,11.19,"HTTPConnectionPool(host='localhost', port=80): Max retries exceeded with url: /api/cicd/execute (Caused by NewConnectionError(""HTTPConnection(host='localhost', port=80): Failed to establish a new connection: [Errno 111] Connection refused""))"
2026-09-09T20:52:44.007742,1786373852673,POST,http://localhost/api/cicd/execute,0,8.33,"HTTPConnectionPool(host='localhost', port=80): Max retries exceeded with url: /api/cicd/execute (Caused by NewConnectionError(""HTTPConnection(host='localhost', port=80): Failed to establish a new connection: [Errno 111] Connection refused""))"
2026-09-09T20:52:44.008118,1786373852673,POST,http://localhost/api/cicd/execute,0,13.17,"HTTPConnectionPool(host='localhost', port=80): Max retries exceeded with url: /api/cicd/execute (Caused by NewConnectionError(""HTTPConnection(host='localhost', port=80): Failed to establish a new connection: [Errno 111] Connection refused""))"
2026-09-09T20:52:44.008631,1786373852673,POST,http://localhost/api/cicd/execute,0,7.94,"HTTPConnectionPool(host='localhost', port=80): Max retries exceeded with url: /api/cicd/execute (Caused by NewConnectionError(""HTTPConnection(host='localhost', port=80): Failed to establish a new connection: [Errno 111] Connection refused""))"
2026-09-09T20:52:44.009493,1786374210148,GET,http://localhost/api/cicd/status/40665,0,4.86,"HTTPConnectionPool(host='localhost', port=80): Max retries exceeded with url: /api/cicd/status/40665 (Caused by NewConnectionError(""HTTPConnection(host='localhost', port=80): Failed to establish a new connection: [Errno 111] Connection refused""))"
2026-09-09T20:52:44.009959,1786373852673,POST,http://localhost/api/cicd/execute,0,7.19,"HTTPConnectionPool(host='localhost', port=80): Max retries exceeded with url: /api/cicd/execute (Caused by NewConnectionError(""HTTPConnection(host='localhost', port=80): Failed to establish a new connection: [Errno 111] Connection refused""))"
2026-09-09T20:52:44.010329,1786374210148,GET,http://localhost/api/cicd/status/40665,0,8.45,"HTTPConnectionPool(host='localhost', port=80): Max retries exceeded with url: /api/cicd/status/40665 (Caused by NewConnectionError(""HTTPConnection(host='localhost', port=80): Failed to establish a new connection: [Errno 111] Connection refused""))"
2026-09-09T20:52:44.010523,1786374210148,GET,http://localhost/api/cicd/status/40665,0,13.23,"HTTPConnectionPool(host='localhost', port=80): Max retries exceeded with url: /api/cicd/status/40665 (Caused by NewConnectionError(""HTTPConnection(host='localhost', port=80): Failed to establish a new connection: [Errno 111] Connection refused""))"
2026-09-09T20:52:44.088036,1786374210148,GET,http://localhost/api/cicd/status/40665,0,1.83,"HTTPConnectionPool(host='localhost', port=80): Max retries exceeded with url: /api/cicd/status/40665 (Caused by NewConnectionError(""HTTPConnection(host='localhost', port=80): Failed to establish a new connection: [Errno 111] Connection refused""))"
2026-09-09T20:52:44.117996,1786374210148,GET,http://localhost/api/cicd/status/40665,0,11.27,"HTTPConnectionPool(host='localhost', port=80): Max retries exceeded with url: /api/cicd/status/40665 (Caused by NewConnectionError(""HTTPConnection(host='localhost', port=80): Failed to establish a new connection: [Errno 111] Connection refused""))"
2026-09-09T20:52:44.118807,1786374210148,GET,http://localhost/api/cicd/status/40665,0,6.44,"HTTPConnectionPool(host='localhost', port=80): Max retries exceeded with url: /api/cicd/status/40665 (Caused by NewConnectionError(""HTTPConnection(host='localhost', port=80): Failed to establish a new connection: [Errno 111] Connection refused""))"
2026-09-09T20:52:44.119425,1786373852673,POST,http://localhost/api/cicd/execute,0,8.23,"HTTPConnectionPool(host='localhost', port=80): Max retries exceeded with url: /api/cicd/execute (Caused by NewConnectionError(""HTTPConnection(host='localhost', port=80): Failed to establish a new connection: [Errno 111] Connection refused""))"
2026-09-09T20:52:44.119888,1786374210148,GET,http://localhost/api/cicd/status/40665,0,11.07,"HTTPConnectionPool(host='localhost', port=80): Max retries exceeded with url: /api/cicd/status/40665 (Caused by NewConnectionError(""HTTPConnection(host='localhost', port=80): Failed to establish a new connection: [Errno 111] Connection refused""))"
2026-09-09T20:52:44.120181,1786374210148,GET,http://localhost/api/cicd/status/40665,0,12.39,"HTTPConnectionPool(host='localhost', port=80): Max retries exceeded with url: /api/cicd/status/40665 (Caused by NewConnectionError(""HTTPConnection(host='localhost', port=80): Failed to establish a new connection: [Errno 111] Connection refused""))"
2026-09-09T20:52:44.120389,1786373852673,POST,http://localhost/api/cicd/execute,0,5.85,"HTTPConnectionPool(host='localhost', port=80): Max retries exceeded with url: /api/cicd/execute (Caused by NewConnectionError(""HTTPConnection(host='localhost', port=80): Failed to establish a new connection: [Errno 111] Connection refused""))"
2026-09-09T20:52:44.120690,1786374210148,GET,http://localhost/api/cicd/status/40665,0,7.22,"HTTPConnectionPool(host='localhost', port=80): Max retries exceeded with url: /api/cicd/status/40665 (Caused by NewConnectionError(""HTTPConnection(host='localhost', port=80): Failed to establish a new connection: [Errno 111] Connection refused""))"
2026-09-09T20:52:44.121072,1786374210148,GET,http://localhost/api/cicd/status/40665,0,11.05,"HTTPConnectionPool(host='localhost', port=80): Max retries exceeded with url: /api/cicd/status/40665 (Caused by NewConnectionError(""HTTPConnection(host='localhost', port=80): Failed to establish a new connection: [Errno 111] Connection refused""))"
2026-09-09T20:52:44.121369,1786373852673,POST,http://localhost/api/cicd/execute,0,5.71,"HTTPConnectionPool(host='localhost', port=80): Max retries exceeded with url: /api/cicd/execute (Caused by NewConnectionError(""HTTPConnection(host='localhost', port=80): Failed to establish a new connection: [Errno 111] Connection refused""))"
2026-09-09T20:52:44.190065,1786373852673,POST,http://localhost/api/cicd/execute,0,1.83,"HTTPConnectionPool(host='localhost', port=80): Max retries exceeded with url: /api/cicd/execute (Caused by NewConnectionError(""HTTPConnection(host='localhost', port=80): Failed to establish a new connection: [Errno 111] Connection refused""))"
2026-09-09T20:52:44.230585,1786374210148,GET,http://localhost/api/cicd/status/40665,0,9.6,"HTTPConnectionPool(host='localhost', port=80): Max retries exceeded with url: /api/cicd/status/40665 (Caused by NewConnectionError(""HTTPConnection(host='localhost', port=80): Failed to establish a new connection: [Errno 111] Connection refused""))"
2026-09-09T20:52:44.231658,1786373852673,POST,http://localhost/api/cicd/execute,0,13.49,"HTTPConnectionPool(host='localhost', port=80): Max retries exceeded with url: /api/cicd/execute (Caused by NewConnectionError(""HTTPConnection(host='localhost', port=80): Failed to establish a new connection: [Errno 111] Connection refused""))"
2026-09-09T20:52:44.231994,1786374210148,GET,http://localhost/api/cicd/status/40665,0,5.32,"HTTPConnectionPool(host='localhost', port=80): Max retries exceeded with url: /api/cicd/status/40665 (Caused by NewConnectionError(""HTTPConnection(host='localhost', port=80): Failed to establish a new connection: [Errno 111] Connection refused""))"
2026-09-09T20:52:44.232248,1786373852673,POST,http://localhost/api/cicd/execute,0,13.0,"HTTPConnectionPool(host='localhost', port=80): Max retries exceeded with url: /api/cicd/execute (Caused by NewConnectionError(""HTTPConnection(host='localhost', port=80): Failed to establish a new connection: [Errno 111] Connection refused""))"
2026-09-09T20:52:44.232627,1786373852673,POST,http://localhost/api/cicd/execute,0,10.45,"HTTPConnectionPool(host='localhost', port=80): Max retries exceeded with url: /api/cicd/execute (Caused by NewConnectionError(""HTTPConnection(host='localhost', port=80): Failed to establish a new connection: [Errno 111] Connection refused""))"
2026-09-09T20:52:44.232878,1786374210148,GET,http://localhost/api/cicd/status/40665,0,8.45,"HTTPConnectionPool(host='localhost', port=80): Max retries exceeded with url: /api/cicd/status/40665 (Caused by NewConnectionError(""HTTPConnection(host='localhost', port=80): Failed to establish a new connection: [Errno 111] Connection refused""))"
2026-09-09T20:52:44.233436,1786373852673,POST,http://localhost/api/cicd/execute,0,10.12,"HTTPConnectionPool(host='localhost', port=80): Max retries exceeded with url: /api/cicd/execute (Caused by NewConnectionError(""HTTPConnection(host='localhost', port=80): Failed to establish a new connection: [Errno 111] Connection refused""))"
2026-09-09T20:52:44.233648,1786373852673,POST,http://localhost/api/cicd/execute,0,4.82,"HTTPConnectionPool(host='localhost', port=80): Max retries exceeded with url: /api/cicd/execute (Caused by NewConnectionError(""HTTPConnection(host='localhost', port=80): Failed to establish a new connection: [Errno 111] Connection refused""))"
2026-09-09T20:52:44.234026,1786373852673,POST,http://localhost/api/cicd/execute,0,8.51,"HTTPConnectionPool(host='localhost', port=80): Max retries exceeded with url: /api/cicd/execute (Caused by NewConnectionError(""HTTPConnection(host='localhost', port=80): Failed to establish a new connection: [Errno 111] Connection refused""))"
2026-09-09T20:52:44.291973,1786374210148,GET,http://localhost/api/cicd/status/40665,0,1.74,"HTTPConnectionPool(host='localhost', port=80): Max retries exceeded with url: /api/cicd/status/40665 (Caused by NewConnectionError(""HTTPConnection(host='localhost', port=80): Failed to establish a new connection: [Errno 111] Connection refused""))"
2026-09-09T20:52:44.343302,1786374210148,GET,http://localhost/api/cicd/status/40665,0,4.51,"HTTPConnectionPool(host='localhost', port=80): Max retries exceeded with url: /api/cicd/status/40665 (Caused by NewConnectionError(""HTTPConnection(host='localhost', port=80): Failed to establish a new connection: [Errno 111] Connection refused""))"
2026-09-09T20:52:44.343584,1786373852673,POST,http://localhost/api/cicd/execute,0,12.83,"HTTPConnectionPool(host='localhost', port=80): Max retries exceeded with url: /api/cicd/execute (Caused by NewConnectionError(""HTTPConnection(host='localhost', port=80): Failed to establish a new connection: [Errno 111] Connection refused""))"
2026-09-09T20:52:44.343836,1786373852673,POST,http://localhost/api/cicd/execute,0,10.85,"HTTPConnectionPool(host='localhost', port=80): Max retries exceeded with url: /api/cicd/execute (Caused by NewConnectionError(""HTTPConnection(host='localhost', port=80): Failed to establish a new connection: [Errno 111] Connection refused""))"
2026-09-09T20:52:44.344462,1786374210148,GET,http://localhost/api/cicd/status/40665,0,10.38,"HTTPConnectionPool(host='localhost', port=80): Max retries exceeded with url: /api/cicd/status/40665 (Caused by NewConnectionError(""HTTPConnection(host='localhost', port=80): Failed to establish a new connection: [Errno 111] Connection refused""))"
2026-09-09T20:52:44.344847,1786373852673,POST,http://localhost/api/cicd/execute,0,8.52,"HTTPConnectionPool(host='localhost', port=80): Max retries exceeded with url: /api/cicd/execute (Caused by NewConnectionError(""HTTPConnection(host='localhost', port=80): Failed to establish a new connection: [Errno 111] Connection refused""))"
2026-09-09T20:52:44.345454,1786374210148,GET,http://localhost/api/cicd/status/40665,0,10.26,"HTTPConnectionPool(host='localhost', port=80): Max retries exceeded with url: /api/cicd/status/40665 (Caused by NewConnectionError(""HTTPConnection(host='localhost', port=80): Failed to establish a new connection: [Errno 111] Connection refused""))"
2026-09-09T20:52:44.345796,1786374210148,GET,http://localhost/api/cicd/status/40665,0,8.36,"HTTPConnectionPool(host='localhost', port=80): Max retries exceeded with url: /api/cicd/status/40665 (Caused by NewConnectionError(""HTTPConnection(host='localhost', port=80): Failed to establish a new connection: [Errno 111] Connection refused""))"
2026-09-09T20:52:44.346216,1786374210148,GET,http://localhost/api/cicd/status/40665,0,5.6,"HTTPConnectionPool(host='localhost', port=80): Max retries exceeded with url: /api/cicd/status/40665 (Caused by NewConnectionError(""HTTPConnection(host='localhost', port=80): Failed to establish a new connection: [Errno 111] Connection refused""))"
2026-09-09T20:52:44.346575,1786374210148,GET,http://localhost/api/cicd/status/40665,0,14.75,"HTTPConnectionPool(host='localhost', port=80): Max retries exceeded with url: /api/cicd/status/40665 (Caused by NewConnectionError(""HTTPConnection(host='localhost', port=80): Failed to establish a new connection: [Errno 111] Connection refused""))"
2026-09-09T20:52:44.394024,1786373852673,POST,http://localhost/api/cicd/execute,0,1.85,"HTTPConnectionPool(host='localhost', port=80): Max retries exceeded with url: /api/cicd/execute (Caused by NewConnectionError(""HTTPConnection(host='localhost', port=80): Failed to establish a new connection: [Errno 111] Connection refused""))"
2026-09-09T20:52:44.454954,1786374210148,GET,http://localhost/api/cicd/status/40665,0,6.91,"HTTPConnectionPool(host='localhost', port=80): Max retries exceeded with url: /api/cicd/status/40665 (Caused by NewConnectionError(""HTTPConnection(host='localhost', port=80): Failed to establish a new connection: [Errno 111] Connection refused""))"
2026-09-09T20:52:44.455697,1786373852673,POST,http://localhost/api/cicd/execute,0,6.58,"HTTPConnectionPool(host='localhost', port=80): Max retries exceeded with url: /api/cicd/execute (Caused by NewConnectionError(""HTTPConnection(host='localhost', port=80): Failed to establish a new connection: [Errno 111] Connection refused""))"
2026-09-09T20:52:44.456021,1786374210148,GET,http://localhost/api/cicd/status/40665,0,11.39,"HTTPConnectionPool(host='localhost', port=80): Max retries exceeded with url: /api/cicd/status/40665 (Caused by NewConnectionError(""HTTPConnection(host='localhost', port=80): Failed to establish a new connection: [Errno 111] Connection refused""))"
2026-09-09T20:52:44.456422,1786373852673,POST,http://localhost/api/cicd/execute,0,10.79,"HTTPConnectionPool(host='localhost', port=80): Max retries exceeded with url: /api/cicd/execute (Caused by NewConnectionError(""HTTPConnection(host='localhost', port=80): Failed to establish a new connection: [Errno 111] Connection refused""))"
2026-09-09T20:52:44.457259,1786373852673,POST,http://localhost/api/cicd/execute,0,13.77,"HTTPConnectionPool(host='localhost', port=80): Max retries exceeded with url: /api/cicd/execute (Caused by NewConnectionError(""HTTPConnection(host='localhost', port=80): Failed to establish a new connection: [Errno 111] Connection refused""))"
2026-09-09T20:52:44.458026,1786373852673,POST,http://localhost/api/cicd/execute,0,6.69,"HTTPConnectionPool(host='localhost', port=80): Max retries exceeded with url: /api/cicd/execute (Caused by NewConnectionError(""HTTPConnection(host='localhost', port=80): Failed to establish a new connection: [Errno 111] Connection refused""))"
2026-09-09T20:52:44.458426,1786373852673,POST,http://localhost/api/cicd/execute,0,8.17,"HTTPConnectionPool(host='localhost', port=80): Max retries exceeded with url: /api/cicd/execute (Caused by NewConnectionError(""HTTPConnection(host='localhost', port=80): Failed to establish a new connection: [Errno 111] Connection refused""))"
2026-09-09T20:52:44.458774,1786373852673,POST,http://localhost/api/cicd/execute,0,11.97,"HTTPConnectionPool(host='localhost', port=80): Max retries exceeded with url: /api/cicd/execute (Caused by NewConnectionError(""HTTPConnection(host='localhost', port=80): Failed to establish a new connection: [Errno 111] Connection refused""))"
2026-09-09T20:52:44.459040,1786374210148,GET,http://localhost/api/cicd/status/40665,0,6.53,"HTTPConnectionPool(host='localhost', port=80): Max retries exceeded with url: /api/cicd/status/40665 (Caused by NewConnectionError(""HTTPConnection(host='localhost', port=80): Failed to establish a new connection: [Errno 111] Connection refused""))"
2026-09-09T20:52:44.495960,1786374210148,GET,http://localhost/api/cicd/status/40665,0,1.74,"HTTPConnectionPool(host='localhost', port=80): Max retries exceeded with url: /api/cicd/status/40665 (Caused by NewConnectionError(""HTTPConnection(host='localhost', port=80): Failed to establish a new connection: [Errno 111] Connection refused""))"
2026-09-09T20:52:44.567478,1786373852673,POST,http://localhost/api/cicd/execute,0,10.11,"HTTPConnectionPool(host='localhost', port=80): Max retries exceeded with url: /api/cicd/execute (Caused by NewConnectionError(""HTTPConnection(host='localhost', port=80): Failed to establish a new connection: [Errno 111] Connection refused""))"
2026-09-09T20:52:44.568342,1786374210148,GET,http://localhost/api/cicd/status/40665,0,8.65,"HTTPConnectionPool(host='localhost', port=80): Max retries exceeded with url: /api/cicd/status/40665 (Caused by NewConnectionError(""HTTPConnection(host='localhost', port=80): Failed to establish a new connection: [Errno 111] Connection refused""))"
2026-09-09T20:52:44.569300,1786374210148,GET,http://localhost/api/cicd/status/40665,0,8.43,"HTTPConnectionPool(host='localhost', port=80): Max retries exceeded with url: /api/cicd/status/40665 (Caused by NewConnectionError(""HTTPConnection(host='localhost', port=80): Failed to establish a new connection: [Errno 111] Connection refused""))"
2026-09-09T20:52:44.569708,1786373852673,POST,http://localhost/api/cicd/execute,0,14.55,"HTTPConnectionPool(host='localhost', port=80): Max retries exceeded with url: /api/cicd/execute (Caused by NewConnectionError(""HTTPConnection(host='localhost', port=80): Failed to establish a new connection: [Errno 111] Connection refused""))"
2026-09-09T20:52:44.570074,1786374210148,GET,http://localhost/api/cicd/status/40665,0,6.31,"HTTPConnectionPool(host='localhost', port=80): Max retries exceeded with url: /api/cicd/status/40665 (Caused by NewConnectionError(""HTTPConnection(host='localhost', port=80): Failed to establish a new connection: [Errno 111] Connection refused""))"
2026-09-09T20:52:44.570309,1786373852673,POST,http://localhost/api/cicd/execute,0,4.94,"HTTPConnectionPool(host='localhost', port=80): Max retries exceeded with url: /api/cicd/execute (Caused by NewConnectionError(""HTTPConnection(host='localhost', port=80): Failed to establish a new connection: [Errno 111] Connection refused""))"
2026-09-09T20:52:44.570515,1786374210148,GET,http://localhost/api/cicd/status/40665,0,11.92,"HTTPConnectionPool(host='localhost', port=80): Max retries exceeded with url: /api/cicd/status/40665 (Caused by NewConnectionError(""HTTPConnection(host='localhost', port=80): Failed to establish a new connection: [Errno 111] Connection refused""))"
2026-09-09T20:52:44.570830,1786374210148,GET,http://localhost/api/cicd/status/40665,0,8.8,"HTTPConnectionPool(host='localhost', port=80): Max retries exceeded with url: /api/cicd/status/40665 (Caused by NewConnectionError(""HTTPConnection(host='localhost', port=80): Failed to establish a new connection: [Errno 111] Connection refused""))"
2026-09-09T20:52:44.571253,1786374210148,GET,http://localhost/api/cicd/status/40665,0,14.94,"HTTPConnectionPool(host='localhost', port=80): Max retries exceeded with url: /api/cicd/status/40665 (Caused by NewConnectionError(""HTTPConnection(host='localhost', port=80): Failed to establish a new connection: [Errno 111] Connection refused""))"
2026-09-09T20:52:44.597896,1786373852673,POST,http://localhost/api/cicd/execute,0,1.74,"HTTPConnectionPool(host='localhost', port=80): Max retries exceeded with url: /api/cicd/execute (Caused by NewConnectionError(""HTTPConnection(host='localhost', port=80): Failed to establish a new connection: [Errno 111] Connection refused""))"
2026-09-09T20:52:44.679815,1786374210148,GET,http://localhost/api/cicd/status/40665,0,12.18,"HTTPConnectionPool(host='localhost', port=80): Max retries exceeded with url: /api/cicd/status/40665 (Caused by NewConnectionError(""HTTPConnection(host='localhost', port=80): Failed to establish a new connection: [Errno 111] Connection refused""))"
2026-09-09T20:52:44.680849,1786373852673,POST,http://localhost/api/cicd/execute,0,6.87,"HTTPConnectionPool(host='localhost', port=80): Max retries exceeded with url: /api/cicd/execute (Caused by NewConnectionError(""HTTPConnection(host='localhost', port=80): Failed to establish a new connection: [Errno 111] Connection refused""))"
2026-09-09T20:52:44.681332,1786374210148,GET,http://localhost/api/cicd/status/40665,0,9.61,"HTTPConnectionPool(host='localhost', port=80): Max retries exceeded with url: /api/cicd/status/40665 (Caused by NewConnectionError(""HTTPConnection(host='localhost', port=80): Failed to establish a new connection: [Errno 111] Connection refused""))"
2026-09-09T20:52:44.681598,1786373852673,POST,http://localhost/api/cicd/execute,0,11.04,"HTTPConnectionPool(host='localhost', port=80): Max retries exceeded with url: /api/cicd/execute (Caused by NewConnectionError(""HTTPConnection(host='localhost', port=80): Failed to establish a new connection: [Errno 111] Connection refused""))"
2026-09-09T20:52:44.681865,1786374210148,GET,http://localhost/api/cicd/status/40665,0,6.78,"HTTPConnectionPool(host='localhost', port=80): Max retries exceeded with url: /api/cicd/status/40665 (Caused by NewConnectionError(""HTTPConnection(host='localhost', port=80): Failed to establish a new connection: [Errno 111] Connection refused""))"
2026-09-09T20:52:44.682173,1786373852673,POST,http://localhost/api/cicd/execute,0,9.39,"HTTPConnectionPool(host='localhost', port=80): Max retries exceeded with url: /api/cicd/execute (Caused by NewConnectionError(""HTTPConnection(host='localhost', port=80): Failed to establish a new connection: [Errno 111] Connection refused""))"
2026-09-09T20:52:44.682420,1786373852673,POST,http://localhost/api/cicd/execute,0,4.6,"HTTPConnectionPool(host='localhost', port=80): Max retries exceeded with url: /api/cicd/execute (Caused by NewConnectionError(""HTTPConnection(host='localhost', port=80): Failed to establish a new connection: [Errno 111] Connection refused""))"
2026-09-09T20:52:44.682784,1786373852673,POST,http://localhost/api/cicd/execute,0,6.49,"HTTPConnectionPool(host='localhost', port=80): Max retries exceeded with url: /api/cicd/execute (Caused by NewConnectionError(""HTTPConnection(host='localhost', port=80): Failed to establish a new connection: [Errno 111] Connection refused""))"
2026-09-09T20:52:44.682985,1786373852673,POST,http://localhost/api/cicd/execute,0,13.6,"HTTPConnectionPool(host='localhost', port=80): Max retries exceeded with url: /api/cicd/execute (Caused by NewConnectionError(""HTTPConnection(host='localhost', port=80): Failed to establish a new connection: [Errno 111] Connection refused""))"
2026-09-09T20:52:44.699916,1786374210148,GET,http://localhost/api/cicd/status/40665,0,1.84,"HTTPConnectionPool(host='localhost', port=80): Max retries exceeded with url: /api/cicd/status/40665 (Caused by NewConnectionError(""HTTPConnection(host='localhost', port=80): Failed to establish a new connection: [Errno 111] Connection refused""))"
2026-09-09T20:52:44.791430,1786373852673,POST,http://localhost/api/cicd/execute,0,11.43,"HTTPConnectionPool(host='localhost', port=80): Max retries exceeded with url: /api/cicd/execute (Caused by NewConnectionError(""HTTPConnection(host='localhost', port=80): Failed to establish a new connection: [Errno 111] Connection refused""))"
2026-09-09T20:52:44.792577,1786373852673,POST,http://localhost/api/cicd/execute,0,10.28,"HTTPConnectionPool(host='localhost', port=80): Max retries exceeded with url: /api/cicd/execute (Caused by NewConnectionError(""HTTPConnection(host='localhost', port=80): Failed to establish a new connection: [Errno 111] Connection refused""))"
2026-09-09T20:52:44.793323,1786374210148,GET,http://localhost/api/cicd/status/40665,0,5.37,"HTTPConnectionPool(host='localhost', port=80): Max retries exceeded with url: /api/cicd/status/40665 (Caused by NewConnectionError(""HTTPConnection(host='localhost', port=80): Failed to establish a new connection: [Errno 111] Connection refused""))"
2026-09-09T20:52:44.793578,1786374210148,GET,http://localhost/api/cicd/status/40665,0,12.41,"HTTPConnectionPool(host='localhost', port=80): Max retries exceeded with url: /api/cicd/status/40665 (Caused by NewConnectionError(""HTTPConnection(host='localhost', port=80): Failed to establish a new connection: [Errno 111] Connection refused""))"
2026-09-09T20:52:44.794352,1786373852673,POST,http://localhost/api/cicd/execute,0,10.92,"HTTPConnectionPool(host='localhost', port=80): Max retries exceeded with url: /api/cicd/execute (Caused by NewConnectionError(""HTTPConnection(host='localhost', port=80): Failed to establish a new connection: [Errno 111] Connection refused""))"
2026-09-09T20:52:44.794781,1786374210148,GET,http://localhost/api/cicd/status/40665,0,8.13,"HTTPConnectionPool(host='localhost', port=80): Max retries exceeded with url: /api/cicd/status/40665 (Caused by NewConnectionError(""HTTPConnection(host='localhost', port=80): Failed to establish a new connection: [Errno 111] Connection refused""))"
2026-09-09T20:52:44.795030,1786374210148,GET,http://localhost/api/cicd/status/40665,0,10.52,"HTTPConnectionPool(host='localhost', port=80): Max retries exceeded with url: /api/cicd/status/40665 (Caused by NewConnectionError(""HTTPConnection(host='localhost', port=80): Failed to establish a new connection: [Errno 111] Connection refused""))"
2026-09-09T20:52:44.795287,1786374210148,GET,http://localhost/api/cicd/status/40665,0,9.72,"HTTPConnectionPool(host='localhost', port=80): Max retries exceeded with url: /api/cicd/status/40665 (Caused by NewConnectionError(""HTTPConnection(host='localhost', port=80): Failed to establish a new connection: [Errno 111] Connection refused""))"
2026-09-09T20:52:44.795713,1786374210148,GET,http://localhost/api/cicd/status/40665,0,5.54,"HTTPConnectionPool(host='localhost', port=80): Max retries exceeded with url: /api/cicd/status/40665 (Caused by NewConnectionError(""HTTPConnection(host='localhost', port=80): Failed to establish a new connection: [Errno 111] Connection refused""))"
2026-09-09T20:52:44.801829,1786373852673,POST,http://localhost/api/cicd/execute,0,1.74,"HTTPConnectionPool(host='localhost', port=80): Max retries exceeded with url: /api/cicd/execute (Caused by NewConnectionError(""HTTPConnection(host='localhost', port=80): Failed to establish a new connection: [Errno 111] Connection refused""))"
2026-09-09T20:52:44.904234,1786374210148,GET,http://localhost/api/cicd/status/40665,0,11.52,"HTTPConnectionPool(host='localhost', port=80): Max retries exceeded with url: /api/cicd/status/40665 (Caused by NewConnectionError(""HTTPConnection(host='localhost', port=80): Failed to establish a new connection: [Errno 111] Connection refused""))"
2026-09-09T20:52:44.905307,1786373852673,POST,http://localhost/api/cicd/execute,0,10.5,"HTTPConnectionPool(host='localhost', port=80): Max retries exceeded with url: /api/cicd/execute (Caused by NewConnectionError(""HTTPConnection(host='localhost', port=80): Failed to establish a new connection: [Errno 111] Connection refused""))"
2026-09-09T20:52:44.906195,1786374210148,GET,http://localhost/api/cicd/status/40665,0,14.6,"HTTPConnectionPool(host='localhost', port=80): Max retries exceeded with url: /api/cicd/status/40665 (Caused by NewConnectionError(""HTTPConnection(host='localhost', port=80): Failed to establish a new connection: [Errno 111] Connection refused""))"
2026-09-09T20:52:44.906452,1786374210148,GET,http://localhost/api/cicd/status/40665,0,4.05,"HTTPConnectionPool(host='localhost', port=80): Max retries exceeded with url: /api/cicd/status/40665 (Caused by NewConnectionError(""HTTPConnection(host='localhost', port=80): Failed to establish a new connection: [Errno 111] Connection refused""))"
2026-09-09T20:52:44.906731,1786373852673,POST,http://localhost/api/cicd/execute,0,12.98,"HTTPConnectionPool(host='localhost', port=80): Max retries exceeded with url: /api/cicd/execute (Caused by NewConnectionError(""HTTPConnection(host='localhost', port=80): Failed to establish a new connection: [Errno 111] Connection refused""))"
2026-09-09T20:52:44.907598,1786374210148,GET,http://localhost/api/cicd/status/40665,0,10.48,"HTTPConnectionPool(host='localhost', port=80): Max retries exceeded with url: /api/cicd/status/40665 (Caused by NewConnectionError(""HTTPConnection(host='localhost', port=80): Failed to establish a new connection: [Errno 111] Connection refused""))"
2026-09-09T20:52:44.907927,1786373852673,POST,http://localhost/api/cicd/execute,0,7.43,"HTTPConnectionPool(host='localhost', port=80): Max retries exceeded with url: /api/cicd/execute (Caused by NewConnectionError(""HTTPConnection(host='localhost', port=80): Failed to establish a new connection: [Errno 111] Connection refused""))"
2026-09-09T20:52:44.908277,1786373852673,POST,http://localhost/api/cicd/execute,0,8.96,"HTTPConnectionPool(host='localhost', port=80): Max retries exceeded with url: /api/cicd/execute (Caused by NewConnectionError(""HTTPConnection(host='localhost', port=80): Failed to establish a new connection: [Errno 111] Connection refused""))"
2026-09-09T20:52:44.908500,1786373852673,POST,http://localhost/api/cicd/execute,0,12.61,"HTTPConnectionPool(host='localhost', port=80): Max retries exceeded with url: /api/cicd/execute (Caused by NewConnectionError(""HTTPConnection(host='localhost', port=80): Failed to establish a new connection: [Errno 111] Connection refused""))"
2026-09-09T20:52:44.908824,1786373852673,POST,http://localhost/api/cicd/execute,0,10.61,"HTTPConnectionPool(host='localhost', port=80): Max retries exceeded with url: /api/cicd/execute (Caused by NewConnectionError(""HTTPConnection(host='localhost', port=80): Failed to establish a new connection: [Errno 111] Connection refused""))"
2026-09-09T20:52:45.017325,1786374210148,GET,http://localhost/api/cicd/status/40665,0,11.61,"HTTPConnectionPool(host='localhost', port=80): Max retries exceeded with url: /api/cicd/status/40665 (Caused by NewConnectionError(""HTTPConnection(host='localhost', port=80): Failed to establish a new connection: [Errno 111] Connection refused""))"
2026-09-09T20:52:45.017664,1786374210148,GET,http://localhost/api/cicd/status/40665,0,9.76,"HTTPConnectionPool(host='localhost', port=80): Max retries exceeded with url: /api/cicd/status/40665 (Caused by NewConnectionError(""HTTPConnection(host='localhost', port=80): Failed to establish a new connection: [Errno 111] Connection refused""))"
2026-09-09T20:52:45.017893,1786373852673,POST,http://localhost/api/cicd/execute,0,11.03,"HTTPConnectionPool(host='localhost', port=80): Max retries exceeded with url: /api/cicd/execute (Caused by NewConnectionError(""HTTPConnection(host='localhost', port=80): Failed to establish a new connection: [Errno 111] Connection refused""))"
2026-09-09T20:52:45.018437,1786373852673,POST,http://localhost/api/cicd/execute,0,9.49,"HTTPConnectionPool(host='localhost', port=80): Max retries exceeded with url: /api/cicd/execute (Caused by NewConnectionError(""HTTPConnection(host='localhost', port=80): Failed to establish a new connection: [Errno 111] Connection refused""))"
2026-09-09T20:52:45.018806,1786373852673,POST,http://localhost/api/cicd/execute,0,14.39,"HTTPConnectionPool(host='localhost', port=80): Max retries exceeded with url: /api/cicd/execute (Caused by NewConnectionError(""HTTPConnection(host='localhost', port=80): Failed to establish a new connection: [Errno 111] Connection refused""))"
2026-09-09T20:52:45.019659,1786373852673,POST,http://localhost/api/cicd/execute,0,9.46,"HTTPConnectionPool(host='localhost', port=80): Max retries exceeded with url: /api/cicd/execute (Caused by NewConnectionError(""HTTPConnection(host='localhost', port=80): Failed to establish a new connection: [Errno 111] Connection refused""))"
2026-09-09T20:52:45.019971,1786374210148,GET,http://localhost/api/cicd/status/40665,0,5.15,"HTTPConnectionPool(host='localhost', port=80): Max retries exceeded with url: /api/cicd/status/40665 (Caused by NewConnectionError(""HTTPConnection(host='localhost', port=80): Failed to establish a new connection: [Errno 111] Connection refused""))"
2026-09-09T20:52:45.020481,1786374210148,GET,http://localhost/api/cicd/status/40665,0,9.2,"HTTPConnectionPool(host='localhost', port=80): Max retries exceeded with url: /api/cicd/status/40665 (Caused by NewConnectionError(""HTTPConnection(host='localhost', port=80): Failed to establish a new connection: [Errno 111] Connection refused""))"
2026-09-09T20:52:45.020838,1786374210148,GET,http://localhost/api/cicd/status/40665,0,8.54,"HTTPConnectionPool(host='localhost', port=80): Max retries exceeded with url: /api/cicd/status/40665 (Caused by NewConnectionError(""HTTPConnection(host='localhost', port=80): Failed to establish a new connection: [Errno 111] Connection refused""))"
2026-09-09T20:52:45.021081,1786374210148,GET,http://localhost/api/cicd/status/40665,0,7.75,"HTTPConnectionPool(host='localhost', port=80): Max retries exceeded with url: /api/cicd/status/40665 (Caused by NewConnectionError(""HTTPConnection(host='localhost', port=80): Failed to establish a new connection: [Errno 111] Connection refused""))"
2026-09-09T20:52:45.131153,1786374210148,GET,http://localhost/api/cicd/status/40665,0,11.15,"HTTPConnectionPool(host='localhost', port=80): Max retries exceeded with url: /api/cicd/status/40665 (Caused by NewConnectionError(""HTTPConnection(host='localhost', port=80): Failed to establish a new connection: [Errno 111] Connection refused""))"
2026-09-09T20:52:45.131566,1786374210148,GET,http://localhost/api/cicd/status/40665,0,10.63,"HTTPConnectionPool(host='localhost', port=80): Max retries exceeded with url: /api/cicd/status/40665 (Caused by NewConnectionError(""HTTPConnection(host='localhost', port=80): Failed to establish a new connection: [Errno 111] Connection refused""))"
2026-09-09T20:52:45.131976,1786374210148,GET,http://localhost/api/cicd/status/40665,0,9.96,"HTTPConnectionPool(host='localhost', port=80): Max retries exceeded with url: /api/cicd/status/40665 (Caused by NewConnectionError(""HTTPConnection(host='localhost', port=80): Failed to establish a new connection: [Errno 111] Connection refused""))"
2026-09-09T20:52:45.132328,1786373852673,POST,http://localhost/api/cicd/execute,0,8.05,"HTTPConnectionPool(host='localhost', port=80): Max retries exceeded with url: /api/cicd/execute (Caused by NewConnectionError(""HTTPConnection(host='localhost', port=80): Failed to establish a new connection: [Errno 111] Connection refused""))"
2026-09-09T20:52:45.132668,1786373852673,POST,http://localhost/api/cicd/execute,0,5.72,"HTTPConnectionPool(host='localhost', port=80): Max retries exceeded with url: /api/cicd/execute (Caused by NewConnectionError(""HTTPConnection(host='localhost', port=80): Failed to establish a new connection: [Errno 111] Connection refused""))"
2026-09-09T20:52:45.133305,1786373852673,POST,http://localhost/api/cicd/execute,0,4.85,"HTTPConnectionPool(host='localhost', port=80): Max retries exceeded with url: /api/cicd/execute (Caused by NewConnectionError(""HTTPConnection(host='localhost', port=80): Failed to establish a new connection: [Errno 111] Connection refused""))"
2026-09-09T20:52:45.133616,1786373852673,POST,http://localhost/api/cicd/execute,0,16.08,"HTTPConnectionPool(host='localhost', port=80): Max retries exceeded with url: /api/cicd/execute (Caused by NewConnectionError(""HTTPConnection(host='localhost', port=80): Failed to establish a new connection: [Errno 111] Connection refused""))"
2026-09-09T20:52:45.133916,1786373852673,POST,http://localhost/api/cicd/execute,0,8.46,"HTTPConnectionPool(host='localhost', port=80): Max retries exceeded with url: /api/cicd/execute (Caused by NewConnectionError(""HTTPConnection(host='localhost', port=80): Failed to establish a new connection: [Errno 111] Connection refused""))"
2026-09-09T20:52:45.134252,1786374210148,GET,http://localhost/api/cicd/status/40665,0,11.06,"HTTPConnectionPool(host='localhost', port=80): Max retries exceeded with url: /api/cicd/status/40665 (Caused by NewConnectionError(""HTTPConnection(host='localhost', port=80): Failed to establish a new connection: [Errno 111] Connection refused""))"
2026-09-09T20:52:45.134640,1786373852673,POST,http://localhost/api/cicd/execute,0,15.76,"HTTPConnectionPool(host='localhost', port=80): Max retries exceeded with url: /api/cicd/execute (Caused by NewConnectionError(""HTTPConnection(host='localhost', port=80): Failed to establish a new connection: [Errno 111] Connection refused""))"
2026-09-09T20:52:45.245365,1786373852673,POST,http://localhost/api/cicd/execute,0,14.04,"HTTPConnectionPool(host='localhost', port=80): Max retries exceeded with url: /api/cicd/execute (Caused by NewConnectionError(""HTTPConnection(host='localhost', port=80): Failed to establish a new connection: [Errno 111] Connection refused""))"
2026-09-09T20:52:45.246226,1786374210148,GET,http://localhost/api/cicd/status/40665,0,8.41,"HTTPConnectionPool(host='localhost', port=80): Max retries exceeded with url: /api/cicd/status/40665 (Caused by NewConnectionError(""HTTPConnection(host='localhost', port=80): Failed to establish a new connection: [Errno 111] Connection refused""))"
2026-09-09T20:52:45.246482,1786373852673,POST,http://localhost/api/cicd/execute,0,13.79,"HTTPConnectionPool(host='localhost', port=80): Max retries exceeded with url: /api/cicd/execute (Caused by NewConnectionError(""HTTPConnection(host='localhost', port=80): Failed to establish a new connection: [Errno 111] Connection refused""))"
2026-09-09T20:52:45.246771,1786374210148,GET,http://localhost/api/cicd/status/40665,0,10.1,"HTTPConnectionPool(host='localhost', port=80): Max retries exceeded with url: /api/cicd/status/40665 (Caused by NewConnectionError(""HTTPConnection(host='localhost', port=80): Failed to establish a new connection: [Errno 111] Connection refused""))"
2026-09-09T20:52:45.247060,1786373852673,POST,http://localhost/api/cicd/execute,0,8.17,"HTTPConnectionPool(host='localhost', port=80): Max retries exceeded with url: /api/cicd/execute (Caused by NewConnectionError(""HTTPConnection(host='localhost', port=80): Failed to establish a new connection: [Errno 111] Connection refused""))"
2026-09-09T20:52:45.248035,1786374210148,GET,http://localhost/api/cicd/status/40665,0,7.62,"HTTPConnectionPool(host='localhost', port=80): Max retries exceeded with url: /api/cicd/status/40665 (Caused by NewConnectionError(""HTTPConnection(host='localhost', port=80): Failed to establish a new connection: [Errno 111] Connection refused""))"
2026-09-09T20:52:45.248412,1786373852673,POST,http://localhost/api/cicd/execute,0,13.98,"HTTPConnectionPool(host='localhost', port=80): Max retries exceeded with url: /api/cicd/execute (Caused by NewConnectionError(""HTTPConnection(host='localhost', port=80): Failed to establish a new connection: [Errno 111] Connection refused""))"
2026-09-09T20:52:45.248743,1786374210148,GET,http://localhost/api/cicd/status/40665,0,6.02,"HTTPConnectionPool(host='localhost', port=80): Max retries exceeded with url: /api/cicd/status/40665 (Caused by NewConnectionError(""HTTPConnection(host='localhost', port=80): Failed to establish a new connection: [Errno 111] Connection refused""))"
2026-09-09T20:52:45.248967,1786374210148,GET,http://localhost/api/cicd/status/40665,0,7.47,"HTTPConnectionPool(host='localhost', port=80): Max retries exceeded with url: /api/cicd/status/40665 (Caused by NewConnectionError(""HTTPConnection(host='localhost', port=80): Failed to establish a new connection: [Errno 111] Connection refused""))"
2026-09-09T20:52:45.249212,1786374210148,GET,http://localhost/api/cicd/status/40665,0,13.67,"HTTPConnectionPool(host='localhost', port=80): Max retries exceeded with url: /api/cicd/status/40665 (Caused by NewConnectionError(""HTTPConnection(host='localhost', port=80): Failed to establish a new connection: [Errno 111] Connection refused""))"
2026-09-09T20:52:45.362705,1786374210148,GET,http://localhost/api/cicd/status/40665,0,6.49,"HTTPConnectionPool(host='localhost', port=80): Max retries exceeded with url: /api/cicd/status/40665 (Caused by NewConnectionError(""HTTPConnection(host='localhost', port=80): Failed to establish a new connection: [Errno 111] Connection refused""))"
2026-09-09T20:52:45.363185,1786373852673,POST,http://localhost/api/cicd/execute,0,8.07,"HTTPConnectionPool(host='localhost', port=80): Max retries exceeded with url: /api/cicd/execute (Caused by NewConnectionError(""HTTPConnection(host='localhost', port=80): Failed to establish a new connection: [Errno 111] Connection refused""))"
2026-09-09T20:52:45.363662,1786374210148,GET,http://localhost/api/cicd/status/40665,0,13.3,"HTTPConnectionPool(host='localhost', port=80): Max retries exceeded with url: /api/cicd/status/40665 (Caused by NewConnectionError(""HTTPConnection(host='localhost', port=80): Failed to establish a new connection: [Errno 111] Connection refused""))"
2026-09-09T20:52:45.363985,1786373852673,POST,http://localhost/api/cicd/execute,0,5.64,"HTTPConnectionPool(host='localhost', port=80): Max retries exceeded with url: /api/cicd/execute (Caused by NewConnectionError(""HTTPConnection(host='localhost', port=80): Failed to establish a new connection: [Errno 111] Connection refused""))"
2026-09-09T20:52:45.364418,1786373852673,POST,http://localhost/api/cicd/execute,0,17.54,"HTTPConnectionPool(host='localhost', port=80): Max retries exceeded with url: /api/cicd/execute (Caused by NewConnectionError(""HTTPConnection(host='localhost', port=80): Failed to establish a new connection: [Errno 111] Connection refused""))"
2026-09-09T20:52:45.364631,1786373852673,POST,http://localhost/api/cicd/execute,0,5.05,"HTTPConnectionPool(host='localhost', port=80): Max retries exceeded with url: /api/cicd/execute (Caused by NewConnectionError(""HTTPConnection(host='localhost', port=80): Failed to establish a new connection: [Errno 111] Connection refused""))"
2026-09-09T20:52:45.364847,1786373852673,POST,http://localhost/api/cicd/execute,0,15.69,"HTTPConnectionPool(host='localhost', port=80): Max retries exceeded with url: /api/cicd/execute (Caused by NewConnectionError(""HTTPConnection(host='localhost', port=80): Failed to establish a new connection: [Errno 111] Connection refused""))"
2026-09-09T20:52:45.365177,1786374210148,GET,http://localhost/api/cicd/status/40665,0,19.67,"HTTPConnectionPool(host='localhost', port=80): Max retries exceeded with url: /api/cicd/status/40665 (Caused by NewConnectionError(""HTTPConnection(host='localhost', port=80): Failed to establish a new connection: [Errno 111] Connection refused""))"
2026-09-09T20:52:45.365579,1786374210148,GET,http://localhost/api/cicd/status/40665,0,17.55,"HTTPConnectionPool(host='localhost', port=80): Max retries exceeded with url: /api/cicd/status/40665 (Caused by NewConnectionError(""HTTPConnection(host='localhost', port=80): Failed to establish a new connection: [Errno 111] Connection refused""))"
2026-09-09T20:52:45.365893,1786373852673,POST,http://localhost/api/cicd/execute,0,8.6,"HTTPConnectionPool(host='localhost', port=80): Max retries exceeded with url: /api/cicd/execute (Caused by NewConnectionError(""HTTPConnection(host='localhost', port=80): Failed to establish a new connection: [Errno 111] Connection refused""))"
2026-09-09T20:52:45.476868,1786373852673,POST,http://localhost/api/cicd/execute,0,11.69,"HTTPConnectionPool(host='localhost', port=80): Max retries exceeded with url: /api/cicd/execute (Caused by NewConnectionError(""HTTPConnection(host='localhost', port=80): Failed to establish a new connection: [Errno 111] Connection refused""))"
2026-09-09T20:52:45.477318,1786373852673,POST,http://localhost/api/cicd/execute,0,14.42,"HTTPConnectionPool(host='localhost', port=80): Max retries exceeded with url: /api/cicd/execute (Caused by NewConnectionError(""HTTPConnection(host='localhost', port=80): Failed to establish a new connection: [Errno 111] Connection refused""))"
2026-09-09T20:52:45.477725,1786373852673,POST,http://localhost/api/cicd/execute,0,9.16,"HTTPConnectionPool(host='localhost', port=80): Max retries exceeded with url: /api/cicd/execute (Caused by NewConnectionError(""HTTPConnection(host='localhost', port=80): Failed to establish a new connection: [Errno 111] Connection refused""))"
2026-09-09T20:52:45.478222,1786374210148,GET,http://localhost/api/cicd/status/40665,0,11.88,"HTTPConnectionPool(host='localhost', port=80): Max retries exceeded with url: /api/cicd/status/40665 (Caused by NewConnectionError(""HTTPConnection(host='localhost', port=80): Failed to establish a new connection: [Errno 111] Connection refused""))"
2026-09-09T20:52:45.478653,1786373852673,POST,http://localhost/api/cicd/execute,0,8.67,"HTTPConnectionPool(host='localhost', port=80): Max retries exceeded with url: /api/cicd/execute (Caused by NewConnectionError(""HTTPConnection(host='localhost', port=80): Failed to establish a new connection: [Errno 111] Connection refused""))"
2026-09-09T20:52:45.479288,1786374210148,GET,http://localhost/api/cicd/status/40665,0,11.76,"HTTPConnectionPool(host='localhost', port=80): Max retries exceeded with url: /api/cicd/status/40665 (Caused by NewConnectionError(""HTTPConnection(host='localhost', port=80): Failed to establish a new connection: [Errno 111] Connection refused""))"
2026-09-09T20:52:45.479546,1786374210148,GET,http://localhost/api/cicd/status/40665,0,7.38,"HTTPConnectionPool(host='localhost', port=80): Max retries exceeded with url: /api/cicd/status/40665 (Caused by NewConnectionError(""HTTPConnection(host='localhost', port=80): Failed to establish a new connection: [Errno 111] Connection refused""))"
2026-09-09T20:52:45.479790,1786374210148,GET,http://localhost/api/cicd/status/40665,0,15.64,"HTTPConnectionPool(host='localhost', port=80): Max retries exceeded with url: /api/cicd/status/40665 (Caused by NewConnectionError(""HTTPConnection(host='localhost', port=80): Failed to establish a new connection: [Errno 111] Connection refused""))"
2026-09-09T20:52:45.480027,1786374210148,GET,http://localhost/api/cicd/status/40665,0,6.04,"HTTPConnectionPool(host='localhost', port=80): Max retries exceeded with url: /api/cicd/status/40665 (Caused by NewConnectionError(""HTTPConnection(host='localhost', port=80): Failed to establish a new connection: [Errno 111] Connection refused""))"
2026-09-09T20:52:45.480498,1786374210148,GET,http://localhost/api/cicd/status/40665,0,9.41,"HTTPConnectionPool(host='localhost', port=80): Max retries exceeded with url: /api/cicd/status/40665 (Caused by NewConnectionError(""HTTPConnection(host='localhost', port=80): Failed to establish a new connection: [Errno 111] Connection refused""))"
2026-09-09T20:52:45.590898,1786373852673,POST,http://localhost/api/cicd/execute,0,4.5,"HTTPConnectionPool(host='localhost', port=80): Max retries exceeded with url: /api/cicd/execute (Caused by NewConnectionError(""HTTPConnection(host='localhost', port=80): Failed to establish a new connection: [Errno 111] Connection refused""))"
2026-09-09T20:52:45.591260,1786374210148,GET,http://localhost/api/cicd/status/40665,0,9.52,"HTTPConnectionPool(host='localhost', port=80): Max retries exceeded with url: /api/cicd/status/40665 (Caused by NewConnectionError(""HTTPConnection(host='localhost', port=80): Failed to establish a new connection: [Errno 111] Connection refused""))"
2026-09-09T20:52:45.591649,1786373852673,POST,http://localhost/api/cicd/execute,0,3.74,"HTTPConnectionPool(host='localhost', port=80): Max retries exceeded with url: /api/cicd/execute (Caused by NewConnectionError(""HTTPConnection(host='localhost', port=80): Failed to establish a new connection: [Errno 111] Connection refused""))"
2026-09-09T20:52:45.592018,1786374210148,GET,http://localhost/api/cicd/status/40665,0,14.96,"HTTPConnectionPool(host='localhost', port=80): Max retries exceeded with url: /api/cicd/status/40665 (Caused by NewConnectionError(""HTTPConnection(host='localhost', port=80): Failed to establish a new connection: [Errno 111] Connection refused""))"
2026-09-09T20:52:45.592475,1786373852673,POST,http://localhost/api/cicd/execute,0,8.46,"HTTPConnectionPool(host='localhost', port=80): Max retries exceeded with url: /api/cicd/execute (Caused by NewConnectionError(""HTTPConnection(host='localhost', port=80): Failed to establish a new connection: [Errno 111] Connection refused""))"
2026-09-09T20:52:45.592801,1786373852673,POST,http://localhost/api/cicd/execute,0,12.28,"HTTPConnectionPool(host='localhost', port=80): Max retries exceeded with url: /api/cicd/execute (Caused by NewConnectionError(""HTTPConnection(host='localhost', port=80): Failed to establish a new connection: [Errno 111] Connection refused""))"
2026-09-09T20:52:45.593621,1786374210148,GET,http://localhost/api/cicd/status/40665,0,14.2,"HTTPConnectionPool(host='localhost', port=80): Max retries exceeded with url: /api/cicd/status/40665 (Caused by NewConnectionError(""HTTPConnection(host='localhost', port=80): Failed to establish a new connection: [Errno 111] Connection refused""))"
2026-09-09T20:52:45.594093,1786374210148,GET,http://localhost/api/cicd/status/40665,0,15.79,"HTTPConnectionPool(host='localhost', port=80): Max retries exceeded with url: /api/cicd/status/40665 (Caused by NewConnectionError(""HTTPConnection(host='localhost', port=80): Failed to establish a new connection: [Errno 111] Connection refused""))"
2026-09-09T20:52:45.594379,1786373852673,POST,http://localhost/api/cicd/execute,0,9.1,"HTTPConnectionPool(host='localhost', port=80): Max retries exceeded with url: /api/cicd/execute (Caused by NewConnectionError(""HTTPConnection(host='localhost', port=80): Failed to establish a new connection: [Errno 111] Connection refused""))"
2026-09-09T20:52:45.594719,1786373852673,POST,http://localhost/api/cicd/execute,0,11.81,"HTTPConnectionPool(host='localhost', port=80): Max retries exceeded with url: /api/cicd/execute (Caused by NewConnectionError(""HTTPConnection(host='localhost', port=80): Failed to establish a new connection: [Errno 111] Connection refused""))"
2026-09-09T20:52:45.705208,1786374210148,GET,http://localhost/api/cicd/status/40665,0,14.09,"HTTPConnectionPool(host='localhost', port=80): Max retries exceeded with url: /api/cicd/status/40665 (Caused by NewConnectionError(""HTTPConnection(host='localhost', port=80): Failed to establish a new connection: [Errno 111] Connection refused""))"
2026-09-09T20:52:45.706198,1786373852673,POST,http://localhost/api/cicd/execute,0,10.12,"HTTPConnectionPool(host='localhost', port=80): Max retries exceeded with url: /api/cicd/execute (Caused by NewConnectionError(""HTTPConnection(host='localhost', port=80): Failed to establish a new connection: [Errno 111] Connection refused""))"
2026-09-09T20:52:45.706537,1786374210148,GET,http://localhost/api/cicd/status/40665,0,12.8,"HTTPConnectionPool(host='localhost', port=80): Max retries exceeded with url: /api/cicd/status/40665 (Caused by NewConnectionError(""HTTPConnection(host='localhost', port=80): Failed to establish a new connection: [Errno 111] Connection refused""))"
2026-09-09T20:52:45.706853,1786374210148,GET,http://localhost/api/cicd/status/40665,0,14.2,"HTTPConnectionPool(host='localhost', port=80): Max retries exceeded with url: /api/cicd/status/40665 (Caused by NewConnectionError(""HTTPConnection(host='localhost', port=80): Failed to establish a new connection: [Errno 111] Connection refused""))"
2026-09-09T20:52:45.707111,1786374210148,GET,http://localhost/api/cicd/status/40665,0,8.43,"HTTPConnectionPool(host='localhost', port=80): Max retries exceeded with url: /api/cicd/status/40665 (Caused by NewConnectionError(""HTTPConnection(host='localhost', port=80): Failed to establish a new connection: [Errno 111] Connection refused""))"
2026-09-09T20:52:45.707756,1786373852673,POST,http://localhost/api/cicd/execute,0,10.22,"HTTPConnectionPool(host='localhost', port=80): Max retries exceeded with url: /api/cicd/execute (Caused by NewConnectionError(""HTTPConnection(host='localhost', port=80): Failed to establish a new connection: [Errno 111] Connection refused""))"
2026-09-09T20:52:45.708139,1786374210148,GET,http://localhost/api/cicd/status/40665,0,6.86,"HTTPConnectionPool(host='localhost', port=80): Max retries exceeded with url: /api/cicd/status/40665 (Caused by NewConnectionError(""HTTPConnection(host='localhost', port=80): Failed to establish a new connection: [Errno 111] Connection refused""))"
2026-09-09T20:52:45.708503,1786374210148,GET,http://localhost/api/cicd/status/40665,0,5.58,"HTTPConnectionPool(host='localhost', port=80): Max retries exceeded with url: /api/cicd/status/40665 (Caused by NewConnectionError(""HTTPConnection(host='localhost', port=80): Failed to establish a new connection: [Errno 111] Connection refused""))"
2026-09-09T20:52:45.708871,1786373852673,POST,http://localhost/api/cicd/execute,0,9.1,"HTTPConnectionPool(host='localhost', port=80): Max retries exceeded with url: /api/cicd/execute (Caused by NewConnectionError(""HTTPConnection(host='localhost', port=80): Failed to establish a new connection: [Errno 111] Connection refused""))"
2026-09-09T20:52:45.709187,1786373852673,POST,http://localhost/api/cicd/execute,0,14.33,"HTTPConnectionPool(host='localhost', port=80): Max retries exceeded with url: /api/cicd/execute (Caused by NewConnectionError(""HTTPConnection(host='localhost', port=80): Failed to establish a new connection: [Errno 111] Connection refused""))"
2026-09-09T20:52:45.819933,1786373852673,POST,http://localhost/api/cicd/execute,0,6.49,"HTTPConnectionPool(host='localhost', port=80): Max retries exceeded with url: /api/cicd/execute (Caused by NewConnectionError(""HTTPConnection(host='localhost', port=80): Failed to establish a new connection: [Errno 111] Connection refused""))"
2026-09-09T20:52:45.820253,1786373852673,POST,http://localhost/api/cicd/execute,0,10.98,"HTTPConnectionPool(host='localhost', port=80): Max retries exceeded with url: /api/cicd/execute (Caused by NewConnectionError(""HTTPConnection(host='localhost', port=80): Failed to establish a new connection: [Errno 111] Connection refused""))"
2026-09-09T20:52:45.820670,1786374210148,GET,http://localhost/api/cicd/status/40665,0,4.65,"HTTPConnectionPool(host='localhost', port=80): Max retries exceeded with url: /api/cicd/status/40665 (Caused by NewConnectionError(""HTTPConnection(host='localhost', port=80): Failed to establish a new connection: [Errno 111] Connection refused""))"
2026-09-09T20:52:45.821375,1786374210148,GET,http://localhost/api/cicd/status/40665,0,14.41,"HTTPConnectionPool(host='localhost', port=80): Max retries exceeded with url: /api/cicd/status/40665 (Caused by NewConnectionError(""HTTPConnection(host='localhost', port=80): Failed to establish a new connection: [Errno 111] Connection refused""))"
2026-09-09T20:52:45.821871,1786373852673,POST,http://localhost/api/cicd/execute,0,13.79,"HTTPConnectionPool(host='localhost', port=80): Max retries exceeded with url: /api/cicd/execute (Caused by NewConnectionError(""HTTPConnection(host='localhost', port=80): Failed to establish a new connection: [Errno 111] Connection refused""))"
2026-09-09T20:52:45.822093,1786373852673,POST,http://localhost/api/cicd/execute,0,7.32,"HTTPConnectionPool(host='localhost', port=80): Max retries exceeded with url: /api/cicd/execute (Caused by NewConnectionError(""HTTPConnection(host='localhost', port=80): Failed to establish a new connection: [Errno 111] Connection refused""))"
2026-09-09T20:52:45.822316,1786374210148,GET,http://localhost/api/cicd/status/40665,0,9.96,"HTTPConnectionPool(host='localhost', port=80): Max retries exceeded with url: /api/cicd/status/40665 (Caused by NewConnectionError(""HTTPConnection(host='localhost', port=80): Failed to establish a new connection: [Errno 111] Connection refused""))"
2026-09-09T20:52:45.822548,1786373852673,POST,http://localhost/api/cicd/execute,0,11.32,"HTTPConnectionPool(host='localhost', port=80): Max retries exceeded with url: /api/cicd/execute (Caused by NewConnectionError(""HTTPConnection(host='localhost', port=80): Failed to establish a new connection: [Errno 111] Connection refused""))"
2026-09-09T20:52:45.822839,1786373852673,POST,http://localhost/api/cicd/execute,0,17.41,"HTTPConnectionPool(host='localhost', port=80): Max retries exceeded with url: /api/cicd/execute (Caused by NewConnectionError(""HTTPConnection(host='localhost', port=80): Failed to establish a new connection: [Errno 111] Connection refused""))"
2026-09-09T20:52:45.823360,1786374210148,GET,http://localhost/api/cicd/status/40665,0,6.26,"HTTPConnectionPool(host='localhost', port=80): Max retries exceeded with url: /api/cicd/status/40665 (Caused by NewConnectionError(""HTTPConnection(host='localhost', port=80): Failed to establish a new connection: [Errno 111] Connection refused""))"
2026-09-09T20:52:45.933075,1786374210148,GET,http://localhost/api/cicd/status/40665,0,11.56,"HTTPConnectionPool(host='localhost', port=80): Max retries exceeded with url: /api/cicd/status/40665 (Caused by NewConnectionError(""HTTPConnection(host='localhost', port=80): Failed to establish a new connection: [Errno 111] Connection refused""))"
2026-09-09T20:52:45.933783,1786374210148,GET,http://localhost/api/cicd/status/40665,0,5.68,"HTTPConnectionPool(host='localhost', port=80): Max retries exceeded with url: /api/cicd/status/40665 (Caused by NewConnectionError(""HTTPConnection(host='localhost', port=80): Failed to establish a new connection: [Errno 111] Connection refused""))"
2026-09-09T20:52:45.934439,1786373852673,POST,http://localhost/api/cicd/execute,0,5.55,"HTTPConnectionPool(host='localhost', port=80): Max retries exceeded with url: /api/cicd/execute (Caused by NewConnectionError(""HTTPConnection(host='localhost', port=80): Failed to establish a new connection: [Errno 111] Connection refused""))"
2026-09-09T20:52:45.935220,1786374210148,GET,http://localhost/api/cicd/status/40665,0,8.1,"HTTPConnectionPool(host='localhost', port=80): Max retries exceeded with url: /api/cicd/status/40665 (Caused by NewConnectionError(""HTTPConnection(host='localhost', port=80): Failed to establish a new connection: [Errno 111] Connection refused""))"
2026-09-09T20:52:45.935510,1786373852673,POST,http://localhost/api/cicd/execute,0,12.92,"HTTPConnectionPool(host='localhost', port=80): Max retries exceeded with url: /api/cicd/execute (Caused by NewConnectionError(""HTTPConnection(host='localhost', port=80): Failed to establish a new connection: [Errno 111] Connection refused""))"
2026-09-09T20:52:45.936065,1786374210148,GET,http://localhost/api/cicd/status/40665,0,11.21,"HTTPConnectionPool(host='localhost', port=80): Max retries exceeded with url: /api/cicd/status/40665 (Caused by NewConnectionError(""HTTPConnection(host='localhost', port=80): Failed to establish a new connection: [Errno 111] Connection refused""))"
2026-09-09T20:52:45.936269,1786373852673,POST,http://localhost/api/cicd/execute,0,6.09,"HTTPConnectionPool(host='localhost', port=80): Max retries exceeded with url: /api/cicd/execute (Caused by NewConnectionError(""HTTPConnection(host='localhost', port=80): Failed to establish a new connection: [Errno 111] Connection refused""))"
2026-09-09T20:52:45.936460,1786374210148,GET,http://localhost/api/cicd/status/40665,0,16.3,"HTTPConnectionPool(host='localhost', port=80): Max retries exceeded with url: /api/cicd/status/40665 (Caused by NewConnectionError(""HTTPConnection(host='localhost', port=80): Failed to establish a new connection: [Errno 111] Connection refused""))"
2026-09-09T20:52:45.936705,1786373852673,POST,http://localhost/api/cicd/execute,0,13.0,"HTTPConnectionPool(host='localhost', port=80): Max retries exceeded with url: /api/cicd/execute (Caused by NewConnectionError(""HTTPConnection(host='localhost', port=80): Failed to establish a new connection: [Errno 111] Connection refused""))"
2026-09-09T20:52:45.936986,1786374210148,GET,http://localhost/api/cicd/status/40665,0,11.06,"HTTPConnectionPool(host='localhost', port=80): Max retries exceeded with url: /api/cicd/status/40665 (Caused by NewConnectionError(""HTTPConnection(host='localhost', port=80): Failed to establish a new connection: [Errno 111] Connection refused""))"
2026-09-09T20:52:46.045750,1786373852673,POST,http://localhost/api/cicd/execute,0,11.11,"HTTPConnectionPool(host='localhost', port=80): Max retries exceeded with url: /api/cicd/execute (Caused by NewConnectionError(""HTTPConnection(host='localhost', port=80): Failed to establish a new connection: [Errno 111] Connection refused""))"
2026-09-09T20:52:46.046484,1786373852673,POST,http://localhost/api/cicd/execute,0,7.79,"HTTPConnectionPool(host='localhost', port=80): Max retries exceeded with url: /api/cicd/execute (Caused by NewConnectionError(""HTTPConnection(host='localhost', port=80): Failed to establish a new connection: [Errno 111] Connection refused""))"
2026-09-09T20:52:46.047060,1786373852673,POST,http://localhost/api/cicd/execute,0,3.48,"HTTPConnectionPool(host='localhost', port=80): Max retries exceeded with url: /api/cicd/execute (Caused by NewConnectionError(""HTTPConnection(host='localhost', port=80): Failed to establish a new connection: [Errno 111] Connection refused""))"
2026-09-09T20:52:46.047420,1786373852673,POST,http://localhost/api/cicd/execute,0,7.63,"HTTPConnectionPool(host='localhost', port=80): Max retries exceeded with url: /api/cicd/execute (Caused by NewConnectionError(""HTTPConnection(host='localhost', port=80): Failed to establish a new connection: [Errno 111] Connection refused""))"
2026-09-09T20:52:46.048469,1786374210148,GET,http://localhost/api/cicd/status/40665,0,7.47,"HTTPConnectionPool(host='localhost', port=80): Max retries exceeded with url: /api/cicd/status/40665 (Caused by NewConnectionError(""HTTPConnection(host='localhost', port=80): Failed to establish a new connection: [Errno 111] Connection refused""))"
2026-09-09T20:52:46.048719,1786374210148,GET,http://localhost/api/cicd/status/40665,0,12.28,"HTTPConnectionPool(host='localhost', port=80): Max retries exceeded with url: /api/cicd/status/40665 (Caused by NewConnectionError(""HTTPConnection(host='localhost', port=80): Failed to establish a new connection: [Errno 111] Connection refused""))"
2026-09-09T20:52:46.048957,1786373852673,POST,http://localhost/api/cicd/execute,0,11.45,"HTTPConnectionPool(host='localhost', port=80): Max retries exceeded with url: /api/cicd/execute (Caused by NewConnectionError(""HTTPConnection(host='localhost', port=80): Failed to establish a new connection: [Errno 111] Connection refused""))"
2026-09-09T20:52:46.049243,1786374210148,GET,http://localhost/api/cicd/status/40665,0,13.81,"HTTPConnectionPool(host='localhost', port=80): Max retries exceeded with url: /api/cicd/status/40665 (Caused by NewConnectionError(""HTTPConnection(host='localhost', port=80): Failed to establish a new connection: [Errno 111] Connection refused""))"
2026-09-09T20:52:46.049463,1786374210148,GET,http://localhost/api/cicd/status/40665,0,7.42,"HTTPConnectionPool(host='localhost', port=80): Max retries exceeded with url: /api/cicd/status/40665 (Caused by NewConnectionError(""HTTPConnection(host='localhost', port=80): Failed to establish a new connection: [Errno 111] Connection refused""))"
2026-09-09T20:52:46.049672,1786373852673,POST,http://localhost/api/cicd/execute,0,16.38,"HTTPConnectionPool(host='localhost', port=80): Max retries exceeded with url: /api/cicd/execute (Caused by NewConnectionError(""HTTPConnection(host='localhost', port=80): Failed to establish a new connection: [Errno 111] Connection refused""))"
2026-09-09T20:52:46.158296,1786374210148,GET,http://localhost/api/cicd/status/40665,0,10.11,"HTTPConnectionPool(host='localhost', port=80): Max retries exceeded with url: /api/cicd/status/40665 (Caused by NewConnectionError(""HTTPConnection(host='localhost', port=80): Failed to establish a new connection: [Errno 111] Connection refused""))"
2026-09-09T20:52:46.159491,1786374210148,GET,http://localhost/api/cicd/status/40665,0,13.58,"HTTPConnectionPool(host='localhost', port=80): Max retries exceeded with url: /api/cicd/status/40665 (Caused by NewConnectionError(""HTTPConnection(host='localhost', port=80): Failed to establish a new connection: [Errno 111] Connection refused""))"
2026-09-09T20:52:46.159897,1786374210148,GET,http://localhost/api/cicd/status/40665,0,3.99,"HTTPConnectionPool(host='localhost', port=80): Max retries exceeded with url: /api/cicd/status/40665 (Caused by NewConnectionError(""HTTPConnection(host='localhost', port=80): Failed to establish a new connection: [Errno 111] Connection refused""))"
2026-09-09T20:52:46.160519,1786373852673,POST,http://localhost/api/cicd/execute,0,8.01,"HTTPConnectionPool(host='localhost', port=80): Max retries exceeded with url: /api/cicd/execute (Caused by NewConnectionError(""HTTPConnection(host='localhost', port=80): Failed to establish a new connection: [Errno 111] Connection refused""))"
2026-09-09T20:52:46.160850,1786374210148,GET,http://localhost/api/cicd/status/40665,0,10.65,"HTTPConnectionPool(host='localhost', port=80): Max retries exceeded with url: /api/cicd/status/40665 (Caused by NewConnectionError(""HTTPConnection(host='localhost', port=80): Failed to establish a new connection: [Errno 111] Connection refused""))"
2026-09-09T20:52:46.161100,1786374210148,GET,http://localhost/api/cicd/status/40665,0,11.97,"HTTPConnectionPool(host='localhost', port=80): Max retries exceeded with url: /api/cicd/status/40665 (Caused by NewConnectionError(""HTTPConnection(host='localhost', port=80): Failed to establish a new connection: [Errno 111] Connection refused""))"
2026-09-09T20:52:46.161391,1786373852673,POST,http://localhost/api/cicd/execute,0,10.03,"HTTPConnectionPool(host='localhost', port=80): Max retries exceeded with url: /api/cicd/execute (Caused by NewConnectionError(""HTTPConnection(host='localhost', port=80): Failed to establish a new connection: [Errno 111] Connection refused""))"
2026-09-09T20:52:46.161704,1786373852673,POST,http://localhost/api/cicd/execute,0,7.96,"HTTPConnectionPool(host='localhost', port=80): Max retries exceeded with url: /api/cicd/execute (Caused by NewConnectionError(""HTTPConnection(host='localhost', port=80): Failed to establish a new connection: [Errno 111] Connection refused""))"
2026-09-09T20:52:46.162031,1786373852673,POST,http://localhost/api/cicd/execute,0,7.2,"HTTPConnectionPool(host='localhost', port=80): Max retries exceeded with url: /api/cicd/execute (Caused by NewConnectionError(""HTTPConnection(host='localhost', port=80): Failed to establish a new connection: [Errno 111] Connection refused""))"
2026-09-09T20:52:46.162305,1786374210148,GET,http://localhost/api/cicd/status/40665,0,15.21,"HTTPConnectionPool(host='localhost', port=80): Max retries exceeded with url: /api/cicd/status/40665 (Caused by NewConnectionError(""HTTPConnection(host='localhost', port=80): Failed to establish a new connection: [Errno 111] Connection refused""))"
2026-09-09T20:52:46.272706,1786373852673,POST,http://localhost/api/cicd/execute,0,2.54,"HTTPConnectionPool(host='localhost', port=80): Max retries exceeded with url: /api/cicd/execute (Caused by NewConnectionError(""HTTPConnection(host='localhost', port=80): Failed to establish a new connection: [Errno 111] Connection refused""))"
2026-09-09T20:52:46.273577,1786374210148,GET,http://localhost/api/cicd/status/40665,0,7.07,"HTTPConnectionPool(host='localhost', port=80): Max retries exceeded with url: /api/cicd/status/40665 (Caused by NewConnectionError(""HTTPConnection(host='localhost', port=80): Failed to establish a new connection: [Errno 111] Connection refused""))"
2026-09-09T20:52:46.273823,1786373852673,POST,http://localhost/api/cicd/execute,0,15.31,"HTTPConnectionPool(host='localhost', port=80): Max retries exceeded with url: /api/cicd/execute (Caused by NewConnectionError(""HTTPConnection(host='localhost', port=80): Failed to establish a new connection: [Errno 111] Connection refused""))"
2026-09-09T20:52:46.274113,1786373852673,POST,http://localhost/api/cicd/execute,0,9.73,"HTTPConnectionPool(host='localhost', port=80): Max retries exceeded with url: /api/cicd/execute (Caused by NewConnectionError(""HTTPConnection(host='localhost', port=80): Failed to establish a new connection: [Errno 111] Connection refused""))"
2026-09-09T20:52:46.274417,1786373852673,POST,http://localhost/api/cicd/execute,0,6.56,"HTTPConnectionPool(host='localhost', port=80): Max retries exceeded with url: /api/cicd/execute (Caused by NewConnectionError(""HTTPConnection(host='localhost', port=80): Failed to establish a new connection: [Errno 111] Connection refused""))"
2026-09-09T20:52:46.274792,1786374210148,GET,http://localhost/api/cicd/status/40665,0,11.46,"HTTPConnectionPool(host='localhost', port=80): Max retries exceeded with url: /api/cicd/status/40665 (Caused by NewConnectionError(""HTTPConnection(host='localhost', port=80): Failed to establish a new connection: [Errno 111] Connection refused""))"
2026-09-09T20:52:46.275036,1786373852673,POST,http://localhost/api/cicd/execute,0,5.97,"HTTPConnectionPool(host='localhost', port=80): Max retries exceeded with url: /api/cicd/execute (Caused by NewConnectionError(""HTTPConnection(host='localhost', port=80): Failed to establish a new connection: [Errno 111] Connection refused""))"
2026-09-09T20:52:46.275365,1786374210148,GET,http://localhost/api/cicd/status/40665,0,13.16,"HTTPConnectionPool(host='localhost', port=80): Max retries exceeded with url: /api/cicd/status/40665 (Caused by NewConnectionError(""HTTPConnection(host='localhost', port=80): Failed to establish a new connection: [Errno 111] Connection refused""))"
2026-09-09T20:52:46.275612,1786374210148,GET,http://localhost/api/cicd/status/40665,0,10.18,"HTTPConnectionPool(host='localhost', port=80): Max retries exceeded with url: /api/cicd/status/40665 (Caused by NewConnectionError(""HTTPConnection(host='localhost', port=80): Failed to establish a new connection: [Errno 111] Connection refused""))"
2026-09-09T20:52:46.275874,1786373852673,POST,http://localhost/api/cicd/execute,0,15.99,"HTTPConnectionPool(host='localhost', port=80): Max retries exceeded with url: /api/cicd/execute (Caused by NewConnectionError(""HTTPConnection(host='localhost', port=80): Failed to establish a new connection: [Errno 111] Connection refused""))"
2026-09-09T20:52:46.386528,1786373852673,POST,http://localhost/api/cicd/execute,0,10.07,"HTTPConnectionPool(host='localhost', port=80): Max retries exceeded with url: /api/cicd/execute (Caused by NewConnectionError(""HTTPConnection(host='localhost', port=80): Failed to establish a new connection: [Errno 111] Connection refused""))"
2026-09-09T20:52:46.387219,1786374210148,GET,http://localhost/api/cicd/status/40665,0,11.86,"HTTPConnectionPool(host='localhost', port=80): Max retries exceeded with url: /api/cicd/status/40665 (Caused by NewConnectionError(""HTTPConnection(host='localhost', port=80): Failed to establish a new connection: [Errno 111] Connection refused""))"
2026-09-09T20:52:46.387555,1786374210148,GET,http://localhost/api/cicd/status/40665,0,14.64,"HTTPConnectionPool(host='localhost', port=80): Max retries exceeded with url: /api/cicd/status/40665 (Caused by NewConnectionError(""HTTPConnection(host='localhost', port=80): Failed to establish a new connection: [Errno 111] Connection refused""))"
2026-09-09T20:52:46.387907,1786374210148,GET,http://localhost/api/cicd/status/40665,0,10.34,"HTTPConnectionPool(host='localhost', port=80): Max retries exceeded with url: /api/cicd/status/40665 (Caused by NewConnectionError(""HTTPConnection(host='localhost', port=80): Failed to establish a new connection: [Errno 111] Connection refused""))"
2026-09-09T20:52:46.388361,1786374210148,GET,http://localhost/api/cicd/status/40665,0,8.67,"HTTPConnectionPool(host='localhost', port=80): Max retries exceeded with url: /api/cicd/status/40665 (Caused by NewConnectionError(""HTTPConnection(host='localhost', port=80): Failed to establish a new connection: [Errno 111] Connection refused""))"
2026-09-09T20:52:46.388592,1786373852673,POST,http://localhost/api/cicd/execute,0,5.32,"HTTPConnectionPool(host='localhost', port=80): Max retries exceeded with url: /api/cicd/execute (Caused by NewConnectionError(""HTTPConnection(host='localhost', port=80): Failed to establish a new connection: [Errno 111] Connection refused""))"
2026-09-09T20:52:46.388924,1786374210148,GET,http://localhost/api/cicd/status/40665,0,14.62,"HTTPConnectionPool(host='localhost', port=80): Max retries exceeded with url: /api/cicd/status/40665 (Caused by NewConnectionError(""HTTPConnection(host='localhost', port=80): Failed to establish a new connection: [Errno 111] Connection refused""))"
2026-09-09T20:52:46.389216,1786373852673,POST,http://localhost/api/cicd/execute,0,10.61,"HTTPConnectionPool(host='localhost', port=80): Max retries exceeded with url: /api/cicd/execute (Caused by NewConnectionError(""HTTPConnection(host='localhost', port=80): Failed to establish a new connection: [Errno 111] Connection refused""))"
2026-09-09T20:52:46.389482,1786374210148,GET,http://localhost/api/cicd/status/40665,0,4.93,"HTTPConnectionPool(host='localhost', port=80): Max retries exceeded with url: /api/cicd/status/40665 (Caused by NewConnectionError(""HTTPConnection(host='localhost', port=80): Failed to establish a new connection: [Errno 111] Connection refused""))"
2026-09-09T20:52:46.389739,1786373852673,POST,http://localhost/api/cicd/execute,0,7.71,"HTTPConnectionPool(host='localhost', port=80): Max retries exceeded with url: /api/cicd/execute (Caused by NewConnectionError(""HTTPConnection(host='localhost', port=80): Failed to establish a new connection: [Errno 111] Connection refused""))"
2026-09-09T20:52:46.500814,1786373852673,POST,http://localhost/api/cicd/execute,0,11.63,"HTTPConnectionPool(host='localhost', port=80): Max retries exceeded with url: /api/cicd/execute (Caused by NewConnectionError(""HTTPConnection(host='localhost', port=80): Failed to establish a new connection: [Errno 111] Connection refused""))"
2026-09-09T20:52:46.501114,1786374210148,GET,http://localhost/api/cicd/status/40665,0,14.38,"HTTPConnectionPool(host='localhost', port=80): Max retries exceeded with url: /api/cicd/status/40665 (Caused by NewConnectionError(""HTTPConnection(host='localhost', port=80): Failed to establish a new connection: [Errno 111] Connection refused""))"
2026-09-09T20:52:46.501987,1786373852673,POST,http://localhost/api/cicd/execute,0,8.45,"HTTPConnectionPool(host='localhost', port=80): Max retries exceeded with url: /api/cicd/execute (Caused by NewConnectionError(""HTTPConnection(host='localhost', port=80): Failed to establish a new connection: [Errno 111] Connection refused""))"
2026-09-09T20:52:46.502283,1786373852673,POST,http://localhost/api/cicd/execute,0,12.02,"HTTPConnectionPool(host='localhost', port=80): Max retries exceeded with url: /api/cicd/execute (Caused by NewConnectionError(""HTTPConnection(host='localhost', port=80): Failed to establish a new connection: [Errno 111] Connection refused""))"
2026-09-09T20:52:46.502606,1786374210148,GET,http://localhost/api/cicd/status/40665,0,10.11,"HTTPConnectionPool(host='localhost', port=80): Max retries exceeded with url: /api/cicd/status/40665 (Caused by NewConnectionError(""HTTPConnection(host='localhost', port=80): Failed to establish a new connection: [Errno 111] Connection refused""))"
2026-09-09T20:52:46.502863,1786373852673,POST,http://localhost/api/cicd/execute,0,11.46,"HTTPConnectionPool(host='localhost', port=80): Max retries exceeded with url: /api/cicd/execute (Caused by NewConnectionError(""HTTPConnection(host='localhost', port=80): Failed to establish a new connection: [Errno 111] Connection refused""))"
2026-09-09T20:52:46.503110,1786374210148,GET,http://localhost/api/cicd/status/40665,0,5.25,"HTTPConnectionPool(host='localhost', port=80): Max retries exceeded with url: /api/cicd/status/40665 (Caused by NewConnectionError(""HTTPConnection(host='localhost', port=80): Failed to establish a new connection: [Errno 111] Connection refused""))"
2026-09-09T20:52:46.503446,1786373852673,POST,http://localhost/api/cicd/execute,0,15.37,"HTTPConnectionPool(host='localhost', port=80): Max retries exceeded with url: /api/cicd/execute (Caused by NewConnectionError(""HTTPConnection(host='localhost', port=80): Failed to establish a new connection: [Errno 111] Connection refused""))"
2026-09-09T20:52:46.503623,1786373852673,POST,http://localhost/api/cicd/execute,0,9.02,"HTTPConnectionPool(host='localhost', port=80): Max retries exceeded with url: /api/cicd/execute (Caused by NewConnectionError(""HTTPConnection(host='localhost', port=80): Failed to establish a new connection: [Errno 111] Connection refused""))"
2026-09-09T20:52:46.503917,1786374210148,GET,http://localhost/api/cicd/status/40665,0,7.4,"HTTPConnectionPool(host='localhost', port=80): Max retries exceeded with url: /api/cicd/status/40665 (Caused by NewConnectionError(""HTTPConnection(host='localhost', port=80): Failed to establish a new connection: [Errno 111] Connection refused""))"
2026-09-09T20:52:46.614184,1786373852673,POST,http://localhost/api/cicd/execute,0,5.22,"HTTPConnectionPool(host='localhost', port=80): Max retries exceeded with url: /api/cicd/execute (Caused by NewConnectionError(""HTTPConnection(host='localhost', port=80): Failed to establish a new connection: [Errno 111] Connection refused""))"
2026-09-09T20:52:46.614721,1786373852673,POST,http://localhost/api/cicd/execute,0,9.14,"HTTPConnectionPool(host='localhost', port=80): Max retries exceeded with url: /api/cicd/execute (Caused by NewConnectionError(""HTTPConnection(host='localhost', port=80): Failed to establish a new connection: [Errno 111] Connection refused""))"
2026-09-09T20:52:46.615070,1786374210148,GET,http://localhost/api/cicd/status/40665,0,5.03,"HTTPConnectionPool(host='localhost', port=80): Max retries exceeded with url: /api/cicd/status/40665 (Caused by NewConnectionError(""HTTPConnection(host='localhost', port=80): Failed to establish a new connection: [Errno 111] Connection refused""))"
2026-09-09T20:52:46.615456,1786374210148,GET,http://localhost/api/cicd/status/40665,0,7.5,"HTTPConnectionPool(host='localhost', port=80): Max retries exceeded with url: /api/cicd/status/40665 (Caused by NewConnectionError(""HTTPConnection(host='localhost', port=80): Failed to establish a new connection: [Errno 111] Connection refused""))"
2026-09-09T20:52:46.615784,1786374210148,GET,http://localhost/api/cicd/status/40665,0,14.77,"HTTPConnectionPool(host='localhost', port=80): Max retries exceeded with url: /api/cicd/status/40665 (Caused by NewConnectionError(""HTTPConnection(host='localhost', port=80): Failed to establish a new connection: [Errno 111] Connection refused""))"
2026-09-09T20:52:46.616036,1786373852673,POST,http://localhost/api/cicd/execute,0,13.69,"HTTPConnectionPool(host='localhost', port=80): Max retries exceeded with url: /api/cicd/execute (Caused by NewConnectionError(""HTTPConnection(host='localhost', port=80): Failed to establish a new connection: [Errno 111] Connection refused""))"
2026-09-09T20:52:46.616313,1786374210148,GET,http://localhost/api/cicd/status/40665,0,12.86,"HTTPConnectionPool(host='localhost', port=80): Max retries exceeded with url: /api/cicd/status/40665 (Caused by NewConnectionError(""HTTPConnection(host='localhost', port=80): Failed to establish a new connection: [Errno 111] Connection refused""))"
2026-09-09T20:52:46.616666,1786373852673,POST,http://localhost/api/cicd/execute,0,5.32,"HTTPConnectionPool(host='localhost', port=80): Max retries exceeded with url: /api/cicd/execute (Caused by NewConnectionError(""HTTPConnection(host='localhost', port=80): Failed to establish a new connection: [Errno 111] Connection refused""))"
2026-09-09T20:52:46.617402,1786374210148,GET,http://localhost/api/cicd/status/40665,0,12.96,"HTTPConnectionPool(host='localhost', port=80): Max retries exceeded with url: /api/cicd/status/40665 (Caused by NewConnectionError(""HTTPConnection(host='localhost', port=80): Failed to establish a new connection: [Errno 111] Connection refused""))"
2026-09-09T20:52:46.617644,1786374210148,GET,http://localhost/api/cicd/status/40665,0,10.91,"HTTPConnectionPool(host='localhost', port=80): Max retries exceeded with url: /api/cicd/status/40665 (Caused by NewConnectionError(""HTTPConnection(host='localhost', port=80): Failed to establish a new connection: [Errno 111] Connection refused""))"
2026-09-09T20:52:46.728151,1786373852673,POST,http://localhost/api/cicd/execute,0,6.69,"HTTPConnectionPool(host='localhost', port=80): Max retries exceeded with url: /api/cicd/execute (Caused by NewConnectionError(""HTTPConnection(host='localhost', port=80): Failed to establish a new connection: [Errno 111] Connection refused""))"
2026-09-09T20:52:46.728391,1786373852673,POST,http://localhost/api/cicd/execute,0,9.1,"HTTPConnectionPool(host='localhost', port=80): Max retries exceeded with url: /api/cicd/execute (Caused by NewConnectionError(""HTTPConnection(host='localhost', port=80): Failed to establish a new connection: [Errno 111] Connection refused""))"
2026-09-09T20:52:46.728634,1786374210148,GET,http://localhost/api/cicd/status/40665,0,4.74,"HTTPConnectionPool(host='localhost', port=80): Max retries exceeded with url: /api/cicd/status/40665 (Caused by NewConnectionError(""HTTPConnection(host='localhost', port=80): Failed to establish a new connection: [Errno 111] Connection refused""))"
2026-09-09T20:52:46.728838,1786374210148,GET,http://localhost/api/cicd/status/40665,0,14.45,"HTTPConnectionPool(host='localhost', port=80): Max retries exceeded with url: /api/cicd/status/40665 (Caused by NewConnectionError(""HTTPConnection(host='localhost', port=80): Failed to establish a new connection: [Errno 111] Connection refused""))"
2026-09-09T20:52:46.729053,1786373852673,POST,http://localhost/api/cicd/execute,0,12.12,"HTTPConnectionPool(host='localhost', port=80): Max retries exceeded with url: /api/cicd/execute (Caused by NewConnectionError(""HTTPConnection(host='localhost', port=80): Failed to establish a new connection: [Errno 111] Connection refused""))"
2026-09-09T20:52:46.729290,1786374210148,GET,http://localhost/api/cicd/status/40665,0,8.87,"HTTPConnectionPool(host='localhost', port=80): Max retries exceeded with url: /api/cicd/status/40665 (Caused by NewConnectionError(""HTTPConnection(host='localhost', port=80): Failed to establish a new connection: [Errno 111] Connection refused""))"
2026-09-09T20:52:46.729776,1786373852673,POST,http://localhost/api/cicd/execute,0,11.75,"HTTPConnectionPool(host='localhost', port=80): Max retries exceeded with url: /api/cicd/execute (Caused by NewConnectionError(""HTTPConnection(host='localhost', port=80): Failed to establish a new connection: [Errno 111] Connection refused""))"
2026-09-09T20:52:46.730146,1786373852673,POST,http://localhost/api/cicd/execute,0,7.58,"HTTPConnectionPool(host='localhost', port=80): Max retries exceeded with url: /api/cicd/execute (Caused by NewConnectionError(""HTTPConnection(host='localhost', port=80): Failed to establish a new connection: [Errno 111] Connection refused""))"
2026-09-09T20:52:46.730498,1786374210148,GET,http://localhost/api/cicd/status/40665,0,14.75,"HTTPConnectionPool(host='localhost', port=80): Max retries exceeded with url: /api/cicd/status/40665 (Caused by NewConnectionError(""HTTPConnection(host='localhost', port=80): Failed to establish a new connection: [Errno 111] Connection refused""))"
2026-09-09T20:52:46.730762,1786373852673,POST,http://localhost/api/cicd/execute,0,5.82,"HTTPConnectionPool(host='localhost', port=80): Max retries exceeded with url: /api/cicd/execute (Caused by NewConnectionError(""HTTPConnection(host='localhost', port=80): Failed to establish a new connection: [Errno 111] Connection refused""))"
2026-09-09T20:52:46.842248,1786374210148,GET,http://localhost/api/cicd/status/40665,0,5.0,"HTTPConnectionPool(host='localhost', port=80): Max retries exceeded with url: /api/cicd/status/40665 (Caused by NewConnectionError(""HTTPConnection(host='localhost', port=80): Failed to establish a new connection: [Errno 111] Connection refused""))"
2026-09-09T20:52:46.843284,1786373852673,POST,http://localhost/api/cicd/execute,0,12.62,"HTTPConnectionPool(host='localhost', port=80): Max retries exceeded with url: /api/cicd/execute (Caused by NewConnectionError(""HTTPConnection(host='localhost', port=80): Failed to establish a new connection: [Errno 111] Connection refused""))"
2026-09-09T20:52:46.843487,1786373852673,POST,http://localhost/api/cicd/execute,0,9.41,"HTTPConnectionPool(host='localhost', port=80): Max retries exceeded with url: /api/cicd/execute (Caused by NewConnectionError(""HTTPConnection(host='localhost', port=80): Failed to establish a new connection: [Errno 111] Connection refused""))"
2026-09-09T20:52:46.843767,1786374210148,GET,http://localhost/api/cicd/status/40665,0,10.76,"HTTPConnectionPool(host='localhost', port=80): Max retries exceeded with url: /api/cicd/status/40665 (Caused by NewConnectionError(""HTTPConnection(host='localhost', port=80): Failed to establish a new connection: [Errno 111] Connection refused""))"
2026-09-09T20:52:46.844015,1786374210148,GET,http://localhost/api/cicd/status/40665,0,14.46,"HTTPConnectionPool(host='localhost', port=80): Max retries exceeded with url: /api/cicd/status/40665 (Caused by NewConnectionError(""HTTPConnection(host='localhost', port=80): Failed to establish a new connection: [Errno 111] Connection refused""))"
2026-09-09T20:52:46.844542,1786374210148,GET,http://localhost/api/cicd/status/40665,0,16.19,"HTTPConnectionPool(host='localhost', port=80): Max retries exceeded with url: /api/cicd/status/40665 (Caused by NewConnectionError(""HTTPConnection(host='localhost', port=80): Failed to establish a new connection: [Errno 111] Connection refused""))"
2026-09-09T20:52:46.844949,1786374210148,GET,http://localhost/api/cicd/status/40665,0,6.48,"HTTPConnectionPool(host='localhost', port=80): Max retries exceeded with url: /api/cicd/status/40665 (Caused by NewConnectionError(""HTTPConnection(host='localhost', port=80): Failed to establish a new connection: [Errno 111] Connection refused""))"
2026-09-09T20:52:46.845285,1786373852673,POST,http://localhost/api/cicd/execute,0,13.53,"HTTPConnectionPool(host='localhost', port=80): Max retries exceeded with url: /api/cicd/execute (Caused by NewConnectionError(""HTTPConnection(host='localhost', port=80): Failed to establish a new connection: [Errno 111] Connection refused""))"
2026-09-09T20:52:46.845506,1786373852673,POST,http://localhost/api/cicd/execute,0,9.71,"HTTPConnectionPool(host='localhost', port=80): Max retries exceeded with url: /api/cicd/execute (Caused by NewConnectionError(""HTTPConnection(host='localhost', port=80): Failed to establish a new connection: [Errno 111] Connection refused""))"
2026-09-09T20:52:46.845868,1786374210148,GET,http://localhost/api/cicd/status/40665,0,5.3,"HTTPConnectionPool(host='localhost', port=80): Max retries exceeded with url: /api/cicd/status/40665 (Caused by NewConnectionError(""HTTPConnection(host='localhost', port=80): Failed to establish a new connection: [Errno 111] Connection refused""))"
2026-09-09T20:52:46.957685,1786373852673,POST,http://localhost/api/cicd/execute,0,15.24,"HTTPConnectionPool(host='localhost', port=80): Max retries exceeded with url: /api/cicd/execute (Caused by NewConnectionError(""HTTPConnection(host='localhost', port=80): Failed to establish a new connection: [Errno 111] Connection refused""))"
2026-09-09T20:52:46.958064,1786373852673,POST,http://localhost/api/cicd/execute,0,9.95,"HTTPConnectionPool(host='localhost', port=80): Max retries exceeded with url: /api/cicd/execute (Caused by NewConnectionError(""HTTPConnection(host='localhost', port=80): Failed to establish a new connection: [Errno 111] Connection refused""))"
2026-09-09T20:52:46.958484,1786373852673,POST,http://localhost/api/cicd/execute,0,12.82,"HTTPConnectionPool(host='localhost', port=80): Max retries exceeded with url: /api/cicd/execute (Caused by NewConnectionError(""HTTPConnection(host='localhost', port=80): Failed to establish a new connection: [Errno 111] Connection refused""))"
2026-09-09T20:52:46.958998,1786373852673,POST,http://localhost/api/cicd/execute,0,4.67,"HTTPConnectionPool(host='localhost', port=80): Max retries exceeded with url: /api/cicd/execute (Caused by NewConnectionError(""HTTPConnection(host='localhost', port=80): Failed to establish a new connection: [Errno 111] Connection refused""))"
2026-09-09T20:52:46.959200,1786374210148,GET,http://localhost/api/cicd/status/40665,0,9.98,"HTTPConnectionPool(host='localhost', port=80): Max retries exceeded with url: /api/cicd/status/40665 (Caused by NewConnectionError(""HTTPConnection(host='localhost', port=80): Failed to establish a new connection: [Errno 111] Connection refused""))"
2026-09-09T20:52:46.959674,1786374210148,GET,http://localhost/api/cicd/status/40665,0,7.71,"HTTPConnectionPool(host='localhost', port=80): Max retries exceeded with url: /api/cicd/status/40665 (Caused by NewConnectionError(""HTTPConnection(host='localhost', port=80): Failed to establish a new connection: [Errno 111] Connection refused""))"
2026-09-09T20:52:46.959948,1786374210148,GET,http://localhost/api/cicd/status/40665,0,6.75,"HTTPConnectionPool(host='localhost', port=80): Max retries exceeded with url: /api/cicd/status/40665 (Caused by NewConnectionError(""HTTPConnection(host='localhost', port=80): Failed to establish a new connection: [Errno 111] Connection refused""))"
2026-09-09T20:52:46.960345,1786374210148,GET,http://localhost/api/cicd/status/40665,0,16.08,"HTTPConnectionPool(host='localhost', port=80): Max retries exceeded with url: /api/cicd/status/40665 (Caused by NewConnectionError(""HTTPConnection(host='localhost', port=80): Failed to establish a new connection: [Errno 111] Connection refused""))"
2026-09-09T20:52:46.960590,1786373852673,POST,http://localhost/api/cicd/execute,0,9.88,"HTTPConnectionPool(host='localhost', port=80): Max retries exceeded with url: /api/cicd/execute (Caused by NewConnectionError(""HTTPConnection(host='localhost', port=80): Failed to establish a new connection: [Errno 111] Connection refused""))"
2026-09-09T20:52:46.960850,1786373852673,POST,http://localhost/api/cicd/execute,0,13.88,"HTTPConnectionPool(host='localhost', port=80): Max retries exceeded with url: /api/cicd/execute (Caused by NewConnectionError(""HTTPConnection(host='localhost', port=80): Failed to establish a new connection: [Errno 111] Connection refused""))"
2026-09-09T20:52:47.070327,1786374210148,GET,http://localhost/api/cicd/status/40665,0,11.14,"HTTPConnectionPool(host='localhost', port=80): Max retries exceeded with url: /api/cicd/status/40665 (Caused by NewConnectionError(""HTTPConnection(host='localhost', port=80): Failed to establish a new connection: [Errno 111] Connection refused""))"
2026-09-09T20:52:47.070730,1786374210148,GET,http://localhost/api/cicd/status/40665,0,12.87,"HTTPConnectionPool(host='localhost', port=80): Max retries exceeded with url: /api/cicd/status/40665 (Caused by NewConnectionError(""HTTPConnection(host='localhost', port=80): Failed to establish a new connection: [Errno 111] Connection refused""))"
2026-09-09T20:52:47.074807,1786374210148,GET,http://localhost/api/cicd/status/40665,0,14.56,"HTTPConnectionPool(host='localhost', port=80): Max retries exceeded with url: /api/cicd/status/40665 (Caused by NewConnectionError(""HTTPConnection(host='localhost', port=80): Failed to establish a new connection: [Errno 111] Connection refused""))"
2026-09-09T20:52:47.075196,1786374210148,GET,http://localhost/api/cicd/status/40665,0,13.89,"HTTPConnectionPool(host='localhost', port=80): Max retries exceeded with url: /api/cicd/status/40665 (Caused by NewConnectionError(""HTTPConnection(host='localhost', port=80): Failed to establish a new connection: [Errno 111] Connection refused""))"
2026-09-09T20:52:47.075514,1786373852673,POST,http://localhost/api/cicd/execute,0,13.18,"HTTPConnectionPool(host='localhost', port=80): Max retries exceeded with url: /api/cicd/execute (Caused by NewConnectionError(""HTTPConnection(host='localhost', port=80): Failed to establish a new connection: [Errno 111] Connection refused""))"
2026-09-09T20:52:47.075909,1786374210148,GET,http://localhost/api/cicd/status/40665,0,10.55,"HTTPConnectionPool(host='localhost', port=80): Max retries exceeded with url: /api/cicd/status/40665 (Caused by NewConnectionError(""HTTPConnection(host='localhost', port=80): Failed to establish a new connection: [Errno 111] Connection refused""))"
2026-09-09T20:52:47.076328,1786373852673,POST,http://localhost/api/cicd/execute,0,13.14,"HTTPConnectionPool(host='localhost', port=80): Max retries exceeded with url: /api/cicd/execute (Caused by NewConnectionError(""HTTPConnection(host='localhost', port=80): Failed to establish a new connection: [Errno 111] Connection refused""))"
2026-09-09T20:52:47.076703,1786373852673,POST,http://localhost/api/cicd/execute,0,8.55,"HTTPConnectionPool(host='localhost', port=80): Max retries exceeded with url: /api/cicd/execute (Caused by NewConnectionError(""HTTPConnection(host='localhost', port=80): Failed to establish a new connection: [Errno 111] Connection refused""))"
2026-09-09T20:52:47.077050,1786374210148,GET,http://localhost/api/cicd/status/40665,0,10.06,"HTTPConnectionPool(host='localhost', port=80): Max retries exceeded with url: /api/cicd/status/40665 (Caused by NewConnectionError(""HTTPConnection(host='localhost', port=80): Failed to establish a new connection: [Errno 111] Connection refused""))"
2026-09-09T20:52:47.077311,1786373852673,POST,http://localhost/api/cicd/execute,0,13.04,"HTTPConnectionPool(host='localhost', port=80): Max retries exceeded with url: /api/cicd/execute (Caused by NewConnectionError(""HTTPConnection(host='localhost', port=80): Failed to establish a new connection: [Errno 111] Connection refused""))"
2026-09-09T20:52:47.173504,1786373852673,POST,http://localhost/api/cicd/execute,0,2.98,"HTTPConnectionPool(host='localhost', port=80): Max retries exceeded with url: /api/cicd/execute (Caused by NewConnectionError(""HTTPConnection(host='localhost', port=80): Failed to establish a new connection: [Errno 111] Connection refused""))"
2026-09-09T20:52:47.173821,1786373852673,POST,http://localhost/api/cicd/execute,0,2.02,"HTTPConnectionPool(host='localhost', port=80): Max retries exceeded with url: /api/cicd/execute (Caused by NewConnectionError(""HTTPConnection(host='localhost', port=80): Failed to establish a new connection: [Errno 111] Connection refused""))"
2026-09-09T20:52:47.185205,1786373852673,POST,http://localhost/api/cicd/execute,0,6.84,"HTTPConnectionPool(host='localhost', port=80): Max retries exceeded with url: /api/cicd/execute (Caused by NewConnectionError(""HTTPConnection(host='localhost', port=80): Failed to establish a new connection: [Errno 111] Connection refused""))"
2026-09-09T20:52:47.185980,1786374210148,GET,http://localhost/api/cicd/status/40665,0,3.05,"HTTPConnectionPool(host='localhost', port=80): Max retries exceeded with url: /api/cicd/status/40665 (Caused by NewConnectionError(""HTTPConnection(host='localhost', port=80): Failed to establish a new connection: [Errno 111] Connection refused""))"
2026-09-09T20:52:47.186392,1786374210148,GET,http://localhost/api/cicd/status/40665,0,4.58,"HTTPConnectionPool(host='localhost', port=80): Max retries exceeded with url: /api/cicd/status/40665 (Caused by NewConnectionError(""HTTPConnection(host='localhost', port=80): Failed to establish a new connection: [Errno 111] Connection refused""))"
2026-09-09T20:52:47.186616,1786373852673,POST,http://localhost/api/cicd/execute,0,10.52,"HTTPConnectionPool(host='localhost', port=80): Max retries exceeded with url: /api/cicd/execute (Caused by NewConnectionError(""HTTPConnection(host='localhost', port=80): Failed to establish a new connection: [Errno 111] Connection refused""))"
2026-09-09T20:52:47.186850,1786373852673,POST,http://localhost/api/cicd/execute,0,9.61,"HTTPConnectionPool(host='localhost', port=80): Max retries exceeded with url: /api/cicd/execute (Caused by NewConnectionError(""HTTPConnection(host='localhost', port=80): Failed to establish a new connection: [Errno 111] Connection refused""))"
2026-09-09T20:52:47.187351,1786374210148,GET,http://localhost/api/cicd/status/40665,0,6.6,"HTTPConnectionPool(host='localhost', port=80): Max retries exceeded with url: /api/cicd/status/40665 (Caused by NewConnectionError(""HTTPConnection(host='localhost', port=80): Failed to establish a new connection: [Errno 111] Connection refused""))"
2026-09-09T20:52:47.188036,1786373852673,POST,http://localhost/api/cicd/execute,0,13.05,"HTTPConnectionPool(host='localhost', port=80): Max retries exceeded with url: /api/cicd/execute (Caused by NewConnectionError(""HTTPConnection(host='localhost', port=80): Failed to establish a new connection: [Errno 111] Connection refused""))"
2026-09-09T20:52:47.188389,1786374210148,GET,http://localhost/api/cicd/status/40665,0,8.85,"HTTPConnectionPool(host='localhost', port=80): Max retries exceeded with url: /api/cicd/status/40665 (Caused by NewConnectionError(""HTTPConnection(host='localhost', port=80): Failed to establish a new connection: [Errno 111] Connection refused""))"
2026-09-09T20:52:47.276463,1786374210148,GET,http://localhost/api/cicd/status/40665,0,2.78,"HTTPConnectionPool(host='localhost', port=80): Max retries exceeded with url: /api/cicd/status/40665 (Caused by NewConnectionError(""HTTPConnection(host='localhost', port=80): Failed to establish a new connection: [Errno 111] Connection refused""))"
2026-09-09T20:52:47.276698,1786374210148,GET,http://localhost/api/cicd/status/40665,0,1.88,"HTTPConnectionPool(host='localhost', port=80): Max retries exceeded with url: /api/cicd/status/40665 (Caused by NewConnectionError(""HTTPConnection(host='localhost', port=80): Failed to establish a new connection: [Errno 111] Connection refused""))"
2026-09-09T20:52:47.295957,1786374210148,GET,http://localhost/api/cicd/status/40665,0,7.31,"HTTPConnectionPool(host='localhost', port=80): Max retries exceeded with url: /api/cicd/status/40665 (Caused by NewConnectionError(""HTTPConnection(host='localhost', port=80): Failed to establish a new connection: [Errno 111] Connection refused""))"
2026-09-09T20:52:47.296368,1786373852673,POST,http://localhost/api/cicd/execute,0,9.99,"HTTPConnectionPool(host='localhost', port=80): Max retries exceeded with url: /api/cicd/execute (Caused by NewConnectionError(""HTTPConnection(host='localhost', port=80): Failed to establish a new connection: [Errno 111] Connection refused""))"
2026-09-09T20:52:47.296627,1786373852673,POST,http://localhost/api/cicd/execute,0,3.41,"HTTPConnectionPool(host='localhost', port=80): Max retries exceeded with url: /api/cicd/execute (Caused by NewConnectionError(""HTTPConnection(host='localhost', port=80): Failed to establish a new connection: [Errno 111] Connection refused""))"
2026-09-09T20:52:47.296851,1786374210148,GET,http://localhost/api/cicd/status/40665,0,11.51,"HTTPConnectionPool(host='localhost', port=80): Max retries exceeded with url: /api/cicd/status/40665 (Caused by NewConnectionError(""HTTPConnection(host='localhost', port=80): Failed to establish a new connection: [Errno 111] Connection refused""))"
2026-09-09T20:52:47.297101,1786373852673,POST,http://localhost/api/cicd/execute,0,9.58,"HTTPConnectionPool(host='localhost', port=80): Max retries exceeded with url: /api/cicd/execute (Caused by NewConnectionError(""HTTPConnection(host='localhost', port=80): Failed to establish a new connection: [Errno 111] Connection refused""))"
2026-09-09T20:52:47.297636,1786373852673,POST,http://localhost/api/cicd/execute,0,7.91,"HTTPConnectionPool(host='localhost', port=80): Max retries exceeded with url: /api/cicd/execute (Caused by NewConnectionError(""HTTPConnection(host='localhost', port=80): Failed to establish a new connection: [Errno 111] Connection refused""))"
2026-09-09T20:52:47.297989,1786374210148,GET,http://localhost/api/cicd/status/40665,0,5.94,"HTTPConnectionPool(host='localhost', port=80): Max retries exceeded with url: /api/cicd/status/40665 (Caused by NewConnectionError(""HTTPConnection(host='localhost', port=80): Failed to establish a new connection: [Errno 111] Connection refused""))"
2026-09-09T20:52:47.298399,1786374210148,GET,http://localhost/api/cicd/status/40665,0,7.44,"HTTPConnectionPool(host='localhost', port=80): Max retries exceeded with url: /api/cicd/status/40665 (Caused by NewConnectionError(""HTTPConnection(host='localhost', port=80): Failed to establish a new connection: [Errno 111] Connection refused""))"
2026-09-09T20:52:47.379590,1786373852673,POST,http://localhost/api/cicd/execute,0,2.94,"HTTPConnectionPool(host='localhost', port=80): Max retries exceeded with url: /api/cicd/execute (Caused by NewConnectionError(""HTTPConnection(host='localhost', port=80): Failed to establish a new connection: [Errno 111] Connection refused""))"
2026-09-09T20:52:47.379922,1786373852673,POST,http://localhost/api/cicd/execute,0,2.05,"HTTPConnectionPool(host='localhost', port=80): Max retries exceeded with url: /api/cicd/execute (Caused by NewConnectionError(""HTTPConnection(host='localhost', port=80): Failed to establish a new connection: [Errno 111] Connection refused""))"
2026-09-09T20:52:47.407149,1786373852673,POST,http://localhost/api/cicd/execute,0,11.0,"HTTPConnectionPool(host='localhost', port=80): Max retries exceeded with url: /api/cicd/execute (Caused by NewConnectionError(""HTTPConnection(host='localhost', port=80): Failed to establish a new connection: [Errno 111] Connection refused""))"
2026-09-09T20:52:47.407486,1786374210148,GET,http://localhost/api/cicd/status/40665,0,5.39,"HTTPConnectionPool(host='localhost', port=80): Max retries exceeded with url: /api/cicd/status/40665 (Caused by NewConnectionError(""HTTPConnection(host='localhost', port=80): Failed to establish a new connection: [Errno 111] Connection refused""))"
2026-09-09T20:52:47.407932,1786374210148,GET,http://localhost/api/cicd/status/40665,0,6.97,"HTTPConnectionPool(host='localhost', port=80): Max retries exceeded with url: /api/cicd/status/40665 (Caused by NewConnectionError(""HTTPConnection(host='localhost', port=80): Failed to establish a new connection: [Errno 111] Connection refused""))"
2026-09-09T20:52:47.408518,1786373852673,POST,http://localhost/api/cicd/execute,0,3.51,"HTTPConnectionPool(host='localhost', port=80): Max retries exceeded with url: /api/cicd/execute (Caused by NewConnectionError(""HTTPConnection(host='localhost', port=80): Failed to establish a new connection: [Errno 111] Connection refused""))"
2026-09-09T20:52:47.408897,1786373852673,POST,http://localhost/api/cicd/execute,0,5.31,"HTTPConnectionPool(host='localhost', port=80): Max retries exceeded with url: /api/cicd/execute (Caused by NewConnectionError(""HTTPConnection(host='localhost', port=80): Failed to establish a new connection: [Errno 111] Connection refused""))"
2026-09-09T20:52:47.409270,1786374210148,GET,http://localhost/api/cicd/status/40665,0,12.05,"HTTPConnectionPool(host='localhost', port=80): Max retries exceeded with url: /api/cicd/status/40665 (Caused by NewConnectionError(""HTTPConnection(host='localhost', port=80): Failed to establish a new connection: [Errno 111] Connection refused""))"
2026-09-09T20:52:47.409489,1786373852673,POST,http://localhost/api/cicd/execute,0,9.62,"HTTPConnectionPool(host='localhost', port=80): Max retries exceeded with url: /api/cicd/execute (Caused by NewConnectionError(""HTTPConnection(host='localhost', port=80): Failed to establish a new connection: [Errno 111] Connection refused""))"
2026-09-09T20:52:47.409713,1786374210148,GET,http://localhost/api/cicd/status/40665,0,10.93,"HTTPConnectionPool(host='localhost', port=80): Max retries exceeded with url: /api/cicd/status/40665 (Caused by NewConnectionError(""HTTPConnection(host='localhost', port=80): Failed to establish a new connection: [Errno 111] Connection refused""))"
2026-09-09T20:52:47.482475,1786374210148,GET,http://localhost/api/cicd/status/40665,0,2.7,"HTTPConnectionPool(host='localhost', port=80): Max retries exceeded with url: /api/cicd/status/40665 (Caused by NewConnectionError(""HTTPConnection(host='localhost', port=80): Failed to establish a new connection: [Errno 111] Connection refused""))"
2026-09-09T20:52:47.482902,1786374210148,GET,http://localhost/api/cicd/status/40665,0,2.0,"HTTPConnectionPool(host='localhost', port=80): Max retries exceeded with url: /api/cicd/status/40665 (Caused by NewConnectionError(""HTTPConnection(host='localhost', port=80): Failed to establish a new connection: [Errno 111] Connection refused""))"
2026-09-09T20:52:47.518777,1786373852673,POST,http://localhost/api/cicd/execute,0,10.41,"HTTPConnectionPool(host='localhost', port=80): Max retries exceeded with url: /api/cicd/execute (Caused by NewConnectionError(""HTTPConnection(host='localhost', port=80): Failed to establish a new connection: [Errno 111] Connection refused""))"
2026-09-09T20:52:47.519119,1786374210148,GET,http://localhost/api/cicd/status/40665,0,11.8,"HTTPConnectionPool(host='localhost', port=80): Max retries exceeded with url: /api/cicd/status/40665 (Caused by NewConnectionError(""HTTPConnection(host='localhost', port=80): Failed to establish a new connection: [Errno 111] Connection refused""))"
2026-09-09T20:52:47.519786,1786373852673,POST,http://localhost/api/cicd/execute,0,9.9,"HTTPConnectionPool(host='localhost', port=80): Max retries exceeded with url: /api/cicd/execute (Caused by NewConnectionError(""HTTPConnection(host='localhost', port=80): Failed to establish a new connection: [Errno 111] Connection refused""))"
2026-09-09T20:52:47.520177,1786374210148,GET,http://localhost/api/cicd/status/40665,0,7.96,"HTTPConnectionPool(host='localhost', port=80): Max retries exceeded with url: /api/cicd/status/40665 (Caused by NewConnectionError(""HTTPConnection(host='localhost', port=80): Failed to establish a new connection: [Errno 111] Connection refused""))"
2026-09-09T20:52:47.520537,1786374210148,GET,http://localhost/api/cicd/status/40665,0,9.44,"HTTPConnectionPool(host='localhost', port=80): Max retries exceeded with url: /api/cicd/status/40665 (Caused by NewConnectionError(""HTTPConnection(host='localhost', port=80): Failed to establish a new connection: [Errno 111] Connection refused""))"
2026-09-09T20:52:47.520864,1786373852673,POST,http://localhost/api/cicd/execute,0,7.59,"HTTPConnectionPool(host='localhost', port=80): Max retries exceeded with url: /api/cicd/execute (Caused by NewConnectionError(""HTTPConnection(host='localhost', port=80): Failed to establish a new connection: [Errno 111] Connection refused""))"
2026-09-09T20:52:47.521140,1786373852673,POST,http://localhost/api/cicd/execute,0,6.37,"HTTPConnectionPool(host='localhost', port=80): Max retries exceeded with url: /api/cicd/execute (Caused by NewConnectionError(""HTTPConnection(host='localhost', port=80): Failed to establish a new connection: [Errno 111] Connection refused""))"
2026-09-09T20:52:47.521407,1786374210148,GET,http://localhost/api/cicd/status/40665,0,5.34,"HTTPConnectionPool(host='localhost', port=80): Max retries exceeded with url: /api/cicd/status/40665 (Caused by NewConnectionError(""HTTPConnection(host='localhost', port=80): Failed to establish a new connection: [Errno 111] Connection refused""))"
2026-09-09T20:52:47.585563,1786373852673,POST,http://localhost/api/cicd/execute,0,2.91,"HTTPConnectionPool(host='localhost', port=80): Max retries exceeded with url: /api/cicd/execute (Caused by NewConnectionError(""HTTPConnection(host='localhost', port=80): Failed to establish a new connection: [Errno 111] Connection refused""))"
2026-09-09T20:52:47.585803,1786373852673,POST,http://localhost/api/cicd/execute,0,2.02,"HTTPConnectionPool(host='localhost', port=80): Max retries exceeded with url: /api/cicd/execute (Caused by NewConnectionError(""HTTPConnection(host='localhost', port=80): Failed to establish a new connection: [Errno 111] Connection refused""))"
2026-09-09T20:52:47.629490,1786374210148,GET,http://localhost/api/cicd/status/40665,0,10.54,"HTTPConnectionPool(host='localhost', port=80): Max retries exceeded with url: /api/cicd/status/40665 (Caused by NewConnectionError(""HTTPConnection(host='localhost', port=80): Failed to establish a new connection: [Errno 111] Connection refused""))"
2026-09-09T20:52:47.629928,1786373852673,POST,http://localhost/api/cicd/execute,0,9.82,"HTTPConnectionPool(host='localhost', port=80): Max retries exceeded with url: /api/cicd/execute (Caused by NewConnectionError(""HTTPConnection(host='localhost', port=80): Failed to establish a new connection: [Errno 111] Connection refused""))"
2026-09-09T20:52:47.630366,1786373852673,POST,http://localhost/api/cicd/execute,0,5.72,"HTTPConnectionPool(host='localhost', port=80): Max retries exceeded with url: /api/cicd/execute (Caused by NewConnectionError(""HTTPConnection(host='localhost', port=80): Failed to establish a new connection: [Errno 111] Connection refused""))"
2026-09-09T20:52:47.631078,1786374210148,GET,http://localhost/api/cicd/status/40665,0,9.81,"HTTPConnectionPool(host='localhost', port=80): Max retries exceeded with url: /api/cicd/status/40665 (Caused by NewConnectionError(""HTTPConnection(host='localhost', port=80): Failed to establish a new connection: [Errno 111] Connection refused""))"
2026-09-09T20:52:47.631994,1786373852673,POST,http://localhost/api/cicd/execute,0,9.55,"HTTPConnectionPool(host='localhost', port=80): Max retries exceeded with url: /api/cicd/execute (Caused by NewConnectionError(""HTTPConnection(host='localhost', port=80): Failed to establish a new connection: [Errno 111] Connection refused""))"
2026-09-09T20:52:47.632476,1786373852673,POST,http://localhost/api/cicd/execute,0,5.22,"HTTPConnectionPool(host='localhost', port=80): Max retries exceeded with url: /api/cicd/execute (Caused by NewConnectionError(""HTTPConnection(host='localhost', port=80): Failed to establish a new connection: [Errno 111] Connection refused""))"
2026-09-09T20:52:47.632716,1786374210148,GET,http://localhost/api/cicd/status/40665,0,9.17,"HTTPConnectionPool(host='localhost', port=80): Max retries exceeded with url: /api/cicd/status/40665 (Caused by NewConnectionError(""HTTPConnection(host='localhost', port=80): Failed to establish a new connection: [Errno 111] Connection refused""))"
2026-09-09T20:52:47.633047,1786374210148,GET,http://localhost/api/cicd/status/40665,0,7.21,"HTTPConnectionPool(host='localhost', port=80): Max retries exceeded with url: /api/cicd/status/40665 (Caused by NewConnectionError(""HTTPConnection(host='localhost', port=80): Failed to establish a new connection: [Errno 111] Connection refused""))"
2026-09-09T20:52:47.688439,1786374210148,GET,http://localhost/api/cicd/status/40665,0,2.7,"HTTPConnectionPool(host='localhost', port=80): Max retries exceeded with url: /api/cicd/status/40665 (Caused by NewConnectionError(""HTTPConnection(host='localhost', port=80): Failed to establish a new connection: [Errno 111] Connection refused""))"
2026-09-09T20:52:47.688869,1786374210148,GET,http://localhost/api/cicd/status/40665,0,2.01,"HTTPConnectionPool(host='localhost', port=80): Max retries exceeded with url: /api/cicd/status/40665 (Caused by NewConnectionError(""HTTPConnection(host='localhost', port=80): Failed to establish a new connection: [Errno 111] Connection refused""))"
2026-09-09T20:52:47.739898,1786373852673,POST,http://localhost/api/cicd/execute,0,10.23,"HTTPConnectionPool(host='localhost', port=80): Max retries exceeded with url: /api/cicd/execute (Caused by NewConnectionError(""HTTPConnection(host='localhost', port=80): Failed to establish a new connection: [Errno 111] Connection refused""))"
2026-09-09T20:52:47.740606,1786373852673,POST,http://localhost/api/cicd/execute,0,7.49,"HTTPConnectionPool(host='localhost', port=80): Max retries exceeded with url: /api/cicd/execute (Caused by NewConnectionError(""HTTPConnection(host='localhost', port=80): Failed to establish a new connection: [Errno 111] Connection refused""))"
2026-09-09T20:52:47.740867,1786374210148,GET,http://localhost/api/cicd/status/40665,0,6.62,"HTTPConnectionPool(host='localhost', port=80): Max retries exceeded with url: /api/cicd/status/40665 (Caused by NewConnectionError(""HTTPConnection(host='localhost', port=80): Failed to establish a new connection: [Errno 111] Connection refused""))"
2026-09-09T20:52:47.741494,1786374210148,GET,http://localhost/api/cicd/status/40665,0,4.98,"HTTPConnectionPool(host='localhost', port=80): Max retries exceeded with url: /api/cicd/status/40665 (Caused by NewConnectionError(""HTTPConnection(host='localhost', port=80): Failed to establish a new connection: [Errno 111] Connection refused""))"
2026-09-09T20:52:47.741730,1786374210148,GET,http://localhost/api/cicd/status/40665,0,9.78,"HTTPConnectionPool(host='localhost', port=80): Max retries exceeded with url: /api/cicd/status/40665 (Caused by NewConnectionError(""HTTPConnection(host='localhost', port=80): Failed to establish a new connection: [Errno 111] Connection refused""))"
2026-09-09T20:52:47.742039,1786373852673,POST,http://localhost/api/cicd/execute,0,4.21,"HTTPConnectionPool(host='localhost', port=80): Max retries exceeded with url: /api/cicd/execute (Caused by NewConnectionError(""HTTPConnection(host='localhost', port=80): Failed to establish a new connection: [Errno 111] Connection refused""))"
2026-09-09T20:52:47.742527,1786373852673,POST,http://localhost/api/cicd/execute,0,7.19,"HTTPConnectionPool(host='localhost', port=80): Max retries exceeded with url: /api/cicd/execute (Caused by NewConnectionError(""HTTPConnection(host='localhost', port=80): Failed to establish a new connection: [Errno 111] Connection refused""))"
2026-09-09T20:52:47.742853,1786374210148,GET,http://localhost/api/cicd/status/40665,0,11.97,"HTTPConnectionPool(host='localhost', port=80): Max retries exceeded with url: /api/cicd/status/40665 (Caused by NewConnectionError(""HTTPConnection(host='localhost', port=80): Failed to establish a new connection: [Errno 111] Connection refused""))"
2026-09-09T20:52:47.791406,1786373852673,POST,http://localhost/api/cicd/execute,0,2.78,"HTTPConnectionPool(host='localhost', port=80): Max retries exceeded with url: /api/cicd/execute (Caused by NewConnectionError(""HTTPConnection(host='localhost', port=80): Failed to establish a new connection: [Errno 111] Connection refused""))"
2026-09-09T20:52:47.792367,1786373852673,POST,http://localhost/api/cicd/execute,0,2.59,"HTTPConnectionPool(host='localhost', port=80): Max retries exceeded with url: /api/cicd/execute (Caused by NewConnectionError(""HTTPConnection(host='localhost', port=80): Failed to establish a new connection: [Errno 111] Connection refused""))"
2026-09-09T20:52:47.850464,1786374210148,GET,http://localhost/api/cicd/status/40665,0,9.28,"HTTPConnectionPool(host='localhost', port=80): Max retries exceeded with url: /api/cicd/status/40665 (Caused by NewConnectionError(""HTTPConnection(host='localhost', port=80): Failed to establish a new connection: [Errno 111] Connection refused""))"
2026-09-09T20:52:47.850824,1786374210148,GET,http://localhost/api/cicd/status/40665,0,10.75,"HTTPConnectionPool(host='localhost', port=80): Max retries exceeded with url: /api/cicd/status/40665 (Caused by NewConnectionError(""HTTPConnection(host='localhost', port=80): Failed to establish a new connection: [Errno 111] Connection refused""))"
2026-09-09T20:52:47.851483,1786373852673,POST,http://localhost/api/cicd/execute,0,9.13,"HTTPConnectionPool(host='localhost', port=80): Max retries exceeded with url: /api/cicd/execute (Caused by NewConnectionError(""HTTPConnection(host='localhost', port=80): Failed to establish a new connection: [Errno 111] Connection refused""))"
2026-09-09T20:52:47.851991,1786374210148,GET,http://localhost/api/cicd/status/40665,0,6.22,"HTTPConnectionPool(host='localhost', port=80): Max retries exceeded with url: /api/cicd/status/40665 (Caused by NewConnectionError(""HTTPConnection(host='localhost', port=80): Failed to establish a new connection: [Errno 111] Connection refused""))"
2026-09-09T20:52:47.852458,1786373852673,POST,http://localhost/api/cicd/execute,0,8.95,"HTTPConnectionPool(host='localhost', port=80): Max retries exceeded with url: /api/cicd/execute (Caused by NewConnectionError(""HTTPConnection(host='localhost', port=80): Failed to establish a new connection: [Errno 111] Connection refused""))"
2026-09-09T20:52:47.852870,1786373852673,POST,http://localhost/api/cicd/execute,0,8.22,"HTTPConnectionPool(host='localhost', port=80): Max retries exceeded with url: /api/cicd/execute (Caused by NewConnectionError(""HTTPConnection(host='localhost', port=80): Failed to establish a new connection: [Errno 111] Connection refused""))"
2026-09-09T20:52:47.853253,1786374210148,GET,http://localhost/api/cicd/status/40665,0,6.06,"HTTPConnectionPool(host='localhost', port=80): Max retries exceeded with url: /api/cicd/status/40665 (Caused by NewConnectionError(""HTTPConnection(host='localhost', port=80): Failed to establish a new connection: [Errno 111] Connection refused""))"
2026-09-09T20:52:47.853461,1786373852673,POST,http://localhost/api/cicd/execute,0,5.19,"HTTPConnectionPool(host='localhost', port=80): Max retries exceeded with url: /api/cicd/execute (Caused by NewConnectionError(""HTTPConnection(host='localhost', port=80): Failed to establish a new connection: [Errno 111] Connection refused""))"
2026-09-09T20:52:47.894372,1786374210148,GET,http://localhost/api/cicd/status/40665,0,2.79,"HTTPConnectionPool(host='localhost', port=80): Max retries exceeded with url: /api/cicd/status/40665 (Caused by NewConnectionError(""HTTPConnection(host='localhost', port=80): Failed to establish a new connection: [Errno 111] Connection refused""))"
2026-09-09T20:52:47.894614,1786374210148,GET,http://localhost/api/cicd/status/40665,0,1.96,"HTTPConnectionPool(host='localhost', port=80): Max retries exceeded with url: /api/cicd/status/40665 (Caused by NewConnectionError(""HTTPConnection(host='localhost', port=80): Failed to establish a new connection: [Errno 111] Connection refused""))"
2026-09-09T20:52:47.962951,1786373852673,POST,http://localhost/api/cicd/execute,0,8.76,"HTTPConnectionPool(host='localhost', port=80): Max retries exceeded with url: /api/cicd/execute (Caused by NewConnectionError(""HTTPConnection(host='localhost', port=80): Failed to establish a new connection: [Errno 111] Connection refused""))"
2026-09-09T20:52:47.963705,1786374210148,GET,http://localhost/api/cicd/status/40665,0,5.04,"HTTPConnectionPool(host='localhost', port=80): Max retries exceeded with url: /api/cicd/status/40665 (Caused by NewConnectionError(""HTTPConnection(host='localhost', port=80): Failed to establish a new connection: [Errno 111] Connection refused""))"
2026-09-09T20:52:47.963915,1786373852673,POST,http://localhost/api/cicd/execute,0,13.27,"HTTPConnectionPool(host='localhost', port=80): Max retries exceeded with url: /api/cicd/execute (Caused by NewConnectionError(""HTTPConnection(host='localhost', port=80): Failed to establish a new connection: [Errno 111] Connection refused""))"
2026-09-09T20:52:47.964303,1786374210148,GET,http://localhost/api/cicd/status/40665,0,11.31,"HTTPConnectionPool(host='localhost', port=80): Max retries exceeded with url: /api/cicd/status/40665 (Caused by NewConnectionError(""HTTPConnection(host='localhost', port=80): Failed to establish a new connection: [Errno 111] Connection refused""))"
2026-09-09T20:52:47.964761,1786374210148,GET,http://localhost/api/cicd/status/40665,0,4.56,"HTTPConnectionPool(host='localhost', port=80): Max retries exceeded with url: /api/cicd/status/40665 (Caused by NewConnectionError(""HTTPConnection(host='localhost', port=80): Failed to establish a new connection: [Errno 111] Connection refused""))"
2026-09-09T20:52:47.965140,1786374210148,GET,http://localhost/api/cicd/status/40665,0,9.81,"HTTPConnectionPool(host='localhost', port=80): Max retries exceeded with url: /api/cicd/status/40665 (Caused by NewConnectionError(""HTTPConnection(host='localhost', port=80): Failed to establish a new connection: [Errno 111] Connection refused""))"
2026-09-09T20:52:47.965470,1786373852673,POST,http://localhost/api/cicd/execute,0,8.92,"HTTPConnectionPool(host='localhost', port=80): Max retries exceeded with url: /api/cicd/execute (Caused by NewConnectionError(""HTTPConnection(host='localhost', port=80): Failed to establish a new connection: [Errno 111] Connection refused""))"
2026-09-09T20:52:47.965684,1786373852673,POST,http://localhost/api/cicd/execute,0,13.88,"HTTPConnectionPool(host='localhost', port=80): Max retries exceeded with url: /api/cicd/execute (Caused by NewConnectionError(""HTTPConnection(host='localhost', port=80): Failed to establish a new connection: [Errno 111] Connection refused""))"
2026-09-09T20:52:47.997430,1786373852673,POST,http://localhost/api/cicd/execute,0,2.88,"HTTPConnectionPool(host='localhost', port=80): Max retries exceeded with url: /api/cicd/execute (Caused by NewConnectionError(""HTTPConnection(host='localhost', port=80): Failed to establish a new connection: [Errno 111] Connection refused""))"
2026-09-09T20:52:47.997750,1786373852673,POST,http://localhost/api/cicd/execute,0,2.01,"HTTPConnectionPool(host='localhost', port=80): Max retries exceeded with url: /api/cicd/execute (Caused by NewConnectionError(""HTTPConnection(host='localhost', port=80): Failed to establish a new connection: [Errno 111] Connection refused""))"
2026-09-09T20:52:48.073638,1786374210148,GET,http://localhost/api/cicd/status/40665,0,10.5,"HTTPConnectionPool(host='localhost', port=80): Max retries exceeded with url: /api/cicd/status/40665 (Caused by NewConnectionError(""HTTPConnection(host='localhost', port=80): Failed to establish a new connection: [Errno 111] Connection refused""))"
2026-09-09T20:52:48.074146,1786373852673,POST,http://localhost/api/cicd/execute,0,7.59,"HTTPConnectionPool(host='localhost', port=80): Max retries exceeded with url: /api/cicd/execute (Caused by NewConnectionError(""HTTPConnection(host='localhost', port=80): Failed to establish a new connection: [Errno 111] Connection refused""))"
2026-09-09T20:52:48.074963,1786374210148,GET,http://localhost/api/cicd/status/40665,0,9.52,"HTTPConnectionPool(host='localhost', port=80): Max retries exceeded with url: /api/cicd/status/40665 (Caused by NewConnectionError(""HTTPConnection(host='localhost', port=80): Failed to establish a new connection: [Errno 111] Connection refused""))"
2026-09-09T20:52:48.075225,1786373852673,POST,http://localhost/api/cicd/execute,0,4.19,"HTTPConnectionPool(host='localhost', port=80): Max retries exceeded with url: /api/cicd/execute (Caused by NewConnectionError(""HTTPConnection(host='localhost', port=80): Failed to establish a new connection: [Errno 111] Connection refused""))"
2026-09-09T20:52:48.075723,1786373852673,POST,http://localhost/api/cicd/execute,0,7.99,"HTTPConnectionPool(host='localhost', port=80): Max retries exceeded with url: /api/cicd/execute (Caused by NewConnectionError(""HTTPConnection(host='localhost', port=80): Failed to establish a new connection: [Errno 111] Connection refused""))"
2026-09-09T20:52:48.075957,1786373852673,POST,http://localhost/api/cicd/execute,0,11.6,"HTTPConnectionPool(host='localhost', port=80): Max retries exceeded with url: /api/cicd/execute (Caused by NewConnectionError(""HTTPConnection(host='localhost', port=80): Failed to establish a new connection: [Errno 111] Connection refused""))"
2026-09-09T20:52:48.076335,1786374210148,GET,http://localhost/api/cicd/status/40665,0,7.51,"HTTPConnectionPool(host='localhost', port=80): Max retries exceeded with url: /api/cicd/status/40665 (Caused by NewConnectionError(""HTTPConnection(host='localhost', port=80): Failed to establish a new connection: [Errno 111] Connection refused""))"
2026-09-09T20:52:48.076584,1786374210148,GET,http://localhost/api/cicd/status/40665,0,6.71,"HTTPConnectionPool(host='localhost', port=80): Max retries exceeded with url: /api/cicd/status/40665 (Caused by NewConnectionError(""HTTPConnection(host='localhost', port=80): Failed to establish a new connection: [Errno 111] Connection refused""))"
2026-09-09T20:52:48.100219,1786374210148,GET,http://localhost/api/cicd/status/40665,0,2.61,"HTTPConnectionPool(host='localhost', port=80): Max retries exceeded with url: /api/cicd/status/40665 (Caused by NewConnectionError(""HTTPConnection(host='localhost', port=80): Failed to establish a new connection: [Errno 111] Connection refused""))"
2026-09-09T20:52:48.100637,1786374210148,GET,http://localhost/api/cicd/status/40665,0,1.96,"HTTPConnectionPool(host='localhost', port=80): Max retries exceeded with url: /api/cicd/status/40665 (Caused by NewConnectionError(""HTTPConnection(host='localhost', port=80): Failed to establish a new connection: [Errno 111] Connection refused""))"
2026-09-09T20:52:48.184223,1786373852673,POST,http://localhost/api/cicd/execute,0,8.06,"HTTPConnectionPool(host='localhost', port=80): Max retries exceeded with url: /api/cicd/execute (Caused by NewConnectionError(""HTTPConnection(host='localhost', port=80): Failed to establish a new connection: [Errno 111] Connection refused""))"
2026-09-09T20:52:48.184976,1786373852673,POST,http://localhost/api/cicd/execute,0,11.16,"HTTPConnectionPool(host='localhost', port=80): Max retries exceeded with url: /api/cicd/execute (Caused by NewConnectionError(""HTTPConnection(host='localhost', port=80): Failed to establish a new connection: [Errno 111] Connection refused""))"
2026-09-09T20:52:48.185448,1786373852673,POST,http://localhost/api/cicd/execute,0,4.7,"HTTPConnectionPool(host='localhost', port=80): Max retries exceeded with url: /api/cicd/execute (Caused by NewConnectionError(""HTTPConnection(host='localhost', port=80): Failed to establish a new connection: [Errno 111] Connection refused""))"
2026-09-09T20:52:48.185713,1786374210148,GET,http://localhost/api/cicd/status/40665,0,10.73,"HTTPConnectionPool(host='localhost', port=80): Max retries exceeded with url: /api/cicd/status/40665 (Caused by NewConnectionError(""HTTPConnection(host='localhost', port=80): Failed to establish a new connection: [Errno 111] Connection refused""))"
2026-09-09T20:52:48.185990,1786374210148,GET,http://localhost/api/cicd/status/40665,0,7.62,"HTTPConnectionPool(host='localhost', port=80): Max retries exceeded with url: /api/cicd/status/40665 (Caused by NewConnectionError(""HTTPConnection(host='localhost', port=80): Failed to establish a new connection: [Errno 111] Connection refused""))"
2026-09-09T20:52:48.186239,1786373852673,POST,http://localhost/api/cicd/execute,0,3.96,"HTTPConnectionPool(host='localhost', port=80): Max retries exceeded with url: /api/cicd/execute (Caused by NewConnectionError(""HTTPConnection(host='localhost', port=80): Failed to establish a new connection: [Errno 111] Connection refused""))"
2026-09-09T20:52:48.186450,1786374210148,GET,http://localhost/api/cicd/status/40665,0,7.03,"HTTPConnectionPool(host='localhost', port=80): Max retries exceeded with url: /api/cicd/status/40665 (Caused by NewConnectionError(""HTTPConnection(host='localhost', port=80): Failed to establish a new connection: [Errno 111] Connection refused""))"
2026-09-09T20:52:48.187024,1786374210148,GET,http://localhost/api/cicd/status/40665,0,9.74,"HTTPConnectionPool(host='localhost', port=80): Max retries exceeded with url: /api/cicd/status/40665 (Caused by NewConnectionError(""HTTPConnection(host='localhost', port=80): Failed to establish a new connection: [Errno 111] Connection refused""))"
2026-09-09T20:52:48.203693,1786373852673,POST,http://localhost/api/cicd/execute,0,3.3,"HTTPConnectionPool(host='localhost', port=80): Max retries exceeded with url: /api/cicd/execute (Caused by NewConnectionError(""HTTPConnection(host='localhost', port=80): Failed to establish a new connection: [Errno 111] Connection refused""))"
2026-09-09T20:52:48.204011,1786373852673,POST,http://localhost/api/cicd/execute,0,2.0,"HTTPConnectionPool(host='localhost', port=80): Max retries exceeded with url: /api/cicd/execute (Caused by NewConnectionError(""HTTPConnection(host='localhost', port=80): Failed to establish a new connection: [Errno 111] Connection refused""))"
2026-09-09T20:52:48.295108,1786374210148,GET,http://localhost/api/cicd/status/40665,0,10.7,"HTTPConnectionPool(host='localhost', port=80): Max retries exceeded with url: /api/cicd/status/40665 (Caused by NewConnectionError(""HTTPConnection(host='localhost', port=80): Failed to establish a new connection: [Errno 111] Connection refused""))"
2026-09-09T20:52:48.295727,1786374210148,GET,http://localhost/api/cicd/status/40665,0,9.1,"HTTPConnectionPool(host='localhost', port=80): Max retries exceeded with url: /api/cicd/status/40665 (Caused by NewConnectionError(""HTTPConnection(host='localhost', port=80): Failed to establish a new connection: [Errno 111] Connection refused""))"
2026-09-09T20:52:48.296067,1786373852673,POST,http://localhost/api/cicd/execute,0,8.21,"HTTPConnectionPool(host='localhost', port=80): Max retries exceeded with url: /api/cicd/execute (Caused by NewConnectionError(""HTTPConnection(host='localhost', port=80): Failed to establish a new connection: [Errno 111] Connection refused""))"
2026-09-09T20:52:48.296859,1786373852673,POST,http://localhost/api/cicd/execute,0,7.88,"HTTPConnectionPool(host='localhost', port=80): Max retries exceeded with url: /api/cicd/execute (Caused by NewConnectionError(""HTTPConnection(host='localhost', port=80): Failed to establish a new connection: [Errno 111] Connection refused""))"
2026-09-09T20:52:48.297193,1786374210148,GET,http://localhost/api/cicd/status/40665,0,11.67,"HTTPConnectionPool(host='localhost', port=80): Max retries exceeded with url: /api/cicd/status/40665 (Caused by NewConnectionError(""HTTPConnection(host='localhost', port=80): Failed to establish a new connection: [Errno 111] Connection refused""))"
2026-09-09T20:52:48.297406,1786373852673,POST,http://localhost/api/cicd/execute,0,4.82,"HTTPConnectionPool(host='localhost', port=80): Max retries exceeded with url: /api/cicd/execute (Caused by NewConnectionError(""HTTPConnection(host='localhost', port=80): Failed to establish a new connection: [Errno 111] Connection refused""))"
2026-09-09T20:52:48.297661,1786373852673,POST,http://localhost/api/cicd/execute,0,7.44,"HTTPConnectionPool(host='localhost', port=80): Max retries exceeded with url: /api/cicd/execute (Caused by NewConnectionError(""HTTPConnection(host='localhost', port=80): Failed to establish a new connection: [Errno 111] Connection refused""))"
2026-09-09T20:52:48.297943,1786374210148,GET,http://localhost/api/cicd/status/40665,0,6.34,"HTTPConnectionPool(host='localhost', port=80): Max retries exceeded with url: /api/cicd/status/40665 (Caused by NewConnectionError(""HTTPConnection(host='localhost', port=80): Failed to establish a new connection: [Errno 111] Connection refused""))"
2026-09-09T20:52:48.306687,1786374210148,GET,http://localhost/api/cicd/status/40665,0,2.81,"HTTPConnectionPool(host='localhost', port=80): Max retries exceeded with url: /api/cicd/status/40665 (Caused by NewConnectionError(""HTTPConnection(host='localhost', port=80): Failed to establish a new connection: [Errno 111] Connection refused""))"
2026-09-09T20:52:48.306931,1786374210148,GET,http://localhost/api/cicd/status/40665,0,1.95,"HTTPConnectionPool(host='localhost', port=80): Max retries exceeded with url: /api/cicd/status/40665 (Caused by NewConnectionError(""HTTPConnection(host='localhost', port=80): Failed to establish a new connection: [Errno 111] Connection refused""))"
2026-09-09T20:52:48.408085,1786373852673,POST,http://localhost/api/cicd/execute,0,11.62,"HTTPConnectionPool(host='localhost', port=80): Max retries exceeded with url: /api/cicd/execute (Caused by NewConnectionError(""HTTPConnection(host='localhost', port=80): Failed to establish a new connection: [Errno 111] Connection refused""))"
2026-09-09T20:52:48.408572,1786374210148,GET,http://localhost/api/cicd/status/40665,0,4.16,"HTTPConnectionPool(host='localhost', port=80): Max retries exceeded with url: /api/cicd/status/40665 (Caused by NewConnectionError(""HTTPConnection(host='localhost', port=80): Failed to establish a new connection: [Errno 111] Connection refused""))"
2026-09-09T20:52:48.409068,1786373852673,POST,http://localhost/api/cicd/execute,0,7.16,"HTTPConnectionPool(host='localhost', port=80): Max retries exceeded with url: /api/cicd/execute (Caused by NewConnectionError(""HTTPConnection(host='localhost', port=80): Failed to establish a new connection: [Errno 111] Connection refused""))"
2026-09-09T20:52:48.409508,1786373852673,POST,http://localhost/api/cicd/execute,0,14.18,"HTTPConnectionPool(host='localhost', port=80): Max retries exceeded with url: /api/cicd/execute (Caused by NewConnectionError(""HTTPConnection(host='localhost', port=80): Failed to establish a new connection: [Errno 111] Connection refused""))"
2026-09-09T20:52:48.409950,1786374210148,GET,http://localhost/api/cicd/status/40665,0,12.29,"HTTPConnectionPool(host='localhost', port=80): Max retries exceeded with url: /api/cicd/status/40665 (Caused by NewConnectionError(""HTTPConnection(host='localhost', port=80): Failed to establish a new connection: [Errno 111] Connection refused""))"
2026-09-09T20:52:48.410355,1786374210148,GET,http://localhost/api/cicd/status/40665,0,11.45,"HTTPConnectionPool(host='localhost', port=80): Max retries exceeded with url: /api/cicd/status/40665 (Caused by NewConnectionError(""HTTPConnection(host='localhost', port=80): Failed to establish a new connection: [Errno 111] Connection refused""))"
2026-09-09T20:52:48.410744,1786374210148,GET,http://localhost/api/cicd/status/40665,0,10.12,"HTTPConnectionPool(host='localhost', port=80): Max retries exceeded with url: /api/cicd/status/40665 (Caused by NewConnectionError(""HTTPConnection(host='localhost', port=80): Failed to establish a new connection: [Errno 111] Connection refused""))"
2026-09-09T20:52:48.412485,1786373852673,POST,http://localhost/api/cicd/execute,0,9.3,"HTTPConnectionPool(host='localhost', port=80): Max retries exceeded with url: /api/cicd/execute (Caused by NewConnectionError(""HTTPConnection(host='localhost', port=80): Failed to establish a new connection: [Errno 111] Connection refused""))"
2026-09-09T20:52:48.412898,1786373852673,POST,http://localhost/api/cicd/execute,0,6.07,"HTTPConnectionPool(host='localhost', port=80): Max retries exceeded with url: /api/cicd/execute (Caused by NewConnectionError(""HTTPConnection(host='localhost', port=80): Failed to establish a new connection: [Errno 111] Connection refused""))"
2026-09-09T20:52:48.413473,1786373852673,POST,http://localhost/api/cicd/execute,0,2.42,"HTTPConnectionPool(host='localhost', port=80): Max retries exceeded with url: /api/cicd/execute (Caused by NewConnectionError(""HTTPConnection(host='localhost', port=80): Failed to establish a new connection: [Errno 111] Connection refused""))"
2026-09-09T20:52:48.518620,1786374210148,GET,http://localhost/api/cicd/status/40665,0,10.34,"HTTPConnectionPool(host='localhost', port=80): Max retries exceeded with url: /api/cicd/status/40665 (Caused by NewConnectionError(""HTTPConnection(host='localhost', port=80): Failed to establish a new connection: [Errno 111] Connection refused""))"
2026-09-09T20:52:48.522895,1786374210148,GET,http://localhost/api/cicd/status/40665,0,9.79,"HTTPConnectionPool(host='localhost', port=80): Max retries exceeded with url: /api/cicd/status/40665 (Caused by NewConnectionError(""HTTPConnection(host='localhost', port=80): Failed to establish a new connection: [Errno 111] Connection refused""))"
2026-09-09T20:52:48.523376,1786373852673,POST,http://localhost/api/cicd/execute,0,13.9,"HTTPConnectionPool(host='localhost', port=80): Max retries exceeded with url: /api/cicd/execute (Caused by NewConnectionError(""HTTPConnection(host='localhost', port=80): Failed to establish a new connection: [Errno 111] Connection refused""))"
2026-09-09T20:52:48.523797,1786373852673,POST,http://localhost/api/cicd/execute,0,9.58,"HTTPConnectionPool(host='localhost', port=80): Max retries exceeded with url: /api/cicd/execute (Caused by NewConnectionError(""HTTPConnection(host='localhost', port=80): Failed to establish a new connection: [Errno 111] Connection refused""))"
2026-09-09T20:52:48.524176,1786373852673,POST,http://localhost/api/cicd/execute,0,6.93,"HTTPConnectionPool(host='localhost', port=80): Max retries exceeded with url: /api/cicd/execute (Caused by NewConnectionError(""HTTPConnection(host='localhost', port=80): Failed to establish a new connection: [Errno 111] Connection refused""))"
2026-09-09T20:52:48.524645,1786374210148,GET,http://localhost/api/cicd/status/40665,0,9.04,"HTTPConnectionPool(host='localhost', port=80): Max retries exceeded with url: /api/cicd/status/40665 (Caused by NewConnectionError(""HTTPConnection(host='localhost', port=80): Failed to establish a new connection: [Errno 111] Connection refused""))"
2026-09-09T20:52:48.524852,1786374210148,GET,http://localhost/api/cicd/status/40665,0,13.01,"HTTPConnectionPool(host='localhost', port=80): Max retries exceeded with url: /api/cicd/status/40665 (Caused by NewConnectionError(""HTTPConnection(host='localhost', port=80): Failed to establish a new connection: [Errno 111] Connection refused""))"
2026-09-09T20:52:48.525340,1786374210148,GET,http://localhost/api/cicd/status/40665,0,14.68,"HTTPConnectionPool(host='localhost', port=80): Max retries exceeded with url: /api/cicd/status/40665 (Caused by NewConnectionError(""HTTPConnection(host='localhost', port=80): Failed to establish a new connection: [Errno 111] Connection refused""))"
2026-09-09T20:52:48.525559,1786373852673,POST,http://localhost/api/cicd/execute,0,5.02,"HTTPConnectionPool(host='localhost', port=80): Max retries exceeded with url: /api/cicd/execute (Caused by NewConnectionError(""HTTPConnection(host='localhost', port=80): Failed to establish a new connection: [Errno 111] Connection refused""))"
2026-09-09T20:52:48.525765,1786374210148,GET,http://localhost/api/cicd/status/40665,0,6.58,"HTTPConnectionPool(host='localhost', port=80): Max retries exceeded with url: /api/cicd/status/40665 (Caused by NewConnectionError(""HTTPConnection(host='localhost', port=80): Failed to establish a new connection: [Errno 111] Connection refused""))"
2026-09-09T20:52:48.620620,1786373852673,POST,http://localhost/api/cicd/execute,0,1.82,"HTTPConnectionPool(host='localhost', port=80): Max retries exceeded with url: /api/cicd/execute (Caused by NewConnectionError(""HTTPConnection(host='localhost', port=80): Failed to establish a new connection: [Errno 111] Connection refused""))"
2026-09-09T20:52:48.635831,1786374210148,GET,http://localhost/api/cicd/status/40665,0,10.46,"HTTPConnectionPool(host='localhost', port=80): Max retries exceeded with url: /api/cicd/status/40665 (Caused by NewConnectionError(""HTTPConnection(host='localhost', port=80): Failed to establish a new connection: [Errno 111] Connection refused""))"
2026-09-09T20:52:48.636109,1786374210148,GET,http://localhost/api/cicd/status/40665,0,6.94,"HTTPConnectionPool(host='localhost', port=80): Max retries exceeded with url: /api/cicd/status/40665 (Caused by NewConnectionError(""HTTPConnection(host='localhost', port=80): Failed to establish a new connection: [Errno 111] Connection refused""))"
2026-09-09T20:52:48.636683,1786373852673,POST,http://localhost/api/cicd/execute,0,13.62,"HTTPConnectionPool(host='localhost', port=80): Max retries exceeded with url: /api/cicd/execute (Caused by NewConnectionError(""HTTPConnection(host='localhost', port=80): Failed to establish a new connection: [Errno 111] Connection refused""))"
2026-09-09T20:52:48.637443,1786373852673,POST,http://localhost/api/cicd/execute,0,5.87,"HTTPConnectionPool(host='localhost', port=80): Max retries exceeded with url: /api/cicd/execute (Caused by NewConnectionError(""HTTPConnection(host='localhost', port=80): Failed to establish a new connection: [Errno 111] Connection refused""))"
2026-09-09T20:52:48.637698,1786374210148,GET,http://localhost/api/cicd/status/40665,0,13.48,"HTTPConnectionPool(host='localhost', port=80): Max retries exceeded with url: /api/cicd/status/40665 (Caused by NewConnectionError(""HTTPConnection(host='localhost', port=80): Failed to establish a new connection: [Errno 111] Connection refused""))"
2026-09-09T20:52:48.637980,1786373852673,POST,http://localhost/api/cicd/execute,0,10.16,"HTTPConnectionPool(host='localhost', port=80): Max retries exceeded with url: /api/cicd/execute (Caused by NewConnectionError(""HTTPConnection(host='localhost', port=80): Failed to establish a new connection: [Errno 111] Connection refused""))"
2026-09-09T20:52:48.638427,1786374210148,GET,http://localhost/api/cicd/status/40665,0,11.93,"HTTPConnectionPool(host='localhost', port=80): Max retries exceeded with url: /api/cicd/status/40665 (Caused by NewConnectionError(""HTTPConnection(host='localhost', port=80): Failed to establish a new connection: [Errno 111] Connection refused""))"
2026-09-09T20:52:48.638722,1786373852673,POST,http://localhost/api/cicd/execute,0,5.95,"HTTPConnectionPool(host='localhost', port=80): Max retries exceeded with url: /api/cicd/execute (Caused by NewConnectionError(""HTTPConnection(host='localhost', port=80): Failed to establish a new connection: [Errno 111] Connection refused""))"
2026-09-09T20:52:48.639026,1786373852673,POST,http://localhost/api/cicd/execute,0,8.76,"HTTPConnectionPool(host='localhost', port=80): Max retries exceeded with url: /api/cicd/execute (Caused by NewConnectionError(""HTTPConnection(host='localhost', port=80): Failed to establish a new connection: [Errno 111] Connection refused""))"
2026-09-09T20:52:48.721762,1786374210148,GET,http://localhost/api/cicd/status/40665,0,1.01,"HTTPConnectionPool(host='localhost', port=80): Max retries exceeded with url: /api/cicd/status/40665 (Caused by NewConnectionError(""HTTPConnection(host='localhost', port=80): Failed to establish a new connection: [Errno 111] Connection refused""))"
2026-09-09T20:52:48.747933,1786374210148,GET,http://localhost/api/cicd/status/40665,0,8.63,"HTTPConnectionPool(host='localhost', port=80): Max retries exceeded with url: /api/cicd/status/40665 (Caused by NewConnectionError(""HTTPConnection(host='localhost', port=80): Failed to establish a new connection: [Errno 111] Connection refused""))"
2026-09-09T20:52:48.748293,1786373852673,POST,http://localhost/api/cicd/execute,0,12.29,"HTTPConnectionPool(host='localhost', port=80): Max retries exceeded with url: /api/cicd/execute (Caused by NewConnectionError(""HTTPConnection(host='localhost', port=80): Failed to establish a new connection: [Errno 111] Connection refused""))"
2026-09-09T20:52:48.752500,1786373852673,POST,http://localhost/api/cicd/execute,0,11.5,"HTTPConnectionPool(host='localhost', port=80): Max retries exceeded with url: /api/cicd/execute (Caused by NewConnectionError(""HTTPConnection(host='localhost', port=80): Failed to establish a new connection: [Errno 111] Connection refused""))"
2026-09-09T20:52:48.752897,1786374210148,GET,http://localhost/api/cicd/status/40665,0,11.3,"HTTPConnectionPool(host='localhost', port=80): Max retries exceeded with url: /api/cicd/status/40665 (Caused by NewConnectionError(""HTTPConnection(host='localhost', port=80): Failed to establish a new connection: [Errno 111] Connection refused""))"
2026-09-09T20:52:48.753177,1786373852673,POST,http://localhost/api/cicd/execute,0,10.37,"HTTPConnectionPool(host='localhost', port=80): Max retries exceeded with url: /api/cicd/execute (Caused by NewConnectionError(""HTTPConnection(host='localhost', port=80): Failed to establish a new connection: [Errno 111] Connection refused""))"
2026-09-09T20:52:48.753479,1786374210148,GET,http://localhost/api/cicd/status/40665,0,7.96,"HTTPConnectionPool(host='localhost', port=80): Max retries exceeded with url: /api/cicd/status/40665 (Caused by NewConnectionError(""HTTPConnection(host='localhost', port=80): Failed to establish a new connection: [Errno 111] Connection refused""))"
2026-09-09T20:52:48.754110,1786374210148,GET,http://localhost/api/cicd/status/40665,0,9.93,"HTTPConnectionPool(host='localhost', port=80): Max retries exceeded with url: /api/cicd/status/40665 (Caused by NewConnectionError(""HTTPConnection(host='localhost', port=80): Failed to establish a new connection: [Errno 111] Connection refused""))"
2026-09-09T20:52:48.754501,1786373852673,POST,http://localhost/api/cicd/execute,0,14.02,"HTTPConnectionPool(host='localhost', port=80): Max retries exceeded with url: /api/cicd/execute (Caused by NewConnectionError(""HTTPConnection(host='localhost', port=80): Failed to establish a new connection: [Errno 111] Connection refused""))"
2026-09-09T20:52:48.754754,1786374210148,GET,http://localhost/api/cicd/status/40665,0,16.59,"HTTPConnectionPool(host='localhost', port=80): Max retries exceeded with url: /api/cicd/status/40665 (Caused by NewConnectionError(""HTTPConnection(host='localhost', port=80): Failed to establish a new connection: [Errno 111] Connection refused""))"
2026-09-09T20:52:48.823480,1786373852673,POST,http://localhost/api/cicd/execute,0,1.59,"HTTPConnectionPool(host='localhost', port=80): Max retries exceeded with url: /api/cicd/execute (Caused by NewConnectionError(""HTTPConnection(host='localhost', port=80): Failed to establish a new connection: [Errno 111] Connection refused""))"
2026-09-09T20:52:48.850798,1786373852673,POST,http://localhost/api/cicd/execute,0,2.68,"HTTPConnectionPool(host='localhost', port=80): Max retries exceeded with url: /api/cicd/execute (Caused by NewConnectionError(""HTTPConnection(host='localhost', port=80): Failed to establish a new connection: [Errno 111] Connection refused""))"
2026-09-09T20:52:48.851276,1786374210148,GET,http://localhost/api/cicd/status/40665,0,2.03,"HTTPConnectionPool(host='localhost', port=80): Max retries exceeded with url: /api/cicd/status/40665 (Caused by NewConnectionError(""HTTPConnection(host='localhost', port=80): Failed to establish a new connection: [Errno 111] Connection refused""))"
2026-09-09T20:52:48.861980,1786374210148,GET,http://localhost/api/cicd/status/40665,0,9.33,"HTTPConnectionPool(host='localhost', port=80): Max retries exceeded with url: /api/cicd/status/40665 (Caused by NewConnectionError(""HTTPConnection(host='localhost', port=80): Failed to establish a new connection: [Errno 111] Connection refused""))"
2026-09-09T20:52:48.862390,1786373852673,POST,http://localhost/api/cicd/execute,0,5.32,"HTTPConnectionPool(host='localhost', port=80): Max retries exceeded with url: /api/cicd/execute (Caused by NewConnectionError(""HTTPConnection(host='localhost', port=80): Failed to establish a new connection: [Errno 111] Connection refused""))"
2026-09-09T20:52:48.862752,1786373852673,POST,http://localhost/api/cicd/execute,0,6.89,"HTTPConnectionPool(host='localhost', port=80): Max retries exceeded with url: /api/cicd/execute (Caused by NewConnectionError(""HTTPConnection(host='localhost', port=80): Failed to establish a new connection: [Errno 111] Connection refused""))"
2026-09-09T20:52:48.863209,1786374210148,GET,http://localhost/api/cicd/status/40665,0,8.42,"HTTPConnectionPool(host='localhost', port=80): Max retries exceeded with url: /api/cicd/status/40665 (Caused by NewConnectionError(""HTTPConnection(host='localhost', port=80): Failed to establish a new connection: [Errno 111] Connection refused""))"
2026-09-09T20:52:48.863472,1786373852673,POST,http://localhost/api/cicd/execute,0,5.0,"HTTPConnectionPool(host='localhost', port=80): Max retries exceeded with url: /api/cicd/execute (Caused by NewConnectionError(""HTTPConnection(host='localhost', port=80): Failed to establish a new connection: [Errno 111] Connection refused""))"
2026-09-09T20:52:48.863723,1786373852673,POST,http://localhost/api/cicd/execute,0,10.04,"HTTPConnectionPool(host='localhost', port=80): Max retries exceeded with url: /api/cicd/execute (Caused by NewConnectionError(""HTTPConnection(host='localhost', port=80): Failed to establish a new connection: [Errno 111] Connection refused""))"
2026-09-09T20:52:48.863970,1786374210148,GET,http://localhost/api/cicd/status/40665,0,4.39,"HTTPConnectionPool(host='localhost', port=80): Max retries exceeded with url: /api/cicd/status/40665 (Caused by NewConnectionError(""HTTPConnection(host='localhost', port=80): Failed to establish a new connection: [Errno 111] Connection refused""))"
2026-09-09T20:52:48.925466,1786374210148,GET,http://localhost/api/cicd/status/40665,0,1.82,"HTTPConnectionPool(host='localhost', port=80): Max retries exceeded with url: /api/cicd/status/40665 (Caused by NewConnectionError(""HTTPConnection(host='localhost', port=80): Failed to establish a new connection: [Errno 111] Connection refused""))"
2026-09-09T20:52:48.953717,1786374210148,GET,http://localhost/api/cicd/status/40665,0,2.75,"HTTPConnectionPool(host='localhost', port=80): Max retries exceeded with url: /api/cicd/status/40665 (Caused by NewConnectionError(""HTTPConnection(host='localhost', port=80): Failed to establish a new connection: [Errno 111] Connection refused""))"
2026-09-09T20:52:48.954033,1786373852673,POST,http://localhost/api/cicd/execute,0,1.99,"HTTPConnectionPool(host='localhost', port=80): Max retries exceeded with url: /api/cicd/execute (Caused by NewConnectionError(""HTTPConnection(host='localhost', port=80): Failed to establish a new connection: [Errno 111] Connection refused""))"
2026-09-09T20:52:48.972357,1786374210148,GET,http://localhost/api/cicd/status/40665,0,8.73,"HTTPConnectionPool(host='localhost', port=80): Max retries exceeded with url: /api/cicd/status/40665 (Caused by NewConnectionError(""HTTPConnection(host='localhost', port=80): Failed to establish a new connection: [Errno 111] Connection refused""))"
2026-09-09T20:52:48.972842,1786374210148,GET,http://localhost/api/cicd/status/40665,0,5.99,"HTTPConnectionPool(host='localhost', port=80): Max retries exceeded with url: /api/cicd/status/40665 (Caused by NewConnectionError(""HTTPConnection(host='localhost', port=80): Failed to establish a new connection: [Errno 111] Connection refused""))"
2026-09-09T20:52:48.973065,1786373852673,POST,http://localhost/api/cicd/execute,0,7.33,"HTTPConnectionPool(host='localhost', port=80): Max retries exceeded with url: /api/cicd/execute (Caused by NewConnectionError(""HTTPConnection(host='localhost', port=80): Failed to establish a new connection: [Errno 111] Connection refused""))"
2026-09-09T20:52:48.973349,1786373852673,POST,http://localhost/api/cicd/execute,0,11.18,"HTTPConnectionPool(host='localhost', port=80): Max retries exceeded with url: /api/cicd/execute (Caused by NewConnectionError(""HTTPConnection(host='localhost', port=80): Failed to establish a new connection: [Errno 111] Connection refused""))"
2026-09-09T20:52:48.973821,1786374210148,GET,http://localhost/api/cicd/status/40665,0,9.14,"HTTPConnectionPool(host='localhost', port=80): Max retries exceeded with url: /api/cicd/status/40665 (Caused by NewConnectionError(""HTTPConnection(host='localhost', port=80): Failed to establish a new connection: [Errno 111] Connection refused""))"
2026-09-09T20:52:48.974091,1786374210148,GET,http://localhost/api/cicd/status/40665,0,6.07,"HTTPConnectionPool(host='localhost', port=80): Max retries exceeded with url: /api/cicd/status/40665 (Caused by NewConnectionError(""HTTPConnection(host='localhost', port=80): Failed to establish a new connection: [Errno 111] Connection refused""))"
2026-09-09T20:52:48.974346,1786373852673,POST,http://localhost/api/cicd/execute,0,5.04,"HTTPConnectionPool(host='localhost', port=80): Max retries exceeded with url: /api/cicd/execute (Caused by NewConnectionError(""HTTPConnection(host='localhost', port=80): Failed to establish a new connection: [Errno 111] Connection refused""))"
2026-09-09T20:52:49.027279,1786373852673,POST,http://localhost/api/cicd/execute,0,1.66,"HTTPConnectionPool(host='localhost', port=80): Max retries exceeded with url: /api/cicd/execute (Caused by NewConnectionError(""HTTPConnection(host='localhost', port=80): Failed to establish a new connection: [Errno 111] Connection refused""))"
2026-09-09T20:52:49.056709,1786373852673,POST,http://localhost/api/cicd/execute,0,2.81,"HTTPConnectionPool(host='localhost', port=80): Max retries exceeded with url: /api/cicd/execute (Caused by NewConnectionError(""HTTPConnection(host='localhost', port=80): Failed to establish a new connection: [Errno 111] Connection refused""))"
2026-09-09T20:52:49.057500,1786374210148,GET,http://localhost/api/cicd/status/40665,0,2.4,"HTTPConnectionPool(host='localhost', port=80): Max retries exceeded with url: /api/cicd/status/40665 (Caused by NewConnectionError(""HTTPConnection(host='localhost', port=80): Failed to establish a new connection: [Errno 111] Connection refused""))"
2026-09-09T20:52:49.080968,1786373852673,POST,http://localhost/api/cicd/execute,0,7.33,"HTTPConnectionPool(host='localhost', port=80): Max retries exceeded with url: /api/cicd/execute (Caused by NewConnectionError(""HTTPConnection(host='localhost', port=80): Failed to establish a new connection: [Errno 111] Connection refused""))"
2026-09-09T20:52:49.082074,1786373852673,POST,http://localhost/api/cicd/execute,0,9.54,"HTTPConnectionPool(host='localhost', port=80): Max retries exceeded with url: /api/cicd/execute (Caused by NewConnectionError(""HTTPConnection(host='localhost', port=80): Failed to establish a new connection: [Errno 111] Connection refused""))"
2026-09-09T20:52:49.082508,1786374210148,GET,http://localhost/api/cicd/status/40665,0,6.76,"HTTPConnectionPool(host='localhost', port=80): Max retries exceeded with url: /api/cicd/status/40665 (Caused by NewConnectionError(""HTTPConnection(host='localhost', port=80): Failed to establish a new connection: [Errno 111] Connection refused""))"
2026-09-09T20:52:49.082760,1786373852673,POST,http://localhost/api/cicd/execute,0,5.87,"HTTPConnectionPool(host='localhost', port=80): Max retries exceeded with url: /api/cicd/execute (Caused by NewConnectionError(""HTTPConnection(host='localhost', port=80): Failed to establish a new connection: [Errno 111] Connection refused""))"
2026-09-09T20:52:49.082959,1786373852673,POST,http://localhost/api/cicd/execute,0,4.7,"HTTPConnectionPool(host='localhost', port=80): Max retries exceeded with url: /api/cicd/execute (Caused by NewConnectionError(""HTTPConnection(host='localhost', port=80): Failed to establish a new connection: [Errno 111] Connection refused""))"
2026-09-09T20:52:49.083331,1786374210148,GET,http://localhost/api/cicd/status/40665,0,3.58,"HTTPConnectionPool(host='localhost', port=80): Max retries exceeded with url: /api/cicd/status/40665 (Caused by NewConnectionError(""HTTPConnection(host='localhost', port=80): Failed to establish a new connection: [Errno 111] Connection refused""))"
2026-09-09T20:52:49.083676,1786374210148,GET,http://localhost/api/cicd/status/40665,0,8.97,"HTTPConnectionPool(host='localhost', port=80): Max retries exceeded with url: /api/cicd/status/40665 (Caused by NewConnectionError(""HTTPConnection(host='localhost', port=80): Failed to establish a new connection: [Errno 111] Connection refused""))"
2026-09-09T20:52:49.129020,1786374210148,GET,http://localhost/api/cicd/status/40665,0,1.6,"HTTPConnectionPool(host='localhost', port=80): Max retries exceeded with url: /api/cicd/status/40665 (Caused by NewConnectionError(""HTTPConnection(host='localhost', port=80): Failed to establish a new connection: [Errno 111] Connection refused""))"
2026-09-09T20:52:49.159588,1786374210148,GET,http://localhost/api/cicd/status/40665,0,2.71,"HTTPConnectionPool(host='localhost', port=80): Max retries exceeded with url: /api/cicd/status/40665 (Caused by NewConnectionError(""HTTPConnection(host='localhost', port=80): Failed to establish a new connection: [Errno 111] Connection refused""))"
2026-09-09T20:52:49.159936,1786373852673,POST,http://localhost/api/cicd/execute,0,2.04,"HTTPConnectionPool(host='localhost', port=80): Max retries exceeded with url: /api/cicd/execute (Caused by NewConnectionError(""HTTPConnection(host='localhost', port=80): Failed to establish a new connection: [Errno 111] Connection refused""))"
2026-09-09T20:52:49.190529,1786374210148,GET,http://localhost/api/cicd/status/40665,0,9.37,"HTTPConnectionPool(host='localhost', port=80): Max retries exceeded with url: /api/cicd/status/40665 (Caused by NewConnectionError(""HTTPConnection(host='localhost', port=80): Failed to establish a new connection: [Errno 111] Connection refused""))"
2026-09-09T20:52:49.191267,1786374210148,GET,http://localhost/api/cicd/status/40665,0,9.02,"HTTPConnectionPool(host='localhost', port=80): Max retries exceeded with url: /api/cicd/status/40665 (Caused by NewConnectionError(""HTTPConnection(host='localhost', port=80): Failed to establish a new connection: [Errno 111] Connection refused""))"
2026-09-09T20:52:49.191465,1786373852673,POST,http://localhost/api/cicd/execute,0,4.72,"HTTPConnectionPool(host='localhost', port=80): Max retries exceeded with url: /api/cicd/execute (Caused by NewConnectionError(""HTTPConnection(host='localhost', port=80): Failed to establish a new connection: [Errno 111] Connection refused""))"
2026-09-09T20:52:49.191944,1786373852673,POST,http://localhost/api/cicd/execute,0,7.51,"HTTPConnectionPool(host='localhost', port=80): Max retries exceeded with url: /api/cicd/execute (Caused by NewConnectionError(""HTTPConnection(host='localhost', port=80): Failed to establish a new connection: [Errno 111] Connection refused""))"
2026-09-09T20:52:49.192293,1786374210148,GET,http://localhost/api/cicd/status/40665,0,8.92,"HTTPConnectionPool(host='localhost', port=80): Max retries exceeded with url: /api/cicd/status/40665 (Caused by NewConnectionError(""HTTPConnection(host='localhost', port=80): Failed to establish a new connection: [Errno 111] Connection refused""))"
2026-09-09T20:52:49.192698,1786374210148,GET,http://localhost/api/cicd/status/40665,0,7.14,"HTTPConnectionPool(host='localhost', port=80): Max retries exceeded with url: /api/cicd/status/40665 (Caused by NewConnectionError(""HTTPConnection(host='localhost', port=80): Failed to establish a new connection: [Errno 111] Connection refused""))"
2026-09-09T20:52:49.193022,1786373852673,POST,http://localhost/api/cicd/execute,0,4.35,"HTTPConnectionPool(host='localhost', port=80): Max retries exceeded with url: /api/cicd/execute (Caused by NewConnectionError(""HTTPConnection(host='localhost', port=80): Failed to establish a new connection: [Errno 111] Connection refused""))"
2026-09-09T20:52:49.230917,1786373852673,POST,http://localhost/api/cicd/execute,0,1.75,"HTTPConnectionPool(host='localhost', port=80): Max retries exceeded with url: /api/cicd/execute (Caused by NewConnectionError(""HTTPConnection(host='localhost', port=80): Failed to establish a new connection: [Errno 111] Connection refused""))"
2026-09-09T20:52:49.262671,1786373852673,POST,http://localhost/api/cicd/execute,0,2.91,"HTTPConnectionPool(host='localhost', port=80): Max retries exceeded with url: /api/cicd/execute (Caused by NewConnectionError(""HTTPConnection(host='localhost', port=80): Failed to establish a new connection: [Errno 111] Connection refused""))"
2026-09-09T20:52:49.263081,1786374210148,GET,http://localhost/api/cicd/status/40665,0,2.04,"HTTPConnectionPool(host='localhost', port=80): Max retries exceeded with url: /api/cicd/status/40665 (Caused by NewConnectionError(""HTTPConnection(host='localhost', port=80): Failed to establish a new connection: [Errno 111] Connection refused""))"
2026-09-09T20:52:49.299976,1786373852673,POST,http://localhost/api/cicd/execute,0,3.87,"HTTPConnectionPool(host='localhost', port=80): Max retries exceeded with url: /api/cicd/execute (Caused by NewConnectionError(""HTTPConnection(host='localhost', port=80): Failed to establish a new connection: [Errno 111] Connection refused""))"
2026-09-09T20:52:49.300334,1786373852673,POST,http://localhost/api/cicd/execute,0,8.47,"HTTPConnectionPool(host='localhost', port=80): Max retries exceeded with url: /api/cicd/execute (Caused by NewConnectionError(""HTTPConnection(host='localhost', port=80): Failed to establish a new connection: [Errno 111] Connection refused""))"
2026-09-09T20:52:49.300599,1786374210148,GET,http://localhost/api/cicd/status/40665,0,6.38,"HTTPConnectionPool(host='localhost', port=80): Max retries exceeded with url: /api/cicd/status/40665 (Caused by NewConnectionError(""HTTPConnection(host='localhost', port=80): Failed to establish a new connection: [Errno 111] Connection refused""))"
2026-09-09T20:52:49.301620,1786374210148,GET,http://localhost/api/cicd/status/40665,0,8.05,"HTTPConnectionPool(host='localhost', port=80): Max retries exceeded with url: /api/cicd/status/40665 (Caused by NewConnectionError(""HTTPConnection(host='localhost', port=80): Failed to establish a new connection: [Errno 111] Connection refused""))"
2026-09-09T20:52:49.301810,1786373852673,POST,http://localhost/api/cicd/execute,0,6.79,"HTTPConnectionPool(host='localhost', port=80): Max retries exceeded with url: /api/cicd/execute (Caused by NewConnectionError(""HTTPConnection(host='localhost', port=80): Failed to establish a new connection: [Errno 111] Connection refused""))"
2026-09-09T20:52:49.302315,1786373852673,POST,http://localhost/api/cicd/execute,0,11.6,"HTTPConnectionPool(host='localhost', port=80): Max retries exceeded with url: /api/cicd/execute (Caused by NewConnectionError(""HTTPConnection(host='localhost', port=80): Failed to establish a new connection: [Errno 111] Connection refused""))"
2026-09-09T20:52:49.302630,1786374210148,GET,http://localhost/api/cicd/status/40665,0,4.99,"HTTPConnectionPool(host='localhost', port=80): Max retries exceeded with url: /api/cicd/status/40665 (Caused by NewConnectionError(""HTTPConnection(host='localhost', port=80): Failed to establish a new connection: [Errno 111] Connection refused""))"
2026-09-09T20:52:49.332749,1786374210148,GET,http://localhost/api/cicd/status/40665,0,1.66,"HTTPConnectionPool(host='localhost', port=80): Max retries exceeded with url: /api/cicd/status/40665 (Caused by NewConnectionError(""HTTPConnection(host='localhost', port=80): Failed to establish a new connection: [Errno 111] Connection refused""))"
2026-09-09T20:52:49.365524,1786374210148,GET,http://localhost/api/cicd/status/40665,0,2.68,"HTTPConnectionPool(host='localhost', port=80): Max retries exceeded with url: /api/cicd/status/40665 (Caused by NewConnectionError(""HTTPConnection(host='localhost', port=80): Failed to establish a new connection: [Errno 111] Connection refused""))"
2026-09-09T20:52:49.366020,1786373852673,POST,http://localhost/api/cicd/execute,0,2.12,"HTTPConnectionPool(host='localhost', port=80): Max retries exceeded with url: /api/cicd/execute (Caused by NewConnectionError(""HTTPConnection(host='localhost', port=80): Failed to establish a new connection: [Errno 111] Connection refused""))"
2026-09-09T20:52:49.409213,1786374210148,GET,http://localhost/api/cicd/status/40665,0,4.73,"HTTPConnectionPool(host='localhost', port=80): Max retries exceeded with url: /api/cicd/status/40665 (Caused by NewConnectionError(""HTTPConnection(host='localhost', port=80): Failed to establish a new connection: [Errno 111] Connection refused""))"
2026-09-09T20:52:49.409439,1786374210148,GET,http://localhost/api/cicd/status/40665,0,8.22,"HTTPConnectionPool(host='localhost', port=80): Max retries exceeded with url: /api/cicd/status/40665 (Caused by NewConnectionError(""HTTPConnection(host='localhost', port=80): Failed to establish a new connection: [Errno 111] Connection refused""))"
2026-09-09T20:52:49.409654,1786373852673,POST,http://localhost/api/cicd/execute,0,7.42,"HTTPConnectionPool(host='localhost', port=80): Max retries exceeded with url: /api/cicd/execute (Caused by NewConnectionError(""HTTPConnection(host='localhost', port=80): Failed to establish a new connection: [Errno 111] Connection refused""))"
2026-09-09T20:52:49.410010,1786373852673,POST,http://localhost/api/cicd/execute,0,6.61,"HTTPConnectionPool(host='localhost', port=80): Max retries exceeded with url: /api/cicd/execute (Caused by NewConnectionError(""HTTPConnection(host='localhost', port=80): Failed to establish a new connection: [Errno 111] Connection refused""))"
2026-09-09T20:52:49.410310,1786374210148,GET,http://localhost/api/cicd/status/40665,0,10.15,"HTTPConnectionPool(host='localhost', port=80): Max retries exceeded with url: /api/cicd/status/40665 (Caused by NewConnectionError(""HTTPConnection(host='localhost', port=80): Failed to establish a new connection: [Errno 111] Connection refused""))"
2026-09-09T20:52:49.410822,1786374210148,GET,http://localhost/api/cicd/status/40665,0,4.15,"HTTPConnectionPool(host='localhost', port=80): Max retries exceeded with url: /api/cicd/status/40665 (Caused by NewConnectionError(""HTTPConnection(host='localhost', port=80): Failed to establish a new connection: [Errno 111] Connection refused""))"
2026-09-09T20:52:49.411110,1786373852673,POST,http://localhost/api/cicd/execute,0,5.58,"HTTPConnectionPool(host='localhost', port=80): Max retries exceeded with url: /api/cicd/execute (Caused by NewConnectionError(""HTTPConnection(host='localhost', port=80): Failed to establish a new connection: [Errno 111] Connection refused""))"
2026-09-09T20:52:49.434692,1786373852673,POST,http://localhost/api/cicd/execute,0,1.76,"HTTPConnectionPool(host='localhost', port=80): Max retries exceeded with url: /api/cicd/execute (Caused by NewConnectionError(""HTTPConnection(host='localhost', port=80): Failed to establish a new connection: [Errno 111] Connection refused""))"
2026-09-09T20:52:49.469073,1786373852673,POST,http://localhost/api/cicd/execute,0,3.37,"HTTPConnectionPool(host='localhost', port=80): Max retries exceeded with url: /api/cicd/execute (Caused by NewConnectionError(""HTTPConnection(host='localhost', port=80): Failed to establish a new connection: [Errno 111] Connection refused""))"
2026-09-09T20:52:49.469446,1786374210148,GET,http://localhost/api/cicd/status/40665,0,2.56,"HTTPConnectionPool(host='localhost', port=80): Max retries exceeded with url: /api/cicd/status/40665 (Caused by NewConnectionError(""HTTPConnection(host='localhost', port=80): Failed to establish a new connection: [Errno 111] Connection refused""))"
2026-09-09T20:52:49.518513,1786374210148,GET,http://localhost/api/cicd/status/40665,0,6.84,"HTTPConnectionPool(host='localhost', port=80): Max retries exceeded with url: /api/cicd/status/40665 (Caused by NewConnectionError(""HTTPConnection(host='localhost', port=80): Failed to establish a new connection: [Errno 111] Connection refused""))"
2026-09-09T20:52:49.518942,1786373852673,POST,http://localhost/api/cicd/execute,0,9.55,"HTTPConnectionPool(host='localhost', port=80): Max retries exceeded with url: /api/cicd/execute (Caused by NewConnectionError(""HTTPConnection(host='localhost', port=80): Failed to establish a new connection: [Errno 111] Connection refused""))"
2026-09-09T20:52:49.519355,1786373852673,POST,http://localhost/api/cicd/execute,0,8.79,"HTTPConnectionPool(host='localhost', port=80): Max retries exceeded with url: /api/cicd/execute (Caused by NewConnectionError(""HTTPConnection(host='localhost', port=80): Failed to establish a new connection: [Errno 111] Connection refused""))"
2026-09-09T20:52:49.519813,1786374210148,GET,http://localhost/api/cicd/status/40665,0,4.79,"HTTPConnectionPool(host='localhost', port=80): Max retries exceeded with url: /api/cicd/status/40665 (Caused by NewConnectionError(""HTTPConnection(host='localhost', port=80): Failed to establish a new connection: [Errno 111] Connection refused""))"
2026-09-09T20:52:49.520032,1786374210148,GET,http://localhost/api/cicd/status/40665,0,7.32,"HTTPConnectionPool(host='localhost', port=80): Max retries exceeded with url: /api/cicd/status/40665 (Caused by NewConnectionError(""HTTPConnection(host='localhost', port=80): Failed to establish a new connection: [Errno 111] Connection refused""))"
2026-09-09T20:52:49.520397,1786373852673,POST,http://localhost/api/cicd/execute,0,6.62,"HTTPConnectionPool(host='localhost', port=80): Max retries exceeded with url: /api/cicd/execute (Caused by NewConnectionError(""HTTPConnection(host='localhost', port=80): Failed to establish a new connection: [Errno 111] Connection refused""))"
2026-09-09T20:52:49.520619,1786373852673,POST,http://localhost/api/cicd/execute,0,4.39,"HTTPConnectionPool(host='localhost', port=80): Max retries exceeded with url: /api/cicd/execute (Caused by NewConnectionError(""HTTPConnection(host='localhost', port=80): Failed to establish a new connection: [Errno 111] Connection refused""))"
2026-09-09T20:52:49.536923,1786374210148,GET,http://localhost/api/cicd/status/40665,0,2.03,"HTTPConnectionPool(host='localhost', port=80): Max retries exceeded with url: /api/cicd/status/40665 (Caused by NewConnectionError(""HTTPConnection(host='localhost', port=80): Failed to establish a new connection: [Errno 111] Connection refused""))"
2026-09-09T20:52:49.571928,1786374210148,GET,http://localhost/api/cicd/status/40665,0,2.68,"HTTPConnectionPool(host='localhost', port=80): Max retries exceeded with url: /api/cicd/status/40665 (Caused by NewConnectionError(""HTTPConnection(host='localhost', port=80): Failed to establish a new connection: [Errno 111] Connection refused""))"
2026-09-09T20:52:49.572113,1786373852673,POST,http://localhost/api/cicd/execute,0,1.6,"HTTPConnectionPool(host='localhost', port=80): Max retries exceeded with url: /api/cicd/execute (Caused by NewConnectionError(""HTTPConnection(host='localhost', port=80): Failed to establish a new connection: [Errno 111] Connection refused""))"
2026-09-09T20:52:49.625994,1786373852673,POST,http://localhost/api/cicd/execute,0,3.7,"HTTPConnectionPool(host='localhost', port=80): Max retries exceeded with url: /api/cicd/execute (Caused by NewConnectionError(""HTTPConnection(host='localhost', port=80): Failed to establish a new connection: [Errno 111] Connection refused""))"
2026-09-09T20:52:49.626150,1786374210148,GET,http://localhost/api/cicd/status/40665,0,2.11,"HTTPConnectionPool(host='localhost', port=80): Max retries exceeded with url: /api/cicd/status/40665 (Caused by NewConnectionError(""HTTPConnection(host='localhost', port=80): Failed to establish a new connection: [Errno 111] Connection refused""))"
2026-09-09T20:52:49.626309,1786374210148,GET,http://localhost/api/cicd/status/40665,0,2.86,"HTTPConnectionPool(host='localhost', port=80): Max retries exceeded with url: /api/cicd/status/40665 (Caused by NewConnectionError(""HTTPConnection(host='localhost', port=80): Failed to establish a new connection: [Errno 111] Connection refused""))"
2026-09-09T20:52:49.626441,1786374210148,GET,http://localhost/api/cicd/status/40665,0,4.78,"HTTPConnectionPool(host='localhost', port=80): Max retries exceeded with url: /api/cicd/status/40665 (Caused by NewConnectionError(""HTTPConnection(host='localhost', port=80): Failed to establish a new connection: [Errno 111] Connection refused""))"
2026-09-09T20:52:49.626613,1786373852673,POST,http://localhost/api/cicd/execute,0,7.91,"HTTPConnectionPool(host='localhost', port=80): Max retries exceeded with url: /api/cicd/execute (Caused by NewConnectionError(""HTTPConnection(host='localhost', port=80): Failed to establish a new connection: [Errno 111] Connection refused""))"
2026-09-09T20:52:49.626762,1786373852673,POST,http://localhost/api/cicd/execute,0,6.8,"HTTPConnectionPool(host='localhost', port=80): Max retries exceeded with url: /api/cicd/execute (Caused by NewConnectionError(""HTTPConnection(host='localhost', port=80): Failed to establish a new connection: [Errno 111] Connection refused""))"
2026-09-09T20:52:49.626968,1786374210148,GET,http://localhost/api/cicd/status/40665,0,6.33,"HTTPConnectionPool(host='localhost', port=80): Max retries exceeded with url: /api/cicd/status/40665 (Caused by NewConnectionError(""HTTPConnection(host='localhost', port=80): Failed to establish a new connection: [Errno 111] Connection refused""))"
2026-09-09T20:52:49.638141,1786373852673,POST,http://localhost/api/cicd/execute,0,1.02,"HTTPConnectionPool(host='localhost', port=80): Max retries exceeded with url: /api/cicd/execute (Caused by NewConnectionError(""HTTPConnection(host='localhost', port=80): Failed to establish a new connection: [Errno 111] Connection refused""))"
2026-09-09T20:52:49.674720,1786373852673,POST,http://localhost/api/cicd/execute,0,2.6,"HTTPConnectionPool(host='localhost', port=80): Max retries exceeded with url: /api/cicd/execute (Caused by NewConnectionError(""HTTPConnection(host='localhost', port=80): Failed to establish a new connection: [Errno 111] Connection refused""))"
2026-09-09T20:52:49.675173,1786374210148,GET,http://localhost/api/cicd/status/40665,0,1.89,"HTTPConnectionPool(host='localhost', port=80): Max retries exceeded with url: /api/cicd/status/40665 (Caused by NewConnectionError(""HTTPConnection(host='localhost', port=80): Failed to establish a new connection: [Errno 111] Connection refused""))"
2026-09-09T20:52:49.735973,1786373852673,POST,http://localhost/api/cicd/execute,0,7.3,"HTTPConnectionPool(host='localhost', port=80): Max retries exceeded with url: /api/cicd/execute (Caused by NewConnectionError(""HTTPConnection(host='localhost', port=80): Failed to establish a new connection: [Errno 111] Connection refused""))"
2026-09-09T20:52:49.736227,1786374210148,GET,http://localhost/api/cicd/status/40665,0,10.09,"HTTPConnectionPool(host='localhost', port=80): Max retries exceeded with url: /api/cicd/status/40665 (Caused by NewConnectionError(""HTTPConnection(host='localhost', port=80): Failed to establish a new connection: [Errno 111] Connection refused""))"
2026-09-09T20:52:49.736948,1786373852673,POST,http://localhost/api/cicd/execute,0,9.36,"HTTPConnectionPool(host='localhost', port=80): Max retries exceeded with url: /api/cicd/execute (Caused by NewConnectionError(""HTTPConnection(host='localhost', port=80): Failed to establish a new connection: [Errno 111] Connection refused""))"
2026-09-09T20:52:49.737219,1786373852673,POST,http://localhost/api/cicd/execute,0,7.37,"HTTPConnectionPool(host='localhost', port=80): Max retries exceeded with url: /api/cicd/execute (Caused by NewConnectionError(""HTTPConnection(host='localhost', port=80): Failed to establish a new connection: [Errno 111] Connection refused""))"
2026-09-09T20:52:49.737428,1786374210148,GET,http://localhost/api/cicd/status/40665,0,5.43,"HTTPConnectionPool(host='localhost', port=80): Max retries exceeded with url: /api/cicd/status/40665 (Caused by NewConnectionError(""HTTPConnection(host='localhost', port=80): Failed to establish a new connection: [Errno 111] Connection refused""))"
2026-09-09T20:52:49.737675,1786374210148,GET,http://localhost/api/cicd/status/40665,0,6.72,"HTTPConnectionPool(host='localhost', port=80): Max retries exceeded with url: /api/cicd/status/40665 (Caused by NewConnectionError(""HTTPConnection(host='localhost', port=80): Failed to establish a new connection: [Errno 111] Connection refused""))"
2026-09-09T20:52:49.738380,1786373852673,POST,http://localhost/api/cicd/execute,0,4.55,"HTTPConnectionPool(host='localhost', port=80): Max retries exceeded with url: /api/cicd/execute (Caused by NewConnectionError(""HTTPConnection(host='localhost', port=80): Failed to establish a new connection: [Errno 111] Connection refused""))"
2026-09-09T20:52:49.740013,1786374210148,GET,http://localhost/api/cicd/status/40665,0,1.56,"HTTPConnectionPool(host='localhost', port=80): Max retries exceeded with url: /api/cicd/status/40665 (Caused by NewConnectionError(""HTTPConnection(host='localhost', port=80): Failed to establish a new connection: [Errno 111] Connection refused""))"
2026-09-09T20:52:49.777462,1786374210148,GET,http://localhost/api/cicd/status/40665,0,2.58,"HTTPConnectionPool(host='localhost', port=80): Max retries exceeded with url: /api/cicd/status/40665 (Caused by NewConnectionError(""HTTPConnection(host='localhost', port=80): Failed to establish a new connection: [Errno 111] Connection refused""))"
2026-09-09T20:52:49.777940,1786373852673,POST,http://localhost/api/cicd/execute,0,1.96,"HTTPConnectionPool(host='localhost', port=80): Max retries exceeded with url: /api/cicd/execute (Caused by NewConnectionError(""HTTPConnection(host='localhost', port=80): Failed to establish a new connection: [Errno 111] Connection refused""))"
2026-09-09T20:52:49.846203,1786374210148,GET,http://localhost/api/cicd/status/40665,0,10.05,"HTTPConnectionPool(host='localhost', port=80): Max retries exceeded with url: /api/cicd/status/40665 (Caused by NewConnectionError(""HTTPConnection(host='localhost', port=80): Failed to establish a new connection: [Errno 111] Connection refused""))"
2026-09-09T20:52:49.847195,1786374210148,GET,http://localhost/api/cicd/status/40665,0,8.84,"HTTPConnectionPool(host='localhost', port=80): Max retries exceeded with url: /api/cicd/status/40665 (Caused by NewConnectionError(""HTTPConnection(host='localhost', port=80): Failed to establish a new connection: [Errno 111] Connection refused""))"
2026-09-09T20:52:49.847537,1786374210148,GET,http://localhost/api/cicd/status/40665,0,5.82,"HTTPConnectionPool(host='localhost', port=80): Max retries exceeded with url: /api/cicd/status/40665 (Caused by NewConnectionError(""HTTPConnection(host='localhost', port=80): Failed to establish a new connection: [Errno 111] Connection refused""))"
2026-09-09T20:52:49.848048,1786373852673,POST,http://localhost/api/cicd/execute,0,5.2,"HTTPConnectionPool(host='localhost', port=80): Max retries exceeded with url: /api/cicd/execute (Caused by NewConnectionError(""HTTPConnection(host='localhost', port=80): Failed to establish a new connection: [Errno 111] Connection refused""))"
2026-09-09T20:52:49.848349,1786373852673,POST,http://localhost/api/cicd/execute,0,4.22,"HTTPConnectionPool(host='localhost', port=80): Max retries exceeded with url: /api/cicd/execute (Caused by NewConnectionError(""HTTPConnection(host='localhost', port=80): Failed to establish a new connection: [Errno 111] Connection refused""))"
2026-09-09T20:52:49.848609,1786373852673,POST,http://localhost/api/cicd/execute,0,8.01,"HTTPConnectionPool(host='localhost', port=80): Max retries exceeded with url: /api/cicd/execute (Caused by NewConnectionError(""HTTPConnection(host='localhost', port=80): Failed to establish a new connection: [Errno 111] Connection refused""))"
2026-09-09T20:52:49.849006,1786373852673,POST,http://localhost/api/cicd/execute,0,11.73,"HTTPConnectionPool(host='localhost', port=80): Max retries exceeded with url: /api/cicd/execute (Caused by NewConnectionError(""HTTPConnection(host='localhost', port=80): Failed to establish a new connection: [Errno 111] Connection refused""))"
2026-09-09T20:52:49.849738,1786374210148,GET,http://localhost/api/cicd/status/40665,0,10.31,"HTTPConnectionPool(host='localhost', port=80): Max retries exceeded with url: /api/cicd/status/40665 (Caused by NewConnectionError(""HTTPConnection(host='localhost', port=80): Failed to establish a new connection: [Errno 111] Connection refused""))"
2026-09-09T20:52:49.880377,1786373852673,POST,http://localhost/api/cicd/execute,0,2.76,"HTTPConnectionPool(host='localhost', port=80): Max retries exceeded with url: /api/cicd/execute (Caused by NewConnectionError(""HTTPConnection(host='localhost', port=80): Failed to establish a new connection: [Errno 111] Connection refused""))"
2026-09-09T20:52:49.880612,1786374210148,GET,http://localhost/api/cicd/status/40665,0,1.87,"HTTPConnectionPool(host='localhost', port=80): Max retries exceeded with url: /api/cicd/status/40665 (Caused by NewConnectionError(""HTTPConnection(host='localhost', port=80): Failed to establish a new connection: [Errno 111] Connection refused""))"
2026-09-09T20:52:49.957003,1786373852673,POST,http://localhost/api/cicd/execute,0,9.5,"HTTPConnectionPool(host='localhost', port=80): Max retries exceeded with url: /api/cicd/execute (Caused by NewConnectionError(""HTTPConnection(host='localhost', port=80): Failed to establish a new connection: [Errno 111] Connection refused""))"
2026-09-09T20:52:49.957422,1786374210148,GET,http://localhost/api/cicd/status/40665,0,5.23,"HTTPConnectionPool(host='localhost', port=80): Max retries exceeded with url: /api/cicd/status/40665 (Caused by NewConnectionError(""HTTPConnection(host='localhost', port=80): Failed to establish a new connection: [Errno 111] Connection refused""))"
2026-09-09T20:52:49.957823,1786374210148,GET,http://localhost/api/cicd/status/40665,0,7.96,"HTTPConnectionPool(host='localhost', port=80): Max retries exceeded with url: /api/cicd/status/40665 (Caused by NewConnectionError(""HTTPConnection(host='localhost', port=80): Failed to establish a new connection: [Errno 111] Connection refused""))"
2026-09-09T20:52:49.958075,1786373852673,POST,http://localhost/api/cicd/execute,0,11.7,"HTTPConnectionPool(host='localhost', port=80): Max retries exceeded with url: /api/cicd/execute (Caused by NewConnectionError(""HTTPConnection(host='localhost', port=80): Failed to establish a new connection: [Errno 111] Connection refused""))"
2026-09-09T20:52:49.958515,1786373852673,POST,http://localhost/api/cicd/execute,0,9.82,"HTTPConnectionPool(host='localhost', port=80): Max retries exceeded with url: /api/cicd/execute (Caused by NewConnectionError(""HTTPConnection(host='localhost', port=80): Failed to establish a new connection: [Errno 111] Connection refused""))"
2026-09-09T20:52:49.958872,1786374210148,GET,http://localhost/api/cicd/status/40665,0,7.87,"HTTPConnectionPool(host='localhost', port=80): Max retries exceeded with url: /api/cicd/status/40665 (Caused by NewConnectionError(""HTTPConnection(host='localhost', port=80): Failed to establish a new connection: [Errno 111] Connection refused""))"
2026-09-09T20:52:49.959272,1786374210148,GET,http://localhost/api/cicd/status/40665,0,5.95,"HTTPConnectionPool(host='localhost', port=80): Max retries exceeded with url: /api/cicd/status/40665 (Caused by NewConnectionError(""HTTPConnection(host='localhost', port=80): Failed to establish a new connection: [Errno 111] Connection refused""))"
2026-09-09T20:52:49.959499,1786373852673,POST,http://localhost/api/cicd/execute,0,4.89,"HTTPConnectionPool(host='localhost', port=80): Max retries exceeded with url: /api/cicd/execute (Caused by NewConnectionError(""HTTPConnection(host='localhost', port=80): Failed to establish a new connection: [Errno 111] Connection refused""))"
2026-09-09T20:52:49.982933,1786374210148,GET,http://localhost/api/cicd/status/40665,0,2.4,"HTTPConnectionPool(host='localhost', port=80): Max retries exceeded with url: /api/cicd/status/40665 (Caused by NewConnectionError(""HTTPConnection(host='localhost', port=80): Failed to establish a new connection: [Errno 111] Connection refused""))"
2026-09-09T20:52:49.983431,1786373852673,POST,http://localhost/api/cicd/execute,0,1.9,"HTTPConnectionPool(host='localhost', port=80): Max retries exceeded with url: /api/cicd/execute (Caused by NewConnectionError(""HTTPConnection(host='localhost', port=80): Failed to establish a new connection: [Errno 111] Connection refused""))"
2026-09-09T20:52:50.067274,1786373852673,POST,http://localhost/api/cicd/execute,0,7.77,"HTTPConnectionPool(host='localhost', port=80): Max retries exceeded with url: /api/cicd/execute (Caused by NewConnectionError(""HTTPConnection(host='localhost', port=80): Failed to establish a new connection: [Errno 111] Connection refused""))"
2026-09-09T20:52:50.067782,1786373852673,POST,http://localhost/api/cicd/execute,0,4.09,"HTTPConnectionPool(host='localhost', port=80): Max retries exceeded with url: /api/cicd/execute (Caused by NewConnectionError(""HTTPConnection(host='localhost', port=80): Failed to establish a new connection: [Errno 111] Connection refused""))"
2026-09-09T20:52:50.068091,1786374210148,GET,http://localhost/api/cicd/status/40665,0,7.74,"HTTPConnectionPool(host='localhost', port=80): Max retries exceeded with url: /api/cicd/status/40665 (Caused by NewConnectionError(""HTTPConnection(host='localhost', port=80): Failed to establish a new connection: [Errno 111] Connection refused""))"
2026-09-09T20:52:50.068576,1786373852673,POST,http://localhost/api/cicd/execute,0,10.12,"HTTPConnectionPool(host='localhost', port=80): Max retries exceeded with url: /api/cicd/execute (Caused by NewConnectionError(""HTTPConnection(host='localhost', port=80): Failed to establish a new connection: [Errno 111] Connection refused""))"
2026-09-09T20:52:50.069058,1786374210148,GET,http://localhost/api/cicd/status/40665,0,11.88,"HTTPConnectionPool(host='localhost', port=80): Max retries exceeded with url: /api/cicd/status/40665 (Caused by NewConnectionError(""HTTPConnection(host='localhost', port=80): Failed to establish a new connection: [Errno 111] Connection refused""))"
2026-09-09T20:52:50.069563,1786373852673,POST,http://localhost/api/cicd/execute,0,4.23,"HTTPConnectionPool(host='localhost', port=80): Max retries exceeded with url: /api/cicd/execute (Caused by NewConnectionError(""HTTPConnection(host='localhost', port=80): Failed to establish a new connection: [Errno 111] Connection refused""))"
2026-09-09T20:52:50.069792,1786374210148,GET,http://localhost/api/cicd/status/40665,0,7.26,"HTTPConnectionPool(host='localhost', port=80): Max retries exceeded with url: /api/cicd/status/40665 (Caused by NewConnectionError(""HTTPConnection(host='localhost', port=80): Failed to establish a new connection: [Errno 111] Connection refused""))"
2026-09-09T20:52:50.070006,1786374210148,GET,http://localhost/api/cicd/status/40665,0,8.52,"HTTPConnectionPool(host='localhost', port=80): Max retries exceeded with url: /api/cicd/status/40665 (Caused by NewConnectionError(""HTTPConnection(host='localhost', port=80): Failed to establish a new connection: [Errno 111] Connection refused""))"
2026-09-09T20:52:50.085704,1786373852673,POST,http://localhost/api/cicd/execute,0,2.61,"HTTPConnectionPool(host='localhost', port=80): Max retries exceeded with url: /api/cicd/execute (Caused by NewConnectionError(""HTTPConnection(host='localhost', port=80): Failed to establish a new connection: [Errno 111] Connection refused""))"
2026-09-09T20:52:50.086146,1786374210148,GET,http://localhost/api/cicd/status/40665,0,1.91,"HTTPConnectionPool(host='localhost', port=80): Max retries exceeded with url: /api/cicd/status/40665 (Caused by NewConnectionError(""HTTPConnection(host='localhost', port=80): Failed to establish a new connection: [Errno 111] Connection refused""))"
2026-09-09T20:52:50.178376,1786374210148,GET,http://localhost/api/cicd/status/40665,0,10.93,"HTTPConnectionPool(host='localhost', port=80): Max retries exceeded with url: /api/cicd/status/40665 (Caused by NewConnectionError(""HTTPConnection(host='localhost', port=80): Failed to establish a new connection: [Errno 111] Connection refused""))"
2026-09-09T20:52:50.178781,1786374210148,GET,http://localhost/api/cicd/status/40665,0,7.87,"HTTPConnectionPool(host='localhost', port=80): Max retries exceeded with url: /api/cicd/status/40665 (Caused by NewConnectionError(""HTTPConnection(host='localhost', port=80): Failed to establish a new connection: [Errno 111] Connection refused""))"
2026-09-09T20:52:50.179201,1786374210148,GET,http://localhost/api/cicd/status/40665,0,10.64,"HTTPConnectionPool(host='localhost', port=80): Max retries exceeded with url: /api/cicd/status/40665 (Caused by NewConnectionError(""HTTPConnection(host='localhost', port=80): Failed to establish a new connection: [Errno 111] Connection refused""))"
2026-09-09T20:52:50.179530,1786374210148,GET,http://localhost/api/cicd/status/40665,0,3.58,"HTTPConnectionPool(host='localhost', port=80): Max retries exceeded with url: /api/cicd/status/40665 (Caused by NewConnectionError(""HTTPConnection(host='localhost', port=80): Failed to establish a new connection: [Errno 111] Connection refused""))"
2026-09-09T20:52:50.180000,1786373852673,POST,http://localhost/api/cicd/execute,0,6.58,"HTTPConnectionPool(host='localhost', port=80): Max retries exceeded with url: /api/cicd/execute (Caused by NewConnectionError(""HTTPConnection(host='localhost', port=80): Failed to establish a new connection: [Errno 111] Connection refused""))"
2026-09-09T20:52:50.180389,1786373852673,POST,http://localhost/api/cicd/execute,0,5.83,"HTTPConnectionPool(host='localhost', port=80): Max retries exceeded with url: /api/cicd/execute (Caused by NewConnectionError(""HTTPConnection(host='localhost', port=80): Failed to establish a new connection: [Errno 111] Connection refused""))"
2026-09-09T20:52:50.180690,1786373852673,POST,http://localhost/api/cicd/execute,0,11.0,"HTTPConnectionPool(host='localhost', port=80): Max retries exceeded with url: /api/cicd/execute (Caused by NewConnectionError(""HTTPConnection(host='localhost', port=80): Failed to establish a new connection: [Errno 111] Connection refused""))"
2026-09-09T20:52:50.181092,1786373852673,POST,http://localhost/api/cicd/execute,0,8.8,"HTTPConnectionPool(host='localhost', port=80): Max retries exceeded with url: /api/cicd/execute (Caused by NewConnectionError(""HTTPConnection(host='localhost', port=80): Failed to establish a new connection: [Errno 111] Connection refused""))"
2026-09-09T20:52:50.188645,1786374210148,GET,http://localhost/api/cicd/status/40665,0,2.77,"HTTPConnectionPool(host='localhost', port=80): Max retries exceeded with url: /api/cicd/status/40665 (Caused by NewConnectionError(""HTTPConnection(host='localhost', port=80): Failed to establish a new connection: [Errno 111] Connection refused""))"
2026-09-09T20:52:50.188989,1786373852673,POST,http://localhost/api/cicd/execute,0,2.04,"HTTPConnectionPool(host='localhost', port=80): Max retries exceeded with url: /api/cicd/execute (Caused by NewConnectionError(""HTTPConnection(host='localhost', port=80): Failed to establish a new connection: [Errno 111] Connection refused""))"
2026-09-09T20:52:50.296642,1786373852673,POST,http://localhost/api/cicd/execute,0,15.68,"HTTPConnectionPool(host='localhost', port=80): Max retries exceeded with url: /api/cicd/execute (Caused by NewConnectionError(""HTTPConnection(host='localhost', port=80): Failed to establish a new connection: [Errno 111] Connection refused""))"
2026-09-09T20:52:50.296925,1786373852673,POST,http://localhost/api/cicd/execute,0,14.83,"HTTPConnectionPool(host='localhost', port=80): Max retries exceeded with url: /api/cicd/execute (Caused by NewConnectionError(""HTTPConnection(host='localhost', port=80): Failed to establish a new connection: [Errno 111] Connection refused""))"
2026-09-09T20:52:50.297464,1786374210148,GET,http://localhost/api/cicd/status/40665,0,11.89,"HTTPConnectionPool(host='localhost', port=80): Max retries exceeded with url: /api/cicd/status/40665 (Caused by NewConnectionError(""HTTPConnection(host='localhost', port=80): Failed to establish a new connection: [Errno 111] Connection refused""))"
2026-09-09T20:52:50.297851,1786373852673,POST,http://localhost/api/cicd/execute,0,19.32,"HTTPConnectionPool(host='localhost', port=80): Max retries exceeded with url: /api/cicd/execute (Caused by NewConnectionError(""HTTPConnection(host='localhost', port=80): Failed to establish a new connection: [Errno 111] Connection refused""))"
2026-09-09T20:52:50.298352,1786373852673,POST,http://localhost/api/cicd/execute,0,18.52,"HTTPConnectionPool(host='localhost', port=80): Max retries exceeded with url: /api/cicd/execute (Caused by NewConnectionError(""HTTPConnection(host='localhost', port=80): Failed to establish a new connection: [Errno 111] Connection refused""))"
2026-09-09T20:52:50.298563,1786374210148,GET,http://localhost/api/cicd/status/40665,0,11.91,"HTTPConnectionPool(host='localhost', port=80): Max retries exceeded with url: /api/cicd/status/40665 (Caused by NewConnectionError(""HTTPConnection(host='localhost', port=80): Failed to establish a new connection: [Errno 111] Connection refused""))"
2026-09-09T20:52:50.298807,1786374210148,GET,http://localhost/api/cicd/status/40665,0,15.5,"HTTPConnectionPool(host='localhost', port=80): Max retries exceeded with url: /api/cicd/status/40665 (Caused by NewConnectionError(""HTTPConnection(host='localhost', port=80): Failed to establish a new connection: [Errno 111] Connection refused""))"
2026-09-09T20:52:50.299077,1786374210148,GET,http://localhost/api/cicd/status/40665,0,14.59,"HTTPConnectionPool(host='localhost', port=80): Max retries exceeded with url: /api/cicd/status/40665 (Caused by NewConnectionError(""HTTPConnection(host='localhost', port=80): Failed to establish a new connection: [Errno 111] Connection refused""))"
2026-09-09T20:52:50.299714,1786374210148,GET,http://localhost/api/cicd/status/40665,0,9.51,"HTTPConnectionPool(host='localhost', port=80): Max retries exceeded with url: /api/cicd/status/40665 (Caused by NewConnectionError(""HTTPConnection(host='localhost', port=80): Failed to establish a new connection: [Errno 111] Connection refused""))"
2026-09-09T20:52:50.300032,1786373852673,POST,http://localhost/api/cicd/execute,0,11.22,"HTTPConnectionPool(host='localhost', port=80): Max retries exceeded with url: /api/cicd/execute (Caused by NewConnectionError(""HTTPConnection(host='localhost', port=80): Failed to establish a new connection: [Errno 111] Connection refused""))"
2026-09-09T20:52:50.410447,1786373852673,POST,http://localhost/api/cicd/execute,0,11.11,"HTTPConnectionPool(host='localhost', port=80): Max retries exceeded with url: /api/cicd/execute (Caused by NewConnectionError(""HTTPConnection(host='localhost', port=80): Failed to establish a new connection: [Errno 111] Connection refused""))"
2026-09-09T20:52:50.411185,1786374210148,GET,http://localhost/api/cicd/status/40665,0,13.0,"HTTPConnectionPool(host='localhost', port=80): Max retries exceeded with url: /api/cicd/status/40665 (Caused by NewConnectionError(""HTTPConnection(host='localhost', port=80): Failed to establish a new connection: [Errno 111] Connection refused""))"
2026-09-09T20:52:50.411581,1786374210148,GET,http://localhost/api/cicd/status/40665,0,14.77,"HTTPConnectionPool(host='localhost', port=80): Max retries exceeded with url: /api/cicd/status/40665 (Caused by NewConnectionError(""HTTPConnection(host='localhost', port=80): Failed to establish a new connection: [Errno 111] Connection refused""))"
2026-09-09T20:52:50.412410,1786373852673,POST,http://localhost/api/cicd/execute,0,8.01,"HTTPConnectionPool(host='localhost', port=80): Max retries exceeded with url: /api/cicd/execute (Caused by NewConnectionError(""HTTPConnection(host='localhost', port=80): Failed to establish a new connection: [Errno 111] Connection refused""))"
2026-09-09T20:52:50.412950,1786374210148,GET,http://localhost/api/cicd/status/40665,0,10.87,"HTTPConnectionPool(host='localhost', port=80): Max retries exceeded with url: /api/cicd/status/40665 (Caused by NewConnectionError(""HTTPConnection(host='localhost', port=80): Failed to establish a new connection: [Errno 111] Connection refused""))"
2026-09-09T20:52:50.413213,1786374210148,GET,http://localhost/api/cicd/status/40665,0,5.04,"HTTPConnectionPool(host='localhost', port=80): Max retries exceeded with url: /api/cicd/status/40665 (Caused by NewConnectionError(""HTTPConnection(host='localhost', port=80): Failed to establish a new connection: [Errno 111] Connection refused""))"
2026-09-09T20:52:50.414385,1786373852673,POST,http://localhost/api/cicd/execute,0,11.2,"HTTPConnectionPool(host='localhost', port=80): Max retries exceeded with url: /api/cicd/execute (Caused by NewConnectionError(""HTTPConnection(host='localhost', port=80): Failed to establish a new connection: [Errno 111] Connection refused""))"
2026-09-09T20:52:50.414940,1786374210148,GET,http://localhost/api/cicd/status/40665,0,14.5,"HTTPConnectionPool(host='localhost', port=80): Max retries exceeded with url: /api/cicd/status/40665 (Caused by NewConnectionError(""HTTPConnection(host='localhost', port=80): Failed to establish a new connection: [Errno 111] Connection refused""))"
2026-09-09T20:52:50.415238,1786373852673,POST,http://localhost/api/cicd/execute,0,8.51,"HTTPConnectionPool(host='localhost', port=80): Max retries exceeded with url: /api/cicd/execute (Caused by NewConnectionError(""HTTPConnection(host='localhost', port=80): Failed to establish a new connection: [Errno 111] Connection refused""))"
2026-09-09T20:52:50.415591,1786373852673,POST,http://localhost/api/cicd/execute,0,10.06,"HTTPConnectionPool(host='localhost', port=80): Max retries exceeded with url: /api/cicd/execute (Caused by NewConnectionError(""HTTPConnection(host='localhost', port=80): Failed to establish a new connection: [Errno 111] Connection refused""))"
2026-09-09T20:52:50.523331,1786374210148,GET,http://localhost/api/cicd/status/40665,0,12.7,"HTTPConnectionPool(host='localhost', port=80): Max retries exceeded with url: /api/cicd/status/40665 (Caused by NewConnectionError(""HTTPConnection(host='localhost', port=80): Failed to establish a new connection: [Errno 111] Connection refused""))"
2026-09-09T20:52:50.523806,1786373852673,POST,http://localhost/api/cicd/execute,0,10.95,"HTTPConnectionPool(host='localhost', port=80): Max retries exceeded with url: /api/cicd/execute (Caused by NewConnectionError(""HTTPConnection(host='localhost', port=80): Failed to establish a new connection: [Errno 111] Connection refused""))"
2026-09-09T20:52:50.524266,1786373852673,POST,http://localhost/api/cicd/execute,0,12.51,"HTTPConnectionPool(host='localhost', port=80): Max retries exceeded with url: /api/cicd/execute (Caused by NewConnectionError(""HTTPConnection(host='localhost', port=80): Failed to establish a new connection: [Errno 111] Connection refused""))"
2026-09-09T20:52:50.525569,1786374210148,GET,http://localhost/api/cicd/status/40665,0,9.15,"HTTPConnectionPool(host='localhost', port=80): Max retries exceeded with url: /api/cicd/status/40665 (Caused by NewConnectionError(""HTTPConnection(host='localhost', port=80): Failed to establish a new connection: [Errno 111] Connection refused""))"
2026-09-09T20:52:50.525887,1786374210148,GET,http://localhost/api/cicd/status/40665,0,8.38,"HTTPConnectionPool(host='localhost', port=80): Max retries exceeded with url: /api/cicd/status/40665 (Caused by NewConnectionError(""HTTPConnection(host='localhost', port=80): Failed to establish a new connection: [Errno 111] Connection refused""))"
2026-09-09T20:52:50.526096,1786373852673,POST,http://localhost/api/cicd/execute,0,6.43,"HTTPConnectionPool(host='localhost', port=80): Max retries exceeded with url: /api/cicd/execute (Caused by NewConnectionError(""HTTPConnection(host='localhost', port=80): Failed to establish a new connection: [Errno 111] Connection refused""))"
2026-09-09T20:52:50.526597,1786374210148,GET,http://localhost/api/cicd/status/40665,0,8.02,"HTTPConnectionPool(host='localhost', port=80): Max retries exceeded with url: /api/cicd/status/40665 (Caused by NewConnectionError(""HTTPConnection(host='localhost', port=80): Failed to establish a new connection: [Errno 111] Connection refused""))"
2026-09-09T20:52:50.526801,1786373852673,POST,http://localhost/api/cicd/execute,0,5.64,"HTTPConnectionPool(host='localhost', port=80): Max retries exceeded with url: /api/cicd/execute (Caused by NewConnectionError(""HTTPConnection(host='localhost', port=80): Failed to establish a new connection: [Errno 111] Connection refused""))"
2026-09-09T20:52:50.527027,1786374210148,GET,http://localhost/api/cicd/status/40665,0,12.94,"HTTPConnectionPool(host='localhost', port=80): Max retries exceeded with url: /api/cicd/status/40665 (Caused by NewConnectionError(""HTTPConnection(host='localhost', port=80): Failed to establish a new connection: [Errno 111] Connection refused""))"
2026-09-09T20:52:50.527504,1786373852673,POST,http://localhost/api/cicd/execute,0,12.38,"HTTPConnectionPool(host='localhost', port=80): Max retries exceeded with url: /api/cicd/execute (Caused by NewConnectionError(""HTTPConnection(host='localhost', port=80): Failed to establish a new connection: [Errno 111] Connection refused""))"
2026-09-09T20:52:50.637182,1786374210148,GET,http://localhost/api/cicd/status/40665,0,12.35,"HTTPConnectionPool(host='localhost', port=80): Max retries exceeded with url: /api/cicd/status/40665 (Caused by NewConnectionError(""HTTPConnection(host='localhost', port=80): Failed to establish a new connection: [Errno 111] Connection refused""))"
2026-09-09T20:52:50.638611,1786373852673,POST,http://localhost/api/cicd/execute,0,8.78,"HTTPConnectionPool(host='localhost', port=80): Max retries exceeded with url: /api/cicd/execute (Caused by NewConnectionError(""HTTPConnection(host='localhost', port=80): Failed to establish a new connection: [Errno 111] Connection refused""))"
2026-09-09T20:52:50.639033,1786374210148,GET,http://localhost/api/cicd/status/40665,0,13.1,"HTTPConnectionPool(host='localhost', port=80): Max retries exceeded with url: /api/cicd/status/40665 (Caused by NewConnectionError(""HTTPConnection(host='localhost', port=80): Failed to establish a new connection: [Errno 111] Connection refused""))"
2026-09-09T20:52:50.639323,1786373852673,POST,http://localhost/api/cicd/execute,0,5.58,"HTTPConnectionPool(host='localhost', port=80): Max retries exceeded with url: /api/cicd/execute (Caused by NewConnectionError(""HTTPConnection(host='localhost', port=80): Failed to establish a new connection: [Errno 111] Connection refused""))"
2026-09-09T20:52:50.639686,1786374210148,GET,http://localhost/api/cicd/status/40665,0,7.13,"HTTPConnectionPool(host='localhost', port=80): Max retries exceeded with url: /api/cicd/status/40665 (Caused by NewConnectionError(""HTTPConnection(host='localhost', port=80): Failed to establish a new connection: [Errno 111] Connection refused""))"
2026-09-09T20:52:50.640060,1786373852673,POST,http://localhost/api/cicd/execute,0,11.35,"HTTPConnectionPool(host='localhost', port=80): Max retries exceeded with url: /api/cicd/execute (Caused by NewConnectionError(""HTTPConnection(host='localhost', port=80): Failed to establish a new connection: [Errno 111] Connection refused""))"
2026-09-09T20:52:50.640326,1786373852673,POST,http://localhost/api/cicd/execute,0,16.8,"HTTPConnectionPool(host='localhost', port=80): Max retries exceeded with url: /api/cicd/execute (Caused by NewConnectionError(""HTTPConnection(host='localhost', port=80): Failed to establish a new connection: [Errno 111] Connection refused""))"
2026-09-09T20:52:50.640833,1786374210148,GET,http://localhost/api/cicd/status/40665,0,13.84,"HTTPConnectionPool(host='localhost', port=80): Max retries exceeded with url: /api/cicd/status/40665 (Caused by NewConnectionError(""HTTPConnection(host='localhost', port=80): Failed to establish a new connection: [Errno 111] Connection refused""))"
2026-09-09T20:52:50.641252,1786374210148,GET,http://localhost/api/cicd/status/40665,0,5.68,"HTTPConnectionPool(host='localhost', port=80): Max retries exceeded with url: /api/cicd/status/40665 (Caused by NewConnectionError(""HTTPConnection(host='localhost', port=80): Failed to establish a new connection: [Errno 111] Connection refused""))"
2026-09-09T20:52:50.641587,1786373852673,POST,http://localhost/api/cicd/execute,0,10.3,"HTTPConnectionPool(host='localhost', port=80): Max retries exceeded with url: /api/cicd/execute (Caused by NewConnectionError(""HTTPConnection(host='localhost', port=80): Failed to establish a new connection: [Errno 111] Connection refused""))"
2026-09-09T20:52:50.747297,1786373852673,POST,http://localhost/api/cicd/execute,0,9.92,"HTTPConnectionPool(host='localhost', port=80): Max retries exceeded with url: /api/cicd/execute (Caused by NewConnectionError(""HTTPConnection(host='localhost', port=80): Failed to establish a new connection: [Errno 111] Connection refused""))"
2026-09-09T20:52:50.752504,1786373852673,POST,http://localhost/api/cicd/execute,0,12.53,"HTTPConnectionPool(host='localhost', port=80): Max retries exceeded with url: /api/cicd/execute (Caused by NewConnectionError(""HTTPConnection(host='localhost', port=80): Failed to establish a new connection: [Errno 111] Connection refused""))"
2026-09-09T20:52:50.753220,1786374210148,GET,http://localhost/api/cicd/status/40665,0,14.43,"HTTPConnectionPool(host='localhost', port=80): Max retries exceeded with url: /api/cicd/status/40665 (Caused by NewConnectionError(""HTTPConnection(host='localhost', port=80): Failed to establish a new connection: [Errno 111] Connection refused""))"
2026-09-09T20:52:50.753525,1786374210148,GET,http://localhost/api/cicd/status/40665,0,9.85,"HTTPConnectionPool(host='localhost', port=80): Max retries exceeded with url: /api/cicd/status/40665 (Caused by NewConnectionError(""HTTPConnection(host='localhost', port=80): Failed to establish a new connection: [Errno 111] Connection refused""))"
2026-09-09T20:52:50.754276,1786374210148,GET,http://localhost/api/cicd/status/40665,0,11.73,"HTTPConnectionPool(host='localhost', port=80): Max retries exceeded with url: /api/cicd/status/40665 (Caused by NewConnectionError(""HTTPConnection(host='localhost', port=80): Failed to establish a new connection: [Errno 111] Connection refused""))"
2026-09-09T20:52:50.754597,1786374210148,GET,http://localhost/api/cicd/status/40665,0,13.47,"HTTPConnectionPool(host='localhost', port=80): Max retries exceeded with url: /api/cicd/status/40665 (Caused by NewConnectionError(""HTTPConnection(host='localhost', port=80): Failed to establish a new connection: [Errno 111] Connection refused""))"
2026-09-09T20:52:50.754971,1786373852673,POST,http://localhost/api/cicd/execute,0,6.96,"HTTPConnectionPool(host='localhost', port=80): Max retries exceeded with url: /api/cicd/execute (Caused by NewConnectionError(""HTTPConnection(host='localhost', port=80): Failed to establish a new connection: [Errno 111] Connection refused""))"
2026-09-09T20:52:50.755338,1786374210148,GET,http://localhost/api/cicd/status/40665,0,10.56,"HTTPConnectionPool(host='localhost', port=80): Max retries exceeded with url: /api/cicd/status/40665 (Caused by NewConnectionError(""HTTPConnection(host='localhost', port=80): Failed to establish a new connection: [Errno 111] Connection refused""))"
2026-09-09T20:52:50.755680,1786373852673,POST,http://localhost/api/cicd/execute,0,5.2,"HTTPConnectionPool(host='localhost', port=80): Max retries exceeded with url: /api/cicd/execute (Caused by NewConnectionError(""HTTPConnection(host='localhost', port=80): Failed to establish a new connection: [Errno 111] Connection refused""))"
2026-09-09T20:52:50.755934,1786373852673,POST,http://localhost/api/cicd/execute,0,9.96,"HTTPConnectionPool(host='localhost', port=80): Max retries exceeded with url: /api/cicd/execute (Caused by NewConnectionError(""HTTPConnection(host='localhost', port=80): Failed to establish a new connection: [Errno 111] Connection refused""))"
2026-09-09T20:52:50.849216,1786374210148,GET,http://localhost/api/cicd/status/40665,0,1.73,"HTTPConnectionPool(host='localhost', port=80): Max retries exceeded with url: /api/cicd/status/40665 (Caused by NewConnectionError(""HTTPConnection(host='localhost', port=80): Failed to establish a new connection: [Errno 111] Connection refused""))"
2026-09-09T20:52:50.864983,1786373852673,POST,http://localhost/api/cicd/execute,0,10.08,"HTTPConnectionPool(host='localhost', port=80): Max retries exceeded with url: /api/cicd/execute (Caused by NewConnectionError(""HTTPConnection(host='localhost', port=80): Failed to establish a new connection: [Errno 111] Connection refused""))"
2026-09-09T20:52:50.865261,1786374210148,GET,http://localhost/api/cicd/status/40665,0,6.82,"HTTPConnectionPool(host='localhost', port=80): Max retries exceeded with url: /api/cicd/status/40665 (Caused by NewConnectionError(""HTTPConnection(host='localhost', port=80): Failed to establish a new connection: [Errno 111] Connection refused""))"
2026-09-09T20:52:50.866119,1786373852673,POST,http://localhost/api/cicd/execute,0,12.34,"HTTPConnectionPool(host='localhost', port=80): Max retries exceeded with url: /api/cicd/execute (Caused by NewConnectionError(""HTTPConnection(host='localhost', port=80): Failed to establish a new connection: [Errno 111] Connection refused""))"
2026-09-09T20:52:50.866494,1786373852673,POST,http://localhost/api/cicd/execute,0,9.3,"HTTPConnectionPool(host='localhost', port=80): Max retries exceeded with url: /api/cicd/execute (Caused by NewConnectionError(""HTTPConnection(host='localhost', port=80): Failed to establish a new connection: [Errno 111] Connection refused""))"
2026-09-09T20:52:50.867553,1786374210148,GET,http://localhost/api/cicd/status/40665,0,11.44,"HTTPConnectionPool(host='localhost', port=80): Max retries exceeded with url: /api/cicd/status/40665 (Caused by NewConnectionError(""HTTPConnection(host='localhost', port=80): Failed to establish a new connection: [Errno 111] Connection refused""))"
2026-09-09T20:52:50.868008,1786374210148,GET,http://localhost/api/cicd/status/40665,0,15.33,"HTTPConnectionPool(host='localhost', port=80): Max retries exceeded with url: /api/cicd/status/40665 (Caused by NewConnectionError(""HTTPConnection(host='localhost', port=80): Failed to establish a new connection: [Errno 111] Connection refused""))"
2026-09-09T20:52:50.868421,1786373852673,POST,http://localhost/api/cicd/execute,0,8.64,"HTTPConnectionPool(host='localhost', port=80): Max retries exceeded with url: /api/cicd/execute (Caused by NewConnectionError(""HTTPConnection(host='localhost', port=80): Failed to establish a new connection: [Errno 111] Connection refused""))"
2026-09-09T20:52:50.868637,1786373852673,POST,http://localhost/api/cicd/execute,0,7.62,"HTTPConnectionPool(host='localhost', port=80): Max retries exceeded with url: /api/cicd/execute (Caused by NewConnectionError(""HTTPConnection(host='localhost', port=80): Failed to establish a new connection: [Errno 111] Connection refused""))"
2026-09-09T20:52:50.869041,1786374210148,GET,http://localhost/api/cicd/status/40665,0,6.85,"HTTPConnectionPool(host='localhost', port=80): Max retries exceeded with url: /api/cicd/status/40665 (Caused by NewConnectionError(""HTTPConnection(host='localhost', port=80): Failed to establish a new connection: [Errno 111] Connection refused""))"
2026-09-09T20:52:50.951256,1786373852673,POST,http://localhost/api/cicd/execute,0,1.85,"HTTPConnectionPool(host='localhost', port=80): Max retries exceeded with url: /api/cicd/execute (Caused by NewConnectionError(""HTTPConnection(host='localhost', port=80): Failed to establish a new connection: [Errno 111] Connection refused""))"
2026-09-09T20:52:50.977852,1786374210148,GET,http://localhost/api/cicd/status/40665,0,12.68,"HTTPConnectionPool(host='localhost', port=80): Max retries exceeded with url: /api/cicd/status/40665 (Caused by NewConnectionError(""HTTPConnection(host='localhost', port=80): Failed to establish a new connection: [Errno 111] Connection refused""))"
2026-09-09T20:52:50.978107,1786374210148,GET,http://localhost/api/cicd/status/40665,0,10.62,"HTTPConnectionPool(host='localhost', port=80): Max retries exceeded with url: /api/cicd/status/40665 (Caused by NewConnectionError(""HTTPConnection(host='localhost', port=80): Failed to establish a new connection: [Errno 111] Connection refused""))"
2026-09-09T20:52:50.978448,1786373852673,POST,http://localhost/api/cicd/execute,0,12.18,"HTTPConnectionPool(host='localhost', port=80): Max retries exceeded with url: /api/cicd/execute (Caused by NewConnectionError(""HTTPConnection(host='localhost', port=80): Failed to establish a new connection: [Errno 111] Connection refused""))"
2026-09-09T20:52:50.978928,1786373852673,POST,http://localhost/api/cicd/execute,0,10.15,"HTTPConnectionPool(host='localhost', port=80): Max retries exceeded with url: /api/cicd/execute (Caused by NewConnectionError(""HTTPConnection(host='localhost', port=80): Failed to establish a new connection: [Errno 111] Connection refused""))"
2026-09-09T20:52:50.979240,1786374210148,GET,http://localhost/api/cicd/status/40665,0,8.24,"HTTPConnectionPool(host='localhost', port=80): Max retries exceeded with url: /api/cicd/status/40665 (Caused by NewConnectionError(""HTTPConnection(host='localhost', port=80): Failed to establish a new connection: [Errno 111] Connection refused""))"
2026-09-09T20:52:50.979838,1786374210148,GET,http://localhost/api/cicd/status/40665,0,9.93,"HTTPConnectionPool(host='localhost', port=80): Max retries exceeded with url: /api/cicd/status/40665 (Caused by NewConnectionError(""HTTPConnection(host='localhost', port=80): Failed to establish a new connection: [Errno 111] Connection refused""))"
2026-09-09T20:52:50.980238,1786374210148,GET,http://localhost/api/cicd/status/40665,0,7.99,"HTTPConnectionPool(host='localhost', port=80): Max retries exceeded with url: /api/cicd/status/40665 (Caused by NewConnectionError(""HTTPConnection(host='localhost', port=80): Failed to establish a new connection: [Errno 111] Connection refused""))"
2026-09-09T20:52:50.980490,1786373852673,POST,http://localhost/api/cicd/execute,0,6.81,"HTTPConnectionPool(host='localhost', port=80): Max retries exceeded with url: /api/cicd/execute (Caused by NewConnectionError(""HTTPConnection(host='localhost', port=80): Failed to establish a new connection: [Errno 111] Connection refused""))"
2026-09-09T20:52:50.980808,1786373852673,POST,http://localhost/api/cicd/execute,0,5.56,"HTTPConnectionPool(host='localhost', port=80): Max retries exceeded with url: /api/cicd/execute (Caused by NewConnectionError(""HTTPConnection(host='localhost', port=80): Failed to establish a new connection: [Errno 111] Connection refused""))"
2026-09-09T20:52:51.056047,1786374210148,GET,http://localhost/api/cicd/status/40665,0,4.6,"HTTPConnectionPool(host='localhost', port=80): Max retries exceeded with url: /api/cicd/status/40665 (Caused by NewConnectionError(""HTTPConnection(host='localhost', port=80): Failed to establish a new connection: [Errno 111] Connection refused""))"
2026-09-09T20:52:51.089346,1786374210148,GET,http://localhost/api/cicd/status/40665,0,4.67,"HTTPConnectionPool(host='localhost', port=80): Max retries exceeded with url: /api/cicd/status/40665 (Caused by NewConnectionError(""HTTPConnection(host='localhost', port=80): Failed to establish a new connection: [Errno 111] Connection refused""))"
2026-09-09T20:52:51.089826,1786373852673,POST,http://localhost/api/cicd/execute,0,7.45,"HTTPConnectionPool(host='localhost', port=80): Max retries exceeded with url: /api/cicd/execute (Caused by NewConnectionError(""HTTPConnection(host='localhost', port=80): Failed to establish a new connection: [Errno 111] Connection refused""))"
2026-09-09T20:52:51.090111,1786374210148,GET,http://localhost/api/cicd/status/40665,0,4.42,"HTTPConnectionPool(host='localhost', port=80): Max retries exceeded with url: /api/cicd/status/40665 (Caused by NewConnectionError(""HTTPConnection(host='localhost', port=80): Failed to establish a new connection: [Errno 111] Connection refused""))"
2026-09-09T20:52:51.090383,1786373852673,POST,http://localhost/api/cicd/execute,0,12.35,"HTTPConnectionPool(host='localhost', port=80): Max retries exceeded with url: /api/cicd/execute (Caused by NewConnectionError(""HTTPConnection(host='localhost', port=80): Failed to establish a new connection: [Errno 111] Connection refused""))"
2026-09-09T20:52:51.090796,1786373852673,POST,http://localhost/api/cicd/execute,0,11.58,"HTTPConnectionPool(host='localhost', port=80): Max retries exceeded with url: /api/cicd/execute (Caused by NewConnectionError(""HTTPConnection(host='localhost', port=80): Failed to establish a new connection: [Errno 111] Connection refused""))"
2026-09-09T20:52:51.091598,1786374210148,GET,http://localhost/api/cicd/status/40665,0,10.28,"HTTPConnectionPool(host='localhost', port=80): Max retries exceeded with url: /api/cicd/status/40665 (Caused by NewConnectionError(""HTTPConnection(host='localhost', port=80): Failed to establish a new connection: [Errno 111] Connection refused""))"
2026-09-09T20:52:51.091816,1786373852673,POST,http://localhost/api/cicd/execute,0,5.11,"HTTPConnectionPool(host='localhost', port=80): Max retries exceeded with url: /api/cicd/execute (Caused by NewConnectionError(""HTTPConnection(host='localhost', port=80): Failed to establish a new connection: [Errno 111] Connection refused""))"
2026-09-09T20:52:51.092176,1786374210148,GET,http://localhost/api/cicd/status/40665,0,11.91,"HTTPConnectionPool(host='localhost', port=80): Max retries exceeded with url: /api/cicd/status/40665 (Caused by NewConnectionError(""HTTPConnection(host='localhost', port=80): Failed to establish a new connection: [Errno 111] Connection refused""))"
2026-09-09T20:52:51.092467,1786373852673,POST,http://localhost/api/cicd/execute,0,8.9,"HTTPConnectionPool(host='localhost', port=80): Max retries exceeded with url: /api/cicd/execute (Caused by NewConnectionError(""HTTPConnection(host='localhost', port=80): Failed to establish a new connection: [Errno 111] Connection refused""))"
2026-09-09T20:52:51.157640,1786373852673,POST,http://localhost/api/cicd/execute,0,1.43,"HTTPConnectionPool(host='localhost', port=80): Max retries exceeded with url: /api/cicd/execute (Caused by NewConnectionError(""HTTPConnection(host='localhost', port=80): Failed to establish a new connection: [Errno 111] Connection refused""))"
2026-09-09T20:52:51.201397,1786374210148,GET,http://localhost/api/cicd/status/40665,0,8.49,"HTTPConnectionPool(host='localhost', port=80): Max retries exceeded with url: /api/cicd/status/40665 (Caused by NewConnectionError(""HTTPConnection(host='localhost', port=80): Failed to establish a new connection: [Errno 111] Connection refused""))"
2026-09-09T20:52:51.202069,1786374210148,GET,http://localhost/api/cicd/status/40665,0,11.4,"HTTPConnectionPool(host='localhost', port=80): Max retries exceeded with url: /api/cicd/status/40665 (Caused by NewConnectionError(""HTTPConnection(host='localhost', port=80): Failed to establish a new connection: [Errno 111] Connection refused""))"
2026-09-09T20:52:51.202608,1786374210148,GET,http://localhost/api/cicd/status/40665,0,8.52,"HTTPConnectionPool(host='localhost', port=80): Max retries exceeded with url: /api/cicd/status/40665 (Caused by NewConnectionError(""HTTPConnection(host='localhost', port=80): Failed to establish a new connection: [Errno 111] Connection refused""))"
2026-09-09T20:52:51.202995,1786374210148,GET,http://localhost/api/cicd/status/40665,0,7.81,"HTTPConnectionPool(host='localhost', port=80): Max retries exceeded with url: /api/cicd/status/40665 (Caused by NewConnectionError(""HTTPConnection(host='localhost', port=80): Failed to establish a new connection: [Errno 111] Connection refused""))"
2026-09-09T20:52:51.203287,1786373852673,POST,http://localhost/api/cicd/execute,0,7.05,"HTTPConnectionPool(host='localhost', port=80): Max retries exceeded with url: /api/cicd/execute (Caused by NewConnectionError(""HTTPConnection(host='localhost', port=80): Failed to establish a new connection: [Errno 111] Connection refused""))"
2026-09-09T20:52:51.203567,1786373852673,POST,http://localhost/api/cicd/execute,0,11.8,"HTTPConnectionPool(host='localhost', port=80): Max retries exceeded with url: /api/cicd/execute (Caused by NewConnectionError(""HTTPConnection(host='localhost', port=80): Failed to establish a new connection: [Errno 111] Connection refused""))"
2026-09-09T20:52:51.203780,1786373852673,POST,http://localhost/api/cicd/execute,0,14.25,"HTTPConnectionPool(host='localhost', port=80): Max retries exceeded with url: /api/cicd/execute (Caused by NewConnectionError(""HTTPConnection(host='localhost', port=80): Failed to establish a new connection: [Errno 111] Connection refused""))"
2026-09-09T20:52:51.204072,1786373852673,POST,http://localhost/api/cicd/execute,0,5.54,"HTTPConnectionPool(host='localhost', port=80): Max retries exceeded with url: /api/cicd/execute (Caused by NewConnectionError(""HTTPConnection(host='localhost', port=80): Failed to establish a new connection: [Errno 111] Connection refused""))"
2026-09-09T20:52:51.204805,1786374210148,GET,http://localhost/api/cicd/status/40665,0,7.46,"HTTPConnectionPool(host='localhost', port=80): Max retries exceeded with url: /api/cicd/status/40665 (Caused by NewConnectionError(""HTTPConnection(host='localhost', port=80): Failed to establish a new connection: [Errno 111] Connection refused""))"
2026-09-09T20:52:51.259498,1786374210148,GET,http://localhost/api/cicd/status/40665,0,1.68,"HTTPConnectionPool(host='localhost', port=80): Max retries exceeded with url: /api/cicd/status/40665 (Caused by NewConnectionError(""HTTPConnection(host='localhost', port=80): Failed to establish a new connection: [Errno 111] Connection refused""))"
2026-09-09T20:52:51.313079,1786374210148,GET,http://localhost/api/cicd/status/40665,0,4.68,"HTTPConnectionPool(host='localhost', port=80): Max retries exceeded with url: /api/cicd/status/40665 (Caused by NewConnectionError(""HTTPConnection(host='localhost', port=80): Failed to establish a new connection: [Errno 111] Connection refused""))"
2026-09-09T20:52:51.313697,1786373852673,POST,http://localhost/api/cicd/execute,0,4.21,"HTTPConnectionPool(host='localhost', port=80): Max retries exceeded with url: /api/cicd/execute (Caused by NewConnectionError(""HTTPConnection(host='localhost', port=80): Failed to establish a new connection: [Errno 111] Connection refused""))"
2026-09-09T20:52:51.314343,1786374210148,GET,http://localhost/api/cicd/status/40665,0,8.18,"HTTPConnectionPool(host='localhost', port=80): Max retries exceeded with url: /api/cicd/status/40665 (Caused by NewConnectionError(""HTTPConnection(host='localhost', port=80): Failed to establish a new connection: [Errno 111] Connection refused""))"
2026-09-09T20:52:51.314841,1786373852673,POST,http://localhost/api/cicd/execute,0,9.81,"HTTPConnectionPool(host='localhost', port=80): Max retries exceeded with url: /api/cicd/execute (Caused by NewConnectionError(""HTTPConnection(host='localhost', port=80): Failed to establish a new connection: [Errno 111] Connection refused""))"
2026-09-09T20:52:51.315169,1786374210148,GET,http://localhost/api/cicd/status/40665,0,7.82,"HTTPConnectionPool(host='localhost', port=80): Max retries exceeded with url: /api/cicd/status/40665 (Caused by NewConnectionError(""HTTPConnection(host='localhost', port=80): Failed to establish a new connection: [Errno 111] Connection refused""))"
2026-09-09T20:52:51.315501,1786374210148,GET,http://localhost/api/cicd/status/40665,0,11.75,"HTTPConnectionPool(host='localhost', port=80): Max retries exceeded with url: /api/cicd/status/40665 (Caused by NewConnectionError(""HTTPConnection(host='localhost', port=80): Failed to establish a new connection: [Errno 111] Connection refused""))"
2026-09-09T20:52:51.315864,1786373852673,POST,http://localhost/api/cicd/execute,0,13.18,"HTTPConnectionPool(host='localhost', port=80): Max retries exceeded with url: /api/cicd/execute (Caused by NewConnectionError(""HTTPConnection(host='localhost', port=80): Failed to establish a new connection: [Errno 111] Connection refused""))"
2026-09-09T20:52:51.316148,1786373852673,POST,http://localhost/api/cicd/execute,0,5.33,"HTTPConnectionPool(host='localhost', port=80): Max retries exceeded with url: /api/cicd/execute (Caused by NewConnectionError(""HTTPConnection(host='localhost', port=80): Failed to establish a new connection: [Errno 111] Connection refused""))"
2026-09-09T20:52:51.316490,1786373852673,POST,http://localhost/api/cicd/execute,0,14.94,"HTTPConnectionPool(host='localhost', port=80): Max retries exceeded with url: /api/cicd/execute (Caused by NewConnectionError(""HTTPConnection(host='localhost', port=80): Failed to establish a new connection: [Errno 111] Connection refused""))"
2026-09-09T20:52:51.361422,1786373852673,POST,http://localhost/api/cicd/execute,0,1.74,"HTTPConnectionPool(host='localhost', port=80): Max retries exceeded with url: /api/cicd/execute (Caused by NewConnectionError(""HTTPConnection(host='localhost', port=80): Failed to establish a new connection: [Errno 111] Connection refused""))"
2026-09-09T20:52:51.423993,1786373852673,POST,http://localhost/api/cicd/execute,0,5.55,"HTTPConnectionPool(host='localhost', port=80): Max retries exceeded with url: /api/cicd/execute (Caused by NewConnectionError(""HTTPConnection(host='localhost', port=80): Failed to establish a new connection: [Errno 111] Connection refused""))"
2026-09-09T20:52:51.426067,1786373852673,POST,http://localhost/api/cicd/execute,0,10.57,"HTTPConnectionPool(host='localhost', port=80): Max retries exceeded with url: /api/cicd/execute (Caused by NewConnectionError(""HTTPConnection(host='localhost', port=80): Failed to establish a new connection: [Errno 111] Connection refused""))"
2026-09-09T20:52:51.426332,1786373852673,POST,http://localhost/api/cicd/execute,0,13.07,"HTTPConnectionPool(host='localhost', port=80): Max retries exceeded with url: /api/cicd/execute (Caused by NewConnectionError(""HTTPConnection(host='localhost', port=80): Failed to establish a new connection: [Errno 111] Connection refused""))"
2026-09-09T20:52:51.426567,1786374210148,GET,http://localhost/api/cicd/status/40665,0,9.18,"HTTPConnectionPool(host='localhost', port=80): Max retries exceeded with url: /api/cicd/status/40665 (Caused by NewConnectionError(""HTTPConnection(host='localhost', port=80): Failed to establish a new connection: [Errno 111] Connection refused""))"
2026-09-09T20:52:51.427425,1786374210148,GET,http://localhost/api/cicd/status/40665,0,6.81,"HTTPConnectionPool(host='localhost', port=80): Max retries exceeded with url: /api/cicd/status/40665 (Caused by NewConnectionError(""HTTPConnection(host='localhost', port=80): Failed to establish a new connection: [Errno 111] Connection refused""))"
2026-09-09T20:52:51.427728,1786374210148,GET,http://localhost/api/cicd/status/40665,0,6.04,"HTTPConnectionPool(host='localhost', port=80): Max retries exceeded with url: /api/cicd/status/40665 (Caused by NewConnectionError(""HTTPConnection(host='localhost', port=80): Failed to establish a new connection: [Errno 111] Connection refused""))"
2026-09-09T20:52:51.428017,1786374210148,GET,http://localhost/api/cicd/status/40665,0,13.6,"HTTPConnectionPool(host='localhost', port=80): Max retries exceeded with url: /api/cicd/status/40665 (Caused by NewConnectionError(""HTTPConnection(host='localhost', port=80): Failed to establish a new connection: [Errno 111] Connection refused""))"
2026-09-09T20:52:51.429526,1786374210148,GET,http://localhost/api/cicd/status/40665,0,9.98,"HTTPConnectionPool(host='localhost', port=80): Max retries exceeded with url: /api/cicd/status/40665 (Caused by NewConnectionError(""HTTPConnection(host='localhost', port=80): Failed to establish a new connection: [Errno 111] Connection refused""))"
2026-09-09T20:52:51.430056,1786373852673,POST,http://localhost/api/cicd/execute,0,5.57,"HTTPConnectionPool(host='localhost', port=80): Max retries exceeded with url: /api/cicd/execute (Caused by NewConnectionError(""HTTPConnection(host='localhost', port=80): Failed to establish a new connection: [Errno 111] Connection refused""))"
2026-09-09T20:52:51.463282,1786374210148,GET,http://localhost/api/cicd/status/40665,0,1.68,"HTTPConnectionPool(host='localhost', port=80): Max retries exceeded with url: /api/cicd/status/40665 (Caused by NewConnectionError(""HTTPConnection(host='localhost', port=80): Failed to establish a new connection: [Errno 111] Connection refused""))"
2026-09-09T20:52:51.525970,1786374210148,GET,http://localhost/api/cicd/status/40665,0,1.79,"HTTPConnectionPool(host='localhost', port=80): Max retries exceeded with url: /api/cicd/status/40665 (Caused by NewConnectionError(""HTTPConnection(host='localhost', port=80): Failed to establish a new connection: [Errno 111] Connection refused""))"
2026-09-09T20:52:51.537665,1786373852673,POST,http://localhost/api/cicd/execute,0,7.81,"HTTPConnectionPool(host='localhost', port=80): Max retries exceeded with url: /api/cicd/execute (Caused by NewConnectionError(""HTTPConnection(host='localhost', port=80): Failed to establish a new connection: [Errno 111] Connection refused""))"
2026-09-09T20:52:51.538373,1786373852673,POST,http://localhost/api/cicd/execute,0,9.63,"HTTPConnectionPool(host='localhost', port=80): Max retries exceeded with url: /api/cicd/execute (Caused by NewConnectionError(""HTTPConnection(host='localhost', port=80): Failed to establish a new connection: [Errno 111] Connection refused""))"
2026-09-09T20:52:51.538677,1786374210148,GET,http://localhost/api/cicd/status/40665,0,11.08,"HTTPConnectionPool(host='localhost', port=80): Max retries exceeded with url: /api/cicd/status/40665 (Caused by NewConnectionError(""HTTPConnection(host='localhost', port=80): Failed to establish a new connection: [Errno 111] Connection refused""))"
2026-09-09T20:52:51.539179,1786374210148,GET,http://localhost/api/cicd/status/40665,0,12.94,"HTTPConnectionPool(host='localhost', port=80): Max retries exceeded with url: /api/cicd/status/40665 (Caused by NewConnectionError(""HTTPConnection(host='localhost', port=80): Failed to establish a new connection: [Errno 111] Connection refused""))"
2026-09-09T20:52:51.539425,1786373852673,POST,http://localhost/api/cicd/execute,0,8.35,"HTTPConnectionPool(host='localhost', port=80): Max retries exceeded with url: /api/cicd/execute (Caused by NewConnectionError(""HTTPConnection(host='localhost', port=80): Failed to establish a new connection: [Errno 111] Connection refused""))"
2026-09-09T20:52:51.539741,1786373852673,POST,http://localhost/api/cicd/execute,0,6.32,"HTTPConnectionPool(host='localhost', port=80): Max retries exceeded with url: /api/cicd/execute (Caused by NewConnectionError(""HTTPConnection(host='localhost', port=80): Failed to establish a new connection: [Errno 111] Connection refused""))"
2026-09-09T20:52:51.540034,1786374210148,GET,http://localhost/api/cicd/status/40665,0,4.51,"HTTPConnectionPool(host='localhost', port=80): Max retries exceeded with url: /api/cicd/status/40665 (Caused by NewConnectionError(""HTTPConnection(host='localhost', port=80): Failed to establish a new connection: [Errno 111] Connection refused""))"
2026-09-09T20:52:51.540359,1786373852673,POST,http://localhost/api/cicd/execute,0,8.18,"HTTPConnectionPool(host='localhost', port=80): Max retries exceeded with url: /api/cicd/execute (Caused by NewConnectionError(""HTTPConnection(host='localhost', port=80): Failed to establish a new connection: [Errno 111] Connection refused""))"
2026-09-09T20:52:51.565084,1786373852673,POST,http://localhost/api/cicd/execute,0,1.63,"HTTPConnectionPool(host='localhost', port=80): Max retries exceeded with url: /api/cicd/execute (Caused by NewConnectionError(""HTTPConnection(host='localhost', port=80): Failed to establish a new connection: [Errno 111] Connection refused""))"
2026-09-09T20:52:51.627950,1786373852673,POST,http://localhost/api/cicd/execute,0,1.78,"HTTPConnectionPool(host='localhost', port=80): Max retries exceeded with url: /api/cicd/execute (Caused by NewConnectionError(""HTTPConnection(host='localhost', port=80): Failed to establish a new connection: [Errno 111] Connection refused""))"
2026-09-09T20:52:51.649081,1786373852673,POST,http://localhost/api/cicd/execute,0,7.76,"HTTPConnectionPool(host='localhost', port=80): Max retries exceeded with url: /api/cicd/execute (Caused by NewConnectionError(""HTTPConnection(host='localhost', port=80): Failed to establish a new connection: [Errno 111] Connection refused""))"
2026-09-09T20:52:51.649351,1786374210148,GET,http://localhost/api/cicd/status/40665,0,10.32,"HTTPConnectionPool(host='localhost', port=80): Max retries exceeded with url: /api/cicd/status/40665 (Caused by NewConnectionError(""HTTPConnection(host='localhost', port=80): Failed to establish a new connection: [Errno 111] Connection refused""))"
2026-09-09T20:52:51.649752,1786374210148,GET,http://localhost/api/cicd/status/40665,0,11.91,"HTTPConnectionPool(host='localhost', port=80): Max retries exceeded with url: /api/cicd/status/40665 (Caused by NewConnectionError(""HTTPConnection(host='localhost', port=80): Failed to establish a new connection: [Errno 111] Connection refused""))"
2026-09-09T20:52:51.650993,1786373852673,POST,http://localhost/api/cicd/execute,0,8.58,"HTTPConnectionPool(host='localhost', port=80): Max retries exceeded with url: /api/cicd/execute (Caused by NewConnectionError(""HTTPConnection(host='localhost', port=80): Failed to establish a new connection: [Errno 111] Connection refused""))"
2026-09-09T20:52:51.651434,1786373852673,POST,http://localhost/api/cicd/execute,0,11.33,"HTTPConnectionPool(host='localhost', port=80): Max retries exceeded with url: /api/cicd/execute (Caused by NewConnectionError(""HTTPConnection(host='localhost', port=80): Failed to establish a new connection: [Errno 111] Connection refused""))"
2026-09-09T20:52:51.651740,1786374210148,GET,http://localhost/api/cicd/status/40665,0,6.59,"HTTPConnectionPool(host='localhost', port=80): Max retries exceeded with url: /api/cicd/status/40665 (Caused by NewConnectionError(""HTTPConnection(host='localhost', port=80): Failed to establish a new connection: [Errno 111] Connection refused""))"
2026-09-09T20:52:51.652088,1786374210148,GET,http://localhost/api/cicd/status/40665,0,5.21,"HTTPConnectionPool(host='localhost', port=80): Max retries exceeded with url: /api/cicd/status/40665 (Caused by NewConnectionError(""HTTPConnection(host='localhost', port=80): Failed to establish a new connection: [Errno 111] Connection refused""))"
2026-09-09T20:52:51.652301,1786374210148,GET,http://localhost/api/cicd/status/40665,0,8.29,"HTTPConnectionPool(host='localhost', port=80): Max retries exceeded with url: /api/cicd/status/40665 (Caused by NewConnectionError(""HTTPConnection(host='localhost', port=80): Failed to establish a new connection: [Errno 111] Connection refused""))"
