Timestamp,API ID,Method,URL,Status Code,Latency (ms),Error
2026-09-24T22:54:26.883277,call_ep_post__pet_b5ji_base,POST,http://localhost/api/v1/mock/mock-swagger/api/v3/pet,0,4.86,"HTTPConnectionPool(host='localhost', port=80): Max retries exceeded with url: /api/v1/mock/mock-swagger/api/v3/pet (Caused by NewConnectionError(""HTTPConnection(host='localhost', port=80): Failed to establish a new connection: [Errno 111] Connection refused""))"
2026-09-24T22:54:26.883491,call_ep_post__pet_b5ji_base,POST,http://localhost/api/v1/mock/mock-swagger/api/v3/pet,0,3.3,"HTTPConnectionPool(host='localhost', port=80): Max retries exceeded with url: /api/v1/mock/mock-swagger/api/v3/pet (Caused by NewConnectionError(""HTTPConnection(host='localhost', port=80): Failed to establish a new connection: [Errno 111] Connection refused""))"
2026-09-24T22:54:26.885061,call_ep_post__pet_b5ji_base,POST,http://localhost/api/v1/mock/mock-swagger/api/v3/pet,0,3.31,"HTTPConnectionPool(host='localhost', port=80): Max retries exceeded with url: /api/v1/mock/mock-swagger/api/v3/pet (Caused by NewConnectionError(""HTTPConnection(host='localhost', port=80): Failed to establish a new connection: [Errno 111] Connection refused""))"
2026-09-24T22:54:26.888316,call_ep_post__pet_b5ji_base,POST,http://localhost/api/v1/mock/mock-swagger/api/v3/pet,0,4.36,"HTTPConnectionPool(host='localhost', port=80): Max retries exceeded with url: /api/v1/mock/mock-swagger/api/v3/pet (Caused by NewConnectionError(""HTTPConnection(host='localhost', port=80): Failed to establish a new connection: [Errno 111] Connection refused""))"
2026-09-24T22:54:26.891702,call_ep_post__pet_b5ji_base,POST,http://localhost/api/v1/mock/mock-swagger/api/v3/pet,0,6.22,"HTTPConnectionPool(host='localhost', port=80): Max retries exceeded with url: /api/v1/mock/mock-swagger/api/v3/pet (Caused by NewConnectionError(""HTTPConnection(host='localhost', port=80): Failed to establish a new connection: [Errno 111] Connection refused""))"
2026-09-24T22:54:26.892245,call_ep_post__pet_b5ji_base,POST,http://localhost/api/v1/mock/mock-swagger/api/v3/pet,0,5.05,"HTTPConnectionPool(host='localhost', port=80): Max retries exceeded with url: /api/v1/mock/mock-swagger/api/v3/pet (Caused by NewConnectionError(""HTTPConnection(host='localhost', port=80): Failed to establish a new connection: [Errno 111] Connection refused""))"
2026-09-24T22:54:26.896519,call_ep_post__pet_b5ji_base,POST,http://localhost/api/v1/mock/mock-swagger/api/v3/pet,0,5.68,"HTTPConnectionPool(host='localhost', port=80): Max retries exceeded with url: /api/v1/mock/mock-swagger/api/v3/pet (Caused by NewConnectionError(""HTTPConnection(host='localhost', port=80): Failed to establish a new connection: [Errno 111] Connection refused""))"
2026-09-24T22:54:26.896770,call_ep_post__pet_b5ji_base,POST,http://localhost/api/v1/mock/mock-swagger/api/v3/pet,0,7.45,"HTTPConnectionPool(host='localhost', port=80): Max retries exceeded with url: /api/v1/mock/mock-swagger/api/v3/pet (Caused by NewConnectionError(""HTTPConnection(host='localhost', port=80): Failed to establish a new connection: [Errno 111] Connection refused""))"
2026-09-24T22:54:26.897538,call_ep_post__pet_b5ji_base,POST,http://localhost/api/v1/mock/mock-swagger/api/v3/pet,0,4.86,"HTTPConnectionPool(host='localhost', port=80): Max retries exceeded with url: /api/v1/mock/mock-swagger/api/v3/pet (Caused by NewConnectionError(""HTTPConnection(host='localhost', port=80): Failed to establish a new connection: [Errno 111] Connection refused""))"
2026-09-24T22:54:26.897762,call_ep_post__pet_b5ji_base,POST,http://localhost/api/v1/mock/mock-swagger/api/v3/pet,0,3.5,"HTTPConnectionPool(host='localhost', port=80): Max retries exceeded with url: /api/v1/mock/mock-swagger/api/v3/pet (Caused by NewConnectionError(""HTTPConnection(host='localhost', port=80): Failed to establish a new connection: [Errno 111] Connection refused""))"
2026-09-24T22:54:26.986551,call_ep_post__pet_b5ji_scn_scn_ep_post__pet_b5ji_401,POST,http://localhost/api/v1/mock/mock-swagger/api/v3/pet,0,2.8,"HTTPConnectionPool(host='localhost', port=80): Max retries exceeded with url: /api/v1/mock/mock-swagger/api/v3/pet (Caused by NewConnectionError(""HTTPConnection(host='localhost', port=80): Failed to establish a new connection: [Errno 111] Connection refused""))"
2026-09-24T22:54:26.986700,call_ep_post__pet_b5ji_scn_scn_ep_post__pet_b5ji_401,POST,http://localhost/api/v1/mock/mock-swagger/api/v3/pet,0,2.06,"HTTPConnectionPool(host='localhost', port=80): Max retries exceeded with url: /api/v1/mock/mock-swagger/api/v3/pet (Caused by NewConnectionError(""HTTPConnection(host='localhost', port=80): Failed to establish a new connection: [Errno 111] Connection refused""))"
2026-09-24T22:54:26.987068,call_ep_post__pet_b5ji_scn_scn_ep_post__pet_b5ji_401,POST,http://localhost/api/v1/mock/mock-swagger/api/v3/pet,0,1.71,"HTTPConnectionPool(host='localhost', port=80): Max retries exceeded with url: /api/v1/mock/mock-swagger/api/v3/pet (Caused by NewConnectionError(""HTTPConnection(host='localhost', port=80): Failed to establish a new connection: [Errno 111] Connection refused""))"
2026-09-24T22:54:26.990744,call_ep_post__pet_b5ji_scn_scn_ep_post__pet_b5ji_401,POST,http://localhost/api/v1/mock/mock-swagger/api/v3/pet,0,1.57,"HTTPConnectionPool(host='localhost', port=80): Max retries exceeded with url: /api/v1/mock/mock-swagger/api/v3/pet (Caused by NewConnectionError(""HTTPConnection(host='localhost', port=80): Failed to establish a new connection: [Errno 111] Connection refused""))"
2026-09-24T22:54:26.994551,call_ep_post__pet_b5ji_scn_scn_ep_post__pet_b5ji_401,POST,http://localhost/api/v1/mock/mock-swagger/api/v3/pet,0,2.25,"HTTPConnectionPool(host='localhost', port=80): Max retries exceeded with url: /api/v1/mock/mock-swagger/api/v3/pet (Caused by NewConnectionError(""HTTPConnection(host='localhost', port=80): Failed to establish a new connection: [Errno 111] Connection refused""))"
2026-09-24T22:54:26.994726,call_ep_post__pet_b5ji_scn_scn_ep_post__pet_b5ji_401,POST,http://localhost/api/v1/mock/mock-swagger/api/v3/pet,0,1.37,"HTTPConnectionPool(host='localhost', port=80): Max retries exceeded with url: /api/v1/mock/mock-swagger/api/v3/pet (Caused by NewConnectionError(""HTTPConnection(host='localhost', port=80): Failed to establish a new connection: [Errno 111] Connection refused""))"
2026-09-24T22:54:27.000645,call_ep_post__pet_b5ji_scn_scn_ep_post__pet_b5ji_401,POST,http://localhost/api/v1/mock/mock-swagger/api/v3/pet,0,1.3,"HTTPConnectionPool(host='localhost', port=80): Max retries exceeded with url: /api/v1/mock/mock-swagger/api/v3/pet (Caused by NewConnectionError(""HTTPConnection(host='localhost', port=80): Failed to establish a new connection: [Errno 111] Connection refused""))"
2026-09-24T22:54:27.000940,call_ep_post__pet_b5ji_scn_scn_ep_post__pet_b5ji_401,POST,http://localhost/api/v1/mock/mock-swagger/api/v3/pet,0,3.25,"HTTPConnectionPool(host='localhost', port=80): Max retries exceeded with url: /api/v1/mock/mock-swagger/api/v3/pet (Caused by NewConnectionError(""HTTPConnection(host='localhost', port=80): Failed to establish a new connection: [Errno 111] Connection refused""))"
2026-09-24T22:54:27.001195,call_ep_post__pet_b5ji_scn_scn_ep_post__pet_b5ji_401,POST,http://localhost/api/v1/mock/mock-swagger/api/v3/pet,0,4.56,"HTTPConnectionPool(host='localhost', port=80): Max retries exceeded with url: /api/v1/mock/mock-swagger/api/v3/pet (Caused by NewConnectionError(""HTTPConnection(host='localhost', port=80): Failed to establish a new connection: [Errno 111] Connection refused""))"
2026-09-24T22:54:27.001432,call_ep_post__pet_b5ji_scn_scn_ep_post__pet_b5ji_401,POST,http://localhost/api/v1/mock/mock-swagger/api/v3/pet,0,2.85,"HTTPConnectionPool(host='localhost', port=80): Max retries exceeded with url: /api/v1/mock/mock-swagger/api/v3/pet (Caused by NewConnectionError(""HTTPConnection(host='localhost', port=80): Failed to establish a new connection: [Errno 111] Connection refused""))"
2026-09-24T22:54:27.092382,call_ep_post__pet_b5ji_scn_scn_ep_post__pet_b5ji_400,POST,http://localhost/api/v1/mock/mock-swagger/api/v3/pet,0,5.66,"HTTPConnectionPool(host='localhost', port=80): Max retries exceeded with url: /api/v1/mock/mock-swagger/api/v3/pet (Caused by NewConnectionError(""HTTPConnection(host='localhost', port=80): Failed to establish a new connection: [Errno 111] Connection refused""))"
2026-09-24T22:54:27.092791,call_ep_post__pet_b5ji_scn_scn_ep_post__pet_b5ji_400,POST,http://localhost/api/v1/mock/mock-swagger/api/v3/pet,0,3.5,"HTTPConnectionPool(host='localhost', port=80): Max retries exceeded with url: /api/v1/mock/mock-swagger/api/v3/pet (Caused by NewConnectionError(""HTTPConnection(host='localhost', port=80): Failed to establish a new connection: [Errno 111] Connection refused""))"
2026-09-24T22:54:27.093119,call_ep_post__pet_b5ji_scn_scn_ep_post__pet_b5ji_400,POST,http://localhost/api/v1/mock/mock-swagger/api/v3/pet,0,4.88,"HTTPConnectionPool(host='localhost', port=80): Max retries exceeded with url: /api/v1/mock/mock-swagger/api/v3/pet (Caused by NewConnectionError(""HTTPConnection(host='localhost', port=80): Failed to establish a new connection: [Errno 111] Connection refused""))"
2026-09-24T22:54:27.093455,call_ep_post__pet_b5ji_scn_scn_ep_post__pet_b5ji_400,POST,http://localhost/api/v1/mock/mock-swagger/api/v3/pet,0,2.24,"HTTPConnectionPool(host='localhost', port=80): Max retries exceeded with url: /api/v1/mock/mock-swagger/api/v3/pet (Caused by NewConnectionError(""HTTPConnection(host='localhost', port=80): Failed to establish a new connection: [Errno 111] Connection refused""))"
2026-09-24T22:54:27.097260,call_ep_post__pet_b5ji_scn_scn_ep_post__pet_b5ji_400,POST,http://localhost/api/v1/mock/mock-swagger/api/v3/pet,0,2.53,"HTTPConnectionPool(host='localhost', port=80): Max retries exceeded with url: /api/v1/mock/mock-swagger/api/v3/pet (Caused by NewConnectionError(""HTTPConnection(host='localhost', port=80): Failed to establish a new connection: [Errno 111] Connection refused""))"
2026-09-24T22:54:27.097669,call_ep_post__pet_b5ji_scn_scn_ep_post__pet_b5ji_400,POST,http://localhost/api/v1/mock/mock-swagger/api/v3/pet,0,1.91,"HTTPConnectionPool(host='localhost', port=80): Max retries exceeded with url: /api/v1/mock/mock-swagger/api/v3/pet (Caused by NewConnectionError(""HTTPConnection(host='localhost', port=80): Failed to establish a new connection: [Errno 111] Connection refused""))"
2026-09-24T22:54:27.105856,call_ep_post__pet_b5ji_scn_scn_ep_post__pet_b5ji_400,POST,http://localhost/api/v1/mock/mock-swagger/api/v3/pet,0,5.03,"HTTPConnectionPool(host='localhost', port=80): Max retries exceeded with url: /api/v1/mock/mock-swagger/api/v3/pet (Caused by NewConnectionError(""HTTPConnection(host='localhost', port=80): Failed to establish a new connection: [Errno 111] Connection refused""))"
2026-09-24T22:54:27.106065,call_ep_post__pet_b5ji_scn_scn_ep_post__pet_b5ji_400,POST,http://localhost/api/v1/mock/mock-swagger/api/v3/pet,0,4.22,"HTTPConnectionPool(host='localhost', port=80): Max retries exceeded with url: /api/v1/mock/mock-swagger/api/v3/pet (Caused by NewConnectionError(""HTTPConnection(host='localhost', port=80): Failed to establish a new connection: [Errno 111] Connection refused""))"
2026-09-24T22:54:27.106447,call_ep_post__pet_b5ji_scn_scn_ep_post__pet_b5ji_400,POST,http://localhost/api/v1/mock/mock-swagger/api/v3/pet,0,2.55,"HTTPConnectionPool(host='localhost', port=80): Max retries exceeded with url: /api/v1/mock/mock-swagger/api/v3/pet (Caused by NewConnectionError(""HTTPConnection(host='localhost', port=80): Failed to establish a new connection: [Errno 111] Connection refused""))"
2026-09-24T22:54:27.106716,call_ep_post__pet_b5ji_scn_scn_ep_post__pet_b5ji_400,POST,http://localhost/api/v1/mock/mock-swagger/api/v3/pet,0,3.87,"HTTPConnectionPool(host='localhost', port=80): Max retries exceeded with url: /api/v1/mock/mock-swagger/api/v3/pet (Caused by NewConnectionError(""HTTPConnection(host='localhost', port=80): Failed to establish a new connection: [Errno 111] Connection refused""))"
2026-09-24T22:54:27.200656,call_ep_post__pet_b5ji_scn_scn_ep_post__pet_b5ji_404,POST,http://localhost/api/v1/mock/mock-swagger/api/v3/pet?error=404,0,8.07,"HTTPConnectionPool(host='localhost', port=80): Max retries exceeded with url: /api/v1/mock/mock-swagger/api/v3/pet?error=404 (Caused by NewConnectionError(""HTTPConnection(host='localhost', port=80): Failed to establish a new connection: [Errno 111] Connection refused""))"
2026-09-24T22:54:27.201290,call_ep_post__pet_b5ji_scn_scn_ep_post__pet_b5ji_404,POST,http://localhost/api/v1/mock/mock-swagger/api/v3/pet?error=404,0,6.44,"HTTPConnectionPool(host='localhost', port=80): Max retries exceeded with url: /api/v1/mock/mock-swagger/api/v3/pet?error=404 (Caused by NewConnectionError(""HTTPConnection(host='localhost', port=80): Failed to establish a new connection: [Errno 111] Connection refused""))"
2026-09-24T22:54:27.201660,call_ep_post__pet_b5ji_scn_scn_ep_post__pet_b5ji_404,POST,http://localhost/api/v1/mock/mock-swagger/api/v3/pet?error=404,0,5.78,"HTTPConnectionPool(host='localhost', port=80): Max retries exceeded with url: /api/v1/mock/mock-swagger/api/v3/pet?error=404 (Caused by NewConnectionError(""HTTPConnection(host='localhost', port=80): Failed to establish a new connection: [Errno 111] Connection refused""))"
2026-09-24T22:54:27.201999,call_ep_post__pet_b5ji_scn_scn_ep_post__pet_b5ji_404,POST,http://localhost/api/v1/mock/mock-swagger/api/v3/pet?error=404,0,8.21,"HTTPConnectionPool(host='localhost', port=80): Max retries exceeded with url: /api/v1/mock/mock-swagger/api/v3/pet?error=404 (Caused by NewConnectionError(""HTTPConnection(host='localhost', port=80): Failed to establish a new connection: [Errno 111] Connection refused""))"
2026-09-24T22:54:27.202387,call_ep_post__pet_b5ji_scn_scn_ep_post__pet_b5ji_404,POST,http://localhost/api/v1/mock/mock-swagger/api/v3/pet?error=404,0,4.86,"HTTPConnectionPool(host='localhost', port=80): Max retries exceeded with url: /api/v1/mock/mock-swagger/api/v3/pet?error=404 (Caused by NewConnectionError(""HTTPConnection(host='localhost', port=80): Failed to establish a new connection: [Errno 111] Connection refused""))"
2026-09-24T22:54:27.202663,call_ep_post__pet_b5ji_scn_scn_ep_post__pet_b5ji_404,POST,http://localhost/api/v1/mock/mock-swagger/api/v3/pet?error=404,0,3.83,"HTTPConnectionPool(host='localhost', port=80): Max retries exceeded with url: /api/v1/mock/mock-swagger/api/v3/pet?error=404 (Caused by NewConnectionError(""HTTPConnection(host='localhost', port=80): Failed to establish a new connection: [Errno 111] Connection refused""))"
2026-09-24T22:54:27.210986,call_ep_post__pet_b5ji_scn_scn_ep_post__pet_b5ji_404,POST,http://localhost/api/v1/mock/mock-swagger/api/v3/pet?error=404,0,3.98,"HTTPConnectionPool(host='localhost', port=80): Max retries exceeded with url: /api/v1/mock/mock-swagger/api/v3/pet?error=404 (Caused by NewConnectionError(""HTTPConnection(host='localhost', port=80): Failed to establish a new connection: [Errno 111] Connection refused""))"
2026-09-24T22:54:27.211378,call_ep_post__pet_b5ji_scn_scn_ep_post__pet_b5ji_404,POST,http://localhost/api/v1/mock/mock-swagger/api/v3/pet?error=404,0,5.39,"HTTPConnectionPool(host='localhost', port=80): Max retries exceeded with url: /api/v1/mock/mock-swagger/api/v3/pet?error=404 (Caused by NewConnectionError(""HTTPConnection(host='localhost', port=80): Failed to establish a new connection: [Errno 111] Connection refused""))"
2026-09-24T22:54:27.211646,call_ep_post__pet_b5ji_scn_scn_ep_post__pet_b5ji_404,POST,http://localhost/api/v1/mock/mock-swagger/api/v3/pet?error=404,0,3.58,"HTTPConnectionPool(host='localhost', port=80): Max retries exceeded with url: /api/v1/mock/mock-swagger/api/v3/pet?error=404 (Caused by NewConnectionError(""HTTPConnection(host='localhost', port=80): Failed to establish a new connection: [Errno 111] Connection refused""))"
2026-09-24T22:54:27.211925,call_ep_post__pet_b5ji_scn_scn_ep_post__pet_b5ji_404,POST,http://localhost/api/v1/mock/mock-swagger/api/v3/pet?error=404,0,2.81,"HTTPConnectionPool(host='localhost', port=80): Max retries exceeded with url: /api/v1/mock/mock-swagger/api/v3/pet?error=404 (Caused by NewConnectionError(""HTTPConnection(host='localhost', port=80): Failed to establish a new connection: [Errno 111] Connection refused""))"
2026-09-24T22:54:27.308366,call_ep_put__pet_jchf_base,PUT,http://localhost/api/v1/mock/mock-swagger/api/v3/pet,0,7.51,"HTTPConnectionPool(host='localhost', port=80): Max retries exceeded with url: /api/v1/mock/mock-swagger/api/v3/pet (Caused by NewConnectionError(""HTTPConnection(host='localhost', port=80): Failed to establish a new connection: [Errno 111] Connection refused""))"
2026-09-24T22:54:27.308844,call_ep_put__pet_jchf_base,PUT,http://localhost/api/v1/mock/mock-swagger/api/v3/pet,0,5.8,"HTTPConnectionPool(host='localhost', port=80): Max retries exceeded with url: /api/v1/mock/mock-swagger/api/v3/pet (Caused by NewConnectionError(""HTTPConnection(host='localhost', port=80): Failed to establish a new connection: [Errno 111] Connection refused""))"
2026-09-24T22:54:27.309138,call_ep_put__pet_jchf_base,PUT,http://localhost/api/v1/mock/mock-swagger/api/v3/pet,0,7.17,"HTTPConnectionPool(host='localhost', port=80): Max retries exceeded with url: /api/v1/mock/mock-swagger/api/v3/pet (Caused by NewConnectionError(""HTTPConnection(host='localhost', port=80): Failed to establish a new connection: [Errno 111] Connection refused""))"
2026-09-24T22:54:27.309577,call_ep_put__pet_jchf_base,PUT,http://localhost/api/v1/mock/mock-swagger/api/v3/pet,0,5.42,"HTTPConnectionPool(host='localhost', port=80): Max retries exceeded with url: /api/v1/mock/mock-swagger/api/v3/pet (Caused by NewConnectionError(""HTTPConnection(host='localhost', port=80): Failed to establish a new connection: [Errno 111] Connection refused""))"
2026-09-24T22:54:27.309907,call_ep_put__pet_jchf_base,PUT,http://localhost/api/v1/mock/mock-swagger/api/v3/pet,0,4.63,"HTTPConnectionPool(host='localhost', port=80): Max retries exceeded with url: /api/v1/mock/mock-swagger/api/v3/pet (Caused by NewConnectionError(""HTTPConnection(host='localhost', port=80): Failed to establish a new connection: [Errno 111] Connection refused""))"
2026-09-24T22:54:27.310628,call_ep_put__pet_jchf_base,PUT,http://localhost/api/v1/mock/mock-swagger/api/v3/pet,0,3.89,"HTTPConnectionPool(host='localhost', port=80): Max retries exceeded with url: /api/v1/mock/mock-swagger/api/v3/pet (Caused by NewConnectionError(""HTTPConnection(host='localhost', port=80): Failed to establish a new connection: [Errno 111] Connection refused""))"
2026-09-24T22:54:27.315988,call_ep_put__pet_jchf_base,PUT,http://localhost/api/v1/mock/mock-swagger/api/v3/pet,0,3.9,"HTTPConnectionPool(host='localhost', port=80): Max retries exceeded with url: /api/v1/mock/mock-swagger/api/v3/pet (Caused by NewConnectionError(""HTTPConnection(host='localhost', port=80): Failed to establish a new connection: [Errno 111] Connection refused""))"
2026-09-24T22:54:27.316245,call_ep_put__pet_jchf_base,PUT,http://localhost/api/v1/mock/mock-swagger/api/v3/pet,0,2.19,"HTTPConnectionPool(host='localhost', port=80): Max retries exceeded with url: /api/v1/mock/mock-swagger/api/v3/pet (Caused by NewConnectionError(""HTTPConnection(host='localhost', port=80): Failed to establish a new connection: [Errno 111] Connection refused""))"
2026-09-24T22:54:27.316601,call_ep_put__pet_jchf_base,PUT,http://localhost/api/v1/mock/mock-swagger/api/v3/pet,0,5.48,"HTTPConnectionPool(host='localhost', port=80): Max retries exceeded with url: /api/v1/mock/mock-swagger/api/v3/pet (Caused by NewConnectionError(""HTTPConnection(host='localhost', port=80): Failed to establish a new connection: [Errno 111] Connection refused""))"
2026-09-24T22:54:27.316876,call_ep_put__pet_jchf_base,PUT,http://localhost/api/v1/mock/mock-swagger/api/v3/pet,0,3.84,"HTTPConnectionPool(host='localhost', port=80): Max retries exceeded with url: /api/v1/mock/mock-swagger/api/v3/pet (Caused by NewConnectionError(""HTTPConnection(host='localhost', port=80): Failed to establish a new connection: [Errno 111] Connection refused""))"
2026-09-24T22:54:27.422513,call_ep_put__pet_jchf_scn_scn_ep_put__pet_jchf_401,PUT,http://localhost/api/v1/mock/mock-swagger/api/v3/pet,0,10.67,"HTTPConnectionPool(host='localhost', port=80): Max retries exceeded with url: /api/v1/mock/mock-swagger/api/v3/pet (Caused by NewConnectionError(""HTTPConnection(host='localhost', port=80): Failed to establish a new connection: [Errno 111] Connection refused""))"
2026-09-24T22:54:27.423036,call_ep_put__pet_jchf_scn_scn_ep_put__pet_jchf_401,PUT,http://localhost/api/v1/mock/mock-swagger/api/v3/pet,0,14.5,"HTTPConnectionPool(host='localhost', port=80): Max retries exceeded with url: /api/v1/mock/mock-swagger/api/v3/pet (Caused by NewConnectionError(""HTTPConnection(host='localhost', port=80): Failed to establish a new connection: [Errno 111] Connection refused""))"
2026-09-24T22:54:27.423750,call_ep_put__pet_jchf_scn_scn_ep_put__pet_jchf_401,PUT,http://localhost/api/v1/mock/mock-swagger/api/v3/pet,0,12.94,"HTTPConnectionPool(host='localhost', port=80): Max retries exceeded with url: /api/v1/mock/mock-swagger/api/v3/pet (Caused by NewConnectionError(""HTTPConnection(host='localhost', port=80): Failed to establish a new connection: [Errno 111] Connection refused""))"
2026-09-24T22:54:27.424086,call_ep_put__pet_jchf_scn_scn_ep_put__pet_jchf_401,PUT,http://localhost/api/v1/mock/mock-swagger/api/v3/pet,0,9.21,"HTTPConnectionPool(host='localhost', port=80): Max retries exceeded with url: /api/v1/mock/mock-swagger/api/v3/pet (Caused by NewConnectionError(""HTTPConnection(host='localhost', port=80): Failed to establish a new connection: [Errno 111] Connection refused""))"
2026-09-24T22:54:27.424690,call_ep_put__pet_jchf_scn_scn_ep_put__pet_jchf_401,PUT,http://localhost/api/v1/mock/mock-swagger/api/v3/pet,0,8.39,"HTTPConnectionPool(host='localhost', port=80): Max retries exceeded with url: /api/v1/mock/mock-swagger/api/v3/pet (Caused by NewConnectionError(""HTTPConnection(host='localhost', port=80): Failed to establish a new connection: [Errno 111] Connection refused""))"
2026-09-24T22:54:27.424913,call_ep_put__pet_jchf_scn_scn_ep_put__pet_jchf_401,PUT,http://localhost/api/v1/mock/mock-swagger/api/v3/pet,0,15.14,"HTTPConnectionPool(host='localhost', port=80): Max retries exceeded with url: /api/v1/mock/mock-swagger/api/v3/pet (Caused by NewConnectionError(""HTTPConnection(host='localhost', port=80): Failed to establish a new connection: [Errno 111] Connection refused""))"
2026-09-24T22:54:27.425117,call_ep_put__pet_jchf_scn_scn_ep_put__pet_jchf_401,PUT,http://localhost/api/v1/mock/mock-swagger/api/v3/pet,0,11.49,"HTTPConnectionPool(host='localhost', port=80): Max retries exceeded with url: /api/v1/mock/mock-swagger/api/v3/pet (Caused by NewConnectionError(""HTTPConnection(host='localhost', port=80): Failed to establish a new connection: [Errno 111] Connection refused""))"
2026-09-24T22:54:27.425813,call_ep_put__pet_jchf_scn_scn_ep_put__pet_jchf_401,PUT,http://localhost/api/v1/mock/mock-swagger/api/v3/pet,0,5.57,"HTTPConnectionPool(host='localhost', port=80): Max retries exceeded with url: /api/v1/mock/mock-swagger/api/v3/pet (Caused by NewConnectionError(""HTTPConnection(host='localhost', port=80): Failed to establish a new connection: [Errno 111] Connection refused""))"
2026-09-24T22:54:27.426144,call_ep_put__pet_jchf_scn_scn_ep_put__pet_jchf_401,PUT,http://localhost/api/v1/mock/mock-swagger/api/v3/pet,0,7.34,"HTTPConnectionPool(host='localhost', port=80): Max retries exceeded with url: /api/v1/mock/mock-swagger/api/v3/pet (Caused by NewConnectionError(""HTTPConnection(host='localhost', port=80): Failed to establish a new connection: [Errno 111] Connection refused""))"
2026-09-24T22:54:27.426554,call_ep_put__pet_jchf_scn_scn_ep_put__pet_jchf_401,PUT,http://localhost/api/v1/mock/mock-swagger/api/v3/pet,0,9.0,"HTTPConnectionPool(host='localhost', port=80): Max retries exceeded with url: /api/v1/mock/mock-swagger/api/v3/pet (Caused by NewConnectionError(""HTTPConnection(host='localhost', port=80): Failed to establish a new connection: [Errno 111] Connection refused""))"
2026-09-24T22:54:27.535580,call_ep_put__pet_jchf_scn_scn_ep_put__pet_jchf_400,PUT,http://localhost/api/v1/mock/mock-swagger/api/v3/pet,0,11.46,"HTTPConnectionPool(host='localhost', port=80): Max retries exceeded with url: /api/v1/mock/mock-swagger/api/v3/pet (Caused by NewConnectionError(""HTTPConnection(host='localhost', port=80): Failed to establish a new connection: [Errno 111] Connection refused""))"
2026-09-24T22:54:27.536447,call_ep_put__pet_jchf_scn_scn_ep_put__pet_jchf_400,PUT,http://localhost/api/v1/mock/mock-swagger/api/v3/pet,0,10.27,"HTTPConnectionPool(host='localhost', port=80): Max retries exceeded with url: /api/v1/mock/mock-swagger/api/v3/pet (Caused by NewConnectionError(""HTTPConnection(host='localhost', port=80): Failed to establish a new connection: [Errno 111] Connection refused""))"
2026-09-24T22:54:27.536941,call_ep_put__pet_jchf_scn_scn_ep_put__pet_jchf_400,PUT,http://localhost/api/v1/mock/mock-swagger/api/v3/pet,0,8.42,"HTTPConnectionPool(host='localhost', port=80): Max retries exceeded with url: /api/v1/mock/mock-swagger/api/v3/pet (Caused by NewConnectionError(""HTTPConnection(host='localhost', port=80): Failed to establish a new connection: [Errno 111] Connection refused""))"
2026-09-24T22:54:27.537153,call_ep_put__pet_jchf_scn_scn_ep_put__pet_jchf_400,PUT,http://localhost/api/v1/mock/mock-swagger/api/v3/pet,0,9.83,"HTTPConnectionPool(host='localhost', port=80): Max retries exceeded with url: /api/v1/mock/mock-swagger/api/v3/pet (Caused by NewConnectionError(""HTTPConnection(host='localhost', port=80): Failed to establish a new connection: [Errno 111] Connection refused""))"
2026-09-24T22:54:27.537631,call_ep_put__pet_jchf_scn_scn_ep_put__pet_jchf_400,PUT,http://localhost/api/v1/mock/mock-swagger/api/v3/pet,0,4.79,"HTTPConnectionPool(host='localhost', port=80): Max retries exceeded with url: /api/v1/mock/mock-swagger/api/v3/pet (Caused by NewConnectionError(""HTTPConnection(host='localhost', port=80): Failed to establish a new connection: [Errno 111] Connection refused""))"
2026-09-24T22:54:27.538018,call_ep_put__pet_jchf_scn_scn_ep_put__pet_jchf_400,PUT,http://localhost/api/v1/mock/mock-swagger/api/v3/pet,0,6.38,"HTTPConnectionPool(host='localhost', port=80): Max retries exceeded with url: /api/v1/mock/mock-swagger/api/v3/pet (Caused by NewConnectionError(""HTTPConnection(host='localhost', port=80): Failed to establish a new connection: [Errno 111] Connection refused""))"
2026-09-24T22:54:27.538293,call_ep_put__pet_jchf_scn_scn_ep_put__pet_jchf_400,PUT,http://localhost/api/v1/mock/mock-swagger/api/v3/pet,0,7.71,"HTTPConnectionPool(host='localhost', port=80): Max retries exceeded with url: /api/v1/mock/mock-swagger/api/v3/pet (Caused by NewConnectionError(""HTTPConnection(host='localhost', port=80): Failed to establish a new connection: [Errno 111] Connection refused""))"
2026-09-24T22:54:27.538626,call_ep_put__pet_jchf_scn_scn_ep_put__pet_jchf_400,PUT,http://localhost/api/v1/mock/mock-swagger/api/v3/pet,0,9.09,"HTTPConnectionPool(host='localhost', port=80): Max retries exceeded with url: /api/v1/mock/mock-swagger/api/v3/pet (Caused by NewConnectionError(""HTTPConnection(host='localhost', port=80): Failed to establish a new connection: [Errno 111] Connection refused""))"
2026-09-24T22:54:27.539059,call_ep_put__pet_jchf_scn_scn_ep_put__pet_jchf_400,PUT,http://localhost/api/v1/mock/mock-swagger/api/v3/pet,0,16.38,"HTTPConnectionPool(host='localhost', port=80): Max retries exceeded with url: /api/v1/mock/mock-swagger/api/v3/pet (Caused by NewConnectionError(""HTTPConnection(host='localhost', port=80): Failed to establish a new connection: [Errno 111] Connection refused""))"
2026-09-24T22:54:27.539410,call_ep_put__pet_jchf_scn_scn_ep_put__pet_jchf_400,PUT,http://localhost/api/v1/mock/mock-swagger/api/v3/pet,0,14.25,"HTTPConnectionPool(host='localhost', port=80): Max retries exceeded with url: /api/v1/mock/mock-swagger/api/v3/pet (Caused by NewConnectionError(""HTTPConnection(host='localhost', port=80): Failed to establish a new connection: [Errno 111] Connection refused""))"
2026-09-24T22:54:27.648399,call_ep_put__pet_jchf_scn_scn_ep_put__pet_jchf_404,PUT,http://localhost/api/v1/mock/mock-swagger/api/v3/pet?error=404,0,12.61,"HTTPConnectionPool(host='localhost', port=80): Max retries exceeded with url: /api/v1/mock/mock-swagger/api/v3/pet?error=404 (Caused by NewConnectionError(""HTTPConnection(host='localhost', port=80): Failed to establish a new connection: [Errno 111] Connection refused""))"
2026-09-24T22:54:27.649416,call_ep_put__pet_jchf_scn_scn_ep_put__pet_jchf_404,PUT,http://localhost/api/v1/mock/mock-swagger/api/v3/pet?error=404,0,5.45,"HTTPConnectionPool(host='localhost', port=80): Max retries exceeded with url: /api/v1/mock/mock-swagger/api/v3/pet?error=404 (Caused by NewConnectionError(""HTTPConnection(host='localhost', port=80): Failed to establish a new connection: [Errno 111] Connection refused""))"
2026-09-24T22:54:27.649907,call_ep_put__pet_jchf_scn_scn_ep_put__pet_jchf_404,PUT,http://localhost/api/v1/mock/mock-swagger/api/v3/pet?error=404,0,9.07,"HTTPConnectionPool(host='localhost', port=80): Max retries exceeded with url: /api/v1/mock/mock-swagger/api/v3/pet?error=404 (Caused by NewConnectionError(""HTTPConnection(host='localhost', port=80): Failed to establish a new connection: [Errno 111] Connection refused""))"
2026-09-24T22:54:27.650248,call_ep_put__pet_jchf_scn_scn_ep_put__pet_jchf_404,PUT,http://localhost/api/v1/mock/mock-swagger/api/v3/pet?error=404,0,8.38,"HTTPConnectionPool(host='localhost', port=80): Max retries exceeded with url: /api/v1/mock/mock-swagger/api/v3/pet?error=404 (Caused by NewConnectionError(""HTTPConnection(host='localhost', port=80): Failed to establish a new connection: [Errno 111] Connection refused""))"
2026-09-24T22:54:27.650551,call_ep_put__pet_jchf_scn_scn_ep_put__pet_jchf_404,PUT,http://localhost/api/v1/mock/mock-swagger/api/v3/pet?error=404,0,12.55,"HTTPConnectionPool(host='localhost', port=80): Max retries exceeded with url: /api/v1/mock/mock-swagger/api/v3/pet?error=404 (Caused by NewConnectionError(""HTTPConnection(host='localhost', port=80): Failed to establish a new connection: [Errno 111] Connection refused""))"
2026-09-24T22:54:27.651173,call_ep_put__pet_jchf_scn_scn_ep_put__pet_jchf_404,PUT,http://localhost/api/v1/mock/mock-swagger/api/v3/pet?error=404,0,3.97,"HTTPConnectionPool(host='localhost', port=80): Max retries exceeded with url: /api/v1/mock/mock-swagger/api/v3/pet?error=404 (Caused by NewConnectionError(""HTTPConnection(host='localhost', port=80): Failed to establish a new connection: [Errno 111] Connection refused""))"
2026-09-24T22:54:27.651569,call_ep_put__pet_jchf_scn_scn_ep_put__pet_jchf_404,PUT,http://localhost/api/v1/mock/mock-swagger/api/v3/pet?error=404,0,14.55,"HTTPConnectionPool(host='localhost', port=80): Max retries exceeded with url: /api/v1/mock/mock-swagger/api/v3/pet?error=404 (Caused by NewConnectionError(""HTTPConnection(host='localhost', port=80): Failed to establish a new connection: [Errno 111] Connection refused""))"
2026-09-24T22:54:27.651772,call_ep_put__pet_jchf_scn_scn_ep_put__pet_jchf_404,PUT,http://localhost/api/v1/mock/mock-swagger/api/v3/pet?error=404,0,12.53,"HTTPConnectionPool(host='localhost', port=80): Max retries exceeded with url: /api/v1/mock/mock-swagger/api/v3/pet?error=404 (Caused by NewConnectionError(""HTTPConnection(host='localhost', port=80): Failed to establish a new connection: [Errno 111] Connection refused""))"
2026-09-24T22:54:27.652066,call_ep_put__pet_jchf_scn_scn_ep_put__pet_jchf_404,PUT,http://localhost/api/v1/mock/mock-swagger/api/v3/pet?error=404,0,6.14,"HTTPConnectionPool(host='localhost', port=80): Max retries exceeded with url: /api/v1/mock/mock-swagger/api/v3/pet?error=404 (Caused by NewConnectionError(""HTTPConnection(host='localhost', port=80): Failed to establish a new connection: [Errno 111] Connection refused""))"
2026-09-24T22:54:27.652517,call_ep_put__pet_jchf_scn_scn_ep_put__pet_jchf_404,PUT,http://localhost/api/v1/mock/mock-swagger/api/v3/pet?error=404,0,9.57,"HTTPConnectionPool(host='localhost', port=80): Max retries exceeded with url: /api/v1/mock/mock-swagger/api/v3/pet?error=404 (Caused by NewConnectionError(""HTTPConnection(host='localhost', port=80): Failed to establish a new connection: [Errno 111] Connection refused""))"
2026-09-24T22:54:27.761336,call_ep_get__pet_findByStatus_t14w_base,GET,http://localhost/api/v1/mock/mock-swagger/api/v3/pet/findByStatus?status=1,0,12.74,"HTTPConnectionPool(host='localhost', port=80): Max retries exceeded with url: /api/v1/mock/mock-swagger/api/v3/pet/findByStatus?status=1 (Caused by NewConnectionError(""HTTPConnection(host='localhost', port=80): Failed to establish a new connection: [Errno 111] Connection refused""))"
2026-09-24T22:54:27.761893,call_ep_get__pet_findByStatus_t14w_base,GET,http://localhost/api/v1/mock/mock-swagger/api/v3/pet/findByStatus?status=1,0,8.96,"HTTPConnectionPool(host='localhost', port=80): Max retries exceeded with url: /api/v1/mock/mock-swagger/api/v3/pet/findByStatus?status=1 (Caused by NewConnectionError(""HTTPConnection(host='localhost', port=80): Failed to establish a new connection: [Errno 111] Connection refused""))"
2026-09-24T22:54:27.762482,call_ep_get__pet_findByStatus_t14w_base,GET,http://localhost/api/v1/mock/mock-swagger/api/v3/pet/findByStatus?status=1,0,7.39,"HTTPConnectionPool(host='localhost', port=80): Max retries exceeded with url: /api/v1/mock/mock-swagger/api/v3/pet/findByStatus?status=1 (Caused by NewConnectionError(""HTTPConnection(host='localhost', port=80): Failed to establish a new connection: [Errno 111] Connection refused""))"
2026-09-24T22:54:27.762799,call_ep_get__pet_findByStatus_t14w_base,GET,http://localhost/api/v1/mock/mock-swagger/api/v3/pet/findByStatus?status=1,0,6.66,"HTTPConnectionPool(host='localhost', port=80): Max retries exceeded with url: /api/v1/mock/mock-swagger/api/v3/pet/findByStatus?status=1 (Caused by NewConnectionError(""HTTPConnection(host='localhost', port=80): Failed to establish a new connection: [Errno 111] Connection refused""))"
2026-09-24T22:54:27.763103,call_ep_get__pet_findByStatus_t14w_base,GET,http://localhost/api/v1/mock/mock-swagger/api/v3/pet/findByStatus?status=1,0,11.15,"HTTPConnectionPool(host='localhost', port=80): Max retries exceeded with url: /api/v1/mock/mock-swagger/api/v3/pet/findByStatus?status=1 (Caused by NewConnectionError(""HTTPConnection(host='localhost', port=80): Failed to establish a new connection: [Errno 111] Connection refused""))"
2026-09-24T22:54:27.763418,call_ep_get__pet_findByStatus_t14w_base,GET,http://localhost/api/v1/mock/mock-swagger/api/v3/pet/findByStatus?status=1,0,12.68,"HTTPConnectionPool(host='localhost', port=80): Max retries exceeded with url: /api/v1/mock/mock-swagger/api/v3/pet/findByStatus?status=1 (Caused by NewConnectionError(""HTTPConnection(host='localhost', port=80): Failed to establish a new connection: [Errno 111] Connection refused""))"
2026-09-24T22:54:27.763698,call_ep_get__pet_findByStatus_t14w_base,GET,http://localhost/api/v1/mock/mock-swagger/api/v3/pet/findByStatus?status=1,0,9.6,"HTTPConnectionPool(host='localhost', port=80): Max retries exceeded with url: /api/v1/mock/mock-swagger/api/v3/pet/findByStatus?status=1 (Caused by NewConnectionError(""HTTPConnection(host='localhost', port=80): Failed to establish a new connection: [Errno 111] Connection refused""))"
2026-09-24T22:54:27.764009,call_ep_get__pet_findByStatus_t14w_base,GET,http://localhost/api/v1/mock/mock-swagger/api/v3/pet/findByStatus?status=1,0,6.6,"HTTPConnectionPool(host='localhost', port=80): Max retries exceeded with url: /api/v1/mock/mock-swagger/api/v3/pet/findByStatus?status=1 (Caused by NewConnectionError(""HTTPConnection(host='localhost', port=80): Failed to establish a new connection: [Errno 111] Connection refused""))"
2026-09-24T22:54:27.764269,call_ep_get__pet_findByStatus_t14w_base,GET,http://localhost/api/v1/mock/mock-swagger/api/v3/pet/findByStatus?status=1,0,14.61,"HTTPConnectionPool(host='localhost', port=80): Max retries exceeded with url: /api/v1/mock/mock-swagger/api/v3/pet/findByStatus?status=1 (Caused by NewConnectionError(""HTTPConnection(host='localhost', port=80): Failed to establish a new connection: [Errno 111] Connection refused""))"
2026-09-24T22:54:27.764548,call_ep_get__pet_findByStatus_t14w_base,GET,http://localhost/api/v1/mock/mock-swagger/api/v3/pet/findByStatus?status=1,0,6.01,"HTTPConnectionPool(host='localhost', port=80): Max retries exceeded with url: /api/v1/mock/mock-swagger/api/v3/pet/findByStatus?status=1 (Caused by NewConnectionError(""HTTPConnection(host='localhost', port=80): Failed to establish a new connection: [Errno 111] Connection refused""))"
2026-09-24T22:54:27.873529,call_ep_get__pet_findByStatus_t14w_scn_scn_ep_get__pet_findByStatus_t14w_401,GET,http://localhost/api/v1/mock/mock-swagger/api/v3/pet/findByStatus?status=1,0,11.99,"HTTPConnectionPool(host='localhost', port=80): Max retries exceeded with url: /api/v1/mock/mock-swagger/api/v3/pet/findByStatus?status=1 (Caused by NewConnectionError(""HTTPConnection(host='localhost', port=80): Failed to establish a new connection: [Errno 111] Connection refused""))"
2026-09-24T22:54:27.874373,call_ep_get__pet_findByStatus_t14w_scn_scn_ep_get__pet_findByStatus_t14w_401,GET,http://localhost/api/v1/mock/mock-swagger/api/v3/pet/findByStatus?status=1,0,4.4,"HTTPConnectionPool(host='localhost', port=80): Max retries exceeded with url: /api/v1/mock/mock-swagger/api/v3/pet/findByStatus?status=1 (Caused by NewConnectionError(""HTTPConnection(host='localhost', port=80): Failed to establish a new connection: [Errno 111] Connection refused""))"
2026-09-24T22:54:27.874728,call_ep_get__pet_findByStatus_t14w_scn_scn_ep_get__pet_findByStatus_t14w_401,GET,http://localhost/api/v1/mock/mock-swagger/api/v3/pet/findByStatus?status=1,0,11.13,"HTTPConnectionPool(host='localhost', port=80): Max retries exceeded with url: /api/v1/mock/mock-swagger/api/v3/pet/findByStatus?status=1 (Caused by NewConnectionError(""HTTPConnection(host='localhost', port=80): Failed to establish a new connection: [Errno 111] Connection refused""))"
2026-09-24T22:54:27.875004,call_ep_get__pet_findByStatus_t14w_scn_scn_ep_get__pet_findByStatus_t14w_401,GET,http://localhost/api/v1/mock/mock-swagger/api/v3/pet/findByStatus?status=1,0,8.16,"HTTPConnectionPool(host='localhost', port=80): Max retries exceeded with url: /api/v1/mock/mock-swagger/api/v3/pet/findByStatus?status=1 (Caused by NewConnectionError(""HTTPConnection(host='localhost', port=80): Failed to establish a new connection: [Errno 111] Connection refused""))"
2026-09-24T22:54:27.875721,call_ep_get__pet_findByStatus_t14w_scn_scn_ep_get__pet_findByStatus_t14w_401,GET,http://localhost/api/v1/mock/mock-swagger/api/v3/pet/findByStatus?status=1,0,13.06,"HTTPConnectionPool(host='localhost', port=80): Max retries exceeded with url: /api/v1/mock/mock-swagger/api/v3/pet/findByStatus?status=1 (Caused by NewConnectionError(""HTTPConnection(host='localhost', port=80): Failed to establish a new connection: [Errno 111] Connection refused""))"
2026-09-24T22:54:27.875960,call_ep_get__pet_findByStatus_t14w_scn_scn_ep_get__pet_findByStatus_t14w_401,GET,http://localhost/api/v1/mock/mock-swagger/api/v3/pet/findByStatus?status=1,0,4.43,"HTTPConnectionPool(host='localhost', port=80): Max retries exceeded with url: /api/v1/mock/mock-swagger/api/v3/pet/findByStatus?status=1 (Caused by NewConnectionError(""HTTPConnection(host='localhost', port=80): Failed to establish a new connection: [Errno 111] Connection refused""))"
2026-09-24T22:54:27.876505,call_ep_get__pet_findByStatus_t14w_scn_scn_ep_get__pet_findByStatus_t14w_401,GET,http://localhost/api/v1/mock/mock-swagger/api/v3/pet/findByStatus?status=1,0,8.66,"HTTPConnectionPool(host='localhost', port=80): Max retries exceeded with url: /api/v1/mock/mock-swagger/api/v3/pet/findByStatus?status=1 (Caused by NewConnectionError(""HTTPConnection(host='localhost', port=80): Failed to establish a new connection: [Errno 111] Connection refused""))"
2026-09-24T22:54:27.876935,call_ep_get__pet_findByStatus_t14w_scn_scn_ep_get__pet_findByStatus_t14w_401,GET,http://localhost/api/v1/mock/mock-swagger/api/v3/pet/findByStatus?status=1,0,12.17,"HTTPConnectionPool(host='localhost', port=80): Max retries exceeded with url: /api/v1/mock/mock-swagger/api/v3/pet/findByStatus?status=1 (Caused by NewConnectionError(""HTTPConnection(host='localhost', port=80): Failed to establish a new connection: [Errno 111] Connection refused""))"
2026-09-24T22:54:27.877192,call_ep_get__pet_findByStatus_t14w_scn_scn_ep_get__pet_findByStatus_t14w_401,GET,http://localhost/api/v1/mock/mock-swagger/api/v3/pet/findByStatus?status=1,0,8.36,"HTTPConnectionPool(host='localhost', port=80): Max retries exceeded with url: /api/v1/mock/mock-swagger/api/v3/pet/findByStatus?status=1 (Caused by NewConnectionError(""HTTPConnection(host='localhost', port=80): Failed to establish a new connection: [Errno 111] Connection refused""))"
2026-09-24T22:54:27.877438,call_ep_get__pet_findByStatus_t14w_scn_scn_ep_get__pet_findByStatus_t14w_401,GET,http://localhost/api/v1/mock/mock-swagger/api/v3/pet/findByStatus?status=1,0,11.57,"HTTPConnectionPool(host='localhost', port=80): Max retries exceeded with url: /api/v1/mock/mock-swagger/api/v3/pet/findByStatus?status=1 (Caused by NewConnectionError(""HTTPConnection(host='localhost', port=80): Failed to establish a new connection: [Errno 111] Connection refused""))"
2026-09-24T22:54:27.986336,call_ep_get__pet_findByStatus_t14w_scn_scn_ep_get__pet_findByStatus_t14w_400,GET,http://localhost/api/v1/mock/mock-swagger/api/v3/pet/findByStatus?status=1,0,10.44,"HTTPConnectionPool(host='localhost', port=80): Max retries exceeded with url: /api/v1/mock/mock-swagger/api/v3/pet/findByStatus?status=1 (Caused by NewConnectionError(""HTTPConnection(host='localhost', port=80): Failed to establish a new connection: [Errno 111] Connection refused""))"
2026-09-24T22:54:27.986791,call_ep_get__pet_findByStatus_t14w_scn_scn_ep_get__pet_findByStatus_t14w_400,GET,http://localhost/api/v1/mock/mock-swagger/api/v3/pet/findByStatus?status=1,0,13.1,"HTTPConnectionPool(host='localhost', port=80): Max retries exceeded with url: /api/v1/mock/mock-swagger/api/v3/pet/findByStatus?status=1 (Caused by NewConnectionError(""HTTPConnection(host='localhost', port=80): Failed to establish a new connection: [Errno 111] Connection refused""))"
2026-09-24T22:54:27.987150,call_ep_get__pet_findByStatus_t14w_scn_scn_ep_get__pet_findByStatus_t14w_400,GET,http://localhost/api/v1/mock/mock-swagger/api/v3/pet/findByStatus?status=1,0,10.1,"HTTPConnectionPool(host='localhost', port=80): Max retries exceeded with url: /api/v1/mock/mock-swagger/api/v3/pet/findByStatus?status=1 (Caused by NewConnectionError(""HTTPConnection(host='localhost', port=80): Failed to establish a new connection: [Errno 111] Connection refused""))"
2026-09-24T22:54:27.987842,call_ep_get__pet_findByStatus_t14w_scn_scn_ep_get__pet_findByStatus_t14w_400,GET,http://localhost/api/v1/mock/mock-swagger/api/v3/pet/findByStatus?status=1,0,4.97,"HTTPConnectionPool(host='localhost', port=80): Max retries exceeded with url: /api/v1/mock/mock-swagger/api/v3/pet/findByStatus?status=1 (Caused by NewConnectionError(""HTTPConnection(host='localhost', port=80): Failed to establish a new connection: [Errno 111] Connection refused""))"
2026-09-24T22:54:27.988205,call_ep_get__pet_findByStatus_t14w_scn_scn_ep_get__pet_findByStatus_t14w_400,GET,http://localhost/api/v1/mock/mock-swagger/api/v3/pet/findByStatus?status=1,0,10.11,"HTTPConnectionPool(host='localhost', port=80): Max retries exceeded with url: /api/v1/mock/mock-swagger/api/v3/pet/findByStatus?status=1 (Caused by NewConnectionError(""HTTPConnection(host='localhost', port=80): Failed to establish a new connection: [Errno 111] Connection refused""))"
2026-09-24T22:54:27.988667,call_ep_get__pet_findByStatus_t14w_scn_scn_ep_get__pet_findByStatus_t14w_400,GET,http://localhost/api/v1/mock/mock-swagger/api/v3/pet/findByStatus?status=1,0,13.83,"HTTPConnectionPool(host='localhost', port=80): Max retries exceeded with url: /api/v1/mock/mock-swagger/api/v3/pet/findByStatus?status=1 (Caused by NewConnectionError(""HTTPConnection(host='localhost', port=80): Failed to establish a new connection: [Errno 111] Connection refused""))"
2026-09-24T22:54:27.992364,call_ep_get__pet_findByStatus_t14w_scn_scn_ep_get__pet_findByStatus_t14w_400,GET,http://localhost/api/v1/mock/mock-swagger/api/v3/pet/findByStatus?status=1,0,9.8,"HTTPConnectionPool(host='localhost', port=80): Max retries exceeded with url: /api/v1/mock/mock-swagger/api/v3/pet/findByStatus?status=1 (Caused by NewConnectionError(""HTTPConnection(host='localhost', port=80): Failed to establish a new connection: [Errno 111] Connection refused""))"
2026-09-24T22:54:27.992655,call_ep_get__pet_findByStatus_t14w_scn_scn_ep_get__pet_findByStatus_t14w_400,GET,http://localhost/api/v1/mock/mock-swagger/api/v3/pet/findByStatus?status=1,0,12.41,"HTTPConnectionPool(host='localhost', port=80): Max retries exceeded with url: /api/v1/mock/mock-swagger/api/v3/pet/findByStatus?status=1 (Caused by NewConnectionError(""HTTPConnection(host='localhost', port=80): Failed to establish a new connection: [Errno 111] Connection refused""))"
2026-09-24T22:54:27.993005,call_ep_get__pet_findByStatus_t14w_scn_scn_ep_get__pet_findByStatus_t14w_400,GET,http://localhost/api/v1/mock/mock-swagger/api/v3/pet/findByStatus?status=1,0,9.11,"HTTPConnectionPool(host='localhost', port=80): Max retries exceeded with url: /api/v1/mock/mock-swagger/api/v3/pet/findByStatus?status=1 (Caused by NewConnectionError(""HTTPConnection(host='localhost', port=80): Failed to establish a new connection: [Errno 111] Connection refused""))"
2026-09-24T22:54:27.993446,call_ep_get__pet_findByStatus_t14w_scn_scn_ep_get__pet_findByStatus_t14w_400,GET,http://localhost/api/v1/mock/mock-swagger/api/v3/pet/findByStatus?status=1,0,12.17,"HTTPConnectionPool(host='localhost', port=80): Max retries exceeded with url: /api/v1/mock/mock-swagger/api/v3/pet/findByStatus?status=1 (Caused by NewConnectionError(""HTTPConnection(host='localhost', port=80): Failed to establish a new connection: [Errno 111] Connection refused""))"
2026-09-24T22:54:28.098454,call_ep_get__pet_findByStatus_t14w_scn_scn_ep_get__pet_findByStatus_t14w_404,GET,http://localhost/api/v1/mock/mock-swagger/api/v3/pet/findByStatus?status=1&error=404,0,10.79,"HTTPConnectionPool(host='localhost', port=80): Max retries exceeded with url: /api/v1/mock/mock-swagger/api/v3/pet/findByStatus?status=1&error=404 (Caused by NewConnectionError(""HTTPConnection(host='localhost', port=80): Failed to establish a new connection: [Errno 111] Connection refused""))"
2026-09-24T22:54:28.099041,call_ep_get__pet_findByStatus_t14w_scn_scn_ep_get__pet_findByStatus_t14w_404,GET,http://localhost/api/v1/mock/mock-swagger/api/v3/pet/findByStatus?status=1&error=404,0,10.37,"HTTPConnectionPool(host='localhost', port=80): Max retries exceeded with url: /api/v1/mock/mock-swagger/api/v3/pet/findByStatus?status=1&error=404 (Caused by NewConnectionError(""HTTPConnection(host='localhost', port=80): Failed to establish a new connection: [Errno 111] Connection refused""))"
2026-09-24T22:54:28.100028,call_ep_get__pet_findByStatus_t14w_scn_scn_ep_get__pet_findByStatus_t14w_404,GET,http://localhost/api/v1/mock/mock-swagger/api/v3/pet/findByStatus?status=1&error=404,0,4.86,"HTTPConnectionPool(host='localhost', port=80): Max retries exceeded with url: /api/v1/mock/mock-swagger/api/v3/pet/findByStatus?status=1&error=404 (Caused by NewConnectionError(""HTTPConnection(host='localhost', port=80): Failed to establish a new connection: [Errno 111] Connection refused""))"
2026-09-24T22:54:28.100287,call_ep_get__pet_findByStatus_t14w_scn_scn_ep_get__pet_findByStatus_t14w_404,GET,http://localhost/api/v1/mock/mock-swagger/api/v3/pet/findByStatus?status=1&error=404,0,10.52,"HTTPConnectionPool(host='localhost', port=80): Max retries exceeded with url: /api/v1/mock/mock-swagger/api/v3/pet/findByStatus?status=1&error=404 (Caused by NewConnectionError(""HTTPConnection(host='localhost', port=80): Failed to establish a new connection: [Errno 111] Connection refused""))"
2026-09-24T22:54:28.100507,call_ep_get__pet_findByStatus_t14w_scn_scn_ep_get__pet_findByStatus_t14w_404,GET,http://localhost/api/v1/mock/mock-swagger/api/v3/pet/findByStatus?status=1&error=404,0,4.06,"HTTPConnectionPool(host='localhost', port=80): Max retries exceeded with url: /api/v1/mock/mock-swagger/api/v3/pet/findByStatus?status=1&error=404 (Caused by NewConnectionError(""HTTPConnection(host='localhost', port=80): Failed to establish a new connection: [Errno 111] Connection refused""))"
2026-09-24T22:54:28.100738,call_ep_get__pet_findByStatus_t14w_scn_scn_ep_get__pet_findByStatus_t14w_404,GET,http://localhost/api/v1/mock/mock-swagger/api/v3/pet/findByStatus?status=1&error=404,0,14.22,"HTTPConnectionPool(host='localhost', port=80): Max retries exceeded with url: /api/v1/mock/mock-swagger/api/v3/pet/findByStatus?status=1&error=404 (Caused by NewConnectionError(""HTTPConnection(host='localhost', port=80): Failed to establish a new connection: [Errno 111] Connection refused""))"
2026-09-24T22:54:28.101348,call_ep_get__pet_findByStatus_t14w_scn_scn_ep_get__pet_findByStatus_t14w_404,GET,http://localhost/api/v1/mock/mock-swagger/api/v3/pet/findByStatus?status=1&error=404,0,8.17,"HTTPConnectionPool(host='localhost', port=80): Max retries exceeded with url: /api/v1/mock/mock-swagger/api/v3/pet/findByStatus?status=1&error=404 (Caused by NewConnectionError(""HTTPConnection(host='localhost', port=80): Failed to establish a new connection: [Errno 111] Connection refused""))"
2026-09-24T22:54:28.101626,call_ep_get__pet_findByStatus_t14w_scn_scn_ep_get__pet_findByStatus_t14w_404,GET,http://localhost/api/v1/mock/mock-swagger/api/v3/pet/findByStatus?status=1&error=404,0,10.76,"HTTPConnectionPool(host='localhost', port=80): Max retries exceeded with url: /api/v1/mock/mock-swagger/api/v3/pet/findByStatus?status=1&error=404 (Caused by NewConnectionError(""HTTPConnection(host='localhost', port=80): Failed to establish a new connection: [Errno 111] Connection refused""))"
2026-09-24T22:54:28.101851,call_ep_get__pet_findByStatus_t14w_scn_scn_ep_get__pet_findByStatus_t14w_404,GET,http://localhost/api/v1/mock/mock-swagger/api/v3/pet/findByStatus?status=1&error=404,0,9.73,"HTTPConnectionPool(host='localhost', port=80): Max retries exceeded with url: /api/v1/mock/mock-swagger/api/v3/pet/findByStatus?status=1&error=404 (Caused by NewConnectionError(""HTTPConnection(host='localhost', port=80): Failed to establish a new connection: [Errno 111] Connection refused""))"
2026-09-24T22:54:28.102067,call_ep_get__pet_findByStatus_t14w_scn_scn_ep_get__pet_findByStatus_t14w_404,GET,http://localhost/api/v1/mock/mock-swagger/api/v3/pet/findByStatus?status=1&error=404,0,7.88,"HTTPConnectionPool(host='localhost', port=80): Max retries exceeded with url: /api/v1/mock/mock-swagger/api/v3/pet/findByStatus?status=1&error=404 (Caused by NewConnectionError(""HTTPConnection(host='localhost', port=80): Failed to establish a new connection: [Errno 111] Connection refused""))"
2026-09-24T22:54:28.211404,call_ep_get__pet_findByTags_eg92_base,GET,http://localhost/api/v1/mock/mock-swagger/api/v3/pet/findByTags?tags=1,0,12.75,"HTTPConnectionPool(host='localhost', port=80): Max retries exceeded with url: /api/v1/mock/mock-swagger/api/v3/pet/findByTags?tags=1 (Caused by NewConnectionError(""HTTPConnection(host='localhost', port=80): Failed to establish a new connection: [Errno 111] Connection refused""))"
2026-09-24T22:54:28.211827,call_ep_get__pet_findByTags_eg92_base,GET,http://localhost/api/v1/mock/mock-swagger/api/v3/pet/findByTags?tags=1,0,9.75,"HTTPConnectionPool(host='localhost', port=80): Max retries exceeded with url: /api/v1/mock/mock-swagger/api/v3/pet/findByTags?tags=1 (Caused by NewConnectionError(""HTTPConnection(host='localhost', port=80): Failed to establish a new connection: [Errno 111] Connection refused""))"
2026-09-24T22:54:28.212394,call_ep_get__pet_findByTags_eg92_base,GET,http://localhost/api/v1/mock/mock-swagger/api/v3/pet/findByTags?tags=1,0,11.57,"HTTPConnectionPool(host='localhost', port=80): Max retries exceeded with url: /api/v1/mock/mock-swagger/api/v3/pet/findByTags?tags=1 (Caused by NewConnectionError(""HTTPConnection(host='localhost', port=80): Failed to establish a new connection: [Errno 111] Connection refused""))"
2026-09-24T22:54:28.213050,call_ep_get__pet_findByTags_eg92_base,GET,http://localhost/api/v1/mock/mock-swagger/api/v3/pet/findByTags?tags=1,0,13.28,"HTTPConnectionPool(host='localhost', port=80): Max retries exceeded with url: /api/v1/mock/mock-swagger/api/v3/pet/findByTags?tags=1 (Caused by NewConnectionError(""HTTPConnection(host='localhost', port=80): Failed to establish a new connection: [Errno 111] Connection refused""))"
2026-09-24T22:54:28.213344,call_ep_get__pet_findByTags_eg92_base,GET,http://localhost/api/v1/mock/mock-swagger/api/v3/pet/findByTags?tags=1,0,7.4,"HTTPConnectionPool(host='localhost', port=80): Max retries exceeded with url: /api/v1/mock/mock-swagger/api/v3/pet/findByTags?tags=1 (Caused by NewConnectionError(""HTTPConnection(host='localhost', port=80): Failed to establish a new connection: [Errno 111] Connection refused""))"
2026-09-24T22:54:28.213704,call_ep_get__pet_findByTags_eg92_base,GET,http://localhost/api/v1/mock/mock-swagger/api/v3/pet/findByTags?tags=1,0,10.07,"HTTPConnectionPool(host='localhost', port=80): Max retries exceeded with url: /api/v1/mock/mock-swagger/api/v3/pet/findByTags?tags=1 (Caused by NewConnectionError(""HTTPConnection(host='localhost', port=80): Failed to establish a new connection: [Errno 111] Connection refused""))"
2026-09-24T22:54:28.214085,call_ep_get__pet_findByTags_eg92_base,GET,http://localhost/api/v1/mock/mock-swagger/api/v3/pet/findByTags?tags=1,0,9.33,"HTTPConnectionPool(host='localhost', port=80): Max retries exceeded with url: /api/v1/mock/mock-swagger/api/v3/pet/findByTags?tags=1 (Caused by NewConnectionError(""HTTPConnection(host='localhost', port=80): Failed to establish a new connection: [Errno 111] Connection refused""))"
2026-09-24T22:54:28.214336,call_ep_get__pet_findByTags_eg92_base,GET,http://localhost/api/v1/mock/mock-swagger/api/v3/pet/findByTags?tags=1,0,7.11,"HTTPConnectionPool(host='localhost', port=80): Max retries exceeded with url: /api/v1/mock/mock-swagger/api/v3/pet/findByTags?tags=1 (Caused by NewConnectionError(""HTTPConnection(host='localhost', port=80): Failed to establish a new connection: [Errno 111] Connection refused""))"
2026-09-24T22:54:28.214720,call_ep_get__pet_findByTags_eg92_base,GET,http://localhost/api/v1/mock/mock-swagger/api/v3/pet/findByTags?tags=1,0,6.26,"HTTPConnectionPool(host='localhost', port=80): Max retries exceeded with url: /api/v1/mock/mock-swagger/api/v3/pet/findByTags?tags=1 (Caused by NewConnectionError(""HTTPConnection(host='localhost', port=80): Failed to establish a new connection: [Errno 111] Connection refused""))"
2026-09-24T22:54:28.215096,call_ep_get__pet_findByTags_eg92_base,GET,http://localhost/api/v1/mock/mock-swagger/api/v3/pet/findByTags?tags=1,0,5.04,"HTTPConnectionPool(host='localhost', port=80): Max retries exceeded with url: /api/v1/mock/mock-swagger/api/v3/pet/findByTags?tags=1 (Caused by NewConnectionError(""HTTPConnection(host='localhost', port=80): Failed to establish a new connection: [Errno 111] Connection refused""))"
2026-09-24T22:54:28.324777,call_ep_get__pet_findByTags_eg92_scn_scn_ep_get__pet_findByTags_eg92_401,GET,http://localhost/api/v1/mock/mock-swagger/api/v3/pet/findByTags?tags=1,0,13.18,"HTTPConnectionPool(host='localhost', port=80): Max retries exceeded with url: /api/v1/mock/mock-swagger/api/v3/pet/findByTags?tags=1 (Caused by NewConnectionError(""HTTPConnection(host='localhost', port=80): Failed to establish a new connection: [Errno 111] Connection refused""))"
2026-09-24T22:54:28.325343,call_ep_get__pet_findByTags_eg92_scn_scn_ep_get__pet_findByTags_eg92_401,GET,http://localhost/api/v1/mock/mock-swagger/api/v3/pet/findByTags?tags=1,0,9.53,"HTTPConnectionPool(host='localhost', port=80): Max retries exceeded with url: /api/v1/mock/mock-swagger/api/v3/pet/findByTags?tags=1 (Caused by NewConnectionError(""HTTPConnection(host='localhost', port=80): Failed to establish a new connection: [Errno 111] Connection refused""))"
2026-09-24T22:54:28.325714,call_ep_get__pet_findByTags_eg92_scn_scn_ep_get__pet_findByTags_eg92_401,GET,http://localhost/api/v1/mock/mock-swagger/api/v3/pet/findByTags?tags=1,0,12.03,"HTTPConnectionPool(host='localhost', port=80): Max retries exceeded with url: /api/v1/mock/mock-swagger/api/v3/pet/findByTags?tags=1 (Caused by NewConnectionError(""HTTPConnection(host='localhost', port=80): Failed to establish a new connection: [Errno 111] Connection refused""))"
2026-09-24T22:54:28.326273,call_ep_get__pet_findByTags_eg92_scn_scn_ep_get__pet_findByTags_eg92_401,GET,http://localhost/api/v1/mock/mock-swagger/api/v3/pet/findByTags?tags=1,0,7.04,"HTTPConnectionPool(host='localhost', port=80): Max retries exceeded with url: /api/v1/mock/mock-swagger/api/v3/pet/findByTags?tags=1 (Caused by NewConnectionError(""HTTPConnection(host='localhost', port=80): Failed to establish a new connection: [Errno 111] Connection refused""))"
2026-09-24T22:54:28.326526,call_ep_get__pet_findByTags_eg92_scn_scn_ep_get__pet_findByTags_eg92_401,GET,http://localhost/api/v1/mock/mock-swagger/api/v3/pet/findByTags?tags=1,0,13.83,"HTTPConnectionPool(host='localhost', port=80): Max retries exceeded with url: /api/v1/mock/mock-swagger/api/v3/pet/findByTags?tags=1 (Caused by NewConnectionError(""HTTPConnection(host='localhost', port=80): Failed to establish a new connection: [Errno 111] Connection refused""))"
2026-09-24T22:54:28.326863,call_ep_get__pet_findByTags_eg92_scn_scn_ep_get__pet_findByTags_eg92_401,GET,http://localhost/api/v1/mock/mock-swagger/api/v3/pet/findByTags?tags=1,0,6.65,"HTTPConnectionPool(host='localhost', port=80): Max retries exceeded with url: /api/v1/mock/mock-swagger/api/v3/pet/findByTags?tags=1 (Caused by NewConnectionError(""HTTPConnection(host='localhost', port=80): Failed to establish a new connection: [Errno 111] Connection refused""))"
2026-09-24T22:54:28.327074,call_ep_get__pet_findByTags_eg92_scn_scn_ep_get__pet_findByTags_eg92_401,GET,http://localhost/api/v1/mock/mock-swagger/api/v3/pet/findByTags?tags=1,0,5.5,"HTTPConnectionPool(host='localhost', port=80): Max retries exceeded with url: /api/v1/mock/mock-swagger/api/v3/pet/findByTags?tags=1 (Caused by NewConnectionError(""HTTPConnection(host='localhost', port=80): Failed to establish a new connection: [Errno 111] Connection refused""))"
2026-09-24T22:54:28.327273,call_ep_get__pet_findByTags_eg92_scn_scn_ep_get__pet_findByTags_eg92_401,GET,http://localhost/api/v1/mock/mock-swagger/api/v3/pet/findByTags?tags=1,0,9.47,"HTTPConnectionPool(host='localhost', port=80): Max retries exceeded with url: /api/v1/mock/mock-swagger/api/v3/pet/findByTags?tags=1 (Caused by NewConnectionError(""HTTPConnection(host='localhost', port=80): Failed to establish a new connection: [Errno 111] Connection refused""))"
2026-09-24T22:54:28.327966,call_ep_get__pet_findByTags_eg92_scn_scn_ep_get__pet_findByTags_eg92_401,GET,http://localhost/api/v1/mock/mock-swagger/api/v3/pet/findByTags?tags=1,0,11.15,"HTTPConnectionPool(host='localhost', port=80): Max retries exceeded with url: /api/v1/mock/mock-swagger/api/v3/pet/findByTags?tags=1 (Caused by NewConnectionError(""HTTPConnection(host='localhost', port=80): Failed to establish a new connection: [Errno 111] Connection refused""))"
2026-09-24T22:54:28.328248,call_ep_get__pet_findByTags_eg92_scn_scn_ep_get__pet_findByTags_eg92_401,GET,http://localhost/api/v1/mock/mock-swagger/api/v3/pet/findByTags?tags=1,0,13.45,"HTTPConnectionPool(host='localhost', port=80): Max retries exceeded with url: /api/v1/mock/mock-swagger/api/v3/pet/findByTags?tags=1 (Caused by NewConnectionError(""HTTPConnection(host='localhost', port=80): Failed to establish a new connection: [Errno 111] Connection refused""))"
2026-09-24T22:54:28.437371,call_ep_get__pet_findByTags_eg92_scn_scn_ep_get__pet_findByTags_eg92_400,GET,http://localhost/api/v1/mock/mock-swagger/api/v3/pet/findByTags?tags=1,0,9.22,"HTTPConnectionPool(host='localhost', port=80): Max retries exceeded with url: /api/v1/mock/mock-swagger/api/v3/pet/findByTags?tags=1 (Caused by NewConnectionError(""HTTPConnection(host='localhost', port=80): Failed to establish a new connection: [Errno 111] Connection refused""))"
2026-09-24T22:54:28.437802,call_ep_get__pet_findByTags_eg92_scn_scn_ep_get__pet_findByTags_eg92_400,GET,http://localhost/api/v1/mock/mock-swagger/api/v3/pet/findByTags?tags=1,0,12.83,"HTTPConnectionPool(host='localhost', port=80): Max retries exceeded with url: /api/v1/mock/mock-swagger/api/v3/pet/findByTags?tags=1 (Caused by NewConnectionError(""HTTPConnection(host='localhost', port=80): Failed to establish a new connection: [Errno 111] Connection refused""))"
2026-09-24T22:54:28.438105,call_ep_get__pet_findByTags_eg92_scn_scn_ep_get__pet_findByTags_eg92_400,GET,http://localhost/api/v1/mock/mock-swagger/api/v3/pet/findByTags?tags=1,0,8.94,"HTTPConnectionPool(host='localhost', port=80): Max retries exceeded with url: /api/v1/mock/mock-swagger/api/v3/pet/findByTags?tags=1 (Caused by NewConnectionError(""HTTPConnection(host='localhost', port=80): Failed to establish a new connection: [Errno 111] Connection refused""))"
2026-09-24T22:54:28.438464,call_ep_get__pet_findByTags_eg92_scn_scn_ep_get__pet_findByTags_eg92_400,GET,http://localhost/api/v1/mock/mock-swagger/api/v3/pet/findByTags?tags=1,0,8.28,"HTTPConnectionPool(host='localhost', port=80): Max retries exceeded with url: /api/v1/mock/mock-swagger/api/v3/pet/findByTags?tags=1 (Caused by NewConnectionError(""HTTPConnection(host='localhost', port=80): Failed to establish a new connection: [Errno 111] Connection refused""))"
2026-09-24T22:54:28.439202,call_ep_get__pet_findByTags_eg92_scn_scn_ep_get__pet_findByTags_eg92_400,GET,http://localhost/api/v1/mock/mock-swagger/api/v3/pet/findByTags?tags=1,0,4.57,"HTTPConnectionPool(host='localhost', port=80): Max retries exceeded with url: /api/v1/mock/mock-swagger/api/v3/pet/findByTags?tags=1 (Caused by NewConnectionError(""HTTPConnection(host='localhost', port=80): Failed to establish a new connection: [Errno 111] Connection refused""))"
2026-09-24T22:54:28.439509,call_ep_get__pet_findByTags_eg92_scn_scn_ep_get__pet_findByTags_eg92_400,GET,http://localhost/api/v1/mock/mock-swagger/api/v3/pet/findByTags?tags=1,0,7.29,"HTTPConnectionPool(host='localhost', port=80): Max retries exceeded with url: /api/v1/mock/mock-swagger/api/v3/pet/findByTags?tags=1 (Caused by NewConnectionError(""HTTPConnection(host='localhost', port=80): Failed to establish a new connection: [Errno 111] Connection refused""))"
2026-09-24T22:54:28.439786,call_ep_get__pet_findByTags_eg92_scn_scn_ep_get__pet_findByTags_eg92_400,GET,http://localhost/api/v1/mock/mock-swagger/api/v3/pet/findByTags?tags=1,0,13.62,"HTTPConnectionPool(host='localhost', port=80): Max retries exceeded with url: /api/v1/mock/mock-swagger/api/v3/pet/findByTags?tags=1 (Caused by NewConnectionError(""HTTPConnection(host='localhost', port=80): Failed to establish a new connection: [Errno 111] Connection refused""))"
2026-09-24T22:54:28.440023,call_ep_get__pet_findByTags_eg92_scn_scn_ep_get__pet_findByTags_eg92_400,GET,http://localhost/api/v1/mock/mock-swagger/api/v3/pet/findByTags?tags=1,0,12.88,"HTTPConnectionPool(host='localhost', port=80): Max retries exceeded with url: /api/v1/mock/mock-swagger/api/v3/pet/findByTags?tags=1 (Caused by NewConnectionError(""HTTPConnection(host='localhost', port=80): Failed to establish a new connection: [Errno 111] Connection refused""))"
2026-09-24T22:54:28.440325,call_ep_get__pet_findByTags_eg92_scn_scn_ep_get__pet_findByTags_eg92_400,GET,http://localhost/api/v1/mock/mock-swagger/api/v3/pet/findByTags?tags=1,0,6.95,"HTTPConnectionPool(host='localhost', port=80): Max retries exceeded with url: /api/v1/mock/mock-swagger/api/v3/pet/findByTags?tags=1 (Caused by NewConnectionError(""HTTPConnection(host='localhost', port=80): Failed to establish a new connection: [Errno 111] Connection refused""))"
2026-09-24T22:54:28.440930,call_ep_get__pet_findByTags_eg92_scn_scn_ep_get__pet_findByTags_eg92_400,GET,http://localhost/api/v1/mock/mock-swagger/api/v3/pet/findByTags?tags=1,0,9.74,"HTTPConnectionPool(host='localhost', port=80): Max retries exceeded with url: /api/v1/mock/mock-swagger/api/v3/pet/findByTags?tags=1 (Caused by NewConnectionError(""HTTPConnection(host='localhost', port=80): Failed to establish a new connection: [Errno 111] Connection refused""))"
2026-09-24T22:54:28.549671,call_ep_get__pet_findByTags_eg92_scn_scn_ep_get__pet_findByTags_eg92_404,GET,http://localhost/api/v1/mock/mock-swagger/api/v3/pet/findByTags?tags=1&error=404,0,10.01,"HTTPConnectionPool(host='localhost', port=80): Max retries exceeded with url: /api/v1/mock/mock-swagger/api/v3/pet/findByTags?tags=1&error=404 (Caused by NewConnectionError(""HTTPConnection(host='localhost', port=80): Failed to establish a new connection: [Errno 111] Connection refused""))"
2026-09-24T22:54:28.550103,call_ep_get__pet_findByTags_eg92_scn_scn_ep_get__pet_findByTags_eg92_404,GET,http://localhost/api/v1/mock/mock-swagger/api/v3/pet/findByTags?tags=1&error=404,0,6.24,"HTTPConnectionPool(host='localhost', port=80): Max retries exceeded with url: /api/v1/mock/mock-swagger/api/v3/pet/findByTags?tags=1&error=404 (Caused by NewConnectionError(""HTTPConnection(host='localhost', port=80): Failed to establish a new connection: [Errno 111] Connection refused""))"
2026-09-24T22:54:28.550722,call_ep_get__pet_findByTags_eg92_scn_scn_ep_get__pet_findByTags_eg92_404,GET,http://localhost/api/v1/mock/mock-swagger/api/v3/pet/findByTags?tags=1&error=404,0,12.06,"HTTPConnectionPool(host='localhost', port=80): Max retries exceeded with url: /api/v1/mock/mock-swagger/api/v3/pet/findByTags?tags=1&error=404 (Caused by NewConnectionError(""HTTPConnection(host='localhost', port=80): Failed to establish a new connection: [Errno 111] Connection refused""))"
2026-09-24T22:54:28.551188,call_ep_get__pet_findByTags_eg92_scn_scn_ep_get__pet_findByTags_eg92_404,GET,http://localhost/api/v1/mock/mock-swagger/api/v3/pet/findByTags?tags=1&error=404,0,5.19,"HTTPConnectionPool(host='localhost', port=80): Max retries exceeded with url: /api/v1/mock/mock-swagger/api/v3/pet/findByTags?tags=1&error=404 (Caused by NewConnectionError(""HTTPConnection(host='localhost', port=80): Failed to establish a new connection: [Errno 111] Connection refused""))"
2026-09-24T22:54:28.551500,call_ep_get__pet_findByTags_eg92_scn_scn_ep_get__pet_findByTags_eg92_404,GET,http://localhost/api/v1/mock/mock-swagger/api/v3/pet/findByTags?tags=1&error=404,0,8.67,"HTTPConnectionPool(host='localhost', port=80): Max retries exceeded with url: /api/v1/mock/mock-swagger/api/v3/pet/findByTags?tags=1&error=404 (Caused by NewConnectionError(""HTTPConnection(host='localhost', port=80): Failed to establish a new connection: [Errno 111] Connection refused""))"
2026-09-24T22:54:28.551768,call_ep_get__pet_findByTags_eg92_scn_scn_ep_get__pet_findByTags_eg92_404,GET,http://localhost/api/v1/mock/mock-swagger/api/v3/pet/findByTags?tags=1&error=404,0,9.95,"HTTPConnectionPool(host='localhost', port=80): Max retries exceeded with url: /api/v1/mock/mock-swagger/api/v3/pet/findByTags?tags=1&error=404 (Caused by NewConnectionError(""HTTPConnection(host='localhost', port=80): Failed to establish a new connection: [Errno 111] Connection refused""))"
2026-09-24T22:54:28.552035,call_ep_get__pet_findByTags_eg92_scn_scn_ep_get__pet_findByTags_eg92_404,GET,http://localhost/api/v1/mock/mock-swagger/api/v3/pet/findByTags?tags=1&error=404,0,4.78,"HTTPConnectionPool(host='localhost', port=80): Max retries exceeded with url: /api/v1/mock/mock-swagger/api/v3/pet/findByTags?tags=1&error=404 (Caused by NewConnectionError(""HTTPConnection(host='localhost', port=80): Failed to establish a new connection: [Errno 111] Connection refused""))"
2026-09-24T22:54:28.552544,call_ep_get__pet_findByTags_eg92_scn_scn_ep_get__pet_findByTags_eg92_404,GET,http://localhost/api/v1/mock/mock-swagger/api/v3/pet/findByTags?tags=1&error=404,0,14.98,"HTTPConnectionPool(host='localhost', port=80): Max retries exceeded with url: /api/v1/mock/mock-swagger/api/v3/pet/findByTags?tags=1&error=404 (Caused by NewConnectionError(""HTTPConnection(host='localhost', port=80): Failed to establish a new connection: [Errno 111] Connection refused""))"
2026-09-24T22:54:28.552744,call_ep_get__pet_findByTags_eg92_scn_scn_ep_get__pet_findByTags_eg92_404,GET,http://localhost/api/v1/mock/mock-swagger/api/v3/pet/findByTags?tags=1&error=404,0,12.1,"HTTPConnectionPool(host='localhost', port=80): Max retries exceeded with url: /api/v1/mock/mock-swagger/api/v3/pet/findByTags?tags=1&error=404 (Caused by NewConnectionError(""HTTPConnection(host='localhost', port=80): Failed to establish a new connection: [Errno 111] Connection refused""))"
2026-09-24T22:54:28.553025,call_ep_get__pet_findByTags_eg92_scn_scn_ep_get__pet_findByTags_eg92_404,GET,http://localhost/api/v1/mock/mock-swagger/api/v3/pet/findByTags?tags=1&error=404,0,8.12,"HTTPConnectionPool(host='localhost', port=80): Max retries exceeded with url: /api/v1/mock/mock-swagger/api/v3/pet/findByTags?tags=1&error=404 (Caused by NewConnectionError(""HTTPConnection(host='localhost', port=80): Failed to establish a new connection: [Errno 111] Connection refused""))"
2026-09-24T22:54:28.663064,call_ep_get__pet__petId__mpbf_base,GET,http://localhost/api/v1/mock/mock-swagger/api/v3/pet/{petId},0,9.32,"HTTPConnectionPool(host='localhost', port=80): Max retries exceeded with url: /api/v1/mock/mock-swagger/api/v3/pet/%7BpetId%7D (Caused by NewConnectionError(""HTTPConnection(host='localhost', port=80): Failed to establish a new connection: [Errno 111] Connection refused""))"
2026-09-24T22:54:28.663304,call_ep_get__pet__petId__mpbf_base,GET,http://localhost/api/v1/mock/mock-swagger/api/v3/pet/{petId},0,13.43,"HTTPConnectionPool(host='localhost', port=80): Max retries exceeded with url: /api/v1/mock/mock-swagger/api/v3/pet/%7BpetId%7D (Caused by NewConnectionError(""HTTPConnection(host='localhost', port=80): Failed to establish a new connection: [Errno 111] Connection refused""))"
2026-09-24T22:54:28.663505,call_ep_get__pet__petId__mpbf_base,GET,http://localhost/api/v1/mock/mock-swagger/api/v3/pet/{petId},0,11.87,"HTTPConnectionPool(host='localhost', port=80): Max retries exceeded with url: /api/v1/mock/mock-swagger/api/v3/pet/%7BpetId%7D (Caused by NewConnectionError(""HTTPConnection(host='localhost', port=80): Failed to establish a new connection: [Errno 111] Connection refused""))"
2026-09-24T22:54:28.663798,call_ep_get__pet__petId__mpbf_base,GET,http://localhost/api/v1/mock/mock-swagger/api/v3/pet/{petId},0,4.57,"HTTPConnectionPool(host='localhost', port=80): Max retries exceeded with url: /api/v1/mock/mock-swagger/api/v3/pet/%7BpetId%7D (Caused by NewConnectionError(""HTTPConnection(host='localhost', port=80): Failed to establish a new connection: [Errno 111] Connection refused""))"
2026-09-24T22:54:28.664154,call_ep_get__pet__petId__mpbf_base,GET,http://localhost/api/v1/mock/mock-swagger/api/v3/pet/{petId},0,8.21,"HTTPConnectionPool(host='localhost', port=80): Max retries exceeded with url: /api/v1/mock/mock-swagger/api/v3/pet/%7BpetId%7D (Caused by NewConnectionError(""HTTPConnection(host='localhost', port=80): Failed to establish a new connection: [Errno 111] Connection refused""))"
2026-09-24T22:54:28.664710,call_ep_get__pet__petId__mpbf_base,GET,http://localhost/api/v1/mock/mock-swagger/api/v3/pet/{petId},0,12.03,"HTTPConnectionPool(host='localhost', port=80): Max retries exceeded with url: /api/v1/mock/mock-swagger/api/v3/pet/%7BpetId%7D (Caused by NewConnectionError(""HTTPConnection(host='localhost', port=80): Failed to establish a new connection: [Errno 111] Connection refused""))"
2026-09-24T22:54:28.665059,call_ep_get__pet__petId__mpbf_base,GET,http://localhost/api/v1/mock/mock-swagger/api/v3/pet/{petId},0,4.05,"HTTPConnectionPool(host='localhost', port=80): Max retries exceeded with url: /api/v1/mock/mock-swagger/api/v3/pet/%7BpetId%7D (Caused by NewConnectionError(""HTTPConnection(host='localhost', port=80): Failed to establish a new connection: [Errno 111] Connection refused""))"
2026-09-24T22:54:28.665341,call_ep_get__pet__petId__mpbf_base,GET,http://localhost/api/v1/mock/mock-swagger/api/v3/pet/{petId},0,7.25,"HTTPConnectionPool(host='localhost', port=80): Max retries exceeded with url: /api/v1/mock/mock-swagger/api/v3/pet/%7BpetId%7D (Caused by NewConnectionError(""HTTPConnection(host='localhost', port=80): Failed to establish a new connection: [Errno 111] Connection refused""))"
2026-09-24T22:54:28.665648,call_ep_get__pet__petId__mpbf_base,GET,http://localhost/api/v1/mock/mock-swagger/api/v3/pet/{petId},0,8.6,"HTTPConnectionPool(host='localhost', port=80): Max retries exceeded with url: /api/v1/mock/mock-swagger/api/v3/pet/%7BpetId%7D (Caused by NewConnectionError(""HTTPConnection(host='localhost', port=80): Failed to establish a new connection: [Errno 111] Connection refused""))"
2026-09-24T22:54:28.665942,call_ep_get__pet__petId__mpbf_base,GET,http://localhost/api/v1/mock/mock-swagger/api/v3/pet/{petId},0,11.17,"HTTPConnectionPool(host='localhost', port=80): Max retries exceeded with url: /api/v1/mock/mock-swagger/api/v3/pet/%7BpetId%7D (Caused by NewConnectionError(""HTTPConnection(host='localhost', port=80): Failed to establish a new connection: [Errno 111] Connection refused""))"
2026-09-24T22:54:28.775868,call_ep_get__pet__petId__mpbf_scn_scn_ep_get__pet__petId__mpbf_401,GET,http://localhost/api/v1/mock/mock-swagger/api/v3/pet/{petId},0,11.44,"HTTPConnectionPool(host='localhost', port=80): Max retries exceeded with url: /api/v1/mock/mock-swagger/api/v3/pet/%7BpetId%7D (Caused by NewConnectionError(""HTTPConnection(host='localhost', port=80): Failed to establish a new connection: [Errno 111] Connection refused""))"
2026-09-24T22:54:28.776702,call_ep_get__pet__petId__mpbf_scn_scn_ep_get__pet__petId__mpbf_401,GET,http://localhost/api/v1/mock/mock-swagger/api/v3/pet/{petId},0,7.94,"HTTPConnectionPool(host='localhost', port=80): Max retries exceeded with url: /api/v1/mock/mock-swagger/api/v3/pet/%7BpetId%7D (Caused by NewConnectionError(""HTTPConnection(host='localhost', port=80): Failed to establish a new connection: [Errno 111] Connection refused""))"
2026-09-24T22:54:28.776941,call_ep_get__pet__petId__mpbf_scn_scn_ep_get__pet__petId__mpbf_401,GET,http://localhost/api/v1/mock/mock-swagger/api/v3/pet/{petId},0,10.4,"HTTPConnectionPool(host='localhost', port=80): Max retries exceeded with url: /api/v1/mock/mock-swagger/api/v3/pet/%7BpetId%7D (Caused by NewConnectionError(""HTTPConnection(host='localhost', port=80): Failed to establish a new connection: [Errno 111] Connection refused""))"
2026-09-24T22:54:28.777591,call_ep_get__pet__petId__mpbf_scn_scn_ep_get__pet__petId__mpbf_401,GET,http://localhost/api/v1/mock/mock-swagger/api/v3/pet/{petId},0,9.98,"HTTPConnectionPool(host='localhost', port=80): Max retries exceeded with url: /api/v1/mock/mock-swagger/api/v3/pet/%7BpetId%7D (Caused by NewConnectionError(""HTTPConnection(host='localhost', port=80): Failed to establish a new connection: [Errno 111] Connection refused""))"
2026-09-24T22:54:28.778066,call_ep_get__pet__petId__mpbf_scn_scn_ep_get__pet__petId__mpbf_401,GET,http://localhost/api/v1/mock/mock-swagger/api/v3/pet/{petId},0,6.47,"HTTPConnectionPool(host='localhost', port=80): Max retries exceeded with url: /api/v1/mock/mock-swagger/api/v3/pet/%7BpetId%7D (Caused by NewConnectionError(""HTTPConnection(host='localhost', port=80): Failed to establish a new connection: [Errno 111] Connection refused""))"
2026-09-24T22:54:28.778346,call_ep_get__pet__petId__mpbf_scn_scn_ep_get__pet__petId__mpbf_401,GET,http://localhost/api/v1/mock/mock-swagger/api/v3/pet/{petId},0,12.85,"HTTPConnectionPool(host='localhost', port=80): Max retries exceeded with url: /api/v1/mock/mock-swagger/api/v3/pet/%7BpetId%7D (Caused by NewConnectionError(""HTTPConnection(host='localhost', port=80): Failed to establish a new connection: [Errno 111] Connection refused""))"
2026-09-24T22:54:28.778635,call_ep_get__pet__petId__mpbf_scn_scn_ep_get__pet__petId__mpbf_401,GET,http://localhost/api/v1/mock/mock-swagger/api/v3/pet/{petId},0,4.74,"HTTPConnectionPool(host='localhost', port=80): Max retries exceeded with url: /api/v1/mock/mock-swagger/api/v3/pet/%7BpetId%7D (Caused by NewConnectionError(""HTTPConnection(host='localhost', port=80): Failed to establish a new connection: [Errno 111] Connection refused""))"
2026-09-24T22:54:28.778954,call_ep_get__pet__petId__mpbf_scn_scn_ep_get__pet__petId__mpbf_401,GET,http://localhost/api/v1/mock/mock-swagger/api/v3/pet/{petId},0,6.23,"HTTPConnectionPool(host='localhost', port=80): Max retries exceeded with url: /api/v1/mock/mock-swagger/api/v3/pet/%7BpetId%7D (Caused by NewConnectionError(""HTTPConnection(host='localhost', port=80): Failed to establish a new connection: [Errno 111] Connection refused""))"
2026-09-24T22:54:28.779225,call_ep_get__pet__petId__mpbf_scn_scn_ep_get__pet__petId__mpbf_401,GET,http://localhost/api/v1/mock/mock-swagger/api/v3/pet/{petId},0,9.3,"HTTPConnectionPool(host='localhost', port=80): Max retries exceeded with url: /api/v1/mock/mock-swagger/api/v3/pet/%7BpetId%7D (Caused by NewConnectionError(""HTTPConnection(host='localhost', port=80): Failed to establish a new connection: [Errno 111] Connection refused""))"
2026-09-24T22:54:28.779495,call_ep_get__pet__petId__mpbf_scn_scn_ep_get__pet__petId__mpbf_401,GET,http://localhost/api/v1/mock/mock-swagger/api/v3/pet/{petId},0,16.24,"HTTPConnectionPool(host='localhost', port=80): Max retries exceeded with url: /api/v1/mock/mock-swagger/api/v3/pet/%7BpetId%7D (Caused by NewConnectionError(""HTTPConnection(host='localhost', port=80): Failed to establish a new connection: [Errno 111] Connection refused""))"
2026-09-24T22:54:28.889296,call_ep_get__pet__petId__mpbf_scn_scn_ep_get__pet__petId__mpbf_400,GET,http://localhost/api/v1/mock/mock-swagger/api/v3/pet/{petId},0,11.87,"HTTPConnectionPool(host='localhost', port=80): Max retries exceeded with url: /api/v1/mock/mock-swagger/api/v3/pet/%7BpetId%7D (Caused by NewConnectionError(""HTTPConnection(host='localhost', port=80): Failed to establish a new connection: [Errno 111] Connection refused""))"
2026-09-24T22:54:28.890306,call_ep_get__pet__petId__mpbf_scn_scn_ep_get__pet__petId__mpbf_400,GET,http://localhost/api/v1/mock/mock-swagger/api/v3/pet/{petId},0,14.22,"HTTPConnectionPool(host='localhost', port=80): Max retries exceeded with url: /api/v1/mock/mock-swagger/api/v3/pet/%7BpetId%7D (Caused by NewConnectionError(""HTTPConnection(host='localhost', port=80): Failed to establish a new connection: [Errno 111] Connection refused""))"
2026-09-24T22:54:28.890933,call_ep_get__pet__petId__mpbf_scn_scn_ep_get__pet__petId__mpbf_400,GET,http://localhost/api/v1/mock/mock-swagger/api/v3/pet/{petId},0,6.8,"HTTPConnectionPool(host='localhost', port=80): Max retries exceeded with url: /api/v1/mock/mock-swagger/api/v3/pet/%7BpetId%7D (Caused by NewConnectionError(""HTTPConnection(host='localhost', port=80): Failed to establish a new connection: [Errno 111] Connection refused""))"
2026-09-24T22:54:28.891173,call_ep_get__pet__petId__mpbf_scn_scn_ep_get__pet__petId__mpbf_400,GET,http://localhost/api/v1/mock/mock-swagger/api/v3/pet/{petId},0,5.82,"HTTPConnectionPool(host='localhost', port=80): Max retries exceeded with url: /api/v1/mock/mock-swagger/api/v3/pet/%7BpetId%7D (Caused by NewConnectionError(""HTTPConnection(host='localhost', port=80): Failed to establish a new connection: [Errno 111] Connection refused""))"
2026-09-24T22:54:28.891455,call_ep_get__pet__petId__mpbf_scn_scn_ep_get__pet__petId__mpbf_400,GET,http://localhost/api/v1/mock/mock-swagger/api/v3/pet/{petId},0,12.95,"HTTPConnectionPool(host='localhost', port=80): Max retries exceeded with url: /api/v1/mock/mock-swagger/api/v3/pet/%7BpetId%7D (Caused by NewConnectionError(""HTTPConnection(host='localhost', port=80): Failed to establish a new connection: [Errno 111] Connection refused""))"
2026-09-24T22:54:28.891753,call_ep_get__pet__petId__mpbf_scn_scn_ep_get__pet__petId__mpbf_400,GET,http://localhost/api/v1/mock/mock-swagger/api/v3/pet/{petId},0,8.69,"HTTPConnectionPool(host='localhost', port=80): Max retries exceeded with url: /api/v1/mock/mock-swagger/api/v3/pet/%7BpetId%7D (Caused by NewConnectionError(""HTTPConnection(host='localhost', port=80): Failed to establish a new connection: [Errno 111] Connection refused""))"
2026-09-24T22:54:28.892023,call_ep_get__pet__petId__mpbf_scn_scn_ep_get__pet__petId__mpbf_400,GET,http://localhost/api/v1/mock/mock-swagger/api/v3/pet/{petId},0,12.36,"HTTPConnectionPool(host='localhost', port=80): Max retries exceeded with url: /api/v1/mock/mock-swagger/api/v3/pet/%7BpetId%7D (Caused by NewConnectionError(""HTTPConnection(host='localhost', port=80): Failed to establish a new connection: [Errno 111] Connection refused""))"
2026-09-24T22:54:28.892588,call_ep_get__pet__petId__mpbf_scn_scn_ep_get__pet__petId__mpbf_400,GET,http://localhost/api/v1/mock/mock-swagger/api/v3/pet/{petId},0,10.63,"HTTPConnectionPool(host='localhost', port=80): Max retries exceeded with url: /api/v1/mock/mock-swagger/api/v3/pet/%7BpetId%7D (Caused by NewConnectionError(""HTTPConnection(host='localhost', port=80): Failed to establish a new connection: [Errno 111] Connection refused""))"
2026-09-24T22:54:28.892812,call_ep_get__pet__petId__mpbf_scn_scn_ep_get__pet__petId__mpbf_400,GET,http://localhost/api/v1/mock/mock-swagger/api/v3/pet/{petId},0,11.95,"HTTPConnectionPool(host='localhost', port=80): Max retries exceeded with url: /api/v1/mock/mock-swagger/api/v3/pet/%7BpetId%7D (Caused by NewConnectionError(""HTTPConnection(host='localhost', port=80): Failed to establish a new connection: [Errno 111] Connection refused""))"
2026-09-24T22:54:28.893164,call_ep_get__pet__petId__mpbf_scn_scn_ep_get__pet__petId__mpbf_400,GET,http://localhost/api/v1/mock/mock-swagger/api/v3/pet/{petId},0,6.56,"HTTPConnectionPool(host='localhost', port=80): Max retries exceeded with url: /api/v1/mock/mock-swagger/api/v3/pet/%7BpetId%7D (Caused by NewConnectionError(""HTTPConnection(host='localhost', port=80): Failed to establish a new connection: [Errno 111] Connection refused""))"
2026-09-24T22:54:29.001909,call_ep_get__pet__petId__mpbf_scn_scn_ep_get__pet__petId__mpbf_404,GET,http://localhost/api/v1/mock/mock-swagger/api/v3/pet/999999999,0,7.11,"HTTPConnectionPool(host='localhost', port=80): Max retries exceeded with url: /api/v1/mock/mock-swagger/api/v3/pet/999999999 (Caused by NewConnectionError(""HTTPConnection(host='localhost', port=80): Failed to establish a new connection: [Errno 111] Connection refused""))"
2026-09-24T22:54:29.002394,call_ep_get__pet__petId__mpbf_scn_scn_ep_get__pet__petId__mpbf_404,GET,http://localhost/api/v1/mock/mock-swagger/api/v3/pet/999999999,0,6.5,"HTTPConnectionPool(host='localhost', port=80): Max retries exceeded with url: /api/v1/mock/mock-swagger/api/v3/pet/999999999 (Caused by NewConnectionError(""HTTPConnection(host='localhost', port=80): Failed to establish a new connection: [Errno 111] Connection refused""))"
2026-09-24T22:54:29.003358,call_ep_get__pet__petId__mpbf_scn_scn_ep_get__pet__petId__mpbf_404,GET,http://localhost/api/v1/mock/mock-swagger/api/v3/pet/999999999,0,9.75,"HTTPConnectionPool(host='localhost', port=80): Max retries exceeded with url: /api/v1/mock/mock-swagger/api/v3/pet/999999999 (Caused by NewConnectionError(""HTTPConnection(host='localhost', port=80): Failed to establish a new connection: [Errno 111] Connection refused""))"
2026-09-24T22:54:29.003736,call_ep_get__pet__petId__mpbf_scn_scn_ep_get__pet__petId__mpbf_404,GET,http://localhost/api/v1/mock/mock-swagger/api/v3/pet/999999999,0,14.25,"HTTPConnectionPool(host='localhost', port=80): Max retries exceeded with url: /api/v1/mock/mock-swagger/api/v3/pet/999999999 (Caused by NewConnectionError(""HTTPConnection(host='localhost', port=80): Failed to establish a new connection: [Errno 111] Connection refused""))"
2026-09-24T22:54:29.004343,call_ep_get__pet__petId__mpbf_scn_scn_ep_get__pet__petId__mpbf_404,GET,http://localhost/api/v1/mock/mock-swagger/api/v3/pet/999999999,0,12.71,"HTTPConnectionPool(host='localhost', port=80): Max retries exceeded with url: /api/v1/mock/mock-swagger/api/v3/pet/999999999 (Caused by NewConnectionError(""HTTPConnection(host='localhost', port=80): Failed to establish a new connection: [Errno 111] Connection refused""))"
2026-09-24T22:54:29.004660,call_ep_get__pet__petId__mpbf_scn_scn_ep_get__pet__petId__mpbf_404,GET,http://localhost/api/v1/mock/mock-swagger/api/v3/pet/999999999,0,12.05,"HTTPConnectionPool(host='localhost', port=80): Max retries exceeded with url: /api/v1/mock/mock-swagger/api/v3/pet/999999999 (Caused by NewConnectionError(""HTTPConnection(host='localhost', port=80): Failed to establish a new connection: [Errno 111] Connection refused""))"
2026-09-24T22:54:29.005187,call_ep_get__pet__petId__mpbf_scn_scn_ep_get__pet__petId__mpbf_404,GET,http://localhost/api/v1/mock/mock-swagger/api/v3/pet/999999999,0,6.83,"HTTPConnectionPool(host='localhost', port=80): Max retries exceeded with url: /api/v1/mock/mock-swagger/api/v3/pet/999999999 (Caused by NewConnectionError(""HTTPConnection(host='localhost', port=80): Failed to establish a new connection: [Errno 111] Connection refused""))"
2026-09-24T22:54:29.005506,call_ep_get__pet__petId__mpbf_scn_scn_ep_get__pet__petId__mpbf_404,GET,http://localhost/api/v1/mock/mock-swagger/api/v3/pet/999999999,0,8.15,"HTTPConnectionPool(host='localhost', port=80): Max retries exceeded with url: /api/v1/mock/mock-swagger/api/v3/pet/999999999 (Caused by NewConnectionError(""HTTPConnection(host='localhost', port=80): Failed to establish a new connection: [Errno 111] Connection refused""))"
2026-09-24T22:54:29.005805,call_ep_get__pet__petId__mpbf_scn_scn_ep_get__pet__petId__mpbf_404,GET,http://localhost/api/v1/mock/mock-swagger/api/v3/pet/999999999,0,15.2,"HTTPConnectionPool(host='localhost', port=80): Max retries exceeded with url: /api/v1/mock/mock-swagger/api/v3/pet/999999999 (Caused by NewConnectionError(""HTTPConnection(host='localhost', port=80): Failed to establish a new connection: [Errno 111] Connection refused""))"
2026-09-24T22:54:29.006117,call_ep_get__pet__petId__mpbf_scn_scn_ep_get__pet__petId__mpbf_404,GET,http://localhost/api/v1/mock/mock-swagger/api/v3/pet/999999999,0,6.04,"HTTPConnectionPool(host='localhost', port=80): Max retries exceeded with url: /api/v1/mock/mock-swagger/api/v3/pet/999999999 (Caused by NewConnectionError(""HTTPConnection(host='localhost', port=80): Failed to establish a new connection: [Errno 111] Connection refused""))"
2026-09-24T22:54:29.114816,call_ep_post__pet_b5ji_base,POST,http://localhost/api/v1/mock/mock-swagger/api/v3/pet,0,10.39,"HTTPConnectionPool(host='localhost', port=80): Max retries exceeded with url: /api/v1/mock/mock-swagger/api/v3/pet (Caused by NewConnectionError(""HTTPConnection(host='localhost', port=80): Failed to establish a new connection: [Errno 111] Connection refused""))"
2026-09-24T22:54:29.115483,call_ep_post__pet_b5ji_base,POST,http://localhost/api/v1/mock/mock-swagger/api/v3/pet,0,5.39,"HTTPConnectionPool(host='localhost', port=80): Max retries exceeded with url: /api/v1/mock/mock-swagger/api/v3/pet (Caused by NewConnectionError(""HTTPConnection(host='localhost', port=80): Failed to establish a new connection: [Errno 111] Connection refused""))"
2026-09-24T22:54:29.115825,call_ep_post__pet_b5ji_base,POST,http://localhost/api/v1/mock/mock-swagger/api/v3/pet,0,13.72,"HTTPConnectionPool(host='localhost', port=80): Max retries exceeded with url: /api/v1/mock/mock-swagger/api/v3/pet (Caused by NewConnectionError(""HTTPConnection(host='localhost', port=80): Failed to establish a new connection: [Errno 111] Connection refused""))"
2026-09-24T22:54:29.116300,call_ep_post__pet_b5ji_base,POST,http://localhost/api/v1/mock/mock-swagger/api/v3/pet,0,12.96,"HTTPConnectionPool(host='localhost', port=80): Max retries exceeded with url: /api/v1/mock/mock-swagger/api/v3/pet (Caused by NewConnectionError(""HTTPConnection(host='localhost', port=80): Failed to establish a new connection: [Errno 111] Connection refused""))"
2026-09-24T22:54:29.116522,call_ep_post__pet_b5ji_base,POST,http://localhost/api/v1/mock/mock-swagger/api/v3/pet,0,10.76,"HTTPConnectionPool(host='localhost', port=80): Max retries exceeded with url: /api/v1/mock/mock-swagger/api/v3/pet (Caused by NewConnectionError(""HTTPConnection(host='localhost', port=80): Failed to establish a new connection: [Errno 111] Connection refused""))"
2026-09-24T22:54:29.116789,call_ep_post__pet_b5ji_base,POST,http://localhost/api/v1/mock/mock-swagger/api/v3/pet,0,4.29,"HTTPConnectionPool(host='localhost', port=80): Max retries exceeded with url: /api/v1/mock/mock-swagger/api/v3/pet (Caused by NewConnectionError(""HTTPConnection(host='localhost', port=80): Failed to establish a new connection: [Errno 111] Connection refused""))"
2026-09-24T22:54:29.117171,call_ep_post__pet_b5ji_base,POST,http://localhost/api/v1/mock/mock-swagger/api/v3/pet,0,10.26,"HTTPConnectionPool(host='localhost', port=80): Max retries exceeded with url: /api/v1/mock/mock-swagger/api/v3/pet (Caused by NewConnectionError(""HTTPConnection(host='localhost', port=80): Failed to establish a new connection: [Errno 111] Connection refused""))"
2026-09-24T22:54:29.117497,call_ep_post__pet_b5ji_base,POST,http://localhost/api/v1/mock/mock-swagger/api/v3/pet,0,9.57,"HTTPConnectionPool(host='localhost', port=80): Max retries exceeded with url: /api/v1/mock/mock-swagger/api/v3/pet (Caused by NewConnectionError(""HTTPConnection(host='localhost', port=80): Failed to establish a new connection: [Errno 111] Connection refused""))"
2026-09-24T22:54:29.118264,call_ep_post__pet_b5ji_base,POST,http://localhost/api/v1/mock/mock-swagger/api/v3/pet,0,9.23,"HTTPConnectionPool(host='localhost', port=80): Max retries exceeded with url: /api/v1/mock/mock-swagger/api/v3/pet (Caused by NewConnectionError(""HTTPConnection(host='localhost', port=80): Failed to establish a new connection: [Errno 111] Connection refused""))"
2026-09-24T22:54:29.118618,call_ep_post__pet_b5ji_base,POST,http://localhost/api/v1/mock/mock-swagger/api/v3/pet,0,7.28,"HTTPConnectionPool(host='localhost', port=80): Max retries exceeded with url: /api/v1/mock/mock-swagger/api/v3/pet (Caused by NewConnectionError(""HTTPConnection(host='localhost', port=80): Failed to establish a new connection: [Errno 111] Connection refused""))"
2026-09-24T22:54:29.227267,call_ep_post__pet_b5ji_scn_scn_ep_post__pet_b5ji_401,POST,http://localhost/api/v1/mock/mock-swagger/api/v3/pet,0,10.05,"HTTPConnectionPool(host='localhost', port=80): Max retries exceeded with url: /api/v1/mock/mock-swagger/api/v3/pet (Caused by NewConnectionError(""HTTPConnection(host='localhost', port=80): Failed to establish a new connection: [Errno 111] Connection refused""))"
2026-09-24T22:54:29.227941,call_ep_post__pet_b5ji_scn_scn_ep_post__pet_b5ji_401,POST,http://localhost/api/v1/mock/mock-swagger/api/v3/pet,0,7.28,"HTTPConnectionPool(host='localhost', port=80): Max retries exceeded with url: /api/v1/mock/mock-swagger/api/v3/pet (Caused by NewConnectionError(""HTTPConnection(host='localhost', port=80): Failed to establish a new connection: [Errno 111] Connection refused""))"
2026-09-24T22:54:29.228390,call_ep_post__pet_b5ji_scn_scn_ep_post__pet_b5ji_401,POST,http://localhost/api/v1/mock/mock-swagger/api/v3/pet,0,13.38,"HTTPConnectionPool(host='localhost', port=80): Max retries exceeded with url: /api/v1/mock/mock-swagger/api/v3/pet (Caused by NewConnectionError(""HTTPConnection(host='localhost', port=80): Failed to establish a new connection: [Errno 111] Connection refused""))"
2026-09-24T22:54:29.228920,call_ep_post__pet_b5ji_scn_scn_ep_post__pet_b5ji_401,POST,http://localhost/api/v1/mock/mock-swagger/api/v3/pet,0,10.52,"HTTPConnectionPool(host='localhost', port=80): Max retries exceeded with url: /api/v1/mock/mock-swagger/api/v3/pet (Caused by NewConnectionError(""HTTPConnection(host='localhost', port=80): Failed to establish a new connection: [Errno 111] Connection refused""))"
2026-09-24T22:54:29.229351,call_ep_post__pet_b5ji_scn_scn_ep_post__pet_b5ji_401,POST,http://localhost/api/v1/mock/mock-swagger/api/v3/pet,0,13.2,"HTTPConnectionPool(host='localhost', port=80): Max retries exceeded with url: /api/v1/mock/mock-swagger/api/v3/pet (Caused by NewConnectionError(""HTTPConnection(host='localhost', port=80): Failed to establish a new connection: [Errno 111] Connection refused""))"
2026-09-24T22:54:29.229704,call_ep_post__pet_b5ji_scn_scn_ep_post__pet_b5ji_401,POST,http://localhost/api/v1/mock/mock-swagger/api/v3/pet,0,10.24,"HTTPConnectionPool(host='localhost', port=80): Max retries exceeded with url: /api/v1/mock/mock-swagger/api/v3/pet (Caused by NewConnectionError(""HTTPConnection(host='localhost', port=80): Failed to establish a new connection: [Errno 111] Connection refused""))"
2026-09-24T22:54:29.230057,call_ep_post__pet_b5ji_scn_scn_ep_post__pet_b5ji_401,POST,http://localhost/api/v1/mock/mock-swagger/api/v3/pet,0,6.1,"HTTPConnectionPool(host='localhost', port=80): Max retries exceeded with url: /api/v1/mock/mock-swagger/api/v3/pet (Caused by NewConnectionError(""HTTPConnection(host='localhost', port=80): Failed to establish a new connection: [Errno 111] Connection refused""))"
2026-09-24T22:54:29.230422,call_ep_post__pet_b5ji_scn_scn_ep_post__pet_b5ji_401,POST,http://localhost/api/v1/mock/mock-swagger/api/v3/pet,0,4.33,"HTTPConnectionPool(host='localhost', port=80): Max retries exceeded with url: /api/v1/mock/mock-swagger/api/v3/pet (Caused by NewConnectionError(""HTTPConnection(host='localhost', port=80): Failed to establish a new connection: [Errno 111] Connection refused""))"
2026-09-24T22:54:29.230612,call_ep_post__pet_b5ji_scn_scn_ep_post__pet_b5ji_401,POST,http://localhost/api/v1/mock/mock-swagger/api/v3/pet,0,8.92,"HTTPConnectionPool(host='localhost', port=80): Max retries exceeded with url: /api/v1/mock/mock-swagger/api/v3/pet (Caused by NewConnectionError(""HTTPConnection(host='localhost', port=80): Failed to establish a new connection: [Errno 111] Connection refused""))"
2026-09-24T22:54:29.230955,call_ep_post__pet_b5ji_scn_scn_ep_post__pet_b5ji_401,POST,http://localhost/api/v1/mock/mock-swagger/api/v3/pet,0,8.02,"HTTPConnectionPool(host='localhost', port=80): Max retries exceeded with url: /api/v1/mock/mock-swagger/api/v3/pet (Caused by NewConnectionError(""HTTPConnection(host='localhost', port=80): Failed to establish a new connection: [Errno 111] Connection refused""))"
2026-09-24T22:54:29.340712,call_ep_post__pet_b5ji_scn_scn_ep_post__pet_b5ji_400,POST,http://localhost/api/v1/mock/mock-swagger/api/v3/pet,0,13.26,"HTTPConnectionPool(host='localhost', port=80): Max retries exceeded with url: /api/v1/mock/mock-swagger/api/v3/pet (Caused by NewConnectionError(""HTTPConnection(host='localhost', port=80): Failed to establish a new connection: [Errno 111] Connection refused""))"
2026-09-24T22:54:29.341067,call_ep_post__pet_b5ji_scn_scn_ep_post__pet_b5ji_400,POST,http://localhost/api/v1/mock/mock-swagger/api/v3/pet,0,10.22,"HTTPConnectionPool(host='localhost', port=80): Max retries exceeded with url: /api/v1/mock/mock-swagger/api/v3/pet (Caused by NewConnectionError(""HTTPConnection(host='localhost', port=80): Failed to establish a new connection: [Errno 111] Connection refused""))"
2026-09-24T22:54:29.341367,call_ep_post__pet_b5ji_scn_scn_ep_post__pet_b5ji_400,POST,http://localhost/api/v1/mock/mock-swagger/api/v3/pet,0,8.4,"HTTPConnectionPool(host='localhost', port=80): Max retries exceeded with url: /api/v1/mock/mock-swagger/api/v3/pet (Caused by NewConnectionError(""HTTPConnection(host='localhost', port=80): Failed to establish a new connection: [Errno 111] Connection refused""))"
2026-09-24T22:54:29.341669,call_ep_post__pet_b5ji_scn_scn_ep_post__pet_b5ji_400,POST,http://localhost/api/v1/mock/mock-swagger/api/v3/pet,0,11.97,"HTTPConnectionPool(host='localhost', port=80): Max retries exceeded with url: /api/v1/mock/mock-swagger/api/v3/pet (Caused by NewConnectionError(""HTTPConnection(host='localhost', port=80): Failed to establish a new connection: [Errno 111] Connection refused""))"
2026-09-24T22:54:29.342135,call_ep_post__pet_b5ji_scn_scn_ep_post__pet_b5ji_400,POST,http://localhost/api/v1/mock/mock-swagger/api/v3/pet,0,5.1,"HTTPConnectionPool(host='localhost', port=80): Max retries exceeded with url: /api/v1/mock/mock-swagger/api/v3/pet (Caused by NewConnectionError(""HTTPConnection(host='localhost', port=80): Failed to establish a new connection: [Errno 111] Connection refused""))"
2026-09-24T22:54:29.342618,call_ep_post__pet_b5ji_scn_scn_ep_post__pet_b5ji_400,POST,http://localhost/api/v1/mock/mock-swagger/api/v3/pet,0,13.96,"HTTPConnectionPool(host='localhost', port=80): Max retries exceeded with url: /api/v1/mock/mock-swagger/api/v3/pet (Caused by NewConnectionError(""HTTPConnection(host='localhost', port=80): Failed to establish a new connection: [Errno 111] Connection refused""))"
2026-09-24T22:54:29.343070,call_ep_post__pet_b5ji_scn_scn_ep_post__pet_b5ji_400,POST,http://localhost/api/v1/mock/mock-swagger/api/v3/pet,0,7.41,"HTTPConnectionPool(host='localhost', port=80): Max retries exceeded with url: /api/v1/mock/mock-swagger/api/v3/pet (Caused by NewConnectionError(""HTTPConnection(host='localhost', port=80): Failed to establish a new connection: [Errno 111] Connection refused""))"
2026-09-24T22:54:29.343400,call_ep_post__pet_b5ji_scn_scn_ep_post__pet_b5ji_400,POST,http://localhost/api/v1/mock/mock-swagger/api/v3/pet,0,11.53,"HTTPConnectionPool(host='localhost', port=80): Max retries exceeded with url: /api/v1/mock/mock-swagger/api/v3/pet (Caused by NewConnectionError(""HTTPConnection(host='localhost', port=80): Failed to establish a new connection: [Errno 111] Connection refused""))"
2026-09-24T22:54:29.343575,call_ep_post__pet_b5ji_scn_scn_ep_post__pet_b5ji_400,POST,http://localhost/api/v1/mock/mock-swagger/api/v3/pet,0,9.6,"HTTPConnectionPool(host='localhost', port=80): Max retries exceeded with url: /api/v1/mock/mock-swagger/api/v3/pet (Caused by NewConnectionError(""HTTPConnection(host='localhost', port=80): Failed to establish a new connection: [Errno 111] Connection refused""))"
2026-09-24T22:54:29.343758,call_ep_post__pet_b5ji_scn_scn_ep_post__pet_b5ji_400,POST,http://localhost/api/v1/mock/mock-swagger/api/v3/pet,0,5.06,"HTTPConnectionPool(host='localhost', port=80): Max retries exceeded with url: /api/v1/mock/mock-swagger/api/v3/pet (Caused by NewConnectionError(""HTTPConnection(host='localhost', port=80): Failed to establish a new connection: [Errno 111] Connection refused""))"
2026-09-24T22:54:29.453359,call_ep_post__pet_b5ji_scn_scn_ep_post__pet_b5ji_404,POST,http://localhost/api/v1/mock/mock-swagger/api/v3/pet?error=404,0,10.19,"HTTPConnectionPool(host='localhost', port=80): Max retries exceeded with url: /api/v1/mock/mock-swagger/api/v3/pet?error=404 (Caused by NewConnectionError(""HTTPConnection(host='localhost', port=80): Failed to establish a new connection: [Errno 111] Connection refused""))"
2026-09-24T22:54:29.454893,call_ep_post__pet_b5ji_scn_scn_ep_post__pet_b5ji_404,POST,http://localhost/api/v1/mock/mock-swagger/api/v3/pet?error=404,0,8.9,"HTTPConnectionPool(host='localhost', port=80): Max retries exceeded with url: /api/v1/mock/mock-swagger/api/v3/pet?error=404 (Caused by NewConnectionError(""HTTPConnection(host='localhost', port=80): Failed to establish a new connection: [Errno 111] Connection refused""))"
2026-09-24T22:54:29.455361,call_ep_post__pet_b5ji_scn_scn_ep_post__pet_b5ji_404,POST,http://localhost/api/v1/mock/mock-swagger/api/v3/pet?error=404,0,11.15,"HTTPConnectionPool(host='localhost', port=80): Max retries exceeded with url: /api/v1/mock/mock-swagger/api/v3/pet?error=404 (Caused by NewConnectionError(""HTTPConnection(host='localhost', port=80): Failed to establish a new connection: [Errno 111] Connection refused""))"
2026-09-24T22:54:29.455729,call_ep_post__pet_b5ji_scn_scn_ep_post__pet_b5ji_404,POST,http://localhost/api/v1/mock/mock-swagger/api/v3/pet?error=404,0,14.85,"HTTPConnectionPool(host='localhost', port=80): Max retries exceeded with url: /api/v1/mock/mock-swagger/api/v3/pet?error=404 (Caused by NewConnectionError(""HTTPConnection(host='localhost', port=80): Failed to establish a new connection: [Errno 111] Connection refused""))"
2026-09-24T22:54:29.456186,call_ep_post__pet_b5ji_scn_scn_ep_post__pet_b5ji_404,POST,http://localhost/api/v1/mock/mock-swagger/api/v3/pet?error=404,0,5.75,"HTTPConnectionPool(host='localhost', port=80): Max retries exceeded with url: /api/v1/mock/mock-swagger/api/v3/pet?error=404 (Caused by NewConnectionError(""HTTPConnection(host='localhost', port=80): Failed to establish a new connection: [Errno 111] Connection refused""))"
2026-09-24T22:54:29.456510,call_ep_post__pet_b5ji_scn_scn_ep_post__pet_b5ji_404,POST,http://localhost/api/v1/mock/mock-swagger/api/v3/pet?error=404,0,7.55,"HTTPConnectionPool(host='localhost', port=80): Max retries exceeded with url: /api/v1/mock/mock-swagger/api/v3/pet?error=404 (Caused by NewConnectionError(""HTTPConnection(host='localhost', port=80): Failed to establish a new connection: [Errno 111] Connection refused""))"
2026-09-24T22:54:29.456839,call_ep_post__pet_b5ji_scn_scn_ep_post__pet_b5ji_404,POST,http://localhost/api/v1/mock/mock-swagger/api/v3/pet?error=404,0,14.77,"HTTPConnectionPool(host='localhost', port=80): Max retries exceeded with url: /api/v1/mock/mock-swagger/api/v3/pet?error=404 (Caused by NewConnectionError(""HTTPConnection(host='localhost', port=80): Failed to establish a new connection: [Errno 111] Connection refused""))"
2026-09-24T22:54:29.457112,call_ep_post__pet_b5ji_scn_scn_ep_post__pet_b5ji_404,POST,http://localhost/api/v1/mock/mock-swagger/api/v3/pet?error=404,0,5.32,"HTTPConnectionPool(host='localhost', port=80): Max retries exceeded with url: /api/v1/mock/mock-swagger/api/v3/pet?error=404 (Caused by NewConnectionError(""HTTPConnection(host='localhost', port=80): Failed to establish a new connection: [Errno 111] Connection refused""))"
2026-09-24T22:54:29.457385,call_ep_post__pet_b5ji_scn_scn_ep_post__pet_b5ji_404,POST,http://localhost/api/v1/mock/mock-swagger/api/v3/pet?error=404,0,10.81,"HTTPConnectionPool(host='localhost', port=80): Max retries exceeded with url: /api/v1/mock/mock-swagger/api/v3/pet?error=404 (Caused by NewConnectionError(""HTTPConnection(host='localhost', port=80): Failed to establish a new connection: [Errno 111] Connection refused""))"
2026-09-24T22:54:29.457613,call_ep_post__pet_b5ji_scn_scn_ep_post__pet_b5ji_404,POST,http://localhost/api/v1/mock/mock-swagger/api/v3/pet?error=404,0,9.88,"HTTPConnectionPool(host='localhost', port=80): Max retries exceeded with url: /api/v1/mock/mock-swagger/api/v3/pet?error=404 (Caused by NewConnectionError(""HTTPConnection(host='localhost', port=80): Failed to establish a new connection: [Errno 111] Connection refused""))"
2026-09-24T22:54:29.555170,call_ep_put__pet_jchf_base,PUT,http://localhost/api/v1/mock/mock-swagger/api/v3/pet,0,1.63,"HTTPConnectionPool(host='localhost', port=80): Max retries exceeded with url: /api/v1/mock/mock-swagger/api/v3/pet (Caused by NewConnectionError(""HTTPConnection(host='localhost', port=80): Failed to establish a new connection: [Errno 111] Connection refused""))"
2026-09-24T22:54:29.566737,call_ep_put__pet_jchf_base,PUT,http://localhost/api/v1/mock/mock-swagger/api/v3/pet,0,9.23,"HTTPConnectionPool(host='localhost', port=80): Max retries exceeded with url: /api/v1/mock/mock-swagger/api/v3/pet (Caused by NewConnectionError(""HTTPConnection(host='localhost', port=80): Failed to establish a new connection: [Errno 111] Connection refused""))"
2026-09-24T22:54:29.567006,call_ep_put__pet_jchf_base,PUT,http://localhost/api/v1/mock/mock-swagger/api/v3/pet,0,10.56,"HTTPConnectionPool(host='localhost', port=80): Max retries exceeded with url: /api/v1/mock/mock-swagger/api/v3/pet (Caused by NewConnectionError(""HTTPConnection(host='localhost', port=80): Failed to establish a new connection: [Errno 111] Connection refused""))"
2026-09-24T22:54:29.567693,call_ep_put__pet_jchf_base,PUT,http://localhost/api/v1/mock/mock-swagger/api/v3/pet,0,9.16,"HTTPConnectionPool(host='localhost', port=80): Max retries exceeded with url: /api/v1/mock/mock-swagger/api/v3/pet (Caused by NewConnectionError(""HTTPConnection(host='localhost', port=80): Failed to establish a new connection: [Errno 111] Connection refused""))"
2026-09-24T22:54:29.567966,call_ep_put__pet_jchf_base,PUT,http://localhost/api/v1/mock/mock-swagger/api/v3/pet,0,5.99,"HTTPConnectionPool(host='localhost', port=80): Max retries exceeded with url: /api/v1/mock/mock-swagger/api/v3/pet (Caused by NewConnectionError(""HTTPConnection(host='localhost', port=80): Failed to establish a new connection: [Errno 111] Connection refused""))"
2026-09-24T22:54:29.568246,call_ep_put__pet_jchf_base,PUT,http://localhost/api/v1/mock/mock-swagger/api/v3/pet,0,5.12,"HTTPConnectionPool(host='localhost', port=80): Max retries exceeded with url: /api/v1/mock/mock-swagger/api/v3/pet (Caused by NewConnectionError(""HTTPConnection(host='localhost', port=80): Failed to establish a new connection: [Errno 111] Connection refused""))"
2026-09-24T22:54:29.568458,call_ep_put__pet_jchf_base,PUT,http://localhost/api/v1/mock/mock-swagger/api/v3/pet,0,13.2,"HTTPConnectionPool(host='localhost', port=80): Max retries exceeded with url: /api/v1/mock/mock-swagger/api/v3/pet (Caused by NewConnectionError(""HTTPConnection(host='localhost', port=80): Failed to establish a new connection: [Errno 111] Connection refused""))"
2026-09-24T22:54:29.568693,call_ep_put__pet_jchf_base,PUT,http://localhost/api/v1/mock/mock-swagger/api/v3/pet,0,8.95,"HTTPConnectionPool(host='localhost', port=80): Max retries exceeded with url: /api/v1/mock/mock-swagger/api/v3/pet (Caused by NewConnectionError(""HTTPConnection(host='localhost', port=80): Failed to establish a new connection: [Errno 111] Connection refused""))"
2026-09-24T22:54:29.569995,call_ep_put__pet_jchf_base,PUT,http://localhost/api/v1/mock/mock-swagger/api/v3/pet,0,9.23,"HTTPConnectionPool(host='localhost', port=80): Max retries exceeded with url: /api/v1/mock/mock-swagger/api/v3/pet (Caused by NewConnectionError(""HTTPConnection(host='localhost', port=80): Failed to establish a new connection: [Errno 111] Connection refused""))"
2026-09-24T22:54:29.570315,call_ep_put__pet_jchf_base,PUT,http://localhost/api/v1/mock/mock-swagger/api/v3/pet,0,5.91,"HTTPConnectionPool(host='localhost', port=80): Max retries exceeded with url: /api/v1/mock/mock-swagger/api/v3/pet (Caused by NewConnectionError(""HTTPConnection(host='localhost', port=80): Failed to establish a new connection: [Errno 111] Connection refused""))"
2026-09-24T22:54:29.657114,call_ep_put__pet_jchf_scn_scn_ep_put__pet_jchf_401,PUT,http://localhost/api/v1/mock/mock-swagger/api/v3/pet,0,1.74,"HTTPConnectionPool(host='localhost', port=80): Max retries exceeded with url: /api/v1/mock/mock-swagger/api/v3/pet (Caused by NewConnectionError(""HTTPConnection(host='localhost', port=80): Failed to establish a new connection: [Errno 111] Connection refused""))"
2026-09-24T22:54:29.678416,call_ep_put__pet_jchf_scn_scn_ep_put__pet_jchf_401,PUT,http://localhost/api/v1/mock/mock-swagger/api/v3/pet,0,10.44,"HTTPConnectionPool(host='localhost', port=80): Max retries exceeded with url: /api/v1/mock/mock-swagger/api/v3/pet (Caused by NewConnectionError(""HTTPConnection(host='localhost', port=80): Failed to establish a new connection: [Errno 111] Connection refused""))"
2026-09-24T22:54:29.678754,call_ep_put__pet_jchf_scn_scn_ep_put__pet_jchf_401,PUT,http://localhost/api/v1/mock/mock-swagger/api/v3/pet,0,5.44,"HTTPConnectionPool(host='localhost', port=80): Max retries exceeded with url: /api/v1/mock/mock-swagger/api/v3/pet (Caused by NewConnectionError(""HTTPConnection(host='localhost', port=80): Failed to establish a new connection: [Errno 111] Connection refused""))"
2026-09-24T22:54:29.679119,call_ep_put__pet_jchf_scn_scn_ep_put__pet_jchf_401,PUT,http://localhost/api/v1/mock/mock-swagger/api/v3/pet,0,6.85,"HTTPConnectionPool(host='localhost', port=80): Max retries exceeded with url: /api/v1/mock/mock-swagger/api/v3/pet (Caused by NewConnectionError(""HTTPConnection(host='localhost', port=80): Failed to establish a new connection: [Errno 111] Connection refused""))"
2026-09-24T22:54:29.679372,call_ep_put__pet_jchf_scn_scn_ep_put__pet_jchf_401,PUT,http://localhost/api/v1/mock/mock-swagger/api/v3/pet,0,9.2,"HTTPConnectionPool(host='localhost', port=80): Max retries exceeded with url: /api/v1/mock/mock-swagger/api/v3/pet (Caused by NewConnectionError(""HTTPConnection(host='localhost', port=80): Failed to establish a new connection: [Errno 111] Connection refused""))"
2026-09-24T22:54:29.679665,call_ep_put__pet_jchf_scn_scn_ep_put__pet_jchf_401,PUT,http://localhost/api/v1/mock/mock-swagger/api/v3/pet,0,12.73,"HTTPConnectionPool(host='localhost', port=80): Max retries exceeded with url: /api/v1/mock/mock-swagger/api/v3/pet (Caused by NewConnectionError(""HTTPConnection(host='localhost', port=80): Failed to establish a new connection: [Errno 111] Connection refused""))"
2026-09-24T22:54:29.679909,call_ep_put__pet_jchf_scn_scn_ep_put__pet_jchf_401,PUT,http://localhost/api/v1/mock/mock-swagger/api/v3/pet,0,5.29,"HTTPConnectionPool(host='localhost', port=80): Max retries exceeded with url: /api/v1/mock/mock-swagger/api/v3/pet (Caused by NewConnectionError(""HTTPConnection(host='localhost', port=80): Failed to establish a new connection: [Errno 111] Connection refused""))"
2026-09-24T22:54:29.680288,call_ep_put__pet_jchf_scn_scn_ep_put__pet_jchf_401,PUT,http://localhost/api/v1/mock/mock-swagger/api/v3/pet,0,11.12,"HTTPConnectionPool(host='localhost', port=80): Max retries exceeded with url: /api/v1/mock/mock-swagger/api/v3/pet (Caused by NewConnectionError(""HTTPConnection(host='localhost', port=80): Failed to establish a new connection: [Errno 111] Connection refused""))"
2026-09-24T22:54:29.680529,call_ep_put__pet_jchf_scn_scn_ep_put__pet_jchf_401,PUT,http://localhost/api/v1/mock/mock-swagger/api/v3/pet,0,9.3,"HTTPConnectionPool(host='localhost', port=80): Max retries exceeded with url: /api/v1/mock/mock-swagger/api/v3/pet (Caused by NewConnectionError(""HTTPConnection(host='localhost', port=80): Failed to establish a new connection: [Errno 111] Connection refused""))"
2026-09-24T22:54:29.680778,call_ep_put__pet_jchf_scn_scn_ep_put__pet_jchf_401,PUT,http://localhost/api/v1/mock/mock-swagger/api/v3/pet,0,4.97,"HTTPConnectionPool(host='localhost', port=80): Max retries exceeded with url: /api/v1/mock/mock-swagger/api/v3/pet (Caused by NewConnectionError(""HTTPConnection(host='localhost', port=80): Failed to establish a new connection: [Errno 111] Connection refused""))"
2026-09-24T22:54:29.758844,call_ep_put__pet_jchf_scn_scn_ep_put__pet_jchf_400,PUT,http://localhost/api/v1/mock/mock-swagger/api/v3/pet,0,1.55,"HTTPConnectionPool(host='localhost', port=80): Max retries exceeded with url: /api/v1/mock/mock-swagger/api/v3/pet (Caused by NewConnectionError(""HTTPConnection(host='localhost', port=80): Failed to establish a new connection: [Errno 111] Connection refused""))"
2026-09-24T22:54:29.792872,call_ep_put__pet_jchf_scn_scn_ep_put__pet_jchf_400,PUT,http://localhost/api/v1/mock/mock-swagger/api/v3/pet,0,11.16,"HTTPConnectionPool(host='localhost', port=80): Max retries exceeded with url: /api/v1/mock/mock-swagger/api/v3/pet (Caused by NewConnectionError(""HTTPConnection(host='localhost', port=80): Failed to establish a new connection: [Errno 111] Connection refused""))"
2026-09-24T22:54:29.793139,call_ep_put__pet_jchf_scn_scn_ep_put__pet_jchf_400,PUT,http://localhost/api/v1/mock/mock-swagger/api/v3/pet,0,6.09,"HTTPConnectionPool(host='localhost', port=80): Max retries exceeded with url: /api/v1/mock/mock-swagger/api/v3/pet (Caused by NewConnectionError(""HTTPConnection(host='localhost', port=80): Failed to establish a new connection: [Errno 111] Connection refused""))"
2026-09-24T22:54:29.793500,call_ep_put__pet_jchf_scn_scn_ep_put__pet_jchf_400,PUT,http://localhost/api/v1/mock/mock-swagger/api/v3/pet,0,12.82,"HTTPConnectionPool(host='localhost', port=80): Max retries exceeded with url: /api/v1/mock/mock-swagger/api/v3/pet (Caused by NewConnectionError(""HTTPConnection(host='localhost', port=80): Failed to establish a new connection: [Errno 111] Connection refused""))"
2026-09-24T22:54:29.793975,call_ep_put__pet_jchf_scn_scn_ep_put__pet_jchf_400,PUT,http://localhost/api/v1/mock/mock-swagger/api/v3/pet,0,15.38,"HTTPConnectionPool(host='localhost', port=80): Max retries exceeded with url: /api/v1/mock/mock-swagger/api/v3/pet (Caused by NewConnectionError(""HTTPConnection(host='localhost', port=80): Failed to establish a new connection: [Errno 111] Connection refused""))"
2026-09-24T22:54:29.794438,call_ep_put__pet_jchf_scn_scn_ep_put__pet_jchf_400,PUT,http://localhost/api/v1/mock/mock-swagger/api/v3/pet,0,8.63,"HTTPConnectionPool(host='localhost', port=80): Max retries exceeded with url: /api/v1/mock/mock-swagger/api/v3/pet (Caused by NewConnectionError(""HTTPConnection(host='localhost', port=80): Failed to establish a new connection: [Errno 111] Connection refused""))"
2026-09-24T22:54:29.794824,call_ep_put__pet_jchf_scn_scn_ep_put__pet_jchf_400,PUT,http://localhost/api/v1/mock/mock-swagger/api/v3/pet,0,15.19,"HTTPConnectionPool(host='localhost', port=80): Max retries exceeded with url: /api/v1/mock/mock-swagger/api/v3/pet (Caused by NewConnectionError(""HTTPConnection(host='localhost', port=80): Failed to establish a new connection: [Errno 111] Connection refused""))"
2026-09-24T22:54:29.795021,call_ep_put__pet_jchf_scn_scn_ep_put__pet_jchf_400,PUT,http://localhost/api/v1/mock/mock-swagger/api/v3/pet,0,6.69,"HTTPConnectionPool(host='localhost', port=80): Max retries exceeded with url: /api/v1/mock/mock-swagger/api/v3/pet (Caused by NewConnectionError(""HTTPConnection(host='localhost', port=80): Failed to establish a new connection: [Errno 111] Connection refused""))"
2026-09-24T22:54:29.795391,call_ep_put__pet_jchf_scn_scn_ep_put__pet_jchf_400,PUT,http://localhost/api/v1/mock/mock-swagger/api/v3/pet,0,4.42,"HTTPConnectionPool(host='localhost', port=80): Max retries exceeded with url: /api/v1/mock/mock-swagger/api/v3/pet (Caused by NewConnectionError(""HTTPConnection(host='localhost', port=80): Failed to establish a new connection: [Errno 111] Connection refused""))"
2026-09-24T22:54:29.795654,call_ep_put__pet_jchf_scn_scn_ep_put__pet_jchf_400,PUT,http://localhost/api/v1/mock/mock-swagger/api/v3/pet,0,5.83,"HTTPConnectionPool(host='localhost', port=80): Max retries exceeded with url: /api/v1/mock/mock-swagger/api/v3/pet (Caused by NewConnectionError(""HTTPConnection(host='localhost', port=80): Failed to establish a new connection: [Errno 111] Connection refused""))"
2026-09-24T22:54:29.860571,call_ep_put__pet_jchf_scn_scn_ep_put__pet_jchf_404,PUT,http://localhost/api/v1/mock/mock-swagger/api/v3/pet?error=404,0,1.6,"HTTPConnectionPool(host='localhost', port=80): Max retries exceeded with url: /api/v1/mock/mock-swagger/api/v3/pet?error=404 (Caused by NewConnectionError(""HTTPConnection(host='localhost', port=80): Failed to establish a new connection: [Errno 111] Connection refused""))"
2026-09-24T22:54:29.904085,call_ep_put__pet_jchf_scn_scn_ep_put__pet_jchf_404,PUT,http://localhost/api/v1/mock/mock-swagger/api/v3/pet?error=404,0,6.85,"HTTPConnectionPool(host='localhost', port=80): Max retries exceeded with url: /api/v1/mock/mock-swagger/api/v3/pet?error=404 (Caused by NewConnectionError(""HTTPConnection(host='localhost', port=80): Failed to establish a new connection: [Errno 111] Connection refused""))"
2026-09-24T22:54:29.905000,call_ep_put__pet_jchf_scn_scn_ep_put__pet_jchf_404,PUT,http://localhost/api/v1/mock/mock-swagger/api/v3/pet?error=404,0,11.94,"HTTPConnectionPool(host='localhost', port=80): Max retries exceeded with url: /api/v1/mock/mock-swagger/api/v3/pet?error=404 (Caused by NewConnectionError(""HTTPConnection(host='localhost', port=80): Failed to establish a new connection: [Errno 111] Connection refused""))"
2026-09-24T22:54:29.905862,call_ep_put__pet_jchf_scn_scn_ep_put__pet_jchf_404,PUT,http://localhost/api/v1/mock/mock-swagger/api/v3/pet?error=404,0,11.73,"HTTPConnectionPool(host='localhost', port=80): Max retries exceeded with url: /api/v1/mock/mock-swagger/api/v3/pet?error=404 (Caused by NewConnectionError(""HTTPConnection(host='localhost', port=80): Failed to establish a new connection: [Errno 111] Connection refused""))"
2026-09-24T22:54:29.906247,call_ep_put__pet_jchf_scn_scn_ep_put__pet_jchf_404,PUT,http://localhost/api/v1/mock/mock-swagger/api/v3/pet?error=404,0,4.02,"HTTPConnectionPool(host='localhost', port=80): Max retries exceeded with url: /api/v1/mock/mock-swagger/api/v3/pet?error=404 (Caused by NewConnectionError(""HTTPConnection(host='localhost', port=80): Failed to establish a new connection: [Errno 111] Connection refused""))"
2026-09-24T22:54:29.906439,call_ep_put__pet_jchf_scn_scn_ep_put__pet_jchf_404,PUT,http://localhost/api/v1/mock/mock-swagger/api/v3/pet?error=404,0,5.58,"HTTPConnectionPool(host='localhost', port=80): Max retries exceeded with url: /api/v1/mock/mock-swagger/api/v3/pet?error=404 (Caused by NewConnectionError(""HTTPConnection(host='localhost', port=80): Failed to establish a new connection: [Errno 111] Connection refused""))"
2026-09-24T22:54:29.906680,call_ep_put__pet_jchf_scn_scn_ep_put__pet_jchf_404,PUT,http://localhost/api/v1/mock/mock-swagger/api/v3/pet?error=404,0,10.58,"HTTPConnectionPool(host='localhost', port=80): Max retries exceeded with url: /api/v1/mock/mock-swagger/api/v3/pet?error=404 (Caused by NewConnectionError(""HTTPConnection(host='localhost', port=80): Failed to establish a new connection: [Errno 111] Connection refused""))"
2026-09-24T22:54:29.907162,call_ep_put__pet_jchf_scn_scn_ep_put__pet_jchf_404,PUT,http://localhost/api/v1/mock/mock-swagger/api/v3/pet?error=404,0,11.97,"HTTPConnectionPool(host='localhost', port=80): Max retries exceeded with url: /api/v1/mock/mock-swagger/api/v3/pet?error=404 (Caused by NewConnectionError(""HTTPConnection(host='localhost', port=80): Failed to establish a new connection: [Errno 111] Connection refused""))"
2026-09-24T22:54:29.907468,call_ep_put__pet_jchf_scn_scn_ep_put__pet_jchf_404,PUT,http://localhost/api/v1/mock/mock-swagger/api/v3/pet?error=404,0,7.86,"HTTPConnectionPool(host='localhost', port=80): Max retries exceeded with url: /api/v1/mock/mock-swagger/api/v3/pet?error=404 (Caused by NewConnectionError(""HTTPConnection(host='localhost', port=80): Failed to establish a new connection: [Errno 111] Connection refused""))"
2026-09-24T22:54:29.907702,call_ep_put__pet_jchf_scn_scn_ep_put__pet_jchf_404,PUT,http://localhost/api/v1/mock/mock-swagger/api/v3/pet?error=404,0,9.23,"HTTPConnectionPool(host='localhost', port=80): Max retries exceeded with url: /api/v1/mock/mock-swagger/api/v3/pet?error=404 (Caused by NewConnectionError(""HTTPConnection(host='localhost', port=80): Failed to establish a new connection: [Errno 111] Connection refused""))"
2026-09-24T22:54:29.962310,call_ep_get__pet_findByStatus_t14w_base,GET,http://localhost/api/v1/mock/mock-swagger/api/v3/pet/findByStatus?status=1,0,1.56,"HTTPConnectionPool(host='localhost', port=80): Max retries exceeded with url: /api/v1/mock/mock-swagger/api/v3/pet/findByStatus?status=1 (Caused by NewConnectionError(""HTTPConnection(host='localhost', port=80): Failed to establish a new connection: [Errno 111] Connection refused""))"
2026-09-24T22:54:30.014612,call_ep_get__pet_findByStatus_t14w_base,GET,http://localhost/api/v1/mock/mock-swagger/api/v3/pet/findByStatus?status=1,0,10.35,"HTTPConnectionPool(host='localhost', port=80): Max retries exceeded with url: /api/v1/mock/mock-swagger/api/v3/pet/findByStatus?status=1 (Caused by NewConnectionError(""HTTPConnection(host='localhost', port=80): Failed to establish a new connection: [Errno 111] Connection refused""))"
2026-09-24T22:54:30.015151,call_ep_get__pet_findByStatus_t14w_base,GET,http://localhost/api/v1/mock/mock-swagger/api/v3/pet/findByStatus?status=1,0,8.9,"HTTPConnectionPool(host='localhost', port=80): Max retries exceeded with url: /api/v1/mock/mock-swagger/api/v3/pet/findByStatus?status=1 (Caused by NewConnectionError(""HTTPConnection(host='localhost', port=80): Failed to establish a new connection: [Errno 111] Connection refused""))"
2026-09-24T22:54:30.016186,call_ep_get__pet_findByStatus_t14w_base,GET,http://localhost/api/v1/mock/mock-swagger/api/v3/pet/findByStatus?status=1,0,6.66,"HTTPConnectionPool(host='localhost', port=80): Max retries exceeded with url: /api/v1/mock/mock-swagger/api/v3/pet/findByStatus?status=1 (Caused by NewConnectionError(""HTTPConnection(host='localhost', port=80): Failed to establish a new connection: [Errno 111] Connection refused""))"
2026-09-24T22:54:30.016397,call_ep_get__pet_findByStatus_t14w_base,GET,http://localhost/api/v1/mock/mock-swagger/api/v3/pet/findByStatus?status=1,0,9.0,"HTTPConnectionPool(host='localhost', port=80): Max retries exceeded with url: /api/v1/mock/mock-swagger/api/v3/pet/findByStatus?status=1 (Caused by NewConnectionError(""HTTPConnection(host='localhost', port=80): Failed to establish a new connection: [Errno 111] Connection refused""))"
2026-09-24T22:54:30.017112,call_ep_get__pet_findByStatus_t14w_base,GET,http://localhost/api/v1/mock/mock-swagger/api/v3/pet/findByStatus?status=1,0,5.59,"HTTPConnectionPool(host='localhost', port=80): Max retries exceeded with url: /api/v1/mock/mock-swagger/api/v3/pet/findByStatus?status=1 (Caused by NewConnectionError(""HTTPConnection(host='localhost', port=80): Failed to establish a new connection: [Errno 111] Connection refused""))"
2026-09-24T22:54:30.017665,call_ep_get__pet_findByStatus_t14w_base,GET,http://localhost/api/v1/mock/mock-swagger/api/v3/pet/findByStatus?status=1,0,5.03,"HTTPConnectionPool(host='localhost', port=80): Max retries exceeded with url: /api/v1/mock/mock-swagger/api/v3/pet/findByStatus?status=1 (Caused by NewConnectionError(""HTTPConnection(host='localhost', port=80): Failed to establish a new connection: [Errno 111] Connection refused""))"
2026-09-24T22:54:30.017948,call_ep_get__pet_findByStatus_t14w_base,GET,http://localhost/api/v1/mock/mock-swagger/api/v3/pet/findByStatus?status=1,0,7.41,"HTTPConnectionPool(host='localhost', port=80): Max retries exceeded with url: /api/v1/mock/mock-swagger/api/v3/pet/findByStatus?status=1 (Caused by NewConnectionError(""HTTPConnection(host='localhost', port=80): Failed to establish a new connection: [Errno 111] Connection refused""))"
2026-09-24T22:54:30.018190,call_ep_get__pet_findByStatus_t14w_base,GET,http://localhost/api/v1/mock/mock-swagger/api/v3/pet/findByStatus?status=1,0,9.77,"HTTPConnectionPool(host='localhost', port=80): Max retries exceeded with url: /api/v1/mock/mock-swagger/api/v3/pet/findByStatus?status=1 (Caused by NewConnectionError(""HTTPConnection(host='localhost', port=80): Failed to establish a new connection: [Errno 111] Connection refused""))"
2026-09-24T22:54:30.018450,call_ep_get__pet_findByStatus_t14w_base,GET,http://localhost/api/v1/mock/mock-swagger/api/v3/pet/findByStatus?status=1,0,13.21,"HTTPConnectionPool(host='localhost', port=80): Max retries exceeded with url: /api/v1/mock/mock-swagger/api/v3/pet/findByStatus?status=1 (Caused by NewConnectionError(""HTTPConnection(host='localhost', port=80): Failed to establish a new connection: [Errno 111] Connection refused""))"
2026-09-24T22:54:30.064049,call_ep_get__pet_findByStatus_t14w_scn_scn_ep_get__pet_findByStatus_t14w_401,GET,http://localhost/api/v1/mock/mock-swagger/api/v3/pet/findByStatus?status=1,0,1.56,"HTTPConnectionPool(host='localhost', port=80): Max retries exceeded with url: /api/v1/mock/mock-swagger/api/v3/pet/findByStatus?status=1 (Caused by NewConnectionError(""HTTPConnection(host='localhost', port=80): Failed to establish a new connection: [Errno 111] Connection refused""))"
2026-09-24T22:54:30.125593,call_ep_get__pet_findByStatus_t14w_scn_scn_ep_get__pet_findByStatus_t14w_401,GET,http://localhost/api/v1/mock/mock-swagger/api/v3/pet/findByStatus?status=1,0,7.75,"HTTPConnectionPool(host='localhost', port=80): Max retries exceeded with url: /api/v1/mock/mock-swagger/api/v3/pet/findByStatus?status=1 (Caused by NewConnectionError(""HTTPConnection(host='localhost', port=80): Failed to establish a new connection: [Errno 111] Connection refused""))"
2026-09-24T22:54:30.126110,call_ep_get__pet_findByStatus_t14w_scn_scn_ep_get__pet_findByStatus_t14w_401,GET,http://localhost/api/v1/mock/mock-swagger/api/v3/pet/findByStatus?status=1,0,11.32,"HTTPConnectionPool(host='localhost', port=80): Max retries exceeded with url: /api/v1/mock/mock-swagger/api/v3/pet/findByStatus?status=1 (Caused by NewConnectionError(""HTTPConnection(host='localhost', port=80): Failed to establish a new connection: [Errno 111] Connection refused""))"
2026-09-24T22:54:30.126530,call_ep_get__pet_findByStatus_t14w_scn_scn_ep_get__pet_findByStatus_t14w_401,GET,http://localhost/api/v1/mock/mock-swagger/api/v3/pet/findByStatus?status=1,0,7.42,"HTTPConnectionPool(host='localhost', port=80): Max retries exceeded with url: /api/v1/mock/mock-swagger/api/v3/pet/findByStatus?status=1 (Caused by NewConnectionError(""HTTPConnection(host='localhost', port=80): Failed to establish a new connection: [Errno 111] Connection refused""))"
2026-09-24T22:54:30.126733,call_ep_get__pet_findByStatus_t14w_scn_scn_ep_get__pet_findByStatus_t14w_401,GET,http://localhost/api/v1/mock/mock-swagger/api/v3/pet/findByStatus?status=1,0,5.58,"HTTPConnectionPool(host='localhost', port=80): Max retries exceeded with url: /api/v1/mock/mock-swagger/api/v3/pet/findByStatus?status=1 (Caused by NewConnectionError(""HTTPConnection(host='localhost', port=80): Failed to establish a new connection: [Errno 111] Connection refused""))"
2026-09-24T22:54:30.127216,call_ep_get__pet_findByStatus_t14w_scn_scn_ep_get__pet_findByStatus_t14w_401,GET,http://localhost/api/v1/mock/mock-swagger/api/v3/pet/findByStatus?status=1,0,10.3,"HTTPConnectionPool(host='localhost', port=80): Max retries exceeded with url: /api/v1/mock/mock-swagger/api/v3/pet/findByStatus?status=1 (Caused by NewConnectionError(""HTTPConnection(host='localhost', port=80): Failed to establish a new connection: [Errno 111] Connection refused""))"
2026-09-24T22:54:30.127655,call_ep_get__pet_findByStatus_t14w_scn_scn_ep_get__pet_findByStatus_t14w_401,GET,http://localhost/api/v1/mock/mock-swagger/api/v3/pet/findByStatus?status=1,0,11.85,"HTTPConnectionPool(host='localhost', port=80): Max retries exceeded with url: /api/v1/mock/mock-swagger/api/v3/pet/findByStatus?status=1 (Caused by NewConnectionError(""HTTPConnection(host='localhost', port=80): Failed to establish a new connection: [Errno 111] Connection refused""))"
2026-09-24T22:54:30.127933,call_ep_get__pet_findByStatus_t14w_scn_scn_ep_get__pet_findByStatus_t14w_401,GET,http://localhost/api/v1/mock/mock-swagger/api/v3/pet/findByStatus?status=1,0,5.65,"HTTPConnectionPool(host='localhost', port=80): Max retries exceeded with url: /api/v1/mock/mock-swagger/api/v3/pet/findByStatus?status=1 (Caused by NewConnectionError(""HTTPConnection(host='localhost', port=80): Failed to establish a new connection: [Errno 111] Connection refused""))"
2026-09-24T22:54:30.128252,call_ep_get__pet_findByStatus_t14w_scn_scn_ep_get__pet_findByStatus_t14w_401,GET,http://localhost/api/v1/mock/mock-swagger/api/v3/pet/findByStatus?status=1,0,8.14,"HTTPConnectionPool(host='localhost', port=80): Max retries exceeded with url: /api/v1/mock/mock-swagger/api/v3/pet/findByStatus?status=1 (Caused by NewConnectionError(""HTTPConnection(host='localhost', port=80): Failed to establish a new connection: [Errno 111] Connection refused""))"
2026-09-24T22:54:30.128447,call_ep_get__pet_findByStatus_t14w_scn_scn_ep_get__pet_findByStatus_t14w_401,GET,http://localhost/api/v1/mock/mock-swagger/api/v3/pet/findByStatus?status=1,0,5.14,"HTTPConnectionPool(host='localhost', port=80): Max retries exceeded with url: /api/v1/mock/mock-swagger/api/v3/pet/findByStatus?status=1 (Caused by NewConnectionError(""HTTPConnection(host='localhost', port=80): Failed to establish a new connection: [Errno 111] Connection refused""))"
2026-09-24T22:54:30.166181,call_ep_get__pet_findByStatus_t14w_scn_scn_ep_get__pet_findByStatus_t14w_400,GET,http://localhost/api/v1/mock/mock-swagger/api/v3/pet/findByStatus?status=1,0,2.0,"HTTPConnectionPool(host='localhost', port=80): Max retries exceeded with url: /api/v1/mock/mock-swagger/api/v3/pet/findByStatus?status=1 (Caused by NewConnectionError(""HTTPConnection(host='localhost', port=80): Failed to establish a new connection: [Errno 111] Connection refused""))"
2026-09-24T22:54:30.236726,call_ep_get__pet_findByStatus_t14w_scn_scn_ep_get__pet_findByStatus_t14w_400,GET,http://localhost/api/v1/mock/mock-swagger/api/v3/pet/findByStatus?status=1,0,10.96,"HTTPConnectionPool(host='localhost', port=80): Max retries exceeded with url: /api/v1/mock/mock-swagger/api/v3/pet/findByStatus?status=1 (Caused by NewConnectionError(""HTTPConnection(host='localhost', port=80): Failed to establish a new connection: [Errno 111] Connection refused""))"
2026-09-24T22:54:30.237067,call_ep_get__pet_findByStatus_t14w_scn_scn_ep_get__pet_findByStatus_t14w_400,GET,http://localhost/api/v1/mock/mock-swagger/api/v3/pet/findByStatus?status=1,0,7.08,"HTTPConnectionPool(host='localhost', port=80): Max retries exceeded with url: /api/v1/mock/mock-swagger/api/v3/pet/findByStatus?status=1 (Caused by NewConnectionError(""HTTPConnection(host='localhost', port=80): Failed to establish a new connection: [Errno 111] Connection refused""))"
2026-09-24T22:54:30.237859,call_ep_get__pet_findByStatus_t14w_scn_scn_ep_get__pet_findByStatus_t14w_400,GET,http://localhost/api/v1/mock/mock-swagger/api/v3/pet/findByStatus?status=1,0,10.01,"HTTPConnectionPool(host='localhost', port=80): Max retries exceeded with url: /api/v1/mock/mock-swagger/api/v3/pet/findByStatus?status=1 (Caused by NewConnectionError(""HTTPConnection(host='localhost', port=80): Failed to establish a new connection: [Errno 111] Connection refused""))"
2026-09-24T22:54:30.238071,call_ep_get__pet_findByStatus_t14w_scn_scn_ep_get__pet_findByStatus_t14w_400,GET,http://localhost/api/v1/mock/mock-swagger/api/v3/pet/findByStatus?status=1,0,3.66,"HTTPConnectionPool(host='localhost', port=80): Max retries exceeded with url: /api/v1/mock/mock-swagger/api/v3/pet/findByStatus?status=1 (Caused by NewConnectionError(""HTTPConnection(host='localhost', port=80): Failed to establish a new connection: [Errno 111] Connection refused""))"
2026-09-24T22:54:30.238350,call_ep_get__pet_findByStatus_t14w_scn_scn_ep_get__pet_findByStatus_t14w_400,GET,http://localhost/api/v1/mock/mock-swagger/api/v3/pet/findByStatus?status=1,0,5.31,"HTTPConnectionPool(host='localhost', port=80): Max retries exceeded with url: /api/v1/mock/mock-swagger/api/v3/pet/findByStatus?status=1 (Caused by NewConnectionError(""HTTPConnection(host='localhost', port=80): Failed to establish a new connection: [Errno 111] Connection refused""))"
2026-09-24T22:54:30.238563,call_ep_get__pet_findByStatus_t14w_scn_scn_ep_get__pet_findByStatus_t14w_400,GET,http://localhost/api/v1/mock/mock-swagger/api/v3/pet/findByStatus?status=1,0,11.79,"HTTPConnectionPool(host='localhost', port=80): Max retries exceeded with url: /api/v1/mock/mock-swagger/api/v3/pet/findByStatus?status=1 (Caused by NewConnectionError(""HTTPConnection(host='localhost', port=80): Failed to establish a new connection: [Errno 111] Connection refused""))"
2026-09-24T22:54:30.238763,call_ep_get__pet_findByStatus_t14w_scn_scn_ep_get__pet_findByStatus_t14w_400,GET,http://localhost/api/v1/mock/mock-swagger/api/v3/pet/findByStatus?status=1,0,6.76,"HTTPConnectionPool(host='localhost', port=80): Max retries exceeded with url: /api/v1/mock/mock-swagger/api/v3/pet/findByStatus?status=1 (Caused by NewConnectionError(""HTTPConnection(host='localhost', port=80): Failed to establish a new connection: [Errno 111] Connection refused""))"
2026-09-24T22:54:30.239377,call_ep_get__pet_findByStatus_t14w_scn_scn_ep_get__pet_findByStatus_t14w_400,GET,http://localhost/api/v1/mock/mock-swagger/api/v3/pet/findByStatus?status=1,0,10.52,"HTTPConnectionPool(host='localhost', port=80): Max retries exceeded with url: /api/v1/mock/mock-swagger/api/v3/pet/findByStatus?status=1 (Caused by NewConnectionError(""HTTPConnection(host='localhost', port=80): Failed to establish a new connection: [Errno 111] Connection refused""))"
2026-09-24T22:54:30.239621,call_ep_get__pet_findByStatus_t14w_scn_scn_ep_get__pet_findByStatus_t14w_400,GET,http://localhost/api/v1/mock/mock-swagger/api/v3/pet/findByStatus?status=1,0,8.62,"HTTPConnectionPool(host='localhost', port=80): Max retries exceeded with url: /api/v1/mock/mock-swagger/api/v3/pet/findByStatus?status=1 (Caused by NewConnectionError(""HTTPConnection(host='localhost', port=80): Failed to establish a new connection: [Errno 111] Connection refused""))"
2026-09-24T22:54:30.267863,call_ep_get__pet_findByStatus_t14w_scn_scn_ep_get__pet_findByStatus_t14w_404,GET,http://localhost/api/v1/mock/mock-swagger/api/v3/pet/findByStatus?status=1&error=404,0,1.5,"HTTPConnectionPool(host='localhost', port=80): Max retries exceeded with url: /api/v1/mock/mock-swagger/api/v3/pet/findByStatus?status=1&error=404 (Caused by NewConnectionError(""HTTPConnection(host='localhost', port=80): Failed to establish a new connection: [Errno 111] Connection refused""))"
2026-09-24T22:54:30.348219,call_ep_get__pet_findByStatus_t14w_scn_scn_ep_get__pet_findByStatus_t14w_404,GET,http://localhost/api/v1/mock/mock-swagger/api/v3/pet/findByStatus?status=1&error=404,0,10.29,"HTTPConnectionPool(host='localhost', port=80): Max retries exceeded with url: /api/v1/mock/mock-swagger/api/v3/pet/findByStatus?status=1&error=404 (Caused by NewConnectionError(""HTTPConnection(host='localhost', port=80): Failed to establish a new connection: [Errno 111] Connection refused""))"
2026-09-24T22:54:30.348683,call_ep_get__pet_findByStatus_t14w_scn_scn_ep_get__pet_findByStatus_t14w_404,GET,http://localhost/api/v1/mock/mock-swagger/api/v3/pet/findByStatus?status=1&error=404,0,6.75,"HTTPConnectionPool(host='localhost', port=80): Max retries exceeded with url: /api/v1/mock/mock-swagger/api/v3/pet/findByStatus?status=1&error=404 (Caused by NewConnectionError(""HTTPConnection(host='localhost', port=80): Failed to establish a new connection: [Errno 111] Connection refused""))"
2026-09-24T22:54:30.348874,call_ep_get__pet_findByStatus_t14w_scn_scn_ep_get__pet_findByStatus_t14w_404,GET,http://localhost/api/v1/mock/mock-swagger/api/v3/pet/findByStatus?status=1&error=404,0,5.93,"HTTPConnectionPool(host='localhost', port=80): Max retries exceeded with url: /api/v1/mock/mock-swagger/api/v3/pet/findByStatus?status=1&error=404 (Caused by NewConnectionError(""HTTPConnection(host='localhost', port=80): Failed to establish a new connection: [Errno 111] Connection refused""))"
2026-09-24T22:54:30.349081,call_ep_get__pet_findByStatus_t14w_scn_scn_ep_get__pet_findByStatus_t14w_404,GET,http://localhost/api/v1/mock/mock-swagger/api/v3/pet/findByStatus?status=1&error=404,0,10.4,"HTTPConnectionPool(host='localhost', port=80): Max retries exceeded with url: /api/v1/mock/mock-swagger/api/v3/pet/findByStatus?status=1&error=404 (Caused by NewConnectionError(""HTTPConnection(host='localhost', port=80): Failed to establish a new connection: [Errno 111] Connection refused""))"
2026-09-24T22:54:30.349295,call_ep_get__pet_findByStatus_t14w_scn_scn_ep_get__pet_findByStatus_t14w_404,GET,http://localhost/api/v1/mock/mock-swagger/api/v3/pet/findByStatus?status=1&error=404,0,12.38,"HTTPConnectionPool(host='localhost', port=80): Max retries exceeded with url: /api/v1/mock/mock-swagger/api/v3/pet/findByStatus?status=1&error=404 (Caused by NewConnectionError(""HTTPConnection(host='localhost', port=80): Failed to establish a new connection: [Errno 111] Connection refused""))"
2026-09-24T22:54:30.349854,call_ep_get__pet_findByStatus_t14w_scn_scn_ep_get__pet_findByStatus_t14w_404,GET,http://localhost/api/v1/mock/mock-swagger/api/v3/pet/findByStatus?status=1&error=404,0,8.9,"HTTPConnectionPool(host='localhost', port=80): Max retries exceeded with url: /api/v1/mock/mock-swagger/api/v3/pet/findByStatus?status=1&error=404 (Caused by NewConnectionError(""HTTPConnection(host='localhost', port=80): Failed to establish a new connection: [Errno 111] Connection refused""))"
2026-09-24T22:54:30.350178,call_ep_get__pet_findByStatus_t14w_scn_scn_ep_get__pet_findByStatus_t14w_404,GET,http://localhost/api/v1/mock/mock-swagger/api/v3/pet/findByStatus?status=1&error=404,0,10.34,"HTTPConnectionPool(host='localhost', port=80): Max retries exceeded with url: /api/v1/mock/mock-swagger/api/v3/pet/findByStatus?status=1&error=404 (Caused by NewConnectionError(""HTTPConnection(host='localhost', port=80): Failed to establish a new connection: [Errno 111] Connection refused""))"
2026-09-24T22:54:30.350454,call_ep_get__pet_findByStatus_t14w_scn_scn_ep_get__pet_findByStatus_t14w_404,GET,http://localhost/api/v1/mock/mock-swagger/api/v3/pet/findByStatus?status=1&error=404,0,5.81,"HTTPConnectionPool(host='localhost', port=80): Max retries exceeded with url: /api/v1/mock/mock-swagger/api/v3/pet/findByStatus?status=1&error=404 (Caused by NewConnectionError(""HTTPConnection(host='localhost', port=80): Failed to establish a new connection: [Errno 111] Connection refused""))"
2026-09-24T22:54:30.350724,call_ep_get__pet_findByStatus_t14w_scn_scn_ep_get__pet_findByStatus_t14w_404,GET,http://localhost/api/v1/mock/mock-swagger/api/v3/pet/findByStatus?status=1&error=404,0,4.98,"HTTPConnectionPool(host='localhost', port=80): Max retries exceeded with url: /api/v1/mock/mock-swagger/api/v3/pet/findByStatus?status=1&error=404 (Caused by NewConnectionError(""HTTPConnection(host='localhost', port=80): Failed to establish a new connection: [Errno 111] Connection refused""))"
2026-09-24T22:54:30.369566,call_ep_get__pet_findByTags_eg92_base,GET,http://localhost/api/v1/mock/mock-swagger/api/v3/pet/findByTags?tags=1,0,1.52,"HTTPConnectionPool(host='localhost', port=80): Max retries exceeded with url: /api/v1/mock/mock-swagger/api/v3/pet/findByTags?tags=1 (Caused by NewConnectionError(""HTTPConnection(host='localhost', port=80): Failed to establish a new connection: [Errno 111] Connection refused""))"
2026-09-24T22:54:30.458195,call_ep_get__pet_findByTags_eg92_base,GET,http://localhost/api/v1/mock/mock-swagger/api/v3/pet/findByTags?tags=1,0,9.83,"HTTPConnectionPool(host='localhost', port=80): Max retries exceeded with url: /api/v1/mock/mock-swagger/api/v3/pet/findByTags?tags=1 (Caused by NewConnectionError(""HTTPConnection(host='localhost', port=80): Failed to establish a new connection: [Errno 111] Connection refused""))"
2026-09-24T22:54:30.459243,call_ep_get__pet_findByTags_eg92_base,GET,http://localhost/api/v1/mock/mock-swagger/api/v3/pet/findByTags?tags=1,0,9.25,"HTTPConnectionPool(host='localhost', port=80): Max retries exceeded with url: /api/v1/mock/mock-swagger/api/v3/pet/findByTags?tags=1 (Caused by NewConnectionError(""HTTPConnection(host='localhost', port=80): Failed to establish a new connection: [Errno 111] Connection refused""))"
2026-09-24T22:54:30.460074,call_ep_get__pet_findByTags_eg92_base,GET,http://localhost/api/v1/mock/mock-swagger/api/v3/pet/findByTags?tags=1,0,9.05,"HTTPConnectionPool(host='localhost', port=80): Max retries exceeded with url: /api/v1/mock/mock-swagger/api/v3/pet/findByTags?tags=1 (Caused by NewConnectionError(""HTTPConnection(host='localhost', port=80): Failed to establish a new connection: [Errno 111] Connection refused""))"
2026-09-24T22:54:30.460500,call_ep_get__pet_findByTags_eg92_base,GET,http://localhost/api/v1/mock/mock-swagger/api/v3/pet/findByTags?tags=1,0,6.48,"HTTPConnectionPool(host='localhost', port=80): Max retries exceeded with url: /api/v1/mock/mock-swagger/api/v3/pet/findByTags?tags=1 (Caused by NewConnectionError(""HTTPConnection(host='localhost', port=80): Failed to establish a new connection: [Errno 111] Connection refused""))"
2026-09-24T22:54:30.460864,call_ep_get__pet_findByTags_eg92_base,GET,http://localhost/api/v1/mock/mock-swagger/api/v3/pet/findByTags?tags=1,0,11.81,"HTTPConnectionPool(host='localhost', port=80): Max retries exceeded with url: /api/v1/mock/mock-swagger/api/v3/pet/findByTags?tags=1 (Caused by NewConnectionError(""HTTPConnection(host='localhost', port=80): Failed to establish a new connection: [Errno 111] Connection refused""))"
2026-09-24T22:54:30.461189,call_ep_get__pet_findByTags_eg92_base,GET,http://localhost/api/v1/mock/mock-swagger/api/v3/pet/findByTags?tags=1,0,6.16,"HTTPConnectionPool(host='localhost', port=80): Max retries exceeded with url: /api/v1/mock/mock-swagger/api/v3/pet/findByTags?tags=1 (Caused by NewConnectionError(""HTTPConnection(host='localhost', port=80): Failed to establish a new connection: [Errno 111] Connection refused""))"
2026-09-24T22:54:30.461444,call_ep_get__pet_findByTags_eg92_base,GET,http://localhost/api/v1/mock/mock-swagger/api/v3/pet/findByTags?tags=1,0,9.37,"HTTPConnectionPool(host='localhost', port=80): Max retries exceeded with url: /api/v1/mock/mock-swagger/api/v3/pet/findByTags?tags=1 (Caused by NewConnectionError(""HTTPConnection(host='localhost', port=80): Failed to establish a new connection: [Errno 111] Connection refused""))"
2026-09-24T22:54:30.461743,call_ep_get__pet_findByTags_eg92_base,GET,http://localhost/api/v1/mock/mock-swagger/api/v3/pet/findByTags?tags=1,0,8.69,"HTTPConnectionPool(host='localhost', port=80): Max retries exceeded with url: /api/v1/mock/mock-swagger/api/v3/pet/findByTags?tags=1 (Caused by NewConnectionError(""HTTPConnection(host='localhost', port=80): Failed to establish a new connection: [Errno 111] Connection refused""))"
2026-09-24T22:54:30.462006,call_ep_get__pet_findByTags_eg92_base,GET,http://localhost/api/v1/mock/mock-swagger/api/v3/pet/findByTags?tags=1,0,5.65,"HTTPConnectionPool(host='localhost', port=80): Max retries exceeded with url: /api/v1/mock/mock-swagger/api/v3/pet/findByTags?tags=1 (Caused by NewConnectionError(""HTTPConnection(host='localhost', port=80): Failed to establish a new connection: [Errno 111] Connection refused""))"
2026-09-24T22:54:30.471250,call_ep_get__pet_findByTags_eg92_scn_scn_ep_get__pet_findByTags_eg92_401,GET,http://localhost/api/v1/mock/mock-swagger/api/v3/pet/findByTags?tags=1,0,1.51,"HTTPConnectionPool(host='localhost', port=80): Max retries exceeded with url: /api/v1/mock/mock-swagger/api/v3/pet/findByTags?tags=1 (Caused by NewConnectionError(""HTTPConnection(host='localhost', port=80): Failed to establish a new connection: [Errno 111] Connection refused""))"
2026-09-24T22:54:30.559565,call_ep_get__pet_findByTags_eg92_scn_scn_ep_get__pet_findByTags_eg92_401,GET,http://localhost/api/v1/mock/mock-swagger/api/v3/pet/findByTags?tags=1,0,1.23,"HTTPConnectionPool(host='localhost', port=80): Max retries exceeded with url: /api/v1/mock/mock-swagger/api/v3/pet/findByTags?tags=1 (Caused by NewConnectionError(""HTTPConnection(host='localhost', port=80): Failed to establish a new connection: [Errno 111] Connection refused""))"
2026-09-24T22:54:30.568901,call_ep_get__pet_findByTags_eg92_scn_scn_ep_get__pet_findByTags_eg92_401,GET,http://localhost/api/v1/mock/mock-swagger/api/v3/pet/findByTags?tags=1,0,8.12,"HTTPConnectionPool(host='localhost', port=80): Max retries exceeded with url: /api/v1/mock/mock-swagger/api/v3/pet/findByTags?tags=1 (Caused by NewConnectionError(""HTTPConnection(host='localhost', port=80): Failed to establish a new connection: [Errno 111] Connection refused""))"
2026-09-24T22:54:30.569837,call_ep_get__pet_findByTags_eg92_scn_scn_ep_get__pet_findByTags_eg92_401,GET,http://localhost/api/v1/mock/mock-swagger/api/v3/pet/findByTags?tags=1,0,3.93,"HTTPConnectionPool(host='localhost', port=80): Max retries exceeded with url: /api/v1/mock/mock-swagger/api/v3/pet/findByTags?tags=1 (Caused by NewConnectionError(""HTTPConnection(host='localhost', port=80): Failed to establish a new connection: [Errno 111] Connection refused""))"
2026-09-24T22:54:30.570112,call_ep_get__pet_findByTags_eg92_scn_scn_ep_get__pet_findByTags_eg92_401,GET,http://localhost/api/v1/mock/mock-swagger/api/v3/pet/findByTags?tags=1,0,8.39,"HTTPConnectionPool(host='localhost', port=80): Max retries exceeded with url: /api/v1/mock/mock-swagger/api/v3/pet/findByTags?tags=1 (Caused by NewConnectionError(""HTTPConnection(host='localhost', port=80): Failed to establish a new connection: [Errno 111] Connection refused""))"
2026-09-24T22:54:30.570488,call_ep_get__pet_findByTags_eg92_scn_scn_ep_get__pet_findByTags_eg92_401,GET,http://localhost/api/v1/mock/mock-swagger/api/v3/pet/findByTags?tags=1,0,10.85,"HTTPConnectionPool(host='localhost', port=80): Max retries exceeded with url: /api/v1/mock/mock-swagger/api/v3/pet/findByTags?tags=1 (Caused by NewConnectionError(""HTTPConnection(host='localhost', port=80): Failed to establish a new connection: [Errno 111] Connection refused""))"
2026-09-24T22:54:30.570918,call_ep_get__pet_findByTags_eg92_scn_scn_ep_get__pet_findByTags_eg92_401,GET,http://localhost/api/v1/mock/mock-swagger/api/v3/pet/findByTags?tags=1,0,8.17,"HTTPConnectionPool(host='localhost', port=80): Max retries exceeded with url: /api/v1/mock/mock-swagger/api/v3/pet/findByTags?tags=1 (Caused by NewConnectionError(""HTTPConnection(host='localhost', port=80): Failed to establish a new connection: [Errno 111] Connection refused""))"
2026-09-24T22:54:30.571244,call_ep_get__pet_findByTags_eg92_scn_scn_ep_get__pet_findByTags_eg92_401,GET,http://localhost/api/v1/mock/mock-swagger/api/v3/pet/findByTags?tags=1,0,7.5,"HTTPConnectionPool(host='localhost', port=80): Max retries exceeded with url: /api/v1/mock/mock-swagger/api/v3/pet/findByTags?tags=1 (Caused by NewConnectionError(""HTTPConnection(host='localhost', port=80): Failed to establish a new connection: [Errno 111] Connection refused""))"
2026-09-24T22:54:30.571523,call_ep_get__pet_findByTags_eg92_scn_scn_ep_get__pet_findByTags_eg92_401,GET,http://localhost/api/v1/mock/mock-swagger/api/v3/pet/findByTags?tags=1,0,6.75,"HTTPConnectionPool(host='localhost', port=80): Max retries exceeded with url: /api/v1/mock/mock-swagger/api/v3/pet/findByTags?tags=1 (Caused by NewConnectionError(""HTTPConnection(host='localhost', port=80): Failed to establish a new connection: [Errno 111] Connection refused""))"
2026-09-24T22:54:30.572192,call_ep_get__pet_findByTags_eg92_scn_scn_ep_get__pet_findByTags_eg92_401,GET,http://localhost/api/v1/mock/mock-swagger/api/v3/pet/findByTags?tags=1,0,4.48,"HTTPConnectionPool(host='localhost', port=80): Max retries exceeded with url: /api/v1/mock/mock-swagger/api/v3/pet/findByTags?tags=1 (Caused by NewConnectionError(""HTTPConnection(host='localhost', port=80): Failed to establish a new connection: [Errno 111] Connection refused""))"
2026-09-24T22:54:30.573981,call_ep_get__pet_findByTags_eg92_scn_scn_ep_get__pet_findByTags_eg92_400,GET,http://localhost/api/v1/mock/mock-swagger/api/v3/pet/findByTags?tags=1,0,1.59,"HTTPConnectionPool(host='localhost', port=80): Max retries exceeded with url: /api/v1/mock/mock-swagger/api/v3/pet/findByTags?tags=1 (Caused by NewConnectionError(""HTTPConnection(host='localhost', port=80): Failed to establish a new connection: [Errno 111] Connection refused""))"
2026-09-24T22:54:30.661403,call_ep_get__pet_findByTags_eg92_scn_scn_ep_get__pet_findByTags_eg92_400,GET,http://localhost/api/v1/mock/mock-swagger/api/v3/pet/findByTags?tags=1,0,1.66,"HTTPConnectionPool(host='localhost', port=80): Max retries exceeded with url: /api/v1/mock/mock-swagger/api/v3/pet/findByTags?tags=1 (Caused by NewConnectionError(""HTTPConnection(host='localhost', port=80): Failed to establish a new connection: [Errno 111] Connection refused""))"
2026-09-24T22:54:30.679803,call_ep_get__pet_findByTags_eg92_scn_scn_ep_get__pet_findByTags_eg92_400,GET,http://localhost/api/v1/mock/mock-swagger/api/v3/pet/findByTags?tags=1,0,10.71,"HTTPConnectionPool(host='localhost', port=80): Max retries exceeded with url: /api/v1/mock/mock-swagger/api/v3/pet/findByTags?tags=1 (Caused by NewConnectionError(""HTTPConnection(host='localhost', port=80): Failed to establish a new connection: [Errno 111] Connection refused""))"
2026-09-24T22:54:30.680813,call_ep_get__pet_findByTags_eg92_scn_scn_ep_get__pet_findByTags_eg92_400,GET,http://localhost/api/v1/mock/mock-swagger/api/v3/pet/findByTags?tags=1,0,10.72,"HTTPConnectionPool(host='localhost', port=80): Max retries exceeded with url: /api/v1/mock/mock-swagger/api/v3/pet/findByTags?tags=1 (Caused by NewConnectionError(""HTTPConnection(host='localhost', port=80): Failed to establish a new connection: [Errno 111] Connection refused""))"
2026-09-24T22:54:30.681285,call_ep_get__pet_findByTags_eg92_scn_scn_ep_get__pet_findByTags_eg92_400,GET,http://localhost/api/v1/mock/mock-swagger/api/v3/pet/findByTags?tags=1,0,9.0,"HTTPConnectionPool(host='localhost', port=80): Max retries exceeded with url: /api/v1/mock/mock-swagger/api/v3/pet/findByTags?tags=1 (Caused by NewConnectionError(""HTTPConnection(host='localhost', port=80): Failed to establish a new connection: [Errno 111] Connection refused""))"
2026-09-24T22:54:30.681601,call_ep_get__pet_findByTags_eg92_scn_scn_ep_get__pet_findByTags_eg92_400,GET,http://localhost/api/v1/mock/mock-swagger/api/v3/pet/findByTags?tags=1,0,10.51,"HTTPConnectionPool(host='localhost', port=80): Max retries exceeded with url: /api/v1/mock/mock-swagger/api/v3/pet/findByTags?tags=1 (Caused by NewConnectionError(""HTTPConnection(host='localhost', port=80): Failed to establish a new connection: [Errno 111] Connection refused""))"
2026-09-24T22:54:30.681985,call_ep_get__pet_findByTags_eg92_scn_scn_ep_get__pet_findByTags_eg92_400,GET,http://localhost/api/v1/mock/mock-swagger/api/v3/pet/findByTags?tags=1,0,8.67,"HTTPConnectionPool(host='localhost', port=80): Max retries exceeded with url: /api/v1/mock/mock-swagger/api/v3/pet/findByTags?tags=1 (Caused by NewConnectionError(""HTTPConnection(host='localhost', port=80): Failed to establish a new connection: [Errno 111] Connection refused""))"
2026-09-24T22:54:30.682262,call_ep_get__pet_findByTags_eg92_scn_scn_ep_get__pet_findByTags_eg92_404,GET,http://localhost/api/v1/mock/mock-swagger/api/v3/pet/findByTags?tags=1&error=404,0,3.85,"HTTPConnectionPool(host='localhost', port=80): Max retries exceeded with url: /api/v1/mock/mock-swagger/api/v3/pet/findByTags?tags=1&error=404 (Caused by NewConnectionError(""HTTPConnection(host='localhost', port=80): Failed to establish a new connection: [Errno 111] Connection refused""))"
2026-09-24T22:54:30.682546,call_ep_get__pet_findByTags_eg92_scn_scn_ep_get__pet_findByTags_eg92_400,GET,http://localhost/api/v1/mock/mock-swagger/api/v3/pet/findByTags?tags=1,0,5.84,"HTTPConnectionPool(host='localhost', port=80): Max retries exceeded with url: /api/v1/mock/mock-swagger/api/v3/pet/findByTags?tags=1 (Caused by NewConnectionError(""HTTPConnection(host='localhost', port=80): Failed to establish a new connection: [Errno 111] Connection refused""))"
2026-09-24T22:54:30.682787,call_ep_get__pet_findByTags_eg92_scn_scn_ep_get__pet_findByTags_eg92_400,GET,http://localhost/api/v1/mock/mock-swagger/api/v3/pet/findByTags?tags=1,0,7.11,"HTTPConnectionPool(host='localhost', port=80): Max retries exceeded with url: /api/v1/mock/mock-swagger/api/v3/pet/findByTags?tags=1 (Caused by NewConnectionError(""HTTPConnection(host='localhost', port=80): Failed to establish a new connection: [Errno 111] Connection refused""))"
2026-09-24T22:54:30.683021,call_ep_get__pet_findByTags_eg92_scn_scn_ep_get__pet_findByTags_eg92_400,GET,http://localhost/api/v1/mock/mock-swagger/api/v3/pet/findByTags?tags=1,0,8.61,"HTTPConnectionPool(host='localhost', port=80): Max retries exceeded with url: /api/v1/mock/mock-swagger/api/v3/pet/findByTags?tags=1 (Caused by NewConnectionError(""HTTPConnection(host='localhost', port=80): Failed to establish a new connection: [Errno 111] Connection refused""))"
2026-09-24T22:54:30.762559,call_ep_get__pet_findByTags_eg92_scn_scn_ep_get__pet_findByTags_eg92_404,GET,http://localhost/api/v1/mock/mock-swagger/api/v3/pet/findByTags?tags=1&error=404,0,1.0,"HTTPConnectionPool(host='localhost', port=80): Max retries exceeded with url: /api/v1/mock/mock-swagger/api/v3/pet/findByTags?tags=1&error=404 (Caused by NewConnectionError(""HTTPConnection(host='localhost', port=80): Failed to establish a new connection: [Errno 111] Connection refused""))"
2026-09-24T22:54:30.791659,call_ep_get__pet_findByTags_eg92_scn_scn_ep_get__pet_findByTags_eg92_404,GET,http://localhost/api/v1/mock/mock-swagger/api/v3/pet/findByTags?tags=1&error=404,0,9.57,"HTTPConnectionPool(host='localhost', port=80): Max retries exceeded with url: /api/v1/mock/mock-swagger/api/v3/pet/findByTags?tags=1&error=404 (Caused by NewConnectionError(""HTTPConnection(host='localhost', port=80): Failed to establish a new connection: [Errno 111] Connection refused""))"
2026-09-24T22:54:30.792108,call_ep_get__pet_findByTags_eg92_scn_scn_ep_get__pet_findByTags_eg92_404,GET,http://localhost/api/v1/mock/mock-swagger/api/v3/pet/findByTags?tags=1&error=404,0,11.12,"HTTPConnectionPool(host='localhost', port=80): Max retries exceeded with url: /api/v1/mock/mock-swagger/api/v3/pet/findByTags?tags=1&error=404 (Caused by NewConnectionError(""HTTPConnection(host='localhost', port=80): Failed to establish a new connection: [Errno 111] Connection refused""))"
2026-09-24T22:54:30.792465,call_ep_get__pet_findByTags_eg92_scn_scn_ep_get__pet_findByTags_eg92_404,GET,http://localhost/api/v1/mock/mock-swagger/api/v3/pet/findByTags?tags=1&error=404,0,8.84,"HTTPConnectionPool(host='localhost', port=80): Max retries exceeded with url: /api/v1/mock/mock-swagger/api/v3/pet/findByTags?tags=1&error=404 (Caused by NewConnectionError(""HTTPConnection(host='localhost', port=80): Failed to establish a new connection: [Errno 111] Connection refused""))"
2026-09-24T22:54:30.792710,call_ep_get__pet_findByTags_eg92_scn_scn_ep_get__pet_findByTags_eg92_404,GET,http://localhost/api/v1/mock/mock-swagger/api/v3/pet/findByTags?tags=1&error=404,0,12.72,"HTTPConnectionPool(host='localhost', port=80): Max retries exceeded with url: /api/v1/mock/mock-swagger/api/v3/pet/findByTags?tags=1&error=404 (Caused by NewConnectionError(""HTTPConnection(host='localhost', port=80): Failed to establish a new connection: [Errno 111] Connection refused""))"
2026-09-24T22:54:30.793293,call_ep_get__pet__petId__mpbf_base,GET,http://localhost/api/v1/mock/mock-swagger/api/v3/pet/{petId},0,7.41,"HTTPConnectionPool(host='localhost', port=80): Max retries exceeded with url: /api/v1/mock/mock-swagger/api/v3/pet/%7BpetId%7D (Caused by NewConnectionError(""HTTPConnection(host='localhost', port=80): Failed to establish a new connection: [Errno 111] Connection refused""))"
2026-09-24T22:54:30.793629,call_ep_get__pet_findByTags_eg92_scn_scn_ep_get__pet_findByTags_eg92_404,GET,http://localhost/api/v1/mock/mock-swagger/api/v3/pet/findByTags?tags=1&error=404,0,5.32,"HTTPConnectionPool(host='localhost', port=80): Max retries exceeded with url: /api/v1/mock/mock-swagger/api/v3/pet/findByTags?tags=1&error=404 (Caused by NewConnectionError(""HTTPConnection(host='localhost', port=80): Failed to establish a new connection: [Errno 111] Connection refused""))"
2026-09-24T22:54:30.793854,call_ep_get__pet_findByTags_eg92_scn_scn_ep_get__pet_findByTags_eg92_404,GET,http://localhost/api/v1/mock/mock-swagger/api/v3/pet/findByTags?tags=1&error=404,0,6.9,"HTTPConnectionPool(host='localhost', port=80): Max retries exceeded with url: /api/v1/mock/mock-swagger/api/v3/pet/findByTags?tags=1&error=404 (Caused by NewConnectionError(""HTTPConnection(host='localhost', port=80): Failed to establish a new connection: [Errno 111] Connection refused""))"
2026-09-24T22:54:30.794229,call_ep_get__pet_findByTags_eg92_scn_scn_ep_get__pet_findByTags_eg92_404,GET,http://localhost/api/v1/mock/mock-swagger/api/v3/pet/findByTags?tags=1&error=404,0,9.47,"HTTPConnectionPool(host='localhost', port=80): Max retries exceeded with url: /api/v1/mock/mock-swagger/api/v3/pet/findByTags?tags=1&error=404 (Caused by NewConnectionError(""HTTPConnection(host='localhost', port=80): Failed to establish a new connection: [Errno 111] Connection refused""))"
2026-09-24T22:54:30.794452,call_ep_get__pet_findByTags_eg92_scn_scn_ep_get__pet_findByTags_eg92_404,GET,http://localhost/api/v1/mock/mock-swagger/api/v3/pet/findByTags?tags=1&error=404,0,5.05,"HTTPConnectionPool(host='localhost', port=80): Max retries exceeded with url: /api/v1/mock/mock-swagger/api/v3/pet/findByTags?tags=1&error=404 (Caused by NewConnectionError(""HTTPConnection(host='localhost', port=80): Failed to establish a new connection: [Errno 111] Connection refused""))"
2026-09-24T22:54:30.864156,call_ep_get__pet__petId__mpbf_base,GET,http://localhost/api/v1/mock/mock-swagger/api/v3/pet/{petId},0,1.45,"HTTPConnectionPool(host='localhost', port=80): Max retries exceeded with url: /api/v1/mock/mock-swagger/api/v3/pet/%7BpetId%7D (Caused by NewConnectionError(""HTTPConnection(host='localhost', port=80): Failed to establish a new connection: [Errno 111] Connection refused""))"
2026-09-24T22:54:30.903623,call_ep_get__pet__petId__mpbf_base,GET,http://localhost/api/v1/mock/mock-swagger/api/v3/pet/{petId},0,6.4,"HTTPConnectionPool(host='localhost', port=80): Max retries exceeded with url: /api/v1/mock/mock-swagger/api/v3/pet/%7BpetId%7D (Caused by NewConnectionError(""HTTPConnection(host='localhost', port=80): Failed to establish a new connection: [Errno 111] Connection refused""))"
2026-09-24T22:54:30.904070,call_ep_get__pet__petId__mpbf_base,GET,http://localhost/api/v1/mock/mock-swagger/api/v3/pet/{petId},0,5.72,"HTTPConnectionPool(host='localhost', port=80): Max retries exceeded with url: /api/v1/mock/mock-swagger/api/v3/pet/%7BpetId%7D (Caused by NewConnectionError(""HTTPConnection(host='localhost', port=80): Failed to establish a new connection: [Errno 111] Connection refused""))"
2026-09-24T22:54:30.904617,call_ep_get__pet__petId__mpbf_base,GET,http://localhost/api/v1/mock/mock-swagger/api/v3/pet/{petId},0,11.74,"HTTPConnectionPool(host='localhost', port=80): Max retries exceeded with url: /api/v1/mock/mock-swagger/api/v3/pet/%7BpetId%7D (Caused by NewConnectionError(""HTTPConnection(host='localhost', port=80): Failed to establish a new connection: [Errno 111] Connection refused""))"
2026-09-24T22:54:30.904839,call_ep_get__pet__petId__mpbf_scn_scn_ep_get__pet__petId__mpbf_401,GET,http://localhost/api/v1/mock/mock-swagger/api/v3/pet/{petId},0,8.75,"HTTPConnectionPool(host='localhost', port=80): Max retries exceeded with url: /api/v1/mock/mock-swagger/api/v3/pet/%7BpetId%7D (Caused by NewConnectionError(""HTTPConnection(host='localhost', port=80): Failed to establish a new connection: [Errno 111] Connection refused""))"
2026-09-24T22:54:30.905065,call_ep_get__pet__petId__mpbf_base,GET,http://localhost/api/v1/mock/mock-swagger/api/v3/pet/{petId},0,4.36,"HTTPConnectionPool(host='localhost', port=80): Max retries exceeded with url: /api/v1/mock/mock-swagger/api/v3/pet/%7BpetId%7D (Caused by NewConnectionError(""HTTPConnection(host='localhost', port=80): Failed to establish a new connection: [Errno 111] Connection refused""))"
2026-09-24T22:54:30.905277,call_ep_get__pet__petId__mpbf_base,GET,http://localhost/api/v1/mock/mock-swagger/api/v3/pet/{petId},0,13.45,"HTTPConnectionPool(host='localhost', port=80): Max retries exceeded with url: /api/v1/mock/mock-swagger/api/v3/pet/%7BpetId%7D (Caused by NewConnectionError(""HTTPConnection(host='localhost', port=80): Failed to establish a new connection: [Errno 111] Connection refused""))"
2026-09-24T22:54:30.905696,call_ep_get__pet__petId__mpbf_base,GET,http://localhost/api/v1/mock/mock-swagger/api/v3/pet/{petId},0,6.26,"HTTPConnectionPool(host='localhost', port=80): Max retries exceeded with url: /api/v1/mock/mock-swagger/api/v3/pet/%7BpetId%7D (Caused by NewConnectionError(""HTTPConnection(host='localhost', port=80): Failed to establish a new connection: [Errno 111] Connection refused""))"
2026-09-24T22:54:30.905968,call_ep_get__pet__petId__mpbf_base,GET,http://localhost/api/v1/mock/mock-swagger/api/v3/pet/{petId},0,11.01,"HTTPConnectionPool(host='localhost', port=80): Max retries exceeded with url: /api/v1/mock/mock-swagger/api/v3/pet/%7BpetId%7D (Caused by NewConnectionError(""HTTPConnection(host='localhost', port=80): Failed to establish a new connection: [Errno 111] Connection refused""))"
2026-09-24T22:54:30.906241,call_ep_get__pet__petId__mpbf_base,GET,http://localhost/api/v1/mock/mock-swagger/api/v3/pet/{petId},0,12.31,"HTTPConnectionPool(host='localhost', port=80): Max retries exceeded with url: /api/v1/mock/mock-swagger/api/v3/pet/%7BpetId%7D (Caused by NewConnectionError(""HTTPConnection(host='localhost', port=80): Failed to establish a new connection: [Errno 111] Connection refused""))"
2026-09-24T22:54:30.965653,call_ep_get__pet__petId__mpbf_scn_scn_ep_get__pet__petId__mpbf_401,GET,http://localhost/api/v1/mock/mock-swagger/api/v3/pet/{petId},0,1.34,"HTTPConnectionPool(host='localhost', port=80): Max retries exceeded with url: /api/v1/mock/mock-swagger/api/v3/pet/%7BpetId%7D (Caused by NewConnectionError(""HTTPConnection(host='localhost', port=80): Failed to establish a new connection: [Errno 111] Connection refused""))"
2026-09-24T22:54:31.015701,call_ep_get__pet__petId__mpbf_scn_scn_ep_get__pet__petId__mpbf_400,GET,http://localhost/api/v1/mock/mock-swagger/api/v3/pet/{petId},0,8.63,"HTTPConnectionPool(host='localhost', port=80): Max retries exceeded with url: /api/v1/mock/mock-swagger/api/v3/pet/%7BpetId%7D (Caused by NewConnectionError(""HTTPConnection(host='localhost', port=80): Failed to establish a new connection: [Errno 111] Connection refused""))"
2026-09-24T22:54:31.016035,call_ep_get__pet__petId__mpbf_scn_scn_ep_get__pet__petId__mpbf_401,GET,http://localhost/api/v1/mock/mock-swagger/api/v3/pet/{petId},0,2.97,"HTTPConnectionPool(host='localhost', port=80): Max retries exceeded with url: /api/v1/mock/mock-swagger/api/v3/pet/%7BpetId%7D (Caused by NewConnectionError(""HTTPConnection(host='localhost', port=80): Failed to establish a new connection: [Errno 111] Connection refused""))"
2026-09-24T22:54:31.016338,call_ep_get__pet__petId__mpbf_scn_scn_ep_get__pet__petId__mpbf_401,GET,http://localhost/api/v1/mock/mock-swagger/api/v3/pet/{petId},0,11.48,"HTTPConnectionPool(host='localhost', port=80): Max retries exceeded with url: /api/v1/mock/mock-swagger/api/v3/pet/%7BpetId%7D (Caused by NewConnectionError(""HTTPConnection(host='localhost', port=80): Failed to establish a new connection: [Errno 111] Connection refused""))"
2026-09-24T22:54:31.017149,call_ep_get__pet__petId__mpbf_scn_scn_ep_get__pet__petId__mpbf_401,GET,http://localhost/api/v1/mock/mock-swagger/api/v3/pet/{petId},0,13.35,"HTTPConnectionPool(host='localhost', port=80): Max retries exceeded with url: /api/v1/mock/mock-swagger/api/v3/pet/%7BpetId%7D (Caused by NewConnectionError(""HTTPConnection(host='localhost', port=80): Failed to establish a new connection: [Errno 111] Connection refused""))"
2026-09-24T22:54:31.017677,call_ep_get__pet__petId__mpbf_scn_scn_ep_get__pet__petId__mpbf_401,GET,http://localhost/api/v1/mock/mock-swagger/api/v3/pet/{petId},0,9.47,"HTTPConnectionPool(host='localhost', port=80): Max retries exceeded with url: /api/v1/mock/mock-swagger/api/v3/pet/%7BpetId%7D (Caused by NewConnectionError(""HTTPConnection(host='localhost', port=80): Failed to establish a new connection: [Errno 111] Connection refused""))"
2026-09-24T22:54:31.018004,call_ep_get__pet__petId__mpbf_scn_scn_ep_get__pet__petId__mpbf_401,GET,http://localhost/api/v1/mock/mock-swagger/api/v3/pet/{petId},0,7.46,"HTTPConnectionPool(host='localhost', port=80): Max retries exceeded with url: /api/v1/mock/mock-swagger/api/v3/pet/%7BpetId%7D (Caused by NewConnectionError(""HTTPConnection(host='localhost', port=80): Failed to establish a new connection: [Errno 111] Connection refused""))"
2026-09-24T22:54:31.018388,call_ep_get__pet__petId__mpbf_scn_scn_ep_get__pet__petId__mpbf_401,GET,http://localhost/api/v1/mock/mock-swagger/api/v3/pet/{petId},0,9.04,"HTTPConnectionPool(host='localhost', port=80): Max retries exceeded with url: /api/v1/mock/mock-swagger/api/v3/pet/%7BpetId%7D (Caused by NewConnectionError(""HTTPConnection(host='localhost', port=80): Failed to establish a new connection: [Errno 111] Connection refused""))"
2026-09-24T22:54:31.018588,call_ep_get__pet__petId__mpbf_scn_scn_ep_get__pet__petId__mpbf_401,GET,http://localhost/api/v1/mock/mock-swagger/api/v3/pet/{petId},0,12.59,"HTTPConnectionPool(host='localhost', port=80): Max retries exceeded with url: /api/v1/mock/mock-swagger/api/v3/pet/%7BpetId%7D (Caused by NewConnectionError(""HTTPConnection(host='localhost', port=80): Failed to establish a new connection: [Errno 111] Connection refused""))"
2026-09-24T22:54:31.018920,call_ep_get__pet__petId__mpbf_scn_scn_ep_get__pet__petId__mpbf_401,GET,http://localhost/api/v1/mock/mock-swagger/api/v3/pet/{petId},0,7.0,"HTTPConnectionPool(host='localhost', port=80): Max retries exceeded with url: /api/v1/mock/mock-swagger/api/v3/pet/%7BpetId%7D (Caused by NewConnectionError(""HTTPConnection(host='localhost', port=80): Failed to establish a new connection: [Errno 111] Connection refused""))"
2026-09-24T22:54:31.066736,call_ep_get__pet__petId__mpbf_scn_scn_ep_get__pet__petId__mpbf_400,GET,http://localhost/api/v1/mock/mock-swagger/api/v3/pet/{petId},0,0.93,"HTTPConnectionPool(host='localhost', port=80): Max retries exceeded with url: /api/v1/mock/mock-swagger/api/v3/pet/%7BpetId%7D (Caused by NewConnectionError(""HTTPConnection(host='localhost', port=80): Failed to establish a new connection: [Errno 111] Connection refused""))"
2026-09-24T22:54:31.127263,call_ep_get__pet__petId__mpbf_scn_scn_ep_get__pet__petId__mpbf_400,GET,http://localhost/api/v1/mock/mock-swagger/api/v3/pet/{petId},0,6.08,"HTTPConnectionPool(host='localhost', port=80): Max retries exceeded with url: /api/v1/mock/mock-swagger/api/v3/pet/%7BpetId%7D (Caused by NewConnectionError(""HTTPConnection(host='localhost', port=80): Failed to establish a new connection: [Errno 111] Connection refused""))"
2026-09-24T22:54:31.127557,call_ep_get__pet__petId__mpbf_scn_scn_ep_get__pet__petId__mpbf_400,GET,http://localhost/api/v1/mock/mock-swagger/api/v3/pet/{petId},0,2.8,"HTTPConnectionPool(host='localhost', port=80): Max retries exceeded with url: /api/v1/mock/mock-swagger/api/v3/pet/%7BpetId%7D (Caused by NewConnectionError(""HTTPConnection(host='localhost', port=80): Failed to establish a new connection: [Errno 111] Connection refused""))"
2026-09-24T22:54:31.127743,call_ep_get__pet__petId__mpbf_scn_scn_ep_get__pet__petId__mpbf_400,GET,http://localhost/api/v1/mock/mock-swagger/api/v3/pet/{petId},0,5.35,"HTTPConnectionPool(host='localhost', port=80): Max retries exceeded with url: /api/v1/mock/mock-swagger/api/v3/pet/%7BpetId%7D (Caused by NewConnectionError(""HTTPConnection(host='localhost', port=80): Failed to establish a new connection: [Errno 111] Connection refused""))"
2026-09-24T22:54:31.128492,call_ep_get__pet__petId__mpbf_scn_scn_ep_get__pet__petId__mpbf_400,GET,http://localhost/api/v1/mock/mock-swagger/api/v3/pet/{petId},0,11.61,"HTTPConnectionPool(host='localhost', port=80): Max retries exceeded with url: /api/v1/mock/mock-swagger/api/v3/pet/%7BpetId%7D (Caused by NewConnectionError(""HTTPConnection(host='localhost', port=80): Failed to establish a new connection: [Errno 111] Connection refused""))"
2026-09-24T22:54:31.128871,call_ep_get__pet__petId__mpbf_scn_scn_ep_get__pet__petId__mpbf_400,GET,http://localhost/api/v1/mock/mock-swagger/api/v3/pet/{petId},0,5.18,"HTTPConnectionPool(host='localhost', port=80): Max retries exceeded with url: /api/v1/mock/mock-swagger/api/v3/pet/%7BpetId%7D (Caused by NewConnectionError(""HTTPConnection(host='localhost', port=80): Failed to establish a new connection: [Errno 111] Connection refused""))"
2026-09-24T22:54:31.129129,call_ep_get__pet__petId__mpbf_scn_scn_ep_get__pet__petId__mpbf_400,GET,http://localhost/api/v1/mock/mock-swagger/api/v3/pet/{petId},0,11.15,"HTTPConnectionPool(host='localhost', port=80): Max retries exceeded with url: /api/v1/mock/mock-swagger/api/v3/pet/%7BpetId%7D (Caused by NewConnectionError(""HTTPConnection(host='localhost', port=80): Failed to establish a new connection: [Errno 111] Connection refused""))"
2026-09-24T22:54:31.129476,call_ep_get__pet__petId__mpbf_scn_scn_ep_get__pet__petId__mpbf_404,GET,http://localhost/api/v1/mock/mock-swagger/api/v3/pet/999999999,0,13.64,"HTTPConnectionPool(host='localhost', port=80): Max retries exceeded with url: /api/v1/mock/mock-swagger/api/v3/pet/999999999 (Caused by NewConnectionError(""HTTPConnection(host='localhost', port=80): Failed to establish a new connection: [Errno 111] Connection refused""))"
2026-09-24T22:54:31.129727,call_ep_get__pet__petId__mpbf_scn_scn_ep_get__pet__petId__mpbf_400,GET,http://localhost/api/v1/mock/mock-swagger/api/v3/pet/{petId},0,9.63,"HTTPConnectionPool(host='localhost', port=80): Max retries exceeded with url: /api/v1/mock/mock-swagger/api/v3/pet/%7BpetId%7D (Caused by NewConnectionError(""HTTPConnection(host='localhost', port=80): Failed to establish a new connection: [Errno 111] Connection refused""))"
2026-09-24T22:54:31.130008,call_ep_get__pet__petId__mpbf_scn_scn_ep_get__pet__petId__mpbf_400,GET,http://localhost/api/v1/mock/mock-swagger/api/v3/pet/{petId},0,10.96,"HTTPConnectionPool(host='localhost', port=80): Max retries exceeded with url: /api/v1/mock/mock-swagger/api/v3/pet/%7BpetId%7D (Caused by NewConnectionError(""HTTPConnection(host='localhost', port=80): Failed to establish a new connection: [Errno 111] Connection refused""))"
2026-09-24T22:54:31.168831,call_ep_get__pet__petId__mpbf_scn_scn_ep_get__pet__petId__mpbf_404,GET,http://localhost/api/v1/mock/mock-swagger/api/v3/pet/999999999,0,1.92,"HTTPConnectionPool(host='localhost', port=80): Max retries exceeded with url: /api/v1/mock/mock-swagger/api/v3/pet/999999999 (Caused by NewConnectionError(""HTTPConnection(host='localhost', port=80): Failed to establish a new connection: [Errno 111] Connection refused""))"
2026-09-24T22:54:31.238690,call_ep_get__pet__petId__mpbf_scn_scn_ep_get__pet__petId__mpbf_404,GET,http://localhost/api/v1/mock/mock-swagger/api/v3/pet/999999999,0,6.93,"HTTPConnectionPool(host='localhost', port=80): Max retries exceeded with url: /api/v1/mock/mock-swagger/api/v3/pet/999999999 (Caused by NewConnectionError(""HTTPConnection(host='localhost', port=80): Failed to establish a new connection: [Errno 111] Connection refused""))"
2026-09-24T22:54:31.239039,call_ep_get__pet__petId__mpbf_scn_scn_ep_get__pet__petId__mpbf_404,GET,http://localhost/api/v1/mock/mock-swagger/api/v3/pet/999999999,0,4.15,"HTTPConnectionPool(host='localhost', port=80): Max retries exceeded with url: /api/v1/mock/mock-swagger/api/v3/pet/999999999 (Caused by NewConnectionError(""HTTPConnection(host='localhost', port=80): Failed to establish a new connection: [Errno 111] Connection refused""))"
2026-09-24T22:54:31.239368,call_ep_get__pet__petId__mpbf_scn_scn_ep_get__pet__petId__mpbf_404,GET,http://localhost/api/v1/mock/mock-swagger/api/v3/pet/999999999,0,6.55,"HTTPConnectionPool(host='localhost', port=80): Max retries exceeded with url: /api/v1/mock/mock-swagger/api/v3/pet/999999999 (Caused by NewConnectionError(""HTTPConnection(host='localhost', port=80): Failed to establish a new connection: [Errno 111] Connection refused""))"
2026-09-24T22:54:31.239635,call_ep_get__pet__petId__mpbf_scn_scn_ep_get__pet__petId__mpbf_404,GET,http://localhost/api/v1/mock/mock-swagger/api/v3/pet/999999999,0,8.95,"HTTPConnectionPool(host='localhost', port=80): Max retries exceeded with url: /api/v1/mock/mock-swagger/api/v3/pet/999999999 (Caused by NewConnectionError(""HTTPConnection(host='localhost', port=80): Failed to establish a new connection: [Errno 111] Connection refused""))"
2026-09-24T22:54:31.239842,call_ep_get__pet__petId__mpbf_scn_scn_ep_get__pet__petId__mpbf_404,GET,http://localhost/api/v1/mock/mock-swagger/api/v3/pet/999999999,0,5.9,"HTTPConnectionPool(host='localhost', port=80): Max retries exceeded with url: /api/v1/mock/mock-swagger/api/v3/pet/999999999 (Caused by NewConnectionError(""HTTPConnection(host='localhost', port=80): Failed to establish a new connection: [Errno 111] Connection refused""))"
2026-09-24T22:54:31.240246,call_ep_get__pet__petId__mpbf_scn_scn_ep_get__pet__petId__mpbf_404,GET,http://localhost/api/v1/mock/mock-swagger/api/v3/pet/999999999,0,11.78,"HTTPConnectionPool(host='localhost', port=80): Max retries exceeded with url: /api/v1/mock/mock-swagger/api/v3/pet/999999999 (Caused by NewConnectionError(""HTTPConnection(host='localhost', port=80): Failed to establish a new connection: [Errno 111] Connection refused""))"
2026-09-24T22:54:31.240510,call_ep_get__pet__petId__mpbf_scn_scn_ep_get__pet__petId__mpbf_404,GET,http://localhost/api/v1/mock/mock-swagger/api/v3/pet/999999999,0,11.06,"HTTPConnectionPool(host='localhost', port=80): Max retries exceeded with url: /api/v1/mock/mock-swagger/api/v3/pet/999999999 (Caused by NewConnectionError(""HTTPConnection(host='localhost', port=80): Failed to establish a new connection: [Errno 111] Connection refused""))"
2026-09-24T22:54:31.240736,call_ep_get__pet__petId__mpbf_scn_scn_ep_get__pet__petId__mpbf_404,GET,http://localhost/api/v1/mock/mock-swagger/api/v3/pet/999999999,0,13.3,"HTTPConnectionPool(host='localhost', port=80): Max retries exceeded with url: /api/v1/mock/mock-swagger/api/v3/pet/999999999 (Caused by NewConnectionError(""HTTPConnection(host='localhost', port=80): Failed to establish a new connection: [Errno 111] Connection refused""))"
2026-09-24T22:54:31.240983,call_ep_post__pet_b5ji_base,POST,http://localhost/api/v1/mock/mock-swagger/api/v3/pet,0,4.91,"HTTPConnectionPool(host='localhost', port=80): Max retries exceeded with url: /api/v1/mock/mock-swagger/api/v3/pet (Caused by NewConnectionError(""HTTPConnection(host='localhost', port=80): Failed to establish a new connection: [Errno 111] Connection refused""))"
2026-09-24T22:54:31.270593,call_ep_post__pet_b5ji_base,POST,http://localhost/api/v1/mock/mock-swagger/api/v3/pet,0,1.59,"HTTPConnectionPool(host='localhost', port=80): Max retries exceeded with url: /api/v1/mock/mock-swagger/api/v3/pet (Caused by NewConnectionError(""HTTPConnection(host='localhost', port=80): Failed to establish a new connection: [Errno 111] Connection refused""))"
2026-09-24T22:54:31.351150,call_ep_post__pet_b5ji_base,POST,http://localhost/api/v1/mock/mock-swagger/api/v3/pet,0,12.28,"HTTPConnectionPool(host='localhost', port=80): Max retries exceeded with url: /api/v1/mock/mock-swagger/api/v3/pet (Caused by NewConnectionError(""HTTPConnection(host='localhost', port=80): Failed to establish a new connection: [Errno 111] Connection refused""))"
2026-09-24T22:54:31.351712,call_ep_post__pet_b5ji_base,POST,http://localhost/api/v1/mock/mock-swagger/api/v3/pet,0,11.7,"HTTPConnectionPool(host='localhost', port=80): Max retries exceeded with url: /api/v1/mock/mock-swagger/api/v3/pet (Caused by NewConnectionError(""HTTPConnection(host='localhost', port=80): Failed to establish a new connection: [Errno 111] Connection refused""))"
2026-09-24T22:54:31.352025,call_ep_post__pet_b5ji_base,POST,http://localhost/api/v1/mock/mock-swagger/api/v3/pet,0,7.44,"HTTPConnectionPool(host='localhost', port=80): Max retries exceeded with url: /api/v1/mock/mock-swagger/api/v3/pet (Caused by NewConnectionError(""HTTPConnection(host='localhost', port=80): Failed to establish a new connection: [Errno 111] Connection refused""))"
2026-09-24T22:54:31.352525,call_ep_post__pet_b5ji_base,POST,http://localhost/api/v1/mock/mock-swagger/api/v3/pet,0,11.41,"HTTPConnectionPool(host='localhost', port=80): Max retries exceeded with url: /api/v1/mock/mock-swagger/api/v3/pet (Caused by NewConnectionError(""HTTPConnection(host='localhost', port=80): Failed to establish a new connection: [Errno 111] Connection refused""))"
2026-09-24T22:54:31.353021,call_ep_post__pet_b5ji_base,POST,http://localhost/api/v1/mock/mock-swagger/api/v3/pet,0,7.1,"HTTPConnectionPool(host='localhost', port=80): Max retries exceeded with url: /api/v1/mock/mock-swagger/api/v3/pet (Caused by NewConnectionError(""HTTPConnection(host='localhost', port=80): Failed to establish a new connection: [Errno 111] Connection refused""))"
2026-09-24T22:54:31.353230,call_ep_post__pet_b5ji_base,POST,http://localhost/api/v1/mock/mock-swagger/api/v3/pet,0,9.91,"HTTPConnectionPool(host='localhost', port=80): Max retries exceeded with url: /api/v1/mock/mock-swagger/api/v3/pet (Caused by NewConnectionError(""HTTPConnection(host='localhost', port=80): Failed to establish a new connection: [Errno 111] Connection refused""))"
2026-09-24T22:54:31.353578,call_ep_post__pet_b5ji_base,POST,http://localhost/api/v1/mock/mock-swagger/api/v3/pet,0,4.39,"HTTPConnectionPool(host='localhost', port=80): Max retries exceeded with url: /api/v1/mock/mock-swagger/api/v3/pet (Caused by NewConnectionError(""HTTPConnection(host='localhost', port=80): Failed to establish a new connection: [Errno 111] Connection refused""))"
2026-09-24T22:54:31.353867,call_ep_post__pet_b5ji_base,POST,http://localhost/api/v1/mock/mock-swagger/api/v3/pet,0,11.68,"HTTPConnectionPool(host='localhost', port=80): Max retries exceeded with url: /api/v1/mock/mock-swagger/api/v3/pet (Caused by NewConnectionError(""HTTPConnection(host='localhost', port=80): Failed to establish a new connection: [Errno 111] Connection refused""))"
2026-09-24T22:54:31.354118,call_ep_post__pet_b5ji_scn_scn_ep_post__pet_b5ji_401,POST,http://localhost/api/v1/mock/mock-swagger/api/v3/pet,0,6.07,"HTTPConnectionPool(host='localhost', port=80): Max retries exceeded with url: /api/v1/mock/mock-swagger/api/v3/pet (Caused by NewConnectionError(""HTTPConnection(host='localhost', port=80): Failed to establish a new connection: [Errno 111] Connection refused""))"
2026-09-24T22:54:31.372330,call_ep_post__pet_b5ji_scn_scn_ep_post__pet_b5ji_401,POST,http://localhost/api/v1/mock/mock-swagger/api/v3/pet,0,1.57,"HTTPConnectionPool(host='localhost', port=80): Max retries exceeded with url: /api/v1/mock/mock-swagger/api/v3/pet (Caused by NewConnectionError(""HTTPConnection(host='localhost', port=80): Failed to establish a new connection: [Errno 111] Connection refused""))"
2026-09-24T22:54:31.462062,call_ep_post__pet_b5ji_scn_scn_ep_post__pet_b5ji_401,POST,http://localhost/api/v1/mock/mock-swagger/api/v3/pet,0,10.73,"HTTPConnectionPool(host='localhost', port=80): Max retries exceeded with url: /api/v1/mock/mock-swagger/api/v3/pet (Caused by NewConnectionError(""HTTPConnection(host='localhost', port=80): Failed to establish a new connection: [Errno 111] Connection refused""))"
2026-09-24T22:54:31.462927,call_ep_post__pet_b5ji_scn_scn_ep_post__pet_b5ji_401,POST,http://localhost/api/v1/mock/mock-swagger/api/v3/pet,0,10.51,"HTTPConnectionPool(host='localhost', port=80): Max retries exceeded with url: /api/v1/mock/mock-swagger/api/v3/pet (Caused by NewConnectionError(""HTTPConnection(host='localhost', port=80): Failed to establish a new connection: [Errno 111] Connection refused""))"
2026-09-24T22:54:31.467265,call_ep_post__pet_b5ji_scn_scn_ep_post__pet_b5ji_400,POST,http://localhost/api/v1/mock/mock-swagger/api/v3/pet,0,8.23,"HTTPConnectionPool(host='localhost', port=80): Max retries exceeded with url: /api/v1/mock/mock-swagger/api/v3/pet (Caused by NewConnectionError(""HTTPConnection(host='localhost', port=80): Failed to establish a new connection: [Errno 111] Connection refused""))"
2026-09-24T22:54:31.467878,call_ep_post__pet_b5ji_scn_scn_ep_post__pet_b5ji_401,POST,http://localhost/api/v1/mock/mock-swagger/api/v3/pet,0,13.25,"HTTPConnectionPool(host='localhost', port=80): Max retries exceeded with url: /api/v1/mock/mock-swagger/api/v3/pet (Caused by NewConnectionError(""HTTPConnection(host='localhost', port=80): Failed to establish a new connection: [Errno 111] Connection refused""))"
2026-09-24T22:54:31.468233,call_ep_post__pet_b5ji_scn_scn_ep_post__pet_b5ji_401,POST,http://localhost/api/v1/mock/mock-swagger/api/v3/pet,0,14.73,"HTTPConnectionPool(host='localhost', port=80): Max retries exceeded with url: /api/v1/mock/mock-swagger/api/v3/pet (Caused by NewConnectionError(""HTTPConnection(host='localhost', port=80): Failed to establish a new connection: [Errno 111] Connection refused""))"
2026-09-24T22:54:31.468517,call_ep_post__pet_b5ji_scn_scn_ep_post__pet_b5ji_401,POST,http://localhost/api/v1/mock/mock-swagger/api/v3/pet,0,12.74,"HTTPConnectionPool(host='localhost', port=80): Max retries exceeded with url: /api/v1/mock/mock-swagger/api/v3/pet (Caused by NewConnectionError(""HTTPConnection(host='localhost', port=80): Failed to establish a new connection: [Errno 111] Connection refused""))"
2026-09-24T22:54:31.468807,call_ep_post__pet_b5ji_scn_scn_ep_post__pet_b5ji_401,POST,http://localhost/api/v1/mock/mock-swagger/api/v3/pet,0,8.74,"HTTPConnectionPool(host='localhost', port=80): Max retries exceeded with url: /api/v1/mock/mock-swagger/api/v3/pet (Caused by NewConnectionError(""HTTPConnection(host='localhost', port=80): Failed to establish a new connection: [Errno 111] Connection refused""))"
2026-09-24T22:54:31.469013,call_ep_post__pet_b5ji_scn_scn_ep_post__pet_b5ji_401,POST,http://localhost/api/v1/mock/mock-swagger/api/v3/pet,0,11.09,"HTTPConnectionPool(host='localhost', port=80): Max retries exceeded with url: /api/v1/mock/mock-swagger/api/v3/pet (Caused by NewConnectionError(""HTTPConnection(host='localhost', port=80): Failed to establish a new connection: [Errno 111] Connection refused""))"
2026-09-24T22:54:31.469310,call_ep_post__pet_b5ji_scn_scn_ep_post__pet_b5ji_401,POST,http://localhost/api/v1/mock/mock-swagger/api/v3/pet,0,12.44,"HTTPConnectionPool(host='localhost', port=80): Max retries exceeded with url: /api/v1/mock/mock-swagger/api/v3/pet (Caused by NewConnectionError(""HTTPConnection(host='localhost', port=80): Failed to establish a new connection: [Errno 111] Connection refused""))"
2026-09-24T22:54:31.473996,call_ep_post__pet_b5ji_scn_scn_ep_post__pet_b5ji_400,POST,http://localhost/api/v1/mock/mock-swagger/api/v3/pet,0,1.51,"HTTPConnectionPool(host='localhost', port=80): Max retries exceeded with url: /api/v1/mock/mock-swagger/api/v3/pet (Caused by NewConnectionError(""HTTPConnection(host='localhost', port=80): Failed to establish a new connection: [Errno 111] Connection refused""))"
2026-09-24T22:54:31.565200,call_ep_post__pet_b5ji_scn_scn_ep_post__pet_b5ji_400,POST,http://localhost/api/v1/mock/mock-swagger/api/v3/pet,0,2.94,"HTTPConnectionPool(host='localhost', port=80): Max retries exceeded with url: /api/v1/mock/mock-swagger/api/v3/pet (Caused by NewConnectionError(""HTTPConnection(host='localhost', port=80): Failed to establish a new connection: [Errno 111] Connection refused""))"
2026-09-24T22:54:31.565396,call_ep_post__pet_b5ji_scn_scn_ep_post__pet_b5ji_400,POST,http://localhost/api/v1/mock/mock-swagger/api/v3/pet,0,1.92,"HTTPConnectionPool(host='localhost', port=80): Max retries exceeded with url: /api/v1/mock/mock-swagger/api/v3/pet (Caused by NewConnectionError(""HTTPConnection(host='localhost', port=80): Failed to establish a new connection: [Errno 111] Connection refused""))"
2026-09-24T22:54:31.576533,call_ep_post__pet_b5ji_scn_scn_ep_post__pet_b5ji_404,POST,http://localhost/api/v1/mock/mock-swagger/api/v3/pet?error=404,0,9.11,"HTTPConnectionPool(host='localhost', port=80): Max retries exceeded with url: /api/v1/mock/mock-swagger/api/v3/pet?error=404 (Caused by NewConnectionError(""HTTPConnection(host='localhost', port=80): Failed to establish a new connection: [Errno 111] Connection refused""))"
2026-09-24T22:54:31.577325,call_ep_post__pet_b5ji_scn_scn_ep_post__pet_b5ji_400,POST,http://localhost/api/v1/mock/mock-swagger/api/v3/pet,0,6.66,"HTTPConnectionPool(host='localhost', port=80): Max retries exceeded with url: /api/v1/mock/mock-swagger/api/v3/pet (Caused by NewConnectionError(""HTTPConnection(host='localhost', port=80): Failed to establish a new connection: [Errno 111] Connection refused""))"
2026-09-24T22:54:31.577777,call_ep_post__pet_b5ji_scn_scn_ep_post__pet_b5ji_400,POST,http://localhost/api/v1/mock/mock-swagger/api/v3/pet,0,9.28,"HTTPConnectionPool(host='localhost', port=80): Max retries exceeded with url: /api/v1/mock/mock-swagger/api/v3/pet (Caused by NewConnectionError(""HTTPConnection(host='localhost', port=80): Failed to establish a new connection: [Errno 111] Connection refused""))"
2026-09-24T22:54:31.578050,call_ep_post__pet_b5ji_scn_scn_ep_post__pet_b5ji_404,POST,http://localhost/api/v1/mock/mock-swagger/api/v3/pet?error=404,0,3.29,"HTTPConnectionPool(host='localhost', port=80): Max retries exceeded with url: /api/v1/mock/mock-swagger/api/v3/pet?error=404 (Caused by NewConnectionError(""HTTPConnection(host='localhost', port=80): Failed to establish a new connection: [Errno 111] Connection refused""))"
2026-09-24T22:54:31.578472,call_ep_post__pet_b5ji_scn_scn_ep_post__pet_b5ji_400,POST,http://localhost/api/v1/mock/mock-swagger/api/v3/pet,0,5.55,"HTTPConnectionPool(host='localhost', port=80): Max retries exceeded with url: /api/v1/mock/mock-swagger/api/v3/pet (Caused by NewConnectionError(""HTTPConnection(host='localhost', port=80): Failed to establish a new connection: [Errno 111] Connection refused""))"
2026-09-24T22:54:31.579293,call_ep_post__pet_b5ji_scn_scn_ep_post__pet_b5ji_400,POST,http://localhost/api/v1/mock/mock-swagger/api/v3/pet,0,7.57,"HTTPConnectionPool(host='localhost', port=80): Max retries exceeded with url: /api/v1/mock/mock-swagger/api/v3/pet (Caused by NewConnectionError(""HTTPConnection(host='localhost', port=80): Failed to establish a new connection: [Errno 111] Connection refused""))"
2026-09-24T22:54:31.579515,call_ep_post__pet_b5ji_scn_scn_ep_post__pet_b5ji_400,POST,http://localhost/api/v1/mock/mock-swagger/api/v3/pet,0,10.0,"HTTPConnectionPool(host='localhost', port=80): Max retries exceeded with url: /api/v1/mock/mock-swagger/api/v3/pet (Caused by NewConnectionError(""HTTPConnection(host='localhost', port=80): Failed to establish a new connection: [Errno 111] Connection refused""))"
2026-09-24T22:54:31.579757,call_ep_post__pet_b5ji_scn_scn_ep_post__pet_b5ji_400,POST,http://localhost/api/v1/mock/mock-swagger/api/v3/pet,0,5.83,"HTTPConnectionPool(host='localhost', port=80): Max retries exceeded with url: /api/v1/mock/mock-swagger/api/v3/pet (Caused by NewConnectionError(""HTTPConnection(host='localhost', port=80): Failed to establish a new connection: [Errno 111] Connection refused""))"
2026-09-24T22:54:31.668179,call_ep_post__pet_b5ji_scn_scn_ep_post__pet_b5ji_404,POST,http://localhost/api/v1/mock/mock-swagger/api/v3/pet?error=404,0,2.83,"HTTPConnectionPool(host='localhost', port=80): Max retries exceeded with url: /api/v1/mock/mock-swagger/api/v3/pet?error=404 (Caused by NewConnectionError(""HTTPConnection(host='localhost', port=80): Failed to establish a new connection: [Errno 111] Connection refused""))"
2026-09-24T22:54:31.668621,call_ep_post__pet_b5ji_scn_scn_ep_post__pet_b5ji_404,POST,http://localhost/api/v1/mock/mock-swagger/api/v3/pet?error=404,0,2.01,"HTTPConnectionPool(host='localhost', port=80): Max retries exceeded with url: /api/v1/mock/mock-swagger/api/v3/pet?error=404 (Caused by NewConnectionError(""HTTPConnection(host='localhost', port=80): Failed to establish a new connection: [Errno 111] Connection refused""))"
2026-09-24T22:54:31.686706,call_ep_post__pet_b5ji_scn_scn_ep_post__pet_b5ji_404,POST,http://localhost/api/v1/mock/mock-swagger/api/v3/pet?error=404,0,6.79,"HTTPConnectionPool(host='localhost', port=80): Max retries exceeded with url: /api/v1/mock/mock-swagger/api/v3/pet?error=404 (Caused by NewConnectionError(""HTTPConnection(host='localhost', port=80): Failed to establish a new connection: [Errno 111] Connection refused""))"
2026-09-24T22:54:31.687069,call_ep_post__pet_b5ji_scn_scn_ep_post__pet_b5ji_404,POST,http://localhost/api/v1/mock/mock-swagger/api/v3/pet?error=404,0,8.29,"HTTPConnectionPool(host='localhost', port=80): Max retries exceeded with url: /api/v1/mock/mock-swagger/api/v3/pet?error=404 (Caused by NewConnectionError(""HTTPConnection(host='localhost', port=80): Failed to establish a new connection: [Errno 111] Connection refused""))"
2026-09-24T22:54:31.687383,call_ep_put__pet_jchf_base,PUT,http://localhost/api/v1/mock/mock-swagger/api/v3/pet,0,10.67,"HTTPConnectionPool(host='localhost', port=80): Max retries exceeded with url: /api/v1/mock/mock-swagger/api/v3/pet (Caused by NewConnectionError(""HTTPConnection(host='localhost', port=80): Failed to establish a new connection: [Errno 111] Connection refused""))"
2026-09-24T22:54:31.687839,call_ep_post__pet_b5ji_scn_scn_ep_post__pet_b5ji_404,POST,http://localhost/api/v1/mock/mock-swagger/api/v3/pet?error=404,0,5.78,"HTTPConnectionPool(host='localhost', port=80): Max retries exceeded with url: /api/v1/mock/mock-swagger/api/v3/pet?error=404 (Caused by NewConnectionError(""HTTPConnection(host='localhost', port=80): Failed to establish a new connection: [Errno 111] Connection refused""))"
2026-09-24T22:54:31.688084,call_ep_post__pet_b5ji_scn_scn_ep_post__pet_b5ji_404,POST,http://localhost/api/v1/mock/mock-swagger/api/v3/pet?error=404,0,7.13,"HTTPConnectionPool(host='localhost', port=80): Max retries exceeded with url: /api/v1/mock/mock-swagger/api/v3/pet?error=404 (Caused by NewConnectionError(""HTTPConnection(host='localhost', port=80): Failed to establish a new connection: [Errno 111] Connection refused""))"
2026-09-24T22:54:31.688551,call_ep_post__pet_b5ji_scn_scn_ep_post__pet_b5ji_404,POST,http://localhost/api/v1/mock/mock-swagger/api/v3/pet?error=404,0,10.86,"HTTPConnectionPool(host='localhost', port=80): Max retries exceeded with url: /api/v1/mock/mock-swagger/api/v3/pet?error=404 (Caused by NewConnectionError(""HTTPConnection(host='localhost', port=80): Failed to establish a new connection: [Errno 111] Connection refused""))"
2026-09-24T22:54:31.688798,call_ep_post__pet_b5ji_scn_scn_ep_post__pet_b5ji_404,POST,http://localhost/api/v1/mock/mock-swagger/api/v3/pet?error=404,0,4.41,"HTTPConnectionPool(host='localhost', port=80): Max retries exceeded with url: /api/v1/mock/mock-swagger/api/v3/pet?error=404 (Caused by NewConnectionError(""HTTPConnection(host='localhost', port=80): Failed to establish a new connection: [Errno 111] Connection refused""))"
2026-09-24T22:54:31.689115,call_ep_put__pet_jchf_base,PUT,http://localhost/api/v1/mock/mock-swagger/api/v3/pet,0,6.05,"HTTPConnectionPool(host='localhost', port=80): Max retries exceeded with url: /api/v1/mock/mock-swagger/api/v3/pet (Caused by NewConnectionError(""HTTPConnection(host='localhost', port=80): Failed to establish a new connection: [Errno 111] Connection refused""))"
2026-09-24T22:54:31.770981,call_ep_put__pet_jchf_base,PUT,http://localhost/api/v1/mock/mock-swagger/api/v3/pet,0,2.62,"HTTPConnectionPool(host='localhost', port=80): Max retries exceeded with url: /api/v1/mock/mock-swagger/api/v3/pet (Caused by NewConnectionError(""HTTPConnection(host='localhost', port=80): Failed to establish a new connection: [Errno 111] Connection refused""))"
2026-09-24T22:54:31.771391,call_ep_put__pet_jchf_base,PUT,http://localhost/api/v1/mock/mock-swagger/api/v3/pet,0,1.91,"HTTPConnectionPool(host='localhost', port=80): Max retries exceeded with url: /api/v1/mock/mock-swagger/api/v3/pet (Caused by NewConnectionError(""HTTPConnection(host='localhost', port=80): Failed to establish a new connection: [Errno 111] Connection refused""))"
2026-09-24T22:54:31.797314,call_ep_put__pet_jchf_scn_scn_ep_put__pet_jchf_401,PUT,http://localhost/api/v1/mock/mock-swagger/api/v3/pet,0,4.69,"HTTPConnectionPool(host='localhost', port=80): Max retries exceeded with url: /api/v1/mock/mock-swagger/api/v3/pet (Caused by NewConnectionError(""HTTPConnection(host='localhost', port=80): Failed to establish a new connection: [Errno 111] Connection refused""))"
2026-09-24T22:54:31.797610,call_ep_put__pet_jchf_base,PUT,http://localhost/api/v1/mock/mock-swagger/api/v3/pet,0,10.73,"HTTPConnectionPool(host='localhost', port=80): Max retries exceeded with url: /api/v1/mock/mock-swagger/api/v3/pet (Caused by NewConnectionError(""HTTPConnection(host='localhost', port=80): Failed to establish a new connection: [Errno 111] Connection refused""))"
2026-09-24T22:54:31.798050,call_ep_put__pet_jchf_base,PUT,http://localhost/api/v1/mock/mock-swagger/api/v3/pet,0,7.61,"HTTPConnectionPool(host='localhost', port=80): Max retries exceeded with url: /api/v1/mock/mock-swagger/api/v3/pet (Caused by NewConnectionError(""HTTPConnection(host='localhost', port=80): Failed to establish a new connection: [Errno 111] Connection refused""))"
2026-09-24T22:54:31.798296,call_ep_put__pet_jchf_base,PUT,http://localhost/api/v1/mock/mock-swagger/api/v3/pet,0,4.47,"HTTPConnectionPool(host='localhost', port=80): Max retries exceeded with url: /api/v1/mock/mock-swagger/api/v3/pet (Caused by NewConnectionError(""HTTPConnection(host='localhost', port=80): Failed to establish a new connection: [Errno 111] Connection refused""))"
2026-09-24T22:54:31.798712,call_ep_put__pet_jchf_base,PUT,http://localhost/api/v1/mock/mock-swagger/api/v3/pet,0,7.29,"HTTPConnectionPool(host='localhost', port=80): Max retries exceeded with url: /api/v1/mock/mock-swagger/api/v3/pet (Caused by NewConnectionError(""HTTPConnection(host='localhost', port=80): Failed to establish a new connection: [Errno 111] Connection refused""))"
2026-09-24T22:54:31.799030,call_ep_put__pet_jchf_scn_scn_ep_put__pet_jchf_401,PUT,http://localhost/api/v1/mock/mock-swagger/api/v3/pet,0,9.61,"HTTPConnectionPool(host='localhost', port=80): Max retries exceeded with url: /api/v1/mock/mock-swagger/api/v3/pet (Caused by NewConnectionError(""HTTPConnection(host='localhost', port=80): Failed to establish a new connection: [Errno 111] Connection refused""))"
2026-09-24T22:54:31.799279,call_ep_put__pet_jchf_base,PUT,http://localhost/api/v1/mock/mock-swagger/api/v3/pet,0,10.88,"HTTPConnectionPool(host='localhost', port=80): Max retries exceeded with url: /api/v1/mock/mock-swagger/api/v3/pet (Caused by NewConnectionError(""HTTPConnection(host='localhost', port=80): Failed to establish a new connection: [Errno 111] Connection refused""))"
2026-09-24T22:54:31.799612,call_ep_put__pet_jchf_base,PUT,http://localhost/api/v1/mock/mock-swagger/api/v3/pet,0,4.77,"HTTPConnectionPool(host='localhost', port=80): Max retries exceeded with url: /api/v1/mock/mock-swagger/api/v3/pet (Caused by NewConnectionError(""HTTPConnection(host='localhost', port=80): Failed to establish a new connection: [Errno 111] Connection refused""))"
2026-09-24T22:54:31.873623,call_ep_put__pet_jchf_scn_scn_ep_put__pet_jchf_401,PUT,http://localhost/api/v1/mock/mock-swagger/api/v3/pet,0,2.51,"HTTPConnectionPool(host='localhost', port=80): Max retries exceeded with url: /api/v1/mock/mock-swagger/api/v3/pet (Caused by NewConnectionError(""HTTPConnection(host='localhost', port=80): Failed to establish a new connection: [Errno 111] Connection refused""))"
2026-09-24T22:54:31.874065,call_ep_put__pet_jchf_scn_scn_ep_put__pet_jchf_401,PUT,http://localhost/api/v1/mock/mock-swagger/api/v3/pet,0,1.86,"HTTPConnectionPool(host='localhost', port=80): Max retries exceeded with url: /api/v1/mock/mock-swagger/api/v3/pet (Caused by NewConnectionError(""HTTPConnection(host='localhost', port=80): Failed to establish a new connection: [Errno 111] Connection refused""))"
2026-09-24T22:54:31.908014,call_ep_put__pet_jchf_scn_scn_ep_put__pet_jchf_400,PUT,http://localhost/api/v1/mock/mock-swagger/api/v3/pet,0,8.81,"HTTPConnectionPool(host='localhost', port=80): Max retries exceeded with url: /api/v1/mock/mock-swagger/api/v3/pet (Caused by NewConnectionError(""HTTPConnection(host='localhost', port=80): Failed to establish a new connection: [Errno 111] Connection refused""))"
2026-09-24T22:54:31.908325,call_ep_put__pet_jchf_scn_scn_ep_put__pet_jchf_400,PUT,http://localhost/api/v1/mock/mock-swagger/api/v3/pet,0,10.82,"HTTPConnectionPool(host='localhost', port=80): Max retries exceeded with url: /api/v1/mock/mock-swagger/api/v3/pet (Caused by NewConnectionError(""HTTPConnection(host='localhost', port=80): Failed to establish a new connection: [Errno 111] Connection refused""))"
2026-09-24T22:54:31.908799,call_ep_put__pet_jchf_scn_scn_ep_put__pet_jchf_401,PUT,http://localhost/api/v1/mock/mock-swagger/api/v3/pet,0,8.25,"HTTPConnectionPool(host='localhost', port=80): Max retries exceeded with url: /api/v1/mock/mock-swagger/api/v3/pet (Caused by NewConnectionError(""HTTPConnection(host='localhost', port=80): Failed to establish a new connection: [Errno 111] Connection refused""))"
2026-09-24T22:54:31.909006,call_ep_put__pet_jchf_scn_scn_ep_put__pet_jchf_401,PUT,http://localhost/api/v1/mock/mock-swagger/api/v3/pet,0,7.3,"HTTPConnectionPool(host='localhost', port=80): Max retries exceeded with url: /api/v1/mock/mock-swagger/api/v3/pet (Caused by NewConnectionError(""HTTPConnection(host='localhost', port=80): Failed to establish a new connection: [Errno 111] Connection refused""))"
2026-09-24T22:54:31.909191,call_ep_put__pet_jchf_scn_scn_ep_put__pet_jchf_401,PUT,http://localhost/api/v1/mock/mock-swagger/api/v3/pet,0,11.01,"HTTPConnectionPool(host='localhost', port=80): Max retries exceeded with url: /api/v1/mock/mock-swagger/api/v3/pet (Caused by NewConnectionError(""HTTPConnection(host='localhost', port=80): Failed to establish a new connection: [Errno 111] Connection refused""))"
2026-09-24T22:54:31.909403,call_ep_put__pet_jchf_scn_scn_ep_put__pet_jchf_401,PUT,http://localhost/api/v1/mock/mock-swagger/api/v3/pet,0,5.31,"HTTPConnectionPool(host='localhost', port=80): Max retries exceeded with url: /api/v1/mock/mock-swagger/api/v3/pet (Caused by NewConnectionError(""HTTPConnection(host='localhost', port=80): Failed to establish a new connection: [Errno 111] Connection refused""))"
2026-09-24T22:54:31.909866,call_ep_put__pet_jchf_scn_scn_ep_put__pet_jchf_401,PUT,http://localhost/api/v1/mock/mock-swagger/api/v3/pet,0,6.79,"HTTPConnectionPool(host='localhost', port=80): Max retries exceeded with url: /api/v1/mock/mock-swagger/api/v3/pet (Caused by NewConnectionError(""HTTPConnection(host='localhost', port=80): Failed to establish a new connection: [Errno 111] Connection refused""))"
2026-09-24T22:54:31.910154,call_ep_put__pet_jchf_scn_scn_ep_put__pet_jchf_401,PUT,http://localhost/api/v1/mock/mock-swagger/api/v3/pet,0,4.43,"HTTPConnectionPool(host='localhost', port=80): Max retries exceeded with url: /api/v1/mock/mock-swagger/api/v3/pet (Caused by NewConnectionError(""HTTPConnection(host='localhost', port=80): Failed to establish a new connection: [Errno 111] Connection refused""))"
2026-09-24T22:54:31.976471,call_ep_put__pet_jchf_scn_scn_ep_put__pet_jchf_400,PUT,http://localhost/api/v1/mock/mock-swagger/api/v3/pet,0,2.66,"HTTPConnectionPool(host='localhost', port=80): Max retries exceeded with url: /api/v1/mock/mock-swagger/api/v3/pet (Caused by NewConnectionError(""HTTPConnection(host='localhost', port=80): Failed to establish a new connection: [Errno 111] Connection refused""))"
2026-09-24T22:54:31.976910,call_ep_put__pet_jchf_scn_scn_ep_put__pet_jchf_400,PUT,http://localhost/api/v1/mock/mock-swagger/api/v3/pet,0,1.9,"HTTPConnectionPool(host='localhost', port=80): Max retries exceeded with url: /api/v1/mock/mock-swagger/api/v3/pet (Caused by NewConnectionError(""HTTPConnection(host='localhost', port=80): Failed to establish a new connection: [Errno 111] Connection refused""))"
2026-09-24T22:54:32.018848,call_ep_put__pet_jchf_scn_scn_ep_put__pet_jchf_400,PUT,http://localhost/api/v1/mock/mock-swagger/api/v3/pet,0,7.5,"HTTPConnectionPool(host='localhost', port=80): Max retries exceeded with url: /api/v1/mock/mock-swagger/api/v3/pet (Caused by NewConnectionError(""HTTPConnection(host='localhost', port=80): Failed to establish a new connection: [Errno 111] Connection refused""))"
2026-09-24T22:54:32.019418,call_ep_put__pet_jchf_scn_scn_ep_put__pet_jchf_400,PUT,http://localhost/api/v1/mock/mock-swagger/api/v3/pet,0,6.54,"HTTPConnectionPool(host='localhost', port=80): Max retries exceeded with url: /api/v1/mock/mock-swagger/api/v3/pet (Caused by NewConnectionError(""HTTPConnection(host='localhost', port=80): Failed to establish a new connection: [Errno 111] Connection refused""))"
2026-09-24T22:54:32.020344,call_ep_put__pet_jchf_scn_scn_ep_put__pet_jchf_404,PUT,http://localhost/api/v1/mock/mock-swagger/api/v3/pet?error=404,0,12.16,"HTTPConnectionPool(host='localhost', port=80): Max retries exceeded with url: /api/v1/mock/mock-swagger/api/v3/pet?error=404 (Caused by NewConnectionError(""HTTPConnection(host='localhost', port=80): Failed to establish a new connection: [Errno 111] Connection refused""))"
2026-09-24T22:54:32.020686,call_ep_put__pet_jchf_scn_scn_ep_put__pet_jchf_400,PUT,http://localhost/api/v1/mock/mock-swagger/api/v3/pet,0,10.37,"HTTPConnectionPool(host='localhost', port=80): Max retries exceeded with url: /api/v1/mock/mock-swagger/api/v3/pet (Caused by NewConnectionError(""HTTPConnection(host='localhost', port=80): Failed to establish a new connection: [Errno 111] Connection refused""))"
2026-09-24T22:54:32.020973,call_ep_put__pet_jchf_scn_scn_ep_put__pet_jchf_400,PUT,http://localhost/api/v1/mock/mock-swagger/api/v3/pet,0,5.53,"HTTPConnectionPool(host='localhost', port=80): Max retries exceeded with url: /api/v1/mock/mock-swagger/api/v3/pet (Caused by NewConnectionError(""HTTPConnection(host='localhost', port=80): Failed to establish a new connection: [Errno 111] Connection refused""))"
2026-09-24T22:54:32.021213,call_ep_put__pet_jchf_scn_scn_ep_put__pet_jchf_400,PUT,http://localhost/api/v1/mock/mock-swagger/api/v3/pet,0,7.17,"HTTPConnectionPool(host='localhost', port=80): Max retries exceeded with url: /api/v1/mock/mock-swagger/api/v3/pet (Caused by NewConnectionError(""HTTPConnection(host='localhost', port=80): Failed to establish a new connection: [Errno 111] Connection refused""))"
2026-09-24T22:54:32.021502,call_ep_put__pet_jchf_scn_scn_ep_put__pet_jchf_404,PUT,http://localhost/api/v1/mock/mock-swagger/api/v3/pet?error=404,0,12.23,"HTTPConnectionPool(host='localhost', port=80): Max retries exceeded with url: /api/v1/mock/mock-swagger/api/v3/pet?error=404 (Caused by NewConnectionError(""HTTPConnection(host='localhost', port=80): Failed to establish a new connection: [Errno 111] Connection refused""))"
2026-09-24T22:54:32.021774,call_ep_put__pet_jchf_scn_scn_ep_put__pet_jchf_400,PUT,http://localhost/api/v1/mock/mock-swagger/api/v3/pet,0,4.96,"HTTPConnectionPool(host='localhost', port=80): Max retries exceeded with url: /api/v1/mock/mock-swagger/api/v3/pet (Caused by NewConnectionError(""HTTPConnection(host='localhost', port=80): Failed to establish a new connection: [Errno 111] Connection refused""))"
2026-09-24T22:54:32.078770,call_ep_put__pet_jchf_scn_scn_ep_put__pet_jchf_404,PUT,http://localhost/api/v1/mock/mock-swagger/api/v3/pet?error=404,0,2.15,"HTTPConnectionPool(host='localhost', port=80): Max retries exceeded with url: /api/v1/mock/mock-swagger/api/v3/pet?error=404 (Caused by NewConnectionError(""HTTPConnection(host='localhost', port=80): Failed to establish a new connection: [Errno 111] Connection refused""))"
2026-09-24T22:54:32.079127,call_ep_put__pet_jchf_scn_scn_ep_put__pet_jchf_404,PUT,http://localhost/api/v1/mock/mock-swagger/api/v3/pet?error=404,0,1.89,"HTTPConnectionPool(host='localhost', port=80): Max retries exceeded with url: /api/v1/mock/mock-swagger/api/v3/pet?error=404 (Caused by NewConnectionError(""HTTPConnection(host='localhost', port=80): Failed to establish a new connection: [Errno 111] Connection refused""))"
2026-09-24T22:54:32.129182,call_ep_put__pet_jchf_scn_scn_ep_put__pet_jchf_404,PUT,http://localhost/api/v1/mock/mock-swagger/api/v3/pet?error=404,0,9.06,"HTTPConnectionPool(host='localhost', port=80): Max retries exceeded with url: /api/v1/mock/mock-swagger/api/v3/pet?error=404 (Caused by NewConnectionError(""HTTPConnection(host='localhost', port=80): Failed to establish a new connection: [Errno 111] Connection refused""))"
2026-09-24T22:54:32.129520,call_ep_put__pet_jchf_scn_scn_ep_put__pet_jchf_404,PUT,http://localhost/api/v1/mock/mock-swagger/api/v3/pet?error=404,0,6.23,"HTTPConnectionPool(host='localhost', port=80): Max retries exceeded with url: /api/v1/mock/mock-swagger/api/v3/pet?error=404 (Caused by NewConnectionError(""HTTPConnection(host='localhost', port=80): Failed to establish a new connection: [Errno 111] Connection refused""))"
2026-09-24T22:54:32.129779,call_ep_put__pet_jchf_scn_scn_ep_put__pet_jchf_404,PUT,http://localhost/api/v1/mock/mock-swagger/api/v3/pet?error=404,0,5.36,"HTTPConnectionPool(host='localhost', port=80): Max retries exceeded with url: /api/v1/mock/mock-swagger/api/v3/pet?error=404 (Caused by NewConnectionError(""HTTPConnection(host='localhost', port=80): Failed to establish a new connection: [Errno 111] Connection refused""))"
2026-09-24T22:54:32.130155,call_ep_get__pet_findByStatus_t14w_base,GET,http://localhost/api/v1/mock/mock-swagger/api/v3/pet/findByStatus?status=1,0,8.97,"HTTPConnectionPool(host='localhost', port=80): Max retries exceeded with url: /api/v1/mock/mock-swagger/api/v3/pet/findByStatus?status=1 (Caused by NewConnectionError(""HTTPConnection(host='localhost', port=80): Failed to establish a new connection: [Errno 111] Connection refused""))"
2026-09-24T22:54:32.130366,call_ep_put__pet_jchf_scn_scn_ep_put__pet_jchf_404,PUT,http://localhost/api/v1/mock/mock-swagger/api/v3/pet?error=404,0,8.15,"HTTPConnectionPool(host='localhost', port=80): Max retries exceeded with url: /api/v1/mock/mock-swagger/api/v3/pet?error=404 (Caused by NewConnectionError(""HTTPConnection(host='localhost', port=80): Failed to establish a new connection: [Errno 111] Connection refused""))"
2026-09-24T22:54:32.130809,call_ep_put__pet_jchf_scn_scn_ep_put__pet_jchf_404,PUT,http://localhost/api/v1/mock/mock-swagger/api/v3/pet?error=404,0,4.29,"HTTPConnectionPool(host='localhost', port=80): Max retries exceeded with url: /api/v1/mock/mock-swagger/api/v3/pet?error=404 (Caused by NewConnectionError(""HTTPConnection(host='localhost', port=80): Failed to establish a new connection: [Errno 111] Connection refused""))"
2026-09-24T22:54:32.131076,call_ep_put__pet_jchf_scn_scn_ep_put__pet_jchf_404,PUT,http://localhost/api/v1/mock/mock-swagger/api/v3/pet?error=404,0,12.03,"HTTPConnectionPool(host='localhost', port=80): Max retries exceeded with url: /api/v1/mock/mock-swagger/api/v3/pet?error=404 (Caused by NewConnectionError(""HTTPConnection(host='localhost', port=80): Failed to establish a new connection: [Errno 111] Connection refused""))"
2026-09-24T22:54:32.131318,call_ep_get__pet_findByStatus_t14w_base,GET,http://localhost/api/v1/mock/mock-swagger/api/v3/pet/findByStatus?status=1,0,5.81,"HTTPConnectionPool(host='localhost', port=80): Max retries exceeded with url: /api/v1/mock/mock-swagger/api/v3/pet/findByStatus?status=1 (Caused by NewConnectionError(""HTTPConnection(host='localhost', port=80): Failed to establish a new connection: [Errno 111] Connection refused""))"
2026-09-24T22:54:32.182001,call_ep_get__pet_findByStatus_t14w_base,GET,http://localhost/api/v1/mock/mock-swagger/api/v3/pet/findByStatus?status=1,0,3.05,"HTTPConnectionPool(host='localhost', port=80): Max retries exceeded with url: /api/v1/mock/mock-swagger/api/v3/pet/findByStatus?status=1 (Caused by NewConnectionError(""HTTPConnection(host='localhost', port=80): Failed to establish a new connection: [Errno 111] Connection refused""))"
2026-09-24T22:54:32.182415,call_ep_get__pet_findByStatus_t14w_base,GET,http://localhost/api/v1/mock/mock-swagger/api/v3/pet/findByStatus?status=1,0,1.89,"HTTPConnectionPool(host='localhost', port=80): Max retries exceeded with url: /api/v1/mock/mock-swagger/api/v3/pet/findByStatus?status=1 (Caused by NewConnectionError(""HTTPConnection(host='localhost', port=80): Failed to establish a new connection: [Errno 111] Connection refused""))"
2026-09-24T22:54:32.240323,call_ep_get__pet_findByStatus_t14w_base,GET,http://localhost/api/v1/mock/mock-swagger/api/v3/pet/findByStatus?status=1,0,10.97,"HTTPConnectionPool(host='localhost', port=80): Max retries exceeded with url: /api/v1/mock/mock-swagger/api/v3/pet/findByStatus?status=1 (Caused by NewConnectionError(""HTTPConnection(host='localhost', port=80): Failed to establish a new connection: [Errno 111] Connection refused""))"
2026-09-24T22:54:32.240673,call_ep_get__pet_findByStatus_t14w_base,GET,http://localhost/api/v1/mock/mock-swagger/api/v3/pet/findByStatus?status=1,0,10.27,"HTTPConnectionPool(host='localhost', port=80): Max retries exceeded with url: /api/v1/mock/mock-swagger/api/v3/pet/findByStatus?status=1 (Caused by NewConnectionError(""HTTPConnection(host='localhost', port=80): Failed to establish a new connection: [Errno 111] Connection refused""))"
2026-09-24T22:54:32.242120,call_ep_get__pet_findByStatus_t14w_scn_scn_ep_get__pet_findByStatus_t14w_401,GET,http://localhost/api/v1/mock/mock-swagger/api/v3/pet/findByStatus?status=1,0,9.68,"HTTPConnectionPool(host='localhost', port=80): Max retries exceeded with url: /api/v1/mock/mock-swagger/api/v3/pet/findByStatus?status=1 (Caused by NewConnectionError(""HTTPConnection(host='localhost', port=80): Failed to establish a new connection: [Errno 111] Connection refused""))"
2026-09-24T22:54:32.242470,call_ep_get__pet_findByStatus_t14w_base,GET,http://localhost/api/v1/mock/mock-swagger/api/v3/pet/findByStatus?status=1,0,7.82,"HTTPConnectionPool(host='localhost', port=80): Max retries exceeded with url: /api/v1/mock/mock-swagger/api/v3/pet/findByStatus?status=1 (Caused by NewConnectionError(""HTTPConnection(host='localhost', port=80): Failed to establish a new connection: [Errno 111] Connection refused""))"
2026-09-24T22:54:32.242936,call_ep_get__pet_findByStatus_t14w_base,GET,http://localhost/api/v1/mock/mock-swagger/api/v3/pet/findByStatus?status=1,0,6.97,"HTTPConnectionPool(host='localhost', port=80): Max retries exceeded with url: /api/v1/mock/mock-swagger/api/v3/pet/findByStatus?status=1 (Caused by NewConnectionError(""HTTPConnection(host='localhost', port=80): Failed to establish a new connection: [Errno 111] Connection refused""))"
2026-09-24T22:54:32.243171,call_ep_get__pet_findByStatus_t14w_base,GET,http://localhost/api/v1/mock/mock-swagger/api/v3/pet/findByStatus?status=1,0,11.76,"HTTPConnectionPool(host='localhost', port=80): Max retries exceeded with url: /api/v1/mock/mock-swagger/api/v3/pet/findByStatus?status=1 (Caused by NewConnectionError(""HTTPConnection(host='localhost', port=80): Failed to establish a new connection: [Errno 111] Connection refused""))"
2026-09-24T22:54:32.243475,call_ep_get__pet_findByStatus_t14w_base,GET,http://localhost/api/v1/mock/mock-swagger/api/v3/pet/findByStatus?status=1,0,9.92,"HTTPConnectionPool(host='localhost', port=80): Max retries exceeded with url: /api/v1/mock/mock-swagger/api/v3/pet/findByStatus?status=1 (Caused by NewConnectionError(""HTTPConnection(host='localhost', port=80): Failed to establish a new connection: [Errno 111] Connection refused""))"
2026-09-24T22:54:32.243815,call_ep_get__pet_findByStatus_t14w_scn_scn_ep_get__pet_findByStatus_t14w_401,GET,http://localhost/api/v1/mock/mock-swagger/api/v3/pet/findByStatus?status=1,0,5.79,"HTTPConnectionPool(host='localhost', port=80): Max retries exceeded with url: /api/v1/mock/mock-swagger/api/v3/pet/findByStatus?status=1 (Caused by NewConnectionError(""HTTPConnection(host='localhost', port=80): Failed to establish a new connection: [Errno 111] Connection refused""))"
2026-09-24T22:54:32.284598,call_ep_get__pet_findByStatus_t14w_scn_scn_ep_get__pet_findByStatus_t14w_401,GET,http://localhost/api/v1/mock/mock-swagger/api/v3/pet/findByStatus?status=1,0,2.47,"HTTPConnectionPool(host='localhost', port=80): Max retries exceeded with url: /api/v1/mock/mock-swagger/api/v3/pet/findByStatus?status=1 (Caused by NewConnectionError(""HTTPConnection(host='localhost', port=80): Failed to establish a new connection: [Errno 111] Connection refused""))"
2026-09-24T22:54:32.284960,call_ep_get__pet_findByStatus_t14w_scn_scn_ep_get__pet_findByStatus_t14w_401,GET,http://localhost/api/v1/mock/mock-swagger/api/v3/pet/findByStatus?status=1,0,1.79,"HTTPConnectionPool(host='localhost', port=80): Max retries exceeded with url: /api/v1/mock/mock-swagger/api/v3/pet/findByStatus?status=1 (Caused by NewConnectionError(""HTTPConnection(host='localhost', port=80): Failed to establish a new connection: [Errno 111] Connection refused""))"
2026-09-24T22:54:32.350953,call_ep_get__pet_findByStatus_t14w_scn_scn_ep_get__pet_findByStatus_t14w_401,GET,http://localhost/api/v1/mock/mock-swagger/api/v3/pet/findByStatus?status=1,0,6.76,"HTTPConnectionPool(host='localhost', port=80): Max retries exceeded with url: /api/v1/mock/mock-swagger/api/v3/pet/findByStatus?status=1 (Caused by NewConnectionError(""HTTPConnection(host='localhost', port=80): Failed to establish a new connection: [Errno 111] Connection refused""))"
2026-09-24T22:54:32.351208,call_ep_get__pet_findByStatus_t14w_scn_scn_ep_get__pet_findByStatus_t14w_401,GET,http://localhost/api/v1/mock/mock-swagger/api/v3/pet/findByStatus?status=1,0,10.71,"HTTPConnectionPool(host='localhost', port=80): Max retries exceeded with url: /api/v1/mock/mock-swagger/api/v3/pet/findByStatus?status=1 (Caused by NewConnectionError(""HTTPConnection(host='localhost', port=80): Failed to establish a new connection: [Errno 111] Connection refused""))"
2026-09-24T22:54:32.351591,call_ep_get__pet_findByStatus_t14w_scn_scn_ep_get__pet_findByStatus_t14w_400,GET,http://localhost/api/v1/mock/mock-swagger/api/v3/pet/findByStatus?status=1,0,4.01,"HTTPConnectionPool(host='localhost', port=80): Max retries exceeded with url: /api/v1/mock/mock-swagger/api/v3/pet/findByStatus?status=1 (Caused by NewConnectionError(""HTTPConnection(host='localhost', port=80): Failed to establish a new connection: [Errno 111] Connection refused""))"
2026-09-24T22:54:32.352131,call_ep_get__pet_findByStatus_t14w_scn_scn_ep_get__pet_findByStatus_t14w_401,GET,http://localhost/api/v1/mock/mock-swagger/api/v3/pet/findByStatus?status=1,0,9.02,"HTTPConnectionPool(host='localhost', port=80): Max retries exceeded with url: /api/v1/mock/mock-swagger/api/v3/pet/findByStatus?status=1 (Caused by NewConnectionError(""HTTPConnection(host='localhost', port=80): Failed to establish a new connection: [Errno 111] Connection refused""))"
2026-09-24T22:54:32.352364,call_ep_get__pet_findByStatus_t14w_scn_scn_ep_get__pet_findByStatus_t14w_401,GET,http://localhost/api/v1/mock/mock-swagger/api/v3/pet/findByStatus?status=1,0,10.81,"HTTPConnectionPool(host='localhost', port=80): Max retries exceeded with url: /api/v1/mock/mock-swagger/api/v3/pet/findByStatus?status=1 (Caused by NewConnectionError(""HTTPConnection(host='localhost', port=80): Failed to establish a new connection: [Errno 111] Connection refused""))"
2026-09-24T22:54:32.352717,call_ep_get__pet_findByStatus_t14w_scn_scn_ep_get__pet_findByStatus_t14w_401,GET,http://localhost/api/v1/mock/mock-swagger/api/v3/pet/findByStatus?status=1,0,7.4,"HTTPConnectionPool(host='localhost', port=80): Max retries exceeded with url: /api/v1/mock/mock-swagger/api/v3/pet/findByStatus?status=1 (Caused by NewConnectionError(""HTTPConnection(host='localhost', port=80): Failed to establish a new connection: [Errno 111] Connection refused""))"
2026-09-24T22:54:32.352993,call_ep_get__pet_findByStatus_t14w_scn_scn_ep_get__pet_findByStatus_t14w_400,GET,http://localhost/api/v1/mock/mock-swagger/api/v3/pet/findByStatus?status=1,0,6.55,"HTTPConnectionPool(host='localhost', port=80): Max retries exceeded with url: /api/v1/mock/mock-swagger/api/v3/pet/findByStatus?status=1 (Caused by NewConnectionError(""HTTPConnection(host='localhost', port=80): Failed to establish a new connection: [Errno 111] Connection refused""))"
2026-09-24T22:54:32.353275,call_ep_get__pet_findByStatus_t14w_scn_scn_ep_get__pet_findByStatus_t14w_401,GET,http://localhost/api/v1/mock/mock-swagger/api/v3/pet/findByStatus?status=1,0,4.35,"HTTPConnectionPool(host='localhost', port=80): Max retries exceeded with url: /api/v1/mock/mock-swagger/api/v3/pet/findByStatus?status=1 (Caused by NewConnectionError(""HTTPConnection(host='localhost', port=80): Failed to establish a new connection: [Errno 111] Connection refused""))"
2026-09-24T22:54:32.387280,call_ep_get__pet_findByStatus_t14w_scn_scn_ep_get__pet_findByStatus_t14w_400,GET,http://localhost/api/v1/mock/mock-swagger/api/v3/pet/findByStatus?status=1,0,2.52,"HTTPConnectionPool(host='localhost', port=80): Max retries exceeded with url: /api/v1/mock/mock-swagger/api/v3/pet/findByStatus?status=1 (Caused by NewConnectionError(""HTTPConnection(host='localhost', port=80): Failed to establish a new connection: [Errno 111] Connection refused""))"
2026-09-24T22:54:32.387699,call_ep_get__pet_findByStatus_t14w_scn_scn_ep_get__pet_findByStatus_t14w_400,GET,http://localhost/api/v1/mock/mock-swagger/api/v3/pet/findByStatus?status=1,0,1.9,"HTTPConnectionPool(host='localhost', port=80): Max retries exceeded with url: /api/v1/mock/mock-swagger/api/v3/pet/findByStatus?status=1 (Caused by NewConnectionError(""HTTPConnection(host='localhost', port=80): Failed to establish a new connection: [Errno 111] Connection refused""))"
2026-09-24T22:54:32.461983,call_ep_get__pet_findByStatus_t14w_scn_scn_ep_get__pet_findByStatus_t14w_400,GET,http://localhost/api/v1/mock/mock-swagger/api/v3/pet/findByStatus?status=1,0,10.85,"HTTPConnectionPool(host='localhost', port=80): Max retries exceeded with url: /api/v1/mock/mock-swagger/api/v3/pet/findByStatus?status=1 (Caused by NewConnectionError(""HTTPConnection(host='localhost', port=80): Failed to establish a new connection: [Errno 111] Connection refused""))"
2026-09-24T22:54:32.462804,call_ep_get__pet_findByStatus_t14w_scn_scn_ep_get__pet_findByStatus_t14w_400,GET,http://localhost/api/v1/mock/mock-swagger/api/v3/pet/findByStatus?status=1,0,10.59,"HTTPConnectionPool(host='localhost', port=80): Max retries exceeded with url: /api/v1/mock/mock-swagger/api/v3/pet/findByStatus?status=1 (Caused by NewConnectionError(""HTTPConnection(host='localhost', port=80): Failed to establish a new connection: [Errno 111] Connection refused""))"
2026-09-24T22:54:32.463032,call_ep_get__pet_findByStatus_t14w_scn_scn_ep_get__pet_findByStatus_t14w_400,GET,http://localhost/api/v1/mock/mock-swagger/api/v3/pet/findByStatus?status=1,0,7.58,"HTTPConnectionPool(host='localhost', port=80): Max retries exceeded with url: /api/v1/mock/mock-swagger/api/v3/pet/findByStatus?status=1 (Caused by NewConnectionError(""HTTPConnection(host='localhost', port=80): Failed to establish a new connection: [Errno 111] Connection refused""))"
2026-09-24T22:54:32.463224,call_ep_get__pet_findByStatus_t14w_scn_scn_ep_get__pet_findByStatus_t14w_400,GET,http://localhost/api/v1/mock/mock-swagger/api/v3/pet/findByStatus?status=1,0,8.94,"HTTPConnectionPool(host='localhost', port=80): Max retries exceeded with url: /api/v1/mock/mock-swagger/api/v3/pet/findByStatus?status=1 (Caused by NewConnectionError(""HTTPConnection(host='localhost', port=80): Failed to establish a new connection: [Errno 111] Connection refused""))"
2026-09-24T22:54:32.463625,call_ep_get__pet_findByStatus_t14w_scn_scn_ep_get__pet_findByStatus_t14w_400,GET,http://localhost/api/v1/mock/mock-swagger/api/v3/pet/findByStatus?status=1,0,6.83,"HTTPConnectionPool(host='localhost', port=80): Max retries exceeded with url: /api/v1/mock/mock-swagger/api/v3/pet/findByStatus?status=1 (Caused by NewConnectionError(""HTTPConnection(host='localhost', port=80): Failed to establish a new connection: [Errno 111] Connection refused""))"
2026-09-24T22:54:32.463811,call_ep_get__pet_findByStatus_t14w_scn_scn_ep_get__pet_findByStatus_t14w_404,GET,http://localhost/api/v1/mock/mock-swagger/api/v3/pet/findByStatus?status=1&error=404,0,10.55,"HTTPConnectionPool(host='localhost', port=80): Max retries exceeded with url: /api/v1/mock/mock-swagger/api/v3/pet/findByStatus?status=1&error=404 (Caused by NewConnectionError(""HTTPConnection(host='localhost', port=80): Failed to establish a new connection: [Errno 111] Connection refused""))"
2026-09-24T22:54:32.464059,call_ep_get__pet_findByStatus_t14w_scn_scn_ep_get__pet_findByStatus_t14w_404,GET,http://localhost/api/v1/mock/mock-swagger/api/v3/pet/findByStatus?status=1&error=404,0,5.93,"HTTPConnectionPool(host='localhost', port=80): Max retries exceeded with url: /api/v1/mock/mock-swagger/api/v3/pet/findByStatus?status=1&error=404 (Caused by NewConnectionError(""HTTPConnection(host='localhost', port=80): Failed to establish a new connection: [Errno 111] Connection refused""))"
2026-09-24T22:54:32.464516,call_ep_get__pet_findByStatus_t14w_scn_scn_ep_get__pet_findByStatus_t14w_400,GET,http://localhost/api/v1/mock/mock-swagger/api/v3/pet/findByStatus?status=1,0,4.86,"HTTPConnectionPool(host='localhost', port=80): Max retries exceeded with url: /api/v1/mock/mock-swagger/api/v3/pet/findByStatus?status=1 (Caused by NewConnectionError(""HTTPConnection(host='localhost', port=80): Failed to establish a new connection: [Errno 111] Connection refused""))"
2026-09-24T22:54:32.489984,call_ep_get__pet_findByStatus_t14w_scn_scn_ep_get__pet_findByStatus_t14w_404,GET,http://localhost/api/v1/mock/mock-swagger/api/v3/pet/findByStatus?status=1&error=404,0,2.54,"HTTPConnectionPool(host='localhost', port=80): Max retries exceeded with url: /api/v1/mock/mock-swagger/api/v3/pet/findByStatus?status=1&error=404 (Caused by NewConnectionError(""HTTPConnection(host='localhost', port=80): Failed to establish a new connection: [Errno 111] Connection refused""))"
2026-09-24T22:54:32.490300,call_ep_get__pet_findByStatus_t14w_scn_scn_ep_get__pet_findByStatus_t14w_404,GET,http://localhost/api/v1/mock/mock-swagger/api/v3/pet/findByStatus?status=1&error=404,0,1.85,"HTTPConnectionPool(host='localhost', port=80): Max retries exceeded with url: /api/v1/mock/mock-swagger/api/v3/pet/findByStatus?status=1&error=404 (Caused by NewConnectionError(""HTTPConnection(host='localhost', port=80): Failed to establish a new connection: [Errno 111] Connection refused""))"
2026-09-24T22:54:32.571740,call_ep_get__pet_findByStatus_t14w_scn_scn_ep_get__pet_findByStatus_t14w_404,GET,http://localhost/api/v1/mock/mock-swagger/api/v3/pet/findByStatus?status=1&error=404,0,9.56,"HTTPConnectionPool(host='localhost', port=80): Max retries exceeded with url: /api/v1/mock/mock-swagger/api/v3/pet/findByStatus?status=1&error=404 (Caused by NewConnectionError(""HTTPConnection(host='localhost', port=80): Failed to establish a new connection: [Errno 111] Connection refused""))"
2026-09-24T22:54:32.572050,call_ep_get__pet_findByStatus_t14w_scn_scn_ep_get__pet_findByStatus_t14w_404,GET,http://localhost/api/v1/mock/mock-swagger/api/v3/pet/findByStatus?status=1&error=404,0,4.46,"HTTPConnectionPool(host='localhost', port=80): Max retries exceeded with url: /api/v1/mock/mock-swagger/api/v3/pet/findByStatus?status=1&error=404 (Caused by NewConnectionError(""HTTPConnection(host='localhost', port=80): Failed to establish a new connection: [Errno 111] Connection refused""))"
2026-09-24T22:54:32.572763,call_ep_get__pet_findByStatus_t14w_scn_scn_ep_get__pet_findByStatus_t14w_404,GET,http://localhost/api/v1/mock/mock-swagger/api/v3/pet/findByStatus?status=1&error=404,0,7.52,"HTTPConnectionPool(host='localhost', port=80): Max retries exceeded with url: /api/v1/mock/mock-swagger/api/v3/pet/findByStatus?status=1&error=404 (Caused by NewConnectionError(""HTTPConnection(host='localhost', port=80): Failed to establish a new connection: [Errno 111] Connection refused""))"
2026-09-24T22:54:32.573132,call_ep_get__pet_findByStatus_t14w_scn_scn_ep_get__pet_findByStatus_t14w_404,GET,http://localhost/api/v1/mock/mock-swagger/api/v3/pet/findByStatus?status=1&error=404,0,6.74,"HTTPConnectionPool(host='localhost', port=80): Max retries exceeded with url: /api/v1/mock/mock-swagger/api/v3/pet/findByStatus?status=1&error=404 (Caused by NewConnectionError(""HTTPConnection(host='localhost', port=80): Failed to establish a new connection: [Errno 111] Connection refused""))"
2026-09-24T22:54:32.573990,call_ep_get__pet_findByTags_eg92_base,GET,http://localhost/api/v1/mock/mock-swagger/api/v3/pet/findByTags?tags=1,0,4.18,"HTTPConnectionPool(host='localhost', port=80): Max retries exceeded with url: /api/v1/mock/mock-swagger/api/v3/pet/findByTags?tags=1 (Caused by NewConnectionError(""HTTPConnection(host='localhost', port=80): Failed to establish a new connection: [Errno 111] Connection refused""))"
2026-09-24T22:54:32.574264,call_ep_get__pet_findByStatus_t14w_scn_scn_ep_get__pet_findByStatus_t14w_404,GET,http://localhost/api/v1/mock/mock-swagger/api/v3/pet/findByStatus?status=1&error=404,0,10.04,"HTTPConnectionPool(host='localhost', port=80): Max retries exceeded with url: /api/v1/mock/mock-swagger/api/v3/pet/findByStatus?status=1&error=404 (Caused by NewConnectionError(""HTTPConnection(host='localhost', port=80): Failed to establish a new connection: [Errno 111] Connection refused""))"
2026-09-24T22:54:32.574548,call_ep_get__pet_findByStatus_t14w_scn_scn_ep_get__pet_findByStatus_t14w_404,GET,http://localhost/api/v1/mock/mock-swagger/api/v3/pet/findByStatus?status=1&error=404,0,11.34,"HTTPConnectionPool(host='localhost', port=80): Max retries exceeded with url: /api/v1/mock/mock-swagger/api/v3/pet/findByStatus?status=1&error=404 (Caused by NewConnectionError(""HTTPConnection(host='localhost', port=80): Failed to establish a new connection: [Errno 111] Connection refused""))"
2026-09-24T22:54:32.574911,call_ep_get__pet_findByTags_eg92_base,GET,http://localhost/api/v1/mock/mock-swagger/api/v3/pet/findByTags?tags=1,0,6.18,"HTTPConnectionPool(host='localhost', port=80): Max retries exceeded with url: /api/v1/mock/mock-swagger/api/v3/pet/findByTags?tags=1 (Caused by NewConnectionError(""HTTPConnection(host='localhost', port=80): Failed to establish a new connection: [Errno 111] Connection refused""))"
2026-09-24T22:54:32.592576,call_ep_get__pet_findByTags_eg92_base,GET,http://localhost/api/v1/mock/mock-swagger/api/v3/pet/findByTags?tags=1,0,2.46,"HTTPConnectionPool(host='localhost', port=80): Max retries exceeded with url: /api/v1/mock/mock-swagger/api/v3/pet/findByTags?tags=1 (Caused by NewConnectionError(""HTTPConnection(host='localhost', port=80): Failed to establish a new connection: [Errno 111] Connection refused""))"
2026-09-24T22:54:32.592932,call_ep_get__pet_findByTags_eg92_base,GET,http://localhost/api/v1/mock/mock-swagger/api/v3/pet/findByTags?tags=1,0,1.83,"HTTPConnectionPool(host='localhost', port=80): Max retries exceeded with url: /api/v1/mock/mock-swagger/api/v3/pet/findByTags?tags=1 (Caused by NewConnectionError(""HTTPConnection(host='localhost', port=80): Failed to establish a new connection: [Errno 111] Connection refused""))"
2026-09-24T22:54:32.681713,call_ep_get__pet_findByTags_eg92_base,GET,http://localhost/api/v1/mock/mock-swagger/api/v3/pet/findByTags?tags=1,0,6.56,"HTTPConnectionPool(host='localhost', port=80): Max retries exceeded with url: /api/v1/mock/mock-swagger/api/v3/pet/findByTags?tags=1 (Caused by NewConnectionError(""HTTPConnection(host='localhost', port=80): Failed to establish a new connection: [Errno 111] Connection refused""))"
2026-09-24T22:54:32.682082,call_ep_get__pet_findByTags_eg92_base,GET,http://localhost/api/v1/mock/mock-swagger/api/v3/pet/findByTags?tags=1,0,5.92,"HTTPConnectionPool(host='localhost', port=80): Max retries exceeded with url: /api/v1/mock/mock-swagger/api/v3/pet/findByTags?tags=1 (Caused by NewConnectionError(""HTTPConnection(host='localhost', port=80): Failed to establish a new connection: [Errno 111] Connection refused""))"
2026-09-24T22:54:32.682546,call_ep_get__pet_findByTags_eg92_base,GET,http://localhost/api/v1/mock/mock-swagger/api/v3/pet/findByTags?tags=1,0,10.61,"HTTPConnectionPool(host='localhost', port=80): Max retries exceeded with url: /api/v1/mock/mock-swagger/api/v3/pet/findByTags?tags=1 (Caused by NewConnectionError(""HTTPConnection(host='localhost', port=80): Failed to establish a new connection: [Errno 111] Connection refused""))"
2026-09-24T22:54:32.682738,call_ep_get__pet_findByTags_eg92_scn_scn_ep_get__pet_findByTags_eg92_401,GET,http://localhost/api/v1/mock/mock-swagger/api/v3/pet/findByTags?tags=1,0,3.48,"HTTPConnectionPool(host='localhost', port=80): Max retries exceeded with url: /api/v1/mock/mock-swagger/api/v3/pet/findByTags?tags=1 (Caused by NewConnectionError(""HTTPConnection(host='localhost', port=80): Failed to establish a new connection: [Errno 111] Connection refused""))"
2026-09-24T22:54:32.682974,call_ep_get__pet_findByTags_eg92_base,GET,http://localhost/api/v1/mock/mock-swagger/api/v3/pet/findByTags?tags=1,0,9.05,"HTTPConnectionPool(host='localhost', port=80): Max retries exceeded with url: /api/v1/mock/mock-swagger/api/v3/pet/findByTags?tags=1 (Caused by NewConnectionError(""HTTPConnection(host='localhost', port=80): Failed to establish a new connection: [Errno 111] Connection refused""))"
2026-09-24T22:54:32.683159,call_ep_get__pet_findByTags_eg92_base,GET,http://localhost/api/v1/mock/mock-swagger/api/v3/pet/findByTags?tags=1,0,5.98,"HTTPConnectionPool(host='localhost', port=80): Max retries exceeded with url: /api/v1/mock/mock-swagger/api/v3/pet/findByTags?tags=1 (Caused by NewConnectionError(""HTTPConnection(host='localhost', port=80): Failed to establish a new connection: [Errno 111] Connection refused""))"
2026-09-24T22:54:32.683386,call_ep_get__pet_findByTags_eg92_base,GET,http://localhost/api/v1/mock/mock-swagger/api/v3/pet/findByTags?tags=1,0,10.45,"HTTPConnectionPool(host='localhost', port=80): Max retries exceeded with url: /api/v1/mock/mock-swagger/api/v3/pet/findByTags?tags=1 (Caused by NewConnectionError(""HTTPConnection(host='localhost', port=80): Failed to establish a new connection: [Errno 111] Connection refused""))"
2026-09-24T22:54:32.683853,call_ep_get__pet_findByTags_eg92_scn_scn_ep_get__pet_findByTags_eg92_401,GET,http://localhost/api/v1/mock/mock-swagger/api/v3/pet/findByTags?tags=1,0,5.66,"HTTPConnectionPool(host='localhost', port=80): Max retries exceeded with url: /api/v1/mock/mock-swagger/api/v3/pet/findByTags?tags=1 (Caused by NewConnectionError(""HTTPConnection(host='localhost', port=80): Failed to establish a new connection: [Errno 111] Connection refused""))"
2026-09-24T22:54:32.695753,call_ep_get__pet_findByTags_eg92_scn_scn_ep_get__pet_findByTags_eg92_401,GET,http://localhost/api/v1/mock/mock-swagger/api/v3/pet/findByTags?tags=1,0,2.57,"HTTPConnectionPool(host='localhost', port=80): Max retries exceeded with url: /api/v1/mock/mock-swagger/api/v3/pet/findByTags?tags=1 (Caused by NewConnectionError(""HTTPConnection(host='localhost', port=80): Failed to establish a new connection: [Errno 111] Connection refused""))"
2026-09-24T22:54:32.696150,call_ep_get__pet_findByTags_eg92_scn_scn_ep_get__pet_findByTags_eg92_401,GET,http://localhost/api/v1/mock/mock-swagger/api/v3/pet/findByTags?tags=1,0,2.34,"HTTPConnectionPool(host='localhost', port=80): Max retries exceeded with url: /api/v1/mock/mock-swagger/api/v3/pet/findByTags?tags=1 (Caused by NewConnectionError(""HTTPConnection(host='localhost', port=80): Failed to establish a new connection: [Errno 111] Connection refused""))"
2026-09-24T22:54:32.791626,call_ep_get__pet_findByTags_eg92_scn_scn_ep_get__pet_findByTags_eg92_401,GET,http://localhost/api/v1/mock/mock-swagger/api/v3/pet/findByTags?tags=1,0,9.7,"HTTPConnectionPool(host='localhost', port=80): Max retries exceeded with url: /api/v1/mock/mock-swagger/api/v3/pet/findByTags?tags=1 (Caused by NewConnectionError(""HTTPConnection(host='localhost', port=80): Failed to establish a new connection: [Errno 111] Connection refused""))"
2026-09-24T22:54:32.792183,call_ep_get__pet_findByTags_eg92_scn_scn_ep_get__pet_findByTags_eg92_401,GET,http://localhost/api/v1/mock/mock-swagger/api/v3/pet/findByTags?tags=1,0,6.04,"HTTPConnectionPool(host='localhost', port=80): Max retries exceeded with url: /api/v1/mock/mock-swagger/api/v3/pet/findByTags?tags=1 (Caused by NewConnectionError(""HTTPConnection(host='localhost', port=80): Failed to establish a new connection: [Errno 111] Connection refused""))"
2026-09-24T22:54:32.792709,call_ep_get__pet_findByTags_eg92_scn_scn_ep_get__pet_findByTags_eg92_400,GET,http://localhost/api/v1/mock/mock-swagger/api/v3/pet/findByTags?tags=1,0,8.65,"HTTPConnectionPool(host='localhost', port=80): Max retries exceeded with url: /api/v1/mock/mock-swagger/api/v3/pet/findByTags?tags=1 (Caused by NewConnectionError(""HTTPConnection(host='localhost', port=80): Failed to establish a new connection: [Errno 111] Connection refused""))"
2026-09-24T22:54:32.792915,call_ep_get__pet_findByTags_eg92_scn_scn_ep_get__pet_findByTags_eg92_401,GET,http://localhost/api/v1/mock/mock-swagger/api/v3/pet/findByTags?tags=1,0,4.55,"HTTPConnectionPool(host='localhost', port=80): Max retries exceeded with url: /api/v1/mock/mock-swagger/api/v3/pet/findByTags?tags=1 (Caused by NewConnectionError(""HTTPConnection(host='localhost', port=80): Failed to establish a new connection: [Errno 111] Connection refused""))"
2026-09-24T22:54:32.793358,call_ep_get__pet_findByTags_eg92_scn_scn_ep_get__pet_findByTags_eg92_401,GET,http://localhost/api/v1/mock/mock-swagger/api/v3/pet/findByTags?tags=1,0,4.01,"HTTPConnectionPool(host='localhost', port=80): Max retries exceeded with url: /api/v1/mock/mock-swagger/api/v3/pet/findByTags?tags=1 (Caused by NewConnectionError(""HTTPConnection(host='localhost', port=80): Failed to establish a new connection: [Errno 111] Connection refused""))"
2026-09-24T22:54:32.793640,call_ep_get__pet_findByTags_eg92_scn_scn_ep_get__pet_findByTags_eg92_400,GET,http://localhost/api/v1/mock/mock-swagger/api/v3/pet/findByTags?tags=1,0,8.53,"HTTPConnectionPool(host='localhost', port=80): Max retries exceeded with url: /api/v1/mock/mock-swagger/api/v3/pet/findByTags?tags=1 (Caused by NewConnectionError(""HTTPConnection(host='localhost', port=80): Failed to establish a new connection: [Errno 111] Connection refused""))"
2026-09-24T22:54:32.794029,call_ep_get__pet_findByTags_eg92_scn_scn_ep_get__pet_findByTags_eg92_401,GET,http://localhost/api/v1/mock/mock-swagger/api/v3/pet/findByTags?tags=1,0,10.97,"HTTPConnectionPool(host='localhost', port=80): Max retries exceeded with url: /api/v1/mock/mock-swagger/api/v3/pet/findByTags?tags=1 (Caused by NewConnectionError(""HTTPConnection(host='localhost', port=80): Failed to establish a new connection: [Errno 111] Connection refused""))"
2026-09-24T22:54:32.794386,call_ep_get__pet_findByTags_eg92_scn_scn_ep_get__pet_findByTags_eg92_401,GET,http://localhost/api/v1/mock/mock-swagger/api/v3/pet/findByTags?tags=1,0,7.16,"HTTPConnectionPool(host='localhost', port=80): Max retries exceeded with url: /api/v1/mock/mock-swagger/api/v3/pet/findByTags?tags=1 (Caused by NewConnectionError(""HTTPConnection(host='localhost', port=80): Failed to establish a new connection: [Errno 111] Connection refused""))"
2026-09-24T22:54:32.798480,call_ep_get__pet_findByTags_eg92_scn_scn_ep_get__pet_findByTags_eg92_400,GET,http://localhost/api/v1/mock/mock-swagger/api/v3/pet/findByTags?tags=1,0,2.54,"HTTPConnectionPool(host='localhost', port=80): Max retries exceeded with url: /api/v1/mock/mock-swagger/api/v3/pet/findByTags?tags=1 (Caused by NewConnectionError(""HTTPConnection(host='localhost', port=80): Failed to establish a new connection: [Errno 111] Connection refused""))"
2026-09-24T22:54:32.798947,call_ep_get__pet_findByTags_eg92_scn_scn_ep_get__pet_findByTags_eg92_400,GET,http://localhost/api/v1/mock/mock-swagger/api/v3/pet/findByTags?tags=1,0,1.97,"HTTPConnectionPool(host='localhost', port=80): Max retries exceeded with url: /api/v1/mock/mock-swagger/api/v3/pet/findByTags?tags=1 (Caused by NewConnectionError(""HTTPConnection(host='localhost', port=80): Failed to establish a new connection: [Errno 111] Connection refused""))"
2026-09-24T22:54:32.904997,call_ep_get__pet_findByTags_eg92_scn_scn_ep_get__pet_findByTags_eg92_404,GET,http://localhost/api/v1/mock/mock-swagger/api/v3/pet/findByTags?tags=1&error=404,0,10.86,"HTTPConnectionPool(host='localhost', port=80): Max retries exceeded with url: /api/v1/mock/mock-swagger/api/v3/pet/findByTags?tags=1&error=404 (Caused by NewConnectionError(""HTTPConnection(host='localhost', port=80): Failed to establish a new connection: [Errno 111] Connection refused""))"
2026-09-24T22:54:32.905282,call_ep_get__pet_findByTags_eg92_scn_scn_ep_get__pet_findByTags_eg92_400,GET,http://localhost/api/v1/mock/mock-swagger/api/v3/pet/findByTags?tags=1,0,12.19,"HTTPConnectionPool(host='localhost', port=80): Max retries exceeded with url: /api/v1/mock/mock-swagger/api/v3/pet/findByTags?tags=1 (Caused by NewConnectionError(""HTTPConnection(host='localhost', port=80): Failed to establish a new connection: [Errno 111] Connection refused""))"
2026-09-24T22:54:32.905798,call_ep_get__pet_findByTags_eg92_scn_scn_ep_get__pet_findByTags_eg92_400,GET,http://localhost/api/v1/mock/mock-swagger/api/v3/pet/findByTags?tags=1,0,9.56,"HTTPConnectionPool(host='localhost', port=80): Max retries exceeded with url: /api/v1/mock/mock-swagger/api/v3/pet/findByTags?tags=1 (Caused by NewConnectionError(""HTTPConnection(host='localhost', port=80): Failed to establish a new connection: [Errno 111] Connection refused""))"
2026-09-24T22:54:32.906214,call_ep_get__pet_findByTags_eg92_scn_scn_ep_get__pet_findByTags_eg92_400,GET,http://localhost/api/v1/mock/mock-swagger/api/v3/pet/findByTags?tags=1,0,11.1,"HTTPConnectionPool(host='localhost', port=80): Max retries exceeded with url: /api/v1/mock/mock-swagger/api/v3/pet/findByTags?tags=1 (Caused by NewConnectionError(""HTTPConnection(host='localhost', port=80): Failed to establish a new connection: [Errno 111] Connection refused""))"
2026-09-24T22:54:32.906537,call_ep_get__pet_findByTags_eg92_scn_scn_ep_get__pet_findByTags_eg92_400,GET,http://localhost/api/v1/mock/mock-swagger/api/v3/pet/findByTags?tags=1,0,14.71,"HTTPConnectionPool(host='localhost', port=80): Max retries exceeded with url: /api/v1/mock/mock-swagger/api/v3/pet/findByTags?tags=1 (Caused by NewConnectionError(""HTTPConnection(host='localhost', port=80): Failed to establish a new connection: [Errno 111] Connection refused""))"
2026-09-24T22:54:32.906955,call_ep_get__pet_findByTags_eg92_scn_scn_ep_get__pet_findByTags_eg92_404,GET,http://localhost/api/v1/mock/mock-swagger/api/v3/pet/findByTags?tags=1&error=404,0,5.27,"HTTPConnectionPool(host='localhost', port=80): Max retries exceeded with url: /api/v1/mock/mock-swagger/api/v3/pet/findByTags?tags=1&error=404 (Caused by NewConnectionError(""HTTPConnection(host='localhost', port=80): Failed to establish a new connection: [Errno 111] Connection refused""))"
2026-09-24T22:54:32.907431,call_ep_get__pet_findByTags_eg92_scn_scn_ep_get__pet_findByTags_eg92_400,GET,http://localhost/api/v1/mock/mock-swagger/api/v3/pet/findByTags?tags=1,0,8.06,"HTTPConnectionPool(host='localhost', port=80): Max retries exceeded with url: /api/v1/mock/mock-swagger/api/v3/pet/findByTags?tags=1 (Caused by NewConnectionError(""HTTPConnection(host='localhost', port=80): Failed to establish a new connection: [Errno 111] Connection refused""))"
2026-09-24T22:54:32.907619,call_ep_get__pet_findByTags_eg92_scn_scn_ep_get__pet_findByTags_eg92_400,GET,http://localhost/api/v1/mock/mock-swagger/api/v3/pet/findByTags?tags=1,0,9.98,"HTTPConnectionPool(host='localhost', port=80): Max retries exceeded with url: /api/v1/mock/mock-swagger/api/v3/pet/findByTags?tags=1 (Caused by NewConnectionError(""HTTPConnection(host='localhost', port=80): Failed to establish a new connection: [Errno 111] Connection refused""))"
2026-09-24T22:54:32.908082,call_ep_get__pet_findByTags_eg92_scn_scn_ep_get__pet_findByTags_eg92_404,GET,http://localhost/api/v1/mock/mock-swagger/api/v3/pet/findByTags?tags=1&error=404,0,7.52,"HTTPConnectionPool(host='localhost', port=80): Max retries exceeded with url: /api/v1/mock/mock-swagger/api/v3/pet/findByTags?tags=1&error=404 (Caused by NewConnectionError(""HTTPConnection(host='localhost', port=80): Failed to establish a new connection: [Errno 111] Connection refused""))"
2026-09-24T22:54:32.908366,call_ep_get__pet_findByTags_eg92_scn_scn_ep_get__pet_findByTags_eg92_404,GET,http://localhost/api/v1/mock/mock-swagger/api/v3/pet/findByTags?tags=1&error=404,0,5.35,"HTTPConnectionPool(host='localhost', port=80): Max retries exceeded with url: /api/v1/mock/mock-swagger/api/v3/pet/findByTags?tags=1&error=404 (Caused by NewConnectionError(""HTTPConnection(host='localhost', port=80): Failed to establish a new connection: [Errno 111] Connection refused""))"
2026-09-24T22:54:33.018244,call_ep_get__pet__petId__mpbf_base,GET,http://localhost/api/v1/mock/mock-swagger/api/v3/pet/{petId},0,4.57,"HTTPConnectionPool(host='localhost', port=80): Max retries exceeded with url: /api/v1/mock/mock-swagger/api/v3/pet/%7BpetId%7D (Caused by NewConnectionError(""HTTPConnection(host='localhost', port=80): Failed to establish a new connection: [Errno 111] Connection refused""))"
2026-09-24T22:54:33.018574,call_ep_get__pet__petId__mpbf_base,GET,http://localhost/api/v1/mock/mock-swagger/api/v3/pet/{petId},0,5.91,"HTTPConnectionPool(host='localhost', port=80): Max retries exceeded with url: /api/v1/mock/mock-swagger/api/v3/pet/%7BpetId%7D (Caused by NewConnectionError(""HTTPConnection(host='localhost', port=80): Failed to establish a new connection: [Errno 111] Connection refused""))"
2026-09-24T22:54:33.018921,call_ep_get__pet_findByTags_eg92_scn_scn_ep_get__pet_findByTags_eg92_404,GET,http://localhost/api/v1/mock/mock-swagger/api/v3/pet/findByTags?tags=1&error=404,0,7.25,"HTTPConnectionPool(host='localhost', port=80): Max retries exceeded with url: /api/v1/mock/mock-swagger/api/v3/pet/findByTags?tags=1&error=404 (Caused by NewConnectionError(""HTTPConnection(host='localhost', port=80): Failed to establish a new connection: [Errno 111] Connection refused""))"
2026-09-24T22:54:33.019475,call_ep_get__pet__petId__mpbf_base,GET,http://localhost/api/v1/mock/mock-swagger/api/v3/pet/{petId},0,14.28,"HTTPConnectionPool(host='localhost', port=80): Max retries exceeded with url: /api/v1/mock/mock-swagger/api/v3/pet/%7BpetId%7D (Caused by NewConnectionError(""HTTPConnection(host='localhost', port=80): Failed to establish a new connection: [Errno 111] Connection refused""))"
2026-09-24T22:54:33.019728,call_ep_get__pet__petId__mpbf_base,GET,http://localhost/api/v1/mock/mock-swagger/api/v3/pet/{petId},0,9.09,"HTTPConnectionPool(host='localhost', port=80): Max retries exceeded with url: /api/v1/mock/mock-swagger/api/v3/pet/%7BpetId%7D (Caused by NewConnectionError(""HTTPConnection(host='localhost', port=80): Failed to establish a new connection: [Errno 111] Connection refused""))"
2026-09-24T22:54:33.019949,call_ep_get__pet_findByTags_eg92_scn_scn_ep_get__pet_findByTags_eg92_404,GET,http://localhost/api/v1/mock/mock-swagger/api/v3/pet/findByTags?tags=1&error=404,0,4.46,"HTTPConnectionPool(host='localhost', port=80): Max retries exceeded with url: /api/v1/mock/mock-swagger/api/v3/pet/findByTags?tags=1&error=404 (Caused by NewConnectionError(""HTTPConnection(host='localhost', port=80): Failed to establish a new connection: [Errno 111] Connection refused""))"
2026-09-24T22:54:33.020281,call_ep_get__pet_findByTags_eg92_scn_scn_ep_get__pet_findByTags_eg92_404,GET,http://localhost/api/v1/mock/mock-swagger/api/v3/pet/findByTags?tags=1&error=404,0,10.75,"HTTPConnectionPool(host='localhost', port=80): Max retries exceeded with url: /api/v1/mock/mock-swagger/api/v3/pet/findByTags?tags=1&error=404 (Caused by NewConnectionError(""HTTPConnection(host='localhost', port=80): Failed to establish a new connection: [Errno 111] Connection refused""))"
2026-09-24T22:54:33.020531,call_ep_get__pet_findByTags_eg92_scn_scn_ep_get__pet_findByTags_eg92_404,GET,http://localhost/api/v1/mock/mock-swagger/api/v3/pet/findByTags?tags=1&error=404,0,14.03,"HTTPConnectionPool(host='localhost', port=80): Max retries exceeded with url: /api/v1/mock/mock-swagger/api/v3/pet/findByTags?tags=1&error=404 (Caused by NewConnectionError(""HTTPConnection(host='localhost', port=80): Failed to establish a new connection: [Errno 111] Connection refused""))"
2026-09-24T22:54:33.020935,call_ep_get__pet_findByTags_eg92_scn_scn_ep_get__pet_findByTags_eg92_404,GET,http://localhost/api/v1/mock/mock-swagger/api/v3/pet/findByTags?tags=1&error=404,0,13.43,"HTTPConnectionPool(host='localhost', port=80): Max retries exceeded with url: /api/v1/mock/mock-swagger/api/v3/pet/findByTags?tags=1&error=404 (Caused by NewConnectionError(""HTTPConnection(host='localhost', port=80): Failed to establish a new connection: [Errno 111] Connection refused""))"
2026-09-24T22:54:33.021160,call_ep_get__pet_findByTags_eg92_scn_scn_ep_get__pet_findByTags_eg92_404,GET,http://localhost/api/v1/mock/mock-swagger/api/v3/pet/findByTags?tags=1&error=404,0,12.64,"HTTPConnectionPool(host='localhost', port=80): Max retries exceeded with url: /api/v1/mock/mock-swagger/api/v3/pet/findByTags?tags=1&error=404 (Caused by NewConnectionError(""HTTPConnection(host='localhost', port=80): Failed to establish a new connection: [Errno 111] Connection refused""))"
2026-09-24T22:54:33.131716,call_ep_get__pet__petId__mpbf_scn_scn_ep_get__pet__petId__mpbf_401,GET,http://localhost/api/v1/mock/mock-swagger/api/v3/pet/{petId},0,9.59,"HTTPConnectionPool(host='localhost', port=80): Max retries exceeded with url: /api/v1/mock/mock-swagger/api/v3/pet/%7BpetId%7D (Caused by NewConnectionError(""HTTPConnection(host='localhost', port=80): Failed to establish a new connection: [Errno 111] Connection refused""))"
2026-09-24T22:54:33.132183,call_ep_get__pet__petId__mpbf_scn_scn_ep_get__pet__petId__mpbf_401,GET,http://localhost/api/v1/mock/mock-swagger/api/v3/pet/{petId},0,13.75,"HTTPConnectionPool(host='localhost', port=80): Max retries exceeded with url: /api/v1/mock/mock-swagger/api/v3/pet/%7BpetId%7D (Caused by NewConnectionError(""HTTPConnection(host='localhost', port=80): Failed to establish a new connection: [Errno 111] Connection refused""))"
2026-09-24T22:54:33.136424,call_ep_get__pet__petId__mpbf_scn_scn_ep_get__pet__petId__mpbf_401,GET,http://localhost/api/v1/mock/mock-swagger/api/v3/pet/{petId},0,16.83,"HTTPConnectionPool(host='localhost', port=80): Max retries exceeded with url: /api/v1/mock/mock-swagger/api/v3/pet/%7BpetId%7D (Caused by NewConnectionError(""HTTPConnection(host='localhost', port=80): Failed to establish a new connection: [Errno 111] Connection refused""))"
2026-09-24T22:54:33.137197,call_ep_get__pet__petId__mpbf_base,GET,http://localhost/api/v1/mock/mock-swagger/api/v3/pet/{petId},0,12.86,"HTTPConnectionPool(host='localhost', port=80): Max retries exceeded with url: /api/v1/mock/mock-swagger/api/v3/pet/%7BpetId%7D (Caused by NewConnectionError(""HTTPConnection(host='localhost', port=80): Failed to establish a new connection: [Errno 111] Connection refused""))"
2026-09-24T22:54:33.137577,call_ep_get__pet__petId__mpbf_base,GET,http://localhost/api/v1/mock/mock-swagger/api/v3/pet/{petId},0,14.29,"HTTPConnectionPool(host='localhost', port=80): Max retries exceeded with url: /api/v1/mock/mock-swagger/api/v3/pet/%7BpetId%7D (Caused by NewConnectionError(""HTTPConnection(host='localhost', port=80): Failed to establish a new connection: [Errno 111] Connection refused""))"
2026-09-24T22:54:33.138016,call_ep_get__pet__petId__mpbf_base,GET,http://localhost/api/v1/mock/mock-swagger/api/v3/pet/{petId},0,10.05,"HTTPConnectionPool(host='localhost', port=80): Max retries exceeded with url: /api/v1/mock/mock-swagger/api/v3/pet/%7BpetId%7D (Caused by NewConnectionError(""HTTPConnection(host='localhost', port=80): Failed to establish a new connection: [Errno 111] Connection refused""))"
2026-09-24T22:54:33.138313,call_ep_get__pet__petId__mpbf_base,GET,http://localhost/api/v1/mock/mock-swagger/api/v3/pet/{petId},0,12.89,"HTTPConnectionPool(host='localhost', port=80): Max retries exceeded with url: /api/v1/mock/mock-swagger/api/v3/pet/%7BpetId%7D (Caused by NewConnectionError(""HTTPConnection(host='localhost', port=80): Failed to establish a new connection: [Errno 111] Connection refused""))"
2026-09-24T22:54:33.138700,call_ep_get__pet__petId__mpbf_scn_scn_ep_get__pet__petId__mpbf_401,GET,http://localhost/api/v1/mock/mock-swagger/api/v3/pet/{petId},0,9.21,"HTTPConnectionPool(host='localhost', port=80): Max retries exceeded with url: /api/v1/mock/mock-swagger/api/v3/pet/%7BpetId%7D (Caused by NewConnectionError(""HTTPConnection(host='localhost', port=80): Failed to establish a new connection: [Errno 111] Connection refused""))"
2026-09-24T22:54:33.138913,call_ep_get__pet__petId__mpbf_base,GET,http://localhost/api/v1/mock/mock-swagger/api/v3/pet/{petId},0,12.11,"HTTPConnectionPool(host='localhost', port=80): Max retries exceeded with url: /api/v1/mock/mock-swagger/api/v3/pet/%7BpetId%7D (Caused by NewConnectionError(""HTTPConnection(host='localhost', port=80): Failed to establish a new connection: [Errno 111] Connection refused""))"
2026-09-24T22:54:33.139105,call_ep_get__pet__petId__mpbf_base,GET,http://localhost/api/v1/mock/mock-swagger/api/v3/pet/{petId},0,17.99,"HTTPConnectionPool(host='localhost', port=80): Max retries exceeded with url: /api/v1/mock/mock-swagger/api/v3/pet/%7BpetId%7D (Caused by NewConnectionError(""HTTPConnection(host='localhost', port=80): Failed to establish a new connection: [Errno 111] Connection refused""))"
2026-09-24T22:54:33.234906,call_ep_get__pet__petId__mpbf_scn_scn_ep_get__pet__petId__mpbf_400,GET,http://localhost/api/v1/mock/mock-swagger/api/v3/pet/{petId},0,2.98,"HTTPConnectionPool(host='localhost', port=80): Max retries exceeded with url: /api/v1/mock/mock-swagger/api/v3/pet/%7BpetId%7D (Caused by NewConnectionError(""HTTPConnection(host='localhost', port=80): Failed to establish a new connection: [Errno 111] Connection refused""))"
2026-09-24T22:54:33.235206,call_ep_get__pet__petId__mpbf_scn_scn_ep_get__pet__petId__mpbf_400,GET,http://localhost/api/v1/mock/mock-swagger/api/v3/pet/{petId},0,2.11,"HTTPConnectionPool(host='localhost', port=80): Max retries exceeded with url: /api/v1/mock/mock-swagger/api/v3/pet/%7BpetId%7D (Caused by NewConnectionError(""HTTPConnection(host='localhost', port=80): Failed to establish a new connection: [Errno 111] Connection refused""))"
2026-09-24T22:54:33.247093,call_ep_get__pet__petId__mpbf_scn_scn_ep_get__pet__petId__mpbf_401,GET,http://localhost/api/v1/mock/mock-swagger/api/v3/pet/{petId},0,6.76,"HTTPConnectionPool(host='localhost', port=80): Max retries exceeded with url: /api/v1/mock/mock-swagger/api/v3/pet/%7BpetId%7D (Caused by NewConnectionError(""HTTPConnection(host='localhost', port=80): Failed to establish a new connection: [Errno 111] Connection refused""))"
2026-09-24T22:54:33.247357,call_ep_get__pet__petId__mpbf_scn_scn_ep_get__pet__petId__mpbf_401,GET,http://localhost/api/v1/mock/mock-swagger/api/v3/pet/{petId},0,9.69,"HTTPConnectionPool(host='localhost', port=80): Max retries exceeded with url: /api/v1/mock/mock-swagger/api/v3/pet/%7BpetId%7D (Caused by NewConnectionError(""HTTPConnection(host='localhost', port=80): Failed to establish a new connection: [Errno 111] Connection refused""))"
2026-09-24T22:54:33.248023,call_ep_get__pet__petId__mpbf_scn_scn_ep_get__pet__petId__mpbf_400,GET,http://localhost/api/v1/mock/mock-swagger/api/v3/pet/{petId},0,11.42,"HTTPConnectionPool(host='localhost', port=80): Max retries exceeded with url: /api/v1/mock/mock-swagger/api/v3/pet/%7BpetId%7D (Caused by NewConnectionError(""HTTPConnection(host='localhost', port=80): Failed to establish a new connection: [Errno 111] Connection refused""))"
2026-09-24T22:54:33.248226,call_ep_get__pet__petId__mpbf_scn_scn_ep_get__pet__petId__mpbf_400,GET,http://localhost/api/v1/mock/mock-swagger/api/v3/pet/{petId},0,4.39,"HTTPConnectionPool(host='localhost', port=80): Max retries exceeded with url: /api/v1/mock/mock-swagger/api/v3/pet/%7BpetId%7D (Caused by NewConnectionError(""HTTPConnection(host='localhost', port=80): Failed to establish a new connection: [Errno 111] Connection refused""))"
2026-09-24T22:54:33.248480,call_ep_get__pet__petId__mpbf_scn_scn_ep_get__pet__petId__mpbf_401,GET,http://localhost/api/v1/mock/mock-swagger/api/v3/pet/{petId},0,9.77,"HTTPConnectionPool(host='localhost', port=80): Max retries exceeded with url: /api/v1/mock/mock-swagger/api/v3/pet/%7BpetId%7D (Caused by NewConnectionError(""HTTPConnection(host='localhost', port=80): Failed to establish a new connection: [Errno 111] Connection refused""))"
2026-09-24T22:54:33.248858,call_ep_get__pet__petId__mpbf_scn_scn_ep_get__pet__petId__mpbf_401,GET,http://localhost/api/v1/mock/mock-swagger/api/v3/pet/{petId},0,3.63,"HTTPConnectionPool(host='localhost', port=80): Max retries exceeded with url: /api/v1/mock/mock-swagger/api/v3/pet/%7BpetId%7D (Caused by NewConnectionError(""HTTPConnection(host='localhost', port=80): Failed to establish a new connection: [Errno 111] Connection refused""))"
2026-09-24T22:54:33.249576,call_ep_get__pet__petId__mpbf_scn_scn_ep_get__pet__petId__mpbf_401,GET,http://localhost/api/v1/mock/mock-swagger/api/v3/pet/{petId},0,6.87,"HTTPConnectionPool(host='localhost', port=80): Max retries exceeded with url: /api/v1/mock/mock-swagger/api/v3/pet/%7BpetId%7D (Caused by NewConnectionError(""HTTPConnection(host='localhost', port=80): Failed to establish a new connection: [Errno 111] Connection refused""))"
2026-09-24T22:54:33.249962,call_ep_get__pet__petId__mpbf_scn_scn_ep_get__pet__petId__mpbf_401,GET,http://localhost/api/v1/mock/mock-swagger/api/v3/pet/{petId},0,8.29,"HTTPConnectionPool(host='localhost', port=80): Max retries exceeded with url: /api/v1/mock/mock-swagger/api/v3/pet/%7BpetId%7D (Caused by NewConnectionError(""HTTPConnection(host='localhost', port=80): Failed to establish a new connection: [Errno 111] Connection refused""))"
2026-09-24T22:54:33.337471,call_ep_get__pet__petId__mpbf_scn_scn_ep_get__pet__petId__mpbf_404,GET,http://localhost/api/v1/mock/mock-swagger/api/v3/pet/999999999,0,2.38,"HTTPConnectionPool(host='localhost', port=80): Max retries exceeded with url: /api/v1/mock/mock-swagger/api/v3/pet/999999999 (Caused by NewConnectionError(""HTTPConnection(host='localhost', port=80): Failed to establish a new connection: [Errno 111] Connection refused""))"
2026-09-24T22:54:33.337657,call_ep_get__pet__petId__mpbf_scn_scn_ep_get__pet__petId__mpbf_404,GET,http://localhost/api/v1/mock/mock-swagger/api/v3/pet/999999999,0,1.43,"HTTPConnectionPool(host='localhost', port=80): Max retries exceeded with url: /api/v1/mock/mock-swagger/api/v3/pet/999999999 (Caused by NewConnectionError(""HTTPConnection(host='localhost', port=80): Failed to establish a new connection: [Errno 111] Connection refused""))"
2026-09-24T22:54:33.355108,call_ep_get__pet__petId__mpbf_scn_scn_ep_get__pet__petId__mpbf_400,GET,http://localhost/api/v1/mock/mock-swagger/api/v3/pet/{petId},0,6.77,"HTTPConnectionPool(host='localhost', port=80): Max retries exceeded with url: /api/v1/mock/mock-swagger/api/v3/pet/%7BpetId%7D (Caused by NewConnectionError(""HTTPConnection(host='localhost', port=80): Failed to establish a new connection: [Errno 111] Connection refused""))"
2026-09-24T22:54:33.355582,call_ep_get__pet__petId__mpbf_scn_scn_ep_get__pet__petId__mpbf_400,GET,http://localhost/api/v1/mock/mock-swagger/api/v3/pet/{petId},0,8.32,"HTTPConnectionPool(host='localhost', port=80): Max retries exceeded with url: /api/v1/mock/mock-swagger/api/v3/pet/%7BpetId%7D (Caused by NewConnectionError(""HTTPConnection(host='localhost', port=80): Failed to establish a new connection: [Errno 111] Connection refused""))"
2026-09-24T22:54:33.355962,call_ep_get__pet__petId__mpbf_scn_scn_ep_get__pet__petId__mpbf_404,GET,http://localhost/api/v1/mock/mock-swagger/api/v3/pet/999999999,0,6.04,"HTTPConnectionPool(host='localhost', port=80): Max retries exceeded with url: /api/v1/mock/mock-swagger/api/v3/pet/999999999 (Caused by NewConnectionError(""HTTPConnection(host='localhost', port=80): Failed to establish a new connection: [Errno 111] Connection refused""))"
2026-09-24T22:54:33.356195,call_ep_get__pet__petId__mpbf_scn_scn_ep_get__pet__petId__mpbf_400,GET,http://localhost/api/v1/mock/mock-swagger/api/v3/pet/{petId},0,5.31,"HTTPConnectionPool(host='localhost', port=80): Max retries exceeded with url: /api/v1/mock/mock-swagger/api/v3/pet/%7BpetId%7D (Caused by NewConnectionError(""HTTPConnection(host='localhost', port=80): Failed to establish a new connection: [Errno 111] Connection refused""))"
2026-09-24T22:54:33.356476,call_ep_get__pet__petId__mpbf_scn_scn_ep_get__pet__petId__mpbf_400,GET,http://localhost/api/v1/mock/mock-swagger/api/v3/pet/{petId},0,5.0,"HTTPConnectionPool(host='localhost', port=80): Max retries exceeded with url: /api/v1/mock/mock-swagger/api/v3/pet/%7BpetId%7D (Caused by NewConnectionError(""HTTPConnection(host='localhost', port=80): Failed to establish a new connection: [Errno 111] Connection refused""))"
2026-09-24T22:54:33.356714,call_ep_get__pet__petId__mpbf_scn_scn_ep_get__pet__petId__mpbf_404,GET,http://localhost/api/v1/mock/mock-swagger/api/v3/pet/999999999,0,7.77,"HTTPConnectionPool(host='localhost', port=80): Max retries exceeded with url: /api/v1/mock/mock-swagger/api/v3/pet/999999999 (Caused by NewConnectionError(""HTTPConnection(host='localhost', port=80): Failed to establish a new connection: [Errno 111] Connection refused""))"
2026-09-24T22:54:33.358469,call_ep_get__pet__petId__mpbf_scn_scn_ep_get__pet__petId__mpbf_400,GET,http://localhost/api/v1/mock/mock-swagger/api/v3/pet/{petId},0,5.86,"HTTPConnectionPool(host='localhost', port=80): Max retries exceeded with url: /api/v1/mock/mock-swagger/api/v3/pet/%7BpetId%7D (Caused by NewConnectionError(""HTTPConnection(host='localhost', port=80): Failed to establish a new connection: [Errno 111] Connection refused""))"
2026-09-24T22:54:33.358751,call_ep_get__pet__petId__mpbf_scn_scn_ep_get__pet__petId__mpbf_400,GET,http://localhost/api/v1/mock/mock-swagger/api/v3/pet/{petId},0,4.97,"HTTPConnectionPool(host='localhost', port=80): Max retries exceeded with url: /api/v1/mock/mock-swagger/api/v3/pet/%7BpetId%7D (Caused by NewConnectionError(""HTTPConnection(host='localhost', port=80): Failed to establish a new connection: [Errno 111] Connection refused""))"
2026-09-24T22:54:33.439743,call_ep_post__pet_b5ji_base,POST,http://localhost/api/v1/mock/mock-swagger/api/v3/pet,0,0.91,"HTTPConnectionPool(host='localhost', port=80): Max retries exceeded with url: /api/v1/mock/mock-swagger/api/v3/pet (Caused by NewConnectionError(""HTTPConnection(host='localhost', port=80): Failed to establish a new connection: [Errno 111] Connection refused""))"
2026-09-24T22:54:33.439935,call_ep_post__pet_b5ji_base,POST,http://localhost/api/v1/mock/mock-swagger/api/v3/pet,0,2.31,"HTTPConnectionPool(host='localhost', port=80): Max retries exceeded with url: /api/v1/mock/mock-swagger/api/v3/pet (Caused by NewConnectionError(""HTTPConnection(host='localhost', port=80): Failed to establish a new connection: [Errno 111] Connection refused""))"
2026-09-24T22:54:33.463221,call_ep_post__pet_b5ji_base,POST,http://localhost/api/v1/mock/mock-swagger/api/v3/pet,0,3.19,"HTTPConnectionPool(host='localhost', port=80): Max retries exceeded with url: /api/v1/mock/mock-swagger/api/v3/pet (Caused by NewConnectionError(""HTTPConnection(host='localhost', port=80): Failed to establish a new connection: [Errno 111] Connection refused""))"
2026-09-24T22:54:33.463388,call_ep_get__pet__petId__mpbf_scn_scn_ep_get__pet__petId__mpbf_404,GET,http://localhost/api/v1/mock/mock-swagger/api/v3/pet/999999999,0,7.05,"HTTPConnectionPool(host='localhost', port=80): Max retries exceeded with url: /api/v1/mock/mock-swagger/api/v3/pet/999999999 (Caused by NewConnectionError(""HTTPConnection(host='localhost', port=80): Failed to establish a new connection: [Errno 111] Connection refused""))"
2026-09-24T22:54:33.463668,call_ep_get__pet__petId__mpbf_scn_scn_ep_get__pet__petId__mpbf_404,GET,http://localhost/api/v1/mock/mock-swagger/api/v3/pet/999999999,0,4.29,"HTTPConnectionPool(host='localhost', port=80): Max retries exceeded with url: /api/v1/mock/mock-swagger/api/v3/pet/999999999 (Caused by NewConnectionError(""HTTPConnection(host='localhost', port=80): Failed to establish a new connection: [Errno 111] Connection refused""))"
2026-09-24T22:54:33.463838,call_ep_get__pet__petId__mpbf_scn_scn_ep_get__pet__petId__mpbf_404,GET,http://localhost/api/v1/mock/mock-swagger/api/v3/pet/999999999,0,2.88,"HTTPConnectionPool(host='localhost', port=80): Max retries exceeded with url: /api/v1/mock/mock-swagger/api/v3/pet/999999999 (Caused by NewConnectionError(""HTTPConnection(host='localhost', port=80): Failed to establish a new connection: [Errno 111] Connection refused""))"
2026-09-24T22:54:33.463966,call_ep_get__pet__petId__mpbf_scn_scn_ep_get__pet__petId__mpbf_404,GET,http://localhost/api/v1/mock/mock-swagger/api/v3/pet/999999999,0,8.73,"HTTPConnectionPool(host='localhost', port=80): Max retries exceeded with url: /api/v1/mock/mock-swagger/api/v3/pet/999999999 (Caused by NewConnectionError(""HTTPConnection(host='localhost', port=80): Failed to establish a new connection: [Errno 111] Connection refused""))"
2026-09-24T22:54:33.464147,call_ep_post__pet_b5ji_base,POST,http://localhost/api/v1/mock/mock-swagger/api/v3/pet,0,3.7,"HTTPConnectionPool(host='localhost', port=80): Max retries exceeded with url: /api/v1/mock/mock-swagger/api/v3/pet (Caused by NewConnectionError(""HTTPConnection(host='localhost', port=80): Failed to establish a new connection: [Errno 111] Connection refused""))"
2026-09-24T22:54:33.464300,call_ep_get__pet__petId__mpbf_scn_scn_ep_get__pet__petId__mpbf_404,GET,http://localhost/api/v1/mock/mock-swagger/api/v3/pet/999999999,0,2.27,"HTTPConnectionPool(host='localhost', port=80): Max retries exceeded with url: /api/v1/mock/mock-swagger/api/v3/pet/999999999 (Caused by NewConnectionError(""HTTPConnection(host='localhost', port=80): Failed to establish a new connection: [Errno 111] Connection refused""))"
2026-09-24T22:54:33.464433,call_ep_get__pet__petId__mpbf_scn_scn_ep_get__pet__petId__mpbf_404,GET,http://localhost/api/v1/mock/mock-swagger/api/v3/pet/999999999,0,2.89,"HTTPConnectionPool(host='localhost', port=80): Max retries exceeded with url: /api/v1/mock/mock-swagger/api/v3/pet/999999999 (Caused by NewConnectionError(""HTTPConnection(host='localhost', port=80): Failed to establish a new connection: [Errno 111] Connection refused""))"
2026-09-24T22:54:33.542260,call_ep_post__pet_b5ji_scn_scn_ep_post__pet_b5ji_401,POST,http://localhost/api/v1/mock/mock-swagger/api/v3/pet,0,2.36,"HTTPConnectionPool(host='localhost', port=80): Max retries exceeded with url: /api/v1/mock/mock-swagger/api/v3/pet (Caused by NewConnectionError(""HTTPConnection(host='localhost', port=80): Failed to establish a new connection: [Errno 111] Connection refused""))"
2026-09-24T22:54:33.542502,call_ep_post__pet_b5ji_scn_scn_ep_post__pet_b5ji_401,POST,http://localhost/api/v1/mock/mock-swagger/api/v3/pet,0,1.5,"HTTPConnectionPool(host='localhost', port=80): Max retries exceeded with url: /api/v1/mock/mock-swagger/api/v3/pet (Caused by NewConnectionError(""HTTPConnection(host='localhost', port=80): Failed to establish a new connection: [Errno 111] Connection refused""))"
2026-09-24T22:54:33.572570,call_ep_post__pet_b5ji_scn_scn_ep_post__pet_b5ji_401,POST,http://localhost/api/v1/mock/mock-swagger/api/v3/pet,0,9.24,"HTTPConnectionPool(host='localhost', port=80): Max retries exceeded with url: /api/v1/mock/mock-swagger/api/v3/pet (Caused by NewConnectionError(""HTTPConnection(host='localhost', port=80): Failed to establish a new connection: [Errno 111] Connection refused""))"
2026-09-24T22:54:33.573429,call_ep_post__pet_b5ji_base,POST,http://localhost/api/v1/mock/mock-swagger/api/v3/pet,0,9.52,"HTTPConnectionPool(host='localhost', port=80): Max retries exceeded with url: /api/v1/mock/mock-swagger/api/v3/pet (Caused by NewConnectionError(""HTTPConnection(host='localhost', port=80): Failed to establish a new connection: [Errno 111] Connection refused""))"
2026-09-24T22:54:33.573639,call_ep_post__pet_b5ji_scn_scn_ep_post__pet_b5ji_401,POST,http://localhost/api/v1/mock/mock-swagger/api/v3/pet,0,7.01,"HTTPConnectionPool(host='localhost', port=80): Max retries exceeded with url: /api/v1/mock/mock-swagger/api/v3/pet (Caused by NewConnectionError(""HTTPConnection(host='localhost', port=80): Failed to establish a new connection: [Errno 111] Connection refused""))"
2026-09-24T22:54:33.573967,call_ep_post__pet_b5ji_base,POST,http://localhost/api/v1/mock/mock-swagger/api/v3/pet,0,9.41,"HTTPConnectionPool(host='localhost', port=80): Max retries exceeded with url: /api/v1/mock/mock-swagger/api/v3/pet (Caused by NewConnectionError(""HTTPConnection(host='localhost', port=80): Failed to establish a new connection: [Errno 111] Connection refused""))"
2026-09-24T22:54:33.574188,call_ep_post__pet_b5ji_base,POST,http://localhost/api/v1/mock/mock-swagger/api/v3/pet,0,8.9,"HTTPConnectionPool(host='localhost', port=80): Max retries exceeded with url: /api/v1/mock/mock-swagger/api/v3/pet (Caused by NewConnectionError(""HTTPConnection(host='localhost', port=80): Failed to establish a new connection: [Errno 111] Connection refused""))"
2026-09-24T22:54:33.574482,call_ep_post__pet_b5ji_base,POST,http://localhost/api/v1/mock/mock-swagger/api/v3/pet,0,6.68,"HTTPConnectionPool(host='localhost', port=80): Max retries exceeded with url: /api/v1/mock/mock-swagger/api/v3/pet (Caused by NewConnectionError(""HTTPConnection(host='localhost', port=80): Failed to establish a new connection: [Errno 111] Connection refused""))"
2026-09-24T22:54:33.574699,call_ep_post__pet_b5ji_base,POST,http://localhost/api/v1/mock/mock-swagger/api/v3/pet,0,3.7,"HTTPConnectionPool(host='localhost', port=80): Max retries exceeded with url: /api/v1/mock/mock-swagger/api/v3/pet (Caused by NewConnectionError(""HTTPConnection(host='localhost', port=80): Failed to establish a new connection: [Errno 111] Connection refused""))"
2026-09-24T22:54:33.575033,call_ep_post__pet_b5ji_base,POST,http://localhost/api/v1/mock/mock-swagger/api/v3/pet,0,5.94,"HTTPConnectionPool(host='localhost', port=80): Max retries exceeded with url: /api/v1/mock/mock-swagger/api/v3/pet (Caused by NewConnectionError(""HTTPConnection(host='localhost', port=80): Failed to establish a new connection: [Errno 111] Connection refused""))"
2026-09-24T22:54:33.645157,call_ep_post__pet_b5ji_scn_scn_ep_post__pet_b5ji_400,POST,http://localhost/api/v1/mock/mock-swagger/api/v3/pet,0,2.69,"HTTPConnectionPool(host='localhost', port=80): Max retries exceeded with url: /api/v1/mock/mock-swagger/api/v3/pet (Caused by NewConnectionError(""HTTPConnection(host='localhost', port=80): Failed to establish a new connection: [Errno 111] Connection refused""))"
2026-09-24T22:54:33.645358,call_ep_post__pet_b5ji_scn_scn_ep_post__pet_b5ji_400,POST,http://localhost/api/v1/mock/mock-swagger/api/v3/pet,0,1.67,"HTTPConnectionPool(host='localhost', port=80): Max retries exceeded with url: /api/v1/mock/mock-swagger/api/v3/pet (Caused by NewConnectionError(""HTTPConnection(host='localhost', port=80): Failed to establish a new connection: [Errno 111] Connection refused""))"
2026-09-24T22:54:33.682349,call_ep_post__pet_b5ji_scn_scn_ep_post__pet_b5ji_401,POST,http://localhost/api/v1/mock/mock-swagger/api/v3/pet,0,3.59,"HTTPConnectionPool(host='localhost', port=80): Max retries exceeded with url: /api/v1/mock/mock-swagger/api/v3/pet (Caused by NewConnectionError(""HTTPConnection(host='localhost', port=80): Failed to establish a new connection: [Errno 111] Connection refused""))"
2026-09-24T22:54:33.682543,call_ep_post__pet_b5ji_scn_scn_ep_post__pet_b5ji_400,POST,http://localhost/api/v1/mock/mock-swagger/api/v3/pet,0,7.71,"HTTPConnectionPool(host='localhost', port=80): Max retries exceeded with url: /api/v1/mock/mock-swagger/api/v3/pet (Caused by NewConnectionError(""HTTPConnection(host='localhost', port=80): Failed to establish a new connection: [Errno 111] Connection refused""))"
2026-09-24T22:54:33.682715,call_ep_post__pet_b5ji_scn_scn_ep_post__pet_b5ji_401,POST,http://localhost/api/v1/mock/mock-swagger/api/v3/pet,0,6.79,"HTTPConnectionPool(host='localhost', port=80): Max retries exceeded with url: /api/v1/mock/mock-swagger/api/v3/pet (Caused by NewConnectionError(""HTTPConnection(host='localhost', port=80): Failed to establish a new connection: [Errno 111] Connection refused""))"
2026-09-24T22:54:33.682949,call_ep_post__pet_b5ji_scn_scn_ep_post__pet_b5ji_400,POST,http://localhost/api/v1/mock/mock-swagger/api/v3/pet,0,10.21,"HTTPConnectionPool(host='localhost', port=80): Max retries exceeded with url: /api/v1/mock/mock-swagger/api/v3/pet (Caused by NewConnectionError(""HTTPConnection(host='localhost', port=80): Failed to establish a new connection: [Errno 111] Connection refused""))"
2026-09-24T22:54:33.683730,call_ep_post__pet_b5ji_scn_scn_ep_post__pet_b5ji_401,POST,http://localhost/api/v1/mock/mock-swagger/api/v3/pet,0,7.08,"HTTPConnectionPool(host='localhost', port=80): Max retries exceeded with url: /api/v1/mock/mock-swagger/api/v3/pet (Caused by NewConnectionError(""HTTPConnection(host='localhost', port=80): Failed to establish a new connection: [Errno 111] Connection refused""))"
2026-09-24T22:54:33.684301,call_ep_post__pet_b5ji_scn_scn_ep_post__pet_b5ji_401,POST,http://localhost/api/v1/mock/mock-swagger/api/v3/pet,0,10.53,"HTTPConnectionPool(host='localhost', port=80): Max retries exceeded with url: /api/v1/mock/mock-swagger/api/v3/pet (Caused by NewConnectionError(""HTTPConnection(host='localhost', port=80): Failed to establish a new connection: [Errno 111] Connection refused""))"
2026-09-24T22:54:33.684609,call_ep_post__pet_b5ji_scn_scn_ep_post__pet_b5ji_401,POST,http://localhost/api/v1/mock/mock-swagger/api/v3/pet,0,6.9,"HTTPConnectionPool(host='localhost', port=80): Max retries exceeded with url: /api/v1/mock/mock-swagger/api/v3/pet (Caused by NewConnectionError(""HTTPConnection(host='localhost', port=80): Failed to establish a new connection: [Errno 111] Connection refused""))"
2026-09-24T22:54:33.684904,call_ep_post__pet_b5ji_scn_scn_ep_post__pet_b5ji_401,POST,http://localhost/api/v1/mock/mock-swagger/api/v3/pet,0,5.04,"HTTPConnectionPool(host='localhost', port=80): Max retries exceeded with url: /api/v1/mock/mock-swagger/api/v3/pet (Caused by NewConnectionError(""HTTPConnection(host='localhost', port=80): Failed to establish a new connection: [Errno 111] Connection refused""))"
2026-09-24T22:54:33.747981,call_ep_post__pet_b5ji_scn_scn_ep_post__pet_b5ji_404,POST,http://localhost/api/v1/mock/mock-swagger/api/v3/pet?error=404,0,2.64,"HTTPConnectionPool(host='localhost', port=80): Max retries exceeded with url: /api/v1/mock/mock-swagger/api/v3/pet?error=404 (Caused by NewConnectionError(""HTTPConnection(host='localhost', port=80): Failed to establish a new connection: [Errno 111] Connection refused""))"
2026-09-24T22:54:33.748409,call_ep_post__pet_b5ji_scn_scn_ep_post__pet_b5ji_404,POST,http://localhost/api/v1/mock/mock-swagger/api/v3/pet?error=404,0,1.93,"HTTPConnectionPool(host='localhost', port=80): Max retries exceeded with url: /api/v1/mock/mock-swagger/api/v3/pet?error=404 (Caused by NewConnectionError(""HTTPConnection(host='localhost', port=80): Failed to establish a new connection: [Errno 111] Connection refused""))"
2026-09-24T22:54:33.791970,call_ep_post__pet_b5ji_scn_scn_ep_post__pet_b5ji_404,POST,http://localhost/api/v1/mock/mock-swagger/api/v3/pet?error=404,0,8.37,"HTTPConnectionPool(host='localhost', port=80): Max retries exceeded with url: /api/v1/mock/mock-swagger/api/v3/pet?error=404 (Caused by NewConnectionError(""HTTPConnection(host='localhost', port=80): Failed to establish a new connection: [Errno 111] Connection refused""))"
2026-09-24T22:54:33.792340,call_ep_post__pet_b5ji_scn_scn_ep_post__pet_b5ji_400,POST,http://localhost/api/v1/mock/mock-swagger/api/v3/pet,0,7.75,"HTTPConnectionPool(host='localhost', port=80): Max retries exceeded with url: /api/v1/mock/mock-swagger/api/v3/pet (Caused by NewConnectionError(""HTTPConnection(host='localhost', port=80): Failed to establish a new connection: [Errno 111] Connection refused""))"
2026-09-24T22:54:33.792668,call_ep_post__pet_b5ji_scn_scn_ep_post__pet_b5ji_400,POST,http://localhost/api/v1/mock/mock-swagger/api/v3/pet,0,10.14,"HTTPConnectionPool(host='localhost', port=80): Max retries exceeded with url: /api/v1/mock/mock-swagger/api/v3/pet (Caused by NewConnectionError(""HTTPConnection(host='localhost', port=80): Failed to establish a new connection: [Errno 111] Connection refused""))"
2026-09-24T22:54:33.793273,call_ep_post__pet_b5ji_scn_scn_ep_post__pet_b5ji_400,POST,http://localhost/api/v1/mock/mock-swagger/api/v3/pet,0,6.71,"HTTPConnectionPool(host='localhost', port=80): Max retries exceeded with url: /api/v1/mock/mock-swagger/api/v3/pet (Caused by NewConnectionError(""HTTPConnection(host='localhost', port=80): Failed to establish a new connection: [Errno 111] Connection refused""))"
2026-09-24T22:54:33.793599,call_ep_post__pet_b5ji_scn_scn_ep_post__pet_b5ji_400,POST,http://localhost/api/v1/mock/mock-swagger/api/v3/pet,0,3.51,"HTTPConnectionPool(host='localhost', port=80): Max retries exceeded with url: /api/v1/mock/mock-swagger/api/v3/pet (Caused by NewConnectionError(""HTTPConnection(host='localhost', port=80): Failed to establish a new connection: [Errno 111] Connection refused""))"
2026-09-24T22:54:33.793923,call_ep_post__pet_b5ji_scn_scn_ep_post__pet_b5ji_400,POST,http://localhost/api/v1/mock/mock-swagger/api/v3/pet,0,6.08,"HTTPConnectionPool(host='localhost', port=80): Max retries exceeded with url: /api/v1/mock/mock-swagger/api/v3/pet (Caused by NewConnectionError(""HTTPConnection(host='localhost', port=80): Failed to establish a new connection: [Errno 111] Connection refused""))"
2026-09-24T22:54:33.794111,call_ep_post__pet_b5ji_scn_scn_ep_post__pet_b5ji_404,POST,http://localhost/api/v1/mock/mock-swagger/api/v3/pet?error=404,0,8.73,"HTTPConnectionPool(host='localhost', port=80): Max retries exceeded with url: /api/v1/mock/mock-swagger/api/v3/pet?error=404 (Caused by NewConnectionError(""HTTPConnection(host='localhost', port=80): Failed to establish a new connection: [Errno 111] Connection refused""))"
2026-09-24T22:54:33.794469,call_ep_post__pet_b5ji_scn_scn_ep_post__pet_b5ji_400,POST,http://localhost/api/v1/mock/mock-swagger/api/v3/pet,0,5.43,"HTTPConnectionPool(host='localhost', port=80): Max retries exceeded with url: /api/v1/mock/mock-swagger/api/v3/pet (Caused by NewConnectionError(""HTTPConnection(host='localhost', port=80): Failed to establish a new connection: [Errno 111] Connection refused""))"
2026-09-24T22:54:33.851171,call_ep_put__pet_jchf_base,PUT,http://localhost/api/v1/mock/mock-swagger/api/v3/pet,0,3.06,"HTTPConnectionPool(host='localhost', port=80): Max retries exceeded with url: /api/v1/mock/mock-swagger/api/v3/pet (Caused by NewConnectionError(""HTTPConnection(host='localhost', port=80): Failed to establish a new connection: [Errno 111] Connection refused""))"
2026-09-24T22:54:33.851704,call_ep_put__pet_jchf_base,PUT,http://localhost/api/v1/mock/mock-swagger/api/v3/pet,0,2.51,"HTTPConnectionPool(host='localhost', port=80): Max retries exceeded with url: /api/v1/mock/mock-swagger/api/v3/pet (Caused by NewConnectionError(""HTTPConnection(host='localhost', port=80): Failed to establish a new connection: [Errno 111] Connection refused""))"
2026-09-24T22:54:33.901457,call_ep_post__pet_b5ji_scn_scn_ep_post__pet_b5ji_404,POST,http://localhost/api/v1/mock/mock-swagger/api/v3/pet?error=404,0,8.3,"HTTPConnectionPool(host='localhost', port=80): Max retries exceeded with url: /api/v1/mock/mock-swagger/api/v3/pet?error=404 (Caused by NewConnectionError(""HTTPConnection(host='localhost', port=80): Failed to establish a new connection: [Errno 111] Connection refused""))"
2026-09-24T22:54:33.902334,call_ep_put__pet_jchf_base,PUT,http://localhost/api/v1/mock/mock-swagger/api/v3/pet,0,7.07,"HTTPConnectionPool(host='localhost', port=80): Max retries exceeded with url: /api/v1/mock/mock-swagger/api/v3/pet (Caused by NewConnectionError(""HTTPConnection(host='localhost', port=80): Failed to establish a new connection: [Errno 111] Connection refused""))"
2026-09-24T22:54:33.902524,call_ep_post__pet_b5ji_scn_scn_ep_post__pet_b5ji_404,POST,http://localhost/api/v1/mock/mock-swagger/api/v3/pet?error=404,0,5.17,"HTTPConnectionPool(host='localhost', port=80): Max retries exceeded with url: /api/v1/mock/mock-swagger/api/v3/pet?error=404 (Caused by NewConnectionError(""HTTPConnection(host='localhost', port=80): Failed to establish a new connection: [Errno 111] Connection refused""))"
2026-09-24T22:54:33.902843,call_ep_post__pet_b5ji_scn_scn_ep_post__pet_b5ji_404,POST,http://localhost/api/v1/mock/mock-swagger/api/v3/pet?error=404,0,8.89,"HTTPConnectionPool(host='localhost', port=80): Max retries exceeded with url: /api/v1/mock/mock-swagger/api/v3/pet?error=404 (Caused by NewConnectionError(""HTTPConnection(host='localhost', port=80): Failed to establish a new connection: [Errno 111] Connection refused""))"
2026-09-24T22:54:33.903049,call_ep_put__pet_jchf_base,PUT,http://localhost/api/v1/mock/mock-swagger/api/v3/pet,0,10.9,"HTTPConnectionPool(host='localhost', port=80): Max retries exceeded with url: /api/v1/mock/mock-swagger/api/v3/pet (Caused by NewConnectionError(""HTTPConnection(host='localhost', port=80): Failed to establish a new connection: [Errno 111] Connection refused""))"
2026-09-24T22:54:33.903496,call_ep_post__pet_b5ji_scn_scn_ep_post__pet_b5ji_404,POST,http://localhost/api/v1/mock/mock-swagger/api/v3/pet?error=404,0,3.87,"HTTPConnectionPool(host='localhost', port=80): Max retries exceeded with url: /api/v1/mock/mock-swagger/api/v3/pet?error=404 (Caused by NewConnectionError(""HTTPConnection(host='localhost', port=80): Failed to establish a new connection: [Errno 111] Connection refused""))"
2026-09-24T22:54:33.903717,call_ep_post__pet_b5ji_scn_scn_ep_post__pet_b5ji_404,POST,http://localhost/api/v1/mock/mock-swagger/api/v3/pet?error=404,0,5.17,"HTTPConnectionPool(host='localhost', port=80): Max retries exceeded with url: /api/v1/mock/mock-swagger/api/v3/pet?error=404 (Caused by NewConnectionError(""HTTPConnection(host='localhost', port=80): Failed to establish a new connection: [Errno 111] Connection refused""))"
2026-09-24T22:54:33.904069,call_ep_post__pet_b5ji_scn_scn_ep_post__pet_b5ji_404,POST,http://localhost/api/v1/mock/mock-swagger/api/v3/pet?error=404,0,7.76,"HTTPConnectionPool(host='localhost', port=80): Max retries exceeded with url: /api/v1/mock/mock-swagger/api/v3/pet?error=404 (Caused by NewConnectionError(""HTTPConnection(host='localhost', port=80): Failed to establish a new connection: [Errno 111] Connection refused""))"
2026-09-24T22:54:33.954006,call_ep_put__pet_jchf_scn_scn_ep_put__pet_jchf_401,PUT,http://localhost/api/v1/mock/mock-swagger/api/v3/pet,0,2.65,"HTTPConnectionPool(host='localhost', port=80): Max retries exceeded with url: /api/v1/mock/mock-swagger/api/v3/pet (Caused by NewConnectionError(""HTTPConnection(host='localhost', port=80): Failed to establish a new connection: [Errno 111] Connection refused""))"
2026-09-24T22:54:33.954413,call_ep_put__pet_jchf_scn_scn_ep_put__pet_jchf_401,PUT,http://localhost/api/v1/mock/mock-swagger/api/v3/pet,0,1.95,"HTTPConnectionPool(host='localhost', port=80): Max retries exceeded with url: /api/v1/mock/mock-swagger/api/v3/pet (Caused by NewConnectionError(""HTTPConnection(host='localhost', port=80): Failed to establish a new connection: [Errno 111] Connection refused""))"
2026-09-24T22:54:34.006092,call_ep_put__pet_jchf_base,PUT,http://localhost/api/v1/mock/mock-swagger/api/v3/pet,0,4.52,"HTTPConnectionPool(host='localhost', port=80): Max retries exceeded with url: /api/v1/mock/mock-swagger/api/v3/pet (Caused by NewConnectionError(""HTTPConnection(host='localhost', port=80): Failed to establish a new connection: [Errno 111] Connection refused""))"
2026-09-24T22:54:34.011834,call_ep_put__pet_jchf_scn_scn_ep_put__pet_jchf_401,PUT,http://localhost/api/v1/mock/mock-swagger/api/v3/pet,0,9.32,"HTTPConnectionPool(host='localhost', port=80): Max retries exceeded with url: /api/v1/mock/mock-swagger/api/v3/pet (Caused by NewConnectionError(""HTTPConnection(host='localhost', port=80): Failed to establish a new connection: [Errno 111] Connection refused""))"
2026-09-24T22:54:34.012469,call_ep_put__pet_jchf_base,PUT,http://localhost/api/v1/mock/mock-swagger/api/v3/pet,0,4.1,"HTTPConnectionPool(host='localhost', port=80): Max retries exceeded with url: /api/v1/mock/mock-swagger/api/v3/pet (Caused by NewConnectionError(""HTTPConnection(host='localhost', port=80): Failed to establish a new connection: [Errno 111] Connection refused""))"
2026-09-24T22:54:34.012665,call_ep_put__pet_jchf_base,PUT,http://localhost/api/v1/mock/mock-swagger/api/v3/pet,0,6.5,"HTTPConnectionPool(host='localhost', port=80): Max retries exceeded with url: /api/v1/mock/mock-swagger/api/v3/pet (Caused by NewConnectionError(""HTTPConnection(host='localhost', port=80): Failed to establish a new connection: [Errno 111] Connection refused""))"
2026-09-24T22:54:34.013028,call_ep_put__pet_jchf_scn_scn_ep_put__pet_jchf_401,PUT,http://localhost/api/v1/mock/mock-swagger/api/v3/pet,0,8.41,"HTTPConnectionPool(host='localhost', port=80): Max retries exceeded with url: /api/v1/mock/mock-swagger/api/v3/pet (Caused by NewConnectionError(""HTTPConnection(host='localhost', port=80): Failed to establish a new connection: [Errno 111] Connection refused""))"
2026-09-24T22:54:34.013266,call_ep_put__pet_jchf_base,PUT,http://localhost/api/v1/mock/mock-swagger/api/v3/pet,0,9.68,"HTTPConnectionPool(host='localhost', port=80): Max retries exceeded with url: /api/v1/mock/mock-swagger/api/v3/pet (Caused by NewConnectionError(""HTTPConnection(host='localhost', port=80): Failed to establish a new connection: [Errno 111] Connection refused""))"
2026-09-24T22:54:34.013575,call_ep_put__pet_jchf_base,PUT,http://localhost/api/v1/mock/mock-swagger/api/v3/pet,0,6.42,"HTTPConnectionPool(host='localhost', port=80): Max retries exceeded with url: /api/v1/mock/mock-swagger/api/v3/pet (Caused by NewConnectionError(""HTTPConnection(host='localhost', port=80): Failed to establish a new connection: [Errno 111] Connection refused""))"
2026-09-24T22:54:34.013846,call_ep_put__pet_jchf_base,PUT,http://localhost/api/v1/mock/mock-swagger/api/v3/pet,0,3.95,"HTTPConnectionPool(host='localhost', port=80): Max retries exceeded with url: /api/v1/mock/mock-swagger/api/v3/pet (Caused by NewConnectionError(""HTTPConnection(host='localhost', port=80): Failed to establish a new connection: [Errno 111] Connection refused""))"
2026-09-24T22:54:34.056690,call_ep_put__pet_jchf_scn_scn_ep_put__pet_jchf_400,PUT,http://localhost/api/v1/mock/mock-swagger/api/v3/pet,0,2.51,"HTTPConnectionPool(host='localhost', port=80): Max retries exceeded with url: /api/v1/mock/mock-swagger/api/v3/pet (Caused by NewConnectionError(""HTTPConnection(host='localhost', port=80): Failed to establish a new connection: [Errno 111] Connection refused""))"
2026-09-24T22:54:34.057132,call_ep_put__pet_jchf_scn_scn_ep_put__pet_jchf_400,PUT,http://localhost/api/v1/mock/mock-swagger/api/v3/pet,0,1.9,"HTTPConnectionPool(host='localhost', port=80): Max retries exceeded with url: /api/v1/mock/mock-swagger/api/v3/pet (Caused by NewConnectionError(""HTTPConnection(host='localhost', port=80): Failed to establish a new connection: [Errno 111] Connection refused""))"
2026-09-24T22:54:34.107269,call_ep_put__pet_jchf_scn_scn_ep_put__pet_jchf_401,PUT,http://localhost/api/v1/mock/mock-swagger/api/v3/pet,0,1.06,"HTTPConnectionPool(host='localhost', port=80): Max retries exceeded with url: /api/v1/mock/mock-swagger/api/v3/pet (Caused by NewConnectionError(""HTTPConnection(host='localhost', port=80): Failed to establish a new connection: [Errno 111] Connection refused""))"
2026-09-24T22:54:34.120822,call_ep_put__pet_jchf_scn_scn_ep_put__pet_jchf_400,PUT,http://localhost/api/v1/mock/mock-swagger/api/v3/pet,0,5.18,"HTTPConnectionPool(host='localhost', port=80): Max retries exceeded with url: /api/v1/mock/mock-swagger/api/v3/pet (Caused by NewConnectionError(""HTTPConnection(host='localhost', port=80): Failed to establish a new connection: [Errno 111] Connection refused""))"
2026-09-24T22:54:34.121325,call_ep_put__pet_jchf_scn_scn_ep_put__pet_jchf_401,PUT,http://localhost/api/v1/mock/mock-swagger/api/v3/pet,0,4.94,"HTTPConnectionPool(host='localhost', port=80): Max retries exceeded with url: /api/v1/mock/mock-swagger/api/v3/pet (Caused by NewConnectionError(""HTTPConnection(host='localhost', port=80): Failed to establish a new connection: [Errno 111] Connection refused""))"
2026-09-24T22:54:34.121586,call_ep_put__pet_jchf_scn_scn_ep_put__pet_jchf_401,PUT,http://localhost/api/v1/mock/mock-swagger/api/v3/pet,0,8.57,"HTTPConnectionPool(host='localhost', port=80): Max retries exceeded with url: /api/v1/mock/mock-swagger/api/v3/pet (Caused by NewConnectionError(""HTTPConnection(host='localhost', port=80): Failed to establish a new connection: [Errno 111] Connection refused""))"
2026-09-24T22:54:34.121920,call_ep_put__pet_jchf_scn_scn_ep_put__pet_jchf_400,PUT,http://localhost/api/v1/mock/mock-swagger/api/v3/pet,0,9.91,"HTTPConnectionPool(host='localhost', port=80): Max retries exceeded with url: /api/v1/mock/mock-swagger/api/v3/pet (Caused by NewConnectionError(""HTTPConnection(host='localhost', port=80): Failed to establish a new connection: [Errno 111] Connection refused""))"
2026-09-24T22:54:34.122167,call_ep_put__pet_jchf_scn_scn_ep_put__pet_jchf_401,PUT,http://localhost/api/v1/mock/mock-swagger/api/v3/pet,0,8.13,"HTTPConnectionPool(host='localhost', port=80): Max retries exceeded with url: /api/v1/mock/mock-swagger/api/v3/pet (Caused by NewConnectionError(""HTTPConnection(host='localhost', port=80): Failed to establish a new connection: [Errno 111] Connection refused""))"
2026-09-24T22:54:34.122523,call_ep_put__pet_jchf_scn_scn_ep_put__pet_jchf_401,PUT,http://localhost/api/v1/mock/mock-swagger/api/v3/pet,0,3.95,"HTTPConnectionPool(host='localhost', port=80): Max retries exceeded with url: /api/v1/mock/mock-swagger/api/v3/pet (Caused by NewConnectionError(""HTTPConnection(host='localhost', port=80): Failed to establish a new connection: [Errno 111] Connection refused""))"
2026-09-24T22:54:34.122739,call_ep_put__pet_jchf_scn_scn_ep_put__pet_jchf_401,PUT,http://localhost/api/v1/mock/mock-swagger/api/v3/pet,0,5.3,"HTTPConnectionPool(host='localhost', port=80): Max retries exceeded with url: /api/v1/mock/mock-swagger/api/v3/pet (Caused by NewConnectionError(""HTTPConnection(host='localhost', port=80): Failed to establish a new connection: [Errno 111] Connection refused""))"
2026-09-24T22:54:34.159386,call_ep_put__pet_jchf_scn_scn_ep_put__pet_jchf_404,PUT,http://localhost/api/v1/mock/mock-swagger/api/v3/pet?error=404,0,2.52,"HTTPConnectionPool(host='localhost', port=80): Max retries exceeded with url: /api/v1/mock/mock-swagger/api/v3/pet?error=404 (Caused by NewConnectionError(""HTTPConnection(host='localhost', port=80): Failed to establish a new connection: [Errno 111] Connection refused""))"
2026-09-24T22:54:34.159842,call_ep_put__pet_jchf_scn_scn_ep_put__pet_jchf_404,PUT,http://localhost/api/v1/mock/mock-swagger/api/v3/pet?error=404,0,1.91,"HTTPConnectionPool(host='localhost', port=80): Max retries exceeded with url: /api/v1/mock/mock-swagger/api/v3/pet?error=404 (Caused by NewConnectionError(""HTTPConnection(host='localhost', port=80): Failed to establish a new connection: [Errno 111] Connection refused""))"
2026-09-24T22:54:34.208481,call_ep_put__pet_jchf_scn_scn_ep_put__pet_jchf_400,PUT,http://localhost/api/v1/mock/mock-swagger/api/v3/pet,0,1.1,"HTTPConnectionPool(host='localhost', port=80): Max retries exceeded with url: /api/v1/mock/mock-swagger/api/v3/pet (Caused by NewConnectionError(""HTTPConnection(host='localhost', port=80): Failed to establish a new connection: [Errno 111] Connection refused""))"
2026-09-24T22:54:34.229138,call_ep_put__pet_jchf_scn_scn_ep_put__pet_jchf_404,PUT,http://localhost/api/v1/mock/mock-swagger/api/v3/pet?error=404,0,8.16,"HTTPConnectionPool(host='localhost', port=80): Max retries exceeded with url: /api/v1/mock/mock-swagger/api/v3/pet?error=404 (Caused by NewConnectionError(""HTTPConnection(host='localhost', port=80): Failed to establish a new connection: [Errno 111] Connection refused""))"
2026-09-24T22:54:34.230961,call_ep_put__pet_jchf_scn_scn_ep_put__pet_jchf_400,PUT,http://localhost/api/v1/mock/mock-swagger/api/v3/pet,0,9.08,"HTTPConnectionPool(host='localhost', port=80): Max retries exceeded with url: /api/v1/mock/mock-swagger/api/v3/pet (Caused by NewConnectionError(""HTTPConnection(host='localhost', port=80): Failed to establish a new connection: [Errno 111] Connection refused""))"
2026-09-24T22:54:34.231286,call_ep_put__pet_jchf_scn_scn_ep_put__pet_jchf_404,PUT,http://localhost/api/v1/mock/mock-swagger/api/v3/pet?error=404,0,7.29,"HTTPConnectionPool(host='localhost', port=80): Max retries exceeded with url: /api/v1/mock/mock-swagger/api/v3/pet?error=404 (Caused by NewConnectionError(""HTTPConnection(host='localhost', port=80): Failed to establish a new connection: [Errno 111] Connection refused""))"
2026-09-24T22:54:34.231636,call_ep_put__pet_jchf_scn_scn_ep_put__pet_jchf_400,PUT,http://localhost/api/v1/mock/mock-swagger/api/v3/pet,0,8.76,"HTTPConnectionPool(host='localhost', port=80): Max retries exceeded with url: /api/v1/mock/mock-swagger/api/v3/pet (Caused by NewConnectionError(""HTTPConnection(host='localhost', port=80): Failed to establish a new connection: [Errno 111] Connection refused""))"
2026-09-24T22:54:34.231930,call_ep_put__pet_jchf_scn_scn_ep_put__pet_jchf_400,PUT,http://localhost/api/v1/mock/mock-swagger/api/v3/pet,0,5.69,"HTTPConnectionPool(host='localhost', port=80): Max retries exceeded with url: /api/v1/mock/mock-swagger/api/v3/pet (Caused by NewConnectionError(""HTTPConnection(host='localhost', port=80): Failed to establish a new connection: [Errno 111] Connection refused""))"
2026-09-24T22:54:34.232165,call_ep_put__pet_jchf_scn_scn_ep_put__pet_jchf_400,PUT,http://localhost/api/v1/mock/mock-swagger/api/v3/pet,0,7.11,"HTTPConnectionPool(host='localhost', port=80): Max retries exceeded with url: /api/v1/mock/mock-swagger/api/v3/pet (Caused by NewConnectionError(""HTTPConnection(host='localhost', port=80): Failed to establish a new connection: [Errno 111] Connection refused""))"
2026-09-24T22:54:34.232382,call_ep_put__pet_jchf_scn_scn_ep_put__pet_jchf_400,PUT,http://localhost/api/v1/mock/mock-swagger/api/v3/pet,0,5.07,"HTTPConnectionPool(host='localhost', port=80): Max retries exceeded with url: /api/v1/mock/mock-swagger/api/v3/pet (Caused by NewConnectionError(""HTTPConnection(host='localhost', port=80): Failed to establish a new connection: [Errno 111] Connection refused""))"
2026-09-24T22:54:34.262066,call_ep_get__pet_findByStatus_t14w_base,GET,http://localhost/api/v1/mock/mock-swagger/api/v3/pet/findByStatus?status=1,0,2.5,"HTTPConnectionPool(host='localhost', port=80): Max retries exceeded with url: /api/v1/mock/mock-swagger/api/v3/pet/findByStatus?status=1 (Caused by NewConnectionError(""HTTPConnection(host='localhost', port=80): Failed to establish a new connection: [Errno 111] Connection refused""))"
2026-09-24T22:54:34.262477,call_ep_get__pet_findByStatus_t14w_base,GET,http://localhost/api/v1/mock/mock-swagger/api/v3/pet/findByStatus?status=1,0,1.9,"HTTPConnectionPool(host='localhost', port=80): Max retries exceeded with url: /api/v1/mock/mock-swagger/api/v3/pet/findByStatus?status=1 (Caused by NewConnectionError(""HTTPConnection(host='localhost', port=80): Failed to establish a new connection: [Errno 111] Connection refused""))"
2026-09-24T22:54:34.309551,call_ep_put__pet_jchf_scn_scn_ep_put__pet_jchf_404,PUT,http://localhost/api/v1/mock/mock-swagger/api/v3/pet?error=404,0,0.96,"HTTPConnectionPool(host='localhost', port=80): Max retries exceeded with url: /api/v1/mock/mock-swagger/api/v3/pet?error=404 (Caused by NewConnectionError(""HTTPConnection(host='localhost', port=80): Failed to establish a new connection: [Errno 111] Connection refused""))"
2026-09-24T22:54:34.330074,call_ep_get__pet_findByStatus_t14w_base,GET,http://localhost/api/v1/mock/mock-swagger/api/v3/pet/findByStatus?status=1,0,0.79,"HTTPConnectionPool(host='localhost', port=80): Max retries exceeded with url: /api/v1/mock/mock-swagger/api/v3/pet/findByStatus?status=1 (Caused by NewConnectionError(""HTTPConnection(host='localhost', port=80): Failed to establish a new connection: [Errno 111] Connection refused""))"
2026-09-24T22:54:34.338784,call_ep_put__pet_jchf_scn_scn_ep_put__pet_jchf_404,PUT,http://localhost/api/v1/mock/mock-swagger/api/v3/pet?error=404,0,5.56,"HTTPConnectionPool(host='localhost', port=80): Max retries exceeded with url: /api/v1/mock/mock-swagger/api/v3/pet?error=404 (Caused by NewConnectionError(""HTTPConnection(host='localhost', port=80): Failed to establish a new connection: [Errno 111] Connection refused""))"
2026-09-24T22:54:34.339197,call_ep_get__pet_findByStatus_t14w_base,GET,http://localhost/api/v1/mock/mock-swagger/api/v3/pet/findByStatus?status=1,0,7.0,"HTTPConnectionPool(host='localhost', port=80): Max retries exceeded with url: /api/v1/mock/mock-swagger/api/v3/pet/findByStatus?status=1 (Caused by NewConnectionError(""HTTPConnection(host='localhost', port=80): Failed to establish a new connection: [Errno 111] Connection refused""))"
2026-09-24T22:54:34.339535,call_ep_put__pet_jchf_scn_scn_ep_put__pet_jchf_404,PUT,http://localhost/api/v1/mock/mock-swagger/api/v3/pet?error=404,0,8.4,"HTTPConnectionPool(host='localhost', port=80): Max retries exceeded with url: /api/v1/mock/mock-swagger/api/v3/pet?error=404 (Caused by NewConnectionError(""HTTPConnection(host='localhost', port=80): Failed to establish a new connection: [Errno 111] Connection refused""))"
2026-09-24T22:54:34.339736,call_ep_put__pet_jchf_scn_scn_ep_put__pet_jchf_404,PUT,http://localhost/api/v1/mock/mock-swagger/api/v3/pet?error=404,0,4.24,"HTTPConnectionPool(host='localhost', port=80): Max retries exceeded with url: /api/v1/mock/mock-swagger/api/v3/pet?error=404 (Caused by NewConnectionError(""HTTPConnection(host='localhost', port=80): Failed to establish a new connection: [Errno 111] Connection refused""))"
2026-09-24T22:54:34.340152,call_ep_put__pet_jchf_scn_scn_ep_put__pet_jchf_404,PUT,http://localhost/api/v1/mock/mock-swagger/api/v3/pet?error=404,0,5.88,"HTTPConnectionPool(host='localhost', port=80): Max retries exceeded with url: /api/v1/mock/mock-swagger/api/v3/pet?error=404 (Caused by NewConnectionError(""HTTPConnection(host='localhost', port=80): Failed to establish a new connection: [Errno 111] Connection refused""))"
2026-09-24T22:54:34.340842,call_ep_put__pet_jchf_scn_scn_ep_put__pet_jchf_404,PUT,http://localhost/api/v1/mock/mock-swagger/api/v3/pet?error=404,0,4.01,"HTTPConnectionPool(host='localhost', port=80): Max retries exceeded with url: /api/v1/mock/mock-swagger/api/v3/pet?error=404 (Caused by NewConnectionError(""HTTPConnection(host='localhost', port=80): Failed to establish a new connection: [Errno 111] Connection refused""))"
2026-09-24T22:54:34.364591,call_ep_get__pet_findByStatus_t14w_scn_scn_ep_get__pet_findByStatus_t14w_401,GET,http://localhost/api/v1/mock/mock-swagger/api/v3/pet/findByStatus?status=1,0,2.39,"HTTPConnectionPool(host='localhost', port=80): Max retries exceeded with url: /api/v1/mock/mock-swagger/api/v3/pet/findByStatus?status=1 (Caused by NewConnectionError(""HTTPConnection(host='localhost', port=80): Failed to establish a new connection: [Errno 111] Connection refused""))"
2026-09-24T22:54:34.365033,call_ep_get__pet_findByStatus_t14w_scn_scn_ep_get__pet_findByStatus_t14w_401,GET,http://localhost/api/v1/mock/mock-swagger/api/v3/pet/findByStatus?status=1,0,1.82,"HTTPConnectionPool(host='localhost', port=80): Max retries exceeded with url: /api/v1/mock/mock-swagger/api/v3/pet/findByStatus?status=1 (Caused by NewConnectionError(""HTTPConnection(host='localhost', port=80): Failed to establish a new connection: [Errno 111] Connection refused""))"
2026-09-24T22:54:34.410767,call_ep_get__pet_findByStatus_t14w_base,GET,http://localhost/api/v1/mock/mock-swagger/api/v3/pet/findByStatus?status=1,0,1.1,"HTTPConnectionPool(host='localhost', port=80): Max retries exceeded with url: /api/v1/mock/mock-swagger/api/v3/pet/findByStatus?status=1 (Caused by NewConnectionError(""HTTPConnection(host='localhost', port=80): Failed to establish a new connection: [Errno 111] Connection refused""))"
2026-09-24T22:54:34.431160,call_ep_get__pet_findByStatus_t14w_scn_scn_ep_get__pet_findByStatus_t14w_401,GET,http://localhost/api/v1/mock/mock-swagger/api/v3/pet/findByStatus?status=1,0,0.98,"HTTPConnectionPool(host='localhost', port=80): Max retries exceeded with url: /api/v1/mock/mock-swagger/api/v3/pet/findByStatus?status=1 (Caused by NewConnectionError(""HTTPConnection(host='localhost', port=80): Failed to establish a new connection: [Errno 111] Connection refused""))"
2026-09-24T22:54:34.446312,call_ep_get__pet_findByStatus_t14w_base,GET,http://localhost/api/v1/mock/mock-swagger/api/v3/pet/findByStatus?status=1,0,7.34,"HTTPConnectionPool(host='localhost', port=80): Max retries exceeded with url: /api/v1/mock/mock-swagger/api/v3/pet/findByStatus?status=1 (Caused by NewConnectionError(""HTTPConnection(host='localhost', port=80): Failed to establish a new connection: [Errno 111] Connection refused""))"
2026-09-24T22:54:34.446589,call_ep_get__pet_findByStatus_t14w_base,GET,http://localhost/api/v1/mock/mock-swagger/api/v3/pet/findByStatus?status=1,0,6.67,"HTTPConnectionPool(host='localhost', port=80): Max retries exceeded with url: /api/v1/mock/mock-swagger/api/v3/pet/findByStatus?status=1 (Caused by NewConnectionError(""HTTPConnection(host='localhost', port=80): Failed to establish a new connection: [Errno 111] Connection refused""))"
2026-09-24T22:54:34.446758,call_ep_get__pet_findByStatus_t14w_base,GET,http://localhost/api/v1/mock/mock-swagger/api/v3/pet/findByStatus?status=1,0,2.69,"HTTPConnectionPool(host='localhost', port=80): Max retries exceeded with url: /api/v1/mock/mock-swagger/api/v3/pet/findByStatus?status=1 (Caused by NewConnectionError(""HTTPConnection(host='localhost', port=80): Failed to establish a new connection: [Errno 111] Connection refused""))"
2026-09-24T22:54:34.447005,call_ep_get__pet_findByStatus_t14w_base,GET,http://localhost/api/v1/mock/mock-swagger/api/v3/pet/findByStatus?status=1,0,6.07,"HTTPConnectionPool(host='localhost', port=80): Max retries exceeded with url: /api/v1/mock/mock-swagger/api/v3/pet/findByStatus?status=1 (Caused by NewConnectionError(""HTTPConnection(host='localhost', port=80): Failed to establish a new connection: [Errno 111] Connection refused""))"
2026-09-24T22:54:34.447421,call_ep_get__pet_findByStatus_t14w_scn_scn_ep_get__pet_findByStatus_t14w_401,GET,http://localhost/api/v1/mock/mock-swagger/api/v3/pet/findByStatus?status=1,0,5.43,"HTTPConnectionPool(host='localhost', port=80): Max retries exceeded with url: /api/v1/mock/mock-swagger/api/v3/pet/findByStatus?status=1 (Caused by NewConnectionError(""HTTPConnection(host='localhost', port=80): Failed to establish a new connection: [Errno 111] Connection refused""))"
2026-09-24T22:54:34.447648,call_ep_get__pet_findByStatus_t14w_base,GET,http://localhost/api/v1/mock/mock-swagger/api/v3/pet/findByStatus?status=1,0,4.59,"HTTPConnectionPool(host='localhost', port=80): Max retries exceeded with url: /api/v1/mock/mock-swagger/api/v3/pet/findByStatus?status=1 (Caused by NewConnectionError(""HTTPConnection(host='localhost', port=80): Failed to establish a new connection: [Errno 111] Connection refused""))"
2026-09-24T22:54:34.467359,call_ep_get__pet_findByStatus_t14w_scn_scn_ep_get__pet_findByStatus_t14w_400,GET,http://localhost/api/v1/mock/mock-swagger/api/v3/pet/findByStatus?status=1,0,2.6,"HTTPConnectionPool(host='localhost', port=80): Max retries exceeded with url: /api/v1/mock/mock-swagger/api/v3/pet/findByStatus?status=1 (Caused by NewConnectionError(""HTTPConnection(host='localhost', port=80): Failed to establish a new connection: [Errno 111] Connection refused""))"
2026-09-24T22:54:34.467781,call_ep_get__pet_findByStatus_t14w_scn_scn_ep_get__pet_findByStatus_t14w_400,GET,http://localhost/api/v1/mock/mock-swagger/api/v3/pet/findByStatus?status=1,0,1.92,"HTTPConnectionPool(host='localhost', port=80): Max retries exceeded with url: /api/v1/mock/mock-swagger/api/v3/pet/findByStatus?status=1 (Caused by NewConnectionError(""HTTPConnection(host='localhost', port=80): Failed to establish a new connection: [Errno 111] Connection refused""))"
2026-09-24T22:54:34.512369,call_ep_get__pet_findByStatus_t14w_scn_scn_ep_get__pet_findByStatus_t14w_401,GET,http://localhost/api/v1/mock/mock-swagger/api/v3/pet/findByStatus?status=1,0,1.48,"HTTPConnectionPool(host='localhost', port=80): Max retries exceeded with url: /api/v1/mock/mock-swagger/api/v3/pet/findByStatus?status=1 (Caused by NewConnectionError(""HTTPConnection(host='localhost', port=80): Failed to establish a new connection: [Errno 111] Connection refused""))"
2026-09-24T22:54:34.532866,call_ep_get__pet_findByStatus_t14w_scn_scn_ep_get__pet_findByStatus_t14w_400,GET,http://localhost/api/v1/mock/mock-swagger/api/v3/pet/findByStatus?status=1,0,1.55,"HTTPConnectionPool(host='localhost', port=80): Max retries exceeded with url: /api/v1/mock/mock-swagger/api/v3/pet/findByStatus?status=1 (Caused by NewConnectionError(""HTTPConnection(host='localhost', port=80): Failed to establish a new connection: [Errno 111] Connection refused""))"
2026-09-24T22:54:34.552840,call_ep_get__pet_findByStatus_t14w_scn_scn_ep_get__pet_findByStatus_t14w_401,GET,http://localhost/api/v1/mock/mock-swagger/api/v3/pet/findByStatus?status=1,0,5.37,"HTTPConnectionPool(host='localhost', port=80): Max retries exceeded with url: /api/v1/mock/mock-swagger/api/v3/pet/findByStatus?status=1 (Caused by NewConnectionError(""HTTPConnection(host='localhost', port=80): Failed to establish a new connection: [Errno 111] Connection refused""))"
2026-09-24T22:54:34.553002,call_ep_get__pet_findByStatus_t14w_scn_scn_ep_get__pet_findByStatus_t14w_401,GET,http://localhost/api/v1/mock/mock-swagger/api/v3/pet/findByStatus?status=1,0,4.65,"HTTPConnectionPool(host='localhost', port=80): Max retries exceeded with url: /api/v1/mock/mock-swagger/api/v3/pet/findByStatus?status=1 (Caused by NewConnectionError(""HTTPConnection(host='localhost', port=80): Failed to establish a new connection: [Errno 111] Connection refused""))"
2026-09-24T22:54:34.553161,call_ep_get__pet_findByStatus_t14w_scn_scn_ep_get__pet_findByStatus_t14w_400,GET,http://localhost/api/v1/mock/mock-swagger/api/v3/pet/findByStatus?status=1,0,3.08,"HTTPConnectionPool(host='localhost', port=80): Max retries exceeded with url: /api/v1/mock/mock-swagger/api/v3/pet/findByStatus?status=1 (Caused by NewConnectionError(""HTTPConnection(host='localhost', port=80): Failed to establish a new connection: [Errno 111] Connection refused""))"
2026-09-24T22:54:34.553631,call_ep_get__pet_findByStatus_t14w_scn_scn_ep_get__pet_findByStatus_t14w_401,GET,http://localhost/api/v1/mock/mock-swagger/api/v3/pet/findByStatus?status=1,0,2.69,"HTTPConnectionPool(host='localhost', port=80): Max retries exceeded with url: /api/v1/mock/mock-swagger/api/v3/pet/findByStatus?status=1 (Caused by NewConnectionError(""HTTPConnection(host='localhost', port=80): Failed to establish a new connection: [Errno 111] Connection refused""))"
2026-09-24T22:54:34.553960,call_ep_get__pet_findByStatus_t14w_scn_scn_ep_get__pet_findByStatus_t14w_401,GET,http://localhost/api/v1/mock/mock-swagger/api/v3/pet/findByStatus?status=1,0,4.82,"HTTPConnectionPool(host='localhost', port=80): Max retries exceeded with url: /api/v1/mock/mock-swagger/api/v3/pet/findByStatus?status=1 (Caused by NewConnectionError(""HTTPConnection(host='localhost', port=80): Failed to establish a new connection: [Errno 111] Connection refused""))"
2026-09-24T22:54:34.554216,call_ep_get__pet_findByStatus_t14w_scn_scn_ep_get__pet_findByStatus_t14w_401,GET,http://localhost/api/v1/mock/mock-swagger/api/v3/pet/findByStatus?status=1,0,7.75,"HTTPConnectionPool(host='localhost', port=80): Max retries exceeded with url: /api/v1/mock/mock-swagger/api/v3/pet/findByStatus?status=1 (Caused by NewConnectionError(""HTTPConnection(host='localhost', port=80): Failed to establish a new connection: [Errno 111] Connection refused""))"
2026-09-24T22:54:34.570158,call_ep_get__pet_findByStatus_t14w_scn_scn_ep_get__pet_findByStatus_t14w_404,GET,http://localhost/api/v1/mock/mock-swagger/api/v3/pet/findByStatus?status=1&error=404,0,2.63,"HTTPConnectionPool(host='localhost', port=80): Max retries exceeded with url: /api/v1/mock/mock-swagger/api/v3/pet/findByStatus?status=1&error=404 (Caused by NewConnectionError(""HTTPConnection(host='localhost', port=80): Failed to establish a new connection: [Errno 111] Connection refused""))"
2026-09-24T22:54:34.570515,call_ep_get__pet_findByStatus_t14w_scn_scn_ep_get__pet_findByStatus_t14w_404,GET,http://localhost/api/v1/mock/mock-swagger/api/v3/pet/findByStatus?status=1&error=404,0,1.96,"HTTPConnectionPool(host='localhost', port=80): Max retries exceeded with url: /api/v1/mock/mock-swagger/api/v3/pet/findByStatus?status=1&error=404 (Caused by NewConnectionError(""HTTPConnection(host='localhost', port=80): Failed to establish a new connection: [Errno 111] Connection refused""))"
2026-09-24T22:54:34.613674,call_ep_get__pet_findByStatus_t14w_scn_scn_ep_get__pet_findByStatus_t14w_400,GET,http://localhost/api/v1/mock/mock-swagger/api/v3/pet/findByStatus?status=1,0,1.18,"HTTPConnectionPool(host='localhost', port=80): Max retries exceeded with url: /api/v1/mock/mock-swagger/api/v3/pet/findByStatus?status=1 (Caused by NewConnectionError(""HTTPConnection(host='localhost', port=80): Failed to establish a new connection: [Errno 111] Connection refused""))"
2026-09-24T22:54:34.634813,call_ep_get__pet_findByStatus_t14w_scn_scn_ep_get__pet_findByStatus_t14w_404,GET,http://localhost/api/v1/mock/mock-swagger/api/v3/pet/findByStatus?status=1&error=404,0,1.77,"HTTPConnectionPool(host='localhost', port=80): Max retries exceeded with url: /api/v1/mock/mock-swagger/api/v3/pet/findByStatus?status=1&error=404 (Caused by NewConnectionError(""HTTPConnection(host='localhost', port=80): Failed to establish a new connection: [Errno 111] Connection refused""))"
2026-09-24T22:54:34.660099,call_ep_get__pet_findByStatus_t14w_scn_scn_ep_get__pet_findByStatus_t14w_400,GET,http://localhost/api/v1/mock/mock-swagger/api/v3/pet/findByStatus?status=1,0,7.14,"HTTPConnectionPool(host='localhost', port=80): Max retries exceeded with url: /api/v1/mock/mock-swagger/api/v3/pet/findByStatus?status=1 (Caused by NewConnectionError(""HTTPConnection(host='localhost', port=80): Failed to establish a new connection: [Errno 111] Connection refused""))"
2026-09-24T22:54:34.660844,call_ep_get__pet_findByStatus_t14w_scn_scn_ep_get__pet_findByStatus_t14w_404,GET,http://localhost/api/v1/mock/mock-swagger/api/v3/pet/findByStatus?status=1&error=404,0,6.21,"HTTPConnectionPool(host='localhost', port=80): Max retries exceeded with url: /api/v1/mock/mock-swagger/api/v3/pet/findByStatus?status=1&error=404 (Caused by NewConnectionError(""HTTPConnection(host='localhost', port=80): Failed to establish a new connection: [Errno 111] Connection refused""))"
2026-09-24T22:54:34.661316,call_ep_get__pet_findByStatus_t14w_scn_scn_ep_get__pet_findByStatus_t14w_400,GET,http://localhost/api/v1/mock/mock-swagger/api/v3/pet/findByStatus?status=1,0,3.13,"HTTPConnectionPool(host='localhost', port=80): Max retries exceeded with url: /api/v1/mock/mock-swagger/api/v3/pet/findByStatus?status=1 (Caused by NewConnectionError(""HTTPConnection(host='localhost', port=80): Failed to establish a new connection: [Errno 111] Connection refused""))"
2026-09-24T22:54:34.661506,call_ep_get__pet_findByStatus_t14w_scn_scn_ep_get__pet_findByStatus_t14w_400,GET,http://localhost/api/v1/mock/mock-swagger/api/v3/pet/findByStatus?status=1,0,5.86,"HTTPConnectionPool(host='localhost', port=80): Max retries exceeded with url: /api/v1/mock/mock-swagger/api/v3/pet/findByStatus?status=1 (Caused by NewConnectionError(""HTTPConnection(host='localhost', port=80): Failed to establish a new connection: [Errno 111] Connection refused""))"
2026-09-24T22:54:34.661728,call_ep_get__pet_findByStatus_t14w_scn_scn_ep_get__pet_findByStatus_t14w_400,GET,http://localhost/api/v1/mock/mock-swagger/api/v3/pet/findByStatus?status=1,0,4.91,"HTTPConnectionPool(host='localhost', port=80): Max retries exceeded with url: /api/v1/mock/mock-swagger/api/v3/pet/findByStatus?status=1 (Caused by NewConnectionError(""HTTPConnection(host='localhost', port=80): Failed to establish a new connection: [Errno 111] Connection refused""))"
2026-09-24T22:54:34.662119,call_ep_get__pet_findByStatus_t14w_scn_scn_ep_get__pet_findByStatus_t14w_400,GET,http://localhost/api/v1/mock/mock-swagger/api/v3/pet/findByStatus?status=1,0,8.38,"HTTPConnectionPool(host='localhost', port=80): Max retries exceeded with url: /api/v1/mock/mock-swagger/api/v3/pet/findByStatus?status=1 (Caused by NewConnectionError(""HTTPConnection(host='localhost', port=80): Failed to establish a new connection: [Errno 111] Connection refused""))"
2026-09-24T22:54:34.672946,call_ep_get__pet_findByTags_eg92_base,GET,http://localhost/api/v1/mock/mock-swagger/api/v3/pet/findByTags?tags=1,0,2.64,"HTTPConnectionPool(host='localhost', port=80): Max retries exceeded with url: /api/v1/mock/mock-swagger/api/v3/pet/findByTags?tags=1 (Caused by NewConnectionError(""HTTPConnection(host='localhost', port=80): Failed to establish a new connection: [Errno 111] Connection refused""))"
2026-09-24T22:54:34.673253,call_ep_get__pet_findByTags_eg92_base,GET,http://localhost/api/v1/mock/mock-swagger/api/v3/pet/findByTags?tags=1,0,1.97,"HTTPConnectionPool(host='localhost', port=80): Max retries exceeded with url: /api/v1/mock/mock-swagger/api/v3/pet/findByTags?tags=1 (Caused by NewConnectionError(""HTTPConnection(host='localhost', port=80): Failed to establish a new connection: [Errno 111] Connection refused""))"
2026-09-24T22:54:34.714722,call_ep_get__pet_findByStatus_t14w_scn_scn_ep_get__pet_findByStatus_t14w_404,GET,http://localhost/api/v1/mock/mock-swagger/api/v3/pet/findByStatus?status=1&error=404,0,0.94,"HTTPConnectionPool(host='localhost', port=80): Max retries exceeded with url: /api/v1/mock/mock-swagger/api/v3/pet/findByStatus?status=1&error=404 (Caused by NewConnectionError(""HTTPConnection(host='localhost', port=80): Failed to establish a new connection: [Errno 111] Connection refused""))"
2026-09-24T22:54:34.740701,call_ep_get__pet_findByTags_eg92_base,GET,http://localhost/api/v1/mock/mock-swagger/api/v3/pet/findByTags?tags=1,0,5.73,"HTTPConnectionPool(host='localhost', port=80): Max retries exceeded with url: /api/v1/mock/mock-swagger/api/v3/pet/findByTags?tags=1 (Caused by NewConnectionError(""HTTPConnection(host='localhost', port=80): Failed to establish a new connection: [Errno 111] Connection refused""))"
2026-09-24T22:54:34.767142,call_ep_get__pet_findByStatus_t14w_scn_scn_ep_get__pet_findByStatus_t14w_404,GET,http://localhost/api/v1/mock/mock-swagger/api/v3/pet/findByStatus?status=1&error=404,0,6.87,"HTTPConnectionPool(host='localhost', port=80): Max retries exceeded with url: /api/v1/mock/mock-swagger/api/v3/pet/findByStatus?status=1&error=404 (Caused by NewConnectionError(""HTTPConnection(host='localhost', port=80): Failed to establish a new connection: [Errno 111] Connection refused""))"
2026-09-24T22:54:34.768116,call_ep_get__pet_findByTags_eg92_base,GET,http://localhost/api/v1/mock/mock-swagger/api/v3/pet/findByTags?tags=1,0,6.86,"HTTPConnectionPool(host='localhost', port=80): Max retries exceeded with url: /api/v1/mock/mock-swagger/api/v3/pet/findByTags?tags=1 (Caused by NewConnectionError(""HTTPConnection(host='localhost', port=80): Failed to establish a new connection: [Errno 111] Connection refused""))"
2026-09-24T22:54:34.768288,call_ep_get__pet_findByStatus_t14w_scn_scn_ep_get__pet_findByStatus_t14w_404,GET,http://localhost/api/v1/mock/mock-swagger/api/v3/pet/findByStatus?status=1&error=404,0,4.95,"HTTPConnectionPool(host='localhost', port=80): Max retries exceeded with url: /api/v1/mock/mock-swagger/api/v3/pet/findByStatus?status=1&error=404 (Caused by NewConnectionError(""HTTPConnection(host='localhost', port=80): Failed to establish a new connection: [Errno 111] Connection refused""))"
2026-09-24T22:54:34.768680,call_ep_get__pet_findByStatus_t14w_scn_scn_ep_get__pet_findByStatus_t14w_404,GET,http://localhost/api/v1/mock/mock-swagger/api/v3/pet/findByStatus?status=1&error=404,0,6.33,"HTTPConnectionPool(host='localhost', port=80): Max retries exceeded with url: /api/v1/mock/mock-swagger/api/v3/pet/findByStatus?status=1&error=404 (Caused by NewConnectionError(""HTTPConnection(host='localhost', port=80): Failed to establish a new connection: [Errno 111] Connection refused""))"
2026-09-24T22:54:34.768938,call_ep_get__pet_findByStatus_t14w_scn_scn_ep_get__pet_findByStatus_t14w_404,GET,http://localhost/api/v1/mock/mock-swagger/api/v3/pet/findByStatus?status=1&error=404,0,3.47,"HTTPConnectionPool(host='localhost', port=80): Max retries exceeded with url: /api/v1/mock/mock-swagger/api/v3/pet/findByStatus?status=1&error=404 (Caused by NewConnectionError(""HTTPConnection(host='localhost', port=80): Failed to establish a new connection: [Errno 111] Connection refused""))"
2026-09-24T22:54:34.769182,call_ep_get__pet_findByStatus_t14w_scn_scn_ep_get__pet_findByStatus_t14w_404,GET,http://localhost/api/v1/mock/mock-swagger/api/v3/pet/findByStatus?status=1&error=404,0,4.84,"HTTPConnectionPool(host='localhost', port=80): Max retries exceeded with url: /api/v1/mock/mock-swagger/api/v3/pet/findByStatus?status=1&error=404 (Caused by NewConnectionError(""HTTPConnection(host='localhost', port=80): Failed to establish a new connection: [Errno 111] Connection refused""))"
2026-09-24T22:54:34.775695,call_ep_get__pet_findByTags_eg92_scn_scn_ep_get__pet_findByTags_eg92_401,GET,http://localhost/api/v1/mock/mock-swagger/api/v3/pet/findByTags?tags=1,0,2.61,"HTTPConnectionPool(host='localhost', port=80): Max retries exceeded with url: /api/v1/mock/mock-swagger/api/v3/pet/findByTags?tags=1 (Caused by NewConnectionError(""HTTPConnection(host='localhost', port=80): Failed to establish a new connection: [Errno 111] Connection refused""))"
2026-09-24T22:54:34.776010,call_ep_get__pet_findByTags_eg92_scn_scn_ep_get__pet_findByTags_eg92_401,GET,http://localhost/api/v1/mock/mock-swagger/api/v3/pet/findByTags?tags=1,0,1.95,"HTTPConnectionPool(host='localhost', port=80): Max retries exceeded with url: /api/v1/mock/mock-swagger/api/v3/pet/findByTags?tags=1 (Caused by NewConnectionError(""HTTPConnection(host='localhost', port=80): Failed to establish a new connection: [Errno 111] Connection refused""))"
2026-09-24T22:54:34.815832,call_ep_get__pet_findByTags_eg92_base,GET,http://localhost/api/v1/mock/mock-swagger/api/v3/pet/findByTags?tags=1,0,0.99,"HTTPConnectionPool(host='localhost', port=80): Max retries exceeded with url: /api/v1/mock/mock-swagger/api/v3/pet/findByTags?tags=1 (Caused by NewConnectionError(""HTTPConnection(host='localhost', port=80): Failed to establish a new connection: [Errno 111] Connection refused""))"
2026-09-24T22:54:34.841960,call_ep_get__pet_findByTags_eg92_scn_scn_ep_get__pet_findByTags_eg92_401,GET,http://localhost/api/v1/mock/mock-swagger/api/v3/pet/findByTags?tags=1,0,1.09,"HTTPConnectionPool(host='localhost', port=80): Max retries exceeded with url: /api/v1/mock/mock-swagger/api/v3/pet/findByTags?tags=1 (Caused by NewConnectionError(""HTTPConnection(host='localhost', port=80): Failed to establish a new connection: [Errno 111] Connection refused""))"
2026-09-24T22:54:34.874684,call_ep_get__pet_findByTags_eg92_base,GET,http://localhost/api/v1/mock/mock-swagger/api/v3/pet/findByTags?tags=1,0,7.37,"HTTPConnectionPool(host='localhost', port=80): Max retries exceeded with url: /api/v1/mock/mock-swagger/api/v3/pet/findByTags?tags=1 (Caused by NewConnectionError(""HTTPConnection(host='localhost', port=80): Failed to establish a new connection: [Errno 111] Connection refused""))"
2026-09-24T22:54:34.875518,call_ep_get__pet_findByTags_eg92_scn_scn_ep_get__pet_findByTags_eg92_401,GET,http://localhost/api/v1/mock/mock-swagger/api/v3/pet/findByTags?tags=1,0,7.23,"HTTPConnectionPool(host='localhost', port=80): Max retries exceeded with url: /api/v1/mock/mock-swagger/api/v3/pet/findByTags?tags=1 (Caused by NewConnectionError(""HTTPConnection(host='localhost', port=80): Failed to establish a new connection: [Errno 111] Connection refused""))"
2026-09-24T22:54:34.875938,call_ep_get__pet_findByTags_eg92_base,GET,http://localhost/api/v1/mock/mock-swagger/api/v3/pet/findByTags?tags=1,0,5.47,"HTTPConnectionPool(host='localhost', port=80): Max retries exceeded with url: /api/v1/mock/mock-swagger/api/v3/pet/findByTags?tags=1 (Caused by NewConnectionError(""HTTPConnection(host='localhost', port=80): Failed to establish a new connection: [Errno 111] Connection refused""))"
2026-09-24T22:54:34.878570,call_ep_get__pet_findByTags_eg92_base,GET,http://localhost/api/v1/mock/mock-swagger/api/v3/pet/findByTags?tags=1,0,6.97,"HTTPConnectionPool(host='localhost', port=80): Max retries exceeded with url: /api/v1/mock/mock-swagger/api/v3/pet/findByTags?tags=1 (Caused by NewConnectionError(""HTTPConnection(host='localhost', port=80): Failed to establish a new connection: [Errno 111] Connection refused""))"
2026-09-24T22:54:34.879044,call_ep_get__pet_findByTags_eg92_base,GET,http://localhost/api/v1/mock/mock-swagger/api/v3/pet/findByTags?tags=1,0,6.16,"HTTPConnectionPool(host='localhost', port=80): Max retries exceeded with url: /api/v1/mock/mock-swagger/api/v3/pet/findByTags?tags=1 (Caused by NewConnectionError(""HTTPConnection(host='localhost', port=80): Failed to establish a new connection: [Errno 111] Connection refused""))"
2026-09-24T22:54:34.879232,call_ep_get__pet_findByTags_eg92_base,GET,http://localhost/api/v1/mock/mock-swagger/api/v3/pet/findByTags?tags=1,0,9.92,"HTTPConnectionPool(host='localhost', port=80): Max retries exceeded with url: /api/v1/mock/mock-swagger/api/v3/pet/findByTags?tags=1 (Caused by NewConnectionError(""HTTPConnection(host='localhost', port=80): Failed to establish a new connection: [Errno 111] Connection refused""))"
2026-09-24T22:54:34.879838,call_ep_get__pet_findByTags_eg92_scn_scn_ep_get__pet_findByTags_eg92_400,GET,http://localhost/api/v1/mock/mock-swagger/api/v3/pet/findByTags?tags=1,0,2.69,"HTTPConnectionPool(host='localhost', port=80): Max retries exceeded with url: /api/v1/mock/mock-swagger/api/v3/pet/findByTags?tags=1 (Caused by NewConnectionError(""HTTPConnection(host='localhost', port=80): Failed to establish a new connection: [Errno 111] Connection refused""))"
2026-09-24T22:54:34.880143,call_ep_get__pet_findByTags_eg92_scn_scn_ep_get__pet_findByTags_eg92_400,GET,http://localhost/api/v1/mock/mock-swagger/api/v3/pet/findByTags?tags=1,0,3.99,"HTTPConnectionPool(host='localhost', port=80): Max retries exceeded with url: /api/v1/mock/mock-swagger/api/v3/pet/findByTags?tags=1 (Caused by NewConnectionError(""HTTPConnection(host='localhost', port=80): Failed to establish a new connection: [Errno 111] Connection refused""))"
2026-09-24T22:54:34.916851,call_ep_get__pet_findByTags_eg92_scn_scn_ep_get__pet_findByTags_eg92_401,GET,http://localhost/api/v1/mock/mock-swagger/api/v3/pet/findByTags?tags=1,0,0.91,"HTTPConnectionPool(host='localhost', port=80): Max retries exceeded with url: /api/v1/mock/mock-swagger/api/v3/pet/findByTags?tags=1 (Caused by NewConnectionError(""HTTPConnection(host='localhost', port=80): Failed to establish a new connection: [Errno 111] Connection refused""))"
2026-09-24T22:54:34.943622,call_ep_get__pet_findByTags_eg92_scn_scn_ep_get__pet_findByTags_eg92_400,GET,http://localhost/api/v1/mock/mock-swagger/api/v3/pet/findByTags?tags=1,0,1.49,"HTTPConnectionPool(host='localhost', port=80): Max retries exceeded with url: /api/v1/mock/mock-swagger/api/v3/pet/findByTags?tags=1 (Caused by NewConnectionError(""HTTPConnection(host='localhost', port=80): Failed to establish a new connection: [Errno 111] Connection refused""))"
2026-09-24T22:54:34.978390,call_ep_get__pet_findByTags_eg92_scn_scn_ep_get__pet_findByTags_eg92_401,GET,http://localhost/api/v1/mock/mock-swagger/api/v3/pet/findByTags?tags=1,0,3.54,"HTTPConnectionPool(host='localhost', port=80): Max retries exceeded with url: /api/v1/mock/mock-swagger/api/v3/pet/findByTags?tags=1 (Caused by NewConnectionError(""HTTPConnection(host='localhost', port=80): Failed to establish a new connection: [Errno 111] Connection refused""))"
2026-09-24T22:54:34.978809,call_ep_get__pet_findByTags_eg92_scn_scn_ep_get__pet_findByTags_eg92_400,GET,http://localhost/api/v1/mock/mock-swagger/api/v3/pet/findByTags?tags=1,0,3.0,"HTTPConnectionPool(host='localhost', port=80): Max retries exceeded with url: /api/v1/mock/mock-swagger/api/v3/pet/findByTags?tags=1 (Caused by NewConnectionError(""HTTPConnection(host='localhost', port=80): Failed to establish a new connection: [Errno 111] Connection refused""))"
2026-09-24T22:54:34.980108,call_ep_get__pet_findByTags_eg92_scn_scn_ep_get__pet_findByTags_eg92_401,GET,http://localhost/api/v1/mock/mock-swagger/api/v3/pet/findByTags?tags=1,0,3.17,"HTTPConnectionPool(host='localhost', port=80): Max retries exceeded with url: /api/v1/mock/mock-swagger/api/v3/pet/findByTags?tags=1 (Caused by NewConnectionError(""HTTPConnection(host='localhost', port=80): Failed to establish a new connection: [Errno 111] Connection refused""))"
2026-09-24T22:54:34.985254,call_ep_get__pet_findByTags_eg92_scn_scn_ep_get__pet_findByTags_eg92_401,GET,http://localhost/api/v1/mock/mock-swagger/api/v3/pet/findByTags?tags=1,0,6.24,"HTTPConnectionPool(host='localhost', port=80): Max retries exceeded with url: /api/v1/mock/mock-swagger/api/v3/pet/findByTags?tags=1 (Caused by NewConnectionError(""HTTPConnection(host='localhost', port=80): Failed to establish a new connection: [Errno 111] Connection refused""))"
2026-09-24T22:54:34.986220,call_ep_get__pet_findByTags_eg92_scn_scn_ep_get__pet_findByTags_eg92_401,GET,http://localhost/api/v1/mock/mock-swagger/api/v3/pet/findByTags?tags=1,0,3.86,"HTTPConnectionPool(host='localhost', port=80): Max retries exceeded with url: /api/v1/mock/mock-swagger/api/v3/pet/findByTags?tags=1 (Caused by NewConnectionError(""HTTPConnection(host='localhost', port=80): Failed to establish a new connection: [Errno 111] Connection refused""))"
2026-09-24T22:54:34.986654,call_ep_get__pet_findByTags_eg92_scn_scn_ep_get__pet_findByTags_eg92_401,GET,http://localhost/api/v1/mock/mock-swagger/api/v3/pet/findByTags?tags=1,0,3.27,"HTTPConnectionPool(host='localhost', port=80): Max retries exceeded with url: /api/v1/mock/mock-swagger/api/v3/pet/findByTags?tags=1 (Caused by NewConnectionError(""HTTPConnection(host='localhost', port=80): Failed to establish a new connection: [Errno 111] Connection refused""))"
2026-09-24T22:54:34.986989,call_ep_get__pet_findByTags_eg92_scn_scn_ep_get__pet_findByTags_eg92_404,GET,http://localhost/api/v1/mock/mock-swagger/api/v3/pet/findByTags?tags=1&error=404,0,5.64,"HTTPConnectionPool(host='localhost', port=80): Max retries exceeded with url: /api/v1/mock/mock-swagger/api/v3/pet/findByTags?tags=1&error=404 (Caused by NewConnectionError(""HTTPConnection(host='localhost', port=80): Failed to establish a new connection: [Errno 111] Connection refused""))"
2026-09-24T22:54:34.987203,call_ep_get__pet_findByTags_eg92_scn_scn_ep_get__pet_findByTags_eg92_404,GET,http://localhost/api/v1/mock/mock-swagger/api/v3/pet/findByTags?tags=1&error=404,0,6.94,"HTTPConnectionPool(host='localhost', port=80): Max retries exceeded with url: /api/v1/mock/mock-swagger/api/v3/pet/findByTags?tags=1&error=404 (Caused by NewConnectionError(""HTTPConnection(host='localhost', port=80): Failed to establish a new connection: [Errno 111] Connection refused""))"
2026-09-24T22:54:35.017971,call_ep_get__pet_findByTags_eg92_scn_scn_ep_get__pet_findByTags_eg92_400,GET,http://localhost/api/v1/mock/mock-swagger/api/v3/pet/findByTags?tags=1,0,1.01,"HTTPConnectionPool(host='localhost', port=80): Max retries exceeded with url: /api/v1/mock/mock-swagger/api/v3/pet/findByTags?tags=1 (Caused by NewConnectionError(""HTTPConnection(host='localhost', port=80): Failed to establish a new connection: [Errno 111] Connection refused""))"
2026-09-24T22:54:35.045378,call_ep_get__pet_findByTags_eg92_scn_scn_ep_get__pet_findByTags_eg92_404,GET,http://localhost/api/v1/mock/mock-swagger/api/v3/pet/findByTags?tags=1&error=404,0,1.58,"HTTPConnectionPool(host='localhost', port=80): Max retries exceeded with url: /api/v1/mock/mock-swagger/api/v3/pet/findByTags?tags=1&error=404 (Caused by NewConnectionError(""HTTPConnection(host='localhost', port=80): Failed to establish a new connection: [Errno 111] Connection refused""))"
2026-09-24T22:54:35.082319,call_ep_get__pet_findByTags_eg92_scn_scn_ep_get__pet_findByTags_eg92_400,GET,http://localhost/api/v1/mock/mock-swagger/api/v3/pet/findByTags?tags=1,0,3.76,"HTTPConnectionPool(host='localhost', port=80): Max retries exceeded with url: /api/v1/mock/mock-swagger/api/v3/pet/findByTags?tags=1 (Caused by NewConnectionError(""HTTPConnection(host='localhost', port=80): Failed to establish a new connection: [Errno 111] Connection refused""))"
2026-09-24T22:54:35.082679,call_ep_get__pet_findByTags_eg92_scn_scn_ep_get__pet_findByTags_eg92_404,GET,http://localhost/api/v1/mock/mock-swagger/api/v3/pet/findByTags?tags=1&error=404,0,3.08,"HTTPConnectionPool(host='localhost', port=80): Max retries exceeded with url: /api/v1/mock/mock-swagger/api/v3/pet/findByTags?tags=1&error=404 (Caused by NewConnectionError(""HTTPConnection(host='localhost', port=80): Failed to establish a new connection: [Errno 111] Connection refused""))"
2026-09-24T22:54:35.083000,call_ep_get__pet_findByTags_eg92_scn_scn_ep_get__pet_findByTags_eg92_400,GET,http://localhost/api/v1/mock/mock-swagger/api/v3/pet/findByTags?tags=1,0,2.26,"HTTPConnectionPool(host='localhost', port=80): Max retries exceeded with url: /api/v1/mock/mock-swagger/api/v3/pet/findByTags?tags=1 (Caused by NewConnectionError(""HTTPConnection(host='localhost', port=80): Failed to establish a new connection: [Errno 111] Connection refused""))"
2026-09-24T22:54:35.092206,call_ep_get__pet_findByTags_eg92_scn_scn_ep_get__pet_findByTags_eg92_400,GET,http://localhost/api/v1/mock/mock-swagger/api/v3/pet/findByTags?tags=1,0,3.18,"HTTPConnectionPool(host='localhost', port=80): Max retries exceeded with url: /api/v1/mock/mock-swagger/api/v3/pet/findByTags?tags=1 (Caused by NewConnectionError(""HTTPConnection(host='localhost', port=80): Failed to establish a new connection: [Errno 111] Connection refused""))"
2026-09-24T22:54:35.092396,call_ep_get__pet_findByTags_eg92_scn_scn_ep_get__pet_findByTags_eg92_400,GET,http://localhost/api/v1/mock/mock-swagger/api/v3/pet/findByTags?tags=1,0,6.97,"HTTPConnectionPool(host='localhost', port=80): Max retries exceeded with url: /api/v1/mock/mock-swagger/api/v3/pet/findByTags?tags=1 (Caused by NewConnectionError(""HTTPConnection(host='localhost', port=80): Failed to establish a new connection: [Errno 111] Connection refused""))"
2026-09-24T22:54:35.092578,call_ep_get__pet__petId__mpbf_base,GET,http://localhost/api/v1/mock/mock-swagger/api/v3/pet/{petId},0,4.97,"HTTPConnectionPool(host='localhost', port=80): Max retries exceeded with url: /api/v1/mock/mock-swagger/api/v3/pet/%7BpetId%7D (Caused by NewConnectionError(""HTTPConnection(host='localhost', port=80): Failed to establish a new connection: [Errno 111] Connection refused""))"
2026-09-24T22:54:35.092779,call_ep_get__pet_findByTags_eg92_scn_scn_ep_get__pet_findByTags_eg92_400,GET,http://localhost/api/v1/mock/mock-swagger/api/v3/pet/findByTags?tags=1,0,6.35,"HTTPConnectionPool(host='localhost', port=80): Max retries exceeded with url: /api/v1/mock/mock-swagger/api/v3/pet/findByTags?tags=1 (Caused by NewConnectionError(""HTTPConnection(host='localhost', port=80): Failed to establish a new connection: [Errno 111] Connection refused""))"
2026-09-24T22:54:35.093197,call_ep_get__pet__petId__mpbf_base,GET,http://localhost/api/v1/mock/mock-swagger/api/v3/pet/{petId},0,3.21,"HTTPConnectionPool(host='localhost', port=80): Max retries exceeded with url: /api/v1/mock/mock-swagger/api/v3/pet/%7BpetId%7D (Caused by NewConnectionError(""HTTPConnection(host='localhost', port=80): Failed to establish a new connection: [Errno 111] Connection refused""))"
2026-09-24T22:54:35.119297,call_ep_get__pet_findByTags_eg92_scn_scn_ep_get__pet_findByTags_eg92_404,GET,http://localhost/api/v1/mock/mock-swagger/api/v3/pet/findByTags?tags=1&error=404,0,1.2,"HTTPConnectionPool(host='localhost', port=80): Max retries exceeded with url: /api/v1/mock/mock-swagger/api/v3/pet/findByTags?tags=1&error=404 (Caused by NewConnectionError(""HTTPConnection(host='localhost', port=80): Failed to establish a new connection: [Errno 111] Connection refused""))"
2026-09-24T22:54:35.146804,call_ep_get__pet__petId__mpbf_base,GET,http://localhost/api/v1/mock/mock-swagger/api/v3/pet/{petId},0,1.31,"HTTPConnectionPool(host='localhost', port=80): Max retries exceeded with url: /api/v1/mock/mock-swagger/api/v3/pet/%7BpetId%7D (Caused by NewConnectionError(""HTTPConnection(host='localhost', port=80): Failed to establish a new connection: [Errno 111] Connection refused""))"
2026-09-24T22:54:35.186085,call_ep_get__pet_findByTags_eg92_scn_scn_ep_get__pet_findByTags_eg92_404,GET,http://localhost/api/v1/mock/mock-swagger/api/v3/pet/findByTags?tags=1&error=404,0,3.61,"HTTPConnectionPool(host='localhost', port=80): Max retries exceeded with url: /api/v1/mock/mock-swagger/api/v3/pet/findByTags?tags=1&error=404 (Caused by NewConnectionError(""HTTPConnection(host='localhost', port=80): Failed to establish a new connection: [Errno 111] Connection refused""))"
2026-09-24T22:54:35.186457,call_ep_get__pet__petId__mpbf_base,GET,http://localhost/api/v1/mock/mock-swagger/api/v3/pet/{petId},0,3.05,"HTTPConnectionPool(host='localhost', port=80): Max retries exceeded with url: /api/v1/mock/mock-swagger/api/v3/pet/%7BpetId%7D (Caused by NewConnectionError(""HTTPConnection(host='localhost', port=80): Failed to establish a new connection: [Errno 111] Connection refused""))"
2026-09-24T22:54:35.186716,call_ep_get__pet_findByTags_eg92_scn_scn_ep_get__pet_findByTags_eg92_404,GET,http://localhost/api/v1/mock/mock-swagger/api/v3/pet/findByTags?tags=1&error=404,0,2.21,"HTTPConnectionPool(host='localhost', port=80): Max retries exceeded with url: /api/v1/mock/mock-swagger/api/v3/pet/findByTags?tags=1&error=404 (Caused by NewConnectionError(""HTTPConnection(host='localhost', port=80): Failed to establish a new connection: [Errno 111] Connection refused""))"
2026-09-24T22:54:35.197456,call_ep_get__pet_findByTags_eg92_scn_scn_ep_get__pet_findByTags_eg92_404,GET,http://localhost/api/v1/mock/mock-swagger/api/v3/pet/findByTags?tags=1&error=404,0,5.11,"HTTPConnectionPool(host='localhost', port=80): Max retries exceeded with url: /api/v1/mock/mock-swagger/api/v3/pet/findByTags?tags=1&error=404 (Caused by NewConnectionError(""HTTPConnection(host='localhost', port=80): Failed to establish a new connection: [Errno 111] Connection refused""))"
2026-09-24T22:54:35.198063,call_ep_get__pet_findByTags_eg92_scn_scn_ep_get__pet_findByTags_eg92_404,GET,http://localhost/api/v1/mock/mock-swagger/api/v3/pet/findByTags?tags=1&error=404,0,4.97,"HTTPConnectionPool(host='localhost', port=80): Max retries exceeded with url: /api/v1/mock/mock-swagger/api/v3/pet/findByTags?tags=1&error=404 (Caused by NewConnectionError(""HTTPConnection(host='localhost', port=80): Failed to establish a new connection: [Errno 111] Connection refused""))"
2026-09-24T22:54:35.198328,call_ep_get__pet_findByTags_eg92_scn_scn_ep_get__pet_findByTags_eg92_404,GET,http://localhost/api/v1/mock/mock-swagger/api/v3/pet/findByTags?tags=1&error=404,0,3.62,"HTTPConnectionPool(host='localhost', port=80): Max retries exceeded with url: /api/v1/mock/mock-swagger/api/v3/pet/findByTags?tags=1&error=404 (Caused by NewConnectionError(""HTTPConnection(host='localhost', port=80): Failed to establish a new connection: [Errno 111] Connection refused""))"
2026-09-24T22:54:35.198635,call_ep_get__pet__petId__mpbf_scn_scn_ep_get__pet__petId__mpbf_401,GET,http://localhost/api/v1/mock/mock-swagger/api/v3/pet/{petId},0,2.91,"HTTPConnectionPool(host='localhost', port=80): Max retries exceeded with url: /api/v1/mock/mock-swagger/api/v3/pet/%7BpetId%7D (Caused by NewConnectionError(""HTTPConnection(host='localhost', port=80): Failed to establish a new connection: [Errno 111] Connection refused""))"
2026-09-24T22:54:35.198811,call_ep_get__pet__petId__mpbf_scn_scn_ep_get__pet__petId__mpbf_401,GET,http://localhost/api/v1/mock/mock-swagger/api/v3/pet/{petId},0,5.14,"HTTPConnectionPool(host='localhost', port=80): Max retries exceeded with url: /api/v1/mock/mock-swagger/api/v3/pet/%7BpetId%7D (Caused by NewConnectionError(""HTTPConnection(host='localhost', port=80): Failed to establish a new connection: [Errno 111] Connection refused""))"
2026-09-24T22:54:35.220486,call_ep_get__pet__petId__mpbf_base,GET,http://localhost/api/v1/mock/mock-swagger/api/v3/pet/{petId},0,1.08,"HTTPConnectionPool(host='localhost', port=80): Max retries exceeded with url: /api/v1/mock/mock-swagger/api/v3/pet/%7BpetId%7D (Caused by NewConnectionError(""HTTPConnection(host='localhost', port=80): Failed to establish a new connection: [Errno 111] Connection refused""))"
2026-09-24T22:54:35.247771,call_ep_get__pet__petId__mpbf_scn_scn_ep_get__pet__petId__mpbf_401,GET,http://localhost/api/v1/mock/mock-swagger/api/v3/pet/{petId},0,0.83,"HTTPConnectionPool(host='localhost', port=80): Max retries exceeded with url: /api/v1/mock/mock-swagger/api/v3/pet/%7BpetId%7D (Caused by NewConnectionError(""HTTPConnection(host='localhost', port=80): Failed to establish a new connection: [Errno 111] Connection refused""))"
2026-09-24T22:54:35.289942,call_ep_get__pet__petId__mpbf_scn_scn_ep_get__pet__petId__mpbf_401,GET,http://localhost/api/v1/mock/mock-swagger/api/v3/pet/{petId},0,2.78,"HTTPConnectionPool(host='localhost', port=80): Max retries exceeded with url: /api/v1/mock/mock-swagger/api/v3/pet/%7BpetId%7D (Caused by NewConnectionError(""HTTPConnection(host='localhost', port=80): Failed to establish a new connection: [Errno 111] Connection refused""))"
2026-09-24T22:54:35.290172,call_ep_get__pet__petId__mpbf_base,GET,http://localhost/api/v1/mock/mock-swagger/api/v3/pet/{petId},0,3.92,"HTTPConnectionPool(host='localhost', port=80): Max retries exceeded with url: /api/v1/mock/mock-swagger/api/v3/pet/%7BpetId%7D (Caused by NewConnectionError(""HTTPConnection(host='localhost', port=80): Failed to establish a new connection: [Errno 111] Connection refused""))"
2026-09-24T22:54:35.290503,call_ep_get__pet__petId__mpbf_base,GET,http://localhost/api/v1/mock/mock-swagger/api/v3/pet/{petId},0,2.3,"HTTPConnectionPool(host='localhost', port=80): Max retries exceeded with url: /api/v1/mock/mock-swagger/api/v3/pet/%7BpetId%7D (Caused by NewConnectionError(""HTTPConnection(host='localhost', port=80): Failed to establish a new connection: [Errno 111] Connection refused""))"
2026-09-24T22:54:35.303325,call_ep_get__pet__petId__mpbf_base,GET,http://localhost/api/v1/mock/mock-swagger/api/v3/pet/{petId},0,4.85,"HTTPConnectionPool(host='localhost', port=80): Max retries exceeded with url: /api/v1/mock/mock-swagger/api/v3/pet/%7BpetId%7D (Caused by NewConnectionError(""HTTPConnection(host='localhost', port=80): Failed to establish a new connection: [Errno 111] Connection refused""))"
2026-09-24T22:54:35.303526,call_ep_get__pet__petId__mpbf_base,GET,http://localhost/api/v1/mock/mock-swagger/api/v3/pet/{petId},0,4.45,"HTTPConnectionPool(host='localhost', port=80): Max retries exceeded with url: /api/v1/mock/mock-swagger/api/v3/pet/%7BpetId%7D (Caused by NewConnectionError(""HTTPConnection(host='localhost', port=80): Failed to establish a new connection: [Errno 111] Connection refused""))"
2026-09-24T22:54:35.303736,call_ep_get__pet__petId__mpbf_base,GET,http://localhost/api/v1/mock/mock-swagger/api/v3/pet/{petId},0,6.11,"HTTPConnectionPool(host='localhost', port=80): Max retries exceeded with url: /api/v1/mock/mock-swagger/api/v3/pet/%7BpetId%7D (Caused by NewConnectionError(""HTTPConnection(host='localhost', port=80): Failed to establish a new connection: [Errno 111] Connection refused""))"
2026-09-24T22:54:35.304219,call_ep_get__pet__petId__mpbf_scn_scn_ep_get__pet__petId__mpbf_400,GET,http://localhost/api/v1/mock/mock-swagger/api/v3/pet/{petId},0,4.17,"HTTPConnectionPool(host='localhost', port=80): Max retries exceeded with url: /api/v1/mock/mock-swagger/api/v3/pet/%7BpetId%7D (Caused by NewConnectionError(""HTTPConnection(host='localhost', port=80): Failed to establish a new connection: [Errno 111] Connection refused""))"
2026-09-24T22:54:35.304645,call_ep_get__pet__petId__mpbf_scn_scn_ep_get__pet__petId__mpbf_400,GET,http://localhost/api/v1/mock/mock-swagger/api/v3/pet/{petId},0,3.52,"HTTPConnectionPool(host='localhost', port=80): Max retries exceeded with url: /api/v1/mock/mock-swagger/api/v3/pet/%7BpetId%7D (Caused by NewConnectionError(""HTTPConnection(host='localhost', port=80): Failed to establish a new connection: [Errno 111] Connection refused""))"
2026-09-24T22:54:35.321628,call_ep_get__pet__petId__mpbf_scn_scn_ep_get__pet__petId__mpbf_401,GET,http://localhost/api/v1/mock/mock-swagger/api/v3/pet/{petId},0,1.03,"HTTPConnectionPool(host='localhost', port=80): Max retries exceeded with url: /api/v1/mock/mock-swagger/api/v3/pet/%7BpetId%7D (Caused by NewConnectionError(""HTTPConnection(host='localhost', port=80): Failed to establish a new connection: [Errno 111] Connection refused""))"
2026-09-24T22:54:35.349452,call_ep_get__pet__petId__mpbf_scn_scn_ep_get__pet__petId__mpbf_400,GET,http://localhost/api/v1/mock/mock-swagger/api/v3/pet/{petId},0,1.54,"HTTPConnectionPool(host='localhost', port=80): Max retries exceeded with url: /api/v1/mock/mock-swagger/api/v3/pet/%7BpetId%7D (Caused by NewConnectionError(""HTTPConnection(host='localhost', port=80): Failed to establish a new connection: [Errno 111] Connection refused""))"
2026-09-24T22:54:35.393973,call_ep_get__pet__petId__mpbf_scn_scn_ep_get__pet__petId__mpbf_401,GET,http://localhost/api/v1/mock/mock-swagger/api/v3/pet/{petId},0,2.76,"HTTPConnectionPool(host='localhost', port=80): Max retries exceeded with url: /api/v1/mock/mock-swagger/api/v3/pet/%7BpetId%7D (Caused by NewConnectionError(""HTTPConnection(host='localhost', port=80): Failed to establish a new connection: [Errno 111] Connection refused""))"
2026-09-24T22:54:35.394195,call_ep_get__pet__petId__mpbf_scn_scn_ep_get__pet__petId__mpbf_400,GET,http://localhost/api/v1/mock/mock-swagger/api/v3/pet/{petId},0,4.09,"HTTPConnectionPool(host='localhost', port=80): Max retries exceeded with url: /api/v1/mock/mock-swagger/api/v3/pet/%7BpetId%7D (Caused by NewConnectionError(""HTTPConnection(host='localhost', port=80): Failed to establish a new connection: [Errno 111] Connection refused""))"
2026-09-24T22:54:35.394393,call_ep_get__pet__petId__mpbf_scn_scn_ep_get__pet__petId__mpbf_401,GET,http://localhost/api/v1/mock/mock-swagger/api/v3/pet/{petId},0,2.12,"HTTPConnectionPool(host='localhost', port=80): Max retries exceeded with url: /api/v1/mock/mock-swagger/api/v3/pet/%7BpetId%7D (Caused by NewConnectionError(""HTTPConnection(host='localhost', port=80): Failed to establish a new connection: [Errno 111] Connection refused""))"
2026-09-24T22:54:35.410046,call_ep_get__pet__petId__mpbf_scn_scn_ep_get__pet__petId__mpbf_401,GET,http://localhost/api/v1/mock/mock-swagger/api/v3/pet/{petId},0,5.47,"HTTPConnectionPool(host='localhost', port=80): Max retries exceeded with url: /api/v1/mock/mock-swagger/api/v3/pet/%7BpetId%7D (Caused by NewConnectionError(""HTTPConnection(host='localhost', port=80): Failed to establish a new connection: [Errno 111] Connection refused""))"
2026-09-24T22:54:35.410364,call_ep_get__pet__petId__mpbf_scn_scn_ep_get__pet__petId__mpbf_404,GET,http://localhost/api/v1/mock/mock-swagger/api/v3/pet/999999999,0,3.59,"HTTPConnectionPool(host='localhost', port=80): Max retries exceeded with url: /api/v1/mock/mock-swagger/api/v3/pet/999999999 (Caused by NewConnectionError(""HTTPConnection(host='localhost', port=80): Failed to establish a new connection: [Errno 111] Connection refused""))"
2026-09-24T22:54:35.410681,call_ep_get__pet__petId__mpbf_scn_scn_ep_get__pet__petId__mpbf_401,GET,http://localhost/api/v1/mock/mock-swagger/api/v3/pet/{petId},0,7.19,"HTTPConnectionPool(host='localhost', port=80): Max retries exceeded with url: /api/v1/mock/mock-swagger/api/v3/pet/%7BpetId%7D (Caused by NewConnectionError(""HTTPConnection(host='localhost', port=80): Failed to establish a new connection: [Errno 111] Connection refused""))"
2026-09-24T22:54:35.410989,call_ep_get__pet__petId__mpbf_scn_scn_ep_get__pet__petId__mpbf_401,GET,http://localhost/api/v1/mock/mock-swagger/api/v3/pet/{petId},0,5.28,"HTTPConnectionPool(host='localhost', port=80): Max retries exceeded with url: /api/v1/mock/mock-swagger/api/v3/pet/%7BpetId%7D (Caused by NewConnectionError(""HTTPConnection(host='localhost', port=80): Failed to establish a new connection: [Errno 111] Connection refused""))"
2026-09-24T22:54:35.411219,call_ep_get__pet__petId__mpbf_scn_scn_ep_get__pet__petId__mpbf_404,GET,http://localhost/api/v1/mock/mock-swagger/api/v3/pet/999999999,0,3.46,"HTTPConnectionPool(host='localhost', port=80): Max retries exceeded with url: /api/v1/mock/mock-swagger/api/v3/pet/999999999 (Caused by NewConnectionError(""HTTPConnection(host='localhost', port=80): Failed to establish a new connection: [Errno 111] Connection refused""))"
2026-09-24T22:54:35.422751,call_ep_get__pet__petId__mpbf_scn_scn_ep_get__pet__petId__mpbf_400,GET,http://localhost/api/v1/mock/mock-swagger/api/v3/pet/{petId},0,1.02,"HTTPConnectionPool(host='localhost', port=80): Max retries exceeded with url: /api/v1/mock/mock-swagger/api/v3/pet/%7BpetId%7D (Caused by NewConnectionError(""HTTPConnection(host='localhost', port=80): Failed to establish a new connection: [Errno 111] Connection refused""))"
2026-09-24T22:54:35.451111,call_ep_get__pet__petId__mpbf_scn_scn_ep_get__pet__petId__mpbf_404,GET,http://localhost/api/v1/mock/mock-swagger/api/v3/pet/999999999,0,1.48,"HTTPConnectionPool(host='localhost', port=80): Max retries exceeded with url: /api/v1/mock/mock-swagger/api/v3/pet/999999999 (Caused by NewConnectionError(""HTTPConnection(host='localhost', port=80): Failed to establish a new connection: [Errno 111] Connection refused""))"
2026-09-24T22:54:35.498567,call_ep_get__pet__petId__mpbf_scn_scn_ep_get__pet__petId__mpbf_400,GET,http://localhost/api/v1/mock/mock-swagger/api/v3/pet/{petId},0,4.42,"HTTPConnectionPool(host='localhost', port=80): Max retries exceeded with url: /api/v1/mock/mock-swagger/api/v3/pet/%7BpetId%7D (Caused by NewConnectionError(""HTTPConnection(host='localhost', port=80): Failed to establish a new connection: [Errno 111] Connection refused""))"
2026-09-24T22:54:35.498894,call_ep_get__pet__petId__mpbf_scn_scn_ep_get__pet__petId__mpbf_404,GET,http://localhost/api/v1/mock/mock-swagger/api/v3/pet/999999999,0,3.65,"HTTPConnectionPool(host='localhost', port=80): Max retries exceeded with url: /api/v1/mock/mock-swagger/api/v3/pet/999999999 (Caused by NewConnectionError(""HTTPConnection(host='localhost', port=80): Failed to establish a new connection: [Errno 111] Connection refused""))"
2026-09-24T22:54:35.499184,call_ep_get__pet__petId__mpbf_scn_scn_ep_get__pet__petId__mpbf_400,GET,http://localhost/api/v1/mock/mock-swagger/api/v3/pet/{petId},0,2.94,"HTTPConnectionPool(host='localhost', port=80): Max retries exceeded with url: /api/v1/mock/mock-swagger/api/v3/pet/%7BpetId%7D (Caused by NewConnectionError(""HTTPConnection(host='localhost', port=80): Failed to establish a new connection: [Errno 111] Connection refused""))"
2026-09-24T22:54:35.516840,call_ep_get__pet__petId__mpbf_scn_scn_ep_get__pet__petId__mpbf_400,GET,http://localhost/api/v1/mock/mock-swagger/api/v3/pet/{petId},0,6.62,"HTTPConnectionPool(host='localhost', port=80): Max retries exceeded with url: /api/v1/mock/mock-swagger/api/v3/pet/%7BpetId%7D (Caused by NewConnectionError(""HTTPConnection(host='localhost', port=80): Failed to establish a new connection: [Errno 111] Connection refused""))"
2026-09-24T22:54:35.517062,call_ep_get__pet__petId__mpbf_scn_scn_ep_get__pet__petId__mpbf_400,GET,http://localhost/api/v1/mock/mock-swagger/api/v3/pet/{petId},0,3.54,"HTTPConnectionPool(host='localhost', port=80): Max retries exceeded with url: /api/v1/mock/mock-swagger/api/v3/pet/%7BpetId%7D (Caused by NewConnectionError(""HTTPConnection(host='localhost', port=80): Failed to establish a new connection: [Errno 111] Connection refused""))"
2026-09-24T22:54:35.517514,call_ep_post__pet_b5ji_base,POST,http://localhost/api/v1/mock/mock-swagger/api/v3/pet,0,6.14,"HTTPConnectionPool(host='localhost', port=80): Max retries exceeded with url: /api/v1/mock/mock-swagger/api/v3/pet (Caused by NewConnectionError(""HTTPConnection(host='localhost', port=80): Failed to establish a new connection: [Errno 111] Connection refused""))"
2026-09-24T22:54:35.517739,call_ep_get__pet__petId__mpbf_scn_scn_ep_get__pet__petId__mpbf_400,GET,http://localhost/api/v1/mock/mock-swagger/api/v3/pet/{petId},0,5.32,"HTTPConnectionPool(host='localhost', port=80): Max retries exceeded with url: /api/v1/mock/mock-swagger/api/v3/pet/%7BpetId%7D (Caused by NewConnectionError(""HTTPConnection(host='localhost', port=80): Failed to establish a new connection: [Errno 111] Connection refused""))"
2026-09-24T22:54:35.518008,call_ep_post__pet_b5ji_base,POST,http://localhost/api/v1/mock/mock-swagger/api/v3/pet,0,3.41,"HTTPConnectionPool(host='localhost', port=80): Max retries exceeded with url: /api/v1/mock/mock-swagger/api/v3/pet (Caused by NewConnectionError(""HTTPConnection(host='localhost', port=80): Failed to establish a new connection: [Errno 111] Connection refused""))"
2026-09-24T22:54:35.524383,call_ep_get__pet__petId__mpbf_scn_scn_ep_get__pet__petId__mpbf_404,GET,http://localhost/api/v1/mock/mock-swagger/api/v3/pet/999999999,0,1.53,"HTTPConnectionPool(host='localhost', port=80): Max retries exceeded with url: /api/v1/mock/mock-swagger/api/v3/pet/999999999 (Caused by NewConnectionError(""HTTPConnection(host='localhost', port=80): Failed to establish a new connection: [Errno 111] Connection refused""))"
2026-09-24T22:54:35.552804,call_ep_post__pet_b5ji_base,POST,http://localhost/api/v1/mock/mock-swagger/api/v3/pet,0,1.52,"HTTPConnectionPool(host='localhost', port=80): Max retries exceeded with url: /api/v1/mock/mock-swagger/api/v3/pet (Caused by NewConnectionError(""HTTPConnection(host='localhost', port=80): Failed to establish a new connection: [Errno 111] Connection refused""))"
2026-09-24T22:54:35.602477,call_ep_get__pet__petId__mpbf_scn_scn_ep_get__pet__petId__mpbf_404,GET,http://localhost/api/v1/mock/mock-swagger/api/v3/pet/999999999,0,3.74,"HTTPConnectionPool(host='localhost', port=80): Max retries exceeded with url: /api/v1/mock/mock-swagger/api/v3/pet/999999999 (Caused by NewConnectionError(""HTTPConnection(host='localhost', port=80): Failed to establish a new connection: [Errno 111] Connection refused""))"
2026-09-24T22:54:35.602793,call_ep_post__pet_b5ji_base,POST,http://localhost/api/v1/mock/mock-swagger/api/v3/pet,0,3.04,"HTTPConnectionPool(host='localhost', port=80): Max retries exceeded with url: /api/v1/mock/mock-swagger/api/v3/pet (Caused by NewConnectionError(""HTTPConnection(host='localhost', port=80): Failed to establish a new connection: [Errno 111] Connection refused""))"
2026-09-24T22:54:35.603085,call_ep_get__pet__petId__mpbf_scn_scn_ep_get__pet__petId__mpbf_404,GET,http://localhost/api/v1/mock/mock-swagger/api/v3/pet/999999999,0,2.28,"HTTPConnectionPool(host='localhost', port=80): Max retries exceeded with url: /api/v1/mock/mock-swagger/api/v3/pet/999999999 (Caused by NewConnectionError(""HTTPConnection(host='localhost', port=80): Failed to establish a new connection: [Errno 111] Connection refused""))"
2026-09-24T22:54:35.623701,call_ep_get__pet__petId__mpbf_scn_scn_ep_get__pet__petId__mpbf_404,GET,http://localhost/api/v1/mock/mock-swagger/api/v3/pet/999999999,0,6.69,"HTTPConnectionPool(host='localhost', port=80): Max retries exceeded with url: /api/v1/mock/mock-swagger/api/v3/pet/999999999 (Caused by NewConnectionError(""HTTPConnection(host='localhost', port=80): Failed to establish a new connection: [Errno 111] Connection refused""))"
2026-09-24T22:54:35.624162,call_ep_post__pet_b5ji_scn_scn_ep_post__pet_b5ji_401,POST,http://localhost/api/v1/mock/mock-swagger/api/v3/pet,0,2.39,"HTTPConnectionPool(host='localhost', port=80): Max retries exceeded with url: /api/v1/mock/mock-swagger/api/v3/pet (Caused by NewConnectionError(""HTTPConnection(host='localhost', port=80): Failed to establish a new connection: [Errno 111] Connection refused""))"
2026-09-24T22:54:35.624479,call_ep_get__pet__petId__mpbf_scn_scn_ep_get__pet__petId__mpbf_404,GET,http://localhost/api/v1/mock/mock-swagger/api/v3/pet/999999999,0,6.47,"HTTPConnectionPool(host='localhost', port=80): Max retries exceeded with url: /api/v1/mock/mock-swagger/api/v3/pet/999999999 (Caused by NewConnectionError(""HTTPConnection(host='localhost', port=80): Failed to establish a new connection: [Errno 111] Connection refused""))"
2026-09-24T22:54:35.625439,call_ep_post__pet_b5ji_scn_scn_ep_post__pet_b5ji_401,POST,http://localhost/api/v1/mock/mock-swagger/api/v3/pet,0,6.44,"HTTPConnectionPool(host='localhost', port=80): Max retries exceeded with url: /api/v1/mock/mock-swagger/api/v3/pet (Caused by NewConnectionError(""HTTPConnection(host='localhost', port=80): Failed to establish a new connection: [Errno 111] Connection refused""))"
2026-09-24T22:54:35.625624,call_ep_get__pet__petId__mpbf_scn_scn_ep_get__pet__petId__mpbf_404,GET,http://localhost/api/v1/mock/mock-swagger/api/v3/pet/999999999,0,5.59,"HTTPConnectionPool(host='localhost', port=80): Max retries exceeded with url: /api/v1/mock/mock-swagger/api/v3/pet/999999999 (Caused by NewConnectionError(""HTTPConnection(host='localhost', port=80): Failed to establish a new connection: [Errno 111] Connection refused""))"
2026-09-24T22:54:35.626096,call_ep_post__pet_b5ji_base,POST,http://localhost/api/v1/mock/mock-swagger/api/v3/pet,0,1.47,"HTTPConnectionPool(host='localhost', port=80): Max retries exceeded with url: /api/v1/mock/mock-swagger/api/v3/pet (Caused by NewConnectionError(""HTTPConnection(host='localhost', port=80): Failed to establish a new connection: [Errno 111] Connection refused""))"
2026-09-24T22:54:35.654524,call_ep_post__pet_b5ji_scn_scn_ep_post__pet_b5ji_401,POST,http://localhost/api/v1/mock/mock-swagger/api/v3/pet,0,1.54,"HTTPConnectionPool(host='localhost', port=80): Max retries exceeded with url: /api/v1/mock/mock-swagger/api/v3/pet (Caused by NewConnectionError(""HTTPConnection(host='localhost', port=80): Failed to establish a new connection: [Errno 111] Connection refused""))"
2026-09-24T22:54:35.706492,call_ep_post__pet_b5ji_base,POST,http://localhost/api/v1/mock/mock-swagger/api/v3/pet,0,3.84,"HTTPConnectionPool(host='localhost', port=80): Max retries exceeded with url: /api/v1/mock/mock-swagger/api/v3/pet (Caused by NewConnectionError(""HTTPConnection(host='localhost', port=80): Failed to establish a new connection: [Errno 111] Connection refused""))"
2026-09-24T22:54:35.706830,call_ep_post__pet_b5ji_scn_scn_ep_post__pet_b5ji_401,POST,http://localhost/api/v1/mock/mock-swagger/api/v3/pet,0,3.1,"HTTPConnectionPool(host='localhost', port=80): Max retries exceeded with url: /api/v1/mock/mock-swagger/api/v3/pet (Caused by NewConnectionError(""HTTPConnection(host='localhost', port=80): Failed to establish a new connection: [Errno 111] Connection refused""))"
2026-09-24T22:54:35.707088,call_ep_post__pet_b5ji_base,POST,http://localhost/api/v1/mock/mock-swagger/api/v3/pet,0,2.3,"HTTPConnectionPool(host='localhost', port=80): Max retries exceeded with url: /api/v1/mock/mock-swagger/api/v3/pet (Caused by NewConnectionError(""HTTPConnection(host='localhost', port=80): Failed to establish a new connection: [Errno 111] Connection refused""))"
2026-09-24T22:54:35.730503,call_ep_post__pet_b5ji_scn_scn_ep_post__pet_b5ji_401,POST,http://localhost/api/v1/mock/mock-swagger/api/v3/pet,0,2.88,"HTTPConnectionPool(host='localhost', port=80): Max retries exceeded with url: /api/v1/mock/mock-swagger/api/v3/pet (Caused by NewConnectionError(""HTTPConnection(host='localhost', port=80): Failed to establish a new connection: [Errno 111] Connection refused""))"
2026-09-24T22:54:35.731053,call_ep_post__pet_b5ji_base,POST,http://localhost/api/v1/mock/mock-swagger/api/v3/pet,0,5.07,"HTTPConnectionPool(host='localhost', port=80): Max retries exceeded with url: /api/v1/mock/mock-swagger/api/v3/pet (Caused by NewConnectionError(""HTTPConnection(host='localhost', port=80): Failed to establish a new connection: [Errno 111] Connection refused""))"
2026-09-24T22:54:35.731378,call_ep_post__pet_b5ji_base,POST,http://localhost/api/v1/mock/mock-swagger/api/v3/pet,0,7.5,"HTTPConnectionPool(host='localhost', port=80): Max retries exceeded with url: /api/v1/mock/mock-swagger/api/v3/pet (Caused by NewConnectionError(""HTTPConnection(host='localhost', port=80): Failed to establish a new connection: [Errno 111] Connection refused""))"
2026-09-24T22:54:35.732128,call_ep_post__pet_b5ji_scn_scn_ep_post__pet_b5ji_400,POST,http://localhost/api/v1/mock/mock-swagger/api/v3/pet,0,5.48,"HTTPConnectionPool(host='localhost', port=80): Max retries exceeded with url: /api/v1/mock/mock-swagger/api/v3/pet (Caused by NewConnectionError(""HTTPConnection(host='localhost', port=80): Failed to establish a new connection: [Errno 111] Connection refused""))"
2026-09-24T22:54:35.732344,call_ep_post__pet_b5ji_base,POST,http://localhost/api/v1/mock/mock-swagger/api/v3/pet,0,3.82,"HTTPConnectionPool(host='localhost', port=80): Max retries exceeded with url: /api/v1/mock/mock-swagger/api/v3/pet (Caused by NewConnectionError(""HTTPConnection(host='localhost', port=80): Failed to establish a new connection: [Errno 111] Connection refused""))"
2026-09-24T22:54:35.732663,call_ep_post__pet_b5ji_scn_scn_ep_post__pet_b5ji_400,POST,http://localhost/api/v1/mock/mock-swagger/api/v3/pet,0,7.72,"HTTPConnectionPool(host='localhost', port=80): Max retries exceeded with url: /api/v1/mock/mock-swagger/api/v3/pet (Caused by NewConnectionError(""HTTPConnection(host='localhost', port=80): Failed to establish a new connection: [Errno 111] Connection refused""))"
2026-09-24T22:54:35.755872,call_ep_post__pet_b5ji_scn_scn_ep_post__pet_b5ji_400,POST,http://localhost/api/v1/mock/mock-swagger/api/v3/pet,0,1.2,"HTTPConnectionPool(host='localhost', port=80): Max retries exceeded with url: /api/v1/mock/mock-swagger/api/v3/pet (Caused by NewConnectionError(""HTTPConnection(host='localhost', port=80): Failed to establish a new connection: [Errno 111] Connection refused""))"
2026-09-24T22:54:35.810394,call_ep_post__pet_b5ji_scn_scn_ep_post__pet_b5ji_401,POST,http://localhost/api/v1/mock/mock-swagger/api/v3/pet,0,3.72,"HTTPConnectionPool(host='localhost', port=80): Max retries exceeded with url: /api/v1/mock/mock-swagger/api/v3/pet (Caused by NewConnectionError(""HTTPConnection(host='localhost', port=80): Failed to establish a new connection: [Errno 111] Connection refused""))"
2026-09-24T22:54:35.810758,call_ep_post__pet_b5ji_scn_scn_ep_post__pet_b5ji_400,POST,http://localhost/api/v1/mock/mock-swagger/api/v3/pet,0,3.04,"HTTPConnectionPool(host='localhost', port=80): Max retries exceeded with url: /api/v1/mock/mock-swagger/api/v3/pet (Caused by NewConnectionError(""HTTPConnection(host='localhost', port=80): Failed to establish a new connection: [Errno 111] Connection refused""))"
2026-09-24T22:54:35.811041,call_ep_post__pet_b5ji_scn_scn_ep_post__pet_b5ji_401,POST,http://localhost/api/v1/mock/mock-swagger/api/v3/pet,0,2.29,"HTTPConnectionPool(host='localhost', port=80): Max retries exceeded with url: /api/v1/mock/mock-swagger/api/v3/pet (Caused by NewConnectionError(""HTTPConnection(host='localhost', port=80): Failed to establish a new connection: [Errno 111] Connection refused""))"
2026-09-24T22:54:35.837195,call_ep_post__pet_b5ji_scn_scn_ep_post__pet_b5ji_400,POST,http://localhost/api/v1/mock/mock-swagger/api/v3/pet,0,6.58,"HTTPConnectionPool(host='localhost', port=80): Max retries exceeded with url: /api/v1/mock/mock-swagger/api/v3/pet (Caused by NewConnectionError(""HTTPConnection(host='localhost', port=80): Failed to establish a new connection: [Errno 111] Connection refused""))"
2026-09-24T22:54:35.838132,call_ep_post__pet_b5ji_scn_scn_ep_post__pet_b5ji_401,POST,http://localhost/api/v1/mock/mock-swagger/api/v3/pet,0,3.49,"HTTPConnectionPool(host='localhost', port=80): Max retries exceeded with url: /api/v1/mock/mock-swagger/api/v3/pet (Caused by NewConnectionError(""HTTPConnection(host='localhost', port=80): Failed to establish a new connection: [Errno 111] Connection refused""))"
2026-09-24T22:54:35.838581,call_ep_post__pet_b5ji_scn_scn_ep_post__pet_b5ji_404,POST,http://localhost/api/v1/mock/mock-swagger/api/v3/pet?error=404,0,2.83,"HTTPConnectionPool(host='localhost', port=80): Max retries exceeded with url: /api/v1/mock/mock-swagger/api/v3/pet?error=404 (Caused by NewConnectionError(""HTTPConnection(host='localhost', port=80): Failed to establish a new connection: [Errno 111] Connection refused""))"
2026-09-24T22:54:35.838847,call_ep_post__pet_b5ji_scn_scn_ep_post__pet_b5ji_401,POST,http://localhost/api/v1/mock/mock-swagger/api/v3/pet,0,7.51,"HTTPConnectionPool(host='localhost', port=80): Max retries exceeded with url: /api/v1/mock/mock-swagger/api/v3/pet (Caused by NewConnectionError(""HTTPConnection(host='localhost', port=80): Failed to establish a new connection: [Errno 111] Connection refused""))"
2026-09-24T22:54:35.839057,call_ep_post__pet_b5ji_scn_scn_ep_post__pet_b5ji_401,POST,http://localhost/api/v1/mock/mock-swagger/api/v3/pet,0,5.45,"HTTPConnectionPool(host='localhost', port=80): Max retries exceeded with url: /api/v1/mock/mock-swagger/api/v3/pet (Caused by NewConnectionError(""HTTPConnection(host='localhost', port=80): Failed to establish a new connection: [Errno 111] Connection refused""))"
2026-09-24T22:54:35.839339,call_ep_post__pet_b5ji_scn_scn_ep_post__pet_b5ji_404,POST,http://localhost/api/v1/mock/mock-swagger/api/v3/pet?error=404,0,6.86,"HTTPConnectionPool(host='localhost', port=80): Max retries exceeded with url: /api/v1/mock/mock-swagger/api/v3/pet?error=404 (Caused by NewConnectionError(""HTTPConnection(host='localhost', port=80): Failed to establish a new connection: [Errno 111] Connection refused""))"
2026-09-24T22:54:35.857616,call_ep_post__pet_b5ji_scn_scn_ep_post__pet_b5ji_404,POST,http://localhost/api/v1/mock/mock-swagger/api/v3/pet?error=404,0,1.55,"HTTPConnectionPool(host='localhost', port=80): Max retries exceeded with url: /api/v1/mock/mock-swagger/api/v3/pet?error=404 (Caused by NewConnectionError(""HTTPConnection(host='localhost', port=80): Failed to establish a new connection: [Errno 111] Connection refused""))"
2026-09-24T22:54:35.915073,call_ep_post__pet_b5ji_scn_scn_ep_post__pet_b5ji_400,POST,http://localhost/api/v1/mock/mock-swagger/api/v3/pet,0,4.5,"HTTPConnectionPool(host='localhost', port=80): Max retries exceeded with url: /api/v1/mock/mock-swagger/api/v3/pet (Caused by NewConnectionError(""HTTPConnection(host='localhost', port=80): Failed to establish a new connection: [Errno 111] Connection refused""))"
2026-09-24T22:54:35.915423,call_ep_post__pet_b5ji_scn_scn_ep_post__pet_b5ji_404,POST,http://localhost/api/v1/mock/mock-swagger/api/v3/pet?error=404,0,3.74,"HTTPConnectionPool(host='localhost', port=80): Max retries exceeded with url: /api/v1/mock/mock-swagger/api/v3/pet?error=404 (Caused by NewConnectionError(""HTTPConnection(host='localhost', port=80): Failed to establish a new connection: [Errno 111] Connection refused""))"
2026-09-24T22:54:35.915663,call_ep_post__pet_b5ji_scn_scn_ep_post__pet_b5ji_400,POST,http://localhost/api/v1/mock/mock-swagger/api/v3/pet,0,2.93,"HTTPConnectionPool(host='localhost', port=80): Max retries exceeded with url: /api/v1/mock/mock-swagger/api/v3/pet (Caused by NewConnectionError(""HTTPConnection(host='localhost', port=80): Failed to establish a new connection: [Errno 111] Connection refused""))"
2026-09-24T22:54:35.938262,call_ep_post__pet_b5ji_scn_scn_ep_post__pet_b5ji_404,POST,http://localhost/api/v1/mock/mock-swagger/api/v3/pet?error=404,0,0.96,"HTTPConnectionPool(host='localhost', port=80): Max retries exceeded with url: /api/v1/mock/mock-swagger/api/v3/pet?error=404 (Caused by NewConnectionError(""HTTPConnection(host='localhost', port=80): Failed to establish a new connection: [Errno 111] Connection refused""))"
2026-09-24T22:54:35.944579,call_ep_post__pet_b5ji_scn_scn_ep_post__pet_b5ji_400,POST,http://localhost/api/v1/mock/mock-swagger/api/v3/pet,0,6.23,"HTTPConnectionPool(host='localhost', port=80): Max retries exceeded with url: /api/v1/mock/mock-swagger/api/v3/pet (Caused by NewConnectionError(""HTTPConnection(host='localhost', port=80): Failed to establish a new connection: [Errno 111] Connection refused""))"
2026-09-24T22:54:35.945195,call_ep_post__pet_b5ji_scn_scn_ep_post__pet_b5ji_400,POST,http://localhost/api/v1/mock/mock-swagger/api/v3/pet,0,3.6,"HTTPConnectionPool(host='localhost', port=80): Max retries exceeded with url: /api/v1/mock/mock-swagger/api/v3/pet (Caused by NewConnectionError(""HTTPConnection(host='localhost', port=80): Failed to establish a new connection: [Errno 111] Connection refused""))"
2026-09-24T22:54:35.945404,call_ep_put__pet_jchf_base,PUT,http://localhost/api/v1/mock/mock-swagger/api/v3/pet,0,5.9,"HTTPConnectionPool(host='localhost', port=80): Max retries exceeded with url: /api/v1/mock/mock-swagger/api/v3/pet (Caused by NewConnectionError(""HTTPConnection(host='localhost', port=80): Failed to establish a new connection: [Errno 111] Connection refused""))"
2026-09-24T22:54:35.945587,call_ep_post__pet_b5ji_scn_scn_ep_post__pet_b5ji_400,POST,http://localhost/api/v1/mock/mock-swagger/api/v3/pet,0,5.03,"HTTPConnectionPool(host='localhost', port=80): Max retries exceeded with url: /api/v1/mock/mock-swagger/api/v3/pet (Caused by NewConnectionError(""HTTPConnection(host='localhost', port=80): Failed to establish a new connection: [Errno 111] Connection refused""))"
2026-09-24T22:54:35.946103,call_ep_put__pet_jchf_base,PUT,http://localhost/api/v1/mock/mock-swagger/api/v3/pet,0,3.46,"HTTPConnectionPool(host='localhost', port=80): Max retries exceeded with url: /api/v1/mock/mock-swagger/api/v3/pet (Caused by NewConnectionError(""HTTPConnection(host='localhost', port=80): Failed to establish a new connection: [Errno 111] Connection refused""))"
2026-09-24T22:54:35.959351,call_ep_put__pet_jchf_base,PUT,http://localhost/api/v1/mock/mock-swagger/api/v3/pet,0,1.57,"HTTPConnectionPool(host='localhost', port=80): Max retries exceeded with url: /api/v1/mock/mock-swagger/api/v3/pet (Caused by NewConnectionError(""HTTPConnection(host='localhost', port=80): Failed to establish a new connection: [Errno 111] Connection refused""))"
2026-09-24T22:54:36.020251,call_ep_post__pet_b5ji_scn_scn_ep_post__pet_b5ji_404,POST,http://localhost/api/v1/mock/mock-swagger/api/v3/pet?error=404,0,4.32,"HTTPConnectionPool(host='localhost', port=80): Max retries exceeded with url: /api/v1/mock/mock-swagger/api/v3/pet?error=404 (Caused by NewConnectionError(""HTTPConnection(host='localhost', port=80): Failed to establish a new connection: [Errno 111] Connection refused""))"
2026-09-24T22:54:36.020590,call_ep_put__pet_jchf_base,PUT,http://localhost/api/v1/mock/mock-swagger/api/v3/pet,0,2.2,"HTTPConnectionPool(host='localhost', port=80): Max retries exceeded with url: /api/v1/mock/mock-swagger/api/v3/pet (Caused by NewConnectionError(""HTTPConnection(host='localhost', port=80): Failed to establish a new connection: [Errno 111] Connection refused""))"
2026-09-24T22:54:36.020851,call_ep_post__pet_b5ji_scn_scn_ep_post__pet_b5ji_404,POST,http://localhost/api/v1/mock/mock-swagger/api/v3/pet?error=404,0,3.53,"HTTPConnectionPool(host='localhost', port=80): Max retries exceeded with url: /api/v1/mock/mock-swagger/api/v3/pet?error=404 (Caused by NewConnectionError(""HTTPConnection(host='localhost', port=80): Failed to establish a new connection: [Errno 111] Connection refused""))"
2026-09-24T22:54:36.039724,call_ep_put__pet_jchf_base,PUT,http://localhost/api/v1/mock/mock-swagger/api/v3/pet,0,1.35,"HTTPConnectionPool(host='localhost', port=80): Max retries exceeded with url: /api/v1/mock/mock-swagger/api/v3/pet (Caused by NewConnectionError(""HTTPConnection(host='localhost', port=80): Failed to establish a new connection: [Errno 111] Connection refused""))"
2026-09-24T22:54:36.052035,call_ep_post__pet_b5ji_scn_scn_ep_post__pet_b5ji_404,POST,http://localhost/api/v1/mock/mock-swagger/api/v3/pet?error=404,0,3.99,"HTTPConnectionPool(host='localhost', port=80): Max retries exceeded with url: /api/v1/mock/mock-swagger/api/v3/pet?error=404 (Caused by NewConnectionError(""HTTPConnection(host='localhost', port=80): Failed to establish a new connection: [Errno 111] Connection refused""))"
2026-09-24T22:54:36.052680,call_ep_post__pet_b5ji_scn_scn_ep_post__pet_b5ji_404,POST,http://localhost/api/v1/mock/mock-swagger/api/v3/pet?error=404,0,5.65,"HTTPConnectionPool(host='localhost', port=80): Max retries exceeded with url: /api/v1/mock/mock-swagger/api/v3/pet?error=404 (Caused by NewConnectionError(""HTTPConnection(host='localhost', port=80): Failed to establish a new connection: [Errno 111] Connection refused""))"
2026-09-24T22:54:36.052902,call_ep_put__pet_jchf_scn_scn_ep_put__pet_jchf_401,PUT,http://localhost/api/v1/mock/mock-swagger/api/v3/pet,0,6.94,"HTTPConnectionPool(host='localhost', port=80): Max retries exceeded with url: /api/v1/mock/mock-swagger/api/v3/pet (Caused by NewConnectionError(""HTTPConnection(host='localhost', port=80): Failed to establish a new connection: [Errno 111] Connection refused""))"
2026-09-24T22:54:36.053090,call_ep_post__pet_b5ji_scn_scn_ep_post__pet_b5ji_404,POST,http://localhost/api/v1/mock/mock-swagger/api/v3/pet?error=404,0,8.31,"HTTPConnectionPool(host='localhost', port=80): Max retries exceeded with url: /api/v1/mock/mock-swagger/api/v3/pet?error=404 (Caused by NewConnectionError(""HTTPConnection(host='localhost', port=80): Failed to establish a new connection: [Errno 111] Connection refused""))"
2026-09-24T22:54:36.053441,call_ep_put__pet_jchf_scn_scn_ep_put__pet_jchf_401,PUT,http://localhost/api/v1/mock/mock-swagger/api/v3/pet,0,3.01,"HTTPConnectionPool(host='localhost', port=80): Max retries exceeded with url: /api/v1/mock/mock-swagger/api/v3/pet (Caused by NewConnectionError(""HTTPConnection(host='localhost', port=80): Failed to establish a new connection: [Errno 111] Connection refused""))"
2026-09-24T22:54:36.061102,call_ep_put__pet_jchf_scn_scn_ep_put__pet_jchf_401,PUT,http://localhost/api/v1/mock/mock-swagger/api/v3/pet,0,1.58,"HTTPConnectionPool(host='localhost', port=80): Max retries exceeded with url: /api/v1/mock/mock-swagger/api/v3/pet (Caused by NewConnectionError(""HTTPConnection(host='localhost', port=80): Failed to establish a new connection: [Errno 111] Connection refused""))"
2026-09-24T22:54:36.124559,call_ep_put__pet_jchf_base,PUT,http://localhost/api/v1/mock/mock-swagger/api/v3/pet,0,4.11,"HTTPConnectionPool(host='localhost', port=80): Max retries exceeded with url: /api/v1/mock/mock-swagger/api/v3/pet (Caused by NewConnectionError(""HTTPConnection(host='localhost', port=80): Failed to establish a new connection: [Errno 111] Connection refused""))"
2026-09-24T22:54:36.125001,call_ep_put__pet_jchf_scn_scn_ep_put__pet_jchf_401,PUT,http://localhost/api/v1/mock/mock-swagger/api/v3/pet,0,3.34,"HTTPConnectionPool(host='localhost', port=80): Max retries exceeded with url: /api/v1/mock/mock-swagger/api/v3/pet (Caused by NewConnectionError(""HTTPConnection(host='localhost', port=80): Failed to establish a new connection: [Errno 111] Connection refused""))"
2026-09-24T22:54:36.125391,call_ep_put__pet_jchf_base,PUT,http://localhost/api/v1/mock/mock-swagger/api/v3/pet,0,2.72,"HTTPConnectionPool(host='localhost', port=80): Max retries exceeded with url: /api/v1/mock/mock-swagger/api/v3/pet (Caused by NewConnectionError(""HTTPConnection(host='localhost', port=80): Failed to establish a new connection: [Errno 111] Connection refused""))"
2026-09-24T22:54:36.140845,call_ep_put__pet_jchf_scn_scn_ep_put__pet_jchf_401,PUT,http://localhost/api/v1/mock/mock-swagger/api/v3/pet,0,1.01,"HTTPConnectionPool(host='localhost', port=80): Max retries exceeded with url: /api/v1/mock/mock-swagger/api/v3/pet (Caused by NewConnectionError(""HTTPConnection(host='localhost', port=80): Failed to establish a new connection: [Errno 111] Connection refused""))"
2026-09-24T22:54:36.159223,call_ep_put__pet_jchf_base,PUT,http://localhost/api/v1/mock/mock-swagger/api/v3/pet,0,3.81,"HTTPConnectionPool(host='localhost', port=80): Max retries exceeded with url: /api/v1/mock/mock-swagger/api/v3/pet (Caused by NewConnectionError(""HTTPConnection(host='localhost', port=80): Failed to establish a new connection: [Errno 111] Connection refused""))"
2026-09-24T22:54:36.159632,call_ep_put__pet_jchf_base,PUT,http://localhost/api/v1/mock/mock-swagger/api/v3/pet,0,7.42,"HTTPConnectionPool(host='localhost', port=80): Max retries exceeded with url: /api/v1/mock/mock-swagger/api/v3/pet (Caused by NewConnectionError(""HTTPConnection(host='localhost', port=80): Failed to establish a new connection: [Errno 111] Connection refused""))"
2026-09-24T22:54:36.159911,call_ep_put__pet_jchf_scn_scn_ep_put__pet_jchf_400,PUT,http://localhost/api/v1/mock/mock-swagger/api/v3/pet,0,5.55,"HTTPConnectionPool(host='localhost', port=80): Max retries exceeded with url: /api/v1/mock/mock-swagger/api/v3/pet (Caused by NewConnectionError(""HTTPConnection(host='localhost', port=80): Failed to establish a new connection: [Errno 111] Connection refused""))"
2026-09-24T22:54:36.160174,call_ep_put__pet_jchf_base,PUT,http://localhost/api/v1/mock/mock-swagger/api/v3/pet,0,6.92,"HTTPConnectionPool(host='localhost', port=80): Max retries exceeded with url: /api/v1/mock/mock-swagger/api/v3/pet (Caused by NewConnectionError(""HTTPConnection(host='localhost', port=80): Failed to establish a new connection: [Errno 111] Connection refused""))"
2026-09-24T22:54:36.160507,call_ep_put__pet_jchf_scn_scn_ep_put__pet_jchf_400,PUT,http://localhost/api/v1/mock/mock-swagger/api/v3/pet,0,3.83,"HTTPConnectionPool(host='localhost', port=80): Max retries exceeded with url: /api/v1/mock/mock-swagger/api/v3/pet (Caused by NewConnectionError(""HTTPConnection(host='localhost', port=80): Failed to establish a new connection: [Errno 111] Connection refused""))"
2026-09-24T22:54:36.162802,call_ep_put__pet_jchf_scn_scn_ep_put__pet_jchf_400,PUT,http://localhost/api/v1/mock/mock-swagger/api/v3/pet,0,1.51,"HTTPConnectionPool(host='localhost', port=80): Max retries exceeded with url: /api/v1/mock/mock-swagger/api/v3/pet (Caused by NewConnectionError(""HTTPConnection(host='localhost', port=80): Failed to establish a new connection: [Errno 111] Connection refused""))"
2026-09-24T22:54:36.228533,call_ep_put__pet_jchf_scn_scn_ep_put__pet_jchf_400,PUT,http://localhost/api/v1/mock/mock-swagger/api/v3/pet,0,2.72,"HTTPConnectionPool(host='localhost', port=80): Max retries exceeded with url: /api/v1/mock/mock-swagger/api/v3/pet (Caused by NewConnectionError(""HTTPConnection(host='localhost', port=80): Failed to establish a new connection: [Errno 111] Connection refused""))"
2026-09-24T22:54:36.228794,call_ep_put__pet_jchf_scn_scn_ep_put__pet_jchf_401,PUT,http://localhost/api/v1/mock/mock-swagger/api/v3/pet,0,4.05,"HTTPConnectionPool(host='localhost', port=80): Max retries exceeded with url: /api/v1/mock/mock-swagger/api/v3/pet (Caused by NewConnectionError(""HTTPConnection(host='localhost', port=80): Failed to establish a new connection: [Errno 111] Connection refused""))"
2026-09-24T22:54:36.229134,call_ep_put__pet_jchf_scn_scn_ep_put__pet_jchf_401,PUT,http://localhost/api/v1/mock/mock-swagger/api/v3/pet,0,2.33,"HTTPConnectionPool(host='localhost', port=80): Max retries exceeded with url: /api/v1/mock/mock-swagger/api/v3/pet (Caused by NewConnectionError(""HTTPConnection(host='localhost', port=80): Failed to establish a new connection: [Errno 111] Connection refused""))"
2026-09-24T22:54:36.241956,call_ep_put__pet_jchf_scn_scn_ep_put__pet_jchf_400,PUT,http://localhost/api/v1/mock/mock-swagger/api/v3/pet,0,1.0,"HTTPConnectionPool(host='localhost', port=80): Max retries exceeded with url: /api/v1/mock/mock-swagger/api/v3/pet (Caused by NewConnectionError(""HTTPConnection(host='localhost', port=80): Failed to establish a new connection: [Errno 111] Connection refused""))"
2026-09-24T22:54:36.267028,call_ep_put__pet_jchf_scn_scn_ep_put__pet_jchf_401,PUT,http://localhost/api/v1/mock/mock-swagger/api/v3/pet,0,7.63,"HTTPConnectionPool(host='localhost', port=80): Max retries exceeded with url: /api/v1/mock/mock-swagger/api/v3/pet (Caused by NewConnectionError(""HTTPConnection(host='localhost', port=80): Failed to establish a new connection: [Errno 111] Connection refused""))"
2026-09-24T22:54:36.271375,call_ep_put__pet_jchf_scn_scn_ep_put__pet_jchf_401,PUT,http://localhost/api/v1/mock/mock-swagger/api/v3/pet,0,10.98,"HTTPConnectionPool(host='localhost', port=80): Max retries exceeded with url: /api/v1/mock/mock-swagger/api/v3/pet (Caused by NewConnectionError(""HTTPConnection(host='localhost', port=80): Failed to establish a new connection: [Errno 111] Connection refused""))"
2026-09-24T22:54:36.271666,call_ep_put__pet_jchf_scn_scn_ep_put__pet_jchf_404,PUT,http://localhost/api/v1/mock/mock-swagger/api/v3/pet?error=404,0,7.94,"HTTPConnectionPool(host='localhost', port=80): Max retries exceeded with url: /api/v1/mock/mock-swagger/api/v3/pet?error=404 (Caused by NewConnectionError(""HTTPConnection(host='localhost', port=80): Failed to establish a new connection: [Errno 111] Connection refused""))"
2026-09-24T22:54:36.272171,call_ep_put__pet_jchf_scn_scn_ep_put__pet_jchf_404,PUT,http://localhost/api/v1/mock/mock-swagger/api/v3/pet?error=404,0,7.35,"HTTPConnectionPool(host='localhost', port=80): Max retries exceeded with url: /api/v1/mock/mock-swagger/api/v3/pet?error=404 (Caused by NewConnectionError(""HTTPConnection(host='localhost', port=80): Failed to establish a new connection: [Errno 111] Connection refused""))"
2026-09-24T22:54:36.272470,call_ep_put__pet_jchf_scn_scn_ep_put__pet_jchf_401,PUT,http://localhost/api/v1/mock/mock-swagger/api/v3/pet,0,9.9,"HTTPConnectionPool(host='localhost', port=80): Max retries exceeded with url: /api/v1/mock/mock-swagger/api/v3/pet (Caused by NewConnectionError(""HTTPConnection(host='localhost', port=80): Failed to establish a new connection: [Errno 111] Connection refused""))"
2026-09-24T22:54:36.272734,call_ep_put__pet_jchf_scn_scn_ep_put__pet_jchf_404,PUT,http://localhost/api/v1/mock/mock-swagger/api/v3/pet?error=404,0,11.22,"HTTPConnectionPool(host='localhost', port=80): Max retries exceeded with url: /api/v1/mock/mock-swagger/api/v3/pet?error=404 (Caused by NewConnectionError(""HTTPConnection(host='localhost', port=80): Failed to establish a new connection: [Errno 111] Connection refused""))"
2026-09-24T22:54:36.332636,call_ep_put__pet_jchf_scn_scn_ep_put__pet_jchf_400,PUT,http://localhost/api/v1/mock/mock-swagger/api/v3/pet,0,2.78,"HTTPConnectionPool(host='localhost', port=80): Max retries exceeded with url: /api/v1/mock/mock-swagger/api/v3/pet (Caused by NewConnectionError(""HTTPConnection(host='localhost', port=80): Failed to establish a new connection: [Errno 111] Connection refused""))"
2026-09-24T22:54:36.332859,call_ep_put__pet_jchf_scn_scn_ep_put__pet_jchf_400,PUT,http://localhost/api/v1/mock/mock-swagger/api/v3/pet,0,1.98,"HTTPConnectionPool(host='localhost', port=80): Max retries exceeded with url: /api/v1/mock/mock-swagger/api/v3/pet (Caused by NewConnectionError(""HTTPConnection(host='localhost', port=80): Failed to establish a new connection: [Errno 111] Connection refused""))"
2026-09-24T22:54:36.333065,call_ep_put__pet_jchf_scn_scn_ep_put__pet_jchf_404,PUT,http://localhost/api/v1/mock/mock-swagger/api/v3/pet?error=404,0,4.36,"HTTPConnectionPool(host='localhost', port=80): Max retries exceeded with url: /api/v1/mock/mock-swagger/api/v3/pet?error=404 (Caused by NewConnectionError(""HTTPConnection(host='localhost', port=80): Failed to establish a new connection: [Errno 111] Connection refused""))"
2026-09-24T22:54:36.343111,call_ep_put__pet_jchf_scn_scn_ep_put__pet_jchf_404,PUT,http://localhost/api/v1/mock/mock-swagger/api/v3/pet?error=404,0,1.05,"HTTPConnectionPool(host='localhost', port=80): Max retries exceeded with url: /api/v1/mock/mock-swagger/api/v3/pet?error=404 (Caused by NewConnectionError(""HTTPConnection(host='localhost', port=80): Failed to establish a new connection: [Errno 111] Connection refused""))"
2026-09-24T22:54:36.368699,call_ep_put__pet_jchf_scn_scn_ep_put__pet_jchf_400,PUT,http://localhost/api/v1/mock/mock-swagger/api/v3/pet,0,1.5,"HTTPConnectionPool(host='localhost', port=80): Max retries exceeded with url: /api/v1/mock/mock-swagger/api/v3/pet (Caused by NewConnectionError(""HTTPConnection(host='localhost', port=80): Failed to establish a new connection: [Errno 111] Connection refused""))"
2026-09-24T22:54:36.377658,call_ep_get__pet_findByStatus_t14w_base,GET,http://localhost/api/v1/mock/mock-swagger/api/v3/pet/findByStatus?status=1,0,5.07,"HTTPConnectionPool(host='localhost', port=80): Max retries exceeded with url: /api/v1/mock/mock-swagger/api/v3/pet/findByStatus?status=1 (Caused by NewConnectionError(""HTTPConnection(host='localhost', port=80): Failed to establish a new connection: [Errno 111] Connection refused""))"
2026-09-24T22:54:36.378095,call_ep_get__pet_findByStatus_t14w_base,GET,http://localhost/api/v1/mock/mock-swagger/api/v3/pet/findByStatus?status=1,0,2.32,"HTTPConnectionPool(host='localhost', port=80): Max retries exceeded with url: /api/v1/mock/mock-swagger/api/v3/pet/findByStatus?status=1 (Caused by NewConnectionError(""HTTPConnection(host='localhost', port=80): Failed to establish a new connection: [Errno 111] Connection refused""))"
2026-09-24T22:54:36.378359,call_ep_get__pet_findByStatus_t14w_base,GET,http://localhost/api/v1/mock/mock-swagger/api/v3/pet/findByStatus?status=1,0,4.72,"HTTPConnectionPool(host='localhost', port=80): Max retries exceeded with url: /api/v1/mock/mock-swagger/api/v3/pet/findByStatus?status=1 (Caused by NewConnectionError(""HTTPConnection(host='localhost', port=80): Failed to establish a new connection: [Errno 111] Connection refused""))"
2026-09-24T22:54:36.378671,call_ep_put__pet_jchf_scn_scn_ep_put__pet_jchf_400,PUT,http://localhost/api/v1/mock/mock-swagger/api/v3/pet,0,4.05,"HTTPConnectionPool(host='localhost', port=80): Max retries exceeded with url: /api/v1/mock/mock-swagger/api/v3/pet (Caused by NewConnectionError(""HTTPConnection(host='localhost', port=80): Failed to establish a new connection: [Errno 111] Connection refused""))"
2026-09-24T22:54:36.378938,call_ep_put__pet_jchf_scn_scn_ep_put__pet_jchf_400,PUT,http://localhost/api/v1/mock/mock-swagger/api/v3/pet,0,7.39,"HTTPConnectionPool(host='localhost', port=80): Max retries exceeded with url: /api/v1/mock/mock-swagger/api/v3/pet (Caused by NewConnectionError(""HTTPConnection(host='localhost', port=80): Failed to establish a new connection: [Errno 111] Connection refused""))"
2026-09-24T22:54:36.437124,call_ep_put__pet_jchf_scn_scn_ep_put__pet_jchf_404,PUT,http://localhost/api/v1/mock/mock-swagger/api/v3/pet?error=404,0,4.31,"HTTPConnectionPool(host='localhost', port=80): Max retries exceeded with url: /api/v1/mock/mock-swagger/api/v3/pet?error=404 (Caused by NewConnectionError(""HTTPConnection(host='localhost', port=80): Failed to establish a new connection: [Errno 111] Connection refused""))"
2026-09-24T22:54:36.437484,call_ep_put__pet_jchf_scn_scn_ep_put__pet_jchf_404,PUT,http://localhost/api/v1/mock/mock-swagger/api/v3/pet?error=404,0,3.55,"HTTPConnectionPool(host='localhost', port=80): Max retries exceeded with url: /api/v1/mock/mock-swagger/api/v3/pet?error=404 (Caused by NewConnectionError(""HTTPConnection(host='localhost', port=80): Failed to establish a new connection: [Errno 111] Connection refused""))"
2026-09-24T22:54:36.437751,call_ep_get__pet_findByStatus_t14w_base,GET,http://localhost/api/v1/mock/mock-swagger/api/v3/pet/findByStatus?status=1,0,2.78,"HTTPConnectionPool(host='localhost', port=80): Max retries exceeded with url: /api/v1/mock/mock-swagger/api/v3/pet/findByStatus?status=1 (Caused by NewConnectionError(""HTTPConnection(host='localhost', port=80): Failed to establish a new connection: [Errno 111] Connection refused""))"
2026-09-24T22:54:36.444675,call_ep_get__pet_findByStatus_t14w_base,GET,http://localhost/api/v1/mock/mock-swagger/api/v3/pet/findByStatus?status=1,0,1.44,"HTTPConnectionPool(host='localhost', port=80): Max retries exceeded with url: /api/v1/mock/mock-swagger/api/v3/pet/findByStatus?status=1 (Caused by NewConnectionError(""HTTPConnection(host='localhost', port=80): Failed to establish a new connection: [Errno 111] Connection refused""))"
2026-09-24T22:54:36.470413,call_ep_put__pet_jchf_scn_scn_ep_put__pet_jchf_404,PUT,http://localhost/api/v1/mock/mock-swagger/api/v3/pet?error=404,0,1.54,"HTTPConnectionPool(host='localhost', port=80): Max retries exceeded with url: /api/v1/mock/mock-swagger/api/v3/pet?error=404 (Caused by NewConnectionError(""HTTPConnection(host='localhost', port=80): Failed to establish a new connection: [Errno 111] Connection refused""))"
2026-09-24T22:54:36.484169,call_ep_get__pet_findByStatus_t14w_scn_scn_ep_get__pet_findByStatus_t14w_401,GET,http://localhost/api/v1/mock/mock-swagger/api/v3/pet/findByStatus?status=1,0,6.34,"HTTPConnectionPool(host='localhost', port=80): Max retries exceeded with url: /api/v1/mock/mock-swagger/api/v3/pet/findByStatus?status=1 (Caused by NewConnectionError(""HTTPConnection(host='localhost', port=80): Failed to establish a new connection: [Errno 111] Connection refused""))"
2026-09-24T22:54:36.484447,call_ep_put__pet_jchf_scn_scn_ep_put__pet_jchf_404,PUT,http://localhost/api/v1/mock/mock-swagger/api/v3/pet?error=404,0,2.39,"HTTPConnectionPool(host='localhost', port=80): Max retries exceeded with url: /api/v1/mock/mock-swagger/api/v3/pet?error=404 (Caused by NewConnectionError(""HTTPConnection(host='localhost', port=80): Failed to establish a new connection: [Errno 111] Connection refused""))"
2026-09-24T22:54:36.484835,call_ep_put__pet_jchf_scn_scn_ep_put__pet_jchf_404,PUT,http://localhost/api/v1/mock/mock-swagger/api/v3/pet?error=404,0,3.78,"HTTPConnectionPool(host='localhost', port=80): Max retries exceeded with url: /api/v1/mock/mock-swagger/api/v3/pet?error=404 (Caused by NewConnectionError(""HTTPConnection(host='localhost', port=80): Failed to establish a new connection: [Errno 111] Connection refused""))"
2026-09-24T22:54:36.485121,call_ep_get__pet_findByStatus_t14w_scn_scn_ep_get__pet_findByStatus_t14w_401,GET,http://localhost/api/v1/mock/mock-swagger/api/v3/pet/findByStatus?status=1,0,6.07,"HTTPConnectionPool(host='localhost', port=80): Max retries exceeded with url: /api/v1/mock/mock-swagger/api/v3/pet/findByStatus?status=1 (Caused by NewConnectionError(""HTTPConnection(host='localhost', port=80): Failed to establish a new connection: [Errno 111] Connection refused""))"
2026-09-24T22:54:36.485399,call_ep_get__pet_findByStatus_t14w_scn_scn_ep_get__pet_findByStatus_t14w_401,GET,http://localhost/api/v1/mock/mock-swagger/api/v3/pet/findByStatus?status=1,0,5.35,"HTTPConnectionPool(host='localhost', port=80): Max retries exceeded with url: /api/v1/mock/mock-swagger/api/v3/pet/findByStatus?status=1 (Caused by NewConnectionError(""HTTPConnection(host='localhost', port=80): Failed to establish a new connection: [Errno 111] Connection refused""))"
2026-09-24T22:54:36.541091,call_ep_get__pet_findByStatus_t14w_base,GET,http://localhost/api/v1/mock/mock-swagger/api/v3/pet/findByStatus?status=1,0,3.79,"HTTPConnectionPool(host='localhost', port=80): Max retries exceeded with url: /api/v1/mock/mock-swagger/api/v3/pet/findByStatus?status=1 (Caused by NewConnectionError(""HTTPConnection(host='localhost', port=80): Failed to establish a new connection: [Errno 111] Connection refused""))"
2026-09-24T22:54:36.541436,call_ep_get__pet_findByStatus_t14w_scn_scn_ep_get__pet_findByStatus_t14w_401,GET,http://localhost/api/v1/mock/mock-swagger/api/v3/pet/findByStatus?status=1,0,2.03,"HTTPConnectionPool(host='localhost', port=80): Max retries exceeded with url: /api/v1/mock/mock-swagger/api/v3/pet/findByStatus?status=1 (Caused by NewConnectionError(""HTTPConnection(host='localhost', port=80): Failed to establish a new connection: [Errno 111] Connection refused""))"
2026-09-24T22:54:36.541688,call_ep_get__pet_findByStatus_t14w_base,GET,http://localhost/api/v1/mock/mock-swagger/api/v3/pet/findByStatus?status=1,0,3.33,"HTTPConnectionPool(host='localhost', port=80): Max retries exceeded with url: /api/v1/mock/mock-swagger/api/v3/pet/findByStatus?status=1 (Caused by NewConnectionError(""HTTPConnection(host='localhost', port=80): Failed to establish a new connection: [Errno 111] Connection refused""))"
2026-09-24T22:54:36.545792,call_ep_get__pet_findByStatus_t14w_scn_scn_ep_get__pet_findByStatus_t14w_401,GET,http://localhost/api/v1/mock/mock-swagger/api/v3/pet/findByStatus?status=1,0,0.99,"HTTPConnectionPool(host='localhost', port=80): Max retries exceeded with url: /api/v1/mock/mock-swagger/api/v3/pet/findByStatus?status=1 (Caused by NewConnectionError(""HTTPConnection(host='localhost', port=80): Failed to establish a new connection: [Errno 111] Connection refused""))"
2026-09-24T22:54:36.572552,call_ep_get__pet_findByStatus_t14w_base,GET,http://localhost/api/v1/mock/mock-swagger/api/v3/pet/findByStatus?status=1,0,1.97,"HTTPConnectionPool(host='localhost', port=80): Max retries exceeded with url: /api/v1/mock/mock-swagger/api/v3/pet/findByStatus?status=1 (Caused by NewConnectionError(""HTTPConnection(host='localhost', port=80): Failed to establish a new connection: [Errno 111] Connection refused""))"
2026-09-24T22:54:36.590539,call_ep_get__pet_findByStatus_t14w_scn_scn_ep_get__pet_findByStatus_t14w_400,GET,http://localhost/api/v1/mock/mock-swagger/api/v3/pet/findByStatus?status=1,0,6.19,"HTTPConnectionPool(host='localhost', port=80): Max retries exceeded with url: /api/v1/mock/mock-swagger/api/v3/pet/findByStatus?status=1 (Caused by NewConnectionError(""HTTPConnection(host='localhost', port=80): Failed to establish a new connection: [Errno 111] Connection refused""))"
2026-09-24T22:54:36.591075,call_ep_get__pet_findByStatus_t14w_base,GET,http://localhost/api/v1/mock/mock-swagger/api/v3/pet/findByStatus?status=1,0,5.7,"HTTPConnectionPool(host='localhost', port=80): Max retries exceeded with url: /api/v1/mock/mock-swagger/api/v3/pet/findByStatus?status=1 (Caused by NewConnectionError(""HTTPConnection(host='localhost', port=80): Failed to establish a new connection: [Errno 111] Connection refused""))"
2026-09-24T22:54:36.591382,call_ep_get__pet_findByStatus_t14w_scn_scn_ep_get__pet_findByStatus_t14w_400,GET,http://localhost/api/v1/mock/mock-swagger/api/v3/pet/findByStatus?status=1,0,3.97,"HTTPConnectionPool(host='localhost', port=80): Max retries exceeded with url: /api/v1/mock/mock-swagger/api/v3/pet/findByStatus?status=1 (Caused by NewConnectionError(""HTTPConnection(host='localhost', port=80): Failed to establish a new connection: [Errno 111] Connection refused""))"
2026-09-24T22:54:36.591589,call_ep_get__pet_findByStatus_t14w_scn_scn_ep_get__pet_findByStatus_t14w_400,GET,http://localhost/api/v1/mock/mock-swagger/api/v3/pet/findByStatus?status=1,0,3.06,"HTTPConnectionPool(host='localhost', port=80): Max retries exceeded with url: /api/v1/mock/mock-swagger/api/v3/pet/findByStatus?status=1 (Caused by NewConnectionError(""HTTPConnection(host='localhost', port=80): Failed to establish a new connection: [Errno 111] Connection refused""))"
2026-09-24T22:54:36.592103,call_ep_get__pet_findByStatus_t14w_base,GET,http://localhost/api/v1/mock/mock-swagger/api/v3/pet/findByStatus?status=1,0,5.77,"HTTPConnectionPool(host='localhost', port=80): Max retries exceeded with url: /api/v1/mock/mock-swagger/api/v3/pet/findByStatus?status=1 (Caused by NewConnectionError(""HTTPConnection(host='localhost', port=80): Failed to establish a new connection: [Errno 111] Connection refused""))"
2026-09-24T22:54:36.645064,call_ep_get__pet_findByStatus_t14w_scn_scn_ep_get__pet_findByStatus_t14w_401,GET,http://localhost/api/v1/mock/mock-swagger/api/v3/pet/findByStatus?status=1,0,3.8,"HTTPConnectionPool(host='localhost', port=80): Max retries exceeded with url: /api/v1/mock/mock-swagger/api/v3/pet/findByStatus?status=1 (Caused by NewConnectionError(""HTTPConnection(host='localhost', port=80): Failed to establish a new connection: [Errno 111] Connection refused""))"
2026-09-24T22:54:36.645398,call_ep_get__pet_findByStatus_t14w_scn_scn_ep_get__pet_findByStatus_t14w_400,GET,http://localhost/api/v1/mock/mock-swagger/api/v3/pet/findByStatus?status=1,0,3.09,"HTTPConnectionPool(host='localhost', port=80): Max retries exceeded with url: /api/v1/mock/mock-swagger/api/v3/pet/findByStatus?status=1 (Caused by NewConnectionError(""HTTPConnection(host='localhost', port=80): Failed to establish a new connection: [Errno 111] Connection refused""))"
2026-09-24T22:54:36.645677,call_ep_get__pet_findByStatus_t14w_scn_scn_ep_get__pet_findByStatus_t14w_401,GET,http://localhost/api/v1/mock/mock-swagger/api/v3/pet/findByStatus?status=1,0,2.33,"HTTPConnectionPool(host='localhost', port=80): Max retries exceeded with url: /api/v1/mock/mock-swagger/api/v3/pet/findByStatus?status=1 (Caused by NewConnectionError(""HTTPConnection(host='localhost', port=80): Failed to establish a new connection: [Errno 111] Connection refused""))"
2026-09-24T22:54:36.646957,call_ep_get__pet_findByStatus_t14w_scn_scn_ep_get__pet_findByStatus_t14w_400,GET,http://localhost/api/v1/mock/mock-swagger/api/v3/pet/findByStatus?status=1,0,1.05,"HTTPConnectionPool(host='localhost', port=80): Max retries exceeded with url: /api/v1/mock/mock-swagger/api/v3/pet/findByStatus?status=1 (Caused by NewConnectionError(""HTTPConnection(host='localhost', port=80): Failed to establish a new connection: [Errno 111] Connection refused""))"
2026-09-24T22:54:36.674301,call_ep_get__pet_findByStatus_t14w_scn_scn_ep_get__pet_findByStatus_t14w_401,GET,http://localhost/api/v1/mock/mock-swagger/api/v3/pet/findByStatus?status=1,0,1.58,"HTTPConnectionPool(host='localhost', port=80): Max retries exceeded with url: /api/v1/mock/mock-swagger/api/v3/pet/findByStatus?status=1 (Caused by NewConnectionError(""HTTPConnection(host='localhost', port=80): Failed to establish a new connection: [Errno 111] Connection refused""))"
2026-09-24T22:54:36.697376,call_ep_get__pet_findByStatus_t14w_scn_scn_ep_get__pet_findByStatus_t14w_404,GET,http://localhost/api/v1/mock/mock-swagger/api/v3/pet/findByStatus?status=1&error=404,0,6.66,"HTTPConnectionPool(host='localhost', port=80): Max retries exceeded with url: /api/v1/mock/mock-swagger/api/v3/pet/findByStatus?status=1&error=404 (Caused by NewConnectionError(""HTTPConnection(host='localhost', port=80): Failed to establish a new connection: [Errno 111] Connection refused""))"
2026-09-24T22:54:36.697740,call_ep_get__pet_findByStatus_t14w_scn_scn_ep_get__pet_findByStatus_t14w_401,GET,http://localhost/api/v1/mock/mock-swagger/api/v3/pet/findByStatus?status=1,0,2.79,"HTTPConnectionPool(host='localhost', port=80): Max retries exceeded with url: /api/v1/mock/mock-swagger/api/v3/pet/findByStatus?status=1 (Caused by NewConnectionError(""HTTPConnection(host='localhost', port=80): Failed to establish a new connection: [Errno 111] Connection refused""))"
2026-09-24T22:54:36.698145,call_ep_get__pet_findByStatus_t14w_scn_scn_ep_get__pet_findByStatus_t14w_404,GET,http://localhost/api/v1/mock/mock-swagger/api/v3/pet/findByStatus?status=1&error=404,0,5.51,"HTTPConnectionPool(host='localhost', port=80): Max retries exceeded with url: /api/v1/mock/mock-swagger/api/v3/pet/findByStatus?status=1&error=404 (Caused by NewConnectionError(""HTTPConnection(host='localhost', port=80): Failed to establish a new connection: [Errno 111] Connection refused""))"
2026-09-24T22:54:36.698400,call_ep_get__pet_findByStatus_t14w_scn_scn_ep_get__pet_findByStatus_t14w_404,GET,http://localhost/api/v1/mock/mock-swagger/api/v3/pet/findByStatus?status=1&error=404,0,4.69,"HTTPConnectionPool(host='localhost', port=80): Max retries exceeded with url: /api/v1/mock/mock-swagger/api/v3/pet/findByStatus?status=1&error=404 (Caused by NewConnectionError(""HTTPConnection(host='localhost', port=80): Failed to establish a new connection: [Errno 111] Connection refused""))"
2026-09-24T22:54:36.698726,call_ep_get__pet_findByStatus_t14w_scn_scn_ep_get__pet_findByStatus_t14w_401,GET,http://localhost/api/v1/mock/mock-swagger/api/v3/pet/findByStatus?status=1,0,7.04,"HTTPConnectionPool(host='localhost', port=80): Max retries exceeded with url: /api/v1/mock/mock-swagger/api/v3/pet/findByStatus?status=1 (Caused by NewConnectionError(""HTTPConnection(host='localhost', port=80): Failed to establish a new connection: [Errno 111] Connection refused""))"
2026-09-24T22:54:36.749778,call_ep_get__pet_findByStatus_t14w_scn_scn_ep_get__pet_findByStatus_t14w_400,GET,http://localhost/api/v1/mock/mock-swagger/api/v3/pet/findByStatus?status=1,0,4.54,"HTTPConnectionPool(host='localhost', port=80): Max retries exceeded with url: /api/v1/mock/mock-swagger/api/v3/pet/findByStatus?status=1 (Caused by NewConnectionError(""HTTPConnection(host='localhost', port=80): Failed to establish a new connection: [Errno 111] Connection refused""))"
2026-09-24T22:54:36.750096,call_ep_get__pet_findByStatus_t14w_scn_scn_ep_get__pet_findByStatus_t14w_404,GET,http://localhost/api/v1/mock/mock-swagger/api/v3/pet/findByStatus?status=1&error=404,0,1.69,"HTTPConnectionPool(host='localhost', port=80): Max retries exceeded with url: /api/v1/mock/mock-swagger/api/v3/pet/findByStatus?status=1&error=404 (Caused by NewConnectionError(""HTTPConnection(host='localhost', port=80): Failed to establish a new connection: [Errno 111] Connection refused""))"
2026-09-24T22:54:36.750419,call_ep_get__pet_findByStatus_t14w_scn_scn_ep_get__pet_findByStatus_t14w_404,GET,http://localhost/api/v1/mock/mock-swagger/api/v3/pet/findByStatus?status=1&error=404,0,4.12,"HTTPConnectionPool(host='localhost', port=80): Max retries exceeded with url: /api/v1/mock/mock-swagger/api/v3/pet/findByStatus?status=1&error=404 (Caused by NewConnectionError(""HTTPConnection(host='localhost', port=80): Failed to establish a new connection: [Errno 111] Connection refused""))"
2026-09-24T22:54:36.750688,call_ep_get__pet_findByStatus_t14w_scn_scn_ep_get__pet_findByStatus_t14w_400,GET,http://localhost/api/v1/mock/mock-swagger/api/v3/pet/findByStatus?status=1,0,3.38,"HTTPConnectionPool(host='localhost', port=80): Max retries exceeded with url: /api/v1/mock/mock-swagger/api/v3/pet/findByStatus?status=1 (Caused by NewConnectionError(""HTTPConnection(host='localhost', port=80): Failed to establish a new connection: [Errno 111] Connection refused""))"
2026-09-24T22:54:36.775994,call_ep_get__pet_findByStatus_t14w_scn_scn_ep_get__pet_findByStatus_t14w_400,GET,http://localhost/api/v1/mock/mock-swagger/api/v3/pet/findByStatus?status=1,0,1.52,"HTTPConnectionPool(host='localhost', port=80): Max retries exceeded with url: /api/v1/mock/mock-swagger/api/v3/pet/findByStatus?status=1 (Caused by NewConnectionError(""HTTPConnection(host='localhost', port=80): Failed to establish a new connection: [Errno 111] Connection refused""))"
2026-09-24T22:54:36.803748,call_ep_get__pet_findByStatus_t14w_scn_scn_ep_get__pet_findByStatus_t14w_400,GET,http://localhost/api/v1/mock/mock-swagger/api/v3/pet/findByStatus?status=1,0,5.18,"HTTPConnectionPool(host='localhost', port=80): Max retries exceeded with url: /api/v1/mock/mock-swagger/api/v3/pet/findByStatus?status=1 (Caused by NewConnectionError(""HTTPConnection(host='localhost', port=80): Failed to establish a new connection: [Errno 111] Connection refused""))"
2026-09-24T22:54:36.804099,call_ep_get__pet_findByTags_eg92_base,GET,http://localhost/api/v1/mock/mock-swagger/api/v3/pet/findByTags?tags=1,0,6.55,"HTTPConnectionPool(host='localhost', port=80): Max retries exceeded with url: /api/v1/mock/mock-swagger/api/v3/pet/findByTags?tags=1 (Caused by NewConnectionError(""HTTPConnection(host='localhost', port=80): Failed to establish a new connection: [Errno 111] Connection refused""))"
2026-09-24T22:54:36.804374,call_ep_get__pet_findByTags_eg92_base,GET,http://localhost/api/v1/mock/mock-swagger/api/v3/pet/findByTags?tags=1,0,4.79,"HTTPConnectionPool(host='localhost', port=80): Max retries exceeded with url: /api/v1/mock/mock-swagger/api/v3/pet/findByTags?tags=1 (Caused by NewConnectionError(""HTTPConnection(host='localhost', port=80): Failed to establish a new connection: [Errno 111] Connection refused""))"
2026-09-24T22:54:36.804685,call_ep_get__pet_findByTags_eg92_base,GET,http://localhost/api/v1/mock/mock-swagger/api/v3/pet/findByTags?tags=1,0,4.12,"HTTPConnectionPool(host='localhost', port=80): Max retries exceeded with url: /api/v1/mock/mock-swagger/api/v3/pet/findByTags?tags=1 (Caused by NewConnectionError(""HTTPConnection(host='localhost', port=80): Failed to establish a new connection: [Errno 111] Connection refused""))"
2026-09-24T22:54:36.804964,call_ep_get__pet_findByStatus_t14w_scn_scn_ep_get__pet_findByStatus_t14w_400,GET,http://localhost/api/v1/mock/mock-swagger/api/v3/pet/findByStatus?status=1,0,3.26,"HTTPConnectionPool(host='localhost', port=80): Max retries exceeded with url: /api/v1/mock/mock-swagger/api/v3/pet/findByStatus?status=1 (Caused by NewConnectionError(""HTTPConnection(host='localhost', port=80): Failed to establish a new connection: [Errno 111] Connection refused""))"
2026-09-24T22:54:36.854691,call_ep_get__pet_findByStatus_t14w_scn_scn_ep_get__pet_findByStatus_t14w_404,GET,http://localhost/api/v1/mock/mock-swagger/api/v3/pet/findByStatus?status=1&error=404,0,4.74,"HTTPConnectionPool(host='localhost', port=80): Max retries exceeded with url: /api/v1/mock/mock-swagger/api/v3/pet/findByStatus?status=1&error=404 (Caused by NewConnectionError(""HTTPConnection(host='localhost', port=80): Failed to establish a new connection: [Errno 111] Connection refused""))"
2026-09-24T22:54:36.854982,call_ep_get__pet_findByTags_eg92_base,GET,http://localhost/api/v1/mock/mock-swagger/api/v3/pet/findByTags?tags=1,0,4.04,"HTTPConnectionPool(host='localhost', port=80): Max retries exceeded with url: /api/v1/mock/mock-swagger/api/v3/pet/findByTags?tags=1 (Caused by NewConnectionError(""HTTPConnection(host='localhost', port=80): Failed to establish a new connection: [Errno 111] Connection refused""))"
2026-09-24T22:54:36.855332,call_ep_get__pet_findByStatus_t14w_scn_scn_ep_get__pet_findByStatus_t14w_404,GET,http://localhost/api/v1/mock/mock-swagger/api/v3/pet/findByStatus?status=1&error=404,0,2.32,"HTTPConnectionPool(host='localhost', port=80): Max retries exceeded with url: /api/v1/mock/mock-swagger/api/v3/pet/findByStatus?status=1&error=404 (Caused by NewConnectionError(""HTTPConnection(host='localhost', port=80): Failed to establish a new connection: [Errno 111] Connection refused""))"
2026-09-24T22:54:36.855695,call_ep_get__pet_findByTags_eg92_base,GET,http://localhost/api/v1/mock/mock-swagger/api/v3/pet/findByTags?tags=1,0,3.7,"HTTPConnectionPool(host='localhost', port=80): Max retries exceeded with url: /api/v1/mock/mock-swagger/api/v3/pet/findByTags?tags=1 (Caused by NewConnectionError(""HTTPConnection(host='localhost', port=80): Failed to establish a new connection: [Errno 111] Connection refused""))"
2026-09-24T22:54:36.877679,call_ep_get__pet_findByStatus_t14w_scn_scn_ep_get__pet_findByStatus_t14w_404,GET,http://localhost/api/v1/mock/mock-swagger/api/v3/pet/findByStatus?status=1&error=404,0,1.51,"HTTPConnectionPool(host='localhost', port=80): Max retries exceeded with url: /api/v1/mock/mock-swagger/api/v3/pet/findByStatus?status=1&error=404 (Caused by NewConnectionError(""HTTPConnection(host='localhost', port=80): Failed to establish a new connection: [Errno 111] Connection refused""))"
2026-09-24T22:54:36.909773,call_ep_get__pet_findByTags_eg92_scn_scn_ep_get__pet_findByTags_eg92_401,GET,http://localhost/api/v1/mock/mock-swagger/api/v3/pet/findByTags?tags=1,0,2.92,"HTTPConnectionPool(host='localhost', port=80): Max retries exceeded with url: /api/v1/mock/mock-swagger/api/v3/pet/findByTags?tags=1 (Caused by NewConnectionError(""HTTPConnection(host='localhost', port=80): Failed to establish a new connection: [Errno 111] Connection refused""))"
2026-09-24T22:54:36.910412,call_ep_get__pet_findByStatus_t14w_scn_scn_ep_get__pet_findByStatus_t14w_404,GET,http://localhost/api/v1/mock/mock-swagger/api/v3/pet/findByStatus?status=1&error=404,0,6.49,"HTTPConnectionPool(host='localhost', port=80): Max retries exceeded with url: /api/v1/mock/mock-swagger/api/v3/pet/findByStatus?status=1&error=404 (Caused by NewConnectionError(""HTTPConnection(host='localhost', port=80): Failed to establish a new connection: [Errno 111] Connection refused""))"
2026-09-24T22:54:36.910632,call_ep_get__pet_findByTags_eg92_scn_scn_ep_get__pet_findByTags_eg92_401,GET,http://localhost/api/v1/mock/mock-swagger/api/v3/pet/findByTags?tags=1,0,5.78,"HTTPConnectionPool(host='localhost', port=80): Max retries exceeded with url: /api/v1/mock/mock-swagger/api/v3/pet/findByTags?tags=1 (Caused by NewConnectionError(""HTTPConnection(host='localhost', port=80): Failed to establish a new connection: [Errno 111] Connection refused""))"
2026-09-24T22:54:36.910841,call_ep_get__pet_findByTags_eg92_scn_scn_ep_get__pet_findByTags_eg92_401,GET,http://localhost/api/v1/mock/mock-swagger/api/v3/pet/findByTags?tags=1,0,4.99,"HTTPConnectionPool(host='localhost', port=80): Max retries exceeded with url: /api/v1/mock/mock-swagger/api/v3/pet/findByTags?tags=1 (Caused by NewConnectionError(""HTTPConnection(host='localhost', port=80): Failed to establish a new connection: [Errno 111] Connection refused""))"
2026-09-24T22:54:36.911208,call_ep_get__pet_findByStatus_t14w_scn_scn_ep_get__pet_findByStatus_t14w_404,GET,http://localhost/api/v1/mock/mock-swagger/api/v3/pet/findByStatus?status=1&error=404,0,3.21,"HTTPConnectionPool(host='localhost', port=80): Max retries exceeded with url: /api/v1/mock/mock-swagger/api/v3/pet/findByStatus?status=1&error=404 (Caused by NewConnectionError(""HTTPConnection(host='localhost', port=80): Failed to establish a new connection: [Errno 111] Connection refused""))"
2026-09-24T22:54:36.959347,call_ep_get__pet_findByTags_eg92_scn_scn_ep_get__pet_findByTags_eg92_401,GET,http://localhost/api/v1/mock/mock-swagger/api/v3/pet/findByTags?tags=1,0,3.47,"HTTPConnectionPool(host='localhost', port=80): Max retries exceeded with url: /api/v1/mock/mock-swagger/api/v3/pet/findByTags?tags=1 (Caused by NewConnectionError(""HTTPConnection(host='localhost', port=80): Failed to establish a new connection: [Errno 111] Connection refused""))"
2026-09-24T22:54:36.959734,call_ep_get__pet_findByTags_eg92_base,GET,http://localhost/api/v1/mock/mock-swagger/api/v3/pet/findByTags?tags=1,0,4.87,"HTTPConnectionPool(host='localhost', port=80): Max retries exceeded with url: /api/v1/mock/mock-swagger/api/v3/pet/findByTags?tags=1 (Caused by NewConnectionError(""HTTPConnection(host='localhost', port=80): Failed to establish a new connection: [Errno 111] Connection refused""))"
2026-09-24T22:54:36.960569,call_ep_get__pet_findByTags_eg92_base,GET,http://localhost/api/v1/mock/mock-swagger/api/v3/pet/findByTags?tags=1,0,3.53,"HTTPConnectionPool(host='localhost', port=80): Max retries exceeded with url: /api/v1/mock/mock-swagger/api/v3/pet/findByTags?tags=1 (Caused by NewConnectionError(""HTTPConnection(host='localhost', port=80): Failed to establish a new connection: [Errno 111] Connection refused""))"
2026-09-24T22:54:36.960795,call_ep_get__pet_findByTags_eg92_scn_scn_ep_get__pet_findByTags_eg92_401,GET,http://localhost/api/v1/mock/mock-swagger/api/v3/pet/findByTags?tags=1,0,3.2,"HTTPConnectionPool(host='localhost', port=80): Max retries exceeded with url: /api/v1/mock/mock-swagger/api/v3/pet/findByTags?tags=1 (Caused by NewConnectionError(""HTTPConnection(host='localhost', port=80): Failed to establish a new connection: [Errno 111] Connection refused""))"
2026-09-24T22:54:36.979432,call_ep_get__pet_findByTags_eg92_base,GET,http://localhost/api/v1/mock/mock-swagger/api/v3/pet/findByTags?tags=1,0,1.58,"HTTPConnectionPool(host='localhost', port=80): Max retries exceeded with url: /api/v1/mock/mock-swagger/api/v3/pet/findByTags?tags=1 (Caused by NewConnectionError(""HTTPConnection(host='localhost', port=80): Failed to establish a new connection: [Errno 111] Connection refused""))"
2026-09-24T22:54:37.016015,call_ep_get__pet_findByTags_eg92_scn_scn_ep_get__pet_findByTags_eg92_400,GET,http://localhost/api/v1/mock/mock-swagger/api/v3/pet/findByTags?tags=1,0,6.07,"HTTPConnectionPool(host='localhost', port=80): Max retries exceeded with url: /api/v1/mock/mock-swagger/api/v3/pet/findByTags?tags=1 (Caused by NewConnectionError(""HTTPConnection(host='localhost', port=80): Failed to establish a new connection: [Errno 111] Connection refused""))"
2026-09-24T22:54:37.016362,call_ep_get__pet_findByTags_eg92_scn_scn_ep_get__pet_findByTags_eg92_400,GET,http://localhost/api/v1/mock/mock-swagger/api/v3/pet/findByTags?tags=1,0,4.48,"HTTPConnectionPool(host='localhost', port=80): Max retries exceeded with url: /api/v1/mock/mock-swagger/api/v3/pet/findByTags?tags=1 (Caused by NewConnectionError(""HTTPConnection(host='localhost', port=80): Failed to establish a new connection: [Errno 111] Connection refused""))"
2026-09-24T22:54:37.021558,call_ep_get__pet_findByTags_eg92_base,GET,http://localhost/api/v1/mock/mock-swagger/api/v3/pet/findByTags?tags=1,0,10.6,"HTTPConnectionPool(host='localhost', port=80): Max retries exceeded with url: /api/v1/mock/mock-swagger/api/v3/pet/findByTags?tags=1 (Caused by NewConnectionError(""HTTPConnection(host='localhost', port=80): Failed to establish a new connection: [Errno 111] Connection refused""))"
2026-09-24T22:54:37.021792,call_ep_get__pet_findByTags_eg92_scn_scn_ep_get__pet_findByTags_eg92_400,GET,http://localhost/api/v1/mock/mock-swagger/api/v3/pet/findByTags?tags=1,0,8.88,"HTTPConnectionPool(host='localhost', port=80): Max retries exceeded with url: /api/v1/mock/mock-swagger/api/v3/pet/findByTags?tags=1 (Caused by NewConnectionError(""HTTPConnection(host='localhost', port=80): Failed to establish a new connection: [Errno 111] Connection refused""))"
2026-09-24T22:54:37.022096,call_ep_get__pet_findByTags_eg92_base,GET,http://localhost/api/v1/mock/mock-swagger/api/v3/pet/findByTags?tags=1,0,8.0,"HTTPConnectionPool(host='localhost', port=80): Max retries exceeded with url: /api/v1/mock/mock-swagger/api/v3/pet/findByTags?tags=1 (Caused by NewConnectionError(""HTTPConnection(host='localhost', port=80): Failed to establish a new connection: [Errno 111] Connection refused""))"
2026-09-24T22:54:37.063631,call_ep_get__pet_findByTags_eg92_scn_scn_ep_get__pet_findByTags_eg92_400,GET,http://localhost/api/v1/mock/mock-swagger/api/v3/pet/findByTags?tags=1,0,4.16,"HTTPConnectionPool(host='localhost', port=80): Max retries exceeded with url: /api/v1/mock/mock-swagger/api/v3/pet/findByTags?tags=1 (Caused by NewConnectionError(""HTTPConnection(host='localhost', port=80): Failed to establish a new connection: [Errno 111] Connection refused""))"
2026-09-24T22:54:37.064226,call_ep_get__pet_findByTags_eg92_scn_scn_ep_get__pet_findByTags_eg92_401,GET,http://localhost/api/v1/mock/mock-swagger/api/v3/pet/findByTags?tags=1,0,3.93,"HTTPConnectionPool(host='localhost', port=80): Max retries exceeded with url: /api/v1/mock/mock-swagger/api/v3/pet/findByTags?tags=1 (Caused by NewConnectionError(""HTTPConnection(host='localhost', port=80): Failed to establish a new connection: [Errno 111] Connection refused""))"
2026-09-24T22:54:37.064540,call_ep_get__pet_findByTags_eg92_scn_scn_ep_get__pet_findByTags_eg92_400,GET,http://localhost/api/v1/mock/mock-swagger/api/v3/pet/findByTags?tags=1,0,2.27,"HTTPConnectionPool(host='localhost', port=80): Max retries exceeded with url: /api/v1/mock/mock-swagger/api/v3/pet/findByTags?tags=1 (Caused by NewConnectionError(""HTTPConnection(host='localhost', port=80): Failed to establish a new connection: [Errno 111] Connection refused""))"
2026-09-24T22:54:37.064784,call_ep_get__pet_findByTags_eg92_scn_scn_ep_get__pet_findByTags_eg92_401,GET,http://localhost/api/v1/mock/mock-swagger/api/v3/pet/findByTags?tags=1,0,3.43,"HTTPConnectionPool(host='localhost', port=80): Max retries exceeded with url: /api/v1/mock/mock-swagger/api/v3/pet/findByTags?tags=1 (Caused by NewConnectionError(""HTTPConnection(host='localhost', port=80): Failed to establish a new connection: [Errno 111] Connection refused""))"
2026-09-24T22:54:37.080826,call_ep_get__pet_findByTags_eg92_scn_scn_ep_get__pet_findByTags_eg92_401,GET,http://localhost/api/v1/mock/mock-swagger/api/v3/pet/findByTags?tags=1,0,1.26,"HTTPConnectionPool(host='localhost', port=80): Max retries exceeded with url: /api/v1/mock/mock-swagger/api/v3/pet/findByTags?tags=1 (Caused by NewConnectionError(""HTTPConnection(host='localhost', port=80): Failed to establish a new connection: [Errno 111] Connection refused""))"
2026-09-24T22:54:37.119142,call_ep_get__pet_findByTags_eg92_scn_scn_ep_get__pet_findByTags_eg92_404,GET,http://localhost/api/v1/mock/mock-swagger/api/v3/pet/findByTags?tags=1&error=404,0,2.95,"HTTPConnectionPool(host='localhost', port=80): Max retries exceeded with url: /api/v1/mock/mock-swagger/api/v3/pet/findByTags?tags=1&error=404 (Caused by NewConnectionError(""HTTPConnection(host='localhost', port=80): Failed to establish a new connection: [Errno 111] Connection refused""))"
2026-09-24T22:54:37.119553,call_ep_get__pet_findByTags_eg92_scn_scn_ep_get__pet_findByTags_eg92_404,GET,http://localhost/api/v1/mock/mock-swagger/api/v3/pet/findByTags?tags=1&error=404,0,1.89,"HTTPConnectionPool(host='localhost', port=80): Max retries exceeded with url: /api/v1/mock/mock-swagger/api/v3/pet/findByTags?tags=1&error=404 (Caused by NewConnectionError(""HTTPConnection(host='localhost', port=80): Failed to establish a new connection: [Errno 111] Connection refused""))"
2026-09-24T22:54:37.125519,call_ep_get__pet_findByTags_eg92_scn_scn_ep_get__pet_findByTags_eg92_401,GET,http://localhost/api/v1/mock/mock-swagger/api/v3/pet/findByTags?tags=1,0,3.79,"HTTPConnectionPool(host='localhost', port=80): Max retries exceeded with url: /api/v1/mock/mock-swagger/api/v3/pet/findByTags?tags=1 (Caused by NewConnectionError(""HTTPConnection(host='localhost', port=80): Failed to establish a new connection: [Errno 111] Connection refused""))"
2026-09-24T22:54:37.125937,call_ep_get__pet_findByTags_eg92_scn_scn_ep_get__pet_findByTags_eg92_401,GET,http://localhost/api/v1/mock/mock-swagger/api/v3/pet/findByTags?tags=1,0,2.17,"HTTPConnectionPool(host='localhost', port=80): Max retries exceeded with url: /api/v1/mock/mock-swagger/api/v3/pet/findByTags?tags=1 (Caused by NewConnectionError(""HTTPConnection(host='localhost', port=80): Failed to establish a new connection: [Errno 111] Connection refused""))"
2026-09-24T22:54:37.126115,call_ep_get__pet_findByTags_eg92_scn_scn_ep_get__pet_findByTags_eg92_404,GET,http://localhost/api/v1/mock/mock-swagger/api/v3/pet/findByTags?tags=1&error=404,0,3.34,"HTTPConnectionPool(host='localhost', port=80): Max retries exceeded with url: /api/v1/mock/mock-swagger/api/v3/pet/findByTags?tags=1&error=404 (Caused by NewConnectionError(""HTTPConnection(host='localhost', port=80): Failed to establish a new connection: [Errno 111] Connection refused""))"
2026-09-24T22:54:37.168403,call_ep_get__pet_findByTags_eg92_scn_scn_ep_get__pet_findByTags_eg92_404,GET,http://localhost/api/v1/mock/mock-swagger/api/v3/pet/findByTags?tags=1&error=404,0,4.65,"HTTPConnectionPool(host='localhost', port=80): Max retries exceeded with url: /api/v1/mock/mock-swagger/api/v3/pet/findByTags?tags=1&error=404 (Caused by NewConnectionError(""HTTPConnection(host='localhost', port=80): Failed to establish a new connection: [Errno 111] Connection refused""))"
2026-09-24T22:54:37.168817,call_ep_get__pet_findByTags_eg92_scn_scn_ep_get__pet_findByTags_eg92_400,GET,http://localhost/api/v1/mock/mock-swagger/api/v3/pet/findByTags?tags=1,0,4.19,"HTTPConnectionPool(host='localhost', port=80): Max retries exceeded with url: /api/v1/mock/mock-swagger/api/v3/pet/findByTags?tags=1 (Caused by NewConnectionError(""HTTPConnection(host='localhost', port=80): Failed to establish a new connection: [Errno 111] Connection refused""))"
2026-09-24T22:54:37.169138,call_ep_get__pet_findByTags_eg92_scn_scn_ep_get__pet_findByTags_eg92_404,GET,http://localhost/api/v1/mock/mock-swagger/api/v3/pet/findByTags?tags=1&error=404,0,3.46,"HTTPConnectionPool(host='localhost', port=80): Max retries exceeded with url: /api/v1/mock/mock-swagger/api/v3/pet/findByTags?tags=1&error=404 (Caused by NewConnectionError(""HTTPConnection(host='localhost', port=80): Failed to establish a new connection: [Errno 111] Connection refused""))"
2026-09-24T22:54:37.169410,call_ep_get__pet_findByTags_eg92_scn_scn_ep_get__pet_findByTags_eg92_400,GET,http://localhost/api/v1/mock/mock-swagger/api/v3/pet/findByTags?tags=1,0,2.59,"HTTPConnectionPool(host='localhost', port=80): Max retries exceeded with url: /api/v1/mock/mock-swagger/api/v3/pet/findByTags?tags=1 (Caused by NewConnectionError(""HTTPConnection(host='localhost', port=80): Failed to establish a new connection: [Errno 111] Connection refused""))"
2026-09-24T22:54:37.182568,call_ep_get__pet_findByTags_eg92_scn_scn_ep_get__pet_findByTags_eg92_400,GET,http://localhost/api/v1/mock/mock-swagger/api/v3/pet/findByTags?tags=1,0,1.59,"HTTPConnectionPool(host='localhost', port=80): Max retries exceeded with url: /api/v1/mock/mock-swagger/api/v3/pet/findByTags?tags=1 (Caused by NewConnectionError(""HTTPConnection(host='localhost', port=80): Failed to establish a new connection: [Errno 111] Connection refused""))"
2026-09-24T22:54:37.222355,call_ep_get__pet__petId__mpbf_base,GET,http://localhost/api/v1/mock/mock-swagger/api/v3/pet/{petId},0,3.01,"HTTPConnectionPool(host='localhost', port=80): Max retries exceeded with url: /api/v1/mock/mock-swagger/api/v3/pet/%7BpetId%7D (Caused by NewConnectionError(""HTTPConnection(host='localhost', port=80): Failed to establish a new connection: [Errno 111] Connection refused""))"
2026-09-24T22:54:37.222738,call_ep_get__pet__petId__mpbf_base,GET,http://localhost/api/v1/mock/mock-swagger/api/v3/pet/{petId},0,2.06,"HTTPConnectionPool(host='localhost', port=80): Max retries exceeded with url: /api/v1/mock/mock-swagger/api/v3/pet/%7BpetId%7D (Caused by NewConnectionError(""HTTPConnection(host='localhost', port=80): Failed to establish a new connection: [Errno 111] Connection refused""))"
2026-09-24T22:54:37.230508,call_ep_get__pet_findByTags_eg92_scn_scn_ep_get__pet_findByTags_eg92_400,GET,http://localhost/api/v1/mock/mock-swagger/api/v3/pet/findByTags?tags=1,0,4.8,"HTTPConnectionPool(host='localhost', port=80): Max retries exceeded with url: /api/v1/mock/mock-swagger/api/v3/pet/findByTags?tags=1 (Caused by NewConnectionError(""HTTPConnection(host='localhost', port=80): Failed to establish a new connection: [Errno 111] Connection refused""))"
2026-09-24T22:54:37.230823,call_ep_get__pet__petId__mpbf_base,GET,http://localhost/api/v1/mock/mock-swagger/api/v3/pet/{petId},0,2.05,"HTTPConnectionPool(host='localhost', port=80): Max retries exceeded with url: /api/v1/mock/mock-swagger/api/v3/pet/%7BpetId%7D (Caused by NewConnectionError(""HTTPConnection(host='localhost', port=80): Failed to establish a new connection: [Errno 111] Connection refused""))"
2026-09-24T22:54:37.231112,call_ep_get__pet_findByTags_eg92_scn_scn_ep_get__pet_findByTags_eg92_400,GET,http://localhost/api/v1/mock/mock-swagger/api/v3/pet/findByTags?tags=1,0,3.86,"HTTPConnectionPool(host='localhost', port=80): Max retries exceeded with url: /api/v1/mock/mock-swagger/api/v3/pet/findByTags?tags=1 (Caused by NewConnectionError(""HTTPConnection(host='localhost', port=80): Failed to establish a new connection: [Errno 111] Connection refused""))"
2026-09-24T22:54:37.272745,call_ep_get__pet__petId__mpbf_base,GET,http://localhost/api/v1/mock/mock-swagger/api/v3/pet/{petId},0,4.22,"HTTPConnectionPool(host='localhost', port=80): Max retries exceeded with url: /api/v1/mock/mock-swagger/api/v3/pet/%7BpetId%7D (Caused by NewConnectionError(""HTTPConnection(host='localhost', port=80): Failed to establish a new connection: [Errno 111] Connection refused""))"
2026-09-24T22:54:37.273379,call_ep_get__pet_findByTags_eg92_scn_scn_ep_get__pet_findByTags_eg92_404,GET,http://localhost/api/v1/mock/mock-swagger/api/v3/pet/findByTags?tags=1&error=404,0,4.15,"HTTPConnectionPool(host='localhost', port=80): Max retries exceeded with url: /api/v1/mock/mock-swagger/api/v3/pet/findByTags?tags=1&error=404 (Caused by NewConnectionError(""HTTPConnection(host='localhost', port=80): Failed to establish a new connection: [Errno 111] Connection refused""))"
2026-09-24T22:54:37.273717,call_ep_get__pet_findByTags_eg92_scn_scn_ep_get__pet_findByTags_eg92_404,GET,http://localhost/api/v1/mock/mock-swagger/api/v3/pet/findByTags?tags=1&error=404,0,2.32,"HTTPConnectionPool(host='localhost', port=80): Max retries exceeded with url: /api/v1/mock/mock-swagger/api/v3/pet/findByTags?tags=1&error=404 (Caused by NewConnectionError(""HTTPConnection(host='localhost', port=80): Failed to establish a new connection: [Errno 111] Connection refused""))"
2026-09-24T22:54:37.273985,call_ep_get__pet__petId__mpbf_base,GET,http://localhost/api/v1/mock/mock-swagger/api/v3/pet/{petId},0,3.69,"HTTPConnectionPool(host='localhost', port=80): Max retries exceeded with url: /api/v1/mock/mock-swagger/api/v3/pet/%7BpetId%7D (Caused by NewConnectionError(""HTTPConnection(host='localhost', port=80): Failed to establish a new connection: [Errno 111] Connection refused""))"
2026-09-24T22:54:37.284276,call_ep_get__pet_findByTags_eg92_scn_scn_ep_get__pet_findByTags_eg92_404,GET,http://localhost/api/v1/mock/mock-swagger/api/v3/pet/findByTags?tags=1&error=404,0,1.54,"HTTPConnectionPool(host='localhost', port=80): Max retries exceeded with url: /api/v1/mock/mock-swagger/api/v3/pet/findByTags?tags=1&error=404 (Caused by NewConnectionError(""HTTPConnection(host='localhost', port=80): Failed to establish a new connection: [Errno 111] Connection refused""))"
2026-09-24T22:54:37.325109,call_ep_get__pet__petId__mpbf_scn_scn_ep_get__pet__petId__mpbf_401,GET,http://localhost/api/v1/mock/mock-swagger/api/v3/pet/{petId},0,2.56,"HTTPConnectionPool(host='localhost', port=80): Max retries exceeded with url: /api/v1/mock/mock-swagger/api/v3/pet/%7BpetId%7D (Caused by NewConnectionError(""HTTPConnection(host='localhost', port=80): Failed to establish a new connection: [Errno 111] Connection refused""))"
2026-09-24T22:54:37.325566,call_ep_get__pet__petId__mpbf_scn_scn_ep_get__pet__petId__mpbf_401,GET,http://localhost/api/v1/mock/mock-swagger/api/v3/pet/{petId},0,1.83,"HTTPConnectionPool(host='localhost', port=80): Max retries exceeded with url: /api/v1/mock/mock-swagger/api/v3/pet/%7BpetId%7D (Caused by NewConnectionError(""HTTPConnection(host='localhost', port=80): Failed to establish a new connection: [Errno 111] Connection refused""))"
2026-09-24T22:54:37.334395,call_ep_get__pet_findByTags_eg92_scn_scn_ep_get__pet_findByTags_eg92_404,GET,http://localhost/api/v1/mock/mock-swagger/api/v3/pet/findByTags?tags=1&error=404,0,3.72,"HTTPConnectionPool(host='localhost', port=80): Max retries exceeded with url: /api/v1/mock/mock-swagger/api/v3/pet/findByTags?tags=1&error=404 (Caused by NewConnectionError(""HTTPConnection(host='localhost', port=80): Failed to establish a new connection: [Errno 111] Connection refused""))"
2026-09-24T22:54:37.334706,call_ep_get__pet__petId__mpbf_scn_scn_ep_get__pet__petId__mpbf_401,GET,http://localhost/api/v1/mock/mock-swagger/api/v3/pet/{petId},0,3.02,"HTTPConnectionPool(host='localhost', port=80): Max retries exceeded with url: /api/v1/mock/mock-swagger/api/v3/pet/%7BpetId%7D (Caused by NewConnectionError(""HTTPConnection(host='localhost', port=80): Failed to establish a new connection: [Errno 111] Connection refused""))"
2026-09-24T22:54:37.335377,call_ep_get__pet_findByTags_eg92_scn_scn_ep_get__pet_findByTags_eg92_404,GET,http://localhost/api/v1/mock/mock-swagger/api/v3/pet/findByTags?tags=1&error=404,0,2.68,"HTTPConnectionPool(host='localhost', port=80): Max retries exceeded with url: /api/v1/mock/mock-swagger/api/v3/pet/findByTags?tags=1&error=404 (Caused by NewConnectionError(""HTTPConnection(host='localhost', port=80): Failed to establish a new connection: [Errno 111] Connection refused""))"
2026-09-24T22:54:37.377224,call_ep_get__pet__petId__mpbf_scn_scn_ep_get__pet__petId__mpbf_401,GET,http://localhost/api/v1/mock/mock-swagger/api/v3/pet/{petId},0,4.36,"HTTPConnectionPool(host='localhost', port=80): Max retries exceeded with url: /api/v1/mock/mock-swagger/api/v3/pet/%7BpetId%7D (Caused by NewConnectionError(""HTTPConnection(host='localhost', port=80): Failed to establish a new connection: [Errno 111] Connection refused""))"
2026-09-24T22:54:37.377818,call_ep_get__pet__petId__mpbf_scn_scn_ep_get__pet__petId__mpbf_401,GET,http://localhost/api/v1/mock/mock-swagger/api/v3/pet/{petId},0,1.99,"HTTPConnectionPool(host='localhost', port=80): Max retries exceeded with url: /api/v1/mock/mock-swagger/api/v3/pet/%7BpetId%7D (Caused by NewConnectionError(""HTTPConnection(host='localhost', port=80): Failed to establish a new connection: [Errno 111] Connection refused""))"
2026-09-24T22:54:37.378126,call_ep_get__pet__petId__mpbf_base,GET,http://localhost/api/v1/mock/mock-swagger/api/v3/pet/{petId},0,3.41,"HTTPConnectionPool(host='localhost', port=80): Max retries exceeded with url: /api/v1/mock/mock-swagger/api/v3/pet/%7BpetId%7D (Caused by NewConnectionError(""HTTPConnection(host='localhost', port=80): Failed to establish a new connection: [Errno 111] Connection refused""))"
2026-09-24T22:54:37.378378,call_ep_get__pet__petId__mpbf_base,GET,http://localhost/api/v1/mock/mock-swagger/api/v3/pet/{petId},0,4.76,"HTTPConnectionPool(host='localhost', port=80): Max retries exceeded with url: /api/v1/mock/mock-swagger/api/v3/pet/%7BpetId%7D (Caused by NewConnectionError(""HTTPConnection(host='localhost', port=80): Failed to establish a new connection: [Errno 111] Connection refused""))"
2026-09-24T22:54:37.386030,call_ep_get__pet__petId__mpbf_base,GET,http://localhost/api/v1/mock/mock-swagger/api/v3/pet/{petId},0,1.58,"HTTPConnectionPool(host='localhost', port=80): Max retries exceeded with url: /api/v1/mock/mock-swagger/api/v3/pet/%7BpetId%7D (Caused by NewConnectionError(""HTTPConnection(host='localhost', port=80): Failed to establish a new connection: [Errno 111] Connection refused""))"
2026-09-24T22:54:37.427981,call_ep_get__pet__petId__mpbf_scn_scn_ep_get__pet__petId__mpbf_400,GET,http://localhost/api/v1/mock/mock-swagger/api/v3/pet/{petId},0,2.72,"HTTPConnectionPool(host='localhost', port=80): Max retries exceeded with url: /api/v1/mock/mock-swagger/api/v3/pet/%7BpetId%7D (Caused by NewConnectionError(""HTTPConnection(host='localhost', port=80): Failed to establish a new connection: [Errno 111] Connection refused""))"
2026-09-24T22:54:37.428396,call_ep_get__pet__petId__mpbf_scn_scn_ep_get__pet__petId__mpbf_400,GET,http://localhost/api/v1/mock/mock-swagger/api/v3/pet/{petId},0,1.97,"HTTPConnectionPool(host='localhost', port=80): Max retries exceeded with url: /api/v1/mock/mock-swagger/api/v3/pet/%7BpetId%7D (Caused by NewConnectionError(""HTTPConnection(host='localhost', port=80): Failed to establish a new connection: [Errno 111] Connection refused""))"
2026-09-24T22:54:37.438383,call_ep_get__pet__petId__mpbf_base,GET,http://localhost/api/v1/mock/mock-swagger/api/v3/pet/{petId},0,3.82,"HTTPConnectionPool(host='localhost', port=80): Max retries exceeded with url: /api/v1/mock/mock-swagger/api/v3/pet/%7BpetId%7D (Caused by NewConnectionError(""HTTPConnection(host='localhost', port=80): Failed to establish a new connection: [Errno 111] Connection refused""))"
2026-09-24T22:54:37.438698,call_ep_get__pet__petId__mpbf_scn_scn_ep_get__pet__petId__mpbf_400,GET,http://localhost/api/v1/mock/mock-swagger/api/v3/pet/{petId},0,3.05,"HTTPConnectionPool(host='localhost', port=80): Max retries exceeded with url: /api/v1/mock/mock-swagger/api/v3/pet/%7BpetId%7D (Caused by NewConnectionError(""HTTPConnection(host='localhost', port=80): Failed to establish a new connection: [Errno 111] Connection refused""))"
2026-09-24T22:54:37.438988,call_ep_get__pet__petId__mpbf_base,GET,http://localhost/api/v1/mock/mock-swagger/api/v3/pet/{petId},0,2.28,"HTTPConnectionPool(host='localhost', port=80): Max retries exceeded with url: /api/v1/mock/mock-swagger/api/v3/pet/%7BpetId%7D (Caused by NewConnectionError(""HTTPConnection(host='localhost', port=80): Failed to establish a new connection: [Errno 111] Connection refused""))"
2026-09-24T22:54:37.481917,call_ep_get__pet__petId__mpbf_scn_scn_ep_get__pet__petId__mpbf_400,GET,http://localhost/api/v1/mock/mock-swagger/api/v3/pet/{petId},0,4.58,"HTTPConnectionPool(host='localhost', port=80): Max retries exceeded with url: /api/v1/mock/mock-swagger/api/v3/pet/%7BpetId%7D (Caused by NewConnectionError(""HTTPConnection(host='localhost', port=80): Failed to establish a new connection: [Errno 111] Connection refused""))"
2026-09-24T22:54:37.482632,call_ep_get__pet__petId__mpbf_scn_scn_ep_get__pet__petId__mpbf_401,GET,http://localhost/api/v1/mock/mock-swagger/api/v3/pet/{petId},0,2.41,"HTTPConnectionPool(host='localhost', port=80): Max retries exceeded with url: /api/v1/mock/mock-swagger/api/v3/pet/%7BpetId%7D (Caused by NewConnectionError(""HTTPConnection(host='localhost', port=80): Failed to establish a new connection: [Errno 111] Connection refused""))"
2026-09-24T22:54:37.482848,call_ep_get__pet__petId__mpbf_scn_scn_ep_get__pet__petId__mpbf_401,GET,http://localhost/api/v1/mock/mock-swagger/api/v3/pet/{petId},0,3.69,"HTTPConnectionPool(host='localhost', port=80): Max retries exceeded with url: /api/v1/mock/mock-swagger/api/v3/pet/%7BpetId%7D (Caused by NewConnectionError(""HTTPConnection(host='localhost', port=80): Failed to establish a new connection: [Errno 111] Connection refused""))"
2026-09-24T22:54:37.483159,call_ep_get__pet__petId__mpbf_scn_scn_ep_get__pet__petId__mpbf_400,GET,http://localhost/api/v1/mock/mock-swagger/api/v3/pet/{petId},0,5.11,"HTTPConnectionPool(host='localhost', port=80): Max retries exceeded with url: /api/v1/mock/mock-swagger/api/v3/pet/%7BpetId%7D (Caused by NewConnectionError(""HTTPConnection(host='localhost', port=80): Failed to establish a new connection: [Errno 111] Connection refused""))"
2026-09-24T22:54:37.487801,call_ep_get__pet__petId__mpbf_scn_scn_ep_get__pet__petId__mpbf_401,GET,http://localhost/api/v1/mock/mock-swagger/api/v3/pet/{petId},0,1.6,"HTTPConnectionPool(host='localhost', port=80): Max retries exceeded with url: /api/v1/mock/mock-swagger/api/v3/pet/%7BpetId%7D (Caused by NewConnectionError(""HTTPConnection(host='localhost', port=80): Failed to establish a new connection: [Errno 111] Connection refused""))"
2026-09-24T22:54:37.530636,call_ep_get__pet__petId__mpbf_scn_scn_ep_get__pet__petId__mpbf_404,GET,http://localhost/api/v1/mock/mock-swagger/api/v3/pet/999999999,0,2.48,"HTTPConnectionPool(host='localhost', port=80): Max retries exceeded with url: /api/v1/mock/mock-swagger/api/v3/pet/999999999 (Caused by NewConnectionError(""HTTPConnection(host='localhost', port=80): Failed to establish a new connection: [Errno 111] Connection refused""))"
2026-09-24T22:54:37.531072,call_ep_get__pet__petId__mpbf_scn_scn_ep_get__pet__petId__mpbf_404,GET,http://localhost/api/v1/mock/mock-swagger/api/v3/pet/999999999,0,1.92,"HTTPConnectionPool(host='localhost', port=80): Max retries exceeded with url: /api/v1/mock/mock-swagger/api/v3/pet/999999999 (Caused by NewConnectionError(""HTTPConnection(host='localhost', port=80): Failed to establish a new connection: [Errno 111] Connection refused""))"
2026-09-24T22:54:37.542360,call_ep_get__pet__petId__mpbf_scn_scn_ep_get__pet__petId__mpbf_401,GET,http://localhost/api/v1/mock/mock-swagger/api/v3/pet/{petId},0,3.81,"HTTPConnectionPool(host='localhost', port=80): Max retries exceeded with url: /api/v1/mock/mock-swagger/api/v3/pet/%7BpetId%7D (Caused by NewConnectionError(""HTTPConnection(host='localhost', port=80): Failed to establish a new connection: [Errno 111] Connection refused""))"
2026-09-24T22:54:37.542665,call_ep_get__pet__petId__mpbf_scn_scn_ep_get__pet__petId__mpbf_401,GET,http://localhost/api/v1/mock/mock-swagger/api/v3/pet/{petId},0,2.09,"HTTPConnectionPool(host='localhost', port=80): Max retries exceeded with url: /api/v1/mock/mock-swagger/api/v3/pet/%7BpetId%7D (Caused by NewConnectionError(""HTTPConnection(host='localhost', port=80): Failed to establish a new connection: [Errno 111] Connection refused""))"
2026-09-24T22:54:37.542980,call_ep_get__pet__petId__mpbf_scn_scn_ep_get__pet__petId__mpbf_404,GET,http://localhost/api/v1/mock/mock-swagger/api/v3/pet/999999999,0,3.36,"HTTPConnectionPool(host='localhost', port=80): Max retries exceeded with url: /api/v1/mock/mock-swagger/api/v3/pet/999999999 (Caused by NewConnectionError(""HTTPConnection(host='localhost', port=80): Failed to establish a new connection: [Errno 111] Connection refused""))"
2026-09-24T22:54:37.585830,call_ep_get__pet__petId__mpbf_scn_scn_ep_get__pet__petId__mpbf_404,GET,http://localhost/api/v1/mock/mock-swagger/api/v3/pet/999999999,0,3.8,"HTTPConnectionPool(host='localhost', port=80): Max retries exceeded with url: /api/v1/mock/mock-swagger/api/v3/pet/999999999 (Caused by NewConnectionError(""HTTPConnection(host='localhost', port=80): Failed to establish a new connection: [Errno 111] Connection refused""))"
2026-09-24T22:54:37.586461,call_ep_get__pet__petId__mpbf_scn_scn_ep_get__pet__petId__mpbf_400,GET,http://localhost/api/v1/mock/mock-swagger/api/v3/pet/{petId},0,2.53,"HTTPConnectionPool(host='localhost', port=80): Max retries exceeded with url: /api/v1/mock/mock-swagger/api/v3/pet/%7BpetId%7D (Caused by NewConnectionError(""HTTPConnection(host='localhost', port=80): Failed to establish a new connection: [Errno 111] Connection refused""))"
2026-09-24T22:54:37.586797,call_ep_get__pet__petId__mpbf_scn_scn_ep_get__pet__petId__mpbf_400,GET,http://localhost/api/v1/mock/mock-swagger/api/v3/pet/{petId},0,3.99,"HTTPConnectionPool(host='localhost', port=80): Max retries exceeded with url: /api/v1/mock/mock-swagger/api/v3/pet/%7BpetId%7D (Caused by NewConnectionError(""HTTPConnection(host='localhost', port=80): Failed to establish a new connection: [Errno 111] Connection refused""))"
2026-09-24T22:54:37.587073,call_ep_get__pet__petId__mpbf_scn_scn_ep_get__pet__petId__mpbf_404,GET,http://localhost/api/v1/mock/mock-swagger/api/v3/pet/999999999,0,2.45,"HTTPConnectionPool(host='localhost', port=80): Max retries exceeded with url: /api/v1/mock/mock-swagger/api/v3/pet/999999999 (Caused by NewConnectionError(""HTTPConnection(host='localhost', port=80): Failed to establish a new connection: [Errno 111] Connection refused""))"
2026-09-24T22:54:37.589567,call_ep_get__pet__petId__mpbf_scn_scn_ep_get__pet__petId__mpbf_400,GET,http://localhost/api/v1/mock/mock-swagger/api/v3/pet/{petId},0,1.58,"HTTPConnectionPool(host='localhost', port=80): Max retries exceeded with url: /api/v1/mock/mock-swagger/api/v3/pet/%7BpetId%7D (Caused by NewConnectionError(""HTTPConnection(host='localhost', port=80): Failed to establish a new connection: [Errno 111] Connection refused""))"
2026-09-24T22:54:37.634039,call_ep_post__pet_b5ji_base,POST,http://localhost/api/v1/mock/mock-swagger/api/v3/pet,0,3.23,"HTTPConnectionPool(host='localhost', port=80): Max retries exceeded with url: /api/v1/mock/mock-swagger/api/v3/pet (Caused by NewConnectionError(""HTTPConnection(host='localhost', port=80): Failed to establish a new connection: [Errno 111] Connection refused""))"
2026-09-24T22:54:37.634475,call_ep_post__pet_b5ji_base,POST,http://localhost/api/v1/mock/mock-swagger/api/v3/pet,0,2.01,"HTTPConnectionPool(host='localhost', port=80): Max retries exceeded with url: /api/v1/mock/mock-swagger/api/v3/pet (Caused by NewConnectionError(""HTTPConnection(host='localhost', port=80): Failed to establish a new connection: [Errno 111] Connection refused""))"
2026-09-24T22:54:37.646567,call_ep_get__pet__petId__mpbf_scn_scn_ep_get__pet__petId__mpbf_400,GET,http://localhost/api/v1/mock/mock-swagger/api/v3/pet/{petId},0,4.03,"HTTPConnectionPool(host='localhost', port=80): Max retries exceeded with url: /api/v1/mock/mock-swagger/api/v3/pet/%7BpetId%7D (Caused by NewConnectionError(""HTTPConnection(host='localhost', port=80): Failed to establish a new connection: [Errno 111] Connection refused""))"
2026-09-24T22:54:37.646918,call_ep_get__pet__petId__mpbf_scn_scn_ep_get__pet__petId__mpbf_400,GET,http://localhost/api/v1/mock/mock-swagger/api/v3/pet/{petId},0,3.3,"HTTPConnectionPool(host='localhost', port=80): Max retries exceeded with url: /api/v1/mock/mock-swagger/api/v3/pet/%7BpetId%7D (Caused by NewConnectionError(""HTTPConnection(host='localhost', port=80): Failed to establish a new connection: [Errno 111] Connection refused""))"
2026-09-24T22:54:37.647193,call_ep_post__pet_b5ji_base,POST,http://localhost/api/v1/mock/mock-swagger/api/v3/pet,0,2.4,"HTTPConnectionPool(host='localhost', port=80): Max retries exceeded with url: /api/v1/mock/mock-swagger/api/v3/pet (Caused by NewConnectionError(""HTTPConnection(host='localhost', port=80): Failed to establish a new connection: [Errno 111] Connection refused""))"
2026-09-24T22:54:37.691665,call_ep_post__pet_b5ji_base,POST,http://localhost/api/v1/mock/mock-swagger/api/v3/pet,0,5.71,"HTTPConnectionPool(host='localhost', port=80): Max retries exceeded with url: /api/v1/mock/mock-swagger/api/v3/pet (Caused by NewConnectionError(""HTTPConnection(host='localhost', port=80): Failed to establish a new connection: [Errno 111] Connection refused""))"
2026-09-24T22:54:37.692170,call_ep_get__pet__petId__mpbf_scn_scn_ep_get__pet__petId__mpbf_404,GET,http://localhost/api/v1/mock/mock-swagger/api/v3/pet/999999999,0,5.37,"HTTPConnectionPool(host='localhost', port=80): Max retries exceeded with url: /api/v1/mock/mock-swagger/api/v3/pet/999999999 (Caused by NewConnectionError(""HTTPConnection(host='localhost', port=80): Failed to establish a new connection: [Errno 111] Connection refused""))"
2026-09-24T22:54:37.692408,call_ep_get__pet__petId__mpbf_scn_scn_ep_get__pet__petId__mpbf_404,GET,http://localhost/api/v1/mock/mock-swagger/api/v3/pet/999999999,0,2.47,"HTTPConnectionPool(host='localhost', port=80): Max retries exceeded with url: /api/v1/mock/mock-swagger/api/v3/pet/999999999 (Caused by NewConnectionError(""HTTPConnection(host='localhost', port=80): Failed to establish a new connection: [Errno 111] Connection refused""))"
2026-09-24T22:54:37.692744,call_ep_post__pet_b5ji_base,POST,http://localhost/api/v1/mock/mock-swagger/api/v3/pet,0,3.88,"HTTPConnectionPool(host='localhost', port=80): Max retries exceeded with url: /api/v1/mock/mock-swagger/api/v3/pet (Caused by NewConnectionError(""HTTPConnection(host='localhost', port=80): Failed to establish a new connection: [Errno 111] Connection refused""))"
2026-09-24T22:54:37.693044,call_ep_get__pet__petId__mpbf_scn_scn_ep_get__pet__petId__mpbf_404,GET,http://localhost/api/v1/mock/mock-swagger/api/v3/pet/999999999,0,5.19,"HTTPConnectionPool(host='localhost', port=80): Max retries exceeded with url: /api/v1/mock/mock-swagger/api/v3/pet/999999999 (Caused by NewConnectionError(""HTTPConnection(host='localhost', port=80): Failed to establish a new connection: [Errno 111] Connection refused""))"
2026-09-24T22:54:37.736686,call_ep_post__pet_b5ji_scn_scn_ep_post__pet_b5ji_401,POST,http://localhost/api/v1/mock/mock-swagger/api/v3/pet,0,2.5,"HTTPConnectionPool(host='localhost', port=80): Max retries exceeded with url: /api/v1/mock/mock-swagger/api/v3/pet (Caused by NewConnectionError(""HTTPConnection(host='localhost', port=80): Failed to establish a new connection: [Errno 111] Connection refused""))"
2026-09-24T22:54:37.737170,call_ep_post__pet_b5ji_scn_scn_ep_post__pet_b5ji_401,POST,http://localhost/api/v1/mock/mock-swagger/api/v3/pet,0,1.92,"HTTPConnectionPool(host='localhost', port=80): Max retries exceeded with url: /api/v1/mock/mock-swagger/api/v3/pet (Caused by NewConnectionError(""HTTPConnection(host='localhost', port=80): Failed to establish a new connection: [Errno 111] Connection refused""))"
2026-09-24T22:54:37.751020,call_ep_get__pet__petId__mpbf_scn_scn_ep_get__pet__petId__mpbf_404,GET,http://localhost/api/v1/mock/mock-swagger/api/v3/pet/999999999,0,4.28,"HTTPConnectionPool(host='localhost', port=80): Max retries exceeded with url: /api/v1/mock/mock-swagger/api/v3/pet/999999999 (Caused by NewConnectionError(""HTTPConnection(host='localhost', port=80): Failed to establish a new connection: [Errno 111] Connection refused""))"
2026-09-24T22:54:37.751243,call_ep_get__pet__petId__mpbf_scn_scn_ep_get__pet__petId__mpbf_404,GET,http://localhost/api/v1/mock/mock-swagger/api/v3/pet/999999999,0,3.5,"HTTPConnectionPool(host='localhost', port=80): Max retries exceeded with url: /api/v1/mock/mock-swagger/api/v3/pet/999999999 (Caused by NewConnectionError(""HTTPConnection(host='localhost', port=80): Failed to establish a new connection: [Errno 111] Connection refused""))"
2026-09-24T22:54:37.751569,call_ep_post__pet_b5ji_scn_scn_ep_post__pet_b5ji_401,POST,http://localhost/api/v1/mock/mock-swagger/api/v3/pet,0,2.83,"HTTPConnectionPool(host='localhost', port=80): Max retries exceeded with url: /api/v1/mock/mock-swagger/api/v3/pet (Caused by NewConnectionError(""HTTPConnection(host='localhost', port=80): Failed to establish a new connection: [Errno 111] Connection refused""))"
2026-09-24T22:54:37.797340,call_ep_post__pet_b5ji_scn_scn_ep_post__pet_b5ji_401,POST,http://localhost/api/v1/mock/mock-swagger/api/v3/pet,0,5.55,"HTTPConnectionPool(host='localhost', port=80): Max retries exceeded with url: /api/v1/mock/mock-swagger/api/v3/pet (Caused by NewConnectionError(""HTTPConnection(host='localhost', port=80): Failed to establish a new connection: [Errno 111] Connection refused""))"
2026-09-24T22:54:37.798203,call_ep_post__pet_b5ji_base,POST,http://localhost/api/v1/mock/mock-swagger/api/v3/pet,0,4.54,"HTTPConnectionPool(host='localhost', port=80): Max retries exceeded with url: /api/v1/mock/mock-swagger/api/v3/pet (Caused by NewConnectionError(""HTTPConnection(host='localhost', port=80): Failed to establish a new connection: [Errno 111] Connection refused""))"
2026-09-24T22:54:37.798422,call_ep_post__pet_b5ji_scn_scn_ep_post__pet_b5ji_401,POST,http://localhost/api/v1/mock/mock-swagger/api/v3/pet,0,3.66,"HTTPConnectionPool(host='localhost', port=80): Max retries exceeded with url: /api/v1/mock/mock-swagger/api/v3/pet (Caused by NewConnectionError(""HTTPConnection(host='localhost', port=80): Failed to establish a new connection: [Errno 111] Connection refused""))"
2026-09-24T22:54:37.798764,call_ep_post__pet_b5ji_base,POST,http://localhost/api/v1/mock/mock-swagger/api/v3/pet,0,6.18,"HTTPConnectionPool(host='localhost', port=80): Max retries exceeded with url: /api/v1/mock/mock-swagger/api/v3/pet (Caused by NewConnectionError(""HTTPConnection(host='localhost', port=80): Failed to establish a new connection: [Errno 111] Connection refused""))"
2026-09-24T22:54:37.799155,call_ep_post__pet_b5ji_base,POST,http://localhost/api/v1/mock/mock-swagger/api/v3/pet,0,3.31,"HTTPConnectionPool(host='localhost', port=80): Max retries exceeded with url: /api/v1/mock/mock-swagger/api/v3/pet (Caused by NewConnectionError(""HTTPConnection(host='localhost', port=80): Failed to establish a new connection: [Errno 111] Connection refused""))"
2026-09-24T22:54:37.839569,call_ep_post__pet_b5ji_scn_scn_ep_post__pet_b5ji_400,POST,http://localhost/api/v1/mock/mock-swagger/api/v3/pet,0,2.72,"HTTPConnectionPool(host='localhost', port=80): Max retries exceeded with url: /api/v1/mock/mock-swagger/api/v3/pet (Caused by NewConnectionError(""HTTPConnection(host='localhost', port=80): Failed to establish a new connection: [Errno 111] Connection refused""))"
2026-09-24T22:54:37.840035,call_ep_post__pet_b5ji_scn_scn_ep_post__pet_b5ji_400,POST,http://localhost/api/v1/mock/mock-swagger/api/v3/pet,0,1.97,"HTTPConnectionPool(host='localhost', port=80): Max retries exceeded with url: /api/v1/mock/mock-swagger/api/v3/pet (Caused by NewConnectionError(""HTTPConnection(host='localhost', port=80): Failed to establish a new connection: [Errno 111] Connection refused""))"
2026-09-24T22:54:37.855070,call_ep_post__pet_b5ji_base,POST,http://localhost/api/v1/mock/mock-swagger/api/v3/pet,0,3.87,"HTTPConnectionPool(host='localhost', port=80): Max retries exceeded with url: /api/v1/mock/mock-swagger/api/v3/pet (Caused by NewConnectionError(""HTTPConnection(host='localhost', port=80): Failed to establish a new connection: [Errno 111] Connection refused""))"
2026-09-24T22:54:37.859979,call_ep_post__pet_b5ji_base,POST,http://localhost/api/v1/mock/mock-swagger/api/v3/pet,0,7.73,"HTTPConnectionPool(host='localhost', port=80): Max retries exceeded with url: /api/v1/mock/mock-swagger/api/v3/pet (Caused by NewConnectionError(""HTTPConnection(host='localhost', port=80): Failed to establish a new connection: [Errno 111] Connection refused""))"
2026-09-24T22:54:37.860389,call_ep_post__pet_b5ji_scn_scn_ep_post__pet_b5ji_400,POST,http://localhost/api/v1/mock/mock-swagger/api/v3/pet,0,7.07,"HTTPConnectionPool(host='localhost', port=80): Max retries exceeded with url: /api/v1/mock/mock-swagger/api/v3/pet (Caused by NewConnectionError(""HTTPConnection(host='localhost', port=80): Failed to establish a new connection: [Errno 111] Connection refused""))"
2026-09-24T22:54:37.898411,call_ep_post__pet_b5ji_scn_scn_ep_post__pet_b5ji_400,POST,http://localhost/api/v1/mock/mock-swagger/api/v3/pet,0,0.96,"HTTPConnectionPool(host='localhost', port=80): Max retries exceeded with url: /api/v1/mock/mock-swagger/api/v3/pet (Caused by NewConnectionError(""HTTPConnection(host='localhost', port=80): Failed to establish a new connection: [Errno 111] Connection refused""))"
2026-09-24T22:54:37.903605,call_ep_post__pet_b5ji_scn_scn_ep_post__pet_b5ji_400,POST,http://localhost/api/v1/mock/mock-swagger/api/v3/pet,0,3.97,"HTTPConnectionPool(host='localhost', port=80): Max retries exceeded with url: /api/v1/mock/mock-swagger/api/v3/pet (Caused by NewConnectionError(""HTTPConnection(host='localhost', port=80): Failed to establish a new connection: [Errno 111] Connection refused""))"
2026-09-24T22:54:37.904029,call_ep_post__pet_b5ji_scn_scn_ep_post__pet_b5ji_401,POST,http://localhost/api/v1/mock/mock-swagger/api/v3/pet,0,2.66,"HTTPConnectionPool(host='localhost', port=80): Max retries exceeded with url: /api/v1/mock/mock-swagger/api/v3/pet (Caused by NewConnectionError(""HTTPConnection(host='localhost', port=80): Failed to establish a new connection: [Errno 111] Connection refused""))"
2026-09-24T22:54:37.904276,call_ep_post__pet_b5ji_scn_scn_ep_post__pet_b5ji_401,POST,http://localhost/api/v1/mock/mock-swagger/api/v3/pet,0,5.8,"HTTPConnectionPool(host='localhost', port=80): Max retries exceeded with url: /api/v1/mock/mock-swagger/api/v3/pet (Caused by NewConnectionError(""HTTPConnection(host='localhost', port=80): Failed to establish a new connection: [Errno 111] Connection refused""))"
2026-09-24T22:54:37.904553,call_ep_post__pet_b5ji_scn_scn_ep_post__pet_b5ji_401,POST,http://localhost/api/v1/mock/mock-swagger/api/v3/pet,0,4.2,"HTTPConnectionPool(host='localhost', port=80): Max retries exceeded with url: /api/v1/mock/mock-swagger/api/v3/pet (Caused by NewConnectionError(""HTTPConnection(host='localhost', port=80): Failed to establish a new connection: [Errno 111] Connection refused""))"
2026-09-24T22:54:37.942257,call_ep_post__pet_b5ji_scn_scn_ep_post__pet_b5ji_404,POST,http://localhost/api/v1/mock/mock-swagger/api/v3/pet?error=404,0,2.51,"HTTPConnectionPool(host='localhost', port=80): Max retries exceeded with url: /api/v1/mock/mock-swagger/api/v3/pet?error=404 (Caused by NewConnectionError(""HTTPConnection(host='localhost', port=80): Failed to establish a new connection: [Errno 111] Connection refused""))"
2026-09-24T22:54:37.942689,call_ep_post__pet_b5ji_scn_scn_ep_post__pet_b5ji_404,POST,http://localhost/api/v1/mock/mock-swagger/api/v3/pet?error=404,0,1.88,"HTTPConnectionPool(host='localhost', port=80): Max retries exceeded with url: /api/v1/mock/mock-swagger/api/v3/pet?error=404 (Caused by NewConnectionError(""HTTPConnection(host='localhost', port=80): Failed to establish a new connection: [Errno 111] Connection refused""))"
2026-09-24T22:54:37.956802,call_ep_post__pet_b5ji_scn_scn_ep_post__pet_b5ji_401,POST,http://localhost/api/v1/mock/mock-swagger/api/v3/pet,0,1.54,"HTTPConnectionPool(host='localhost', port=80): Max retries exceeded with url: /api/v1/mock/mock-swagger/api/v3/pet (Caused by NewConnectionError(""HTTPConnection(host='localhost', port=80): Failed to establish a new connection: [Errno 111] Connection refused""))"
2026-09-24T22:54:37.962853,call_ep_post__pet_b5ji_scn_scn_ep_post__pet_b5ji_401,POST,http://localhost/api/v1/mock/mock-swagger/api/v3/pet,0,2.7,"HTTPConnectionPool(host='localhost', port=80): Max retries exceeded with url: /api/v1/mock/mock-swagger/api/v3/pet (Caused by NewConnectionError(""HTTPConnection(host='localhost', port=80): Failed to establish a new connection: [Errno 111] Connection refused""))"
2026-09-24T22:54:37.963198,call_ep_post__pet_b5ji_scn_scn_ep_post__pet_b5ji_404,POST,http://localhost/api/v1/mock/mock-swagger/api/v3/pet?error=404,0,2.0,"HTTPConnectionPool(host='localhost', port=80): Max retries exceeded with url: /api/v1/mock/mock-swagger/api/v3/pet?error=404 (Caused by NewConnectionError(""HTTPConnection(host='localhost', port=80): Failed to establish a new connection: [Errno 111] Connection refused""))"
2026-09-24T22:54:37.999620,call_ep_post__pet_b5ji_scn_scn_ep_post__pet_b5ji_404,POST,http://localhost/api/v1/mock/mock-swagger/api/v3/pet?error=404,0,1.1,"HTTPConnectionPool(host='localhost', port=80): Max retries exceeded with url: /api/v1/mock/mock-swagger/api/v3/pet?error=404 (Caused by NewConnectionError(""HTTPConnection(host='localhost', port=80): Failed to establish a new connection: [Errno 111] Connection refused""))"
2026-09-24T22:54:38.009521,call_ep_post__pet_b5ji_scn_scn_ep_post__pet_b5ji_400,POST,http://localhost/api/v1/mock/mock-swagger/api/v3/pet,0,2.59,"HTTPConnectionPool(host='localhost', port=80): Max retries exceeded with url: /api/v1/mock/mock-swagger/api/v3/pet (Caused by NewConnectionError(""HTTPConnection(host='localhost', port=80): Failed to establish a new connection: [Errno 111] Connection refused""))"
2026-09-24T22:54:38.009714,call_ep_post__pet_b5ji_scn_scn_ep_post__pet_b5ji_404,POST,http://localhost/api/v1/mock/mock-swagger/api/v3/pet?error=404,0,5.93,"HTTPConnectionPool(host='localhost', port=80): Max retries exceeded with url: /api/v1/mock/mock-swagger/api/v3/pet?error=404 (Caused by NewConnectionError(""HTTPConnection(host='localhost', port=80): Failed to establish a new connection: [Errno 111] Connection refused""))"
2026-09-24T22:54:38.010082,call_ep_post__pet_b5ji_scn_scn_ep_post__pet_b5ji_400,POST,http://localhost/api/v1/mock/mock-swagger/api/v3/pet,0,5.21,"HTTPConnectionPool(host='localhost', port=80): Max retries exceeded with url: /api/v1/mock/mock-swagger/api/v3/pet (Caused by NewConnectionError(""HTTPConnection(host='localhost', port=80): Failed to establish a new connection: [Errno 111] Connection refused""))"
2026-09-24T22:54:38.010352,call_ep_post__pet_b5ji_scn_scn_ep_post__pet_b5ji_400,POST,http://localhost/api/v1/mock/mock-swagger/api/v3/pet,0,4.43,"HTTPConnectionPool(host='localhost', port=80): Max retries exceeded with url: /api/v1/mock/mock-swagger/api/v3/pet (Caused by NewConnectionError(""HTTPConnection(host='localhost', port=80): Failed to establish a new connection: [Errno 111] Connection refused""))"
2026-09-24T22:54:38.047816,call_ep_put__pet_jchf_base,PUT,http://localhost/api/v1/mock/mock-swagger/api/v3/pet,0,5.39,"HTTPConnectionPool(host='localhost', port=80): Max retries exceeded with url: /api/v1/mock/mock-swagger/api/v3/pet (Caused by NewConnectionError(""HTTPConnection(host='localhost', port=80): Failed to establish a new connection: [Errno 111] Connection refused""))"
2026-09-24T22:54:38.048048,call_ep_put__pet_jchf_base,PUT,http://localhost/api/v1/mock/mock-swagger/api/v3/pet,0,4.56,"HTTPConnectionPool(host='localhost', port=80): Max retries exceeded with url: /api/v1/mock/mock-swagger/api/v3/pet (Caused by NewConnectionError(""HTTPConnection(host='localhost', port=80): Failed to establish a new connection: [Errno 111] Connection refused""))"
2026-09-24T22:54:38.058508,call_ep_post__pet_b5ji_scn_scn_ep_post__pet_b5ji_400,POST,http://localhost/api/v1/mock/mock-swagger/api/v3/pet,0,1.52,"HTTPConnectionPool(host='localhost', port=80): Max retries exceeded with url: /api/v1/mock/mock-swagger/api/v3/pet (Caused by NewConnectionError(""HTTPConnection(host='localhost', port=80): Failed to establish a new connection: [Errno 111] Connection refused""))"
2026-09-24T22:54:38.065625,call_ep_post__pet_b5ji_scn_scn_ep_post__pet_b5ji_400,POST,http://localhost/api/v1/mock/mock-swagger/api/v3/pet,0,2.59,"HTTPConnectionPool(host='localhost', port=80): Max retries exceeded with url: /api/v1/mock/mock-swagger/api/v3/pet (Caused by NewConnectionError(""HTTPConnection(host='localhost', port=80): Failed to establish a new connection: [Errno 111] Connection refused""))"
2026-09-24T22:54:38.066334,call_ep_put__pet_jchf_base,PUT,http://localhost/api/v1/mock/mock-swagger/api/v3/pet,0,2.21,"HTTPConnectionPool(host='localhost', port=80): Max retries exceeded with url: /api/v1/mock/mock-swagger/api/v3/pet (Caused by NewConnectionError(""HTTPConnection(host='localhost', port=80): Failed to establish a new connection: [Errno 111] Connection refused""))"
2026-09-24T22:54:38.100721,call_ep_put__pet_jchf_base,PUT,http://localhost/api/v1/mock/mock-swagger/api/v3/pet,0,0.99,"HTTPConnectionPool(host='localhost', port=80): Max retries exceeded with url: /api/v1/mock/mock-swagger/api/v3/pet (Caused by NewConnectionError(""HTTPConnection(host='localhost', port=80): Failed to establish a new connection: [Errno 111] Connection refused""))"
2026-09-24T22:54:38.114825,call_ep_post__pet_b5ji_scn_scn_ep_post__pet_b5ji_404,POST,http://localhost/api/v1/mock/mock-swagger/api/v3/pet?error=404,0,5.13,"HTTPConnectionPool(host='localhost', port=80): Max retries exceeded with url: /api/v1/mock/mock-swagger/api/v3/pet?error=404 (Caused by NewConnectionError(""HTTPConnection(host='localhost', port=80): Failed to establish a new connection: [Errno 111] Connection refused""))"
2026-09-24T22:54:38.115194,call_ep_post__pet_b5ji_scn_scn_ep_post__pet_b5ji_404,POST,http://localhost/api/v1/mock/mock-swagger/api/v3/pet?error=404,0,2.26,"HTTPConnectionPool(host='localhost', port=80): Max retries exceeded with url: /api/v1/mock/mock-swagger/api/v3/pet?error=404 (Caused by NewConnectionError(""HTTPConnection(host='localhost', port=80): Failed to establish a new connection: [Errno 111] Connection refused""))"
2026-09-24T22:54:38.115490,call_ep_post__pet_b5ji_scn_scn_ep_post__pet_b5ji_404,POST,http://localhost/api/v1/mock/mock-swagger/api/v3/pet?error=404,0,3.63,"HTTPConnectionPool(host='localhost', port=80): Max retries exceeded with url: /api/v1/mock/mock-swagger/api/v3/pet?error=404 (Caused by NewConnectionError(""HTTPConnection(host='localhost', port=80): Failed to establish a new connection: [Errno 111] Connection refused""))"
2026-09-24T22:54:38.115729,call_ep_put__pet_jchf_base,PUT,http://localhost/api/v1/mock/mock-swagger/api/v3/pet,0,4.96,"HTTPConnectionPool(host='localhost', port=80): Max retries exceeded with url: /api/v1/mock/mock-swagger/api/v3/pet (Caused by NewConnectionError(""HTTPConnection(host='localhost', port=80): Failed to establish a new connection: [Errno 111] Connection refused""))"
2026-09-24T22:54:38.150507,call_ep_put__pet_jchf_scn_scn_ep_put__pet_jchf_401,PUT,http://localhost/api/v1/mock/mock-swagger/api/v3/pet,0,2.51,"HTTPConnectionPool(host='localhost', port=80): Max retries exceeded with url: /api/v1/mock/mock-swagger/api/v3/pet (Caused by NewConnectionError(""HTTPConnection(host='localhost', port=80): Failed to establish a new connection: [Errno 111] Connection refused""))"
2026-09-24T22:54:38.150937,call_ep_put__pet_jchf_scn_scn_ep_put__pet_jchf_401,PUT,http://localhost/api/v1/mock/mock-swagger/api/v3/pet,0,1.88,"HTTPConnectionPool(host='localhost', port=80): Max retries exceeded with url: /api/v1/mock/mock-swagger/api/v3/pet (Caused by NewConnectionError(""HTTPConnection(host='localhost', port=80): Failed to establish a new connection: [Errno 111] Connection refused""))"
2026-09-24T22:54:38.160254,call_ep_post__pet_b5ji_scn_scn_ep_post__pet_b5ji_404,POST,http://localhost/api/v1/mock/mock-swagger/api/v3/pet?error=404,0,1.57,"HTTPConnectionPool(host='localhost', port=80): Max retries exceeded with url: /api/v1/mock/mock-swagger/api/v3/pet?error=404 (Caused by NewConnectionError(""HTTPConnection(host='localhost', port=80): Failed to establish a new connection: [Errno 111] Connection refused""))"
2026-09-24T22:54:38.168491,call_ep_post__pet_b5ji_scn_scn_ep_post__pet_b5ji_404,POST,http://localhost/api/v1/mock/mock-swagger/api/v3/pet?error=404,0,2.67,"HTTPConnectionPool(host='localhost', port=80): Max retries exceeded with url: /api/v1/mock/mock-swagger/api/v3/pet?error=404 (Caused by NewConnectionError(""HTTPConnection(host='localhost', port=80): Failed to establish a new connection: [Errno 111] Connection refused""))"
2026-09-24T22:54:38.168950,call_ep_put__pet_jchf_scn_scn_ep_put__pet_jchf_401,PUT,http://localhost/api/v1/mock/mock-swagger/api/v3/pet,0,1.9,"HTTPConnectionPool(host='localhost', port=80): Max retries exceeded with url: /api/v1/mock/mock-swagger/api/v3/pet (Caused by NewConnectionError(""HTTPConnection(host='localhost', port=80): Failed to establish a new connection: [Errno 111] Connection refused""))"
2026-09-24T22:54:38.202278,call_ep_put__pet_jchf_scn_scn_ep_put__pet_jchf_401,PUT,http://localhost/api/v1/mock/mock-swagger/api/v3/pet,0,1.43,"HTTPConnectionPool(host='localhost', port=80): Max retries exceeded with url: /api/v1/mock/mock-swagger/api/v3/pet (Caused by NewConnectionError(""HTTPConnection(host='localhost', port=80): Failed to establish a new connection: [Errno 111] Connection refused""))"
2026-09-24T22:54:38.220040,call_ep_put__pet_jchf_base,PUT,http://localhost/api/v1/mock/mock-swagger/api/v3/pet,0,5.04,"HTTPConnectionPool(host='localhost', port=80): Max retries exceeded with url: /api/v1/mock/mock-swagger/api/v3/pet (Caused by NewConnectionError(""HTTPConnection(host='localhost', port=80): Failed to establish a new connection: [Errno 111] Connection refused""))"
2026-09-24T22:54:38.220416,call_ep_put__pet_jchf_scn_scn_ep_put__pet_jchf_401,PUT,http://localhost/api/v1/mock/mock-swagger/api/v3/pet,0,1.82,"HTTPConnectionPool(host='localhost', port=80): Max retries exceeded with url: /api/v1/mock/mock-swagger/api/v3/pet (Caused by NewConnectionError(""HTTPConnection(host='localhost', port=80): Failed to establish a new connection: [Errno 111] Connection refused""))"
2026-09-24T22:54:38.220706,call_ep_put__pet_jchf_base,PUT,http://localhost/api/v1/mock/mock-swagger/api/v3/pet,0,3.09,"HTTPConnectionPool(host='localhost', port=80): Max retries exceeded with url: /api/v1/mock/mock-swagger/api/v3/pet (Caused by NewConnectionError(""HTTPConnection(host='localhost', port=80): Failed to establish a new connection: [Errno 111] Connection refused""))"
2026-09-24T22:54:38.220953,call_ep_put__pet_jchf_base,PUT,http://localhost/api/v1/mock/mock-swagger/api/v3/pet,0,4.88,"HTTPConnectionPool(host='localhost', port=80): Max retries exceeded with url: /api/v1/mock/mock-swagger/api/v3/pet (Caused by NewConnectionError(""HTTPConnection(host='localhost', port=80): Failed to establish a new connection: [Errno 111] Connection refused""))"
2026-09-24T22:54:38.253492,call_ep_put__pet_jchf_scn_scn_ep_put__pet_jchf_400,PUT,http://localhost/api/v1/mock/mock-swagger/api/v3/pet,0,2.81,"HTTPConnectionPool(host='localhost', port=80): Max retries exceeded with url: /api/v1/mock/mock-swagger/api/v3/pet (Caused by NewConnectionError(""HTTPConnection(host='localhost', port=80): Failed to establish a new connection: [Errno 111] Connection refused""))"
2026-09-24T22:54:38.253719,call_ep_put__pet_jchf_scn_scn_ep_put__pet_jchf_400,PUT,http://localhost/api/v1/mock/mock-swagger/api/v3/pet,0,1.87,"HTTPConnectionPool(host='localhost', port=80): Max retries exceeded with url: /api/v1/mock/mock-swagger/api/v3/pet (Caused by NewConnectionError(""HTTPConnection(host='localhost', port=80): Failed to establish a new connection: [Errno 111] Connection refused""))"
2026-09-24T22:54:38.262021,call_ep_put__pet_jchf_base,PUT,http://localhost/api/v1/mock/mock-swagger/api/v3/pet,0,1.59,"HTTPConnectionPool(host='localhost', port=80): Max retries exceeded with url: /api/v1/mock/mock-swagger/api/v3/pet (Caused by NewConnectionError(""HTTPConnection(host='localhost', port=80): Failed to establish a new connection: [Errno 111] Connection refused""))"
2026-09-24T22:54:38.271240,call_ep_put__pet_jchf_base,PUT,http://localhost/api/v1/mock/mock-swagger/api/v3/pet,0,2.57,"HTTPConnectionPool(host='localhost', port=80): Max retries exceeded with url: /api/v1/mock/mock-swagger/api/v3/pet (Caused by NewConnectionError(""HTTPConnection(host='localhost', port=80): Failed to establish a new connection: [Errno 111] Connection refused""))"
2026-09-24T22:54:38.271550,call_ep_put__pet_jchf_scn_scn_ep_put__pet_jchf_400,PUT,http://localhost/api/v1/mock/mock-swagger/api/v3/pet,0,1.84,"HTTPConnectionPool(host='localhost', port=80): Max retries exceeded with url: /api/v1/mock/mock-swagger/api/v3/pet (Caused by NewConnectionError(""HTTPConnection(host='localhost', port=80): Failed to establish a new connection: [Errno 111] Connection refused""))"
2026-09-24T22:54:38.303440,call_ep_put__pet_jchf_scn_scn_ep_put__pet_jchf_400,PUT,http://localhost/api/v1/mock/mock-swagger/api/v3/pet,0,1.04,"HTTPConnectionPool(host='localhost', port=80): Max retries exceeded with url: /api/v1/mock/mock-swagger/api/v3/pet (Caused by NewConnectionError(""HTTPConnection(host='localhost', port=80): Failed to establish a new connection: [Errno 111] Connection refused""))"
2026-09-24T22:54:38.324781,call_ep_put__pet_jchf_scn_scn_ep_put__pet_jchf_401,PUT,http://localhost/api/v1/mock/mock-swagger/api/v3/pet,0,4.55,"HTTPConnectionPool(host='localhost', port=80): Max retries exceeded with url: /api/v1/mock/mock-swagger/api/v3/pet (Caused by NewConnectionError(""HTTPConnection(host='localhost', port=80): Failed to establish a new connection: [Errno 111] Connection refused""))"
2026-09-24T22:54:38.325049,call_ep_put__pet_jchf_scn_scn_ep_put__pet_jchf_401,PUT,http://localhost/api/v1/mock/mock-swagger/api/v3/pet,0,3.12,"HTTPConnectionPool(host='localhost', port=80): Max retries exceeded with url: /api/v1/mock/mock-swagger/api/v3/pet (Caused by NewConnectionError(""HTTPConnection(host='localhost', port=80): Failed to establish a new connection: [Errno 111] Connection refused""))"
2026-09-24T22:54:38.325938,call_ep_put__pet_jchf_scn_scn_ep_put__pet_jchf_400,PUT,http://localhost/api/v1/mock/mock-swagger/api/v3/pet,0,4.64,"HTTPConnectionPool(host='localhost', port=80): Max retries exceeded with url: /api/v1/mock/mock-swagger/api/v3/pet (Caused by NewConnectionError(""HTTPConnection(host='localhost', port=80): Failed to establish a new connection: [Errno 111] Connection refused""))"
2026-09-24T22:54:38.326272,call_ep_put__pet_jchf_scn_scn_ep_put__pet_jchf_401,PUT,http://localhost/api/v1/mock/mock-swagger/api/v3/pet,0,3.33,"HTTPConnectionPool(host='localhost', port=80): Max retries exceeded with url: /api/v1/mock/mock-swagger/api/v3/pet (Caused by NewConnectionError(""HTTPConnection(host='localhost', port=80): Failed to establish a new connection: [Errno 111] Connection refused""))"
2026-09-24T22:54:38.357011,call_ep_put__pet_jchf_scn_scn_ep_put__pet_jchf_404,PUT,http://localhost/api/v1/mock/mock-swagger/api/v3/pet?error=404,0,3.36,"HTTPConnectionPool(host='localhost', port=80): Max retries exceeded with url: /api/v1/mock/mock-swagger/api/v3/pet?error=404 (Caused by NewConnectionError(""HTTPConnection(host='localhost', port=80): Failed to establish a new connection: [Errno 111] Connection refused""))"
2026-09-24T22:54:38.357248,call_ep_put__pet_jchf_scn_scn_ep_put__pet_jchf_404,PUT,http://localhost/api/v1/mock/mock-swagger/api/v3/pet?error=404,0,1.92,"HTTPConnectionPool(host='localhost', port=80): Max retries exceeded with url: /api/v1/mock/mock-swagger/api/v3/pet?error=404 (Caused by NewConnectionError(""HTTPConnection(host='localhost', port=80): Failed to establish a new connection: [Errno 111] Connection refused""))"
2026-09-24T22:54:38.363702,call_ep_put__pet_jchf_scn_scn_ep_put__pet_jchf_401,PUT,http://localhost/api/v1/mock/mock-swagger/api/v3/pet,0,1.54,"HTTPConnectionPool(host='localhost', port=80): Max retries exceeded with url: /api/v1/mock/mock-swagger/api/v3/pet (Caused by NewConnectionError(""HTTPConnection(host='localhost', port=80): Failed to establish a new connection: [Errno 111] Connection refused""))"
2026-09-24T22:54:38.373946,call_ep_put__pet_jchf_scn_scn_ep_put__pet_jchf_401,PUT,http://localhost/api/v1/mock/mock-swagger/api/v3/pet,0,2.53,"HTTPConnectionPool(host='localhost', port=80): Max retries exceeded with url: /api/v1/mock/mock-swagger/api/v3/pet (Caused by NewConnectionError(""HTTPConnection(host='localhost', port=80): Failed to establish a new connection: [Errno 111] Connection refused""))"
2026-09-24T22:54:38.374294,call_ep_put__pet_jchf_scn_scn_ep_put__pet_jchf_404,PUT,http://localhost/api/v1/mock/mock-swagger/api/v3/pet?error=404,0,1.85,"HTTPConnectionPool(host='localhost', port=80): Max retries exceeded with url: /api/v1/mock/mock-swagger/api/v3/pet?error=404 (Caused by NewConnectionError(""HTTPConnection(host='localhost', port=80): Failed to establish a new connection: [Errno 111] Connection refused""))"
2026-09-24T22:54:38.404808,call_ep_put__pet_jchf_scn_scn_ep_put__pet_jchf_404,PUT,http://localhost/api/v1/mock/mock-swagger/api/v3/pet?error=404,0,1.24,"HTTPConnectionPool(host='localhost', port=80): Max retries exceeded with url: /api/v1/mock/mock-swagger/api/v3/pet?error=404 (Caused by NewConnectionError(""HTTPConnection(host='localhost', port=80): Failed to establish a new connection: [Errno 111] Connection refused""))"
2026-09-24T22:54:38.430088,call_ep_put__pet_jchf_scn_scn_ep_put__pet_jchf_400,PUT,http://localhost/api/v1/mock/mock-swagger/api/v3/pet,0,5.12,"HTTPConnectionPool(host='localhost', port=80): Max retries exceeded with url: /api/v1/mock/mock-swagger/api/v3/pet (Caused by NewConnectionError(""HTTPConnection(host='localhost', port=80): Failed to establish a new connection: [Errno 111] Connection refused""))"
2026-09-24T22:54:38.430504,call_ep_put__pet_jchf_scn_scn_ep_put__pet_jchf_400,PUT,http://localhost/api/v1/mock/mock-swagger/api/v3/pet,0,4.41,"HTTPConnectionPool(host='localhost', port=80): Max retries exceeded with url: /api/v1/mock/mock-swagger/api/v3/pet (Caused by NewConnectionError(""HTTPConnection(host='localhost', port=80): Failed to establish a new connection: [Errno 111] Connection refused""))"
2026-09-24T22:54:38.430783,call_ep_put__pet_jchf_scn_scn_ep_put__pet_jchf_400,PUT,http://localhost/api/v1/mock/mock-swagger/api/v3/pet,0,2.49,"HTTPConnectionPool(host='localhost', port=80): Max retries exceeded with url: /api/v1/mock/mock-swagger/api/v3/pet (Caused by NewConnectionError(""HTTPConnection(host='localhost', port=80): Failed to establish a new connection: [Errno 111] Connection refused""))"
2026-09-24T22:54:38.431048,call_ep_put__pet_jchf_scn_scn_ep_put__pet_jchf_404,PUT,http://localhost/api/v1/mock/mock-swagger/api/v3/pet?error=404,0,3.97,"HTTPConnectionPool(host='localhost', port=80): Max retries exceeded with url: /api/v1/mock/mock-swagger/api/v3/pet?error=404 (Caused by NewConnectionError(""HTTPConnection(host='localhost', port=80): Failed to establish a new connection: [Errno 111] Connection refused""))"
2026-09-24T22:54:38.459363,call_ep_get__pet_findByStatus_t14w_base,GET,http://localhost/api/v1/mock/mock-swagger/api/v3/pet/findByStatus?status=1,0,2.2,"HTTPConnectionPool(host='localhost', port=80): Max retries exceeded with url: /api/v1/mock/mock-swagger/api/v3/pet/findByStatus?status=1 (Caused by NewConnectionError(""HTTPConnection(host='localhost', port=80): Failed to establish a new connection: [Errno 111] Connection refused""))"
2026-09-24T22:54:38.459790,call_ep_get__pet_findByStatus_t14w_base,GET,http://localhost/api/v1/mock/mock-swagger/api/v3/pet/findByStatus?status=1,0,1.74,"HTTPConnectionPool(host='localhost', port=80): Max retries exceeded with url: /api/v1/mock/mock-swagger/api/v3/pet/findByStatus?status=1 (Caused by NewConnectionError(""HTTPConnection(host='localhost', port=80): Failed to establish a new connection: [Errno 111] Connection refused""))"
2026-09-24T22:54:38.466027,call_ep_put__pet_jchf_scn_scn_ep_put__pet_jchf_400,PUT,http://localhost/api/v1/mock/mock-swagger/api/v3/pet,0,2.15,"HTTPConnectionPool(host='localhost', port=80): Max retries exceeded with url: /api/v1/mock/mock-swagger/api/v3/pet (Caused by NewConnectionError(""HTTPConnection(host='localhost', port=80): Failed to establish a new connection: [Errno 111] Connection refused""))"
2026-09-24T22:54:38.476653,call_ep_put__pet_jchf_scn_scn_ep_put__pet_jchf_400,PUT,http://localhost/api/v1/mock/mock-swagger/api/v3/pet,0,2.57,"HTTPConnectionPool(host='localhost', port=80): Max retries exceeded with url: /api/v1/mock/mock-swagger/api/v3/pet (Caused by NewConnectionError(""HTTPConnection(host='localhost', port=80): Failed to establish a new connection: [Errno 111] Connection refused""))"
2026-09-24T22:54:38.477098,call_ep_get__pet_findByStatus_t14w_base,GET,http://localhost/api/v1/mock/mock-swagger/api/v3/pet/findByStatus?status=1,0,1.95,"HTTPConnectionPool(host='localhost', port=80): Max retries exceeded with url: /api/v1/mock/mock-swagger/api/v3/pet/findByStatus?status=1 (Caused by NewConnectionError(""HTTPConnection(host='localhost', port=80): Failed to establish a new connection: [Errno 111] Connection refused""))"
2026-09-24T22:54:38.506039,call_ep_get__pet_findByStatus_t14w_base,GET,http://localhost/api/v1/mock/mock-swagger/api/v3/pet/findByStatus?status=1,0,1.11,"HTTPConnectionPool(host='localhost', port=80): Max retries exceeded with url: /api/v1/mock/mock-swagger/api/v3/pet/findByStatus?status=1 (Caused by NewConnectionError(""HTTPConnection(host='localhost', port=80): Failed to establish a new connection: [Errno 111] Connection refused""))"
2026-09-24T22:54:38.535081,call_ep_put__pet_jchf_scn_scn_ep_put__pet_jchf_404,PUT,http://localhost/api/v1/mock/mock-swagger/api/v3/pet?error=404,0,3.69,"HTTPConnectionPool(host='localhost', port=80): Max retries exceeded with url: /api/v1/mock/mock-swagger/api/v3/pet?error=404 (Caused by NewConnectionError(""HTTPConnection(host='localhost', port=80): Failed to establish a new connection: [Errno 111] Connection refused""))"
2026-09-24T22:54:38.535274,call_ep_put__pet_jchf_scn_scn_ep_put__pet_jchf_404,PUT,http://localhost/api/v1/mock/mock-swagger/api/v3/pet?error=404,0,5.0,"HTTPConnectionPool(host='localhost', port=80): Max retries exceeded with url: /api/v1/mock/mock-swagger/api/v3/pet?error=404 (Caused by NewConnectionError(""HTTPConnection(host='localhost', port=80): Failed to establish a new connection: [Errno 111] Connection refused""))"
2026-09-24T22:54:38.535540,call_ep_put__pet_jchf_scn_scn_ep_put__pet_jchf_404,PUT,http://localhost/api/v1/mock/mock-swagger/api/v3/pet?error=404,0,3.6,"HTTPConnectionPool(host='localhost', port=80): Max retries exceeded with url: /api/v1/mock/mock-swagger/api/v3/pet?error=404 (Caused by NewConnectionError(""HTTPConnection(host='localhost', port=80): Failed to establish a new connection: [Errno 111] Connection refused""))"
2026-09-24T22:54:38.535907,call_ep_get__pet_findByStatus_t14w_base,GET,http://localhost/api/v1/mock/mock-swagger/api/v3/pet/findByStatus?status=1,0,2.92,"HTTPConnectionPool(host='localhost', port=80): Max retries exceeded with url: /api/v1/mock/mock-swagger/api/v3/pet/findByStatus?status=1 (Caused by NewConnectionError(""HTTPConnection(host='localhost', port=80): Failed to establish a new connection: [Errno 111] Connection refused""))"
2026-09-24T22:54:38.562067,call_ep_get__pet_findByStatus_t14w_scn_scn_ep_get__pet_findByStatus_t14w_401,GET,http://localhost/api/v1/mock/mock-swagger/api/v3/pet/findByStatus?status=1,0,2.53,"HTTPConnectionPool(host='localhost', port=80): Max retries exceeded with url: /api/v1/mock/mock-swagger/api/v3/pet/findByStatus?status=1 (Caused by NewConnectionError(""HTTPConnection(host='localhost', port=80): Failed to establish a new connection: [Errno 111] Connection refused""))"
2026-09-24T22:54:38.562529,call_ep_get__pet_findByStatus_t14w_scn_scn_ep_get__pet_findByStatus_t14w_401,GET,http://localhost/api/v1/mock/mock-swagger/api/v3/pet/findByStatus?status=1,0,1.97,"HTTPConnectionPool(host='localhost', port=80): Max retries exceeded with url: /api/v1/mock/mock-swagger/api/v3/pet/findByStatus?status=1 (Caused by NewConnectionError(""HTTPConnection(host='localhost', port=80): Failed to establish a new connection: [Errno 111] Connection refused""))"
2026-09-24T22:54:38.567803,call_ep_put__pet_jchf_scn_scn_ep_put__pet_jchf_404,PUT,http://localhost/api/v1/mock/mock-swagger/api/v3/pet?error=404,0,1.6,"HTTPConnectionPool(host='localhost', port=80): Max retries exceeded with url: /api/v1/mock/mock-swagger/api/v3/pet?error=404 (Caused by NewConnectionError(""HTTPConnection(host='localhost', port=80): Failed to establish a new connection: [Errno 111] Connection refused""))"
2026-09-24T22:54:38.579563,call_ep_put__pet_jchf_scn_scn_ep_put__pet_jchf_404,PUT,http://localhost/api/v1/mock/mock-swagger/api/v3/pet?error=404,0,2.73,"HTTPConnectionPool(host='localhost', port=80): Max retries exceeded with url: /api/v1/mock/mock-swagger/api/v3/pet?error=404 (Caused by NewConnectionError(""HTTPConnection(host='localhost', port=80): Failed to establish a new connection: [Errno 111] Connection refused""))"
2026-09-24T22:54:38.580258,call_ep_get__pet_findByStatus_t14w_scn_scn_ep_get__pet_findByStatus_t14w_401,GET,http://localhost/api/v1/mock/mock-swagger/api/v3/pet/findByStatus?status=1,0,2.39,"HTTPConnectionPool(host='localhost', port=80): Max retries exceeded with url: /api/v1/mock/mock-swagger/api/v3/pet/findByStatus?status=1 (Caused by NewConnectionError(""HTTPConnection(host='localhost', port=80): Failed to establish a new connection: [Errno 111] Connection refused""))"
2026-09-24T22:54:38.607184,call_ep_get__pet_findByStatus_t14w_scn_scn_ep_get__pet_findByStatus_t14w_401,GET,http://localhost/api/v1/mock/mock-swagger/api/v3/pet/findByStatus?status=1,0,1.03,"HTTPConnectionPool(host='localhost', port=80): Max retries exceeded with url: /api/v1/mock/mock-swagger/api/v3/pet/findByStatus?status=1 (Caused by NewConnectionError(""HTTPConnection(host='localhost', port=80): Failed to establish a new connection: [Errno 111] Connection refused""))"
2026-09-24T22:54:38.639843,call_ep_get__pet_findByStatus_t14w_base,GET,http://localhost/api/v1/mock/mock-swagger/api/v3/pet/findByStatus?status=1,0,2.47,"HTTPConnectionPool(host='localhost', port=80): Max retries exceeded with url: /api/v1/mock/mock-swagger/api/v3/pet/findByStatus?status=1 (Caused by NewConnectionError(""HTTPConnection(host='localhost', port=80): Failed to establish a new connection: [Errno 111] Connection refused""))"
2026-09-24T22:54:38.640297,call_ep_get__pet_findByStatus_t14w_base,GET,http://localhost/api/v1/mock/mock-swagger/api/v3/pet/findByStatus?status=1,0,5.04,"HTTPConnectionPool(host='localhost', port=80): Max retries exceeded with url: /api/v1/mock/mock-swagger/api/v3/pet/findByStatus?status=1 (Caused by NewConnectionError(""HTTPConnection(host='localhost', port=80): Failed to establish a new connection: [Errno 111] Connection refused""))"
2026-09-24T22:54:38.640628,call_ep_get__pet_findByStatus_t14w_scn_scn_ep_get__pet_findByStatus_t14w_401,GET,http://localhost/api/v1/mock/mock-swagger/api/v3/pet/findByStatus?status=1,0,2.58,"HTTPConnectionPool(host='localhost', port=80): Max retries exceeded with url: /api/v1/mock/mock-swagger/api/v3/pet/findByStatus?status=1 (Caused by NewConnectionError(""HTTPConnection(host='localhost', port=80): Failed to establish a new connection: [Errno 111] Connection refused""))"
2026-09-24T22:54:38.640873,call_ep_get__pet_findByStatus_t14w_base,GET,http://localhost/api/v1/mock/mock-swagger/api/v3/pet/findByStatus?status=1,0,4.5,"HTTPConnectionPool(host='localhost', port=80): Max retries exceeded with url: /api/v1/mock/mock-swagger/api/v3/pet/findByStatus?status=1 (Caused by NewConnectionError(""HTTPConnection(host='localhost', port=80): Failed to establish a new connection: [Errno 111] Connection refused""))"
2026-09-24T22:54:38.664813,call_ep_get__pet_findByStatus_t14w_scn_scn_ep_get__pet_findByStatus_t14w_400,GET,http://localhost/api/v1/mock/mock-swagger/api/v3/pet/findByStatus?status=1,0,2.61,"HTTPConnectionPool(host='localhost', port=80): Max retries exceeded with url: /api/v1/mock/mock-swagger/api/v3/pet/findByStatus?status=1 (Caused by NewConnectionError(""HTTPConnection(host='localhost', port=80): Failed to establish a new connection: [Errno 111] Connection refused""))"
2026-09-24T22:54:38.665057,call_ep_get__pet_findByStatus_t14w_scn_scn_ep_get__pet_findByStatus_t14w_400,GET,http://localhost/api/v1/mock/mock-swagger/api/v3/pet/findByStatus?status=1,0,1.81,"HTTPConnectionPool(host='localhost', port=80): Max retries exceeded with url: /api/v1/mock/mock-swagger/api/v3/pet/findByStatus?status=1 (Caused by NewConnectionError(""HTTPConnection(host='localhost', port=80): Failed to establish a new connection: [Errno 111] Connection refused""))"
2026-09-24T22:54:38.669488,call_ep_get__pet_findByStatus_t14w_base,GET,http://localhost/api/v1/mock/mock-swagger/api/v3/pet/findByStatus?status=1,0,1.5,"HTTPConnectionPool(host='localhost', port=80): Max retries exceeded with url: /api/v1/mock/mock-swagger/api/v3/pet/findByStatus?status=1 (Caused by NewConnectionError(""HTTPConnection(host='localhost', port=80): Failed to establish a new connection: [Errno 111] Connection refused""))"
2026-09-24T22:54:38.682527,call_ep_get__pet_findByStatus_t14w_base,GET,http://localhost/api/v1/mock/mock-swagger/api/v3/pet/findByStatus?status=1,0,2.79,"HTTPConnectionPool(host='localhost', port=80): Max retries exceeded with url: /api/v1/mock/mock-swagger/api/v3/pet/findByStatus?status=1 (Caused by NewConnectionError(""HTTPConnection(host='localhost', port=80): Failed to establish a new connection: [Errno 111] Connection refused""))"
2026-09-24T22:54:38.682877,call_ep_get__pet_findByStatus_t14w_scn_scn_ep_get__pet_findByStatus_t14w_400,GET,http://localhost/api/v1/mock/mock-swagger/api/v3/pet/findByStatus?status=1,0,1.95,"HTTPConnectionPool(host='localhost', port=80): Max retries exceeded with url: /api/v1/mock/mock-swagger/api/v3/pet/findByStatus?status=1 (Caused by NewConnectionError(""HTTPConnection(host='localhost', port=80): Failed to establish a new connection: [Errno 111] Connection refused""))"
2026-09-24T22:54:38.708368,call_ep_get__pet_findByStatus_t14w_scn_scn_ep_get__pet_findByStatus_t14w_400,GET,http://localhost/api/v1/mock/mock-swagger/api/v3/pet/findByStatus?status=1,0,1.07,"HTTPConnectionPool(host='localhost', port=80): Max retries exceeded with url: /api/v1/mock/mock-swagger/api/v3/pet/findByStatus?status=1 (Caused by NewConnectionError(""HTTPConnection(host='localhost', port=80): Failed to establish a new connection: [Errno 111] Connection refused""))"
2026-09-24T22:54:38.745494,call_ep_get__pet_findByStatus_t14w_scn_scn_ep_get__pet_findByStatus_t14w_401,GET,http://localhost/api/v1/mock/mock-swagger/api/v3/pet/findByStatus?status=1,0,5.46,"HTTPConnectionPool(host='localhost', port=80): Max retries exceeded with url: /api/v1/mock/mock-swagger/api/v3/pet/findByStatus?status=1 (Caused by NewConnectionError(""HTTPConnection(host='localhost', port=80): Failed to establish a new connection: [Errno 111] Connection refused""))"
2026-09-24T22:54:38.745813,call_ep_get__pet_findByStatus_t14w_scn_scn_ep_get__pet_findByStatus_t14w_401,GET,http://localhost/api/v1/mock/mock-swagger/api/v3/pet/findByStatus?status=1,0,2.68,"HTTPConnectionPool(host='localhost', port=80): Max retries exceeded with url: /api/v1/mock/mock-swagger/api/v3/pet/findByStatus?status=1 (Caused by NewConnectionError(""HTTPConnection(host='localhost', port=80): Failed to establish a new connection: [Errno 111] Connection refused""))"
2026-09-24T22:54:38.746219,call_ep_get__pet_findByStatus_t14w_scn_scn_ep_get__pet_findByStatus_t14w_400,GET,http://localhost/api/v1/mock/mock-swagger/api/v3/pet/findByStatus?status=1,0,4.23,"HTTPConnectionPool(host='localhost', port=80): Max retries exceeded with url: /api/v1/mock/mock-swagger/api/v3/pet/findByStatus?status=1 (Caused by NewConnectionError(""HTTPConnection(host='localhost', port=80): Failed to establish a new connection: [Errno 111] Connection refused""))"
2026-09-24T22:54:38.746444,call_ep_get__pet_findByStatus_t14w_scn_scn_ep_get__pet_findByStatus_t14w_401,GET,http://localhost/api/v1/mock/mock-swagger/api/v3/pet/findByStatus?status=1,0,5.44,"HTTPConnectionPool(host='localhost', port=80): Max retries exceeded with url: /api/v1/mock/mock-swagger/api/v3/pet/findByStatus?status=1 (Caused by NewConnectionError(""HTTPConnection(host='localhost', port=80): Failed to establish a new connection: [Errno 111] Connection refused""))"
2026-09-24T22:54:38.767440,call_ep_get__pet_findByStatus_t14w_scn_scn_ep_get__pet_findByStatus_t14w_404,GET,http://localhost/api/v1/mock/mock-swagger/api/v3/pet/findByStatus?status=1&error=404,0,2.46,"HTTPConnectionPool(host='localhost', port=80): Max retries exceeded with url: /api/v1/mock/mock-swagger/api/v3/pet/findByStatus?status=1&error=404 (Caused by NewConnectionError(""HTTPConnection(host='localhost', port=80): Failed to establish a new connection: [Errno 111] Connection refused""))"
2026-09-24T22:54:38.767862,call_ep_get__pet_findByStatus_t14w_scn_scn_ep_get__pet_findByStatus_t14w_404,GET,http://localhost/api/v1/mock/mock-swagger/api/v3/pet/findByStatus?status=1&error=404,0,1.89,"HTTPConnectionPool(host='localhost', port=80): Max retries exceeded with url: /api/v1/mock/mock-swagger/api/v3/pet/findByStatus?status=1&error=404 (Caused by NewConnectionError(""HTTPConnection(host='localhost', port=80): Failed to establish a new connection: [Errno 111] Connection refused""))"
2026-09-24T22:54:38.771181,call_ep_get__pet_findByStatus_t14w_scn_scn_ep_get__pet_findByStatus_t14w_401,GET,http://localhost/api/v1/mock/mock-swagger/api/v3/pet/findByStatus?status=1,0,1.52,"HTTPConnectionPool(host='localhost', port=80): Max retries exceeded with url: /api/v1/mock/mock-swagger/api/v3/pet/findByStatus?status=1 (Caused by NewConnectionError(""HTTPConnection(host='localhost', port=80): Failed to establish a new connection: [Errno 111] Connection refused""))"
2026-09-24T22:54:38.785213,call_ep_get__pet_findByStatus_t14w_scn_scn_ep_get__pet_findByStatus_t14w_401,GET,http://localhost/api/v1/mock/mock-swagger/api/v3/pet/findByStatus?status=1,0,2.53,"HTTPConnectionPool(host='localhost', port=80): Max retries exceeded with url: /api/v1/mock/mock-swagger/api/v3/pet/findByStatus?status=1 (Caused by NewConnectionError(""HTTPConnection(host='localhost', port=80): Failed to establish a new connection: [Errno 111] Connection refused""))"
2026-09-24T22:54:38.785560,call_ep_get__pet_findByStatus_t14w_scn_scn_ep_get__pet_findByStatus_t14w_404,GET,http://localhost/api/v1/mock/mock-swagger/api/v3/pet/findByStatus?status=1&error=404,0,1.85,"HTTPConnectionPool(host='localhost', port=80): Max retries exceeded with url: /api/v1/mock/mock-swagger/api/v3/pet/findByStatus?status=1&error=404 (Caused by NewConnectionError(""HTTPConnection(host='localhost', port=80): Failed to establish a new connection: [Errno 111] Connection refused""))"
2026-09-24T22:54:38.809494,call_ep_get__pet_findByStatus_t14w_scn_scn_ep_get__pet_findByStatus_t14w_404,GET,http://localhost/api/v1/mock/mock-swagger/api/v3/pet/findByStatus?status=1&error=404,0,1.01,"HTTPConnectionPool(host='localhost', port=80): Max retries exceeded with url: /api/v1/mock/mock-swagger/api/v3/pet/findByStatus?status=1&error=404 (Caused by NewConnectionError(""HTTPConnection(host='localhost', port=80): Failed to establish a new connection: [Errno 111] Connection refused""))"
2026-09-24T22:54:38.850925,call_ep_get__pet_findByStatus_t14w_scn_scn_ep_get__pet_findByStatus_t14w_400,GET,http://localhost/api/v1/mock/mock-swagger/api/v3/pet/findByStatus?status=1,0,5.25,"HTTPConnectionPool(host='localhost', port=80): Max retries exceeded with url: /api/v1/mock/mock-swagger/api/v3/pet/findByStatus?status=1 (Caused by NewConnectionError(""HTTPConnection(host='localhost', port=80): Failed to establish a new connection: [Errno 111] Connection refused""))"
2026-09-24T22:54:38.851153,call_ep_get__pet_findByStatus_t14w_scn_scn_ep_get__pet_findByStatus_t14w_400,GET,http://localhost/api/v1/mock/mock-swagger/api/v3/pet/findByStatus?status=1,0,4.44,"HTTPConnectionPool(host='localhost', port=80): Max retries exceeded with url: /api/v1/mock/mock-swagger/api/v3/pet/findByStatus?status=1 (Caused by NewConnectionError(""HTTPConnection(host='localhost', port=80): Failed to establish a new connection: [Errno 111] Connection refused""))"
2026-09-24T22:54:38.851396,call_ep_get__pet_findByStatus_t14w_scn_scn_ep_get__pet_findByStatus_t14w_400,GET,http://localhost/api/v1/mock/mock-swagger/api/v3/pet/findByStatus?status=1,0,2.61,"HTTPConnectionPool(host='localhost', port=80): Max retries exceeded with url: /api/v1/mock/mock-swagger/api/v3/pet/findByStatus?status=1 (Caused by NewConnectionError(""HTTPConnection(host='localhost', port=80): Failed to establish a new connection: [Errno 111] Connection refused""))"
2026-09-24T22:54:38.851749,call_ep_get__pet_findByStatus_t14w_scn_scn_ep_get__pet_findByStatus_t14w_404,GET,http://localhost/api/v1/mock/mock-swagger/api/v3/pet/findByStatus?status=1&error=404,0,3.98,"HTTPConnectionPool(host='localhost', port=80): Max retries exceeded with url: /api/v1/mock/mock-swagger/api/v3/pet/findByStatus?status=1&error=404 (Caused by NewConnectionError(""HTTPConnection(host='localhost', port=80): Failed to establish a new connection: [Errno 111] Connection refused""))"
2026-09-24T22:54:38.870587,call_ep_get__pet_findByTags_eg92_base,GET,http://localhost/api/v1/mock/mock-swagger/api/v3/pet/findByTags?tags=1,0,2.97,"HTTPConnectionPool(host='localhost', port=80): Max retries exceeded with url: /api/v1/mock/mock-swagger/api/v3/pet/findByTags?tags=1 (Caused by NewConnectionError(""HTTPConnection(host='localhost', port=80): Failed to establish a new connection: [Errno 111] Connection refused""))"
2026-09-24T22:54:38.871033,call_ep_get__pet_findByTags_eg92_base,GET,http://localhost/api/v1/mock/mock-swagger/api/v3/pet/findByTags?tags=1,0,1.86,"HTTPConnectionPool(host='localhost', port=80): Max retries exceeded with url: /api/v1/mock/mock-swagger/api/v3/pet/findByTags?tags=1 (Caused by NewConnectionError(""HTTPConnection(host='localhost', port=80): Failed to establish a new connection: [Errno 111] Connection refused""))"
2026-09-24T22:54:38.872909,call_ep_get__pet_findByStatus_t14w_scn_scn_ep_get__pet_findByStatus_t14w_400,GET,http://localhost/api/v1/mock/mock-swagger/api/v3/pet/findByStatus?status=1,0,1.52,"HTTPConnectionPool(host='localhost', port=80): Max retries exceeded with url: /api/v1/mock/mock-swagger/api/v3/pet/findByStatus?status=1 (Caused by NewConnectionError(""HTTPConnection(host='localhost', port=80): Failed to establish a new connection: [Errno 111] Connection refused""))"
2026-09-24T22:54:38.887824,call_ep_get__pet_findByStatus_t14w_scn_scn_ep_get__pet_findByStatus_t14w_400,GET,http://localhost/api/v1/mock/mock-swagger/api/v3/pet/findByStatus?status=1,0,2.44,"HTTPConnectionPool(host='localhost', port=80): Max retries exceeded with url: /api/v1/mock/mock-swagger/api/v3/pet/findByStatus?status=1 (Caused by NewConnectionError(""HTTPConnection(host='localhost', port=80): Failed to establish a new connection: [Errno 111] Connection refused""))"
2026-09-24T22:54:38.888257,call_ep_get__pet_findByTags_eg92_base,GET,http://localhost/api/v1/mock/mock-swagger/api/v3/pet/findByTags?tags=1,0,1.86,"HTTPConnectionPool(host='localhost', port=80): Max retries exceeded with url: /api/v1/mock/mock-swagger/api/v3/pet/findByTags?tags=1 (Caused by NewConnectionError(""HTTPConnection(host='localhost', port=80): Failed to establish a new connection: [Errno 111] Connection refused""))"
2026-09-24T22:54:38.910606,call_ep_get__pet_findByTags_eg92_base,GET,http://localhost/api/v1/mock/mock-swagger/api/v3/pet/findByTags?tags=1,0,1.0,"HTTPConnectionPool(host='localhost', port=80): Max retries exceeded with url: /api/v1/mock/mock-swagger/api/v3/pet/findByTags?tags=1 (Caused by NewConnectionError(""HTTPConnection(host='localhost', port=80): Failed to establish a new connection: [Errno 111] Connection refused""))"
2026-09-24T22:54:38.956586,call_ep_get__pet_findByStatus_t14w_scn_scn_ep_get__pet_findByStatus_t14w_404,GET,http://localhost/api/v1/mock/mock-swagger/api/v3/pet/findByStatus?status=1&error=404,0,5.48,"HTTPConnectionPool(host='localhost', port=80): Max retries exceeded with url: /api/v1/mock/mock-swagger/api/v3/pet/findByStatus?status=1&error=404 (Caused by NewConnectionError(""HTTPConnection(host='localhost', port=80): Failed to establish a new connection: [Errno 111] Connection refused""))"
2026-09-24T22:54:38.956977,call_ep_get__pet_findByTags_eg92_base,GET,http://localhost/api/v1/mock/mock-swagger/api/v3/pet/findByTags?tags=1,0,2.37,"HTTPConnectionPool(host='localhost', port=80): Max retries exceeded with url: /api/v1/mock/mock-swagger/api/v3/pet/findByTags?tags=1 (Caused by NewConnectionError(""HTTPConnection(host='localhost', port=80): Failed to establish a new connection: [Errno 111] Connection refused""))"
2026-09-24T22:54:38.957294,call_ep_get__pet_findByStatus_t14w_scn_scn_ep_get__pet_findByStatus_t14w_404,GET,http://localhost/api/v1/mock/mock-swagger/api/v3/pet/findByStatus?status=1&error=404,0,5.17,"HTTPConnectionPool(host='localhost', port=80): Max retries exceeded with url: /api/v1/mock/mock-swagger/api/v3/pet/findByStatus?status=1&error=404 (Caused by NewConnectionError(""HTTPConnection(host='localhost', port=80): Failed to establish a new connection: [Errno 111] Connection refused""))"
2026-09-24T22:54:38.957544,call_ep_get__pet_findByStatus_t14w_scn_scn_ep_get__pet_findByStatus_t14w_404,GET,http://localhost/api/v1/mock/mock-swagger/api/v3/pet/findByStatus?status=1&error=404,0,4.44,"HTTPConnectionPool(host='localhost', port=80): Max retries exceeded with url: /api/v1/mock/mock-swagger/api/v3/pet/findByStatus?status=1&error=404 (Caused by NewConnectionError(""HTTPConnection(host='localhost', port=80): Failed to establish a new connection: [Errno 111] Connection refused""))"
2026-09-24T22:54:38.974585,call_ep_get__pet_findByTags_eg92_scn_scn_ep_get__pet_findByTags_eg92_401,GET,http://localhost/api/v1/mock/mock-swagger/api/v3/pet/findByTags?tags=1,0,3.85,"HTTPConnectionPool(host='localhost', port=80): Max retries exceeded with url: /api/v1/mock/mock-swagger/api/v3/pet/findByTags?tags=1 (Caused by NewConnectionError(""HTTPConnection(host='localhost', port=80): Failed to establish a new connection: [Errno 111] Connection refused""))"
2026-09-24T22:54:38.975092,call_ep_get__pet_findByTags_eg92_scn_scn_ep_get__pet_findByTags_eg92_401,GET,http://localhost/api/v1/mock/mock-swagger/api/v3/pet/findByTags?tags=1,0,3.02,"HTTPConnectionPool(host='localhost', port=80): Max retries exceeded with url: /api/v1/mock/mock-swagger/api/v3/pet/findByTags?tags=1 (Caused by NewConnectionError(""HTTPConnection(host='localhost', port=80): Failed to establish a new connection: [Errno 111] Connection refused""))"
2026-09-24T22:54:38.975699,call_ep_get__pet_findByStatus_t14w_scn_scn_ep_get__pet_findByStatus_t14w_404,GET,http://localhost/api/v1/mock/mock-swagger/api/v3/pet/findByStatus?status=1&error=404,0,2.58,"HTTPConnectionPool(host='localhost', port=80): Max retries exceeded with url: /api/v1/mock/mock-swagger/api/v3/pet/findByStatus?status=1&error=404 (Caused by NewConnectionError(""HTTPConnection(host='localhost', port=80): Failed to establish a new connection: [Errno 111] Connection refused""))"
2026-09-24T22:54:38.990627,call_ep_get__pet_findByStatus_t14w_scn_scn_ep_get__pet_findByStatus_t14w_404,GET,http://localhost/api/v1/mock/mock-swagger/api/v3/pet/findByStatus?status=1&error=404,0,2.62,"HTTPConnectionPool(host='localhost', port=80): Max retries exceeded with url: /api/v1/mock/mock-swagger/api/v3/pet/findByStatus?status=1&error=404 (Caused by NewConnectionError(""HTTPConnection(host='localhost', port=80): Failed to establish a new connection: [Errno 111] Connection refused""))"
2026-09-24T22:54:38.990852,call_ep_get__pet_findByTags_eg92_scn_scn_ep_get__pet_findByTags_eg92_401,GET,http://localhost/api/v1/mock/mock-swagger/api/v3/pet/findByTags?tags=1,0,1.82,"HTTPConnectionPool(host='localhost', port=80): Max retries exceeded with url: /api/v1/mock/mock-swagger/api/v3/pet/findByTags?tags=1 (Caused by NewConnectionError(""HTTPConnection(host='localhost', port=80): Failed to establish a new connection: [Errno 111] Connection refused""))"
2026-09-24T22:54:39.011894,call_ep_get__pet_findByTags_eg92_scn_scn_ep_get__pet_findByTags_eg92_401,GET,http://localhost/api/v1/mock/mock-swagger/api/v3/pet/findByTags?tags=1,0,1.16,"HTTPConnectionPool(host='localhost', port=80): Max retries exceeded with url: /api/v1/mock/mock-swagger/api/v3/pet/findByTags?tags=1 (Caused by NewConnectionError(""HTTPConnection(host='localhost', port=80): Failed to establish a new connection: [Errno 111] Connection refused""))"
2026-09-24T22:54:39.065910,call_ep_get__pet_findByTags_eg92_base,GET,http://localhost/api/v1/mock/mock-swagger/api/v3/pet/findByTags?tags=1,0,6.44,"HTTPConnectionPool(host='localhost', port=80): Max retries exceeded with url: /api/v1/mock/mock-swagger/api/v3/pet/findByTags?tags=1 (Caused by NewConnectionError(""HTTPConnection(host='localhost', port=80): Failed to establish a new connection: [Errno 111] Connection refused""))"
2026-09-24T22:54:39.066138,call_ep_get__pet_findByTags_eg92_base,GET,http://localhost/api/v1/mock/mock-swagger/api/v3/pet/findByTags?tags=1,0,7.74,"HTTPConnectionPool(host='localhost', port=80): Max retries exceeded with url: /api/v1/mock/mock-swagger/api/v3/pet/findByTags?tags=1 (Caused by NewConnectionError(""HTTPConnection(host='localhost', port=80): Failed to establish a new connection: [Errno 111] Connection refused""))"
2026-09-24T22:54:39.066358,call_ep_get__pet_findByTags_eg92_scn_scn_ep_get__pet_findByTags_eg92_401,GET,http://localhost/api/v1/mock/mock-swagger/api/v3/pet/findByTags?tags=1,0,9.1,"HTTPConnectionPool(host='localhost', port=80): Max retries exceeded with url: /api/v1/mock/mock-swagger/api/v3/pet/findByTags?tags=1 (Caused by NewConnectionError(""HTTPConnection(host='localhost', port=80): Failed to establish a new connection: [Errno 111] Connection refused""))"
2026-09-24T22:54:39.066805,call_ep_get__pet_findByTags_eg92_base,GET,http://localhost/api/v1/mock/mock-swagger/api/v3/pet/findByTags?tags=1,0,5.64,"HTTPConnectionPool(host='localhost', port=80): Max retries exceeded with url: /api/v1/mock/mock-swagger/api/v3/pet/findByTags?tags=1 (Caused by NewConnectionError(""HTTPConnection(host='localhost', port=80): Failed to establish a new connection: [Errno 111] Connection refused""))"
2026-09-24T22:54:39.078795,call_ep_get__pet_findByTags_eg92_scn_scn_ep_get__pet_findByTags_eg92_400,GET,http://localhost/api/v1/mock/mock-swagger/api/v3/pet/findByTags?tags=1,0,4.04,"HTTPConnectionPool(host='localhost', port=80): Max retries exceeded with url: /api/v1/mock/mock-swagger/api/v3/pet/findByTags?tags=1 (Caused by NewConnectionError(""HTTPConnection(host='localhost', port=80): Failed to establish a new connection: [Errno 111] Connection refused""))"
2026-09-24T22:54:39.079026,call_ep_get__pet_findByTags_eg92_scn_scn_ep_get__pet_findByTags_eg92_400,GET,http://localhost/api/v1/mock/mock-swagger/api/v3/pet/findByTags?tags=1,0,2.88,"HTTPConnectionPool(host='localhost', port=80): Max retries exceeded with url: /api/v1/mock/mock-swagger/api/v3/pet/findByTags?tags=1 (Caused by NewConnectionError(""HTTPConnection(host='localhost', port=80): Failed to establish a new connection: [Errno 111] Connection refused""))"
2026-09-24T22:54:39.079328,call_ep_get__pet_findByTags_eg92_base,GET,http://localhost/api/v1/mock/mock-swagger/api/v3/pet/findByTags?tags=1,0,2.15,"HTTPConnectionPool(host='localhost', port=80): Max retries exceeded with url: /api/v1/mock/mock-swagger/api/v3/pet/findByTags?tags=1 (Caused by NewConnectionError(""HTTPConnection(host='localhost', port=80): Failed to establish a new connection: [Errno 111] Connection refused""))"
2026-09-24T22:54:39.093446,call_ep_get__pet_findByTags_eg92_base,GET,http://localhost/api/v1/mock/mock-swagger/api/v3/pet/findByTags?tags=1,0,2.64,"HTTPConnectionPool(host='localhost', port=80): Max retries exceeded with url: /api/v1/mock/mock-swagger/api/v3/pet/findByTags?tags=1 (Caused by NewConnectionError(""HTTPConnection(host='localhost', port=80): Failed to establish a new connection: [Errno 111] Connection refused""))"
2026-09-24T22:54:39.093853,call_ep_get__pet_findByTags_eg92_scn_scn_ep_get__pet_findByTags_eg92_400,GET,http://localhost/api/v1/mock/mock-swagger/api/v3/pet/findByTags?tags=1,0,1.92,"HTTPConnectionPool(host='localhost', port=80): Max retries exceeded with url: /api/v1/mock/mock-swagger/api/v3/pet/findByTags?tags=1 (Caused by NewConnectionError(""HTTPConnection(host='localhost', port=80): Failed to establish a new connection: [Errno 111] Connection refused""))"
2026-09-24T22:54:39.113059,call_ep_get__pet_findByTags_eg92_scn_scn_ep_get__pet_findByTags_eg92_400,GET,http://localhost/api/v1/mock/mock-swagger/api/v3/pet/findByTags?tags=1,0,1.05,"HTTPConnectionPool(host='localhost', port=80): Max retries exceeded with url: /api/v1/mock/mock-swagger/api/v3/pet/findByTags?tags=1 (Caused by NewConnectionError(""HTTPConnection(host='localhost', port=80): Failed to establish a new connection: [Errno 111] Connection refused""))"
2026-09-24T22:54:39.171320,call_ep_get__pet_findByTags_eg92_scn_scn_ep_get__pet_findByTags_eg92_401,GET,http://localhost/api/v1/mock/mock-swagger/api/v3/pet/findByTags?tags=1,0,5.21,"HTTPConnectionPool(host='localhost', port=80): Max retries exceeded with url: /api/v1/mock/mock-swagger/api/v3/pet/findByTags?tags=1 (Caused by NewConnectionError(""HTTPConnection(host='localhost', port=80): Failed to establish a new connection: [Errno 111] Connection refused""))"
2026-09-24T22:54:39.171773,call_ep_get__pet_findByTags_eg92_scn_scn_ep_get__pet_findByTags_eg92_401,GET,http://localhost/api/v1/mock/mock-swagger/api/v3/pet/findByTags?tags=1,0,2.38,"HTTPConnectionPool(host='localhost', port=80): Max retries exceeded with url: /api/v1/mock/mock-swagger/api/v3/pet/findByTags?tags=1 (Caused by NewConnectionError(""HTTPConnection(host='localhost', port=80): Failed to establish a new connection: [Errno 111] Connection refused""))"
2026-09-24T22:54:39.172014,call_ep_get__pet_findByTags_eg92_scn_scn_ep_get__pet_findByTags_eg92_401,GET,http://localhost/api/v1/mock/mock-swagger/api/v3/pet/findByTags?tags=1,0,4.66,"HTTPConnectionPool(host='localhost', port=80): Max retries exceeded with url: /api/v1/mock/mock-swagger/api/v3/pet/findByTags?tags=1 (Caused by NewConnectionError(""HTTPConnection(host='localhost', port=80): Failed to establish a new connection: [Errno 111] Connection refused""))"
2026-09-24T22:54:39.172390,call_ep_get__pet_findByTags_eg92_scn_scn_ep_get__pet_findByTags_eg92_400,GET,http://localhost/api/v1/mock/mock-swagger/api/v3/pet/findByTags?tags=1,0,4.04,"HTTPConnectionPool(host='localhost', port=80): Max retries exceeded with url: /api/v1/mock/mock-swagger/api/v3/pet/findByTags?tags=1 (Caused by NewConnectionError(""HTTPConnection(host='localhost', port=80): Failed to establish a new connection: [Errno 111] Connection refused""))"
2026-09-24T22:54:39.182982,call_ep_get__pet_findByTags_eg92_scn_scn_ep_get__pet_findByTags_eg92_404,GET,http://localhost/api/v1/mock/mock-swagger/api/v3/pet/findByTags?tags=1&error=404,0,4.05,"HTTPConnectionPool(host='localhost', port=80): Max retries exceeded with url: /api/v1/mock/mock-swagger/api/v3/pet/findByTags?tags=1&error=404 (Caused by NewConnectionError(""HTTPConnection(host='localhost', port=80): Failed to establish a new connection: [Errno 111] Connection refused""))"
2026-09-24T22:54:39.183232,call_ep_get__pet_findByTags_eg92_scn_scn_ep_get__pet_findByTags_eg92_401,GET,http://localhost/api/v1/mock/mock-swagger/api/v3/pet/findByTags?tags=1,0,2.0,"HTTPConnectionPool(host='localhost', port=80): Max retries exceeded with url: /api/v1/mock/mock-swagger/api/v3/pet/findByTags?tags=1 (Caused by NewConnectionError(""HTTPConnection(host='localhost', port=80): Failed to establish a new connection: [Errno 111] Connection refused""))"
2026-09-24T22:54:39.183588,call_ep_get__pet_findByTags_eg92_scn_scn_ep_get__pet_findByTags_eg92_404,GET,http://localhost/api/v1/mock/mock-swagger/api/v3/pet/findByTags?tags=1&error=404,0,3.37,"HTTPConnectionPool(host='localhost', port=80): Max retries exceeded with url: /api/v1/mock/mock-swagger/api/v3/pet/findByTags?tags=1&error=404 (Caused by NewConnectionError(""HTTPConnection(host='localhost', port=80): Failed to establish a new connection: [Errno 111] Connection refused""))"
2026-09-24T22:54:39.196267,call_ep_get__pet_findByTags_eg92_scn_scn_ep_get__pet_findByTags_eg92_401,GET,http://localhost/api/v1/mock/mock-swagger/api/v3/pet/findByTags?tags=1,0,2.64,"HTTPConnectionPool(host='localhost', port=80): Max retries exceeded with url: /api/v1/mock/mock-swagger/api/v3/pet/findByTags?tags=1 (Caused by NewConnectionError(""HTTPConnection(host='localhost', port=80): Failed to establish a new connection: [Errno 111] Connection refused""))"
2026-09-24T22:54:39.196607,call_ep_get__pet_findByTags_eg92_scn_scn_ep_get__pet_findByTags_eg92_404,GET,http://localhost/api/v1/mock/mock-swagger/api/v3/pet/findByTags?tags=1&error=404,0,2.0,"HTTPConnectionPool(host='localhost', port=80): Max retries exceeded with url: /api/v1/mock/mock-swagger/api/v3/pet/findByTags?tags=1&error=404 (Caused by NewConnectionError(""HTTPConnection(host='localhost', port=80): Failed to establish a new connection: [Errno 111] Connection refused""))"
2026-09-24T22:54:39.214170,call_ep_get__pet_findByTags_eg92_scn_scn_ep_get__pet_findByTags_eg92_404,GET,http://localhost/api/v1/mock/mock-swagger/api/v3/pet/findByTags?tags=1&error=404,0,1.0,"HTTPConnectionPool(host='localhost', port=80): Max retries exceeded with url: /api/v1/mock/mock-swagger/api/v3/pet/findByTags?tags=1&error=404 (Caused by NewConnectionError(""HTTPConnection(host='localhost', port=80): Failed to establish a new connection: [Errno 111] Connection refused""))"
2026-09-24T22:54:39.276576,call_ep_get__pet_findByTags_eg92_scn_scn_ep_get__pet_findByTags_eg92_400,GET,http://localhost/api/v1/mock/mock-swagger/api/v3/pet/findByTags?tags=1,0,2.93,"HTTPConnectionPool(host='localhost', port=80): Max retries exceeded with url: /api/v1/mock/mock-swagger/api/v3/pet/findByTags?tags=1 (Caused by NewConnectionError(""HTTPConnection(host='localhost', port=80): Failed to establish a new connection: [Errno 111] Connection refused""))"
2026-09-24T22:54:39.276959,call_ep_get__pet_findByTags_eg92_scn_scn_ep_get__pet_findByTags_eg92_400,GET,http://localhost/api/v1/mock/mock-swagger/api/v3/pet/findByTags?tags=1,0,5.45,"HTTPConnectionPool(host='localhost', port=80): Max retries exceeded with url: /api/v1/mock/mock-swagger/api/v3/pet/findByTags?tags=1 (Caused by NewConnectionError(""HTTPConnection(host='localhost', port=80): Failed to establish a new connection: [Errno 111] Connection refused""))"
2026-09-24T22:54:39.277312,call_ep_get__pet_findByTags_eg92_scn_scn_ep_get__pet_findByTags_eg92_404,GET,http://localhost/api/v1/mock/mock-swagger/api/v3/pet/findByTags?tags=1&error=404,0,2.66,"HTTPConnectionPool(host='localhost', port=80): Max retries exceeded with url: /api/v1/mock/mock-swagger/api/v3/pet/findByTags?tags=1&error=404 (Caused by NewConnectionError(""HTTPConnection(host='localhost', port=80): Failed to establish a new connection: [Errno 111] Connection refused""))"
2026-09-24T22:54:39.277501,call_ep_get__pet_findByTags_eg92_scn_scn_ep_get__pet_findByTags_eg92_400,GET,http://localhost/api/v1/mock/mock-swagger/api/v3/pet/findByTags?tags=1,0,4.86,"HTTPConnectionPool(host='localhost', port=80): Max retries exceeded with url: /api/v1/mock/mock-swagger/api/v3/pet/findByTags?tags=1 (Caused by NewConnectionError(""HTTPConnection(host='localhost', port=80): Failed to establish a new connection: [Errno 111] Connection refused""))"
2026-09-24T22:54:39.291526,call_ep_get__pet_findByTags_eg92_scn_scn_ep_get__pet_findByTags_eg92_400,GET,http://localhost/api/v1/mock/mock-swagger/api/v3/pet/findByTags?tags=1,0,2.98,"HTTPConnectionPool(host='localhost', port=80): Max retries exceeded with url: /api/v1/mock/mock-swagger/api/v3/pet/findByTags?tags=1 (Caused by NewConnectionError(""HTTPConnection(host='localhost', port=80): Failed to establish a new connection: [Errno 111] Connection refused""))"
2026-09-24T22:54:39.291737,call_ep_get__pet__petId__mpbf_base,GET,http://localhost/api/v1/mock/mock-swagger/api/v3/pet/{petId},0,1.95,"HTTPConnectionPool(host='localhost', port=80): Max retries exceeded with url: /api/v1/mock/mock-swagger/api/v3/pet/%7BpetId%7D (Caused by NewConnectionError(""HTTPConnection(host='localhost', port=80): Failed to establish a new connection: [Errno 111] Connection refused""))"
2026-09-24T22:54:39.292076,call_ep_get__pet__petId__mpbf_base,GET,http://localhost/api/v1/mock/mock-swagger/api/v3/pet/{petId},0,8.96,"HTTPConnectionPool(host='localhost', port=80): Max retries exceeded with url: /api/v1/mock/mock-swagger/api/v3/pet/%7BpetId%7D (Caused by NewConnectionError(""HTTPConnection(host='localhost', port=80): Failed to establish a new connection: [Errno 111] Connection refused""))"
2026-09-24T22:54:39.299171,call_ep_get__pet_findByTags_eg92_scn_scn_ep_get__pet_findByTags_eg92_400,GET,http://localhost/api/v1/mock/mock-swagger/api/v3/pet/findByTags?tags=1,0,2.74,"HTTPConnectionPool(host='localhost', port=80): Max retries exceeded with url: /api/v1/mock/mock-swagger/api/v3/pet/findByTags?tags=1 (Caused by NewConnectionError(""HTTPConnection(host='localhost', port=80): Failed to establish a new connection: [Errno 111] Connection refused""))"
2026-09-24T22:54:39.299594,call_ep_get__pet__petId__mpbf_base,GET,http://localhost/api/v1/mock/mock-swagger/api/v3/pet/{petId},0,2.0,"HTTPConnectionPool(host='localhost', port=80): Max retries exceeded with url: /api/v1/mock/mock-swagger/api/v3/pet/%7BpetId%7D (Caused by NewConnectionError(""HTTPConnection(host='localhost', port=80): Failed to establish a new connection: [Errno 111] Connection refused""))"
2026-09-24T22:54:39.315279,call_ep_get__pet__petId__mpbf_base,GET,http://localhost/api/v1/mock/mock-swagger/api/v3/pet/{petId},0,0.97,"HTTPConnectionPool(host='localhost', port=80): Max retries exceeded with url: /api/v1/mock/mock-swagger/api/v3/pet/%7BpetId%7D (Caused by NewConnectionError(""HTTPConnection(host='localhost', port=80): Failed to establish a new connection: [Errno 111] Connection refused""))"
2026-09-24T22:54:39.381939,call_ep_get__pet_findByTags_eg92_scn_scn_ep_get__pet_findByTags_eg92_404,GET,http://localhost/api/v1/mock/mock-swagger/api/v3/pet/findByTags?tags=1&error=404,0,5.18,"HTTPConnectionPool(host='localhost', port=80): Max retries exceeded with url: /api/v1/mock/mock-swagger/api/v3/pet/findByTags?tags=1&error=404 (Caused by NewConnectionError(""HTTPConnection(host='localhost', port=80): Failed to establish a new connection: [Errno 111] Connection refused""))"
2026-09-24T22:54:39.382135,call_ep_get__pet_findByTags_eg92_scn_scn_ep_get__pet_findByTags_eg92_404,GET,http://localhost/api/v1/mock/mock-swagger/api/v3/pet/findByTags?tags=1&error=404,0,4.3,"HTTPConnectionPool(host='localhost', port=80): Max retries exceeded with url: /api/v1/mock/mock-swagger/api/v3/pet/findByTags?tags=1&error=404 (Caused by NewConnectionError(""HTTPConnection(host='localhost', port=80): Failed to establish a new connection: [Errno 111] Connection refused""))"
2026-09-24T22:54:39.382528,call_ep_get__pet__petId__mpbf_base,GET,http://localhost/api/v1/mock/mock-swagger/api/v3/pet/{petId},0,3.66,"HTTPConnectionPool(host='localhost', port=80): Max retries exceeded with url: /api/v1/mock/mock-swagger/api/v3/pet/%7BpetId%7D (Caused by NewConnectionError(""HTTPConnection(host='localhost', port=80): Failed to establish a new connection: [Errno 111] Connection refused""))"
2026-09-24T22:54:39.382774,call_ep_get__pet_findByTags_eg92_scn_scn_ep_get__pet_findByTags_eg92_404,GET,http://localhost/api/v1/mock/mock-swagger/api/v3/pet/findByTags?tags=1&error=404,0,2.84,"HTTPConnectionPool(host='localhost', port=80): Max retries exceeded with url: /api/v1/mock/mock-swagger/api/v3/pet/findByTags?tags=1&error=404 (Caused by NewConnectionError(""HTTPConnection(host='localhost', port=80): Failed to establish a new connection: [Errno 111] Connection refused""))"
2026-09-24T22:54:39.395392,call_ep_get__pet_findByTags_eg92_scn_scn_ep_get__pet_findByTags_eg92_404,GET,http://localhost/api/v1/mock/mock-swagger/api/v3/pet/findByTags?tags=1&error=404,0,3.69,"HTTPConnectionPool(host='localhost', port=80): Max retries exceeded with url: /api/v1/mock/mock-swagger/api/v3/pet/findByTags?tags=1&error=404 (Caused by NewConnectionError(""HTTPConnection(host='localhost', port=80): Failed to establish a new connection: [Errno 111] Connection refused""))"
2026-09-24T22:54:39.395825,call_ep_get__pet__petId__mpbf_scn_scn_ep_get__pet__petId__mpbf_401,GET,http://localhost/api/v1/mock/mock-swagger/api/v3/pet/{petId},0,3.11,"HTTPConnectionPool(host='localhost', port=80): Max retries exceeded with url: /api/v1/mock/mock-swagger/api/v3/pet/%7BpetId%7D (Caused by NewConnectionError(""HTTPConnection(host='localhost', port=80): Failed to establish a new connection: [Errno 111] Connection refused""))"
2026-09-24T22:54:39.396134,call_ep_get__pet__petId__mpbf_scn_scn_ep_get__pet__petId__mpbf_401,GET,http://localhost/api/v1/mock/mock-swagger/api/v3/pet/{petId},0,2.38,"HTTPConnectionPool(host='localhost', port=80): Max retries exceeded with url: /api/v1/mock/mock-swagger/api/v3/pet/%7BpetId%7D (Caused by NewConnectionError(""HTTPConnection(host='localhost', port=80): Failed to establish a new connection: [Errno 111] Connection refused""))"
2026-09-24T22:54:39.402338,call_ep_get__pet_findByTags_eg92_scn_scn_ep_get__pet_findByTags_eg92_404,GET,http://localhost/api/v1/mock/mock-swagger/api/v3/pet/findByTags?tags=1&error=404,0,3.0,"HTTPConnectionPool(host='localhost', port=80): Max retries exceeded with url: /api/v1/mock/mock-swagger/api/v3/pet/findByTags?tags=1&error=404 (Caused by NewConnectionError(""HTTPConnection(host='localhost', port=80): Failed to establish a new connection: [Errno 111] Connection refused""))"
2026-09-24T22:54:39.402677,call_ep_get__pet__petId__mpbf_scn_scn_ep_get__pet__petId__mpbf_401,GET,http://localhost/api/v1/mock/mock-swagger/api/v3/pet/{petId},0,1.91,"HTTPConnectionPool(host='localhost', port=80): Max retries exceeded with url: /api/v1/mock/mock-swagger/api/v3/pet/%7BpetId%7D (Caused by NewConnectionError(""HTTPConnection(host='localhost', port=80): Failed to establish a new connection: [Errno 111] Connection refused""))"
2026-09-24T22:54:39.416365,call_ep_get__pet__petId__mpbf_scn_scn_ep_get__pet__petId__mpbf_401,GET,http://localhost/api/v1/mock/mock-swagger/api/v3/pet/{petId},0,0.98,"HTTPConnectionPool(host='localhost', port=80): Max retries exceeded with url: /api/v1/mock/mock-swagger/api/v3/pet/%7BpetId%7D (Caused by NewConnectionError(""HTTPConnection(host='localhost', port=80): Failed to establish a new connection: [Errno 111] Connection refused""))"
2026-09-24T22:54:39.487823,call_ep_get__pet__petId__mpbf_base,GET,http://localhost/api/v1/mock/mock-swagger/api/v3/pet/{petId},0,5.72,"HTTPConnectionPool(host='localhost', port=80): Max retries exceeded with url: /api/v1/mock/mock-swagger/api/v3/pet/%7BpetId%7D (Caused by NewConnectionError(""HTTPConnection(host='localhost', port=80): Failed to establish a new connection: [Errno 111] Connection refused""))"
2026-09-24T22:54:39.488465,call_ep_get__pet__petId__mpbf_scn_scn_ep_get__pet__petId__mpbf_401,GET,http://localhost/api/v1/mock/mock-swagger/api/v3/pet/{petId},0,3.64,"HTTPConnectionPool(host='localhost', port=80): Max retries exceeded with url: /api/v1/mock/mock-swagger/api/v3/pet/%7BpetId%7D (Caused by NewConnectionError(""HTTPConnection(host='localhost', port=80): Failed to establish a new connection: [Errno 111] Connection refused""))"
2026-09-24T22:54:39.488654,call_ep_get__pet__petId__mpbf_base,GET,http://localhost/api/v1/mock/mock-swagger/api/v3/pet/{petId},0,4.95,"HTTPConnectionPool(host='localhost', port=80): Max retries exceeded with url: /api/v1/mock/mock-swagger/api/v3/pet/%7BpetId%7D (Caused by NewConnectionError(""HTTPConnection(host='localhost', port=80): Failed to establish a new connection: [Errno 111] Connection refused""))"
2026-09-24T22:54:39.488959,call_ep_get__pet__petId__mpbf_base,GET,http://localhost/api/v1/mock/mock-swagger/api/v3/pet/{petId},0,3.09,"HTTPConnectionPool(host='localhost', port=80): Max retries exceeded with url: /api/v1/mock/mock-swagger/api/v3/pet/%7BpetId%7D (Caused by NewConnectionError(""HTTPConnection(host='localhost', port=80): Failed to establish a new connection: [Errno 111] Connection refused""))"
2026-09-24T22:54:39.499421,call_ep_get__pet__petId__mpbf_base,GET,http://localhost/api/v1/mock/mock-swagger/api/v3/pet/{petId},0,3.86,"HTTPConnectionPool(host='localhost', port=80): Max retries exceeded with url: /api/v1/mock/mock-swagger/api/v3/pet/%7BpetId%7D (Caused by NewConnectionError(""HTTPConnection(host='localhost', port=80): Failed to establish a new connection: [Errno 111] Connection refused""))"
2026-09-24T22:54:39.499819,call_ep_get__pet__petId__mpbf_scn_scn_ep_get__pet__petId__mpbf_400,GET,http://localhost/api/v1/mock/mock-swagger/api/v3/pet/{petId},0,3.2,"HTTPConnectionPool(host='localhost', port=80): Max retries exceeded with url: /api/v1/mock/mock-swagger/api/v3/pet/%7BpetId%7D (Caused by NewConnectionError(""HTTPConnection(host='localhost', port=80): Failed to establish a new connection: [Errno 111] Connection refused""))"
2026-09-24T22:54:39.500159,call_ep_get__pet__petId__mpbf_scn_scn_ep_get__pet__petId__mpbf_400,GET,http://localhost/api/v1/mock/mock-swagger/api/v3/pet/{petId},0,2.45,"HTTPConnectionPool(host='localhost', port=80): Max retries exceeded with url: /api/v1/mock/mock-swagger/api/v3/pet/%7BpetId%7D (Caused by NewConnectionError(""HTTPConnection(host='localhost', port=80): Failed to establish a new connection: [Errno 111] Connection refused""))"
2026-09-24T22:54:39.505128,call_ep_get__pet__petId__mpbf_base,GET,http://localhost/api/v1/mock/mock-swagger/api/v3/pet/{petId},0,2.62,"HTTPConnectionPool(host='localhost', port=80): Max retries exceeded with url: /api/v1/mock/mock-swagger/api/v3/pet/%7BpetId%7D (Caused by NewConnectionError(""HTTPConnection(host='localhost', port=80): Failed to establish a new connection: [Errno 111] Connection refused""))"
2026-09-24T22:54:39.505549,call_ep_get__pet__petId__mpbf_scn_scn_ep_get__pet__petId__mpbf_400,GET,http://localhost/api/v1/mock/mock-swagger/api/v3/pet/{petId},0,1.92,"HTTPConnectionPool(host='localhost', port=80): Max retries exceeded with url: /api/v1/mock/mock-swagger/api/v3/pet/%7BpetId%7D (Caused by NewConnectionError(""HTTPConnection(host='localhost', port=80): Failed to establish a new connection: [Errno 111] Connection refused""))"
2026-09-24T22:54:39.517815,call_ep_get__pet__petId__mpbf_scn_scn_ep_get__pet__petId__mpbf_400,GET,http://localhost/api/v1/mock/mock-swagger/api/v3/pet/{petId},0,1.34,"HTTPConnectionPool(host='localhost', port=80): Max retries exceeded with url: /api/v1/mock/mock-swagger/api/v3/pet/%7BpetId%7D (Caused by NewConnectionError(""HTTPConnection(host='localhost', port=80): Failed to establish a new connection: [Errno 111] Connection refused""))"
2026-09-24T22:54:39.593769,call_ep_get__pet__petId__mpbf_scn_scn_ep_get__pet__petId__mpbf_400,GET,http://localhost/api/v1/mock/mock-swagger/api/v3/pet/{petId},0,4.58,"HTTPConnectionPool(host='localhost', port=80): Max retries exceeded with url: /api/v1/mock/mock-swagger/api/v3/pet/%7BpetId%7D (Caused by NewConnectionError(""HTTPConnection(host='localhost', port=80): Failed to establish a new connection: [Errno 111] Connection refused""))"
2026-09-24T22:54:39.594008,call_ep_get__pet__petId__mpbf_scn_scn_ep_get__pet__petId__mpbf_401,GET,http://localhost/api/v1/mock/mock-swagger/api/v3/pet/{petId},0,5.99,"HTTPConnectionPool(host='localhost', port=80): Max retries exceeded with url: /api/v1/mock/mock-swagger/api/v3/pet/%7BpetId%7D (Caused by NewConnectionError(""HTTPConnection(host='localhost', port=80): Failed to establish a new connection: [Errno 111] Connection refused""))"
2026-09-24T22:54:39.594391,call_ep_get__pet__petId__mpbf_scn_scn_ep_get__pet__petId__mpbf_401,GET,http://localhost/api/v1/mock/mock-swagger/api/v3/pet/{petId},0,4.12,"HTTPConnectionPool(host='localhost', port=80): Max retries exceeded with url: /api/v1/mock/mock-swagger/api/v3/pet/%7BpetId%7D (Caused by NewConnectionError(""HTTPConnection(host='localhost', port=80): Failed to establish a new connection: [Errno 111] Connection refused""))"
2026-09-24T22:54:39.594725,call_ep_get__pet__petId__mpbf_scn_scn_ep_get__pet__petId__mpbf_401,GET,http://localhost/api/v1/mock/mock-swagger/api/v3/pet/{petId},0,3.45,"HTTPConnectionPool(host='localhost', port=80): Max retries exceeded with url: /api/v1/mock/mock-swagger/api/v3/pet/%7BpetId%7D (Caused by NewConnectionError(""HTTPConnection(host='localhost', port=80): Failed to establish a new connection: [Errno 111] Connection refused""))"
2026-09-24T22:54:39.603425,call_ep_get__pet__petId__mpbf_scn_scn_ep_get__pet__petId__mpbf_401,GET,http://localhost/api/v1/mock/mock-swagger/api/v3/pet/{petId},0,3.82,"HTTPConnectionPool(host='localhost', port=80): Max retries exceeded with url: /api/v1/mock/mock-swagger/api/v3/pet/%7BpetId%7D (Caused by NewConnectionError(""HTTPConnection(host='localhost', port=80): Failed to establish a new connection: [Errno 111] Connection refused""))"
2026-09-24T22:54:39.603764,call_ep_get__pet__petId__mpbf_scn_scn_ep_get__pet__petId__mpbf_404,GET,http://localhost/api/v1/mock/mock-swagger/api/v3/pet/999999999,0,3.04,"HTTPConnectionPool(host='localhost', port=80): Max retries exceeded with url: /api/v1/mock/mock-swagger/api/v3/pet/999999999 (Caused by NewConnectionError(""HTTPConnection(host='localhost', port=80): Failed to establish a new connection: [Errno 111] Connection refused""))"
2026-09-24T22:54:39.604079,call_ep_get__pet__petId__mpbf_scn_scn_ep_get__pet__petId__mpbf_404,GET,http://localhost/api/v1/mock/mock-swagger/api/v3/pet/999999999,0,2.34,"HTTPConnectionPool(host='localhost', port=80): Max retries exceeded with url: /api/v1/mock/mock-swagger/api/v3/pet/999999999 (Caused by NewConnectionError(""HTTPConnection(host='localhost', port=80): Failed to establish a new connection: [Errno 111] Connection refused""))"
2026-09-24T22:54:39.607975,call_ep_get__pet__petId__mpbf_scn_scn_ep_get__pet__petId__mpbf_401,GET,http://localhost/api/v1/mock/mock-swagger/api/v3/pet/{petId},0,2.67,"HTTPConnectionPool(host='localhost', port=80): Max retries exceeded with url: /api/v1/mock/mock-swagger/api/v3/pet/%7BpetId%7D (Caused by NewConnectionError(""HTTPConnection(host='localhost', port=80): Failed to establish a new connection: [Errno 111] Connection refused""))"
2026-09-24T22:54:39.608290,call_ep_get__pet__petId__mpbf_scn_scn_ep_get__pet__petId__mpbf_404,GET,http://localhost/api/v1/mock/mock-swagger/api/v3/pet/999999999,0,1.96,"HTTPConnectionPool(host='localhost', port=80): Max retries exceeded with url: /api/v1/mock/mock-swagger/api/v3/pet/999999999 (Caused by NewConnectionError(""HTTPConnection(host='localhost', port=80): Failed to establish a new connection: [Errno 111] Connection refused""))"
2026-09-24T22:54:39.618959,call_ep_get__pet__petId__mpbf_scn_scn_ep_get__pet__petId__mpbf_404,GET,http://localhost/api/v1/mock/mock-swagger/api/v3/pet/999999999,0,1.02,"HTTPConnectionPool(host='localhost', port=80): Max retries exceeded with url: /api/v1/mock/mock-swagger/api/v3/pet/999999999 (Caused by NewConnectionError(""HTTPConnection(host='localhost', port=80): Failed to establish a new connection: [Errno 111] Connection refused""))"
2026-09-24T22:54:39.699965,call_ep_get__pet__petId__mpbf_scn_scn_ep_get__pet__petId__mpbf_404,GET,http://localhost/api/v1/mock/mock-swagger/api/v3/pet/999999999,0,5.99,"HTTPConnectionPool(host='localhost', port=80): Max retries exceeded with url: /api/v1/mock/mock-swagger/api/v3/pet/999999999 (Caused by NewConnectionError(""HTTPConnection(host='localhost', port=80): Failed to establish a new connection: [Errno 111] Connection refused""))"
2026-09-24T22:54:39.700215,call_ep_get__pet__petId__mpbf_scn_scn_ep_get__pet__petId__mpbf_400,GET,http://localhost/api/v1/mock/mock-swagger/api/v3/pet/{petId},0,4.99,"HTTPConnectionPool(host='localhost', port=80): Max retries exceeded with url: /api/v1/mock/mock-swagger/api/v3/pet/%7BpetId%7D (Caused by NewConnectionError(""HTTPConnection(host='localhost', port=80): Failed to establish a new connection: [Errno 111] Connection refused""))"
2026-09-24T22:54:39.700423,call_ep_get__pet__petId__mpbf_scn_scn_ep_get__pet__petId__mpbf_400,GET,http://localhost/api/v1/mock/mock-swagger/api/v3/pet/{petId},0,2.97,"HTTPConnectionPool(host='localhost', port=80): Max retries exceeded with url: /api/v1/mock/mock-swagger/api/v3/pet/%7BpetId%7D (Caused by NewConnectionError(""HTTPConnection(host='localhost', port=80): Failed to establish a new connection: [Errno 111] Connection refused""))"
2026-09-24T22:54:39.700754,call_ep_get__pet__petId__mpbf_scn_scn_ep_get__pet__petId__mpbf_400,GET,http://localhost/api/v1/mock/mock-swagger/api/v3/pet/{petId},0,4.39,"HTTPConnectionPool(host='localhost', port=80): Max retries exceeded with url: /api/v1/mock/mock-swagger/api/v3/pet/%7BpetId%7D (Caused by NewConnectionError(""HTTPConnection(host='localhost', port=80): Failed to establish a new connection: [Errno 111] Connection refused""))"
2026-09-24T22:54:39.707457,call_ep_get__pet__petId__mpbf_scn_scn_ep_get__pet__petId__mpbf_400,GET,http://localhost/api/v1/mock/mock-swagger/api/v3/pet/{petId},0,3.86,"HTTPConnectionPool(host='localhost', port=80): Max retries exceeded with url: /api/v1/mock/mock-swagger/api/v3/pet/%7BpetId%7D (Caused by NewConnectionError(""HTTPConnection(host='localhost', port=80): Failed to establish a new connection: [Errno 111] Connection refused""))"
2026-09-24T22:54:39.707794,call_ep_post__pet_b5ji_base,POST,http://localhost/api/v1/mock/mock-swagger/api/v3/pet,0,2.08,"HTTPConnectionPool(host='localhost', port=80): Max retries exceeded with url: /api/v1/mock/mock-swagger/api/v3/pet (Caused by NewConnectionError(""HTTPConnection(host='localhost', port=80): Failed to establish a new connection: [Errno 111] Connection refused""))"
2026-09-24T22:54:39.708053,call_ep_post__pet_b5ji_base,POST,http://localhost/api/v1/mock/mock-swagger/api/v3/pet,0,3.38,"HTTPConnectionPool(host='localhost', port=80): Max retries exceeded with url: /api/v1/mock/mock-swagger/api/v3/pet (Caused by NewConnectionError(""HTTPConnection(host='localhost', port=80): Failed to establish a new connection: [Errno 111] Connection refused""))"
2026-09-24T22:54:39.710674,call_ep_get__pet__petId__mpbf_scn_scn_ep_get__pet__petId__mpbf_400,GET,http://localhost/api/v1/mock/mock-swagger/api/v3/pet/{petId},0,2.51,"HTTPConnectionPool(host='localhost', port=80): Max retries exceeded with url: /api/v1/mock/mock-swagger/api/v3/pet/%7BpetId%7D (Caused by NewConnectionError(""HTTPConnection(host='localhost', port=80): Failed to establish a new connection: [Errno 111] Connection refused""))"
2026-09-24T22:54:39.711113,call_ep_post__pet_b5ji_base,POST,http://localhost/api/v1/mock/mock-swagger/api/v3/pet,0,1.9,"HTTPConnectionPool(host='localhost', port=80): Max retries exceeded with url: /api/v1/mock/mock-swagger/api/v3/pet (Caused by NewConnectionError(""HTTPConnection(host='localhost', port=80): Failed to establish a new connection: [Errno 111] Connection refused""))"
2026-09-24T22:54:39.720080,call_ep_post__pet_b5ji_base,POST,http://localhost/api/v1/mock/mock-swagger/api/v3/pet,0,1.01,"HTTPConnectionPool(host='localhost', port=80): Max retries exceeded with url: /api/v1/mock/mock-swagger/api/v3/pet (Caused by NewConnectionError(""HTTPConnection(host='localhost', port=80): Failed to establish a new connection: [Errno 111] Connection refused""))"
2026-09-24T22:54:39.805377,call_ep_post__pet_b5ji_base,POST,http://localhost/api/v1/mock/mock-swagger/api/v3/pet,0,5.24,"HTTPConnectionPool(host='localhost', port=80): Max retries exceeded with url: /api/v1/mock/mock-swagger/api/v3/pet (Caused by NewConnectionError(""HTTPConnection(host='localhost', port=80): Failed to establish a new connection: [Errno 111] Connection refused""))"
2026-09-24T22:54:39.805745,call_ep_get__pet__petId__mpbf_scn_scn_ep_get__pet__petId__mpbf_404,GET,http://localhost/api/v1/mock/mock-swagger/api/v3/pet/999999999,0,3.38,"HTTPConnectionPool(host='localhost', port=80): Max retries exceeded with url: /api/v1/mock/mock-swagger/api/v3/pet/999999999 (Caused by NewConnectionError(""HTTPConnection(host='localhost', port=80): Failed to establish a new connection: [Errno 111] Connection refused""))"
2026-09-24T22:54:39.806072,call_ep_get__pet__petId__mpbf_scn_scn_ep_get__pet__petId__mpbf_404,GET,http://localhost/api/v1/mock/mock-swagger/api/v3/pet/999999999,0,4.71,"HTTPConnectionPool(host='localhost', port=80): Max retries exceeded with url: /api/v1/mock/mock-swagger/api/v3/pet/999999999 (Caused by NewConnectionError(""HTTPConnection(host='localhost', port=80): Failed to establish a new connection: [Errno 111] Connection refused""))"
2026-09-24T22:54:39.806266,call_ep_get__pet__petId__mpbf_scn_scn_ep_get__pet__petId__mpbf_404,GET,http://localhost/api/v1/mock/mock-swagger/api/v3/pet/999999999,0,2.79,"HTTPConnectionPool(host='localhost', port=80): Max retries exceeded with url: /api/v1/mock/mock-swagger/api/v3/pet/999999999 (Caused by NewConnectionError(""HTTPConnection(host='localhost', port=80): Failed to establish a new connection: [Errno 111] Connection refused""))"
2026-09-24T22:54:39.814630,call_ep_post__pet_b5ji_scn_scn_ep_post__pet_b5ji_401,POST,http://localhost/api/v1/mock/mock-swagger/api/v3/pet,0,4.96,"HTTPConnectionPool(host='localhost', port=80): Max retries exceeded with url: /api/v1/mock/mock-swagger/api/v3/pet (Caused by NewConnectionError(""HTTPConnection(host='localhost', port=80): Failed to establish a new connection: [Errno 111] Connection refused""))"
2026-09-24T22:54:39.815060,call_ep_get__pet__petId__mpbf_scn_scn_ep_get__pet__petId__mpbf_404,GET,http://localhost/api/v1/mock/mock-swagger/api/v3/pet/999999999,0,7.43,"HTTPConnectionPool(host='localhost', port=80): Max retries exceeded with url: /api/v1/mock/mock-swagger/api/v3/pet/999999999 (Caused by NewConnectionError(""HTTPConnection(host='localhost', port=80): Failed to establish a new connection: [Errno 111] Connection refused""))"
2026-09-24T22:54:39.815458,call_ep_post__pet_b5ji_scn_scn_ep_post__pet_b5ji_401,POST,http://localhost/api/v1/mock/mock-swagger/api/v3/pet,0,6.82,"HTTPConnectionPool(host='localhost', port=80): Max retries exceeded with url: /api/v1/mock/mock-swagger/api/v3/pet (Caused by NewConnectionError(""HTTPConnection(host='localhost', port=80): Failed to establish a new connection: [Errno 111] Connection refused""))"
2026-09-24T22:54:39.815731,call_ep_get__pet__petId__mpbf_scn_scn_ep_get__pet__petId__mpbf_404,GET,http://localhost/api/v1/mock/mock-swagger/api/v3/pet/999999999,0,4.31,"HTTPConnectionPool(host='localhost', port=80): Max retries exceeded with url: /api/v1/mock/mock-swagger/api/v3/pet/999999999 (Caused by NewConnectionError(""HTTPConnection(host='localhost', port=80): Failed to establish a new connection: [Errno 111] Connection refused""))"
2026-09-24T22:54:39.816124,call_ep_post__pet_b5ji_scn_scn_ep_post__pet_b5ji_401,POST,http://localhost/api/v1/mock/mock-swagger/api/v3/pet,0,3.13,"HTTPConnectionPool(host='localhost', port=80): Max retries exceeded with url: /api/v1/mock/mock-swagger/api/v3/pet (Caused by NewConnectionError(""HTTPConnection(host='localhost', port=80): Failed to establish a new connection: [Errno 111] Connection refused""))"
2026-09-24T22:54:39.821186,call_ep_post__pet_b5ji_scn_scn_ep_post__pet_b5ji_401,POST,http://localhost/api/v1/mock/mock-swagger/api/v3/pet,0,0.99,"HTTPConnectionPool(host='localhost', port=80): Max retries exceeded with url: /api/v1/mock/mock-swagger/api/v3/pet (Caused by NewConnectionError(""HTTPConnection(host='localhost', port=80): Failed to establish a new connection: [Errno 111] Connection refused""))"
2026-09-24T22:54:39.910983,call_ep_post__pet_b5ji_base,POST,http://localhost/api/v1/mock/mock-swagger/api/v3/pet,0,4.07,"HTTPConnectionPool(host='localhost', port=80): Max retries exceeded with url: /api/v1/mock/mock-swagger/api/v3/pet (Caused by NewConnectionError(""HTTPConnection(host='localhost', port=80): Failed to establish a new connection: [Errno 111] Connection refused""))"
2026-09-24T22:54:39.911339,call_ep_post__pet_b5ji_base,POST,http://localhost/api/v1/mock/mock-swagger/api/v3/pet,0,3.39,"HTTPConnectionPool(host='localhost', port=80): Max retries exceeded with url: /api/v1/mock/mock-swagger/api/v3/pet (Caused by NewConnectionError(""HTTPConnection(host='localhost', port=80): Failed to establish a new connection: [Errno 111] Connection refused""))"
2026-09-24T22:54:39.911636,call_ep_post__pet_b5ji_base,POST,http://localhost/api/v1/mock/mock-swagger/api/v3/pet,0,2.66,"HTTPConnectionPool(host='localhost', port=80): Max retries exceeded with url: /api/v1/mock/mock-swagger/api/v3/pet (Caused by NewConnectionError(""HTTPConnection(host='localhost', port=80): Failed to establish a new connection: [Errno 111] Connection refused""))"
2026-09-24T22:54:39.911878,call_ep_post__pet_b5ji_scn_scn_ep_post__pet_b5ji_401,POST,http://localhost/api/v1/mock/mock-swagger/api/v3/pet,0,6.29,"HTTPConnectionPool(host='localhost', port=80): Max retries exceeded with url: /api/v1/mock/mock-swagger/api/v3/pet (Caused by NewConnectionError(""HTTPConnection(host='localhost', port=80): Failed to establish a new connection: [Errno 111] Connection refused""))"
2026-09-24T22:54:39.921116,call_ep_post__pet_b5ji_scn_scn_ep_post__pet_b5ji_400,POST,http://localhost/api/v1/mock/mock-swagger/api/v3/pet,0,4.19,"HTTPConnectionPool(host='localhost', port=80): Max retries exceeded with url: /api/v1/mock/mock-swagger/api/v3/pet (Caused by NewConnectionError(""HTTPConnection(host='localhost', port=80): Failed to establish a new connection: [Errno 111] Connection refused""))"
2026-09-24T22:54:39.922250,call_ep_post__pet_b5ji_base,POST,http://localhost/api/v1/mock/mock-swagger/api/v3/pet,0,6.38,"HTTPConnectionPool(host='localhost', port=80): Max retries exceeded with url: /api/v1/mock/mock-swagger/api/v3/pet (Caused by NewConnectionError(""HTTPConnection(host='localhost', port=80): Failed to establish a new connection: [Errno 111] Connection refused""))"
2026-09-24T22:54:39.922642,call_ep_post__pet_b5ji_scn_scn_ep_post__pet_b5ji_400,POST,http://localhost/api/v1/mock/mock-swagger/api/v3/pet,0,7.85,"HTTPConnectionPool(host='localhost', port=80): Max retries exceeded with url: /api/v1/mock/mock-swagger/api/v3/pet (Caused by NewConnectionError(""HTTPConnection(host='localhost', port=80): Failed to establish a new connection: [Errno 111] Connection refused""))"
2026-09-24T22:54:39.923201,call_ep_post__pet_b5ji_base,POST,http://localhost/api/v1/mock/mock-swagger/api/v3/pet,0,5.25,"HTTPConnectionPool(host='localhost', port=80): Max retries exceeded with url: /api/v1/mock/mock-swagger/api/v3/pet (Caused by NewConnectionError(""HTTPConnection(host='localhost', port=80): Failed to establish a new connection: [Errno 111] Connection refused""))"
2026-09-24T22:54:39.923476,call_ep_post__pet_b5ji_scn_scn_ep_post__pet_b5ji_400,POST,http://localhost/api/v1/mock/mock-swagger/api/v3/pet,0,4.36,"HTTPConnectionPool(host='localhost', port=80): Max retries exceeded with url: /api/v1/mock/mock-swagger/api/v3/pet (Caused by NewConnectionError(""HTTPConnection(host='localhost', port=80): Failed to establish a new connection: [Errno 111] Connection refused""))"
2026-09-24T22:54:39.923755,call_ep_post__pet_b5ji_scn_scn_ep_post__pet_b5ji_400,POST,http://localhost/api/v1/mock/mock-swagger/api/v3/pet,0,2.43,"HTTPConnectionPool(host='localhost', port=80): Max retries exceeded with url: /api/v1/mock/mock-swagger/api/v3/pet (Caused by NewConnectionError(""HTTPConnection(host='localhost', port=80): Failed to establish a new connection: [Errno 111] Connection refused""))"
2026-09-24T22:54:40.016580,call_ep_post__pet_b5ji_scn_scn_ep_post__pet_b5ji_401,POST,http://localhost/api/v1/mock/mock-swagger/api/v3/pet,0,5.39,"HTTPConnectionPool(host='localhost', port=80): Max retries exceeded with url: /api/v1/mock/mock-swagger/api/v3/pet (Caused by NewConnectionError(""HTTPConnection(host='localhost', port=80): Failed to establish a new connection: [Errno 111] Connection refused""))"
2026-09-24T22:54:40.016993,call_ep_post__pet_b5ji_scn_scn_ep_post__pet_b5ji_401,POST,http://localhost/api/v1/mock/mock-swagger/api/v3/pet,0,4.54,"HTTPConnectionPool(host='localhost', port=80): Max retries exceeded with url: /api/v1/mock/mock-swagger/api/v3/pet (Caused by NewConnectionError(""HTTPConnection(host='localhost', port=80): Failed to establish a new connection: [Errno 111] Connection refused""))"
2026-09-24T22:54:40.017243,call_ep_post__pet_b5ji_scn_scn_ep_post__pet_b5ji_400,POST,http://localhost/api/v1/mock/mock-swagger/api/v3/pet,0,2.66,"HTTPConnectionPool(host='localhost', port=80): Max retries exceeded with url: /api/v1/mock/mock-swagger/api/v3/pet (Caused by NewConnectionError(""HTTPConnection(host='localhost', port=80): Failed to establish a new connection: [Errno 111] Connection refused""))"
2026-09-24T22:54:40.017501,call_ep_post__pet_b5ji_scn_scn_ep_post__pet_b5ji_401,POST,http://localhost/api/v1/mock/mock-swagger/api/v3/pet,0,4.03,"HTTPConnectionPool(host='localhost', port=80): Max retries exceeded with url: /api/v1/mock/mock-swagger/api/v3/pet (Caused by NewConnectionError(""HTTPConnection(host='localhost', port=80): Failed to establish a new connection: [Errno 111] Connection refused""))"
2026-09-24T22:54:40.028841,call_ep_post__pet_b5ji_scn_scn_ep_post__pet_b5ji_404,POST,http://localhost/api/v1/mock/mock-swagger/api/v3/pet?error=404,0,7.54,"HTTPConnectionPool(host='localhost', port=80): Max retries exceeded with url: /api/v1/mock/mock-swagger/api/v3/pet?error=404 (Caused by NewConnectionError(""HTTPConnection(host='localhost', port=80): Failed to establish a new connection: [Errno 111] Connection refused""))"
2026-09-24T22:54:40.029243,call_ep_post__pet_b5ji_scn_scn_ep_post__pet_b5ji_404,POST,http://localhost/api/v1/mock/mock-swagger/api/v3/pet?error=404,0,5.38,"HTTPConnectionPool(host='localhost', port=80): Max retries exceeded with url: /api/v1/mock/mock-swagger/api/v3/pet?error=404 (Caused by NewConnectionError(""HTTPConnection(host='localhost', port=80): Failed to establish a new connection: [Errno 111] Connection refused""))"
2026-09-24T22:54:40.029720,call_ep_post__pet_b5ji_scn_scn_ep_post__pet_b5ji_401,POST,http://localhost/api/v1/mock/mock-swagger/api/v3/pet,0,5.1,"HTTPConnectionPool(host='localhost', port=80): Max retries exceeded with url: /api/v1/mock/mock-swagger/api/v3/pet (Caused by NewConnectionError(""HTTPConnection(host='localhost', port=80): Failed to establish a new connection: [Errno 111] Connection refused""))"
2026-09-24T22:54:40.029975,call_ep_post__pet_b5ji_scn_scn_ep_post__pet_b5ji_401,POST,http://localhost/api/v1/mock/mock-swagger/api/v3/pet,0,7.57,"HTTPConnectionPool(host='localhost', port=80): Max retries exceeded with url: /api/v1/mock/mock-swagger/api/v3/pet (Caused by NewConnectionError(""HTTPConnection(host='localhost', port=80): Failed to establish a new connection: [Errno 111] Connection refused""))"
2026-09-24T22:54:40.030162,call_ep_post__pet_b5ji_scn_scn_ep_post__pet_b5ji_404,POST,http://localhost/api/v1/mock/mock-swagger/api/v3/pet?error=404,0,4.5,"HTTPConnectionPool(host='localhost', port=80): Max retries exceeded with url: /api/v1/mock/mock-swagger/api/v3/pet?error=404 (Caused by NewConnectionError(""HTTPConnection(host='localhost', port=80): Failed to establish a new connection: [Errno 111] Connection refused""))"
2026-09-24T22:54:40.030691,call_ep_post__pet_b5ji_scn_scn_ep_post__pet_b5ji_404,POST,http://localhost/api/v1/mock/mock-swagger/api/v3/pet?error=404,0,3.58,"HTTPConnectionPool(host='localhost', port=80): Max retries exceeded with url: /api/v1/mock/mock-swagger/api/v3/pet?error=404 (Caused by NewConnectionError(""HTTPConnection(host='localhost', port=80): Failed to establish a new connection: [Errno 111] Connection refused""))"
2026-09-24T22:54:40.122723,call_ep_post__pet_b5ji_scn_scn_ep_post__pet_b5ji_404,POST,http://localhost/api/v1/mock/mock-swagger/api/v3/pet?error=404,0,3.19,"HTTPConnectionPool(host='localhost', port=80): Max retries exceeded with url: /api/v1/mock/mock-swagger/api/v3/pet?error=404 (Caused by NewConnectionError(""HTTPConnection(host='localhost', port=80): Failed to establish a new connection: [Errno 111] Connection refused""))"
2026-09-24T22:54:40.123115,call_ep_post__pet_b5ji_scn_scn_ep_post__pet_b5ji_400,POST,http://localhost/api/v1/mock/mock-swagger/api/v3/pet,0,6.32,"HTTPConnectionPool(host='localhost', port=80): Max retries exceeded with url: /api/v1/mock/mock-swagger/api/v3/pet (Caused by NewConnectionError(""HTTPConnection(host='localhost', port=80): Failed to establish a new connection: [Errno 111] Connection refused""))"
2026-09-24T22:54:40.123409,call_ep_post__pet_b5ji_scn_scn_ep_post__pet_b5ji_400,POST,http://localhost/api/v1/mock/mock-swagger/api/v3/pet,0,5.33,"HTTPConnectionPool(host='localhost', port=80): Max retries exceeded with url: /api/v1/mock/mock-swagger/api/v3/pet (Caused by NewConnectionError(""HTTPConnection(host='localhost', port=80): Failed to establish a new connection: [Errno 111] Connection refused""))"
2026-09-24T22:54:40.123710,call_ep_post__pet_b5ji_scn_scn_ep_post__pet_b5ji_400,POST,http://localhost/api/v1/mock/mock-swagger/api/v3/pet,0,3.12,"HTTPConnectionPool(host='localhost', port=80): Max retries exceeded with url: /api/v1/mock/mock-swagger/api/v3/pet (Caused by NewConnectionError(""HTTPConnection(host='localhost', port=80): Failed to establish a new connection: [Errno 111] Connection refused""))"
2026-09-24T22:54:40.136036,call_ep_put__pet_jchf_base,PUT,http://localhost/api/v1/mock/mock-swagger/api/v3/pet,0,5.83,"HTTPConnectionPool(host='localhost', port=80): Max retries exceeded with url: /api/v1/mock/mock-swagger/api/v3/pet (Caused by NewConnectionError(""HTTPConnection(host='localhost', port=80): Failed to establish a new connection: [Errno 111] Connection refused""))"
2026-09-24T22:54:40.136481,call_ep_post__pet_b5ji_scn_scn_ep_post__pet_b5ji_400,POST,http://localhost/api/v1/mock/mock-swagger/api/v3/pet,0,5.55,"HTTPConnectionPool(host='localhost', port=80): Max retries exceeded with url: /api/v1/mock/mock-swagger/api/v3/pet (Caused by NewConnectionError(""HTTPConnection(host='localhost', port=80): Failed to establish a new connection: [Errno 111] Connection refused""))"
2026-09-24T22:54:40.136669,call_ep_post__pet_b5ji_scn_scn_ep_post__pet_b5ji_400,POST,http://localhost/api/v1/mock/mock-swagger/api/v3/pet,0,4.72,"HTTPConnectionPool(host='localhost', port=80): Max retries exceeded with url: /api/v1/mock/mock-swagger/api/v3/pet (Caused by NewConnectionError(""HTTPConnection(host='localhost', port=80): Failed to establish a new connection: [Errno 111] Connection refused""))"
2026-09-24T22:54:40.136918,call_ep_put__pet_jchf_base,PUT,http://localhost/api/v1/mock/mock-swagger/api/v3/pet,0,7.9,"HTTPConnectionPool(host='localhost', port=80): Max retries exceeded with url: /api/v1/mock/mock-swagger/api/v3/pet (Caused by NewConnectionError(""HTTPConnection(host='localhost', port=80): Failed to establish a new connection: [Errno 111] Connection refused""))"
2026-09-24T22:54:40.137322,call_ep_put__pet_jchf_base,PUT,http://localhost/api/v1/mock/mock-swagger/api/v3/pet,0,4.32,"HTTPConnectionPool(host='localhost', port=80): Max retries exceeded with url: /api/v1/mock/mock-swagger/api/v3/pet (Caused by NewConnectionError(""HTTPConnection(host='localhost', port=80): Failed to establish a new connection: [Errno 111] Connection refused""))"
2026-09-24T22:54:40.137668,call_ep_put__pet_jchf_base,PUT,http://localhost/api/v1/mock/mock-swagger/api/v3/pet,0,3.52,"HTTPConnectionPool(host='localhost', port=80): Max retries exceeded with url: /api/v1/mock/mock-swagger/api/v3/pet (Caused by NewConnectionError(""HTTPConnection(host='localhost', port=80): Failed to establish a new connection: [Errno 111] Connection refused""))"
2026-09-24T22:54:40.228490,call_ep_post__pet_b5ji_scn_scn_ep_post__pet_b5ji_404,POST,http://localhost/api/v1/mock/mock-swagger/api/v3/pet?error=404,0,4.22,"HTTPConnectionPool(host='localhost', port=80): Max retries exceeded with url: /api/v1/mock/mock-swagger/api/v3/pet?error=404 (Caused by NewConnectionError(""HTTPConnection(host='localhost', port=80): Failed to establish a new connection: [Errno 111] Connection refused""))"
2026-09-24T22:54:40.228708,call_ep_put__pet_jchf_base,PUT,http://localhost/api/v1/mock/mock-swagger/api/v3/pet,0,5.76,"HTTPConnectionPool(host='localhost', port=80): Max retries exceeded with url: /api/v1/mock/mock-swagger/api/v3/pet (Caused by NewConnectionError(""HTTPConnection(host='localhost', port=80): Failed to establish a new connection: [Errno 111] Connection refused""))"
2026-09-24T22:54:40.229079,call_ep_post__pet_b5ji_scn_scn_ep_post__pet_b5ji_404,POST,http://localhost/api/v1/mock/mock-swagger/api/v3/pet?error=404,0,2.68,"HTTPConnectionPool(host='localhost', port=80): Max retries exceeded with url: /api/v1/mock/mock-swagger/api/v3/pet?error=404 (Caused by NewConnectionError(""HTTPConnection(host='localhost', port=80): Failed to establish a new connection: [Errno 111] Connection refused""))"
2026-09-24T22:54:40.229323,call_ep_post__pet_b5ji_scn_scn_ep_post__pet_b5ji_404,POST,http://localhost/api/v1/mock/mock-swagger/api/v3/pet?error=404,0,3.98,"HTTPConnectionPool(host='localhost', port=80): Max retries exceeded with url: /api/v1/mock/mock-swagger/api/v3/pet?error=404 (Caused by NewConnectionError(""HTTPConnection(host='localhost', port=80): Failed to establish a new connection: [Errno 111] Connection refused""))"
2026-09-24T22:54:40.243558,call_ep_put__pet_jchf_scn_scn_ep_put__pet_jchf_401,PUT,http://localhost/api/v1/mock/mock-swagger/api/v3/pet,0,7.41,"HTTPConnectionPool(host='localhost', port=80): Max retries exceeded with url: /api/v1/mock/mock-swagger/api/v3/pet (Caused by NewConnectionError(""HTTPConnection(host='localhost', port=80): Failed to establish a new connection: [Errno 111] Connection refused""))"
2026-09-24T22:54:40.243966,call_ep_post__pet_b5ji_scn_scn_ep_post__pet_b5ji_404,POST,http://localhost/api/v1/mock/mock-swagger/api/v3/pet?error=404,0,7.12,"HTTPConnectionPool(host='localhost', port=80): Max retries exceeded with url: /api/v1/mock/mock-swagger/api/v3/pet?error=404 (Caused by NewConnectionError(""HTTPConnection(host='localhost', port=80): Failed to establish a new connection: [Errno 111] Connection refused""))"
2026-09-24T22:54:40.244243,call_ep_put__pet_jchf_scn_scn_ep_put__pet_jchf_401,PUT,http://localhost/api/v1/mock/mock-swagger/api/v3/pet,0,6.36,"HTTPConnectionPool(host='localhost', port=80): Max retries exceeded with url: /api/v1/mock/mock-swagger/api/v3/pet (Caused by NewConnectionError(""HTTPConnection(host='localhost', port=80): Failed to establish a new connection: [Errno 111] Connection refused""))"
2026-09-24T22:54:40.244658,call_ep_put__pet_jchf_scn_scn_ep_put__pet_jchf_401,PUT,http://localhost/api/v1/mock/mock-swagger/api/v3/pet,0,2.88,"HTTPConnectionPool(host='localhost', port=80): Max retries exceeded with url: /api/v1/mock/mock-swagger/api/v3/pet (Caused by NewConnectionError(""HTTPConnection(host='localhost', port=80): Failed to establish a new connection: [Errno 111] Connection refused""))"
2026-09-24T22:54:40.245017,call_ep_put__pet_jchf_scn_scn_ep_put__pet_jchf_401,PUT,http://localhost/api/v1/mock/mock-swagger/api/v3/pet,0,5.99,"HTTPConnectionPool(host='localhost', port=80): Max retries exceeded with url: /api/v1/mock/mock-swagger/api/v3/pet (Caused by NewConnectionError(""HTTPConnection(host='localhost', port=80): Failed to establish a new connection: [Errno 111] Connection refused""))"
2026-09-24T22:54:40.245257,call_ep_post__pet_b5ji_scn_scn_ep_post__pet_b5ji_404,POST,http://localhost/api/v1/mock/mock-swagger/api/v3/pet?error=404,0,5.02,"HTTPConnectionPool(host='localhost', port=80): Max retries exceeded with url: /api/v1/mock/mock-swagger/api/v3/pet?error=404 (Caused by NewConnectionError(""HTTPConnection(host='localhost', port=80): Failed to establish a new connection: [Errno 111] Connection refused""))"
2026-09-24T22:54:40.333901,call_ep_put__pet_jchf_scn_scn_ep_put__pet_jchf_401,PUT,http://localhost/api/v1/mock/mock-swagger/api/v3/pet,0,3.96,"HTTPConnectionPool(host='localhost', port=80): Max retries exceeded with url: /api/v1/mock/mock-swagger/api/v3/pet (Caused by NewConnectionError(""HTTPConnection(host='localhost', port=80): Failed to establish a new connection: [Errno 111] Connection refused""))"
2026-09-24T22:54:40.334249,call_ep_put__pet_jchf_base,PUT,http://localhost/api/v1/mock/mock-swagger/api/v3/pet,0,3.3,"HTTPConnectionPool(host='localhost', port=80): Max retries exceeded with url: /api/v1/mock/mock-swagger/api/v3/pet (Caused by NewConnectionError(""HTTPConnection(host='localhost', port=80): Failed to establish a new connection: [Errno 111] Connection refused""))"
2026-09-24T22:54:40.334580,call_ep_put__pet_jchf_base,PUT,http://localhost/api/v1/mock/mock-swagger/api/v3/pet,0,5.89,"HTTPConnectionPool(host='localhost', port=80): Max retries exceeded with url: /api/v1/mock/mock-swagger/api/v3/pet (Caused by NewConnectionError(""HTTPConnection(host='localhost', port=80): Failed to establish a new connection: [Errno 111] Connection refused""))"
2026-09-24T22:54:40.334820,call_ep_put__pet_jchf_base,PUT,http://localhost/api/v1/mock/mock-swagger/api/v3/pet,0,2.85,"HTTPConnectionPool(host='localhost', port=80): Max retries exceeded with url: /api/v1/mock/mock-swagger/api/v3/pet (Caused by NewConnectionError(""HTTPConnection(host='localhost', port=80): Failed to establish a new connection: [Errno 111] Connection refused""))"
2026-09-24T22:54:40.350868,call_ep_put__pet_jchf_scn_scn_ep_put__pet_jchf_400,PUT,http://localhost/api/v1/mock/mock-swagger/api/v3/pet,0,7.2,"HTTPConnectionPool(host='localhost', port=80): Max retries exceeded with url: /api/v1/mock/mock-swagger/api/v3/pet (Caused by NewConnectionError(""HTTPConnection(host='localhost', port=80): Failed to establish a new connection: [Errno 111] Connection refused""))"
2026-09-24T22:54:40.351296,call_ep_put__pet_jchf_base,PUT,http://localhost/api/v1/mock/mock-swagger/api/v3/pet,0,6.9,"HTTPConnectionPool(host='localhost', port=80): Max retries exceeded with url: /api/v1/mock/mock-swagger/api/v3/pet (Caused by NewConnectionError(""HTTPConnection(host='localhost', port=80): Failed to establish a new connection: [Errno 111] Connection refused""))"
2026-09-24T22:54:40.351702,call_ep_put__pet_jchf_scn_scn_ep_put__pet_jchf_400,PUT,http://localhost/api/v1/mock/mock-swagger/api/v3/pet,0,5.12,"HTTPConnectionPool(host='localhost', port=80): Max retries exceeded with url: /api/v1/mock/mock-swagger/api/v3/pet (Caused by NewConnectionError(""HTTPConnection(host='localhost', port=80): Failed to establish a new connection: [Errno 111] Connection refused""))"
2026-09-24T22:54:40.352479,call_ep_put__pet_jchf_base,PUT,http://localhost/api/v1/mock/mock-swagger/api/v3/pet,0,3.31,"HTTPConnectionPool(host='localhost', port=80): Max retries exceeded with url: /api/v1/mock/mock-swagger/api/v3/pet (Caused by NewConnectionError(""HTTPConnection(host='localhost', port=80): Failed to establish a new connection: [Errno 111] Connection refused""))"
2026-09-24T22:54:40.352833,call_ep_put__pet_jchf_scn_scn_ep_put__pet_jchf_400,PUT,http://localhost/api/v1/mock/mock-swagger/api/v3/pet,0,7.15,"HTTPConnectionPool(host='localhost', port=80): Max retries exceeded with url: /api/v1/mock/mock-swagger/api/v3/pet (Caused by NewConnectionError(""HTTPConnection(host='localhost', port=80): Failed to establish a new connection: [Errno 111] Connection refused""))"
2026-09-24T22:54:40.353035,call_ep_put__pet_jchf_scn_scn_ep_put__pet_jchf_400,PUT,http://localhost/api/v1/mock/mock-swagger/api/v3/pet,0,4.89,"HTTPConnectionPool(host='localhost', port=80): Max retries exceeded with url: /api/v1/mock/mock-swagger/api/v3/pet (Caused by NewConnectionError(""HTTPConnection(host='localhost', port=80): Failed to establish a new connection: [Errno 111] Connection refused""))"
2026-09-24T22:54:40.439515,call_ep_put__pet_jchf_scn_scn_ep_put__pet_jchf_400,PUT,http://localhost/api/v1/mock/mock-swagger/api/v3/pet,0,5.44,"HTTPConnectionPool(host='localhost', port=80): Max retries exceeded with url: /api/v1/mock/mock-swagger/api/v3/pet (Caused by NewConnectionError(""HTTPConnection(host='localhost', port=80): Failed to establish a new connection: [Errno 111] Connection refused""))"
2026-09-24T22:54:40.439713,call_ep_put__pet_jchf_scn_scn_ep_put__pet_jchf_401,PUT,http://localhost/api/v1/mock/mock-swagger/api/v3/pet,0,2.21,"HTTPConnectionPool(host='localhost', port=80): Max retries exceeded with url: /api/v1/mock/mock-swagger/api/v3/pet (Caused by NewConnectionError(""HTTPConnection(host='localhost', port=80): Failed to establish a new connection: [Errno 111] Connection refused""))"
2026-09-24T22:54:40.439936,call_ep_put__pet_jchf_scn_scn_ep_put__pet_jchf_401,PUT,http://localhost/api/v1/mock/mock-swagger/api/v3/pet,0,3.49,"HTTPConnectionPool(host='localhost', port=80): Max retries exceeded with url: /api/v1/mock/mock-swagger/api/v3/pet (Caused by NewConnectionError(""HTTPConnection(host='localhost', port=80): Failed to establish a new connection: [Errno 111] Connection refused""))"
2026-09-24T22:54:40.440264,call_ep_put__pet_jchf_scn_scn_ep_put__pet_jchf_401,PUT,http://localhost/api/v1/mock/mock-swagger/api/v3/pet,0,4.87,"HTTPConnectionPool(host='localhost', port=80): Max retries exceeded with url: /api/v1/mock/mock-swagger/api/v3/pet (Caused by NewConnectionError(""HTTPConnection(host='localhost', port=80): Failed to establish a new connection: [Errno 111] Connection refused""))"
2026-09-24T22:54:40.457334,call_ep_put__pet_jchf_scn_scn_ep_put__pet_jchf_404,PUT,http://localhost/api/v1/mock/mock-swagger/api/v3/pet?error=404,0,6.34,"HTTPConnectionPool(host='localhost', port=80): Max retries exceeded with url: /api/v1/mock/mock-swagger/api/v3/pet?error=404 (Caused by NewConnectionError(""HTTPConnection(host='localhost', port=80): Failed to establish a new connection: [Errno 111] Connection refused""))"
2026-09-24T22:54:40.458032,call_ep_put__pet_jchf_scn_scn_ep_put__pet_jchf_404,PUT,http://localhost/api/v1/mock/mock-swagger/api/v3/pet?error=404,0,3.18,"HTTPConnectionPool(host='localhost', port=80): Max retries exceeded with url: /api/v1/mock/mock-swagger/api/v3/pet?error=404 (Caused by NewConnectionError(""HTTPConnection(host='localhost', port=80): Failed to establish a new connection: [Errno 111] Connection refused""))"
2026-09-24T22:54:40.458387,call_ep_put__pet_jchf_scn_scn_ep_put__pet_jchf_404,PUT,http://localhost/api/v1/mock/mock-swagger/api/v3/pet?error=404,0,4.54,"HTTPConnectionPool(host='localhost', port=80): Max retries exceeded with url: /api/v1/mock/mock-swagger/api/v3/pet?error=404 (Caused by NewConnectionError(""HTTPConnection(host='localhost', port=80): Failed to establish a new connection: [Errno 111] Connection refused""))"
2026-09-24T22:54:40.458654,call_ep_put__pet_jchf_scn_scn_ep_put__pet_jchf_401,PUT,http://localhost/api/v1/mock/mock-swagger/api/v3/pet,0,5.84,"HTTPConnectionPool(host='localhost', port=80): Max retries exceeded with url: /api/v1/mock/mock-swagger/api/v3/pet (Caused by NewConnectionError(""HTTPConnection(host='localhost', port=80): Failed to establish a new connection: [Errno 111] Connection refused""))"
2026-09-24T22:54:40.458906,call_ep_put__pet_jchf_scn_scn_ep_put__pet_jchf_401,PUT,http://localhost/api/v1/mock/mock-swagger/api/v3/pet,0,7.16,"HTTPConnectionPool(host='localhost', port=80): Max retries exceeded with url: /api/v1/mock/mock-swagger/api/v3/pet (Caused by NewConnectionError(""HTTPConnection(host='localhost', port=80): Failed to establish a new connection: [Errno 111] Connection refused""))"
2026-09-24T22:54:40.459179,call_ep_put__pet_jchf_scn_scn_ep_put__pet_jchf_404,PUT,http://localhost/api/v1/mock/mock-swagger/api/v3/pet?error=404,0,3.26,"HTTPConnectionPool(host='localhost', port=80): Max retries exceeded with url: /api/v1/mock/mock-swagger/api/v3/pet?error=404 (Caused by NewConnectionError(""HTTPConnection(host='localhost', port=80): Failed to establish a new connection: [Errno 111] Connection refused""))"
2026-09-24T22:54:40.545656,call_ep_put__pet_jchf_scn_scn_ep_put__pet_jchf_404,PUT,http://localhost/api/v1/mock/mock-swagger/api/v3/pet?error=404,0,5.93,"HTTPConnectionPool(host='localhost', port=80): Max retries exceeded with url: /api/v1/mock/mock-swagger/api/v3/pet?error=404 (Caused by NewConnectionError(""HTTPConnection(host='localhost', port=80): Failed to establish a new connection: [Errno 111] Connection refused""))"
2026-09-24T22:54:40.545912,call_ep_put__pet_jchf_scn_scn_ep_put__pet_jchf_400,PUT,http://localhost/api/v1/mock/mock-swagger/api/v3/pet,0,3.76,"HTTPConnectionPool(host='localhost', port=80): Max retries exceeded with url: /api/v1/mock/mock-swagger/api/v3/pet (Caused by NewConnectionError(""HTTPConnection(host='localhost', port=80): Failed to establish a new connection: [Errno 111] Connection refused""))"
2026-09-24T22:54:40.546290,call_ep_put__pet_jchf_scn_scn_ep_put__pet_jchf_400,PUT,http://localhost/api/v1/mock/mock-swagger/api/v3/pet,0,5.2,"HTTPConnectionPool(host='localhost', port=80): Max retries exceeded with url: /api/v1/mock/mock-swagger/api/v3/pet (Caused by NewConnectionError(""HTTPConnection(host='localhost', port=80): Failed to establish a new connection: [Errno 111] Connection refused""))"
2026-09-24T22:54:40.546490,call_ep_put__pet_jchf_scn_scn_ep_put__pet_jchf_400,PUT,http://localhost/api/v1/mock/mock-swagger/api/v3/pet,0,3.31,"HTTPConnectionPool(host='localhost', port=80): Max retries exceeded with url: /api/v1/mock/mock-swagger/api/v3/pet (Caused by NewConnectionError(""HTTPConnection(host='localhost', port=80): Failed to establish a new connection: [Errno 111] Connection refused""))"
2026-09-24T22:54:40.564219,call_ep_get__pet_findByStatus_t14w_base,GET,http://localhost/api/v1/mock/mock-swagger/api/v3/pet/findByStatus?status=1,0,6.07,"HTTPConnectionPool(host='localhost', port=80): Max retries exceeded with url: /api/v1/mock/mock-swagger/api/v3/pet/findByStatus?status=1 (Caused by NewConnectionError(""HTTPConnection(host='localhost', port=80): Failed to establish a new connection: [Errno 111] Connection refused""))"
2026-09-24T22:54:40.564667,call_ep_get__pet_findByStatus_t14w_base,GET,http://localhost/api/v1/mock/mock-swagger/api/v3/pet/findByStatus?status=1,0,7.22,"HTTPConnectionPool(host='localhost', port=80): Max retries exceeded with url: /api/v1/mock/mock-swagger/api/v3/pet/findByStatus?status=1 (Caused by NewConnectionError(""HTTPConnection(host='localhost', port=80): Failed to establish a new connection: [Errno 111] Connection refused""))"
2026-09-24T22:54:40.565028,call_ep_put__pet_jchf_scn_scn_ep_put__pet_jchf_400,PUT,http://localhost/api/v1/mock/mock-swagger/api/v3/pet,0,6.2,"HTTPConnectionPool(host='localhost', port=80): Max retries exceeded with url: /api/v1/mock/mock-swagger/api/v3/pet (Caused by NewConnectionError(""HTTPConnection(host='localhost', port=80): Failed to establish a new connection: [Errno 111] Connection refused""))"
2026-09-24T22:54:40.565400,call_ep_put__pet_jchf_scn_scn_ep_put__pet_jchf_400,PUT,http://localhost/api/v1/mock/mock-swagger/api/v3/pet,0,4.45,"HTTPConnectionPool(host='localhost', port=80): Max retries exceeded with url: /api/v1/mock/mock-swagger/api/v3/pet (Caused by NewConnectionError(""HTTPConnection(host='localhost', port=80): Failed to establish a new connection: [Errno 111] Connection refused""))"
2026-09-24T22:54:40.565607,call_ep_get__pet_findByStatus_t14w_base,GET,http://localhost/api/v1/mock/mock-swagger/api/v3/pet/findByStatus?status=1,0,5.73,"HTTPConnectionPool(host='localhost', port=80): Max retries exceeded with url: /api/v1/mock/mock-swagger/api/v3/pet/findByStatus?status=1 (Caused by NewConnectionError(""HTTPConnection(host='localhost', port=80): Failed to establish a new connection: [Errno 111] Connection refused""))"
2026-09-24T22:54:40.565945,call_ep_get__pet_findByStatus_t14w_base,GET,http://localhost/api/v1/mock/mock-swagger/api/v3/pet/findByStatus?status=1,0,3.16,"HTTPConnectionPool(host='localhost', port=80): Max retries exceeded with url: /api/v1/mock/mock-swagger/api/v3/pet/findByStatus?status=1 (Caused by NewConnectionError(""HTTPConnection(host='localhost', port=80): Failed to establish a new connection: [Errno 111] Connection refused""))"
2026-09-24T22:54:40.651289,call_ep_get__pet_findByStatus_t14w_base,GET,http://localhost/api/v1/mock/mock-swagger/api/v3/pet/findByStatus?status=1,0,5.43,"HTTPConnectionPool(host='localhost', port=80): Max retries exceeded with url: /api/v1/mock/mock-swagger/api/v3/pet/findByStatus?status=1 (Caused by NewConnectionError(""HTTPConnection(host='localhost', port=80): Failed to establish a new connection: [Errno 111] Connection refused""))"
2026-09-24T22:54:40.651520,call_ep_put__pet_jchf_scn_scn_ep_put__pet_jchf_404,PUT,http://localhost/api/v1/mock/mock-swagger/api/v3/pet?error=404,0,4.4,"HTTPConnectionPool(host='localhost', port=80): Max retries exceeded with url: /api/v1/mock/mock-swagger/api/v3/pet?error=404 (Caused by NewConnectionError(""HTTPConnection(host='localhost', port=80): Failed to establish a new connection: [Errno 111] Connection refused""))"
2026-09-24T22:54:40.651892,call_ep_put__pet_jchf_scn_scn_ep_put__pet_jchf_404,PUT,http://localhost/api/v1/mock/mock-swagger/api/v3/pet?error=404,0,2.61,"HTTPConnectionPool(host='localhost', port=80): Max retries exceeded with url: /api/v1/mock/mock-swagger/api/v3/pet?error=404 (Caused by NewConnectionError(""HTTPConnection(host='localhost', port=80): Failed to establish a new connection: [Errno 111] Connection refused""))"
2026-09-24T22:54:40.652136,call_ep_put__pet_jchf_scn_scn_ep_put__pet_jchf_404,PUT,http://localhost/api/v1/mock/mock-swagger/api/v3/pet?error=404,0,3.92,"HTTPConnectionPool(host='localhost', port=80): Max retries exceeded with url: /api/v1/mock/mock-swagger/api/v3/pet?error=404 (Caused by NewConnectionError(""HTTPConnection(host='localhost', port=80): Failed to establish a new connection: [Errno 111] Connection refused""))"
2026-09-24T22:54:40.671655,call_ep_get__pet_findByStatus_t14w_scn_scn_ep_get__pet_findByStatus_t14w_401,GET,http://localhost/api/v1/mock/mock-swagger/api/v3/pet/findByStatus?status=1,0,7.32,"HTTPConnectionPool(host='localhost', port=80): Max retries exceeded with url: /api/v1/mock/mock-swagger/api/v3/pet/findByStatus?status=1 (Caused by NewConnectionError(""HTTPConnection(host='localhost', port=80): Failed to establish a new connection: [Errno 111] Connection refused""))"
2026-09-24T22:54:40.672300,call_ep_put__pet_jchf_scn_scn_ep_put__pet_jchf_404,PUT,http://localhost/api/v1/mock/mock-swagger/api/v3/pet?error=404,0,5.51,"HTTPConnectionPool(host='localhost', port=80): Max retries exceeded with url: /api/v1/mock/mock-swagger/api/v3/pet?error=404 (Caused by NewConnectionError(""HTTPConnection(host='localhost', port=80): Failed to establish a new connection: [Errno 111] Connection refused""))"
2026-09-24T22:54:40.672584,call_ep_get__pet_findByStatus_t14w_scn_scn_ep_get__pet_findByStatus_t14w_401,GET,http://localhost/api/v1/mock/mock-swagger/api/v3/pet/findByStatus?status=1,0,6.79,"HTTPConnectionPool(host='localhost', port=80): Max retries exceeded with url: /api/v1/mock/mock-swagger/api/v3/pet/findByStatus?status=1 (Caused by NewConnectionError(""HTTPConnection(host='localhost', port=80): Failed to establish a new connection: [Errno 111] Connection refused""))"
2026-09-24T22:54:40.672954,call_ep_put__pet_jchf_scn_scn_ep_put__pet_jchf_404,PUT,http://localhost/api/v1/mock/mock-swagger/api/v3/pet?error=404,0,4.5,"HTTPConnectionPool(host='localhost', port=80): Max retries exceeded with url: /api/v1/mock/mock-swagger/api/v3/pet?error=404 (Caused by NewConnectionError(""HTTPConnection(host='localhost', port=80): Failed to establish a new connection: [Errno 111] Connection refused""))"
2026-09-24T22:54:40.673206,call_ep_get__pet_findByStatus_t14w_scn_scn_ep_get__pet_findByStatus_t14w_401,GET,http://localhost/api/v1/mock/mock-swagger/api/v3/pet/findByStatus?status=1,0,8.17,"HTTPConnectionPool(host='localhost', port=80): Max retries exceeded with url: /api/v1/mock/mock-swagger/api/v3/pet/findByStatus?status=1 (Caused by NewConnectionError(""HTTPConnection(host='localhost', port=80): Failed to establish a new connection: [Errno 111] Connection refused""))"
2026-09-24T22:54:40.673494,call_ep_get__pet_findByStatus_t14w_scn_scn_ep_get__pet_findByStatus_t14w_401,GET,http://localhost/api/v1/mock/mock-swagger/api/v3/pet/findByStatus?status=1,0,3.9,"HTTPConnectionPool(host='localhost', port=80): Max retries exceeded with url: /api/v1/mock/mock-swagger/api/v3/pet/findByStatus?status=1 (Caused by NewConnectionError(""HTTPConnection(host='localhost', port=80): Failed to establish a new connection: [Errno 111] Connection refused""))"
2026-09-24T22:54:40.756734,call_ep_get__pet_findByStatus_t14w_base,GET,http://localhost/api/v1/mock/mock-swagger/api/v3/pet/findByStatus?status=1,0,1.96,"HTTPConnectionPool(host='localhost', port=80): Max retries exceeded with url: /api/v1/mock/mock-swagger/api/v3/pet/findByStatus?status=1 (Caused by NewConnectionError(""HTTPConnection(host='localhost', port=80): Failed to establish a new connection: [Errno 111] Connection refused""))"
2026-09-24T22:54:40.757091,call_ep_get__pet_findByStatus_t14w_base,GET,http://localhost/api/v1/mock/mock-swagger/api/v3/pet/findByStatus?status=1,0,4.33,"HTTPConnectionPool(host='localhost', port=80): Max retries exceeded with url: /api/v1/mock/mock-swagger/api/v3/pet/findByStatus?status=1 (Caused by NewConnectionError(""HTTPConnection(host='localhost', port=80): Failed to establish a new connection: [Errno 111] Connection refused""))"
2026-09-24T22:54:40.757369,call_ep_get__pet_findByStatus_t14w_scn_scn_ep_get__pet_findByStatus_t14w_401,GET,http://localhost/api/v1/mock/mock-swagger/api/v3/pet/findByStatus?status=1,0,5.87,"HTTPConnectionPool(host='localhost', port=80): Max retries exceeded with url: /api/v1/mock/mock-swagger/api/v3/pet/findByStatus?status=1 (Caused by NewConnectionError(""HTTPConnection(host='localhost', port=80): Failed to establish a new connection: [Errno 111] Connection refused""))"
2026-09-24T22:54:40.757682,call_ep_get__pet_findByStatus_t14w_base,GET,http://localhost/api/v1/mock/mock-swagger/api/v3/pet/findByStatus?status=1,0,3.91,"HTTPConnectionPool(host='localhost', port=80): Max retries exceeded with url: /api/v1/mock/mock-swagger/api/v3/pet/findByStatus?status=1 (Caused by NewConnectionError(""HTTPConnection(host='localhost', port=80): Failed to establish a new connection: [Errno 111] Connection refused""))"
2026-09-24T22:54:40.777939,call_ep_get__pet_findByStatus_t14w_scn_scn_ep_get__pet_findByStatus_t14w_400,GET,http://localhost/api/v1/mock/mock-swagger/api/v3/pet/findByStatus?status=1,0,6.15,"HTTPConnectionPool(host='localhost', port=80): Max retries exceeded with url: /api/v1/mock/mock-swagger/api/v3/pet/findByStatus?status=1 (Caused by NewConnectionError(""HTTPConnection(host='localhost', port=80): Failed to establish a new connection: [Errno 111] Connection refused""))"
2026-09-24T22:54:40.783195,call_ep_get__pet_findByStatus_t14w_scn_scn_ep_get__pet_findByStatus_t14w_400,GET,http://localhost/api/v1/mock/mock-swagger/api/v3/pet/findByStatus?status=1,0,6.8,"HTTPConnectionPool(host='localhost', port=80): Max retries exceeded with url: /api/v1/mock/mock-swagger/api/v3/pet/findByStatus?status=1 (Caused by NewConnectionError(""HTTPConnection(host='localhost', port=80): Failed to establish a new connection: [Errno 111] Connection refused""))"
2026-09-24T22:54:40.783452,call_ep_get__pet_findByStatus_t14w_scn_scn_ep_get__pet_findByStatus_t14w_400,GET,http://localhost/api/v1/mock/mock-swagger/api/v3/pet/findByStatus?status=1,0,9.9,"HTTPConnectionPool(host='localhost', port=80): Max retries exceeded with url: /api/v1/mock/mock-swagger/api/v3/pet/findByStatus?status=1 (Caused by NewConnectionError(""HTTPConnection(host='localhost', port=80): Failed to establish a new connection: [Errno 111] Connection refused""))"
2026-09-24T22:54:40.783927,call_ep_get__pet_findByStatus_t14w_base,GET,http://localhost/api/v1/mock/mock-swagger/api/v3/pet/findByStatus?status=1,0,11.46,"HTTPConnectionPool(host='localhost', port=80): Max retries exceeded with url: /api/v1/mock/mock-swagger/api/v3/pet/findByStatus?status=1 (Caused by NewConnectionError(""HTTPConnection(host='localhost', port=80): Failed to establish a new connection: [Errno 111] Connection refused""))"
2026-09-24T22:54:40.784119,call_ep_get__pet_findByStatus_t14w_scn_scn_ep_get__pet_findByStatus_t14w_400,GET,http://localhost/api/v1/mock/mock-swagger/api/v3/pet/findByStatus?status=1,0,9.84,"HTTPConnectionPool(host='localhost', port=80): Max retries exceeded with url: /api/v1/mock/mock-swagger/api/v3/pet/findByStatus?status=1 (Caused by NewConnectionError(""HTTPConnection(host='localhost', port=80): Failed to establish a new connection: [Errno 111] Connection refused""))"
2026-09-24T22:54:40.784517,call_ep_get__pet_findByStatus_t14w_base,GET,http://localhost/api/v1/mock/mock-swagger/api/v3/pet/findByStatus?status=1,0,9.16,"HTTPConnectionPool(host='localhost', port=80): Max retries exceeded with url: /api/v1/mock/mock-swagger/api/v3/pet/findByStatus?status=1 (Caused by NewConnectionError(""HTTPConnection(host='localhost', port=80): Failed to establish a new connection: [Errno 111] Connection refused""))"
2026-09-24T22:54:40.862261,call_ep_get__pet_findByStatus_t14w_scn_scn_ep_get__pet_findByStatus_t14w_401,GET,http://localhost/api/v1/mock/mock-swagger/api/v3/pet/findByStatus?status=1,0,5.31,"HTTPConnectionPool(host='localhost', port=80): Max retries exceeded with url: /api/v1/mock/mock-swagger/api/v3/pet/findByStatus?status=1 (Caused by NewConnectionError(""HTTPConnection(host='localhost', port=80): Failed to establish a new connection: [Errno 111] Connection refused""))"
2026-09-24T22:54:40.862544,call_ep_get__pet_findByStatus_t14w_scn_scn_ep_get__pet_findByStatus_t14w_400,GET,http://localhost/api/v1/mock/mock-swagger/api/v3/pet/findByStatus?status=1,0,3.35,"HTTPConnectionPool(host='localhost', port=80): Max retries exceeded with url: /api/v1/mock/mock-swagger/api/v3/pet/findByStatus?status=1 (Caused by NewConnectionError(""HTTPConnection(host='localhost', port=80): Failed to establish a new connection: [Errno 111] Connection refused""))"
2026-09-24T22:54:40.862942,call_ep_get__pet_findByStatus_t14w_scn_scn_ep_get__pet_findByStatus_t14w_401,GET,http://localhost/api/v1/mock/mock-swagger/api/v3/pet/findByStatus?status=1,0,4.76,"HTTPConnectionPool(host='localhost', port=80): Max retries exceeded with url: /api/v1/mock/mock-swagger/api/v3/pet/findByStatus?status=1 (Caused by NewConnectionError(""HTTPConnection(host='localhost', port=80): Failed to establish a new connection: [Errno 111] Connection refused""))"
2026-09-24T22:54:40.863185,call_ep_get__pet_findByStatus_t14w_scn_scn_ep_get__pet_findByStatus_t14w_401,GET,http://localhost/api/v1/mock/mock-swagger/api/v3/pet/findByStatus?status=1,0,2.87,"HTTPConnectionPool(host='localhost', port=80): Max retries exceeded with url: /api/v1/mock/mock-swagger/api/v3/pet/findByStatus?status=1 (Caused by NewConnectionError(""HTTPConnection(host='localhost', port=80): Failed to establish a new connection: [Errno 111] Connection refused""))"
2026-09-24T22:54:40.879119,call_ep_get__pet_findByStatus_t14w_scn_scn_ep_get__pet_findByStatus_t14w_404,GET,http://localhost/api/v1/mock/mock-swagger/api/v3/pet/findByStatus?status=1&error=404,0,1.06,"HTTPConnectionPool(host='localhost', port=80): Max retries exceeded with url: /api/v1/mock/mock-swagger/api/v3/pet/findByStatus?status=1&error=404 (Caused by NewConnectionError(""HTTPConnection(host='localhost', port=80): Failed to establish a new connection: [Errno 111] Connection refused""))"
2026-09-24T22:54:40.889408,call_ep_get__pet_findByStatus_t14w_scn_scn_ep_get__pet_findByStatus_t14w_404,GET,http://localhost/api/v1/mock/mock-swagger/api/v3/pet/findByStatus?status=1&error=404,0,4.61,"HTTPConnectionPool(host='localhost', port=80): Max retries exceeded with url: /api/v1/mock/mock-swagger/api/v3/pet/findByStatus?status=1&error=404 (Caused by NewConnectionError(""HTTPConnection(host='localhost', port=80): Failed to establish a new connection: [Errno 111] Connection refused""))"
2026-09-24T22:54:40.889700,call_ep_get__pet_findByStatus_t14w_scn_scn_ep_get__pet_findByStatus_t14w_404,GET,http://localhost/api/v1/mock/mock-swagger/api/v3/pet/findByStatus?status=1&error=404,0,6.34,"HTTPConnectionPool(host='localhost', port=80): Max retries exceeded with url: /api/v1/mock/mock-swagger/api/v3/pet/findByStatus?status=1&error=404 (Caused by NewConnectionError(""HTTPConnection(host='localhost', port=80): Failed to establish a new connection: [Errno 111] Connection refused""))"
2026-09-24T22:54:40.889931,call_ep_get__pet_findByStatus_t14w_scn_scn_ep_get__pet_findByStatus_t14w_401,GET,http://localhost/api/v1/mock/mock-swagger/api/v3/pet/findByStatus?status=1,0,2.41,"HTTPConnectionPool(host='localhost', port=80): Max retries exceeded with url: /api/v1/mock/mock-swagger/api/v3/pet/findByStatus?status=1 (Caused by NewConnectionError(""HTTPConnection(host='localhost', port=80): Failed to establish a new connection: [Errno 111] Connection refused""))"
2026-09-24T22:54:40.890306,call_ep_get__pet_findByStatus_t14w_scn_scn_ep_get__pet_findByStatus_t14w_404,GET,http://localhost/api/v1/mock/mock-swagger/api/v3/pet/findByStatus?status=1&error=404,0,3.78,"HTTPConnectionPool(host='localhost', port=80): Max retries exceeded with url: /api/v1/mock/mock-swagger/api/v3/pet/findByStatus?status=1&error=404 (Caused by NewConnectionError(""HTTPConnection(host='localhost', port=80): Failed to establish a new connection: [Errno 111] Connection refused""))"
2026-09-24T22:54:40.890571,call_ep_get__pet_findByStatus_t14w_scn_scn_ep_get__pet_findByStatus_t14w_401,GET,http://localhost/api/v1/mock/mock-swagger/api/v3/pet/findByStatus?status=1,0,5.04,"HTTPConnectionPool(host='localhost', port=80): Max retries exceeded with url: /api/v1/mock/mock-swagger/api/v3/pet/findByStatus?status=1 (Caused by NewConnectionError(""HTTPConnection(host='localhost', port=80): Failed to establish a new connection: [Errno 111] Connection refused""))"
2026-09-24T22:54:40.968251,call_ep_get__pet_findByStatus_t14w_scn_scn_ep_get__pet_findByStatus_t14w_400,GET,http://localhost/api/v1/mock/mock-swagger/api/v3/pet/findByStatus?status=1,0,5.78,"HTTPConnectionPool(host='localhost', port=80): Max retries exceeded with url: /api/v1/mock/mock-swagger/api/v3/pet/findByStatus?status=1 (Caused by NewConnectionError(""HTTPConnection(host='localhost', port=80): Failed to establish a new connection: [Errno 111] Connection refused""))"
2026-09-24T22:54:40.968466,call_ep_get__pet_findByStatus_t14w_scn_scn_ep_get__pet_findByStatus_t14w_400,GET,http://localhost/api/v1/mock/mock-swagger/api/v3/pet/findByStatus?status=1,0,3.14,"HTTPConnectionPool(host='localhost', port=80): Max retries exceeded with url: /api/v1/mock/mock-swagger/api/v3/pet/findByStatus?status=1 (Caused by NewConnectionError(""HTTPConnection(host='localhost', port=80): Failed to establish a new connection: [Errno 111] Connection refused""))"
2026-09-24T22:54:40.968977,call_ep_get__pet_findByStatus_t14w_scn_scn_ep_get__pet_findByStatus_t14w_404,GET,http://localhost/api/v1/mock/mock-swagger/api/v3/pet/findByStatus?status=1&error=404,0,5.24,"HTTPConnectionPool(host='localhost', port=80): Max retries exceeded with url: /api/v1/mock/mock-swagger/api/v3/pet/findByStatus?status=1&error=404 (Caused by NewConnectionError(""HTTPConnection(host='localhost', port=80): Failed to establish a new connection: [Errno 111] Connection refused""))"
2026-09-24T22:54:40.969164,call_ep_get__pet_findByStatus_t14w_scn_scn_ep_get__pet_findByStatus_t14w_400,GET,http://localhost/api/v1/mock/mock-swagger/api/v3/pet/findByStatus?status=1,0,2.81,"HTTPConnectionPool(host='localhost', port=80): Max retries exceeded with url: /api/v1/mock/mock-swagger/api/v3/pet/findByStatus?status=1 (Caused by NewConnectionError(""HTTPConnection(host='localhost', port=80): Failed to establish a new connection: [Errno 111] Connection refused""))"
2026-09-24T22:54:40.980266,call_ep_get__pet_findByTags_eg92_base,GET,http://localhost/api/v1/mock/mock-swagger/api/v3/pet/findByTags?tags=1,0,1.03,"HTTPConnectionPool(host='localhost', port=80): Max retries exceeded with url: /api/v1/mock/mock-swagger/api/v3/pet/findByTags?tags=1 (Caused by NewConnectionError(""HTTPConnection(host='localhost', port=80): Failed to establish a new connection: [Errno 111] Connection refused""))"
2026-09-24T22:54:40.994805,call_ep_get__pet_findByTags_eg92_base,GET,http://localhost/api/v1/mock/mock-swagger/api/v3/pet/findByTags?tags=1,0,5.28,"HTTPConnectionPool(host='localhost', port=80): Max retries exceeded with url: /api/v1/mock/mock-swagger/api/v3/pet/findByTags?tags=1 (Caused by NewConnectionError(""HTTPConnection(host='localhost', port=80): Failed to establish a new connection: [Errno 111] Connection refused""))"
2026-09-24T22:54:40.995520,call_ep_get__pet_findByStatus_t14w_scn_scn_ep_get__pet_findByStatus_t14w_400,GET,http://localhost/api/v1/mock/mock-swagger/api/v3/pet/findByStatus?status=1,0,4.3,"HTTPConnectionPool(host='localhost', port=80): Max retries exceeded with url: /api/v1/mock/mock-swagger/api/v3/pet/findByStatus?status=1 (Caused by NewConnectionError(""HTTPConnection(host='localhost', port=80): Failed to establish a new connection: [Errno 111] Connection refused""))"
2026-09-24T22:54:40.995985,call_ep_get__pet_findByTags_eg92_base,GET,http://localhost/api/v1/mock/mock-swagger/api/v3/pet/findByTags?tags=1,0,5.75,"HTTPConnectionPool(host='localhost', port=80): Max retries exceeded with url: /api/v1/mock/mock-swagger/api/v3/pet/findByTags?tags=1 (Caused by NewConnectionError(""HTTPConnection(host='localhost', port=80): Failed to establish a new connection: [Errno 111] Connection refused""))"
2026-09-24T22:54:40.996270,call_ep_get__pet_findByTags_eg92_base,GET,http://localhost/api/v1/mock/mock-swagger/api/v3/pet/findByTags?tags=1,0,3.86,"HTTPConnectionPool(host='localhost', port=80): Max retries exceeded with url: /api/v1/mock/mock-swagger/api/v3/pet/findByTags?tags=1 (Caused by NewConnectionError(""HTTPConnection(host='localhost', port=80): Failed to establish a new connection: [Errno 111] Connection refused""))"
2026-09-24T22:54:40.996609,call_ep_get__pet_findByStatus_t14w_scn_scn_ep_get__pet_findByStatus_t14w_400,GET,http://localhost/api/v1/mock/mock-swagger/api/v3/pet/findByStatus?status=1,0,2.96,"HTTPConnectionPool(host='localhost', port=80): Max retries exceeded with url: /api/v1/mock/mock-swagger/api/v3/pet/findByStatus?status=1 (Caused by NewConnectionError(""HTTPConnection(host='localhost', port=80): Failed to establish a new connection: [Errno 111] Connection refused""))"
2026-09-24T22:54:41.073673,call_ep_get__pet_findByStatus_t14w_scn_scn_ep_get__pet_findByStatus_t14w_404,GET,http://localhost/api/v1/mock/mock-swagger/api/v3/pet/findByStatus?status=1&error=404,0,5.21,"HTTPConnectionPool(host='localhost', port=80): Max retries exceeded with url: /api/v1/mock/mock-swagger/api/v3/pet/findByStatus?status=1&error=404 (Caused by NewConnectionError(""HTTPConnection(host='localhost', port=80): Failed to establish a new connection: [Errno 111] Connection refused""))"
2026-09-24T22:54:41.074463,call_ep_get__pet_findByStatus_t14w_scn_scn_ep_get__pet_findByStatus_t14w_404,GET,http://localhost/api/v1/mock/mock-swagger/api/v3/pet/findByStatus?status=1&error=404,0,2.77,"HTTPConnectionPool(host='localhost', port=80): Max retries exceeded with url: /api/v1/mock/mock-swagger/api/v3/pet/findByStatus?status=1&error=404 (Caused by NewConnectionError(""HTTPConnection(host='localhost', port=80): Failed to establish a new connection: [Errno 111] Connection refused""))"
2026-09-24T22:54:41.074849,call_ep_get__pet_findByTags_eg92_base,GET,http://localhost/api/v1/mock/mock-swagger/api/v3/pet/findByTags?tags=1,0,4.16,"HTTPConnectionPool(host='localhost', port=80): Max retries exceeded with url: /api/v1/mock/mock-swagger/api/v3/pet/findByTags?tags=1 (Caused by NewConnectionError(""HTTPConnection(host='localhost', port=80): Failed to establish a new connection: [Errno 111] Connection refused""))"
2026-09-24T22:54:41.075577,call_ep_get__pet_findByStatus_t14w_scn_scn_ep_get__pet_findByStatus_t14w_404,GET,http://localhost/api/v1/mock/mock-swagger/api/v3/pet/findByStatus?status=1&error=404,0,5.91,"HTTPConnectionPool(host='localhost', port=80): Max retries exceeded with url: /api/v1/mock/mock-swagger/api/v3/pet/findByStatus?status=1&error=404 (Caused by NewConnectionError(""HTTPConnection(host='localhost', port=80): Failed to establish a new connection: [Errno 111] Connection refused""))"
2026-09-24T22:54:41.081420,call_ep_get__pet_findByTags_eg92_scn_scn_ep_get__pet_findByTags_eg92_401,GET,http://localhost/api/v1/mock/mock-swagger/api/v3/pet/findByTags?tags=1,0,1.02,"HTTPConnectionPool(host='localhost', port=80): Max retries exceeded with url: /api/v1/mock/mock-swagger/api/v3/pet/findByTags?tags=1 (Caused by NewConnectionError(""HTTPConnection(host='localhost', port=80): Failed to establish a new connection: [Errno 111] Connection refused""))"
