Timestamp,API ID,Method,URL,Status Code,Latency (ms),Error
2026-09-12T23:12:54.183710,1786373852673,POST,http://localhost/api/cicd/execute,0,8.25,"HTTPConnectionPool(host='localhost', port=80): Max retries exceeded with url: /api/cicd/execute (Caused by NewConnectionError(""HTTPConnection(host='localhost', port=80): Failed to establish a new connection: [Errno 111] Connection refused""))"
2026-09-12T23:12:54.187772,1786373852673,POST,http://localhost/api/cicd/execute,0,7.73,"HTTPConnectionPool(host='localhost', port=80): Max retries exceeded with url: /api/cicd/execute (Caused by NewConnectionError(""HTTPConnection(host='localhost', port=80): Failed to establish a new connection: [Errno 111] Connection refused""))"
2026-09-12T23:12:54.188812,1786373852673,POST,http://localhost/api/cicd/execute,0,6.46,"HTTPConnectionPool(host='localhost', port=80): Max retries exceeded with url: /api/cicd/execute (Caused by NewConnectionError(""HTTPConnection(host='localhost', port=80): Failed to establish a new connection: [Errno 111] Connection refused""))"
2026-09-12T23:12:54.190971,1786373852673,POST,http://localhost/api/cicd/execute,0,6.2,"HTTPConnectionPool(host='localhost', port=80): Max retries exceeded with url: /api/cicd/execute (Caused by NewConnectionError(""HTTPConnection(host='localhost', port=80): Failed to establish a new connection: [Errno 111] Connection refused""))"
2026-09-12T23:12:54.192990,1786373852673,POST,http://localhost/api/cicd/execute,0,6.28,"HTTPConnectionPool(host='localhost', port=80): Max retries exceeded with url: /api/cicd/execute (Caused by NewConnectionError(""HTTPConnection(host='localhost', port=80): Failed to establish a new connection: [Errno 111] Connection refused""))"
2026-09-12T23:12:54.194740,1786373852673,POST,http://localhost/api/cicd/execute,0,5.43,"HTTPConnectionPool(host='localhost', port=80): Max retries exceeded with url: /api/cicd/execute (Caused by NewConnectionError(""HTTPConnection(host='localhost', port=80): Failed to establish a new connection: [Errno 111] Connection refused""))"
2026-09-12T23:12:54.196696,1786373852673,POST,http://localhost/api/cicd/execute,0,5.15,"HTTPConnectionPool(host='localhost', port=80): Max retries exceeded with url: /api/cicd/execute (Caused by NewConnectionError(""HTTPConnection(host='localhost', port=80): Failed to establish a new connection: [Errno 111] Connection refused""))"
2026-09-12T23:12:54.199975,1786373852673,POST,http://localhost/api/cicd/execute,0,6.44,"HTTPConnectionPool(host='localhost', port=80): Max retries exceeded with url: /api/cicd/execute (Caused by NewConnectionError(""HTTPConnection(host='localhost', port=80): Failed to establish a new connection: [Errno 111] Connection refused""))"
2026-09-12T23:12:54.200689,1786373852673,POST,http://localhost/api/cicd/execute,0,5.22,"HTTPConnectionPool(host='localhost', port=80): Max retries exceeded with url: /api/cicd/execute (Caused by NewConnectionError(""HTTPConnection(host='localhost', port=80): Failed to establish a new connection: [Errno 111] Connection refused""))"
2026-09-12T23:12:54.200967,1786373852673,POST,http://localhost/api/cicd/execute,0,3.88,"HTTPConnectionPool(host='localhost', port=80): Max retries exceeded with url: /api/cicd/execute (Caused by NewConnectionError(""HTTPConnection(host='localhost', port=80): Failed to establish a new connection: [Errno 111] Connection refused""))"
2026-09-12T23:12:54.285138,1786374210148,GET,http://localhost/api/cicd/status/40665,0,1.14,"HTTPConnectionPool(host='localhost', port=80): Max retries exceeded with url: /api/cicd/status/40665 (Caused by NewConnectionError(""HTTPConnection(host='localhost', port=80): Failed to establish a new connection: [Errno 111] Connection refused""))"
2026-09-12T23:12:54.289982,1786374210148,GET,http://localhost/api/cicd/status/40665,0,1.91,"HTTPConnectionPool(host='localhost', port=80): Max retries exceeded with url: /api/cicd/status/40665 (Caused by NewConnectionError(""HTTPConnection(host='localhost', port=80): Failed to establish a new connection: [Errno 111] Connection refused""))"
2026-09-12T23:12:54.290439,1786374210148,GET,http://localhost/api/cicd/status/40665,0,1.34,"HTTPConnectionPool(host='localhost', port=80): Max retries exceeded with url: /api/cicd/status/40665 (Caused by NewConnectionError(""HTTPConnection(host='localhost', port=80): Failed to establish a new connection: [Errno 111] Connection refused""))"
2026-09-12T23:12:54.292391,1786374210148,GET,http://localhost/api/cicd/status/40665,0,1.12,"HTTPConnectionPool(host='localhost', port=80): Max retries exceeded with url: /api/cicd/status/40665 (Caused by NewConnectionError(""HTTPConnection(host='localhost', port=80): Failed to establish a new connection: [Errno 111] Connection refused""))"
2026-09-12T23:12:54.294501,1786374210148,GET,http://localhost/api/cicd/status/40665,0,1.22,"HTTPConnectionPool(host='localhost', port=80): Max retries exceeded with url: /api/cicd/status/40665 (Caused by NewConnectionError(""HTTPConnection(host='localhost', port=80): Failed to establish a new connection: [Errno 111] Connection refused""))"
2026-09-12T23:12:54.295978,1786374210148,GET,http://localhost/api/cicd/status/40665,0,1.08,"HTTPConnectionPool(host='localhost', port=80): Max retries exceeded with url: /api/cicd/status/40665 (Caused by NewConnectionError(""HTTPConnection(host='localhost', port=80): Failed to establish a new connection: [Errno 111] Connection refused""))"
2026-09-12T23:12:54.298016,1786374210148,GET,http://localhost/api/cicd/status/40665,0,1.17,"HTTPConnectionPool(host='localhost', port=80): Max retries exceeded with url: /api/cicd/status/40665 (Caused by NewConnectionError(""HTTPConnection(host='localhost', port=80): Failed to establish a new connection: [Errno 111] Connection refused""))"
2026-09-12T23:12:54.303065,1786374210148,GET,http://localhost/api/cicd/status/40665,0,2.93,"HTTPConnectionPool(host='localhost', port=80): Max retries exceeded with url: /api/cicd/status/40665 (Caused by NewConnectionError(""HTTPConnection(host='localhost', port=80): Failed to establish a new connection: [Errno 111] Connection refused""))"
2026-09-12T23:12:54.303550,1786374210148,GET,http://localhost/api/cicd/status/40665,0,2.51,"HTTPConnectionPool(host='localhost', port=80): Max retries exceeded with url: /api/cicd/status/40665 (Caused by NewConnectionError(""HTTPConnection(host='localhost', port=80): Failed to establish a new connection: [Errno 111] Connection refused""))"
2026-09-12T23:12:54.303768,1786374210148,GET,http://localhost/api/cicd/status/40665,0,1.97,"HTTPConnectionPool(host='localhost', port=80): Max retries exceeded with url: /api/cicd/status/40665 (Caused by NewConnectionError(""HTTPConnection(host='localhost', port=80): Failed to establish a new connection: [Errno 111] Connection refused""))"
2026-09-12T23:12:54.386552,1786373852673,POST,http://localhost/api/cicd/execute,0,1.2,"HTTPConnectionPool(host='localhost', port=80): Max retries exceeded with url: /api/cicd/execute (Caused by NewConnectionError(""HTTPConnection(host='localhost', port=80): Failed to establish a new connection: [Errno 111] Connection refused""))"
2026-09-12T23:12:54.393792,1786373852673,POST,http://localhost/api/cicd/execute,0,3.61,"HTTPConnectionPool(host='localhost', port=80): Max retries exceeded with url: /api/cicd/execute (Caused by NewConnectionError(""HTTPConnection(host='localhost', port=80): Failed to establish a new connection: [Errno 111] Connection refused""))"
2026-09-12T23:12:54.394420,1786373852673,POST,http://localhost/api/cicd/execute,0,3.1,"HTTPConnectionPool(host='localhost', port=80): Max retries exceeded with url: /api/cicd/execute (Caused by NewConnectionError(""HTTPConnection(host='localhost', port=80): Failed to establish a new connection: [Errno 111] Connection refused""))"
2026-09-12T23:12:54.394787,1786373852673,POST,http://localhost/api/cicd/execute,0,2.19,"HTTPConnectionPool(host='localhost', port=80): Max retries exceeded with url: /api/cicd/execute (Caused by NewConnectionError(""HTTPConnection(host='localhost', port=80): Failed to establish a new connection: [Errno 111] Connection refused""))"
2026-09-12T23:12:54.397279,1786373852673,POST,http://localhost/api/cicd/execute,0,2.41,"HTTPConnectionPool(host='localhost', port=80): Max retries exceeded with url: /api/cicd/execute (Caused by NewConnectionError(""HTTPConnection(host='localhost', port=80): Failed to establish a new connection: [Errno 111] Connection refused""))"
2026-09-12T23:12:54.397941,1786373852673,POST,http://localhost/api/cicd/execute,0,1.81,"HTTPConnectionPool(host='localhost', port=80): Max retries exceeded with url: /api/cicd/execute (Caused by NewConnectionError(""HTTPConnection(host='localhost', port=80): Failed to establish a new connection: [Errno 111] Connection refused""))"
2026-09-12T23:12:54.399525,1786373852673,POST,http://localhost/api/cicd/execute,0,1.32,"HTTPConnectionPool(host='localhost', port=80): Max retries exceeded with url: /api/cicd/execute (Caused by NewConnectionError(""HTTPConnection(host='localhost', port=80): Failed to establish a new connection: [Errno 111] Connection refused""))"
2026-09-12T23:12:54.407450,1786373852673,POST,http://localhost/api/cicd/execute,0,4.19,"HTTPConnectionPool(host='localhost', port=80): Max retries exceeded with url: /api/cicd/execute (Caused by NewConnectionError(""HTTPConnection(host='localhost', port=80): Failed to establish a new connection: [Errno 111] Connection refused""))"
2026-09-12T23:12:54.407826,1786373852673,POST,http://localhost/api/cicd/execute,0,3.45,"HTTPConnectionPool(host='localhost', port=80): Max retries exceeded with url: /api/cicd/execute (Caused by NewConnectionError(""HTTPConnection(host='localhost', port=80): Failed to establish a new connection: [Errno 111] Connection refused""))"
2026-09-12T23:12:54.408166,1786373852673,POST,http://localhost/api/cicd/execute,0,2.73,"HTTPConnectionPool(host='localhost', port=80): Max retries exceeded with url: /api/cicd/execute (Caused by NewConnectionError(""HTTPConnection(host='localhost', port=80): Failed to establish a new connection: [Errno 111] Connection refused""))"
2026-09-12T23:12:54.488234,1786374210148,GET,http://localhost/api/cicd/status/40665,0,1.49,"HTTPConnectionPool(host='localhost', port=80): Max retries exceeded with url: /api/cicd/status/40665 (Caused by NewConnectionError(""HTTPConnection(host='localhost', port=80): Failed to establish a new connection: [Errno 111] Connection refused""))"
2026-09-12T23:12:54.503087,1786374210148,GET,http://localhost/api/cicd/status/40665,0,9.1,"HTTPConnectionPool(host='localhost', port=80): Max retries exceeded with url: /api/cicd/status/40665 (Caused by NewConnectionError(""HTTPConnection(host='localhost', port=80): Failed to establish a new connection: [Errno 111] Connection refused""))"
2026-09-12T23:12:54.503337,1786374210148,GET,http://localhost/api/cicd/status/40665,0,8.24,"HTTPConnectionPool(host='localhost', port=80): Max retries exceeded with url: /api/cicd/status/40665 (Caused by NewConnectionError(""HTTPConnection(host='localhost', port=80): Failed to establish a new connection: [Errno 111] Connection refused""))"
2026-09-12T23:12:54.504027,1786374210148,GET,http://localhost/api/cicd/status/40665,0,5.91,"HTTPConnectionPool(host='localhost', port=80): Max retries exceeded with url: /api/cicd/status/40665 (Caused by NewConnectionError(""HTTPConnection(host='localhost', port=80): Failed to establish a new connection: [Errno 111] Connection refused""))"
2026-09-12T23:12:54.504294,1786374210148,GET,http://localhost/api/cicd/status/40665,0,7.44,"HTTPConnectionPool(host='localhost', port=80): Max retries exceeded with url: /api/cicd/status/40665 (Caused by NewConnectionError(""HTTPConnection(host='localhost', port=80): Failed to establish a new connection: [Errno 111] Connection refused""))"
2026-09-12T23:12:54.504736,1786374210148,GET,http://localhost/api/cicd/status/40665,0,5.6,"HTTPConnectionPool(host='localhost', port=80): Max retries exceeded with url: /api/cicd/status/40665 (Caused by NewConnectionError(""HTTPConnection(host='localhost', port=80): Failed to establish a new connection: [Errno 111] Connection refused""))"
2026-09-12T23:12:54.505068,1786374210148,GET,http://localhost/api/cicd/status/40665,0,4.33,"HTTPConnectionPool(host='localhost', port=80): Max retries exceeded with url: /api/cicd/status/40665 (Caused by NewConnectionError(""HTTPConnection(host='localhost', port=80): Failed to establish a new connection: [Errno 111] Connection refused""))"
2026-09-12T23:12:54.511905,1786374210148,GET,http://localhost/api/cicd/status/40665,0,3.15,"HTTPConnectionPool(host='localhost', port=80): Max retries exceeded with url: /api/cicd/status/40665 (Caused by NewConnectionError(""HTTPConnection(host='localhost', port=80): Failed to establish a new connection: [Errno 111] Connection refused""))"
2026-09-12T23:12:54.512207,1786374210148,GET,http://localhost/api/cicd/status/40665,0,4.56,"HTTPConnectionPool(host='localhost', port=80): Max retries exceeded with url: /api/cicd/status/40665 (Caused by NewConnectionError(""HTTPConnection(host='localhost', port=80): Failed to establish a new connection: [Errno 111] Connection refused""))"
2026-09-12T23:12:54.512472,1786374210148,GET,http://localhost/api/cicd/status/40665,0,2.51,"HTTPConnectionPool(host='localhost', port=80): Max retries exceeded with url: /api/cicd/status/40665 (Caused by NewConnectionError(""HTTPConnection(host='localhost', port=80): Failed to establish a new connection: [Errno 111] Connection refused""))"
2026-09-12T23:12:54.590127,1786373852673,POST,http://localhost/api/cicd/execute,0,1.69,"HTTPConnectionPool(host='localhost', port=80): Max retries exceeded with url: /api/cicd/execute (Caused by NewConnectionError(""HTTPConnection(host='localhost', port=80): Failed to establish a new connection: [Errno 111] Connection refused""))"
2026-09-12T23:12:54.611949,1786373852673,POST,http://localhost/api/cicd/execute,0,5.15,"HTTPConnectionPool(host='localhost', port=80): Max retries exceeded with url: /api/cicd/execute (Caused by NewConnectionError(""HTTPConnection(host='localhost', port=80): Failed to establish a new connection: [Errno 111] Connection refused""))"
2026-09-12T23:12:54.612555,1786373852673,POST,http://localhost/api/cicd/execute,0,6.95,"HTTPConnectionPool(host='localhost', port=80): Max retries exceeded with url: /api/cicd/execute (Caused by NewConnectionError(""HTTPConnection(host='localhost', port=80): Failed to establish a new connection: [Errno 111] Connection refused""))"
2026-09-12T23:12:54.615382,1786373852673,POST,http://localhost/api/cicd/execute,0,12.1,"HTTPConnectionPool(host='localhost', port=80): Max retries exceeded with url: /api/cicd/execute (Caused by NewConnectionError(""HTTPConnection(host='localhost', port=80): Failed to establish a new connection: [Errno 111] Connection refused""))"
2026-09-12T23:12:54.617232,1786373852673,POST,http://localhost/api/cicd/execute,0,9.15,"HTTPConnectionPool(host='localhost', port=80): Max retries exceeded with url: /api/cicd/execute (Caused by NewConnectionError(""HTTPConnection(host='localhost', port=80): Failed to establish a new connection: [Errno 111] Connection refused""))"
2026-09-12T23:12:54.618012,1786373852673,POST,http://localhost/api/cicd/execute,0,13.57,"HTTPConnectionPool(host='localhost', port=80): Max retries exceeded with url: /api/cicd/execute (Caused by NewConnectionError(""HTTPConnection(host='localhost', port=80): Failed to establish a new connection: [Errno 111] Connection refused""))"
2026-09-12T23:12:54.618600,1786373852673,POST,http://localhost/api/cicd/execute,0,9.36,"HTTPConnectionPool(host='localhost', port=80): Max retries exceeded with url: /api/cicd/execute (Caused by NewConnectionError(""HTTPConnection(host='localhost', port=80): Failed to establish a new connection: [Errno 111] Connection refused""))"
2026-09-12T23:12:54.619203,1786373852673,POST,http://localhost/api/cicd/execute,0,5.12,"HTTPConnectionPool(host='localhost', port=80): Max retries exceeded with url: /api/cicd/execute (Caused by NewConnectionError(""HTTPConnection(host='localhost', port=80): Failed to establish a new connection: [Errno 111] Connection refused""))"
2026-09-12T23:12:54.619486,1786373852673,POST,http://localhost/api/cicd/execute,0,3.77,"HTTPConnectionPool(host='localhost', port=80): Max retries exceeded with url: /api/cicd/execute (Caused by NewConnectionError(""HTTPConnection(host='localhost', port=80): Failed to establish a new connection: [Errno 111] Connection refused""))"
2026-09-12T23:12:54.619861,1786373852673,POST,http://localhost/api/cicd/execute,0,7.06,"HTTPConnectionPool(host='localhost', port=80): Max retries exceeded with url: /api/cicd/execute (Caused by NewConnectionError(""HTTPConnection(host='localhost', port=80): Failed to establish a new connection: [Errno 111] Connection refused""))"
2026-09-12T23:12:54.691985,1786374210148,GET,http://localhost/api/cicd/status/40665,0,1.65,"HTTPConnectionPool(host='localhost', port=80): Max retries exceeded with url: /api/cicd/status/40665 (Caused by NewConnectionError(""HTTPConnection(host='localhost', port=80): Failed to establish a new connection: [Errno 111] Connection refused""))"
2026-09-12T23:12:54.714857,1786374210148,GET,http://localhost/api/cicd/status/40665,0,2.71,"HTTPConnectionPool(host='localhost', port=80): Max retries exceeded with url: /api/cicd/status/40665 (Caused by NewConnectionError(""HTTPConnection(host='localhost', port=80): Failed to establish a new connection: [Errno 111] Connection refused""))"
2026-09-12T23:12:54.715387,1786374210148,GET,http://localhost/api/cicd/status/40665,0,2.13,"HTTPConnectionPool(host='localhost', port=80): Max retries exceeded with url: /api/cicd/status/40665 (Caused by NewConnectionError(""HTTPConnection(host='localhost', port=80): Failed to establish a new connection: [Errno 111] Connection refused""))"
2026-09-12T23:12:54.717318,1786374210148,GET,http://localhost/api/cicd/status/40665,0,1.68,"HTTPConnectionPool(host='localhost', port=80): Max retries exceeded with url: /api/cicd/status/40665 (Caused by NewConnectionError(""HTTPConnection(host='localhost', port=80): Failed to establish a new connection: [Errno 111] Connection refused""))"
2026-09-12T23:12:54.728856,1786374210148,GET,http://localhost/api/cicd/status/40665,0,11.43,"HTTPConnectionPool(host='localhost', port=80): Max retries exceeded with url: /api/cicd/status/40665 (Caused by NewConnectionError(""HTTPConnection(host='localhost', port=80): Failed to establish a new connection: [Errno 111] Connection refused""))"
2026-09-12T23:12:54.729092,1786374210148,GET,http://localhost/api/cicd/status/40665,0,5.03,"HTTPConnectionPool(host='localhost', port=80): Max retries exceeded with url: /api/cicd/status/40665 (Caused by NewConnectionError(""HTTPConnection(host='localhost', port=80): Failed to establish a new connection: [Errno 111] Connection refused""))"
2026-09-12T23:12:54.729585,1786374210148,GET,http://localhost/api/cicd/status/40665,0,6.62,"HTTPConnectionPool(host='localhost', port=80): Max retries exceeded with url: /api/cicd/status/40665 (Caused by NewConnectionError(""HTTPConnection(host='localhost', port=80): Failed to establish a new connection: [Errno 111] Connection refused""))"
2026-09-12T23:12:54.729879,1786374210148,GET,http://localhost/api/cicd/status/40665,0,3.36,"HTTPConnectionPool(host='localhost', port=80): Max retries exceeded with url: /api/cicd/status/40665 (Caused by NewConnectionError(""HTTPConnection(host='localhost', port=80): Failed to establish a new connection: [Errno 111] Connection refused""))"
2026-09-12T23:12:54.730265,1786374210148,GET,http://localhost/api/cicd/status/40665,0,11.58,"HTTPConnectionPool(host='localhost', port=80): Max retries exceeded with url: /api/cicd/status/40665 (Caused by NewConnectionError(""HTTPConnection(host='localhost', port=80): Failed to establish a new connection: [Errno 111] Connection refused""))"
2026-09-12T23:12:54.730648,1786374210148,GET,http://localhost/api/cicd/status/40665,0,5.25,"HTTPConnectionPool(host='localhost', port=80): Max retries exceeded with url: /api/cicd/status/40665 (Caused by NewConnectionError(""HTTPConnection(host='localhost', port=80): Failed to establish a new connection: [Errno 111] Connection refused""))"
2026-09-12T23:12:54.793838,1786373852673,POST,http://localhost/api/cicd/execute,0,1.64,"HTTPConnectionPool(host='localhost', port=80): Max retries exceeded with url: /api/cicd/execute (Caused by NewConnectionError(""HTTPConnection(host='localhost', port=80): Failed to establish a new connection: [Errno 111] Connection refused""))"
2026-09-12T23:12:54.818960,1786373852673,POST,http://localhost/api/cicd/execute,0,3.91,"HTTPConnectionPool(host='localhost', port=80): Max retries exceeded with url: /api/cicd/execute (Caused by NewConnectionError(""HTTPConnection(host='localhost', port=80): Failed to establish a new connection: [Errno 111] Connection refused""))"
2026-09-12T23:12:54.819598,1786373852673,POST,http://localhost/api/cicd/execute,0,3.41,"HTTPConnectionPool(host='localhost', port=80): Max retries exceeded with url: /api/cicd/execute (Caused by NewConnectionError(""HTTPConnection(host='localhost', port=80): Failed to establish a new connection: [Errno 111] Connection refused""))"
2026-09-12T23:12:54.819941,1786373852673,POST,http://localhost/api/cicd/execute,0,2.35,"HTTPConnectionPool(host='localhost', port=80): Max retries exceeded with url: /api/cicd/execute (Caused by NewConnectionError(""HTTPConnection(host='localhost', port=80): Failed to establish a new connection: [Errno 111] Connection refused""))"
2026-09-12T23:12:54.837257,1786373852673,POST,http://localhost/api/cicd/execute,0,5.89,"HTTPConnectionPool(host='localhost', port=80): Max retries exceeded with url: /api/cicd/execute (Caused by NewConnectionError(""HTTPConnection(host='localhost', port=80): Failed to establish a new connection: [Errno 111] Connection refused""))"
2026-09-12T23:12:54.838140,1786373852673,POST,http://localhost/api/cicd/execute,0,9.1,"HTTPConnectionPool(host='localhost', port=80): Max retries exceeded with url: /api/cicd/execute (Caused by NewConnectionError(""HTTPConnection(host='localhost', port=80): Failed to establish a new connection: [Errno 111] Connection refused""))"
2026-09-12T23:12:54.838773,1786373852673,POST,http://localhost/api/cicd/execute,0,8.57,"HTTPConnectionPool(host='localhost', port=80): Max retries exceeded with url: /api/cicd/execute (Caused by NewConnectionError(""HTTPConnection(host='localhost', port=80): Failed to establish a new connection: [Errno 111] Connection refused""))"
2026-09-12T23:12:54.839035,1786373852673,POST,http://localhost/api/cicd/execute,0,5.26,"HTTPConnectionPool(host='localhost', port=80): Max retries exceeded with url: /api/cicd/execute (Caused by NewConnectionError(""HTTPConnection(host='localhost', port=80): Failed to establish a new connection: [Errno 111] Connection refused""))"
2026-09-12T23:12:54.839437,1786373852673,POST,http://localhost/api/cicd/execute,0,6.92,"HTTPConnectionPool(host='localhost', port=80): Max retries exceeded with url: /api/cicd/execute (Caused by NewConnectionError(""HTTPConnection(host='localhost', port=80): Failed to establish a new connection: [Errno 111] Connection refused""))"
2026-09-12T23:12:54.839657,1786373852673,POST,http://localhost/api/cicd/execute,0,4.58,"HTTPConnectionPool(host='localhost', port=80): Max retries exceeded with url: /api/cicd/execute (Caused by NewConnectionError(""HTTPConnection(host='localhost', port=80): Failed to establish a new connection: [Errno 111] Connection refused""))"
2026-09-12T23:12:54.895668,1786374210148,GET,http://localhost/api/cicd/status/40665,0,1.64,"HTTPConnectionPool(host='localhost', port=80): Max retries exceeded with url: /api/cicd/status/40665 (Caused by NewConnectionError(""HTTPConnection(host='localhost', port=80): Failed to establish a new connection: [Errno 111] Connection refused""))"
2026-09-12T23:12:54.923206,1786374210148,GET,http://localhost/api/cicd/status/40665,0,2.99,"HTTPConnectionPool(host='localhost', port=80): Max retries exceeded with url: /api/cicd/status/40665 (Caused by NewConnectionError(""HTTPConnection(host='localhost', port=80): Failed to establish a new connection: [Errno 111] Connection refused""))"
2026-09-12T23:12:54.923431,1786374210148,GET,http://localhost/api/cicd/status/40665,0,4.28,"HTTPConnectionPool(host='localhost', port=80): Max retries exceeded with url: /api/cicd/status/40665 (Caused by NewConnectionError(""HTTPConnection(host='localhost', port=80): Failed to establish a new connection: [Errno 111] Connection refused""))"
2026-09-12T23:12:54.923869,1786374210148,GET,http://localhost/api/cicd/status/40665,0,2.56,"HTTPConnectionPool(host='localhost', port=80): Max retries exceeded with url: /api/cicd/status/40665 (Caused by NewConnectionError(""HTTPConnection(host='localhost', port=80): Failed to establish a new connection: [Errno 111] Connection refused""))"
2026-09-12T23:12:54.945668,1786374210148,GET,http://localhost/api/cicd/status/40665,0,7.16,"HTTPConnectionPool(host='localhost', port=80): Max retries exceeded with url: /api/cicd/status/40665 (Caused by NewConnectionError(""HTTPConnection(host='localhost', port=80): Failed to establish a new connection: [Errno 111] Connection refused""))"
2026-09-12T23:12:54.946045,1786374210148,GET,http://localhost/api/cicd/status/40665,0,2.4,"HTTPConnectionPool(host='localhost', port=80): Max retries exceeded with url: /api/cicd/status/40665 (Caused by NewConnectionError(""HTTPConnection(host='localhost', port=80): Failed to establish a new connection: [Errno 111] Connection refused""))"
2026-09-12T23:12:54.946396,1786374210148,GET,http://localhost/api/cicd/status/40665,0,8.94,"HTTPConnectionPool(host='localhost', port=80): Max retries exceeded with url: /api/cicd/status/40665 (Caused by NewConnectionError(""HTTPConnection(host='localhost', port=80): Failed to establish a new connection: [Errno 111] Connection refused""))"
2026-09-12T23:12:54.947004,1786374210148,GET,http://localhost/api/cicd/status/40665,0,7.2,"HTTPConnectionPool(host='localhost', port=80): Max retries exceeded with url: /api/cicd/status/40665 (Caused by NewConnectionError(""HTTPConnection(host='localhost', port=80): Failed to establish a new connection: [Errno 111] Connection refused""))"
2026-09-12T23:12:54.947408,1786374210148,GET,http://localhost/api/cicd/status/40665,0,6.5,"HTTPConnectionPool(host='localhost', port=80): Max retries exceeded with url: /api/cicd/status/40665 (Caused by NewConnectionError(""HTTPConnection(host='localhost', port=80): Failed to establish a new connection: [Errno 111] Connection refused""))"
2026-09-12T23:12:54.947634,1786374210148,GET,http://localhost/api/cicd/status/40665,0,5.32,"HTTPConnectionPool(host='localhost', port=80): Max retries exceeded with url: /api/cicd/status/40665 (Caused by NewConnectionError(""HTTPConnection(host='localhost', port=80): Failed to establish a new connection: [Errno 111] Connection refused""))"
2026-09-12T23:12:54.997942,1786373852673,POST,http://localhost/api/cicd/execute,0,2.08,"HTTPConnectionPool(host='localhost', port=80): Max retries exceeded with url: /api/cicd/execute (Caused by NewConnectionError(""HTTPConnection(host='localhost', port=80): Failed to establish a new connection: [Errno 111] Connection refused""))"
2026-09-12T23:12:55.027657,1786373852673,POST,http://localhost/api/cicd/execute,0,4.26,"HTTPConnectionPool(host='localhost', port=80): Max retries exceeded with url: /api/cicd/execute (Caused by NewConnectionError(""HTTPConnection(host='localhost', port=80): Failed to establish a new connection: [Errno 111] Connection refused""))"
2026-09-12T23:12:55.027925,1786373852673,POST,http://localhost/api/cicd/execute,0,2.22,"HTTPConnectionPool(host='localhost', port=80): Max retries exceeded with url: /api/cicd/execute (Caused by NewConnectionError(""HTTPConnection(host='localhost', port=80): Failed to establish a new connection: [Errno 111] Connection refused""))"
2026-09-12T23:12:55.028298,1786373852673,POST,http://localhost/api/cicd/execute,0,3.76,"HTTPConnectionPool(host='localhost', port=80): Max retries exceeded with url: /api/cicd/execute (Caused by NewConnectionError(""HTTPConnection(host='localhost', port=80): Failed to establish a new connection: [Errno 111] Connection refused""))"
2026-09-12T23:12:55.054282,1786373852673,POST,http://localhost/api/cicd/execute,0,7.29,"HTTPConnectionPool(host='localhost', port=80): Max retries exceeded with url: /api/cicd/execute (Caused by NewConnectionError(""HTTPConnection(host='localhost', port=80): Failed to establish a new connection: [Errno 111] Connection refused""))"
2026-09-12T23:12:55.054560,1786373852673,POST,http://localhost/api/cicd/execute,0,6.41,"HTTPConnectionPool(host='localhost', port=80): Max retries exceeded with url: /api/cicd/execute (Caused by NewConnectionError(""HTTPConnection(host='localhost', port=80): Failed to establish a new connection: [Errno 111] Connection refused""))"
2026-09-12T23:12:55.054907,1786373852673,POST,http://localhost/api/cicd/execute,0,9.05,"HTTPConnectionPool(host='localhost', port=80): Max retries exceeded with url: /api/cicd/execute (Caused by NewConnectionError(""HTTPConnection(host='localhost', port=80): Failed to establish a new connection: [Errno 111] Connection refused""))"
2026-09-12T23:12:55.055636,1786373852673,POST,http://localhost/api/cicd/execute,0,6.2,"HTTPConnectionPool(host='localhost', port=80): Max retries exceeded with url: /api/cicd/execute (Caused by NewConnectionError(""HTTPConnection(host='localhost', port=80): Failed to establish a new connection: [Errno 111] Connection refused""))"
2026-09-12T23:12:55.055886,1786373852673,POST,http://localhost/api/cicd/execute,0,4.93,"HTTPConnectionPool(host='localhost', port=80): Max retries exceeded with url: /api/cicd/execute (Caused by NewConnectionError(""HTTPConnection(host='localhost', port=80): Failed to establish a new connection: [Errno 111] Connection refused""))"
2026-09-12T23:12:55.056279,1786373852673,POST,http://localhost/api/cicd/execute,0,3.9,"HTTPConnectionPool(host='localhost', port=80): Max retries exceeded with url: /api/cicd/execute (Caused by NewConnectionError(""HTTPConnection(host='localhost', port=80): Failed to establish a new connection: [Errno 111] Connection refused""))"
2026-09-12T23:12:55.099764,1786374210148,GET,http://localhost/api/cicd/status/40665,0,1.63,"HTTPConnectionPool(host='localhost', port=80): Max retries exceeded with url: /api/cicd/status/40665 (Caused by NewConnectionError(""HTTPConnection(host='localhost', port=80): Failed to establish a new connection: [Errno 111] Connection refused""))"
2026-09-12T23:12:55.131921,1786374210148,GET,http://localhost/api/cicd/status/40665,0,4.08,"HTTPConnectionPool(host='localhost', port=80): Max retries exceeded with url: /api/cicd/status/40665 (Caused by NewConnectionError(""HTTPConnection(host='localhost', port=80): Failed to establish a new connection: [Errno 111] Connection refused""))"
2026-09-12T23:12:55.132742,1786374210148,GET,http://localhost/api/cicd/status/40665,0,3.79,"HTTPConnectionPool(host='localhost', port=80): Max retries exceeded with url: /api/cicd/status/40665 (Caused by NewConnectionError(""HTTPConnection(host='localhost', port=80): Failed to establish a new connection: [Errno 111] Connection refused""))"
2026-09-12T23:12:55.132995,1786374210148,GET,http://localhost/api/cicd/status/40665,0,2.93,"HTTPConnectionPool(host='localhost', port=80): Max retries exceeded with url: /api/cicd/status/40665 (Caused by NewConnectionError(""HTTPConnection(host='localhost', port=80): Failed to establish a new connection: [Errno 111] Connection refused""))"
2026-09-12T23:12:55.162101,1786374210148,GET,http://localhost/api/cicd/status/40665,0,6.53,"HTTPConnectionPool(host='localhost', port=80): Max retries exceeded with url: /api/cicd/status/40665 (Caused by NewConnectionError(""HTTPConnection(host='localhost', port=80): Failed to establish a new connection: [Errno 111] Connection refused""))"
2026-09-12T23:12:55.162885,1786374210148,GET,http://localhost/api/cicd/status/40665,0,8.42,"HTTPConnectionPool(host='localhost', port=80): Max retries exceeded with url: /api/cicd/status/40665 (Caused by NewConnectionError(""HTTPConnection(host='localhost', port=80): Failed to establish a new connection: [Errno 111] Connection refused""))"
2026-09-12T23:12:55.163691,1786374210148,GET,http://localhost/api/cicd/status/40665,0,7.0,"HTTPConnectionPool(host='localhost', port=80): Max retries exceeded with url: /api/cicd/status/40665 (Caused by NewConnectionError(""HTTPConnection(host='localhost', port=80): Failed to establish a new connection: [Errno 111] Connection refused""))"
2026-09-12T23:12:55.164210,1786374210148,GET,http://localhost/api/cicd/status/40665,0,4.87,"HTTPConnectionPool(host='localhost', port=80): Max retries exceeded with url: /api/cicd/status/40665 (Caused by NewConnectionError(""HTTPConnection(host='localhost', port=80): Failed to establish a new connection: [Errno 111] Connection refused""))"
2026-09-12T23:12:55.164469,1786374210148,GET,http://localhost/api/cicd/status/40665,0,6.55,"HTTPConnectionPool(host='localhost', port=80): Max retries exceeded with url: /api/cicd/status/40665 (Caused by NewConnectionError(""HTTPConnection(host='localhost', port=80): Failed to establish a new connection: [Errno 111] Connection refused""))"
2026-09-12T23:12:55.164830,1786374210148,GET,http://localhost/api/cicd/status/40665,0,4.05,"HTTPConnectionPool(host='localhost', port=80): Max retries exceeded with url: /api/cicd/status/40665 (Caused by NewConnectionError(""HTTPConnection(host='localhost', port=80): Failed to establish a new connection: [Errno 111] Connection refused""))"
2026-09-12T23:12:55.204888,1786373852673,POST,http://localhost/api/cicd/execute,0,4.93,"HTTPConnectionPool(host='localhost', port=80): Max retries exceeded with url: /api/cicd/execute (Caused by NewConnectionError(""HTTPConnection(host='localhost', port=80): Failed to establish a new connection: [Errno 111] Connection refused""))"
2026-09-12T23:12:55.236350,1786373852673,POST,http://localhost/api/cicd/execute,0,4.24,"HTTPConnectionPool(host='localhost', port=80): Max retries exceeded with url: /api/cicd/execute (Caused by NewConnectionError(""HTTPConnection(host='localhost', port=80): Failed to establish a new connection: [Errno 111] Connection refused""))"
2026-09-12T23:12:55.236629,1786373852673,POST,http://localhost/api/cicd/execute,0,2.19,"HTTPConnectionPool(host='localhost', port=80): Max retries exceeded with url: /api/cicd/execute (Caused by NewConnectionError(""HTTPConnection(host='localhost', port=80): Failed to establish a new connection: [Errno 111] Connection refused""))"
2026-09-12T23:12:55.237011,1786373852673,POST,http://localhost/api/cicd/execute,0,3.73,"HTTPConnectionPool(host='localhost', port=80): Max retries exceeded with url: /api/cicd/execute (Caused by NewConnectionError(""HTTPConnection(host='localhost', port=80): Failed to establish a new connection: [Errno 111] Connection refused""))"
2026-09-12T23:12:55.270885,1786373852673,POST,http://localhost/api/cicd/execute,0,8.6,"HTTPConnectionPool(host='localhost', port=80): Max retries exceeded with url: /api/cicd/execute (Caused by NewConnectionError(""HTTPConnection(host='localhost', port=80): Failed to establish a new connection: [Errno 111] Connection refused""))"
2026-09-12T23:12:55.271402,1786373852673,POST,http://localhost/api/cicd/execute,0,7.97,"HTTPConnectionPool(host='localhost', port=80): Max retries exceeded with url: /api/cicd/execute (Caused by NewConnectionError(""HTTPConnection(host='localhost', port=80): Failed to establish a new connection: [Errno 111] Connection refused""))"
2026-09-12T23:12:55.271715,1786373852673,POST,http://localhost/api/cicd/execute,0,3.21,"HTTPConnectionPool(host='localhost', port=80): Max retries exceeded with url: /api/cicd/execute (Caused by NewConnectionError(""HTTPConnection(host='localhost', port=80): Failed to establish a new connection: [Errno 111] Connection refused""))"
2026-09-12T23:12:55.272022,1786373852673,POST,http://localhost/api/cicd/execute,0,4.69,"HTTPConnectionPool(host='localhost', port=80): Max retries exceeded with url: /api/cicd/execute (Caused by NewConnectionError(""HTTPConnection(host='localhost', port=80): Failed to establish a new connection: [Errno 111] Connection refused""))"
2026-09-12T23:12:55.272560,1786373852673,POST,http://localhost/api/cicd/execute,0,7.91,"HTTPConnectionPool(host='localhost', port=80): Max retries exceeded with url: /api/cicd/execute (Caused by NewConnectionError(""HTTPConnection(host='localhost', port=80): Failed to establish a new connection: [Errno 111] Connection refused""))"
2026-09-12T23:12:55.272785,1786373852673,POST,http://localhost/api/cicd/execute,0,6.95,"HTTPConnectionPool(host='localhost', port=80): Max retries exceeded with url: /api/cicd/execute (Caused by NewConnectionError(""HTTPConnection(host='localhost', port=80): Failed to establish a new connection: [Errno 111] Connection refused""))"
2026-09-12T23:12:55.306731,1786374210148,GET,http://localhost/api/cicd/status/40665,0,1.65,"HTTPConnectionPool(host='localhost', port=80): Max retries exceeded with url: /api/cicd/status/40665 (Caused by NewConnectionError(""HTTPConnection(host='localhost', port=80): Failed to establish a new connection: [Errno 111] Connection refused""))"
2026-09-12T23:12:55.341129,1786374210148,GET,http://localhost/api/cicd/status/40665,0,4.59,"HTTPConnectionPool(host='localhost', port=80): Max retries exceeded with url: /api/cicd/status/40665 (Caused by NewConnectionError(""HTTPConnection(host='localhost', port=80): Failed to establish a new connection: [Errno 111] Connection refused""))"
2026-09-12T23:12:55.341412,1786374210148,GET,http://localhost/api/cicd/status/40665,0,3.76,"HTTPConnectionPool(host='localhost', port=80): Max retries exceeded with url: /api/cicd/status/40665 (Caused by NewConnectionError(""HTTPConnection(host='localhost', port=80): Failed to establish a new connection: [Errno 111] Connection refused""))"
2026-09-12T23:12:55.341774,1786374210148,GET,http://localhost/api/cicd/status/40665,0,2.97,"HTTPConnectionPool(host='localhost', port=80): Max retries exceeded with url: /api/cicd/status/40665 (Caused by NewConnectionError(""HTTPConnection(host='localhost', port=80): Failed to establish a new connection: [Errno 111] Connection refused""))"
2026-09-12T23:12:55.379096,1786374210148,GET,http://localhost/api/cicd/status/40665,0,8.02,"HTTPConnectionPool(host='localhost', port=80): Max retries exceeded with url: /api/cicd/status/40665 (Caused by NewConnectionError(""HTTPConnection(host='localhost', port=80): Failed to establish a new connection: [Errno 111] Connection refused""))"
2026-09-12T23:12:55.379758,1786374210148,GET,http://localhost/api/cicd/status/40665,0,6.46,"HTTPConnectionPool(host='localhost', port=80): Max retries exceeded with url: /api/cicd/status/40665 (Caused by NewConnectionError(""HTTPConnection(host='localhost', port=80): Failed to establish a new connection: [Errno 111] Connection refused""))"
2026-09-12T23:12:55.380250,1786374210148,GET,http://localhost/api/cicd/status/40665,0,4.6,"HTTPConnectionPool(host='localhost', port=80): Max retries exceeded with url: /api/cicd/status/40665 (Caused by NewConnectionError(""HTTPConnection(host='localhost', port=80): Failed to establish a new connection: [Errno 111] Connection refused""))"
2026-09-12T23:12:55.380636,1786374210148,GET,http://localhost/api/cicd/status/40665,0,3.65,"HTTPConnectionPool(host='localhost', port=80): Max retries exceeded with url: /api/cicd/status/40665 (Caused by NewConnectionError(""HTTPConnection(host='localhost', port=80): Failed to establish a new connection: [Errno 111] Connection refused""))"
2026-09-12T23:12:55.380957,1786374210148,GET,http://localhost/api/cicd/status/40665,0,6.55,"HTTPConnectionPool(host='localhost', port=80): Max retries exceeded with url: /api/cicd/status/40665 (Caused by NewConnectionError(""HTTPConnection(host='localhost', port=80): Failed to establish a new connection: [Errno 111] Connection refused""))"
2026-09-12T23:12:55.381248,1786374210148,GET,http://localhost/api/cicd/status/40665,0,9.08,"HTTPConnectionPool(host='localhost', port=80): Max retries exceeded with url: /api/cicd/status/40665 (Caused by NewConnectionError(""HTTPConnection(host='localhost', port=80): Failed to establish a new connection: [Errno 111] Connection refused""))"
2026-09-12T23:12:55.408701,1786373852673,POST,http://localhost/api/cicd/execute,0,1.77,"HTTPConnectionPool(host='localhost', port=80): Max retries exceeded with url: /api/cicd/execute (Caused by NewConnectionError(""HTTPConnection(host='localhost', port=80): Failed to establish a new connection: [Errno 111] Connection refused""))"
2026-09-12T23:12:55.445686,1786373852673,POST,http://localhost/api/cicd/execute,0,4.34,"HTTPConnectionPool(host='localhost', port=80): Max retries exceeded with url: /api/cicd/execute (Caused by NewConnectionError(""HTTPConnection(host='localhost', port=80): Failed to establish a new connection: [Errno 111] Connection refused""))"
2026-09-12T23:12:55.446285,1786373852673,POST,http://localhost/api/cicd/execute,0,3.77,"HTTPConnectionPool(host='localhost', port=80): Max retries exceeded with url: /api/cicd/execute (Caused by NewConnectionError(""HTTPConnection(host='localhost', port=80): Failed to establish a new connection: [Errno 111] Connection refused""))"
2026-09-12T23:12:55.446664,1786373852673,POST,http://localhost/api/cicd/execute,0,2.97,"HTTPConnectionPool(host='localhost', port=80): Max retries exceeded with url: /api/cicd/execute (Caused by NewConnectionError(""HTTPConnection(host='localhost', port=80): Failed to establish a new connection: [Errno 111] Connection refused""))"
2026-09-12T23:12:55.487618,1786373852673,POST,http://localhost/api/cicd/execute,0,8.33,"HTTPConnectionPool(host='localhost', port=80): Max retries exceeded with url: /api/cicd/execute (Caused by NewConnectionError(""HTTPConnection(host='localhost', port=80): Failed to establish a new connection: [Errno 111] Connection refused""))"
2026-09-12T23:12:55.488416,1786373852673,POST,http://localhost/api/cicd/execute,0,6.76,"HTTPConnectionPool(host='localhost', port=80): Max retries exceeded with url: /api/cicd/execute (Caused by NewConnectionError(""HTTPConnection(host='localhost', port=80): Failed to establish a new connection: [Errno 111] Connection refused""))"
2026-09-12T23:12:55.489056,1786373852673,POST,http://localhost/api/cicd/execute,0,6.11,"HTTPConnectionPool(host='localhost', port=80): Max retries exceeded with url: /api/cicd/execute (Caused by NewConnectionError(""HTTPConnection(host='localhost', port=80): Failed to establish a new connection: [Errno 111] Connection refused""))"
2026-09-12T23:12:55.489315,1786373852673,POST,http://localhost/api/cicd/execute,0,8.88,"HTTPConnectionPool(host='localhost', port=80): Max retries exceeded with url: /api/cicd/execute (Caused by NewConnectionError(""HTTPConnection(host='localhost', port=80): Failed to establish a new connection: [Errno 111] Connection refused""))"
2026-09-12T23:12:55.489585,1786373852673,POST,http://localhost/api/cicd/execute,0,5.32,"HTTPConnectionPool(host='localhost', port=80): Max retries exceeded with url: /api/cicd/execute (Caused by NewConnectionError(""HTTPConnection(host='localhost', port=80): Failed to establish a new connection: [Errno 111] Connection refused""))"
2026-09-12T23:12:55.490025,1786373852673,POST,http://localhost/api/cicd/execute,0,4.57,"HTTPConnectionPool(host='localhost', port=80): Max retries exceeded with url: /api/cicd/execute (Caused by NewConnectionError(""HTTPConnection(host='localhost', port=80): Failed to establish a new connection: [Errno 111] Connection refused""))"
2026-09-12T23:12:55.510576,1786374210148,GET,http://localhost/api/cicd/status/40665,0,1.68,"HTTPConnectionPool(host='localhost', port=80): Max retries exceeded with url: /api/cicd/status/40665 (Caused by NewConnectionError(""HTTPConnection(host='localhost', port=80): Failed to establish a new connection: [Errno 111] Connection refused""))"
2026-09-12T23:12:55.550102,1786374210148,GET,http://localhost/api/cicd/status/40665,0,4.22,"HTTPConnectionPool(host='localhost', port=80): Max retries exceeded with url: /api/cicd/status/40665 (Caused by NewConnectionError(""HTTPConnection(host='localhost', port=80): Failed to establish a new connection: [Errno 111] Connection refused""))"
2026-09-12T23:12:55.550638,1786374210148,GET,http://localhost/api/cicd/status/40665,0,3.62,"HTTPConnectionPool(host='localhost', port=80): Max retries exceeded with url: /api/cicd/status/40665 (Caused by NewConnectionError(""HTTPConnection(host='localhost', port=80): Failed to establish a new connection: [Errno 111] Connection refused""))"
2026-09-12T23:12:55.550909,1786374210148,GET,http://localhost/api/cicd/status/40665,0,2.74,"HTTPConnectionPool(host='localhost', port=80): Max retries exceeded with url: /api/cicd/status/40665 (Caused by NewConnectionError(""HTTPConnection(host='localhost', port=80): Failed to establish a new connection: [Errno 111] Connection refused""))"
2026-09-12T23:12:55.595921,1786374210148,GET,http://localhost/api/cicd/status/40665,0,4.62,"HTTPConnectionPool(host='localhost', port=80): Max retries exceeded with url: /api/cicd/status/40665 (Caused by NewConnectionError(""HTTPConnection(host='localhost', port=80): Failed to establish a new connection: [Errno 111] Connection refused""))"
2026-09-12T23:12:55.596263,1786374210148,GET,http://localhost/api/cicd/status/40665,0,8.45,"HTTPConnectionPool(host='localhost', port=80): Max retries exceeded with url: /api/cicd/status/40665 (Caused by NewConnectionError(""HTTPConnection(host='localhost', port=80): Failed to establish a new connection: [Errno 111] Connection refused""))"
2026-09-12T23:12:55.596657,1786374210148,GET,http://localhost/api/cicd/status/40665,0,7.79,"HTTPConnectionPool(host='localhost', port=80): Max retries exceeded with url: /api/cicd/status/40665 (Caused by NewConnectionError(""HTTPConnection(host='localhost', port=80): Failed to establish a new connection: [Errno 111] Connection refused""))"
2026-09-12T23:12:55.597024,1786374210148,GET,http://localhost/api/cicd/status/40665,0,3.18,"HTTPConnectionPool(host='localhost', port=80): Max retries exceeded with url: /api/cicd/status/40665 (Caused by NewConnectionError(""HTTPConnection(host='localhost', port=80): Failed to establish a new connection: [Errno 111] Connection refused""))"
2026-09-12T23:12:55.597528,1786374210148,GET,http://localhost/api/cicd/status/40665,0,7.41,"HTTPConnectionPool(host='localhost', port=80): Max retries exceeded with url: /api/cicd/status/40665 (Caused by NewConnectionError(""HTTPConnection(host='localhost', port=80): Failed to establish a new connection: [Errno 111] Connection refused""))"
2026-09-12T23:12:55.597898,1786374210148,GET,http://localhost/api/cicd/status/40665,0,5.46,"HTTPConnectionPool(host='localhost', port=80): Max retries exceeded with url: /api/cicd/status/40665 (Caused by NewConnectionError(""HTTPConnection(host='localhost', port=80): Failed to establish a new connection: [Errno 111] Connection refused""))"
2026-09-12T23:12:55.612494,1786373852673,POST,http://localhost/api/cicd/execute,0,1.73,"HTTPConnectionPool(host='localhost', port=80): Max retries exceeded with url: /api/cicd/execute (Caused by NewConnectionError(""HTTPConnection(host='localhost', port=80): Failed to establish a new connection: [Errno 111] Connection refused""))"
2026-09-12T23:12:55.654915,1786373852673,POST,http://localhost/api/cicd/execute,0,4.62,"HTTPConnectionPool(host='localhost', port=80): Max retries exceeded with url: /api/cicd/execute (Caused by NewConnectionError(""HTTPConnection(host='localhost', port=80): Failed to establish a new connection: [Errno 111] Connection refused""))"
2026-09-12T23:12:55.655260,1786373852673,POST,http://localhost/api/cicd/execute,0,3.81,"HTTPConnectionPool(host='localhost', port=80): Max retries exceeded with url: /api/cicd/execute (Caused by NewConnectionError(""HTTPConnection(host='localhost', port=80): Failed to establish a new connection: [Errno 111] Connection refused""))"
2026-09-12T23:12:55.655629,1786373852673,POST,http://localhost/api/cicd/execute,0,2.97,"HTTPConnectionPool(host='localhost', port=80): Max retries exceeded with url: /api/cicd/execute (Caused by NewConnectionError(""HTTPConnection(host='localhost', port=80): Failed to establish a new connection: [Errno 111] Connection refused""))"
2026-09-12T23:12:55.704701,1786373852673,POST,http://localhost/api/cicd/execute,0,8.58,"HTTPConnectionPool(host='localhost', port=80): Max retries exceeded with url: /api/cicd/execute (Caused by NewConnectionError(""HTTPConnection(host='localhost', port=80): Failed to establish a new connection: [Errno 111] Connection refused""))"
2026-09-12T23:12:55.705087,1786373852673,POST,http://localhost/api/cicd/execute,0,5.48,"HTTPConnectionPool(host='localhost', port=80): Max retries exceeded with url: /api/cicd/execute (Caused by NewConnectionError(""HTTPConnection(host='localhost', port=80): Failed to establish a new connection: [Errno 111] Connection refused""))"
2026-09-12T23:12:55.705516,1786373852673,POST,http://localhost/api/cicd/execute,0,3.15,"HTTPConnectionPool(host='localhost', port=80): Max retries exceeded with url: /api/cicd/execute (Caused by NewConnectionError(""HTTPConnection(host='localhost', port=80): Failed to establish a new connection: [Errno 111] Connection refused""))"
2026-09-12T23:12:55.705819,1786373852673,POST,http://localhost/api/cicd/execute,0,7.42,"HTTPConnectionPool(host='localhost', port=80): Max retries exceeded with url: /api/cicd/execute (Caused by NewConnectionError(""HTTPConnection(host='localhost', port=80): Failed to establish a new connection: [Errno 111] Connection refused""))"
2026-09-12T23:12:55.706384,1786373852673,POST,http://localhost/api/cicd/execute,0,9.15,"HTTPConnectionPool(host='localhost', port=80): Max retries exceeded with url: /api/cicd/execute (Caused by NewConnectionError(""HTTPConnection(host='localhost', port=80): Failed to establish a new connection: [Errno 111] Connection refused""))"
2026-09-12T23:12:55.706676,1786373852673,POST,http://localhost/api/cicd/execute,0,5.79,"HTTPConnectionPool(host='localhost', port=80): Max retries exceeded with url: /api/cicd/execute (Caused by NewConnectionError(""HTTPConnection(host='localhost', port=80): Failed to establish a new connection: [Errno 111] Connection refused""))"
2026-09-12T23:12:55.714343,1786374210148,GET,http://localhost/api/cicd/status/40665,0,1.66,"HTTPConnectionPool(host='localhost', port=80): Max retries exceeded with url: /api/cicd/status/40665 (Caused by NewConnectionError(""HTTPConnection(host='localhost', port=80): Failed to establish a new connection: [Errno 111] Connection refused""))"
2026-09-12T23:12:55.759622,1786374210148,GET,http://localhost/api/cicd/status/40665,0,2.25,"HTTPConnectionPool(host='localhost', port=80): Max retries exceeded with url: /api/cicd/status/40665 (Caused by NewConnectionError(""HTTPConnection(host='localhost', port=80): Failed to establish a new connection: [Errno 111] Connection refused""))"
2026-09-12T23:12:55.759845,1786374210148,GET,http://localhost/api/cicd/status/40665,0,4.73,"HTTPConnectionPool(host='localhost', port=80): Max retries exceeded with url: /api/cicd/status/40665 (Caused by NewConnectionError(""HTTPConnection(host='localhost', port=80): Failed to establish a new connection: [Errno 111] Connection refused""))"
2026-09-12T23:12:55.760237,1786374210148,GET,http://localhost/api/cicd/status/40665,0,4.01,"HTTPConnectionPool(host='localhost', port=80): Max retries exceeded with url: /api/cicd/status/40665 (Caused by NewConnectionError(""HTTPConnection(host='localhost', port=80): Failed to establish a new connection: [Errno 111] Connection refused""))"
2026-09-12T23:12:55.813077,1786374210148,GET,http://localhost/api/cicd/status/40665,0,5.92,"HTTPConnectionPool(host='localhost', port=80): Max retries exceeded with url: /api/cicd/status/40665 (Caused by NewConnectionError(""HTTPConnection(host='localhost', port=80): Failed to establish a new connection: [Errno 111] Connection refused""))"
2026-09-12T23:12:55.813390,1786374210148,GET,http://localhost/api/cicd/status/40665,0,8.49,"HTTPConnectionPool(host='localhost', port=80): Max retries exceeded with url: /api/cicd/status/40665 (Caused by NewConnectionError(""HTTPConnection(host='localhost', port=80): Failed to establish a new connection: [Errno 111] Connection refused""))"
2026-09-12T23:12:55.813902,1786374210148,GET,http://localhost/api/cicd/status/40665,0,5.6,"HTTPConnectionPool(host='localhost', port=80): Max retries exceeded with url: /api/cicd/status/40665 (Caused by NewConnectionError(""HTTPConnection(host='localhost', port=80): Failed to establish a new connection: [Errno 111] Connection refused""))"
2026-09-12T23:12:55.814476,1786374210148,GET,http://localhost/api/cicd/status/40665,0,3.52,"HTTPConnectionPool(host='localhost', port=80): Max retries exceeded with url: /api/cicd/status/40665 (Caused by NewConnectionError(""HTTPConnection(host='localhost', port=80): Failed to establish a new connection: [Errno 111] Connection refused""))"
2026-09-12T23:12:55.814781,1786374210148,GET,http://localhost/api/cicd/status/40665,0,8.78,"HTTPConnectionPool(host='localhost', port=80): Max retries exceeded with url: /api/cicd/status/40665 (Caused by NewConnectionError(""HTTPConnection(host='localhost', port=80): Failed to establish a new connection: [Errno 111] Connection refused""))"
2026-09-12T23:12:55.816275,1786374210148,GET,http://localhost/api/cicd/status/40665,0,6.76,"HTTPConnectionPool(host='localhost', port=80): Max retries exceeded with url: /api/cicd/status/40665 (Caused by NewConnectionError(""HTTPConnection(host='localhost', port=80): Failed to establish a new connection: [Errno 111] Connection refused""))"
2026-09-12T23:12:55.816953,1786373852673,POST,http://localhost/api/cicd/execute,0,1.98,"HTTPConnectionPool(host='localhost', port=80): Max retries exceeded with url: /api/cicd/execute (Caused by NewConnectionError(""HTTPConnection(host='localhost', port=80): Failed to establish a new connection: [Errno 111] Connection refused""))"
2026-09-12T23:12:55.864559,1786373852673,POST,http://localhost/api/cicd/execute,0,2.36,"HTTPConnectionPool(host='localhost', port=80): Max retries exceeded with url: /api/cicd/execute (Caused by NewConnectionError(""HTTPConnection(host='localhost', port=80): Failed to establish a new connection: [Errno 111] Connection refused""))"
2026-09-12T23:12:55.864792,1786373852673,POST,http://localhost/api/cicd/execute,0,3.79,"HTTPConnectionPool(host='localhost', port=80): Max retries exceeded with url: /api/cicd/execute (Caused by NewConnectionError(""HTTPConnection(host='localhost', port=80): Failed to establish a new connection: [Errno 111] Connection refused""))"
2026-09-12T23:12:55.865031,1786373852673,POST,http://localhost/api/cicd/execute,0,5.21,"HTTPConnectionPool(host='localhost', port=80): Max retries exceeded with url: /api/cicd/execute (Caused by NewConnectionError(""HTTPConnection(host='localhost', port=80): Failed to establish a new connection: [Errno 111] Connection refused""))"
2026-09-12T23:12:55.922739,1786373852673,POST,http://localhost/api/cicd/execute,0,9.46,"HTTPConnectionPool(host='localhost', port=80): Max retries exceeded with url: /api/cicd/execute (Caused by NewConnectionError(""HTTPConnection(host='localhost', port=80): Failed to establish a new connection: [Errno 111] Connection refused""))"
2026-09-12T23:12:55.923643,1786374210148,GET,http://localhost/api/cicd/status/40665,0,4.04,"HTTPConnectionPool(host='localhost', port=80): Max retries exceeded with url: /api/cicd/status/40665 (Caused by NewConnectionError(""HTTPConnection(host='localhost', port=80): Failed to establish a new connection: [Errno 111] Connection refused""))"
2026-09-12T23:12:55.924136,1786373852673,POST,http://localhost/api/cicd/execute,0,6.01,"HTTPConnectionPool(host='localhost', port=80): Max retries exceeded with url: /api/cicd/execute (Caused by NewConnectionError(""HTTPConnection(host='localhost', port=80): Failed to establish a new connection: [Errno 111] Connection refused""))"
2026-09-12T23:12:55.924516,1786373852673,POST,http://localhost/api/cicd/execute,0,7.58,"HTTPConnectionPool(host='localhost', port=80): Max retries exceeded with url: /api/cicd/execute (Caused by NewConnectionError(""HTTPConnection(host='localhost', port=80): Failed to establish a new connection: [Errno 111] Connection refused""))"
2026-09-12T23:12:55.925015,1786373852673,POST,http://localhost/api/cicd/execute,0,4.12,"HTTPConnectionPool(host='localhost', port=80): Max retries exceeded with url: /api/cicd/execute (Caused by NewConnectionError(""HTTPConnection(host='localhost', port=80): Failed to establish a new connection: [Errno 111] Connection refused""))"
2026-09-12T23:12:55.925438,1786373852673,POST,http://localhost/api/cicd/execute,0,9.84,"HTTPConnectionPool(host='localhost', port=80): Max retries exceeded with url: /api/cicd/execute (Caused by NewConnectionError(""HTTPConnection(host='localhost', port=80): Failed to establish a new connection: [Errno 111] Connection refused""))"
2026-09-12T23:12:55.925930,1786373852673,POST,http://localhost/api/cicd/execute,0,11.51,"HTTPConnectionPool(host='localhost', port=80): Max retries exceeded with url: /api/cicd/execute (Caused by NewConnectionError(""HTTPConnection(host='localhost', port=80): Failed to establish a new connection: [Errno 111] Connection refused""))"
2026-09-12T23:12:55.969242,1786374210148,GET,http://localhost/api/cicd/status/40665,0,4.49,"HTTPConnectionPool(host='localhost', port=80): Max retries exceeded with url: /api/cicd/status/40665 (Caused by NewConnectionError(""HTTPConnection(host='localhost', port=80): Failed to establish a new connection: [Errno 111] Connection refused""))"
2026-09-12T23:12:55.969594,1786374210148,GET,http://localhost/api/cicd/status/40665,0,3.71,"HTTPConnectionPool(host='localhost', port=80): Max retries exceeded with url: /api/cicd/status/40665 (Caused by NewConnectionError(""HTTPConnection(host='localhost', port=80): Failed to establish a new connection: [Errno 111] Connection refused""))"
2026-09-12T23:12:55.969902,1786374210148,GET,http://localhost/api/cicd/status/40665,0,2.86,"HTTPConnectionPool(host='localhost', port=80): Max retries exceeded with url: /api/cicd/status/40665 (Caused by NewConnectionError(""HTTPConnection(host='localhost', port=80): Failed to establish a new connection: [Errno 111] Connection refused""))"
2026-09-12T23:12:56.032467,1786373852673,POST,http://localhost/api/cicd/execute,0,8.47,"HTTPConnectionPool(host='localhost', port=80): Max retries exceeded with url: /api/cicd/execute (Caused by NewConnectionError(""HTTPConnection(host='localhost', port=80): Failed to establish a new connection: [Errno 111] Connection refused""))"
2026-09-12T23:12:56.033027,1786374210148,GET,http://localhost/api/cicd/status/40665,0,10.09,"HTTPConnectionPool(host='localhost', port=80): Max retries exceeded with url: /api/cicd/status/40665 (Caused by NewConnectionError(""HTTPConnection(host='localhost', port=80): Failed to establish a new connection: [Errno 111] Connection refused""))"
2026-09-12T23:12:56.033677,1786374210148,GET,http://localhost/api/cicd/status/40665,0,7.18,"HTTPConnectionPool(host='localhost', port=80): Max retries exceeded with url: /api/cicd/status/40665 (Caused by NewConnectionError(""HTTPConnection(host='localhost', port=80): Failed to establish a new connection: [Errno 111] Connection refused""))"
2026-09-12T23:12:56.034243,1786374210148,GET,http://localhost/api/cicd/status/40665,0,3.9,"HTTPConnectionPool(host='localhost', port=80): Max retries exceeded with url: /api/cicd/status/40665 (Caused by NewConnectionError(""HTTPConnection(host='localhost', port=80): Failed to establish a new connection: [Errno 111] Connection refused""))"
2026-09-12T23:12:56.034504,1786374210148,GET,http://localhost/api/cicd/status/40665,0,9.13,"HTTPConnectionPool(host='localhost', port=80): Max retries exceeded with url: /api/cicd/status/40665 (Caused by NewConnectionError(""HTTPConnection(host='localhost', port=80): Failed to establish a new connection: [Errno 111] Connection refused""))"
2026-09-12T23:12:56.034808,1786374210148,GET,http://localhost/api/cicd/status/40665,0,5.76,"HTTPConnectionPool(host='localhost', port=80): Max retries exceeded with url: /api/cicd/status/40665 (Caused by NewConnectionError(""HTTPConnection(host='localhost', port=80): Failed to establish a new connection: [Errno 111] Connection refused""))"
2026-09-12T23:12:56.035303,1786374210148,GET,http://localhost/api/cicd/status/40665,0,7.67,"HTTPConnectionPool(host='localhost', port=80): Max retries exceeded with url: /api/cicd/status/40665 (Caused by NewConnectionError(""HTTPConnection(host='localhost', port=80): Failed to establish a new connection: [Errno 111] Connection refused""))"
2026-09-12T23:12:56.077762,1786373852673,POST,http://localhost/api/cicd/execute,0,7.16,"HTTPConnectionPool(host='localhost', port=80): Max retries exceeded with url: /api/cicd/execute (Caused by NewConnectionError(""HTTPConnection(host='localhost', port=80): Failed to establish a new connection: [Errno 111] Connection refused""))"
2026-09-12T23:12:56.078021,1786373852673,POST,http://localhost/api/cicd/execute,0,8.58,"HTTPConnectionPool(host='localhost', port=80): Max retries exceeded with url: /api/cicd/execute (Caused by NewConnectionError(""HTTPConnection(host='localhost', port=80): Failed to establish a new connection: [Errno 111] Connection refused""))"
2026-09-12T23:12:56.078545,1786373852673,POST,http://localhost/api/cicd/execute,0,6.74,"HTTPConnectionPool(host='localhost', port=80): Max retries exceeded with url: /api/cicd/execute (Caused by NewConnectionError(""HTTPConnection(host='localhost', port=80): Failed to establish a new connection: [Errno 111] Connection refused""))"
2026-09-12T23:12:56.142916,1786373852673,POST,http://localhost/api/cicd/execute,0,8.02,"HTTPConnectionPool(host='localhost', port=80): Max retries exceeded with url: /api/cicd/execute (Caused by NewConnectionError(""HTTPConnection(host='localhost', port=80): Failed to establish a new connection: [Errno 111] Connection refused""))"
2026-09-12T23:12:56.143171,1786373852673,POST,http://localhost/api/cicd/execute,0,5.46,"HTTPConnectionPool(host='localhost', port=80): Max retries exceeded with url: /api/cicd/execute (Caused by NewConnectionError(""HTTPConnection(host='localhost', port=80): Failed to establish a new connection: [Errno 111] Connection refused""))"
2026-09-12T23:12:56.143481,1786373852673,POST,http://localhost/api/cicd/execute,0,9.75,"HTTPConnectionPool(host='localhost', port=80): Max retries exceeded with url: /api/cicd/execute (Caused by NewConnectionError(""HTTPConnection(host='localhost', port=80): Failed to establish a new connection: [Errno 111] Connection refused""))"
2026-09-12T23:12:56.143925,1786373852673,POST,http://localhost/api/cicd/execute,0,7.69,"HTTPConnectionPool(host='localhost', port=80): Max retries exceeded with url: /api/cicd/execute (Caused by NewConnectionError(""HTTPConnection(host='localhost', port=80): Failed to establish a new connection: [Errno 111] Connection refused""))"
2026-09-12T23:12:56.144160,1786373852673,POST,http://localhost/api/cicd/execute,0,5.09,"HTTPConnectionPool(host='localhost', port=80): Max retries exceeded with url: /api/cicd/execute (Caused by NewConnectionError(""HTTPConnection(host='localhost', port=80): Failed to establish a new connection: [Errno 111] Connection refused""))"
2026-09-12T23:12:56.144393,1786374210148,GET,http://localhost/api/cicd/status/40665,0,11.74,"HTTPConnectionPool(host='localhost', port=80): Max retries exceeded with url: /api/cicd/status/40665 (Caused by NewConnectionError(""HTTPConnection(host='localhost', port=80): Failed to establish a new connection: [Errno 111] Connection refused""))"
2026-09-12T23:12:56.144926,1786373852673,POST,http://localhost/api/cicd/execute,0,4.27,"HTTPConnectionPool(host='localhost', port=80): Max retries exceeded with url: /api/cicd/execute (Caused by NewConnectionError(""HTTPConnection(host='localhost', port=80): Failed to establish a new connection: [Errno 111] Connection refused""))"
2026-09-12T23:12:56.182483,1786374210148,GET,http://localhost/api/cicd/status/40665,0,3.41,"HTTPConnectionPool(host='localhost', port=80): Max retries exceeded with url: /api/cicd/status/40665 (Caused by NewConnectionError(""HTTPConnection(host='localhost', port=80): Failed to establish a new connection: [Errno 111] Connection refused""))"
2026-09-12T23:12:56.182934,1786374210148,GET,http://localhost/api/cicd/status/40665,0,4.98,"HTTPConnectionPool(host='localhost', port=80): Max retries exceeded with url: /api/cicd/status/40665 (Caused by NewConnectionError(""HTTPConnection(host='localhost', port=80): Failed to establish a new connection: [Errno 111] Connection refused""))"
2026-09-12T23:12:56.183293,1786374210148,GET,http://localhost/api/cicd/status/40665,0,3.1,"HTTPConnectionPool(host='localhost', port=80): Max retries exceeded with url: /api/cicd/status/40665 (Caused by NewConnectionError(""HTTPConnection(host='localhost', port=80): Failed to establish a new connection: [Errno 111] Connection refused""))"
2026-09-12T23:12:56.252380,1786374210148,GET,http://localhost/api/cicd/status/40665,0,7.03,"HTTPConnectionPool(host='localhost', port=80): Max retries exceeded with url: /api/cicd/status/40665 (Caused by NewConnectionError(""HTTPConnection(host='localhost', port=80): Failed to establish a new connection: [Errno 111] Connection refused""))"
2026-09-12T23:12:56.253122,1786374210148,GET,http://localhost/api/cicd/status/40665,0,10.0,"HTTPConnectionPool(host='localhost', port=80): Max retries exceeded with url: /api/cicd/status/40665 (Caused by NewConnectionError(""HTTPConnection(host='localhost', port=80): Failed to establish a new connection: [Errno 111] Connection refused""))"
2026-09-12T23:12:56.253437,1786374210148,GET,http://localhost/api/cicd/status/40665,0,9.21,"HTTPConnectionPool(host='localhost', port=80): Max retries exceeded with url: /api/cicd/status/40665 (Caused by NewConnectionError(""HTTPConnection(host='localhost', port=80): Failed to establish a new connection: [Errno 111] Connection refused""))"
2026-09-12T23:12:56.253941,1786373852673,POST,http://localhost/api/cicd/execute,0,5.21,"HTTPConnectionPool(host='localhost', port=80): Max retries exceeded with url: /api/cicd/execute (Caused by NewConnectionError(""HTTPConnection(host='localhost', port=80): Failed to establish a new connection: [Errno 111] Connection refused""))"
2026-09-12T23:12:56.254240,1786374210148,GET,http://localhost/api/cicd/status/40665,0,7.84,"HTTPConnectionPool(host='localhost', port=80): Max retries exceeded with url: /api/cicd/status/40665 (Caused by NewConnectionError(""HTTPConnection(host='localhost', port=80): Failed to establish a new connection: [Errno 111] Connection refused""))"
2026-09-12T23:12:56.254547,1786374210148,GET,http://localhost/api/cicd/status/40665,0,7.03,"HTTPConnectionPool(host='localhost', port=80): Max retries exceeded with url: /api/cicd/status/40665 (Caused by NewConnectionError(""HTTPConnection(host='localhost', port=80): Failed to establish a new connection: [Errno 111] Connection refused""))"
2026-09-12T23:12:56.254850,1786374210148,GET,http://localhost/api/cicd/status/40665,0,4.75,"HTTPConnectionPool(host='localhost', port=80): Max retries exceeded with url: /api/cicd/status/40665 (Caused by NewConnectionError(""HTTPConnection(host='localhost', port=80): Failed to establish a new connection: [Errno 111] Connection refused""))"
2026-09-12T23:12:56.286815,1786373852673,POST,http://localhost/api/cicd/execute,0,3.1,"HTTPConnectionPool(host='localhost', port=80): Max retries exceeded with url: /api/cicd/execute (Caused by NewConnectionError(""HTTPConnection(host='localhost', port=80): Failed to establish a new connection: [Errno 111] Connection refused""))"
2026-09-12T23:12:56.287115,1786373852673,POST,http://localhost/api/cicd/execute,0,4.46,"HTTPConnectionPool(host='localhost', port=80): Max retries exceeded with url: /api/cicd/execute (Caused by NewConnectionError(""HTTPConnection(host='localhost', port=80): Failed to establish a new connection: [Errno 111] Connection refused""))"
2026-09-12T23:12:56.287431,1786373852673,POST,http://localhost/api/cicd/execute,0,2.72,"HTTPConnectionPool(host='localhost', port=80): Max retries exceeded with url: /api/cicd/execute (Caused by NewConnectionError(""HTTPConnection(host='localhost', port=80): Failed to establish a new connection: [Errno 111] Connection refused""))"
2026-09-12T23:12:56.360921,1786373852673,POST,http://localhost/api/cicd/execute,0,8.35,"HTTPConnectionPool(host='localhost', port=80): Max retries exceeded with url: /api/cicd/execute (Caused by NewConnectionError(""HTTPConnection(host='localhost', port=80): Failed to establish a new connection: [Errno 111] Connection refused""))"
2026-09-12T23:12:56.361557,1786373852673,POST,http://localhost/api/cicd/execute,0,7.88,"HTTPConnectionPool(host='localhost', port=80): Max retries exceeded with url: /api/cicd/execute (Caused by NewConnectionError(""HTTPConnection(host='localhost', port=80): Failed to establish a new connection: [Errno 111] Connection refused""))"
2026-09-12T23:12:56.361783,1786373852673,POST,http://localhost/api/cicd/execute,0,7.01,"HTTPConnectionPool(host='localhost', port=80): Max retries exceeded with url: /api/cicd/execute (Caused by NewConnectionError(""HTTPConnection(host='localhost', port=80): Failed to establish a new connection: [Errno 111] Connection refused""))"
2026-09-12T23:12:56.362290,1786373852673,POST,http://localhost/api/cicd/execute,0,3.37,"HTTPConnectionPool(host='localhost', port=80): Max retries exceeded with url: /api/cicd/execute (Caused by NewConnectionError(""HTTPConnection(host='localhost', port=80): Failed to establish a new connection: [Errno 111] Connection refused""))"
2026-09-12T23:12:56.362628,1786373852673,POST,http://localhost/api/cicd/execute,0,4.79,"HTTPConnectionPool(host='localhost', port=80): Max retries exceeded with url: /api/cicd/execute (Caused by NewConnectionError(""HTTPConnection(host='localhost', port=80): Failed to establish a new connection: [Errno 111] Connection refused""))"
2026-09-12T23:12:56.363004,1786373852673,POST,http://localhost/api/cicd/execute,0,6.25,"HTTPConnectionPool(host='localhost', port=80): Max retries exceeded with url: /api/cicd/execute (Caused by NewConnectionError(""HTTPConnection(host='localhost', port=80): Failed to establish a new connection: [Errno 111] Connection refused""))"
2026-09-12T23:12:56.363251,1786374210148,GET,http://localhost/api/cicd/status/40665,0,7.63,"HTTPConnectionPool(host='localhost', port=80): Max retries exceeded with url: /api/cicd/status/40665 (Caused by NewConnectionError(""HTTPConnection(host='localhost', port=80): Failed to establish a new connection: [Errno 111] Connection refused""))"
2026-09-12T23:12:56.390799,1786374210148,GET,http://localhost/api/cicd/status/40665,0,3.8,"HTTPConnectionPool(host='localhost', port=80): Max retries exceeded with url: /api/cicd/status/40665 (Caused by NewConnectionError(""HTTPConnection(host='localhost', port=80): Failed to establish a new connection: [Errno 111] Connection refused""))"
2026-09-12T23:12:56.391055,1786374210148,GET,http://localhost/api/cicd/status/40665,0,3.02,"HTTPConnectionPool(host='localhost', port=80): Max retries exceeded with url: /api/cicd/status/40665 (Caused by NewConnectionError(""HTTPConnection(host='localhost', port=80): Failed to establish a new connection: [Errno 111] Connection refused""))"
2026-09-12T23:12:56.391402,1786374210148,GET,http://localhost/api/cicd/status/40665,0,2.34,"HTTPConnectionPool(host='localhost', port=80): Max retries exceeded with url: /api/cicd/status/40665 (Caused by NewConnectionError(""HTTPConnection(host='localhost', port=80): Failed to establish a new connection: [Errno 111] Connection refused""))"
2026-09-12T23:12:56.469969,1786374210148,GET,http://localhost/api/cicd/status/40665,0,8.88,"HTTPConnectionPool(host='localhost', port=80): Max retries exceeded with url: /api/cicd/status/40665 (Caused by NewConnectionError(""HTTPConnection(host='localhost', port=80): Failed to establish a new connection: [Errno 111] Connection refused""))"
2026-09-12T23:12:56.470859,1786374210148,GET,http://localhost/api/cicd/status/40665,0,8.72,"HTTPConnectionPool(host='localhost', port=80): Max retries exceeded with url: /api/cicd/status/40665 (Caused by NewConnectionError(""HTTPConnection(host='localhost', port=80): Failed to establish a new connection: [Errno 111] Connection refused""))"
2026-09-12T23:12:56.471465,1786374210148,GET,http://localhost/api/cicd/status/40665,0,6.61,"HTTPConnectionPool(host='localhost', port=80): Max retries exceeded with url: /api/cicd/status/40665 (Caused by NewConnectionError(""HTTPConnection(host='localhost', port=80): Failed to establish a new connection: [Errno 111] Connection refused""))"
2026-09-12T23:12:56.471733,1786374210148,GET,http://localhost/api/cicd/status/40665,0,8.06,"HTTPConnectionPool(host='localhost', port=80): Max retries exceeded with url: /api/cicd/status/40665 (Caused by NewConnectionError(""HTTPConnection(host='localhost', port=80): Failed to establish a new connection: [Errno 111] Connection refused""))"
2026-09-12T23:12:56.472096,1786374210148,GET,http://localhost/api/cicd/status/40665,0,4.89,"HTTPConnectionPool(host='localhost', port=80): Max retries exceeded with url: /api/cicd/status/40665 (Caused by NewConnectionError(""HTTPConnection(host='localhost', port=80): Failed to establish a new connection: [Errno 111] Connection refused""))"
2026-09-12T23:12:56.472350,1786373852673,POST,http://localhost/api/cicd/execute,0,6.44,"HTTPConnectionPool(host='localhost', port=80): Max retries exceeded with url: /api/cicd/execute (Caused by NewConnectionError(""HTTPConnection(host='localhost', port=80): Failed to establish a new connection: [Errno 111] Connection refused""))"
2026-09-12T23:12:56.472653,1786374210148,GET,http://localhost/api/cicd/status/40665,0,4.2,"HTTPConnectionPool(host='localhost', port=80): Max retries exceeded with url: /api/cicd/status/40665 (Caused by NewConnectionError(""HTTPConnection(host='localhost', port=80): Failed to establish a new connection: [Errno 111] Connection refused""))"
2026-09-12T23:12:56.494992,1786373852673,POST,http://localhost/api/cicd/execute,0,2.91,"HTTPConnectionPool(host='localhost', port=80): Max retries exceeded with url: /api/cicd/execute (Caused by NewConnectionError(""HTTPConnection(host='localhost', port=80): Failed to establish a new connection: [Errno 111] Connection refused""))"
2026-09-12T23:12:56.495239,1786373852673,POST,http://localhost/api/cicd/execute,0,4.27,"HTTPConnectionPool(host='localhost', port=80): Max retries exceeded with url: /api/cicd/execute (Caused by NewConnectionError(""HTTPConnection(host='localhost', port=80): Failed to establish a new connection: [Errno 111] Connection refused""))"
2026-09-12T23:12:56.495576,1786373852673,POST,http://localhost/api/cicd/execute,0,2.38,"HTTPConnectionPool(host='localhost', port=80): Max retries exceeded with url: /api/cicd/execute (Caused by NewConnectionError(""HTTPConnection(host='localhost', port=80): Failed to establish a new connection: [Errno 111] Connection refused""))"
2026-09-12T23:12:56.580189,1786373852673,POST,http://localhost/api/cicd/execute,0,7.7,"HTTPConnectionPool(host='localhost', port=80): Max retries exceeded with url: /api/cicd/execute (Caused by NewConnectionError(""HTTPConnection(host='localhost', port=80): Failed to establish a new connection: [Errno 111] Connection refused""))"
2026-09-12T23:12:56.580658,1786373852673,POST,http://localhost/api/cicd/execute,0,7.01,"HTTPConnectionPool(host='localhost', port=80): Max retries exceeded with url: /api/cicd/execute (Caused by NewConnectionError(""HTTPConnection(host='localhost', port=80): Failed to establish a new connection: [Errno 111] Connection refused""))"
2026-09-12T23:12:56.580946,1786373852673,POST,http://localhost/api/cicd/execute,0,10.79,"HTTPConnectionPool(host='localhost', port=80): Max retries exceeded with url: /api/cicd/execute (Caused by NewConnectionError(""HTTPConnection(host='localhost', port=80): Failed to establish a new connection: [Errno 111] Connection refused""))"
2026-09-12T23:12:56.581422,1786374210148,GET,http://localhost/api/cicd/status/40665,0,6.54,"HTTPConnectionPool(host='localhost', port=80): Max retries exceeded with url: /api/cicd/status/40665 (Caused by NewConnectionError(""HTTPConnection(host='localhost', port=80): Failed to establish a new connection: [Errno 111] Connection refused""))"
2026-09-12T23:12:56.581842,1786373852673,POST,http://localhost/api/cicd/execute,0,4.54,"HTTPConnectionPool(host='localhost', port=80): Max retries exceeded with url: /api/cicd/execute (Caused by NewConnectionError(""HTTPConnection(host='localhost', port=80): Failed to establish a new connection: [Errno 111] Connection refused""))"
2026-09-12T23:12:56.582246,1786373852673,POST,http://localhost/api/cicd/execute,0,10.99,"HTTPConnectionPool(host='localhost', port=80): Max retries exceeded with url: /api/cicd/execute (Caused by NewConnectionError(""HTTPConnection(host='localhost', port=80): Failed to establish a new connection: [Errno 111] Connection refused""))"
2026-09-12T23:12:56.582564,1786373852673,POST,http://localhost/api/cicd/execute,0,6.45,"HTTPConnectionPool(host='localhost', port=80): Max retries exceeded with url: /api/cicd/execute (Caused by NewConnectionError(""HTTPConnection(host='localhost', port=80): Failed to establish a new connection: [Errno 111] Connection refused""))"
2026-09-12T23:12:56.599254,1786374210148,GET,http://localhost/api/cicd/status/40665,0,4.05,"HTTPConnectionPool(host='localhost', port=80): Max retries exceeded with url: /api/cicd/status/40665 (Caused by NewConnectionError(""HTTPConnection(host='localhost', port=80): Failed to establish a new connection: [Errno 111] Connection refused""))"
2026-09-12T23:12:56.599600,1786374210148,GET,http://localhost/api/cicd/status/40665,0,3.31,"HTTPConnectionPool(host='localhost', port=80): Max retries exceeded with url: /api/cicd/status/40665 (Caused by NewConnectionError(""HTTPConnection(host='localhost', port=80): Failed to establish a new connection: [Errno 111] Connection refused""))"
2026-09-12T23:12:56.599902,1786374210148,GET,http://localhost/api/cicd/status/40665,0,2.51,"HTTPConnectionPool(host='localhost', port=80): Max retries exceeded with url: /api/cicd/status/40665 (Caused by NewConnectionError(""HTTPConnection(host='localhost', port=80): Failed to establish a new connection: [Errno 111] Connection refused""))"
2026-09-12T23:12:56.689750,1786373852673,POST,http://localhost/api/cicd/execute,0,6.03,"HTTPConnectionPool(host='localhost', port=80): Max retries exceeded with url: /api/cicd/execute (Caused by NewConnectionError(""HTTPConnection(host='localhost', port=80): Failed to establish a new connection: [Errno 111] Connection refused""))"
2026-09-12T23:12:56.690631,1786374210148,GET,http://localhost/api/cicd/status/40665,0,8.02,"HTTPConnectionPool(host='localhost', port=80): Max retries exceeded with url: /api/cicd/status/40665 (Caused by NewConnectionError(""HTTPConnection(host='localhost', port=80): Failed to establish a new connection: [Errno 111] Connection refused""))"
2026-09-12T23:12:56.690880,1786374210148,GET,http://localhost/api/cicd/status/40665,0,9.38,"HTTPConnectionPool(host='localhost', port=80): Max retries exceeded with url: /api/cicd/status/40665 (Caused by NewConnectionError(""HTTPConnection(host='localhost', port=80): Failed to establish a new connection: [Errno 111] Connection refused""))"
2026-09-12T23:12:56.691163,1786374210148,GET,http://localhost/api/cicd/status/40665,0,10.77,"HTTPConnectionPool(host='localhost', port=80): Max retries exceeded with url: /api/cicd/status/40665 (Caused by NewConnectionError(""HTTPConnection(host='localhost', port=80): Failed to establish a new connection: [Errno 111] Connection refused""))"
2026-09-12T23:12:56.691375,1786374210148,GET,http://localhost/api/cicd/status/40665,0,6.39,"HTTPConnectionPool(host='localhost', port=80): Max retries exceeded with url: /api/cicd/status/40665 (Caused by NewConnectionError(""HTTPConnection(host='localhost', port=80): Failed to establish a new connection: [Errno 111] Connection refused""))"
2026-09-12T23:12:56.692263,1786374210148,GET,http://localhost/api/cicd/status/40665,0,5.85,"HTTPConnectionPool(host='localhost', port=80): Max retries exceeded with url: /api/cicd/status/40665 (Caused by NewConnectionError(""HTTPConnection(host='localhost', port=80): Failed to establish a new connection: [Errno 111] Connection refused""))"
2026-09-12T23:12:56.692732,1786374210148,GET,http://localhost/api/cicd/status/40665,0,4.78,"HTTPConnectionPool(host='localhost', port=80): Max retries exceeded with url: /api/cicd/status/40665 (Caused by NewConnectionError(""HTTPConnection(host='localhost', port=80): Failed to establish a new connection: [Errno 111] Connection refused""))"
2026-09-12T23:12:56.703664,1786373852673,POST,http://localhost/api/cicd/execute,0,4.23,"HTTPConnectionPool(host='localhost', port=80): Max retries exceeded with url: /api/cicd/execute (Caused by NewConnectionError(""HTTPConnection(host='localhost', port=80): Failed to establish a new connection: [Errno 111] Connection refused""))"
2026-09-12T23:12:56.704031,1786373852673,POST,http://localhost/api/cicd/execute,0,2.3,"HTTPConnectionPool(host='localhost', port=80): Max retries exceeded with url: /api/cicd/execute (Caused by NewConnectionError(""HTTPConnection(host='localhost', port=80): Failed to establish a new connection: [Errno 111] Connection refused""))"
2026-09-12T23:12:56.704260,1786373852673,POST,http://localhost/api/cicd/execute,0,3.67,"HTTPConnectionPool(host='localhost', port=80): Max retries exceeded with url: /api/cicd/execute (Caused by NewConnectionError(""HTTPConnection(host='localhost', port=80): Failed to establish a new connection: [Errno 111] Connection refused""))"
2026-09-12T23:12:56.799555,1786374210148,GET,http://localhost/api/cicd/status/40665,0,9.62,"HTTPConnectionPool(host='localhost', port=80): Max retries exceeded with url: /api/cicd/status/40665 (Caused by NewConnectionError(""HTTPConnection(host='localhost', port=80): Failed to establish a new connection: [Errno 111] Connection refused""))"
2026-09-12T23:12:56.800029,1786373852673,POST,http://localhost/api/cicd/execute,0,6.59,"HTTPConnectionPool(host='localhost', port=80): Max retries exceeded with url: /api/cicd/execute (Caused by NewConnectionError(""HTTPConnection(host='localhost', port=80): Failed to establish a new connection: [Errno 111] Connection refused""))"
2026-09-12T23:12:56.800551,1786373852673,POST,http://localhost/api/cicd/execute,0,9.57,"HTTPConnectionPool(host='localhost', port=80): Max retries exceeded with url: /api/cicd/execute (Caused by NewConnectionError(""HTTPConnection(host='localhost', port=80): Failed to establish a new connection: [Errno 111] Connection refused""))"
2026-09-12T23:12:56.800798,1786373852673,POST,http://localhost/api/cicd/execute,0,5.03,"HTTPConnectionPool(host='localhost', port=80): Max retries exceeded with url: /api/cicd/execute (Caused by NewConnectionError(""HTTPConnection(host='localhost', port=80): Failed to establish a new connection: [Errno 111] Connection refused""))"
2026-09-12T23:12:56.801113,1786373852673,POST,http://localhost/api/cicd/execute,0,8.98,"HTTPConnectionPool(host='localhost', port=80): Max retries exceeded with url: /api/cicd/execute (Caused by NewConnectionError(""HTTPConnection(host='localhost', port=80): Failed to establish a new connection: [Errno 111] Connection refused""))"
2026-09-12T23:12:56.801345,1786373852673,POST,http://localhost/api/cicd/execute,0,6.74,"HTTPConnectionPool(host='localhost', port=80): Max retries exceeded with url: /api/cicd/execute (Caused by NewConnectionError(""HTTPConnection(host='localhost', port=80): Failed to establish a new connection: [Errno 111] Connection refused""))"
2026-09-12T23:12:56.801685,1786373852673,POST,http://localhost/api/cicd/execute,0,4.64,"HTTPConnectionPool(host='localhost', port=80): Max retries exceeded with url: /api/cicd/execute (Caused by NewConnectionError(""HTTPConnection(host='localhost', port=80): Failed to establish a new connection: [Errno 111] Connection refused""))"
2026-09-12T23:12:56.807919,1786374210148,GET,http://localhost/api/cicd/status/40665,0,4.08,"HTTPConnectionPool(host='localhost', port=80): Max retries exceeded with url: /api/cicd/status/40665 (Caused by NewConnectionError(""HTTPConnection(host='localhost', port=80): Failed to establish a new connection: [Errno 111] Connection refused""))"
2026-09-12T23:12:56.808163,1786374210148,GET,http://localhost/api/cicd/status/40665,0,3.19,"HTTPConnectionPool(host='localhost', port=80): Max retries exceeded with url: /api/cicd/status/40665 (Caused by NewConnectionError(""HTTPConnection(host='localhost', port=80): Failed to establish a new connection: [Errno 111] Connection refused""))"
2026-09-12T23:12:56.808960,1786374210148,GET,http://localhost/api/cicd/status/40665,0,2.89,"HTTPConnectionPool(host='localhost', port=80): Max retries exceeded with url: /api/cicd/status/40665 (Caused by NewConnectionError(""HTTPConnection(host='localhost', port=80): Failed to establish a new connection: [Errno 111] Connection refused""))"
2026-09-12T23:12:56.913072,1786374210148,GET,http://localhost/api/cicd/status/40665,0,9.96,"HTTPConnectionPool(host='localhost', port=80): Max retries exceeded with url: /api/cicd/status/40665 (Caused by NewConnectionError(""HTTPConnection(host='localhost', port=80): Failed to establish a new connection: [Errno 111] Connection refused""))"
2026-09-12T23:12:56.913568,1786374210148,GET,http://localhost/api/cicd/status/40665,0,11.58,"HTTPConnectionPool(host='localhost', port=80): Max retries exceeded with url: /api/cicd/status/40665 (Caused by NewConnectionError(""HTTPConnection(host='localhost', port=80): Failed to establish a new connection: [Errno 111] Connection refused""))"
2026-09-12T23:12:56.914297,1786374210148,GET,http://localhost/api/cicd/status/40665,0,13.42,"HTTPConnectionPool(host='localhost', port=80): Max retries exceeded with url: /api/cicd/status/40665 (Caused by NewConnectionError(""HTTPConnection(host='localhost', port=80): Failed to establish a new connection: [Errno 111] Connection refused""))"
2026-09-12T23:12:56.914825,1786374210148,GET,http://localhost/api/cicd/status/40665,0,9.23,"HTTPConnectionPool(host='localhost', port=80): Max retries exceeded with url: /api/cicd/status/40665 (Caused by NewConnectionError(""HTTPConnection(host='localhost', port=80): Failed to establish a new connection: [Errno 111] Connection refused""))"
2026-09-12T23:12:56.915608,1786373852673,POST,http://localhost/api/cicd/execute,0,7.26,"HTTPConnectionPool(host='localhost', port=80): Max retries exceeded with url: /api/cicd/execute (Caused by NewConnectionError(""HTTPConnection(host='localhost', port=80): Failed to establish a new connection: [Errno 111] Connection refused""))"
2026-09-12T23:12:56.915931,1786373852673,POST,http://localhost/api/cicd/execute,0,4.55,"HTTPConnectionPool(host='localhost', port=80): Max retries exceeded with url: /api/cicd/execute (Caused by NewConnectionError(""HTTPConnection(host='localhost', port=80): Failed to establish a new connection: [Errno 111] Connection refused""))"
2026-09-12T23:12:56.916428,1786373852673,POST,http://localhost/api/cicd/execute,0,16.69,"HTTPConnectionPool(host='localhost', port=80): Max retries exceeded with url: /api/cicd/execute (Caused by NewConnectionError(""HTTPConnection(host='localhost', port=80): Failed to establish a new connection: [Errno 111] Connection refused""))"
2026-09-12T23:12:56.916687,1786374210148,GET,http://localhost/api/cicd/status/40665,0,12.36,"HTTPConnectionPool(host='localhost', port=80): Max retries exceeded with url: /api/cicd/status/40665 (Caused by NewConnectionError(""HTTPConnection(host='localhost', port=80): Failed to establish a new connection: [Errno 111] Connection refused""))"
2026-09-12T23:12:56.916945,1786374210148,GET,http://localhost/api/cicd/status/40665,0,9.73,"HTTPConnectionPool(host='localhost', port=80): Max retries exceeded with url: /api/cicd/status/40665 (Caused by NewConnectionError(""HTTPConnection(host='localhost', port=80): Failed to establish a new connection: [Errno 111] Connection refused""))"
2026-09-12T23:12:56.917395,1786373852673,POST,http://localhost/api/cicd/execute,0,7.17,"HTTPConnectionPool(host='localhost', port=80): Max retries exceeded with url: /api/cicd/execute (Caused by NewConnectionError(""HTTPConnection(host='localhost', port=80): Failed to establish a new connection: [Errno 111] Connection refused""))"
2026-09-12T23:12:57.026752,1786373852673,POST,http://localhost/api/cicd/execute,0,9.91,"HTTPConnectionPool(host='localhost', port=80): Max retries exceeded with url: /api/cicd/execute (Caused by NewConnectionError(""HTTPConnection(host='localhost', port=80): Failed to establish a new connection: [Errno 111] Connection refused""))"
2026-09-12T23:12:57.028282,1786373852673,POST,http://localhost/api/cicd/execute,0,15.03,"HTTPConnectionPool(host='localhost', port=80): Max retries exceeded with url: /api/cicd/execute (Caused by NewConnectionError(""HTTPConnection(host='localhost', port=80): Failed to establish a new connection: [Errno 111] Connection refused""))"
2026-09-12T23:12:57.028589,1786373852673,POST,http://localhost/api/cicd/execute,0,13.07,"HTTPConnectionPool(host='localhost', port=80): Max retries exceeded with url: /api/cicd/execute (Caused by NewConnectionError(""HTTPConnection(host='localhost', port=80): Failed to establish a new connection: [Errno 111] Connection refused""))"
2026-09-12T23:12:57.028891,1786374210148,GET,http://localhost/api/cicd/status/40665,0,6.98,"HTTPConnectionPool(host='localhost', port=80): Max retries exceeded with url: /api/cicd/status/40665 (Caused by NewConnectionError(""HTTPConnection(host='localhost', port=80): Failed to establish a new connection: [Errno 111] Connection refused""))"
2026-09-12T23:12:57.029322,1786374210148,GET,http://localhost/api/cicd/status/40665,0,10.28,"HTTPConnectionPool(host='localhost', port=80): Max retries exceeded with url: /api/cicd/status/40665 (Caused by NewConnectionError(""HTTPConnection(host='localhost', port=80): Failed to establish a new connection: [Errno 111] Connection refused""))"
2026-09-12T23:12:57.029633,1786373852673,POST,http://localhost/api/cicd/execute,0,15.29,"HTTPConnectionPool(host='localhost', port=80): Max retries exceeded with url: /api/cicd/execute (Caused by NewConnectionError(""HTTPConnection(host='localhost', port=80): Failed to establish a new connection: [Errno 111] Connection refused""))"
2026-09-12T23:12:57.030097,1786373852673,POST,http://localhost/api/cicd/execute,0,6.65,"HTTPConnectionPool(host='localhost', port=80): Max retries exceeded with url: /api/cicd/execute (Caused by NewConnectionError(""HTTPConnection(host='localhost', port=80): Failed to establish a new connection: [Errno 111] Connection refused""))"
2026-09-12T23:12:57.030449,1786374210148,GET,http://localhost/api/cicd/status/40665,0,12.46,"HTTPConnectionPool(host='localhost', port=80): Max retries exceeded with url: /api/cicd/status/40665 (Caused by NewConnectionError(""HTTPConnection(host='localhost', port=80): Failed to establish a new connection: [Errno 111] Connection refused""))"
2026-09-12T23:12:57.030688,1786374210148,GET,http://localhost/api/cicd/status/40665,0,5.83,"HTTPConnectionPool(host='localhost', port=80): Max retries exceeded with url: /api/cicd/status/40665 (Caused by NewConnectionError(""HTTPConnection(host='localhost', port=80): Failed to establish a new connection: [Errno 111] Connection refused""))"
2026-09-12T23:12:57.031053,1786373852673,POST,http://localhost/api/cicd/execute,0,10.3,"HTTPConnectionPool(host='localhost', port=80): Max retries exceeded with url: /api/cicd/execute (Caused by NewConnectionError(""HTTPConnection(host='localhost', port=80): Failed to establish a new connection: [Errno 111] Connection refused""))"
2026-09-12T23:12:57.128589,1786374210148,GET,http://localhost/api/cicd/status/40665,0,1.65,"HTTPConnectionPool(host='localhost', port=80): Max retries exceeded with url: /api/cicd/status/40665 (Caused by NewConnectionError(""HTTPConnection(host='localhost', port=80): Failed to establish a new connection: [Errno 111] Connection refused""))"
2026-09-12T23:12:57.141519,1786373852673,POST,http://localhost/api/cicd/execute,0,9.52,"HTTPConnectionPool(host='localhost', port=80): Max retries exceeded with url: /api/cicd/execute (Caused by NewConnectionError(""HTTPConnection(host='localhost', port=80): Failed to establish a new connection: [Errno 111] Connection refused""))"
2026-09-12T23:12:57.142056,1786374210148,GET,http://localhost/api/cicd/status/40665,0,13.38,"HTTPConnectionPool(host='localhost', port=80): Max retries exceeded with url: /api/cicd/status/40665 (Caused by NewConnectionError(""HTTPConnection(host='localhost', port=80): Failed to establish a new connection: [Errno 111] Connection refused""))"
2026-09-12T23:12:57.142559,1786374210148,GET,http://localhost/api/cicd/status/40665,0,6.96,"HTTPConnectionPool(host='localhost', port=80): Max retries exceeded with url: /api/cicd/status/40665 (Caused by NewConnectionError(""HTTPConnection(host='localhost', port=80): Failed to establish a new connection: [Errno 111] Connection refused""))"
2026-09-12T23:12:57.143316,1786373852673,POST,http://localhost/api/cicd/execute,0,10.17,"HTTPConnectionPool(host='localhost', port=80): Max retries exceeded with url: /api/cicd/execute (Caused by NewConnectionError(""HTTPConnection(host='localhost', port=80): Failed to establish a new connection: [Errno 111] Connection refused""))"
2026-09-12T23:12:57.143604,1786374210148,GET,http://localhost/api/cicd/status/40665,0,6.19,"HTTPConnectionPool(host='localhost', port=80): Max retries exceeded with url: /api/cicd/status/40665 (Caused by NewConnectionError(""HTTPConnection(host='localhost', port=80): Failed to establish a new connection: [Errno 111] Connection refused""))"
2026-09-12T23:12:57.144126,1786373852673,POST,http://localhost/api/cicd/execute,0,13.26,"HTTPConnectionPool(host='localhost', port=80): Max retries exceeded with url: /api/cicd/execute (Caused by NewConnectionError(""HTTPConnection(host='localhost', port=80): Failed to establish a new connection: [Errno 111] Connection refused""))"
2026-09-12T23:12:57.144362,1786373852673,POST,http://localhost/api/cicd/execute,0,5.55,"HTTPConnectionPool(host='localhost', port=80): Max retries exceeded with url: /api/cicd/execute (Caused by NewConnectionError(""HTTPConnection(host='localhost', port=80): Failed to establish a new connection: [Errno 111] Connection refused""))"
2026-09-12T23:12:57.144884,1786374210148,GET,http://localhost/api/cicd/status/40665,0,10.38,"HTTPConnectionPool(host='localhost', port=80): Max retries exceeded with url: /api/cicd/status/40665 (Caused by NewConnectionError(""HTTPConnection(host='localhost', port=80): Failed to establish a new connection: [Errno 111] Connection refused""))"
2026-09-12T23:12:57.145289,1786374210148,GET,http://localhost/api/cicd/status/40665,0,15.51,"HTTPConnectionPool(host='localhost', port=80): Max retries exceeded with url: /api/cicd/status/40665 (Caused by NewConnectionError(""HTTPConnection(host='localhost', port=80): Failed to establish a new connection: [Errno 111] Connection refused""))"
2026-09-12T23:12:57.233584,1786373852673,POST,http://localhost/api/cicd/execute,0,1.74,"HTTPConnectionPool(host='localhost', port=80): Max retries exceeded with url: /api/cicd/execute (Caused by NewConnectionError(""HTTPConnection(host='localhost', port=80): Failed to establish a new connection: [Errno 111] Connection refused""))"
2026-09-12T23:12:57.253644,1786374210148,GET,http://localhost/api/cicd/status/40665,0,11.93,"HTTPConnectionPool(host='localhost', port=80): Max retries exceeded with url: /api/cicd/status/40665 (Caused by NewConnectionError(""HTTPConnection(host='localhost', port=80): Failed to establish a new connection: [Errno 111] Connection refused""))"
2026-09-12T23:12:57.256108,1786373852673,POST,http://localhost/api/cicd/execute,0,7.04,"HTTPConnectionPool(host='localhost', port=80): Max retries exceeded with url: /api/cicd/execute (Caused by NewConnectionError(""HTTPConnection(host='localhost', port=80): Failed to establish a new connection: [Errno 111] Connection refused""))"
2026-09-12T23:12:57.256940,1786374210148,GET,http://localhost/api/cicd/status/40665,0,10.09,"HTTPConnectionPool(host='localhost', port=80): Max retries exceeded with url: /api/cicd/status/40665 (Caused by NewConnectionError(""HTTPConnection(host='localhost', port=80): Failed to establish a new connection: [Errno 111] Connection refused""))"
2026-09-12T23:12:57.257358,1786374210148,GET,http://localhost/api/cicd/status/40665,0,9.39,"HTTPConnectionPool(host='localhost', port=80): Max retries exceeded with url: /api/cicd/status/40665 (Caused by NewConnectionError(""HTTPConnection(host='localhost', port=80): Failed to establish a new connection: [Errno 111] Connection refused""))"
2026-09-12T23:12:57.257667,1786373852673,POST,http://localhost/api/cicd/execute,0,7.45,"HTTPConnectionPool(host='localhost', port=80): Max retries exceeded with url: /api/cicd/execute (Caused by NewConnectionError(""HTTPConnection(host='localhost', port=80): Failed to establish a new connection: [Errno 111] Connection refused""))"
2026-09-12T23:12:57.258493,1786373852673,POST,http://localhost/api/cicd/execute,0,12.91,"HTTPConnectionPool(host='localhost', port=80): Max retries exceeded with url: /api/cicd/execute (Caused by NewConnectionError(""HTTPConnection(host='localhost', port=80): Failed to establish a new connection: [Errno 111] Connection refused""))"
2026-09-12T23:12:57.259107,1786374210148,GET,http://localhost/api/cicd/status/40665,0,4.97,"HTTPConnectionPool(host='localhost', port=80): Max retries exceeded with url: /api/cicd/status/40665 (Caused by NewConnectionError(""HTTPConnection(host='localhost', port=80): Failed to establish a new connection: [Errno 111] Connection refused""))"
2026-09-12T23:12:57.259483,1786373852673,POST,http://localhost/api/cicd/execute,0,7.68,"HTTPConnectionPool(host='localhost', port=80): Max retries exceeded with url: /api/cicd/execute (Caused by NewConnectionError(""HTTPConnection(host='localhost', port=80): Failed to establish a new connection: [Errno 111] Connection refused""))"
2026-09-12T23:12:57.259708,1786373852673,POST,http://localhost/api/cicd/execute,0,15.3,"HTTPConnectionPool(host='localhost', port=80): Max retries exceeded with url: /api/cicd/execute (Caused by NewConnectionError(""HTTPConnection(host='localhost', port=80): Failed to establish a new connection: [Errno 111] Connection refused""))"
2026-09-12T23:12:57.335321,1786374210148,GET,http://localhost/api/cicd/status/40665,0,1.56,"HTTPConnectionPool(host='localhost', port=80): Max retries exceeded with url: /api/cicd/status/40665 (Caused by NewConnectionError(""HTTPConnection(host='localhost', port=80): Failed to establish a new connection: [Errno 111] Connection refused""))"
2026-09-12T23:12:57.355423,1786373852673,POST,http://localhost/api/cicd/execute,0,1.6,"HTTPConnectionPool(host='localhost', port=80): Max retries exceeded with url: /api/cicd/execute (Caused by NewConnectionError(""HTTPConnection(host='localhost', port=80): Failed to establish a new connection: [Errno 111] Connection refused""))"
2026-09-12T23:12:57.365994,1786374210148,GET,http://localhost/api/cicd/status/40665,0,9.7,"HTTPConnectionPool(host='localhost', port=80): Max retries exceeded with url: /api/cicd/status/40665 (Caused by NewConnectionError(""HTTPConnection(host='localhost', port=80): Failed to establish a new connection: [Errno 111] Connection refused""))"
2026-09-12T23:12:57.366840,1786373852673,POST,http://localhost/api/cicd/execute,0,8.35,"HTTPConnectionPool(host='localhost', port=80): Max retries exceeded with url: /api/cicd/execute (Caused by NewConnectionError(""HTTPConnection(host='localhost', port=80): Failed to establish a new connection: [Errno 111] Connection refused""))"
2026-09-12T23:12:57.367887,1786373852673,POST,http://localhost/api/cicd/execute,0,4.79,"HTTPConnectionPool(host='localhost', port=80): Max retries exceeded with url: /api/cicd/execute (Caused by NewConnectionError(""HTTPConnection(host='localhost', port=80): Failed to establish a new connection: [Errno 111] Connection refused""))"
2026-09-12T23:12:57.368139,1786373852673,POST,http://localhost/api/cicd/execute,0,10.84,"HTTPConnectionPool(host='localhost', port=80): Max retries exceeded with url: /api/cicd/execute (Caused by NewConnectionError(""HTTPConnection(host='localhost', port=80): Failed to establish a new connection: [Errno 111] Connection refused""))"
2026-09-12T23:12:57.368316,1786374210148,GET,http://localhost/api/cicd/status/40665,0,7.54,"HTTPConnectionPool(host='localhost', port=80): Max retries exceeded with url: /api/cicd/status/40665 (Caused by NewConnectionError(""HTTPConnection(host='localhost', port=80): Failed to establish a new connection: [Errno 111] Connection refused""))"
2026-09-12T23:12:57.368560,1786374210148,GET,http://localhost/api/cicd/status/40665,0,6.57,"HTTPConnectionPool(host='localhost', port=80): Max retries exceeded with url: /api/cicd/status/40665 (Caused by NewConnectionError(""HTTPConnection(host='localhost', port=80): Failed to establish a new connection: [Errno 111] Connection refused""))"
2026-09-12T23:12:57.368951,1786374210148,GET,http://localhost/api/cicd/status/40665,0,9.35,"HTTPConnectionPool(host='localhost', port=80): Max retries exceeded with url: /api/cicd/status/40665 (Caused by NewConnectionError(""HTTPConnection(host='localhost', port=80): Failed to establish a new connection: [Errno 111] Connection refused""))"
2026-09-12T23:12:57.369159,1786374210148,GET,http://localhost/api/cicd/status/40665,0,4.38,"HTTPConnectionPool(host='localhost', port=80): Max retries exceeded with url: /api/cicd/status/40665 (Caused by NewConnectionError(""HTTPConnection(host='localhost', port=80): Failed to establish a new connection: [Errno 111] Connection refused""))"
2026-09-12T23:12:57.437193,1786373852673,POST,http://localhost/api/cicd/execute,0,1.68,"HTTPConnectionPool(host='localhost', port=80): Max retries exceeded with url: /api/cicd/execute (Caused by NewConnectionError(""HTTPConnection(host='localhost', port=80): Failed to establish a new connection: [Errno 111] Connection refused""))"
2026-09-12T23:12:57.457730,1786374210148,GET,http://localhost/api/cicd/status/40665,0,2.13,"HTTPConnectionPool(host='localhost', port=80): Max retries exceeded with url: /api/cicd/status/40665 (Caused by NewConnectionError(""HTTPConnection(host='localhost', port=80): Failed to establish a new connection: [Errno 111] Connection refused""))"
2026-09-12T23:12:57.476379,1786373852673,POST,http://localhost/api/cicd/execute,0,10.19,"HTTPConnectionPool(host='localhost', port=80): Max retries exceeded with url: /api/cicd/execute (Caused by NewConnectionError(""HTTPConnection(host='localhost', port=80): Failed to establish a new connection: [Errno 111] Connection refused""))"
2026-09-12T23:12:57.477607,1786373852673,POST,http://localhost/api/cicd/execute,0,4.68,"HTTPConnectionPool(host='localhost', port=80): Max retries exceeded with url: /api/cicd/execute (Caused by NewConnectionError(""HTTPConnection(host='localhost', port=80): Failed to establish a new connection: [Errno 111] Connection refused""))"
2026-09-12T23:12:57.477966,1786373852673,POST,http://localhost/api/cicd/execute,0,7.31,"HTTPConnectionPool(host='localhost', port=80): Max retries exceeded with url: /api/cicd/execute (Caused by NewConnectionError(""HTTPConnection(host='localhost', port=80): Failed to establish a new connection: [Errno 111] Connection refused""))"
2026-09-12T23:12:57.478257,1786374210148,GET,http://localhost/api/cicd/status/40665,0,10.99,"HTTPConnectionPool(host='localhost', port=80): Max retries exceeded with url: /api/cicd/status/40665 (Caused by NewConnectionError(""HTTPConnection(host='localhost', port=80): Failed to establish a new connection: [Errno 111] Connection refused""))"
2026-09-12T23:12:57.478766,1786374210148,GET,http://localhost/api/cicd/status/40665,0,9.32,"HTTPConnectionPool(host='localhost', port=80): Max retries exceeded with url: /api/cicd/status/40665 (Caused by NewConnectionError(""HTTPConnection(host='localhost', port=80): Failed to establish a new connection: [Errno 111] Connection refused""))"
2026-09-12T23:12:57.479329,1786373852673,POST,http://localhost/api/cicd/execute,0,5.05,"HTTPConnectionPool(host='localhost', port=80): Max retries exceeded with url: /api/cicd/execute (Caused by NewConnectionError(""HTTPConnection(host='localhost', port=80): Failed to establish a new connection: [Errno 111] Connection refused""))"
2026-09-12T23:12:57.479566,1786374210148,GET,http://localhost/api/cicd/status/40665,0,11.23,"HTTPConnectionPool(host='localhost', port=80): Max retries exceeded with url: /api/cicd/status/40665 (Caused by NewConnectionError(""HTTPConnection(host='localhost', port=80): Failed to establish a new connection: [Errno 111] Connection refused""))"
2026-09-12T23:12:57.479956,1786373852673,POST,http://localhost/api/cicd/execute,0,8.22,"HTTPConnectionPool(host='localhost', port=80): Max retries exceeded with url: /api/cicd/execute (Caused by NewConnectionError(""HTTPConnection(host='localhost', port=80): Failed to establish a new connection: [Errno 111] Connection refused""))"
2026-09-12T23:12:57.539050,1786374210148,GET,http://localhost/api/cicd/status/40665,0,1.67,"HTTPConnectionPool(host='localhost', port=80): Max retries exceeded with url: /api/cicd/status/40665 (Caused by NewConnectionError(""HTTPConnection(host='localhost', port=80): Failed to establish a new connection: [Errno 111] Connection refused""))"
2026-09-12T23:12:57.559635,1786373852673,POST,http://localhost/api/cicd/execute,0,1.71,"HTTPConnectionPool(host='localhost', port=80): Max retries exceeded with url: /api/cicd/execute (Caused by NewConnectionError(""HTTPConnection(host='localhost', port=80): Failed to establish a new connection: [Errno 111] Connection refused""))"
2026-09-12T23:12:57.587947,1786374210148,GET,http://localhost/api/cicd/status/40665,0,10.15,"HTTPConnectionPool(host='localhost', port=80): Max retries exceeded with url: /api/cicd/status/40665 (Caused by NewConnectionError(""HTTPConnection(host='localhost', port=80): Failed to establish a new connection: [Errno 111] Connection refused""))"
2026-09-12T23:12:57.588707,1786374210148,GET,http://localhost/api/cicd/status/40665,0,12.14,"HTTPConnectionPool(host='localhost', port=80): Max retries exceeded with url: /api/cicd/status/40665 (Caused by NewConnectionError(""HTTPConnection(host='localhost', port=80): Failed to establish a new connection: [Errno 111] Connection refused""))"
2026-09-12T23:12:57.589444,1786374210148,GET,http://localhost/api/cicd/status/40665,0,9.15,"HTTPConnectionPool(host='localhost', port=80): Max retries exceeded with url: /api/cicd/status/40665 (Caused by NewConnectionError(""HTTPConnection(host='localhost', port=80): Failed to establish a new connection: [Errno 111] Connection refused""))"
2026-09-12T23:12:57.589880,1786373852673,POST,http://localhost/api/cicd/execute,0,8.46,"HTTPConnectionPool(host='localhost', port=80): Max retries exceeded with url: /api/cicd/execute (Caused by NewConnectionError(""HTTPConnection(host='localhost', port=80): Failed to establish a new connection: [Errno 111] Connection refused""))"
2026-09-12T23:12:57.590314,1786373852673,POST,http://localhost/api/cicd/execute,0,11.23,"HTTPConnectionPool(host='localhost', port=80): Max retries exceeded with url: /api/cicd/execute (Caused by NewConnectionError(""HTTPConnection(host='localhost', port=80): Failed to establish a new connection: [Errno 111] Connection refused""))"
2026-09-12T23:12:57.590619,1786374210148,GET,http://localhost/api/cicd/status/40665,0,5.97,"HTTPConnectionPool(host='localhost', port=80): Max retries exceeded with url: /api/cicd/status/40665 (Caused by NewConnectionError(""HTTPConnection(host='localhost', port=80): Failed to establish a new connection: [Errno 111] Connection refused""))"
2026-09-12T23:12:57.590865,1786373852673,POST,http://localhost/api/cicd/execute,0,7.92,"HTTPConnectionPool(host='localhost', port=80): Max retries exceeded with url: /api/cicd/execute (Caused by NewConnectionError(""HTTPConnection(host='localhost', port=80): Failed to establish a new connection: [Errno 111] Connection refused""))"
2026-09-12T23:12:57.591324,1786374210148,GET,http://localhost/api/cicd/status/40665,0,5.25,"HTTPConnectionPool(host='localhost', port=80): Max retries exceeded with url: /api/cicd/status/40665 (Caused by NewConnectionError(""HTTPConnection(host='localhost', port=80): Failed to establish a new connection: [Errno 111] Connection refused""))"
2026-09-12T23:12:57.640917,1786373852673,POST,http://localhost/api/cicd/execute,0,1.68,"HTTPConnectionPool(host='localhost', port=80): Max retries exceeded with url: /api/cicd/execute (Caused by NewConnectionError(""HTTPConnection(host='localhost', port=80): Failed to establish a new connection: [Errno 111] Connection refused""))"
2026-09-12T23:12:57.661473,1786374210148,GET,http://localhost/api/cicd/status/40665,0,1.66,"HTTPConnectionPool(host='localhost', port=80): Max retries exceeded with url: /api/cicd/status/40665 (Caused by NewConnectionError(""HTTPConnection(host='localhost', port=80): Failed to establish a new connection: [Errno 111] Connection refused""))"
2026-09-12T23:12:57.698777,1786373852673,POST,http://localhost/api/cicd/execute,0,10.64,"HTTPConnectionPool(host='localhost', port=80): Max retries exceeded with url: /api/cicd/execute (Caused by NewConnectionError(""HTTPConnection(host='localhost', port=80): Failed to establish a new connection: [Errno 111] Connection refused""))"
2026-09-12T23:12:57.703984,1786374210148,GET,http://localhost/api/cicd/status/40665,0,13.48,"HTTPConnectionPool(host='localhost', port=80): Max retries exceeded with url: /api/cicd/status/40665 (Caused by NewConnectionError(""HTTPConnection(host='localhost', port=80): Failed to establish a new connection: [Errno 111] Connection refused""))"
2026-09-12T23:12:57.704678,1786374210148,GET,http://localhost/api/cicd/status/40665,0,11.76,"HTTPConnectionPool(host='localhost', port=80): Max retries exceeded with url: /api/cicd/status/40665 (Caused by NewConnectionError(""HTTPConnection(host='localhost', port=80): Failed to establish a new connection: [Errno 111] Connection refused""))"
2026-09-12T23:12:57.705019,1786373852673,POST,http://localhost/api/cicd/execute,0,13.39,"HTTPConnectionPool(host='localhost', port=80): Max retries exceeded with url: /api/cicd/execute (Caused by NewConnectionError(""HTTPConnection(host='localhost', port=80): Failed to establish a new connection: [Errno 111] Connection refused""))"
2026-09-12T23:12:57.705393,1786373852673,POST,http://localhost/api/cicd/execute,0,16.11,"HTTPConnectionPool(host='localhost', port=80): Max retries exceeded with url: /api/cicd/execute (Caused by NewConnectionError(""HTTPConnection(host='localhost', port=80): Failed to establish a new connection: [Errno 111] Connection refused""))"
2026-09-12T23:12:57.705762,1786373852673,POST,http://localhost/api/cicd/execute,0,10.31,"HTTPConnectionPool(host='localhost', port=80): Max retries exceeded with url: /api/cicd/execute (Caused by NewConnectionError(""HTTPConnection(host='localhost', port=80): Failed to establish a new connection: [Errno 111] Connection refused""))"
2026-09-12T23:12:57.706107,1786374210148,GET,http://localhost/api/cicd/status/40665,0,11.97,"HTTPConnectionPool(host='localhost', port=80): Max retries exceeded with url: /api/cicd/status/40665 (Caused by NewConnectionError(""HTTPConnection(host='localhost', port=80): Failed to establish a new connection: [Errno 111] Connection refused""))"
2026-09-12T23:12:57.706461,1786373852673,POST,http://localhost/api/cicd/execute,0,9.77,"HTTPConnectionPool(host='localhost', port=80): Max retries exceeded with url: /api/cicd/execute (Caused by NewConnectionError(""HTTPConnection(host='localhost', port=80): Failed to establish a new connection: [Errno 111] Connection refused""))"
2026-09-12T23:12:57.742730,1786374210148,GET,http://localhost/api/cicd/status/40665,0,1.63,"HTTPConnectionPool(host='localhost', port=80): Max retries exceeded with url: /api/cicd/status/40665 (Caused by NewConnectionError(""HTTPConnection(host='localhost', port=80): Failed to establish a new connection: [Errno 111] Connection refused""))"
2026-09-12T23:12:57.763354,1786373852673,POST,http://localhost/api/cicd/execute,0,1.69,"HTTPConnectionPool(host='localhost', port=80): Max retries exceeded with url: /api/cicd/execute (Caused by NewConnectionError(""HTTPConnection(host='localhost', port=80): Failed to establish a new connection: [Errno 111] Connection refused""))"
2026-09-12T23:12:57.800622,1786374210148,GET,http://localhost/api/cicd/status/40665,0,1.66,"HTTPConnectionPool(host='localhost', port=80): Max retries exceeded with url: /api/cicd/status/40665 (Caused by NewConnectionError(""HTTPConnection(host='localhost', port=80): Failed to establish a new connection: [Errno 111] Connection refused""))"
2026-09-12T23:12:57.813421,1786373852673,POST,http://localhost/api/cicd/execute,0,9.23,"HTTPConnectionPool(host='localhost', port=80): Max retries exceeded with url: /api/cicd/execute (Caused by NewConnectionError(""HTTPConnection(host='localhost', port=80): Failed to establish a new connection: [Errno 111] Connection refused""))"
2026-09-12T23:12:57.814218,1786373852673,POST,http://localhost/api/cicd/execute,0,3.02,"HTTPConnectionPool(host='localhost', port=80): Max retries exceeded with url: /api/cicd/execute (Caused by NewConnectionError(""HTTPConnection(host='localhost', port=80): Failed to establish a new connection: [Errno 111] Connection refused""))"
2026-09-12T23:12:57.814557,1786373852673,POST,http://localhost/api/cicd/execute,0,9.23,"HTTPConnectionPool(host='localhost', port=80): Max retries exceeded with url: /api/cicd/execute (Caused by NewConnectionError(""HTTPConnection(host='localhost', port=80): Failed to establish a new connection: [Errno 111] Connection refused""))"
2026-09-12T23:12:57.814972,1786374210148,GET,http://localhost/api/cicd/status/40665,0,4.91,"HTTPConnectionPool(host='localhost', port=80): Max retries exceeded with url: /api/cicd/status/40665 (Caused by NewConnectionError(""HTTPConnection(host='localhost', port=80): Failed to establish a new connection: [Errno 111] Connection refused""))"
2026-09-12T23:12:57.815255,1786374210148,GET,http://localhost/api/cicd/status/40665,0,8.76,"HTTPConnectionPool(host='localhost', port=80): Max retries exceeded with url: /api/cicd/status/40665 (Caused by NewConnectionError(""HTTPConnection(host='localhost', port=80): Failed to establish a new connection: [Errno 111] Connection refused""))"
2026-09-12T23:12:57.815685,1786374210148,GET,http://localhost/api/cicd/status/40665,0,6.72,"HTTPConnectionPool(host='localhost', port=80): Max retries exceeded with url: /api/cicd/status/40665 (Caused by NewConnectionError(""HTTPConnection(host='localhost', port=80): Failed to establish a new connection: [Errno 111] Connection refused""))"
2026-09-12T23:12:57.816428,1786374210148,GET,http://localhost/api/cicd/status/40665,0,8.71,"HTTPConnectionPool(host='localhost', port=80): Max retries exceeded with url: /api/cicd/status/40665 (Caused by NewConnectionError(""HTTPConnection(host='localhost', port=80): Failed to establish a new connection: [Errno 111] Connection refused""))"
2026-09-12T23:12:57.844609,1786373852673,POST,http://localhost/api/cicd/execute,0,1.69,"HTTPConnectionPool(host='localhost', port=80): Max retries exceeded with url: /api/cicd/execute (Caused by NewConnectionError(""HTTPConnection(host='localhost', port=80): Failed to establish a new connection: [Errno 111] Connection refused""))"
2026-09-12T23:12:57.865188,1786374210148,GET,http://localhost/api/cicd/status/40665,0,1.65,"HTTPConnectionPool(host='localhost', port=80): Max retries exceeded with url: /api/cicd/status/40665 (Caused by NewConnectionError(""HTTPConnection(host='localhost', port=80): Failed to establish a new connection: [Errno 111] Connection refused""))"
2026-09-12T23:12:57.902494,1786373852673,POST,http://localhost/api/cicd/execute,0,1.69,"HTTPConnectionPool(host='localhost', port=80): Max retries exceeded with url: /api/cicd/execute (Caused by NewConnectionError(""HTTPConnection(host='localhost', port=80): Failed to establish a new connection: [Errno 111] Connection refused""))"
2026-09-12T23:12:57.922712,1786374210148,GET,http://localhost/api/cicd/status/40665,0,9.11,"HTTPConnectionPool(host='localhost', port=80): Max retries exceeded with url: /api/cicd/status/40665 (Caused by NewConnectionError(""HTTPConnection(host='localhost', port=80): Failed to establish a new connection: [Errno 111] Connection refused""))"
2026-09-12T23:12:57.923442,1786374210148,GET,http://localhost/api/cicd/status/40665,0,8.77,"HTTPConnectionPool(host='localhost', port=80): Max retries exceeded with url: /api/cicd/status/40665 (Caused by NewConnectionError(""HTTPConnection(host='localhost', port=80): Failed to establish a new connection: [Errno 111] Connection refused""))"
2026-09-12T23:12:57.924377,1786373852673,POST,http://localhost/api/cicd/execute,0,3.35,"HTTPConnectionPool(host='localhost', port=80): Max retries exceeded with url: /api/cicd/execute (Caused by NewConnectionError(""HTTPConnection(host='localhost', port=80): Failed to establish a new connection: [Errno 111] Connection refused""))"
2026-09-12T23:12:57.924697,1786373852673,POST,http://localhost/api/cicd/execute,0,7.62,"HTTPConnectionPool(host='localhost', port=80): Max retries exceeded with url: /api/cicd/execute (Caused by NewConnectionError(""HTTPConnection(host='localhost', port=80): Failed to establish a new connection: [Errno 111] Connection refused""))"
2026-09-12T23:12:57.925190,1786373852673,POST,http://localhost/api/cicd/execute,0,6.83,"HTTPConnectionPool(host='localhost', port=80): Max retries exceeded with url: /api/cicd/execute (Caused by NewConnectionError(""HTTPConnection(host='localhost', port=80): Failed to establish a new connection: [Errno 111] Connection refused""))"
2026-09-12T23:12:57.925474,1786374210148,GET,http://localhost/api/cicd/status/40665,0,9.68,"HTTPConnectionPool(host='localhost', port=80): Max retries exceeded with url: /api/cicd/status/40665 (Caused by NewConnectionError(""HTTPConnection(host='localhost', port=80): Failed to establish a new connection: [Errno 111] Connection refused""))"
2026-09-12T23:12:57.925829,1786373852673,POST,http://localhost/api/cicd/execute,0,5.97,"HTTPConnectionPool(host='localhost', port=80): Max retries exceeded with url: /api/cicd/execute (Caused by NewConnectionError(""HTTPConnection(host='localhost', port=80): Failed to establish a new connection: [Errno 111] Connection refused""))"
2026-09-12T23:12:57.946440,1786374210148,GET,http://localhost/api/cicd/status/40665,0,1.65,"HTTPConnectionPool(host='localhost', port=80): Max retries exceeded with url: /api/cicd/status/40665 (Caused by NewConnectionError(""HTTPConnection(host='localhost', port=80): Failed to establish a new connection: [Errno 111] Connection refused""))"
2026-09-12T23:12:57.967039,1786373852673,POST,http://localhost/api/cicd/execute,0,1.67,"HTTPConnectionPool(host='localhost', port=80): Max retries exceeded with url: /api/cicd/execute (Caused by NewConnectionError(""HTTPConnection(host='localhost', port=80): Failed to establish a new connection: [Errno 111] Connection refused""))"
2026-09-12T23:12:58.004732,1786374210148,GET,http://localhost/api/cicd/status/40665,0,2.05,"HTTPConnectionPool(host='localhost', port=80): Max retries exceeded with url: /api/cicd/status/40665 (Caused by NewConnectionError(""HTTPConnection(host='localhost', port=80): Failed to establish a new connection: [Errno 111] Connection refused""))"
2026-09-12T23:12:58.032435,1786374210148,GET,http://localhost/api/cicd/status/40665,0,7.14,"HTTPConnectionPool(host='localhost', port=80): Max retries exceeded with url: /api/cicd/status/40665 (Caused by NewConnectionError(""HTTPConnection(host='localhost', port=80): Failed to establish a new connection: [Errno 111] Connection refused""))"
2026-09-12T23:12:58.032994,1786373852673,POST,http://localhost/api/cicd/execute,0,10.1,"HTTPConnectionPool(host='localhost', port=80): Max retries exceeded with url: /api/cicd/execute (Caused by NewConnectionError(""HTTPConnection(host='localhost', port=80): Failed to establish a new connection: [Errno 111] Connection refused""))"
2026-09-12T23:12:58.033592,1786374210148,GET,http://localhost/api/cicd/status/40665,0,5.98,"HTTPConnectionPool(host='localhost', port=80): Max retries exceeded with url: /api/cicd/status/40665 (Caused by NewConnectionError(""HTTPConnection(host='localhost', port=80): Failed to establish a new connection: [Errno 111] Connection refused""))"
2026-09-12T23:12:58.034002,1786374210148,GET,http://localhost/api/cicd/status/40665,0,4.99,"HTTPConnectionPool(host='localhost', port=80): Max retries exceeded with url: /api/cicd/status/40665 (Caused by NewConnectionError(""HTTPConnection(host='localhost', port=80): Failed to establish a new connection: [Errno 111] Connection refused""))"
2026-09-12T23:12:58.034300,1786374210148,GET,http://localhost/api/cicd/status/40665,0,7.89,"HTTPConnectionPool(host='localhost', port=80): Max retries exceeded with url: /api/cicd/status/40665 (Caused by NewConnectionError(""HTTPConnection(host='localhost', port=80): Failed to establish a new connection: [Errno 111] Connection refused""))"
2026-09-12T23:12:58.034777,1786373852673,POST,http://localhost/api/cicd/execute,0,10.75,"HTTPConnectionPool(host='localhost', port=80): Max retries exceeded with url: /api/cicd/execute (Caused by NewConnectionError(""HTTPConnection(host='localhost', port=80): Failed to establish a new connection: [Errno 111] Connection refused""))"
2026-09-12T23:12:58.035083,1786373852673,POST,http://localhost/api/cicd/execute,0,4.8,"HTTPConnectionPool(host='localhost', port=80): Max retries exceeded with url: /api/cicd/execute (Caused by NewConnectionError(""HTTPConnection(host='localhost', port=80): Failed to establish a new connection: [Errno 111] Connection refused""))"
2026-09-12T23:12:58.048328,1786373852673,POST,http://localhost/api/cicd/execute,0,1.7,"HTTPConnectionPool(host='localhost', port=80): Max retries exceeded with url: /api/cicd/execute (Caused by NewConnectionError(""HTTPConnection(host='localhost', port=80): Failed to establish a new connection: [Errno 111] Connection refused""))"
2026-09-12T23:12:58.068865,1786374210148,GET,http://localhost/api/cicd/status/40665,0,1.64,"HTTPConnectionPool(host='localhost', port=80): Max retries exceeded with url: /api/cicd/status/40665 (Caused by NewConnectionError(""HTTPConnection(host='localhost', port=80): Failed to establish a new connection: [Errno 111] Connection refused""))"
2026-09-12T23:12:58.106614,1786373852673,POST,http://localhost/api/cicd/execute,0,1.69,"HTTPConnectionPool(host='localhost', port=80): Max retries exceeded with url: /api/cicd/execute (Caused by NewConnectionError(""HTTPConnection(host='localhost', port=80): Failed to establish a new connection: [Errno 111] Connection refused""))"
2026-09-12T23:12:58.142943,1786373852673,POST,http://localhost/api/cicd/execute,0,10.32,"HTTPConnectionPool(host='localhost', port=80): Max retries exceeded with url: /api/cicd/execute (Caused by NewConnectionError(""HTTPConnection(host='localhost', port=80): Failed to establish a new connection: [Errno 111] Connection refused""))"
2026-09-12T23:12:58.143218,1786373852673,POST,http://localhost/api/cicd/execute,0,7.02,"HTTPConnectionPool(host='localhost', port=80): Max retries exceeded with url: /api/cicd/execute (Caused by NewConnectionError(""HTTPConnection(host='localhost', port=80): Failed to establish a new connection: [Errno 111] Connection refused""))"
2026-09-12T23:12:58.143790,1786374210148,GET,http://localhost/api/cicd/status/40665,0,10.05,"HTTPConnectionPool(host='localhost', port=80): Max retries exceeded with url: /api/cicd/status/40665 (Caused by NewConnectionError(""HTTPConnection(host='localhost', port=80): Failed to establish a new connection: [Errno 111] Connection refused""))"
2026-09-12T23:12:58.144071,1786374210148,GET,http://localhost/api/cicd/status/40665,0,5.46,"HTTPConnectionPool(host='localhost', port=80): Max retries exceeded with url: /api/cicd/status/40665 (Caused by NewConnectionError(""HTTPConnection(host='localhost', port=80): Failed to establish a new connection: [Errno 111] Connection refused""))"
2026-09-12T23:12:58.144314,1786373852673,POST,http://localhost/api/cicd/execute,0,3.66,"HTTPConnectionPool(host='localhost', port=80): Max retries exceeded with url: /api/cicd/execute (Caused by NewConnectionError(""HTTPConnection(host='localhost', port=80): Failed to establish a new connection: [Errno 111] Connection refused""))"
2026-09-12T23:12:58.144599,1786373852673,POST,http://localhost/api/cicd/execute,0,9.74,"HTTPConnectionPool(host='localhost', port=80): Max retries exceeded with url: /api/cicd/execute (Caused by NewConnectionError(""HTTPConnection(host='localhost', port=80): Failed to establish a new connection: [Errno 111] Connection refused""))"
2026-09-12T23:12:58.144988,1786374210148,GET,http://localhost/api/cicd/status/40665,0,7.56,"HTTPConnectionPool(host='localhost', port=80): Max retries exceeded with url: /api/cicd/status/40665 (Caused by NewConnectionError(""HTTPConnection(host='localhost', port=80): Failed to establish a new connection: [Errno 111] Connection refused""))"
2026-09-12T23:12:58.150174,1786374210148,GET,http://localhost/api/cicd/status/40665,0,1.66,"HTTPConnectionPool(host='localhost', port=80): Max retries exceeded with url: /api/cicd/status/40665 (Caused by NewConnectionError(""HTTPConnection(host='localhost', port=80): Failed to establish a new connection: [Errno 111] Connection refused""))"
2026-09-12T23:12:58.170741,1786373852673,POST,http://localhost/api/cicd/execute,0,1.69,"HTTPConnectionPool(host='localhost', port=80): Max retries exceeded with url: /api/cicd/execute (Caused by NewConnectionError(""HTTPConnection(host='localhost', port=80): Failed to establish a new connection: [Errno 111] Connection refused""))"
2026-09-12T23:12:58.208458,1786374210148,GET,http://localhost/api/cicd/status/40665,0,1.66,"HTTPConnectionPool(host='localhost', port=80): Max retries exceeded with url: /api/cicd/status/40665 (Caused by NewConnectionError(""HTTPConnection(host='localhost', port=80): Failed to establish a new connection: [Errno 111] Connection refused""))"
2026-09-12T23:12:58.258307,1786374210148,GET,http://localhost/api/cicd/status/40665,0,15.19,"HTTPConnectionPool(host='localhost', port=80): Max retries exceeded with url: /api/cicd/status/40665 (Caused by NewConnectionError(""HTTPConnection(host='localhost', port=80): Failed to establish a new connection: [Errno 111] Connection refused""))"
2026-09-12T23:12:58.259072,1786373852673,POST,http://localhost/api/cicd/execute,0,12.58,"HTTPConnectionPool(host='localhost', port=80): Max retries exceeded with url: /api/cicd/execute (Caused by NewConnectionError(""HTTPConnection(host='localhost', port=80): Failed to establish a new connection: [Errno 111] Connection refused""))"
2026-09-12T23:12:58.262288,1786373852673,POST,http://localhost/api/cicd/execute,0,16.95,"HTTPConnectionPool(host='localhost', port=80): Max retries exceeded with url: /api/cicd/execute (Caused by NewConnectionError(""HTTPConnection(host='localhost', port=80): Failed to establish a new connection: [Errno 111] Connection refused""))"
2026-09-12T23:12:58.262510,1786374210148,GET,http://localhost/api/cicd/status/40665,0,18.3,"HTTPConnectionPool(host='localhost', port=80): Max retries exceeded with url: /api/cicd/status/40665 (Caused by NewConnectionError(""HTTPConnection(host='localhost', port=80): Failed to establish a new connection: [Errno 111] Connection refused""))"
2026-09-12T23:12:58.262811,1786374210148,GET,http://localhost/api/cicd/status/40665,0,9.35,"HTTPConnectionPool(host='localhost', port=80): Max retries exceeded with url: /api/cicd/status/40665 (Caused by NewConnectionError(""HTTPConnection(host='localhost', port=80): Failed to establish a new connection: [Errno 111] Connection refused""))"
2026-09-12T23:12:58.263079,1786373852673,POST,http://localhost/api/cicd/execute,0,13.02,"HTTPConnectionPool(host='localhost', port=80): Max retries exceeded with url: /api/cicd/execute (Caused by NewConnectionError(""HTTPConnection(host='localhost', port=80): Failed to establish a new connection: [Errno 111] Connection refused""))"
2026-09-12T23:12:58.263401,1786373852673,POST,http://localhost/api/cicd/execute,0,7.54,"HTTPConnectionPool(host='localhost', port=80): Max retries exceeded with url: /api/cicd/execute (Caused by NewConnectionError(""HTTPConnection(host='localhost', port=80): Failed to establish a new connection: [Errno 111] Connection refused""))"
2026-09-12T23:12:58.263839,1786374210148,GET,http://localhost/api/cicd/status/40665,0,12.34,"HTTPConnectionPool(host='localhost', port=80): Max retries exceeded with url: /api/cicd/status/40665 (Caused by NewConnectionError(""HTTPConnection(host='localhost', port=80): Failed to establish a new connection: [Errno 111] Connection refused""))"
2026-09-12T23:12:58.272573,1786374210148,GET,http://localhost/api/cicd/status/40665,0,1.65,"HTTPConnectionPool(host='localhost', port=80): Max retries exceeded with url: /api/cicd/status/40665 (Caused by NewConnectionError(""HTTPConnection(host='localhost', port=80): Failed to establish a new connection: [Errno 111] Connection refused""))"
2026-09-12T23:12:58.310320,1786373852673,POST,http://localhost/api/cicd/execute,0,1.67,"HTTPConnectionPool(host='localhost', port=80): Max retries exceeded with url: /api/cicd/execute (Caused by NewConnectionError(""HTTPConnection(host='localhost', port=80): Failed to establish a new connection: [Errno 111] Connection refused""))"
2026-09-12T23:12:58.361262,1786373852673,POST,http://localhost/api/cicd/execute,0,2.77,"HTTPConnectionPool(host='localhost', port=80): Max retries exceeded with url: /api/cicd/execute (Caused by NewConnectionError(""HTTPConnection(host='localhost', port=80): Failed to establish a new connection: [Errno 111] Connection refused""))"
2026-09-12T23:12:58.361592,1786374210148,GET,http://localhost/api/cicd/status/40665,0,1.99,"HTTPConnectionPool(host='localhost', port=80): Max retries exceeded with url: /api/cicd/status/40665 (Caused by NewConnectionError(""HTTPConnection(host='localhost', port=80): Failed to establish a new connection: [Errno 111] Connection refused""))"
2026-09-12T23:12:58.370470,1786374210148,GET,http://localhost/api/cicd/status/40665,0,8.0,"HTTPConnectionPool(host='localhost', port=80): Max retries exceeded with url: /api/cicd/status/40665 (Caused by NewConnectionError(""HTTPConnection(host='localhost', port=80): Failed to establish a new connection: [Errno 111] Connection refused""))"
2026-09-12T23:12:58.371007,1786373852673,POST,http://localhost/api/cicd/execute,0,2.88,"HTTPConnectionPool(host='localhost', port=80): Max retries exceeded with url: /api/cicd/execute (Caused by NewConnectionError(""HTTPConnection(host='localhost', port=80): Failed to establish a new connection: [Errno 111] Connection refused""))"
2026-09-12T23:12:58.371397,1786373852673,POST,http://localhost/api/cicd/execute,0,6.76,"HTTPConnectionPool(host='localhost', port=80): Max retries exceeded with url: /api/cicd/execute (Caused by NewConnectionError(""HTTPConnection(host='localhost', port=80): Failed to establish a new connection: [Errno 111] Connection refused""))"
2026-09-12T23:12:58.371638,1786374210148,GET,http://localhost/api/cicd/status/40665,0,5.76,"HTTPConnectionPool(host='localhost', port=80): Max retries exceeded with url: /api/cicd/status/40665 (Caused by NewConnectionError(""HTTPConnection(host='localhost', port=80): Failed to establish a new connection: [Errno 111] Connection refused""))"
2026-09-12T23:12:58.372273,1786374210148,GET,http://localhost/api/cicd/status/40665,0,5.32,"HTTPConnectionPool(host='localhost', port=80): Max retries exceeded with url: /api/cicd/status/40665 (Caused by NewConnectionError(""HTTPConnection(host='localhost', port=80): Failed to establish a new connection: [Errno 111] Connection refused""))"
2026-09-12T23:12:58.372477,1786373852673,POST,http://localhost/api/cicd/execute,0,8.94,"HTTPConnectionPool(host='localhost', port=80): Max retries exceeded with url: /api/cicd/execute (Caused by NewConnectionError(""HTTPConnection(host='localhost', port=80): Failed to establish a new connection: [Errno 111] Connection refused""))"
2026-09-12T23:12:58.374416,1786373852673,POST,http://localhost/api/cicd/execute,0,1.66,"HTTPConnectionPool(host='localhost', port=80): Max retries exceeded with url: /api/cicd/execute (Caused by NewConnectionError(""HTTPConnection(host='localhost', port=80): Failed to establish a new connection: [Errno 111] Connection refused""))"
2026-09-12T23:12:58.412126,1786374210148,GET,http://localhost/api/cicd/status/40665,0,1.62,"HTTPConnectionPool(host='localhost', port=80): Max retries exceeded with url: /api/cicd/status/40665 (Caused by NewConnectionError(""HTTPConnection(host='localhost', port=80): Failed to establish a new connection: [Errno 111] Connection refused""))"
2026-09-12T23:12:58.464234,1786374210148,GET,http://localhost/api/cicd/status/40665,0,2.79,"HTTPConnectionPool(host='localhost', port=80): Max retries exceeded with url: /api/cicd/status/40665 (Caused by NewConnectionError(""HTTPConnection(host='localhost', port=80): Failed to establish a new connection: [Errno 111] Connection refused""))"
2026-09-12T23:12:58.464707,1786373852673,POST,http://localhost/api/cicd/execute,0,2.16,"HTTPConnectionPool(host='localhost', port=80): Max retries exceeded with url: /api/cicd/execute (Caused by NewConnectionError(""HTTPConnection(host='localhost', port=80): Failed to establish a new connection: [Errno 111] Connection refused""))"
2026-09-12T23:12:58.479928,1786374210148,GET,http://localhost/api/cicd/status/40665,0,8.13,"HTTPConnectionPool(host='localhost', port=80): Max retries exceeded with url: /api/cicd/status/40665 (Caused by NewConnectionError(""HTTPConnection(host='localhost', port=80): Failed to establish a new connection: [Errno 111] Connection refused""))"
2026-09-12T23:12:58.480611,1786374210148,GET,http://localhost/api/cicd/status/40665,0,7.69,"HTTPConnectionPool(host='localhost', port=80): Max retries exceeded with url: /api/cicd/status/40665 (Caused by NewConnectionError(""HTTPConnection(host='localhost', port=80): Failed to establish a new connection: [Errno 111] Connection refused""))"
2026-09-12T23:12:58.481015,1786373852673,POST,http://localhost/api/cicd/execute,0,5.71,"HTTPConnectionPool(host='localhost', port=80): Max retries exceeded with url: /api/cicd/execute (Caused by NewConnectionError(""HTTPConnection(host='localhost', port=80): Failed to establish a new connection: [Errno 111] Connection refused""))"
2026-09-12T23:12:58.481309,1786373852673,POST,http://localhost/api/cicd/execute,0,10.65,"HTTPConnectionPool(host='localhost', port=80): Max retries exceeded with url: /api/cicd/execute (Caused by NewConnectionError(""HTTPConnection(host='localhost', port=80): Failed to establish a new connection: [Errno 111] Connection refused""))"
2026-09-12T23:12:58.481778,1786373852673,POST,http://localhost/api/cicd/execute,0,7.74,"HTTPConnectionPool(host='localhost', port=80): Max retries exceeded with url: /api/cicd/execute (Caused by NewConnectionError(""HTTPConnection(host='localhost', port=80): Failed to establish a new connection: [Errno 111] Connection refused""))"
2026-09-12T23:12:58.482177,1786374210148,GET,http://localhost/api/cicd/status/40665,0,4.09,"HTTPConnectionPool(host='localhost', port=80): Max retries exceeded with url: /api/cicd/status/40665 (Caused by NewConnectionError(""HTTPConnection(host='localhost', port=80): Failed to establish a new connection: [Errno 111] Connection refused""))"
2026-09-12T23:12:58.482444,1786374210148,GET,http://localhost/api/cicd/status/40665,0,5.94,"HTTPConnectionPool(host='localhost', port=80): Max retries exceeded with url: /api/cicd/status/40665 (Caused by NewConnectionError(""HTTPConnection(host='localhost', port=80): Failed to establish a new connection: [Errno 111] Connection refused""))"
2026-09-12T23:12:58.514445,1786373852673,POST,http://localhost/api/cicd/execute,0,2.11,"HTTPConnectionPool(host='localhost', port=80): Max retries exceeded with url: /api/cicd/execute (Caused by NewConnectionError(""HTTPConnection(host='localhost', port=80): Failed to establish a new connection: [Errno 111] Connection refused""))"
2026-09-12T23:12:58.567302,1786373852673,POST,http://localhost/api/cicd/execute,0,2.88,"HTTPConnectionPool(host='localhost', port=80): Max retries exceeded with url: /api/cicd/execute (Caused by NewConnectionError(""HTTPConnection(host='localhost', port=80): Failed to establish a new connection: [Errno 111] Connection refused""))"
2026-09-12T23:12:58.567646,1786374210148,GET,http://localhost/api/cicd/status/40665,0,2.09,"HTTPConnectionPool(host='localhost', port=80): Max retries exceeded with url: /api/cicd/status/40665 (Caused by NewConnectionError(""HTTPConnection(host='localhost', port=80): Failed to establish a new connection: [Errno 111] Connection refused""))"
2026-09-12T23:12:58.590710,1786373852673,POST,http://localhost/api/cicd/execute,0,10.6,"HTTPConnectionPool(host='localhost', port=80): Max retries exceeded with url: /api/cicd/execute (Caused by NewConnectionError(""HTTPConnection(host='localhost', port=80): Failed to establish a new connection: [Errno 111] Connection refused""))"
2026-09-12T23:12:58.591409,1786374210148,GET,http://localhost/api/cicd/status/40665,0,4.75,"HTTPConnectionPool(host='localhost', port=80): Max retries exceeded with url: /api/cicd/status/40665 (Caused by NewConnectionError(""HTTPConnection(host='localhost', port=80): Failed to establish a new connection: [Errno 111] Connection refused""))"
2026-09-12T23:12:58.591732,1786374210148,GET,http://localhost/api/cicd/status/40665,0,8.04,"HTTPConnectionPool(host='localhost', port=80): Max retries exceeded with url: /api/cicd/status/40665 (Caused by NewConnectionError(""HTTPConnection(host='localhost', port=80): Failed to establish a new connection: [Errno 111] Connection refused""))"
2026-09-12T23:12:58.592000,1786373852673,POST,http://localhost/api/cicd/execute,0,6.87,"HTTPConnectionPool(host='localhost', port=80): Max retries exceeded with url: /api/cicd/execute (Caused by NewConnectionError(""HTTPConnection(host='localhost', port=80): Failed to establish a new connection: [Errno 111] Connection refused""))"
2026-09-12T23:12:58.592551,1786374210148,GET,http://localhost/api/cicd/status/40665,0,11.33,"HTTPConnectionPool(host='localhost', port=80): Max retries exceeded with url: /api/cicd/status/40665 (Caused by NewConnectionError(""HTTPConnection(host='localhost', port=80): Failed to establish a new connection: [Errno 111] Connection refused""))"
2026-09-12T23:12:58.592926,1786373852673,POST,http://localhost/api/cicd/execute,0,4.75,"HTTPConnectionPool(host='localhost', port=80): Max retries exceeded with url: /api/cicd/execute (Caused by NewConnectionError(""HTTPConnection(host='localhost', port=80): Failed to establish a new connection: [Errno 111] Connection refused""))"
2026-09-12T23:12:58.593142,1786373852673,POST,http://localhost/api/cicd/execute,0,10.78,"HTTPConnectionPool(host='localhost', port=80): Max retries exceeded with url: /api/cicd/execute (Caused by NewConnectionError(""HTTPConnection(host='localhost', port=80): Failed to establish a new connection: [Errno 111] Connection refused""))"
2026-09-12T23:12:58.616276,1786374210148,GET,http://localhost/api/cicd/status/40665,0,1.65,"HTTPConnectionPool(host='localhost', port=80): Max retries exceeded with url: /api/cicd/status/40665 (Caused by NewConnectionError(""HTTPConnection(host='localhost', port=80): Failed to establish a new connection: [Errno 111] Connection refused""))"
2026-09-12T23:12:58.670692,1786374210148,GET,http://localhost/api/cicd/status/40665,0,3.21,"HTTPConnectionPool(host='localhost', port=80): Max retries exceeded with url: /api/cicd/status/40665 (Caused by NewConnectionError(""HTTPConnection(host='localhost', port=80): Failed to establish a new connection: [Errno 111] Connection refused""))"
2026-09-12T23:12:58.671032,1786373852673,POST,http://localhost/api/cicd/execute,0,2.44,"HTTPConnectionPool(host='localhost', port=80): Max retries exceeded with url: /api/cicd/execute (Caused by NewConnectionError(""HTTPConnection(host='localhost', port=80): Failed to establish a new connection: [Errno 111] Connection refused""))"
2026-09-12T23:12:58.700995,1786373852673,POST,http://localhost/api/cicd/execute,0,8.59,"HTTPConnectionPool(host='localhost', port=80): Max retries exceeded with url: /api/cicd/execute (Caused by NewConnectionError(""HTTPConnection(host='localhost', port=80): Failed to establish a new connection: [Errno 111] Connection refused""))"
2026-09-12T23:12:58.701388,1786374210148,GET,http://localhost/api/cicd/status/40665,0,10.5,"HTTPConnectionPool(host='localhost', port=80): Max retries exceeded with url: /api/cicd/status/40665 (Caused by NewConnectionError(""HTTPConnection(host='localhost', port=80): Failed to establish a new connection: [Errno 111] Connection refused""))"
2026-09-12T23:12:58.702033,1786374210148,GET,http://localhost/api/cicd/status/40665,0,4.46,"HTTPConnectionPool(host='localhost', port=80): Max retries exceeded with url: /api/cicd/status/40665 (Caused by NewConnectionError(""HTTPConnection(host='localhost', port=80): Failed to establish a new connection: [Errno 111] Connection refused""))"
2026-09-12T23:12:58.702405,1786373852673,POST,http://localhost/api/cicd/execute,0,8.81,"HTTPConnectionPool(host='localhost', port=80): Max retries exceeded with url: /api/cicd/execute (Caused by NewConnectionError(""HTTPConnection(host='localhost', port=80): Failed to establish a new connection: [Errno 111] Connection refused""))"
2026-09-12T23:12:58.702935,1786373852673,POST,http://localhost/api/cicd/execute,0,6.95,"HTTPConnectionPool(host='localhost', port=80): Max retries exceeded with url: /api/cicd/execute (Caused by NewConnectionError(""HTTPConnection(host='localhost', port=80): Failed to establish a new connection: [Errno 111] Connection refused""))"
2026-09-12T23:12:58.703335,1786374210148,GET,http://localhost/api/cicd/status/40665,0,8.57,"HTTPConnectionPool(host='localhost', port=80): Max retries exceeded with url: /api/cicd/status/40665 (Caused by NewConnectionError(""HTTPConnection(host='localhost', port=80): Failed to establish a new connection: [Errno 111] Connection refused""))"
2026-09-12T23:12:58.703680,1786374210148,GET,http://localhost/api/cicd/status/40665,0,4.46,"HTTPConnectionPool(host='localhost', port=80): Max retries exceeded with url: /api/cicd/status/40665 (Caused by NewConnectionError(""HTTPConnection(host='localhost', port=80): Failed to establish a new connection: [Errno 111] Connection refused""))"
2026-09-12T23:12:58.718141,1786373852673,POST,http://localhost/api/cicd/execute,0,1.68,"HTTPConnectionPool(host='localhost', port=80): Max retries exceeded with url: /api/cicd/execute (Caused by NewConnectionError(""HTTPConnection(host='localhost', port=80): Failed to establish a new connection: [Errno 111] Connection refused""))"
2026-09-12T23:12:58.773719,1786373852673,POST,http://localhost/api/cicd/execute,0,2.84,"HTTPConnectionPool(host='localhost', port=80): Max retries exceeded with url: /api/cicd/execute (Caused by NewConnectionError(""HTTPConnection(host='localhost', port=80): Failed to establish a new connection: [Errno 111] Connection refused""))"
2026-09-12T23:12:58.774060,1786374210148,GET,http://localhost/api/cicd/status/40665,0,2.04,"HTTPConnectionPool(host='localhost', port=80): Max retries exceeded with url: /api/cicd/status/40665 (Caused by NewConnectionError(""HTTPConnection(host='localhost', port=80): Failed to establish a new connection: [Errno 111] Connection refused""))"
2026-09-12T23:12:58.811182,1786374210148,GET,http://localhost/api/cicd/status/40665,0,9.99,"HTTPConnectionPool(host='localhost', port=80): Max retries exceeded with url: /api/cicd/status/40665 (Caused by NewConnectionError(""HTTPConnection(host='localhost', port=80): Failed to establish a new connection: [Errno 111] Connection refused""))"
2026-09-12T23:12:58.811550,1786373852673,POST,http://localhost/api/cicd/execute,0,9.32,"HTTPConnectionPool(host='localhost', port=80): Max retries exceeded with url: /api/cicd/execute (Caused by NewConnectionError(""HTTPConnection(host='localhost', port=80): Failed to establish a new connection: [Errno 111] Connection refused""))"
2026-09-12T23:12:58.812332,1786374210148,GET,http://localhost/api/cicd/status/40665,0,7.55,"HTTPConnectionPool(host='localhost', port=80): Max retries exceeded with url: /api/cicd/status/40665 (Caused by NewConnectionError(""HTTPConnection(host='localhost', port=80): Failed to establish a new connection: [Errno 111] Connection refused""))"
2026-09-12T23:12:58.812605,1786374210148,GET,http://localhost/api/cicd/status/40665,0,5.19,"HTTPConnectionPool(host='localhost', port=80): Max retries exceeded with url: /api/cicd/status/40665 (Caused by NewConnectionError(""HTTPConnection(host='localhost', port=80): Failed to establish a new connection: [Errno 111] Connection refused""))"
2026-09-12T23:12:58.812930,1786373852673,POST,http://localhost/api/cicd/execute,0,3.9,"HTTPConnectionPool(host='localhost', port=80): Max retries exceeded with url: /api/cicd/execute (Caused by NewConnectionError(""HTTPConnection(host='localhost', port=80): Failed to establish a new connection: [Errno 111] Connection refused""))"
2026-09-12T23:12:58.813285,1786373852673,POST,http://localhost/api/cicd/execute,0,9.83,"HTTPConnectionPool(host='localhost', port=80): Max retries exceeded with url: /api/cicd/execute (Caused by NewConnectionError(""HTTPConnection(host='localhost', port=80): Failed to establish a new connection: [Errno 111] Connection refused""))"
2026-09-12T23:12:58.813572,1786373852673,POST,http://localhost/api/cicd/execute,0,7.45,"HTTPConnectionPool(host='localhost', port=80): Max retries exceeded with url: /api/cicd/execute (Caused by NewConnectionError(""HTTPConnection(host='localhost', port=80): Failed to establish a new connection: [Errno 111] Connection refused""))"
2026-09-12T23:12:58.820358,1786374210148,GET,http://localhost/api/cicd/status/40665,0,2.0,"HTTPConnectionPool(host='localhost', port=80): Max retries exceeded with url: /api/cicd/status/40665 (Caused by NewConnectionError(""HTTPConnection(host='localhost', port=80): Failed to establish a new connection: [Errno 111] Connection refused""))"
2026-09-12T23:12:58.876677,1786374210148,GET,http://localhost/api/cicd/status/40665,0,2.78,"HTTPConnectionPool(host='localhost', port=80): Max retries exceeded with url: /api/cicd/status/40665 (Caused by NewConnectionError(""HTTPConnection(host='localhost', port=80): Failed to establish a new connection: [Errno 111] Connection refused""))"
2026-09-12T23:12:58.877128,1786373852673,POST,http://localhost/api/cicd/execute,0,2.13,"HTTPConnectionPool(host='localhost', port=80): Max retries exceeded with url: /api/cicd/execute (Caused by NewConnectionError(""HTTPConnection(host='localhost', port=80): Failed to establish a new connection: [Errno 111] Connection refused""))"
2026-09-12T23:12:58.922210,1786373852673,POST,http://localhost/api/cicd/execute,0,10.88,"HTTPConnectionPool(host='localhost', port=80): Max retries exceeded with url: /api/cicd/execute (Caused by NewConnectionError(""HTTPConnection(host='localhost', port=80): Failed to establish a new connection: [Errno 111] Connection refused""))"
2026-09-12T23:12:58.922810,1786374210148,GET,http://localhost/api/cicd/status/40665,0,10.35,"HTTPConnectionPool(host='localhost', port=80): Max retries exceeded with url: /api/cicd/status/40665 (Caused by NewConnectionError(""HTTPConnection(host='localhost', port=80): Failed to establish a new connection: [Errno 111] Connection refused""))"
2026-09-12T23:12:58.923360,1786374210148,GET,http://localhost/api/cicd/status/40665,0,5.73,"HTTPConnectionPool(host='localhost', port=80): Max retries exceeded with url: /api/cicd/status/40665 (Caused by NewConnectionError(""HTTPConnection(host='localhost', port=80): Failed to establish a new connection: [Errno 111] Connection refused""))"
2026-09-12T23:12:58.924375,1786374210148,GET,http://localhost/api/cicd/status/40665,0,8.31,"HTTPConnectionPool(host='localhost', port=80): Max retries exceeded with url: /api/cicd/status/40665 (Caused by NewConnectionError(""HTTPConnection(host='localhost', port=80): Failed to establish a new connection: [Errno 111] Connection refused""))"
2026-09-12T23:12:58.924791,1786373852673,POST,http://localhost/api/cicd/execute,0,11.15,"HTTPConnectionPool(host='localhost', port=80): Max retries exceeded with url: /api/cicd/execute (Caused by NewConnectionError(""HTTPConnection(host='localhost', port=80): Failed to establish a new connection: [Errno 111] Connection refused""))"
2026-09-12T23:12:58.925047,1786374210148,GET,http://localhost/api/cicd/status/40665,0,6.28,"HTTPConnectionPool(host='localhost', port=80): Max retries exceeded with url: /api/cicd/status/40665 (Caused by NewConnectionError(""HTTPConnection(host='localhost', port=80): Failed to establish a new connection: [Errno 111] Connection refused""))"
2026-09-12T23:12:58.925662,1786373852673,POST,http://localhost/api/cicd/execute,0,5.13,"HTTPConnectionPool(host='localhost', port=80): Max retries exceeded with url: /api/cicd/execute (Caused by NewConnectionError(""HTTPConnection(host='localhost', port=80): Failed to establish a new connection: [Errno 111] Connection refused""))"
2026-09-12T23:12:58.925913,1786373852673,POST,http://localhost/api/cicd/execute,0,11.0,"HTTPConnectionPool(host='localhost', port=80): Max retries exceeded with url: /api/cicd/execute (Caused by NewConnectionError(""HTTPConnection(host='localhost', port=80): Failed to establish a new connection: [Errno 111] Connection refused""))"
2026-09-12T23:12:58.979672,1786373852673,POST,http://localhost/api/cicd/execute,0,2.81,"HTTPConnectionPool(host='localhost', port=80): Max retries exceeded with url: /api/cicd/execute (Caused by NewConnectionError(""HTTPConnection(host='localhost', port=80): Failed to establish a new connection: [Errno 111] Connection refused""))"
2026-09-12T23:12:58.980045,1786374210148,GET,http://localhost/api/cicd/status/40665,0,2.06,"HTTPConnectionPool(host='localhost', port=80): Max retries exceeded with url: /api/cicd/status/40665 (Caused by NewConnectionError(""HTTPConnection(host='localhost', port=80): Failed to establish a new connection: [Errno 111] Connection refused""))"
2026-09-12T23:12:59.033283,1786374210148,GET,http://localhost/api/cicd/status/40665,0,10.89,"HTTPConnectionPool(host='localhost', port=80): Max retries exceeded with url: /api/cicd/status/40665 (Caused by NewConnectionError(""HTTPConnection(host='localhost', port=80): Failed to establish a new connection: [Errno 111] Connection refused""))"
2026-09-12T23:12:59.033859,1786373852673,POST,http://localhost/api/cicd/execute,0,9.23,"HTTPConnectionPool(host='localhost', port=80): Max retries exceeded with url: /api/cicd/execute (Caused by NewConnectionError(""HTTPConnection(host='localhost', port=80): Failed to establish a new connection: [Errno 111] Connection refused""))"
2026-09-12T23:12:59.034369,1786373852673,POST,http://localhost/api/cicd/execute,0,10.89,"HTTPConnectionPool(host='localhost', port=80): Max retries exceeded with url: /api/cicd/execute (Caused by NewConnectionError(""HTTPConnection(host='localhost', port=80): Failed to establish a new connection: [Errno 111] Connection refused""))"
2026-09-12T23:12:59.034751,1786374210148,GET,http://localhost/api/cicd/status/40665,0,8.66,"HTTPConnectionPool(host='localhost', port=80): Max retries exceeded with url: /api/cicd/status/40665 (Caused by NewConnectionError(""HTTPConnection(host='localhost', port=80): Failed to establish a new connection: [Errno 111] Connection refused""))"
2026-09-12T23:12:59.035535,1786374210148,GET,http://localhost/api/cicd/status/40665,0,4.4,"HTTPConnectionPool(host='localhost', port=80): Max retries exceeded with url: /api/cicd/status/40665 (Caused by NewConnectionError(""HTTPConnection(host='localhost', port=80): Failed to establish a new connection: [Errno 111] Connection refused""))"
2026-09-12T23:12:59.035780,1786373852673,POST,http://localhost/api/cicd/execute,0,5.93,"HTTPConnectionPool(host='localhost', port=80): Max retries exceeded with url: /api/cicd/execute (Caused by NewConnectionError(""HTTPConnection(host='localhost', port=80): Failed to establish a new connection: [Errno 111] Connection refused""))"
2026-09-12T23:12:59.036210,1786373852673,POST,http://localhost/api/cicd/execute,0,8.88,"HTTPConnectionPool(host='localhost', port=80): Max retries exceeded with url: /api/cicd/execute (Caused by NewConnectionError(""HTTPConnection(host='localhost', port=80): Failed to establish a new connection: [Errno 111] Connection refused""))"
2026-09-12T23:12:59.036551,1786374210148,GET,http://localhost/api/cicd/status/40665,0,8.03,"HTTPConnectionPool(host='localhost', port=80): Max retries exceeded with url: /api/cicd/status/40665 (Caused by NewConnectionError(""HTTPConnection(host='localhost', port=80): Failed to establish a new connection: [Errno 111] Connection refused""))"
2026-09-12T23:12:59.083164,1786374210148,GET,http://localhost/api/cicd/status/40665,0,3.29,"HTTPConnectionPool(host='localhost', port=80): Max retries exceeded with url: /api/cicd/status/40665 (Caused by NewConnectionError(""HTTPConnection(host='localhost', port=80): Failed to establish a new connection: [Errno 111] Connection refused""))"
2026-09-12T23:12:59.083669,1786373852673,POST,http://localhost/api/cicd/execute,0,2.7,"HTTPConnectionPool(host='localhost', port=80): Max retries exceeded with url: /api/cicd/execute (Caused by NewConnectionError(""HTTPConnection(host='localhost', port=80): Failed to establish a new connection: [Errno 111] Connection refused""))"
2026-09-12T23:12:59.144749,1786373852673,POST,http://localhost/api/cicd/execute,0,5.25,"HTTPConnectionPool(host='localhost', port=80): Max retries exceeded with url: /api/cicd/execute (Caused by NewConnectionError(""HTTPConnection(host='localhost', port=80): Failed to establish a new connection: [Errno 111] Connection refused""))"
2026-09-12T23:12:59.144991,1786373852673,POST,http://localhost/api/cicd/execute,0,11.52,"HTTPConnectionPool(host='localhost', port=80): Max retries exceeded with url: /api/cicd/execute (Caused by NewConnectionError(""HTTPConnection(host='localhost', port=80): Failed to establish a new connection: [Errno 111] Connection refused""))"
2026-09-12T23:12:59.145678,1786373852673,POST,http://localhost/api/cicd/execute,0,3.9,"HTTPConnectionPool(host='localhost', port=80): Max retries exceeded with url: /api/cicd/execute (Caused by NewConnectionError(""HTTPConnection(host='localhost', port=80): Failed to establish a new connection: [Errno 111] Connection refused""))"
2026-09-12T23:12:59.146061,1786374210148,GET,http://localhost/api/cicd/status/40665,0,10.39,"HTTPConnectionPool(host='localhost', port=80): Max retries exceeded with url: /api/cicd/status/40665 (Caused by NewConnectionError(""HTTPConnection(host='localhost', port=80): Failed to establish a new connection: [Errno 111] Connection refused""))"
2026-09-12T23:12:59.146441,1786374210148,GET,http://localhost/api/cicd/status/40665,0,11.89,"HTTPConnectionPool(host='localhost', port=80): Max retries exceeded with url: /api/cicd/status/40665 (Caused by NewConnectionError(""HTTPConnection(host='localhost', port=80): Failed to establish a new connection: [Errno 111] Connection refused""))"
2026-09-12T23:12:59.146744,1786374210148,GET,http://localhost/api/cicd/status/40665,0,6.08,"HTTPConnectionPool(host='localhost', port=80): Max retries exceeded with url: /api/cicd/status/40665 (Caused by NewConnectionError(""HTTPConnection(host='localhost', port=80): Failed to establish a new connection: [Errno 111] Connection refused""))"
2026-09-12T23:12:59.147184,1786374210148,GET,http://localhost/api/cicd/status/40665,0,10.05,"HTTPConnectionPool(host='localhost', port=80): Max retries exceeded with url: /api/cicd/status/40665 (Caused by NewConnectionError(""HTTPConnection(host='localhost', port=80): Failed to establish a new connection: [Errno 111] Connection refused""))"
2026-09-12T23:12:59.147408,1786373852673,POST,http://localhost/api/cicd/execute,0,9.15,"HTTPConnectionPool(host='localhost', port=80): Max retries exceeded with url: /api/cicd/execute (Caused by NewConnectionError(""HTTPConnection(host='localhost', port=80): Failed to establish a new connection: [Errno 111] Connection refused""))"
2026-09-12T23:12:59.186208,1786373852673,POST,http://localhost/api/cicd/execute,0,2.85,"HTTPConnectionPool(host='localhost', port=80): Max retries exceeded with url: /api/cicd/execute (Caused by NewConnectionError(""HTTPConnection(host='localhost', port=80): Failed to establish a new connection: [Errno 111] Connection refused""))"
2026-09-12T23:12:59.186860,1786374210148,GET,http://localhost/api/cicd/status/40665,0,2.35,"HTTPConnectionPool(host='localhost', port=80): Max retries exceeded with url: /api/cicd/status/40665 (Caused by NewConnectionError(""HTTPConnection(host='localhost', port=80): Failed to establish a new connection: [Errno 111] Connection refused""))"
2026-09-12T23:12:59.256949,1786374210148,GET,http://localhost/api/cicd/status/40665,0,12.02,"HTTPConnectionPool(host='localhost', port=80): Max retries exceeded with url: /api/cicd/status/40665 (Caused by NewConnectionError(""HTTPConnection(host='localhost', port=80): Failed to establish a new connection: [Errno 111] Connection refused""))"
2026-09-12T23:12:59.257275,1786373852673,POST,http://localhost/api/cicd/execute,0,8.53,"HTTPConnectionPool(host='localhost', port=80): Max retries exceeded with url: /api/cicd/execute (Caused by NewConnectionError(""HTTPConnection(host='localhost', port=80): Failed to establish a new connection: [Errno 111] Connection refused""))"
2026-09-12T23:12:59.257792,1786373852673,POST,http://localhost/api/cicd/execute,0,7.67,"HTTPConnectionPool(host='localhost', port=80): Max retries exceeded with url: /api/cicd/execute (Caused by NewConnectionError(""HTTPConnection(host='localhost', port=80): Failed to establish a new connection: [Errno 111] Connection refused""))"
2026-09-12T23:12:59.258024,1786374210148,GET,http://localhost/api/cicd/status/40665,0,10.83,"HTTPConnectionPool(host='localhost', port=80): Max retries exceeded with url: /api/cicd/status/40665 (Caused by NewConnectionError(""HTTPConnection(host='localhost', port=80): Failed to establish a new connection: [Errno 111] Connection refused""))"
2026-09-12T23:12:59.258509,1786373852673,POST,http://localhost/api/cicd/execute,0,7.11,"HTTPConnectionPool(host='localhost', port=80): Max retries exceeded with url: /api/cicd/execute (Caused by NewConnectionError(""HTTPConnection(host='localhost', port=80): Failed to establish a new connection: [Errno 111] Connection refused""))"
2026-09-12T23:12:59.258870,1786374210148,GET,http://localhost/api/cicd/status/40665,0,12.81,"HTTPConnectionPool(host='localhost', port=80): Max retries exceeded with url: /api/cicd/status/40665 (Caused by NewConnectionError(""HTTPConnection(host='localhost', port=80): Failed to establish a new connection: [Errno 111] Connection refused""))"
2026-09-12T23:12:59.259318,1786374210148,GET,http://localhost/api/cicd/status/40665,0,6.77,"HTTPConnectionPool(host='localhost', port=80): Max retries exceeded with url: /api/cicd/status/40665 (Caused by NewConnectionError(""HTTPConnection(host='localhost', port=80): Failed to establish a new connection: [Errno 111] Connection refused""))"
2026-09-12T23:12:59.259617,1786373852673,POST,http://localhost/api/cicd/execute,0,5.93,"HTTPConnectionPool(host='localhost', port=80): Max retries exceeded with url: /api/cicd/execute (Caused by NewConnectionError(""HTTPConnection(host='localhost', port=80): Failed to establish a new connection: [Errno 111] Connection refused""))"
2026-09-12T23:12:59.289291,1786374210148,GET,http://localhost/api/cicd/status/40665,0,2.9,"HTTPConnectionPool(host='localhost', port=80): Max retries exceeded with url: /api/cicd/status/40665 (Caused by NewConnectionError(""HTTPConnection(host='localhost', port=80): Failed to establish a new connection: [Errno 111] Connection refused""))"
2026-09-12T23:12:59.289641,1786373852673,POST,http://localhost/api/cicd/execute,0,2.13,"HTTPConnectionPool(host='localhost', port=80): Max retries exceeded with url: /api/cicd/execute (Caused by NewConnectionError(""HTTPConnection(host='localhost', port=80): Failed to establish a new connection: [Errno 111] Connection refused""))"
2026-09-12T23:12:59.371517,1786373852673,POST,http://localhost/api/cicd/execute,0,14.39,"HTTPConnectionPool(host='localhost', port=80): Max retries exceeded with url: /api/cicd/execute (Caused by NewConnectionError(""HTTPConnection(host='localhost', port=80): Failed to establish a new connection: [Errno 111] Connection refused""))"
2026-09-12T23:12:59.371892,1786374210148,GET,http://localhost/api/cicd/status/40665,0,12.53,"HTTPConnectionPool(host='localhost', port=80): Max retries exceeded with url: /api/cicd/status/40665 (Caused by NewConnectionError(""HTTPConnection(host='localhost', port=80): Failed to establish a new connection: [Errno 111] Connection refused""))"
2026-09-12T23:12:59.372431,1786373852673,POST,http://localhost/api/cicd/execute,0,5.66,"HTTPConnectionPool(host='localhost', port=80): Max retries exceeded with url: /api/cicd/execute (Caused by NewConnectionError(""HTTPConnection(host='localhost', port=80): Failed to establish a new connection: [Errno 111] Connection refused""))"
2026-09-12T23:12:59.372866,1786374210148,GET,http://localhost/api/cicd/status/40665,0,11.25,"HTTPConnectionPool(host='localhost', port=80): Max retries exceeded with url: /api/cicd/status/40665 (Caused by NewConnectionError(""HTTPConnection(host='localhost', port=80): Failed to establish a new connection: [Errno 111] Connection refused""))"
2026-09-12T23:12:59.373116,1786374210148,GET,http://localhost/api/cicd/status/40665,0,12.67,"HTTPConnectionPool(host='localhost', port=80): Max retries exceeded with url: /api/cicd/status/40665 (Caused by NewConnectionError(""HTTPConnection(host='localhost', port=80): Failed to establish a new connection: [Errno 111] Connection refused""))"
2026-09-12T23:12:59.373456,1786374210148,GET,http://localhost/api/cicd/status/40665,0,5.39,"HTTPConnectionPool(host='localhost', port=80): Max retries exceeded with url: /api/cicd/status/40665 (Caused by NewConnectionError(""HTTPConnection(host='localhost', port=80): Failed to establish a new connection: [Errno 111] Connection refused""))"
2026-09-12T23:12:59.373652,1786373852673,POST,http://localhost/api/cicd/execute,0,15.45,"HTTPConnectionPool(host='localhost', port=80): Max retries exceeded with url: /api/cicd/execute (Caused by NewConnectionError(""HTTPConnection(host='localhost', port=80): Failed to establish a new connection: [Errno 111] Connection refused""))"
2026-09-12T23:12:59.373871,1786373852673,POST,http://localhost/api/cicd/execute,0,4.65,"HTTPConnectionPool(host='localhost', port=80): Max retries exceeded with url: /api/cicd/execute (Caused by NewConnectionError(""HTTPConnection(host='localhost', port=80): Failed to establish a new connection: [Errno 111] Connection refused""))"
2026-09-12T23:12:59.392140,1786373852673,POST,http://localhost/api/cicd/execute,0,2.67,"HTTPConnectionPool(host='localhost', port=80): Max retries exceeded with url: /api/cicd/execute (Caused by NewConnectionError(""HTTPConnection(host='localhost', port=80): Failed to establish a new connection: [Errno 111] Connection refused""))"
2026-09-12T23:12:59.392617,1786374210148,GET,http://localhost/api/cicd/status/40665,0,2.04,"HTTPConnectionPool(host='localhost', port=80): Max retries exceeded with url: /api/cicd/status/40665 (Caused by NewConnectionError(""HTTPConnection(host='localhost', port=80): Failed to establish a new connection: [Errno 111] Connection refused""))"
2026-09-12T23:12:59.482620,1786373852673,POST,http://localhost/api/cicd/execute,0,9.65,"HTTPConnectionPool(host='localhost', port=80): Max retries exceeded with url: /api/cicd/execute (Caused by NewConnectionError(""HTTPConnection(host='localhost', port=80): Failed to establish a new connection: [Errno 111] Connection refused""))"
2026-09-12T23:12:59.482916,1786374210148,GET,http://localhost/api/cicd/status/40665,0,11.24,"HTTPConnectionPool(host='localhost', port=80): Max retries exceeded with url: /api/cicd/status/40665 (Caused by NewConnectionError(""HTTPConnection(host='localhost', port=80): Failed to establish a new connection: [Errno 111] Connection refused""))"
2026-09-12T23:12:59.483826,1786374210148,GET,http://localhost/api/cicd/status/40665,0,9.79,"HTTPConnectionPool(host='localhost', port=80): Max retries exceeded with url: /api/cicd/status/40665 (Caused by NewConnectionError(""HTTPConnection(host='localhost', port=80): Failed to establish a new connection: [Errno 111] Connection refused""))"
2026-09-12T23:12:59.484717,1786374210148,GET,http://localhost/api/cicd/status/40665,0,7.19,"HTTPConnectionPool(host='localhost', port=80): Max retries exceeded with url: /api/cicd/status/40665 (Caused by NewConnectionError(""HTTPConnection(host='localhost', port=80): Failed to establish a new connection: [Errno 111] Connection refused""))"
2026-09-12T23:12:59.485115,1786373852673,POST,http://localhost/api/cicd/execute,0,6.1,"HTTPConnectionPool(host='localhost', port=80): Max retries exceeded with url: /api/cicd/execute (Caused by NewConnectionError(""HTTPConnection(host='localhost', port=80): Failed to establish a new connection: [Errno 111] Connection refused""))"
2026-09-12T23:12:59.485365,1786374210148,GET,http://localhost/api/cicd/status/40665,0,5.05,"HTTPConnectionPool(host='localhost', port=80): Max retries exceeded with url: /api/cicd/status/40665 (Caused by NewConnectionError(""HTTPConnection(host='localhost', port=80): Failed to establish a new connection: [Errno 111] Connection refused""))"
2026-09-12T23:12:59.485631,1786373852673,POST,http://localhost/api/cicd/execute,0,10.51,"HTTPConnectionPool(host='localhost', port=80): Max retries exceeded with url: /api/cicd/execute (Caused by NewConnectionError(""HTTPConnection(host='localhost', port=80): Failed to establish a new connection: [Errno 111] Connection refused""))"
2026-09-12T23:12:59.486068,1786373852673,POST,http://localhost/api/cicd/execute,0,9.71,"HTTPConnectionPool(host='localhost', port=80): Max retries exceeded with url: /api/cicd/execute (Caused by NewConnectionError(""HTTPConnection(host='localhost', port=80): Failed to establish a new connection: [Errno 111] Connection refused""))"
2026-09-12T23:12:59.495104,1786374210148,GET,http://localhost/api/cicd/status/40665,0,2.76,"HTTPConnectionPool(host='localhost', port=80): Max retries exceeded with url: /api/cicd/status/40665 (Caused by NewConnectionError(""HTTPConnection(host='localhost', port=80): Failed to establish a new connection: [Errno 111] Connection refused""))"
2026-09-12T23:12:59.495569,1786373852673,POST,http://localhost/api/cicd/execute,0,2.13,"HTTPConnectionPool(host='localhost', port=80): Max retries exceeded with url: /api/cicd/execute (Caused by NewConnectionError(""HTTPConnection(host='localhost', port=80): Failed to establish a new connection: [Errno 111] Connection refused""))"
2026-09-12T23:12:59.593993,1786374210148,GET,http://localhost/api/cicd/status/40665,0,11.19,"HTTPConnectionPool(host='localhost', port=80): Max retries exceeded with url: /api/cicd/status/40665 (Caused by NewConnectionError(""HTTPConnection(host='localhost', port=80): Failed to establish a new connection: [Errno 111] Connection refused""))"
2026-09-12T23:12:59.594467,1786373852673,POST,http://localhost/api/cicd/execute,0,3.45,"HTTPConnectionPool(host='localhost', port=80): Max retries exceeded with url: /api/cicd/execute (Caused by NewConnectionError(""HTTPConnection(host='localhost', port=80): Failed to establish a new connection: [Errno 111] Connection refused""))"
2026-09-12T23:12:59.594988,1786374210148,GET,http://localhost/api/cicd/status/40665,0,8.52,"HTTPConnectionPool(host='localhost', port=80): Max retries exceeded with url: /api/cicd/status/40665 (Caused by NewConnectionError(""HTTPConnection(host='localhost', port=80): Failed to establish a new connection: [Errno 111] Connection refused""))"
2026-09-12T23:12:59.595310,1786374210148,GET,http://localhost/api/cicd/status/40665,0,6.51,"HTTPConnectionPool(host='localhost', port=80): Max retries exceeded with url: /api/cicd/status/40665 (Caused by NewConnectionError(""HTTPConnection(host='localhost', port=80): Failed to establish a new connection: [Errno 111] Connection refused""))"
2026-09-12T23:12:59.595565,1786373852673,POST,http://localhost/api/cicd/execute,0,10.35,"HTTPConnectionPool(host='localhost', port=80): Max retries exceeded with url: /api/cicd/execute (Caused by NewConnectionError(""HTTPConnection(host='localhost', port=80): Failed to establish a new connection: [Errno 111] Connection refused""))"
2026-09-12T23:12:59.595779,1786374210148,GET,http://localhost/api/cicd/status/40665,0,5.87,"HTTPConnectionPool(host='localhost', port=80): Max retries exceeded with url: /api/cicd/status/40665 (Caused by NewConnectionError(""HTTPConnection(host='localhost', port=80): Failed to establish a new connection: [Errno 111] Connection refused""))"
2026-09-12T23:12:59.597431,1786373852673,POST,http://localhost/api/cicd/execute,0,13.48,"HTTPConnectionPool(host='localhost', port=80): Max retries exceeded with url: /api/cicd/execute (Caused by NewConnectionError(""HTTPConnection(host='localhost', port=80): Failed to establish a new connection: [Errno 111] Connection refused""))"
2026-09-12T23:12:59.599601,1786373852673,POST,http://localhost/api/cicd/execute,0,11.98,"HTTPConnectionPool(host='localhost', port=80): Max retries exceeded with url: /api/cicd/execute (Caused by NewConnectionError(""HTTPConnection(host='localhost', port=80): Failed to establish a new connection: [Errno 111] Connection refused""))"
2026-09-12T23:12:59.600234,1786373852673,POST,http://localhost/api/cicd/execute,0,4.09,"HTTPConnectionPool(host='localhost', port=80): Max retries exceeded with url: /api/cicd/execute (Caused by NewConnectionError(""HTTPConnection(host='localhost', port=80): Failed to establish a new connection: [Errno 111] Connection refused""))"
2026-09-12T23:12:59.600542,1786374210148,GET,http://localhost/api/cicd/status/40665,0,2.85,"HTTPConnectionPool(host='localhost', port=80): Max retries exceeded with url: /api/cicd/status/40665 (Caused by NewConnectionError(""HTTPConnection(host='localhost', port=80): Failed to establish a new connection: [Errno 111] Connection refused""))"
2026-09-12T23:12:59.707401,1786373852673,POST,http://localhost/api/cicd/execute,0,13.21,"HTTPConnectionPool(host='localhost', port=80): Max retries exceeded with url: /api/cicd/execute (Caused by NewConnectionError(""HTTPConnection(host='localhost', port=80): Failed to establish a new connection: [Errno 111] Connection refused""))"
2026-09-12T23:12:59.708885,1786374210148,GET,http://localhost/api/cicd/status/40665,0,8.86,"HTTPConnectionPool(host='localhost', port=80): Max retries exceeded with url: /api/cicd/status/40665 (Caused by NewConnectionError(""HTTPConnection(host='localhost', port=80): Failed to establish a new connection: [Errno 111] Connection refused""))"
2026-09-12T23:12:59.709388,1786374210148,GET,http://localhost/api/cicd/status/40665,0,14.01,"HTTPConnectionPool(host='localhost', port=80): Max retries exceeded with url: /api/cicd/status/40665 (Caused by NewConnectionError(""HTTPConnection(host='localhost', port=80): Failed to establish a new connection: [Errno 111] Connection refused""))"
2026-09-12T23:12:59.709887,1786374210148,GET,http://localhost/api/cicd/status/40665,0,8.52,"HTTPConnectionPool(host='localhost', port=80): Max retries exceeded with url: /api/cicd/status/40665 (Caused by NewConnectionError(""HTTPConnection(host='localhost', port=80): Failed to establish a new connection: [Errno 111] Connection refused""))"
2026-09-12T23:12:59.710337,1786373852673,POST,http://localhost/api/cicd/execute,0,12.65,"HTTPConnectionPool(host='localhost', port=80): Max retries exceeded with url: /api/cicd/execute (Caused by NewConnectionError(""HTTPConnection(host='localhost', port=80): Failed to establish a new connection: [Errno 111] Connection refused""))"
2026-09-12T23:12:59.710678,1786373852673,POST,http://localhost/api/cicd/execute,0,14.16,"HTTPConnectionPool(host='localhost', port=80): Max retries exceeded with url: /api/cicd/execute (Caused by NewConnectionError(""HTTPConnection(host='localhost', port=80): Failed to establish a new connection: [Errno 111] Connection refused""))"
2026-09-12T23:12:59.711056,1786373852673,POST,http://localhost/api/cicd/execute,0,5.0,"HTTPConnectionPool(host='localhost', port=80): Max retries exceeded with url: /api/cicd/execute (Caused by NewConnectionError(""HTTPConnection(host='localhost', port=80): Failed to establish a new connection: [Errno 111] Connection refused""))"
2026-09-12T23:12:59.711379,1786374210148,GET,http://localhost/api/cicd/status/40665,0,12.44,"HTTPConnectionPool(host='localhost', port=80): Max retries exceeded with url: /api/cicd/status/40665 (Caused by NewConnectionError(""HTTPConnection(host='localhost', port=80): Failed to establish a new connection: [Errno 111] Connection refused""))"
2026-09-12T23:12:59.711683,1786373852673,POST,http://localhost/api/cicd/execute,0,9.22,"HTTPConnectionPool(host='localhost', port=80): Max retries exceeded with url: /api/cicd/execute (Caused by NewConnectionError(""HTTPConnection(host='localhost', port=80): Failed to establish a new connection: [Errno 111] Connection refused""))"
2026-09-12T23:12:59.711982,1786374210148,GET,http://localhost/api/cicd/status/40665,0,7.03,"HTTPConnectionPool(host='localhost', port=80): Max retries exceeded with url: /api/cicd/status/40665 (Caused by NewConnectionError(""HTTPConnection(host='localhost', port=80): Failed to establish a new connection: [Errno 111] Connection refused""))"
2026-09-12T23:12:59.811990,1786374210148,GET,http://localhost/api/cicd/status/40665,0,4.4,"HTTPConnectionPool(host='localhost', port=80): Max retries exceeded with url: /api/cicd/status/40665 (Caused by NewConnectionError(""HTTPConnection(host='localhost', port=80): Failed to establish a new connection: [Errno 111] Connection refused""))"
2026-09-12T23:12:59.822325,1786373852673,POST,http://localhost/api/cicd/execute,0,13.24,"HTTPConnectionPool(host='localhost', port=80): Max retries exceeded with url: /api/cicd/execute (Caused by NewConnectionError(""HTTPConnection(host='localhost', port=80): Failed to establish a new connection: [Errno 111] Connection refused""))"
2026-09-12T23:12:59.822760,1786373852673,POST,http://localhost/api/cicd/execute,0,4.56,"HTTPConnectionPool(host='localhost', port=80): Max retries exceeded with url: /api/cicd/execute (Caused by NewConnectionError(""HTTPConnection(host='localhost', port=80): Failed to establish a new connection: [Errno 111] Connection refused""))"
2026-09-12T23:12:59.823592,1786373852673,POST,http://localhost/api/cicd/execute,0,10.04,"HTTPConnectionPool(host='localhost', port=80): Max retries exceeded with url: /api/cicd/execute (Caused by NewConnectionError(""HTTPConnection(host='localhost', port=80): Failed to establish a new connection: [Errno 111] Connection refused""))"
2026-09-12T23:12:59.823876,1786373852673,POST,http://localhost/api/cicd/execute,0,13.62,"HTTPConnectionPool(host='localhost', port=80): Max retries exceeded with url: /api/cicd/execute (Caused by NewConnectionError(""HTTPConnection(host='localhost', port=80): Failed to establish a new connection: [Errno 111] Connection refused""))"
2026-09-12T23:12:59.824252,1786374210148,GET,http://localhost/api/cicd/status/40665,0,4.43,"HTTPConnectionPool(host='localhost', port=80): Max retries exceeded with url: /api/cicd/status/40665 (Caused by NewConnectionError(""HTTPConnection(host='localhost', port=80): Failed to establish a new connection: [Errno 111] Connection refused""))"
2026-09-12T23:12:59.824928,1786374210148,GET,http://localhost/api/cicd/status/40665,0,7.85,"HTTPConnectionPool(host='localhost', port=80): Max retries exceeded with url: /api/cicd/status/40665 (Caused by NewConnectionError(""HTTPConnection(host='localhost', port=80): Failed to establish a new connection: [Errno 111] Connection refused""))"
2026-09-12T23:12:59.825320,1786374210148,GET,http://localhost/api/cicd/status/40665,0,12.96,"HTTPConnectionPool(host='localhost', port=80): Max retries exceeded with url: /api/cicd/status/40665 (Caused by NewConnectionError(""HTTPConnection(host='localhost', port=80): Failed to establish a new connection: [Errno 111] Connection refused""))"
2026-09-12T23:12:59.825777,1786374210148,GET,http://localhost/api/cicd/status/40665,0,9.8,"HTTPConnectionPool(host='localhost', port=80): Max retries exceeded with url: /api/cicd/status/40665 (Caused by NewConnectionError(""HTTPConnection(host='localhost', port=80): Failed to establish a new connection: [Errno 111] Connection refused""))"
2026-09-12T23:12:59.826115,1786373852673,POST,http://localhost/api/cicd/execute,0,11.4,"HTTPConnectionPool(host='localhost', port=80): Max retries exceeded with url: /api/cicd/execute (Caused by NewConnectionError(""HTTPConnection(host='localhost', port=80): Failed to establish a new connection: [Errno 111] Connection refused""))"
2026-09-12T23:12:59.913877,1786373852673,POST,http://localhost/api/cicd/execute,0,1.69,"HTTPConnectionPool(host='localhost', port=80): Max retries exceeded with url: /api/cicd/execute (Caused by NewConnectionError(""HTTPConnection(host='localhost', port=80): Failed to establish a new connection: [Errno 111] Connection refused""))"
2026-09-12T23:12:59.935585,1786374210148,GET,http://localhost/api/cicd/status/40665,0,11.94,"HTTPConnectionPool(host='localhost', port=80): Max retries exceeded with url: /api/cicd/status/40665 (Caused by NewConnectionError(""HTTPConnection(host='localhost', port=80): Failed to establish a new connection: [Errno 111] Connection refused""))"
2026-09-12T23:12:59.935940,1786373852673,POST,http://localhost/api/cicd/execute,0,6.53,"HTTPConnectionPool(host='localhost', port=80): Max retries exceeded with url: /api/cicd/execute (Caused by NewConnectionError(""HTTPConnection(host='localhost', port=80): Failed to establish a new connection: [Errno 111] Connection refused""))"
2026-09-12T23:12:59.936393,1786374210148,GET,http://localhost/api/cicd/status/40665,0,9.34,"HTTPConnectionPool(host='localhost', port=80): Max retries exceeded with url: /api/cicd/status/40665 (Caused by NewConnectionError(""HTTPConnection(host='localhost', port=80): Failed to establish a new connection: [Errno 111] Connection refused""))"
2026-09-12T23:12:59.936949,1786374210148,GET,http://localhost/api/cicd/status/40665,0,12.1,"HTTPConnectionPool(host='localhost', port=80): Max retries exceeded with url: /api/cicd/status/40665 (Caused by NewConnectionError(""HTTPConnection(host='localhost', port=80): Failed to establish a new connection: [Errno 111] Connection refused""))"
2026-09-12T23:12:59.937267,1786374210148,GET,http://localhost/api/cicd/status/40665,0,14.74,"HTTPConnectionPool(host='localhost', port=80): Max retries exceeded with url: /api/cicd/status/40665 (Caused by NewConnectionError(""HTTPConnection(host='localhost', port=80): Failed to establish a new connection: [Errno 111] Connection refused""))"
2026-09-12T23:12:59.937591,1786373852673,POST,http://localhost/api/cicd/execute,0,11.66,"HTTPConnectionPool(host='localhost', port=80): Max retries exceeded with url: /api/cicd/execute (Caused by NewConnectionError(""HTTPConnection(host='localhost', port=80): Failed to establish a new connection: [Errno 111] Connection refused""))"
2026-09-12T23:12:59.937920,1786373852673,POST,http://localhost/api/cicd/execute,0,9.74,"HTTPConnectionPool(host='localhost', port=80): Max retries exceeded with url: /api/cicd/execute (Caused by NewConnectionError(""HTTPConnection(host='localhost', port=80): Failed to establish a new connection: [Errno 111] Connection refused""))"
2026-09-12T23:12:59.938224,1786373852673,POST,http://localhost/api/cicd/execute,0,6.43,"HTTPConnectionPool(host='localhost', port=80): Max retries exceeded with url: /api/cicd/execute (Caused by NewConnectionError(""HTTPConnection(host='localhost', port=80): Failed to establish a new connection: [Errno 111] Connection refused""))"
2026-09-12T23:12:59.938671,1786374210148,GET,http://localhost/api/cicd/status/40665,0,8.0,"HTTPConnectionPool(host='localhost', port=80): Max retries exceeded with url: /api/cicd/status/40665 (Caused by NewConnectionError(""HTTPConnection(host='localhost', port=80): Failed to establish a new connection: [Errno 111] Connection refused""))"
2026-09-12T23:13:00.015717,1786374210148,GET,http://localhost/api/cicd/status/40665,0,1.66,"HTTPConnectionPool(host='localhost', port=80): Max retries exceeded with url: /api/cicd/status/40665 (Caused by NewConnectionError(""HTTPConnection(host='localhost', port=80): Failed to establish a new connection: [Errno 111] Connection refused""))"
2026-09-12T23:13:00.047084,1786374210148,GET,http://localhost/api/cicd/status/40665,0,10.16,"HTTPConnectionPool(host='localhost', port=80): Max retries exceeded with url: /api/cicd/status/40665 (Caused by NewConnectionError(""HTTPConnection(host='localhost', port=80): Failed to establish a new connection: [Errno 111] Connection refused""))"
2026-09-12T23:13:00.048592,1786373852673,POST,http://localhost/api/cicd/execute,0,9.28,"HTTPConnectionPool(host='localhost', port=80): Max retries exceeded with url: /api/cicd/execute (Caused by NewConnectionError(""HTTPConnection(host='localhost', port=80): Failed to establish a new connection: [Errno 111] Connection refused""))"
2026-09-12T23:13:00.048914,1786374210148,GET,http://localhost/api/cicd/status/40665,0,7.2,"HTTPConnectionPool(host='localhost', port=80): Max retries exceeded with url: /api/cicd/status/40665 (Caused by NewConnectionError(""HTTPConnection(host='localhost', port=80): Failed to establish a new connection: [Errno 111] Connection refused""))"
2026-09-12T23:13:00.049184,1786374210148,GET,http://localhost/api/cicd/status/40665,0,8.76,"HTTPConnectionPool(host='localhost', port=80): Max retries exceeded with url: /api/cicd/status/40665 (Caused by NewConnectionError(""HTTPConnection(host='localhost', port=80): Failed to establish a new connection: [Errno 111] Connection refused""))"
2026-09-12T23:13:00.050235,1786373852673,POST,http://localhost/api/cicd/execute,0,12.19,"HTTPConnectionPool(host='localhost', port=80): Max retries exceeded with url: /api/cicd/execute (Caused by NewConnectionError(""HTTPConnection(host='localhost', port=80): Failed to establish a new connection: [Errno 111] Connection refused""))"
2026-09-12T23:13:00.050684,1786373852673,POST,http://localhost/api/cicd/execute,0,5.42,"HTTPConnectionPool(host='localhost', port=80): Max retries exceeded with url: /api/cicd/execute (Caused by NewConnectionError(""HTTPConnection(host='localhost', port=80): Failed to establish a new connection: [Errno 111] Connection refused""))"
2026-09-12T23:13:00.051042,1786374210148,GET,http://localhost/api/cicd/status/40665,0,6.86,"HTTPConnectionPool(host='localhost', port=80): Max retries exceeded with url: /api/cicd/status/40665 (Caused by NewConnectionError(""HTTPConnection(host='localhost', port=80): Failed to establish a new connection: [Errno 111] Connection refused""))"
2026-09-12T23:13:00.051335,1786373852673,POST,http://localhost/api/cicd/execute,0,15.57,"HTTPConnectionPool(host='localhost', port=80): Max retries exceeded with url: /api/cicd/execute (Caused by NewConnectionError(""HTTPConnection(host='localhost', port=80): Failed to establish a new connection: [Errno 111] Connection refused""))"
2026-09-12T23:13:00.051551,1786373852673,POST,http://localhost/api/cicd/execute,0,8.71,"HTTPConnectionPool(host='localhost', port=80): Max retries exceeded with url: /api/cicd/execute (Caused by NewConnectionError(""HTTPConnection(host='localhost', port=80): Failed to establish a new connection: [Errno 111] Connection refused""))"
2026-09-12T23:13:00.117595,1786373852673,POST,http://localhost/api/cicd/execute,0,1.69,"HTTPConnectionPool(host='localhost', port=80): Max retries exceeded with url: /api/cicd/execute (Caused by NewConnectionError(""HTTPConnection(host='localhost', port=80): Failed to establish a new connection: [Errno 111] Connection refused""))"
2026-09-12T23:13:00.150082,1786373852673,POST,http://localhost/api/cicd/execute,0,2.81,"HTTPConnectionPool(host='localhost', port=80): Max retries exceeded with url: /api/cicd/execute (Caused by NewConnectionError(""HTTPConnection(host='localhost', port=80): Failed to establish a new connection: [Errno 111] Connection refused""))"
2026-09-12T23:13:00.160276,1786373852673,POST,http://localhost/api/cicd/execute,0,10.09,"HTTPConnectionPool(host='localhost', port=80): Max retries exceeded with url: /api/cicd/execute (Caused by NewConnectionError(""HTTPConnection(host='localhost', port=80): Failed to establish a new connection: [Errno 111] Connection refused""))"
2026-09-12T23:13:00.160525,1786374210148,GET,http://localhost/api/cicd/status/40665,0,6.53,"HTTPConnectionPool(host='localhost', port=80): Max retries exceeded with url: /api/cicd/status/40665 (Caused by NewConnectionError(""HTTPConnection(host='localhost', port=80): Failed to establish a new connection: [Errno 111] Connection refused""))"
2026-09-12T23:13:00.160793,1786373852673,POST,http://localhost/api/cicd/execute,0,9.47,"HTTPConnectionPool(host='localhost', port=80): Max retries exceeded with url: /api/cicd/execute (Caused by NewConnectionError(""HTTPConnection(host='localhost', port=80): Failed to establish a new connection: [Errno 111] Connection refused""))"
2026-09-12T23:13:00.161247,1786374210148,GET,http://localhost/api/cicd/status/40665,0,3.77,"HTTPConnectionPool(host='localhost', port=80): Max retries exceeded with url: /api/cicd/status/40665 (Caused by NewConnectionError(""HTTPConnection(host='localhost', port=80): Failed to establish a new connection: [Errno 111] Connection refused""))"
2026-09-12T23:13:00.161689,1786374210148,GET,http://localhost/api/cicd/status/40665,0,6.58,"HTTPConnectionPool(host='localhost', port=80): Max retries exceeded with url: /api/cicd/status/40665 (Caused by NewConnectionError(""HTTPConnection(host='localhost', port=80): Failed to establish a new connection: [Errno 111] Connection refused""))"
2026-09-12T23:13:00.161982,1786373852673,POST,http://localhost/api/cicd/execute,0,9.29,"HTTPConnectionPool(host='localhost', port=80): Max retries exceeded with url: /api/cicd/execute (Caused by NewConnectionError(""HTTPConnection(host='localhost', port=80): Failed to establish a new connection: [Errno 111] Connection refused""))"
2026-09-12T23:13:00.162344,1786374210148,GET,http://localhost/api/cicd/status/40665,0,13.57,"HTTPConnectionPool(host='localhost', port=80): Max retries exceeded with url: /api/cicd/status/40665 (Caused by NewConnectionError(""HTTPConnection(host='localhost', port=80): Failed to establish a new connection: [Errno 111] Connection refused""))"
2026-09-12T23:13:00.162729,1786374210148,GET,http://localhost/api/cicd/status/40665,0,6.51,"HTTPConnectionPool(host='localhost', port=80): Max retries exceeded with url: /api/cicd/status/40665 (Caused by NewConnectionError(""HTTPConnection(host='localhost', port=80): Failed to establish a new connection: [Errno 111] Connection refused""))"
2026-09-12T23:13:00.219430,1786374210148,GET,http://localhost/api/cicd/status/40665,0,1.65,"HTTPConnectionPool(host='localhost', port=80): Max retries exceeded with url: /api/cicd/status/40665 (Caused by NewConnectionError(""HTTPConnection(host='localhost', port=80): Failed to establish a new connection: [Errno 111] Connection refused""))"
2026-09-12T23:13:00.251852,1786374210148,GET,http://localhost/api/cicd/status/40665,0,1.59,"HTTPConnectionPool(host='localhost', port=80): Max retries exceeded with url: /api/cicd/status/40665 (Caused by NewConnectionError(""HTTPConnection(host='localhost', port=80): Failed to establish a new connection: [Errno 111] Connection refused""))"
2026-09-12T23:13:00.273084,1786373852673,POST,http://localhost/api/cicd/execute,0,11.52,"HTTPConnectionPool(host='localhost', port=80): Max retries exceeded with url: /api/cicd/execute (Caused by NewConnectionError(""HTTPConnection(host='localhost', port=80): Failed to establish a new connection: [Errno 111] Connection refused""))"
2026-09-12T23:13:00.274077,1786373852673,POST,http://localhost/api/cicd/execute,0,10.22,"HTTPConnectionPool(host='localhost', port=80): Max retries exceeded with url: /api/cicd/execute (Caused by NewConnectionError(""HTTPConnection(host='localhost', port=80): Failed to establish a new connection: [Errno 111] Connection refused""))"
2026-09-12T23:13:00.274505,1786374210148,GET,http://localhost/api/cicd/status/40665,0,14.04,"HTTPConnectionPool(host='localhost', port=80): Max retries exceeded with url: /api/cicd/status/40665 (Caused by NewConnectionError(""HTTPConnection(host='localhost', port=80): Failed to establish a new connection: [Errno 111] Connection refused""))"
2026-09-12T23:13:00.275008,1786373852673,POST,http://localhost/api/cicd/execute,0,9.91,"HTTPConnectionPool(host='localhost', port=80): Max retries exceeded with url: /api/cicd/execute (Caused by NewConnectionError(""HTTPConnection(host='localhost', port=80): Failed to establish a new connection: [Errno 111] Connection refused""))"
2026-09-12T23:13:00.276443,1786373852673,POST,http://localhost/api/cicd/execute,0,6.94,"HTTPConnectionPool(host='localhost', port=80): Max retries exceeded with url: /api/cicd/execute (Caused by NewConnectionError(""HTTPConnection(host='localhost', port=80): Failed to establish a new connection: [Errno 111] Connection refused""))"
2026-09-12T23:13:00.276793,1786374210148,GET,http://localhost/api/cicd/status/40665,0,8.89,"HTTPConnectionPool(host='localhost', port=80): Max retries exceeded with url: /api/cicd/status/40665 (Caused by NewConnectionError(""HTTPConnection(host='localhost', port=80): Failed to establish a new connection: [Errno 111] Connection refused""))"
2026-09-12T23:13:00.277064,1786373852673,POST,http://localhost/api/cicd/execute,0,10.55,"HTTPConnectionPool(host='localhost', port=80): Max retries exceeded with url: /api/cicd/execute (Caused by NewConnectionError(""HTTPConnection(host='localhost', port=80): Failed to establish a new connection: [Errno 111] Connection refused""))"
2026-09-12T23:13:00.277338,1786374210148,GET,http://localhost/api/cicd/status/40665,0,14.62,"HTTPConnectionPool(host='localhost', port=80): Max retries exceeded with url: /api/cicd/status/40665 (Caused by NewConnectionError(""HTTPConnection(host='localhost', port=80): Failed to establish a new connection: [Errno 111] Connection refused""))"
2026-09-12T23:13:00.321243,1786373852673,POST,http://localhost/api/cicd/execute,0,1.63,"HTTPConnectionPool(host='localhost', port=80): Max retries exceeded with url: /api/cicd/execute (Caused by NewConnectionError(""HTTPConnection(host='localhost', port=80): Failed to establish a new connection: [Errno 111] Connection refused""))"
2026-09-12T23:13:00.353631,1786373852673,POST,http://localhost/api/cicd/execute,0,1.6,"HTTPConnectionPool(host='localhost', port=80): Max retries exceeded with url: /api/cicd/execute (Caused by NewConnectionError(""HTTPConnection(host='localhost', port=80): Failed to establish a new connection: [Errno 111] Connection refused""))"
2026-09-12T23:13:00.383708,1786373852673,POST,http://localhost/api/cicd/execute,0,6.76,"HTTPConnectionPool(host='localhost', port=80): Max retries exceeded with url: /api/cicd/execute (Caused by NewConnectionError(""HTTPConnection(host='localhost', port=80): Failed to establish a new connection: [Errno 111] Connection refused""))"
2026-09-12T23:13:00.383991,1786374210148,GET,http://localhost/api/cicd/status/40665,0,10.73,"HTTPConnectionPool(host='localhost', port=80): Max retries exceeded with url: /api/cicd/status/40665 (Caused by NewConnectionError(""HTTPConnection(host='localhost', port=80): Failed to establish a new connection: [Errno 111] Connection refused""))"
2026-09-12T23:13:00.384836,1786373852673,POST,http://localhost/api/cicd/execute,0,3.14,"HTTPConnectionPool(host='localhost', port=80): Max retries exceeded with url: /api/cicd/execute (Caused by NewConnectionError(""HTTPConnection(host='localhost', port=80): Failed to establish a new connection: [Errno 111] Connection refused""))"
2026-09-12T23:13:00.385366,1786374210148,GET,http://localhost/api/cicd/status/40665,0,11.08,"HTTPConnectionPool(host='localhost', port=80): Max retries exceeded with url: /api/cicd/status/40665 (Caused by NewConnectionError(""HTTPConnection(host='localhost', port=80): Failed to establish a new connection: [Errno 111] Connection refused""))"
2026-09-12T23:13:00.385598,1786374210148,GET,http://localhost/api/cicd/status/40665,0,10.19,"HTTPConnectionPool(host='localhost', port=80): Max retries exceeded with url: /api/cicd/status/40665 (Caused by NewConnectionError(""HTTPConnection(host='localhost', port=80): Failed to establish a new connection: [Errno 111] Connection refused""))"
2026-09-12T23:13:00.386176,1786374210148,GET,http://localhost/api/cicd/status/40665,0,5.55,"HTTPConnectionPool(host='localhost', port=80): Max retries exceeded with url: /api/cicd/status/40665 (Caused by NewConnectionError(""HTTPConnection(host='localhost', port=80): Failed to establish a new connection: [Errno 111] Connection refused""))"
2026-09-12T23:13:00.386429,1786373852673,POST,http://localhost/api/cicd/execute,0,6.92,"HTTPConnectionPool(host='localhost', port=80): Max retries exceeded with url: /api/cicd/execute (Caused by NewConnectionError(""HTTPConnection(host='localhost', port=80): Failed to establish a new connection: [Errno 111] Connection refused""))"
2026-09-12T23:13:00.386771,1786374210148,GET,http://localhost/api/cicd/status/40665,0,8.38,"HTTPConnectionPool(host='localhost', port=80): Max retries exceeded with url: /api/cicd/status/40665 (Caused by NewConnectionError(""HTTPConnection(host='localhost', port=80): Failed to establish a new connection: [Errno 111] Connection refused""))"
2026-09-12T23:13:00.423063,1786374210148,GET,http://localhost/api/cicd/status/40665,0,1.64,"HTTPConnectionPool(host='localhost', port=80): Max retries exceeded with url: /api/cicd/status/40665 (Caused by NewConnectionError(""HTTPConnection(host='localhost', port=80): Failed to establish a new connection: [Errno 111] Connection refused""))"
2026-09-12T23:13:00.455480,1786374210148,GET,http://localhost/api/cicd/status/40665,0,1.67,"HTTPConnectionPool(host='localhost', port=80): Max retries exceeded with url: /api/cicd/status/40665 (Caused by NewConnectionError(""HTTPConnection(host='localhost', port=80): Failed to establish a new connection: [Errno 111] Connection refused""))"
2026-09-12T23:13:00.495883,1786374210148,GET,http://localhost/api/cicd/status/40665,0,11.99,"HTTPConnectionPool(host='localhost', port=80): Max retries exceeded with url: /api/cicd/status/40665 (Caused by NewConnectionError(""HTTPConnection(host='localhost', port=80): Failed to establish a new connection: [Errno 111] Connection refused""))"
2026-09-12T23:13:00.496519,1786373852673,POST,http://localhost/api/cicd/execute,0,8.68,"HTTPConnectionPool(host='localhost', port=80): Max retries exceeded with url: /api/cicd/execute (Caused by NewConnectionError(""HTTPConnection(host='localhost', port=80): Failed to establish a new connection: [Errno 111] Connection refused""))"
2026-09-12T23:13:00.496942,1786374210148,GET,http://localhost/api/cicd/status/40665,0,11.94,"HTTPConnectionPool(host='localhost', port=80): Max retries exceeded with url: /api/cicd/status/40665 (Caused by NewConnectionError(""HTTPConnection(host='localhost', port=80): Failed to establish a new connection: [Errno 111] Connection refused""))"
2026-09-12T23:13:00.497392,1786373852673,POST,http://localhost/api/cicd/execute,0,4.76,"HTTPConnectionPool(host='localhost', port=80): Max retries exceeded with url: /api/cicd/execute (Caused by NewConnectionError(""HTTPConnection(host='localhost', port=80): Failed to establish a new connection: [Errno 111] Connection refused""))"
2026-09-12T23:13:00.497934,1786374210148,GET,http://localhost/api/cicd/status/40665,0,11.32,"HTTPConnectionPool(host='localhost', port=80): Max retries exceeded with url: /api/cicd/status/40665 (Caused by NewConnectionError(""HTTPConnection(host='localhost', port=80): Failed to establish a new connection: [Errno 111] Connection refused""))"
2026-09-12T23:13:00.498332,1786373852673,POST,http://localhost/api/cicd/execute,0,8.07,"HTTPConnectionPool(host='localhost', port=80): Max retries exceeded with url: /api/cicd/execute (Caused by NewConnectionError(""HTTPConnection(host='localhost', port=80): Failed to establish a new connection: [Errno 111] Connection refused""))"
2026-09-12T23:13:00.498706,1786373852673,POST,http://localhost/api/cicd/execute,0,7.28,"HTTPConnectionPool(host='localhost', port=80): Max retries exceeded with url: /api/cicd/execute (Caused by NewConnectionError(""HTTPConnection(host='localhost', port=80): Failed to establish a new connection: [Errno 111] Connection refused""))"
2026-09-12T23:13:00.498979,1786373852673,POST,http://localhost/api/cicd/execute,0,9.98,"HTTPConnectionPool(host='localhost', port=80): Max retries exceeded with url: /api/cicd/execute (Caused by NewConnectionError(""HTTPConnection(host='localhost', port=80): Failed to establish a new connection: [Errno 111] Connection refused""))"
2026-09-12T23:13:00.524925,1786373852673,POST,http://localhost/api/cicd/execute,0,1.68,"HTTPConnectionPool(host='localhost', port=80): Max retries exceeded with url: /api/cicd/execute (Caused by NewConnectionError(""HTTPConnection(host='localhost', port=80): Failed to establish a new connection: [Errno 111] Connection refused""))"
2026-09-12T23:13:00.557321,1786373852673,POST,http://localhost/api/cicd/execute,0,1.66,"HTTPConnectionPool(host='localhost', port=80): Max retries exceeded with url: /api/cicd/execute (Caused by NewConnectionError(""HTTPConnection(host='localhost', port=80): Failed to establish a new connection: [Errno 111] Connection refused""))"
2026-09-12T23:13:00.606900,1786374210148,GET,http://localhost/api/cicd/status/40665,0,7.39,"HTTPConnectionPool(host='localhost', port=80): Max retries exceeded with url: /api/cicd/status/40665 (Caused by NewConnectionError(""HTTPConnection(host='localhost', port=80): Failed to establish a new connection: [Errno 111] Connection refused""))"
2026-09-12T23:13:00.607202,1786374210148,GET,http://localhost/api/cicd/status/40665,0,4.42,"HTTPConnectionPool(host='localhost', port=80): Max retries exceeded with url: /api/cicd/status/40665 (Caused by NewConnectionError(""HTTPConnection(host='localhost', port=80): Failed to establish a new connection: [Errno 111] Connection refused""))"
2026-09-12T23:13:00.608052,1786374210148,GET,http://localhost/api/cicd/status/40665,0,7.46,"HTTPConnectionPool(host='localhost', port=80): Max retries exceeded with url: /api/cicd/status/40665 (Caused by NewConnectionError(""HTTPConnection(host='localhost', port=80): Failed to establish a new connection: [Errno 111] Connection refused""))"
2026-09-12T23:13:00.608361,1786373852673,POST,http://localhost/api/cicd/execute,0,10.08,"HTTPConnectionPool(host='localhost', port=80): Max retries exceeded with url: /api/cicd/execute (Caused by NewConnectionError(""HTTPConnection(host='localhost', port=80): Failed to establish a new connection: [Errno 111] Connection refused""))"
2026-09-12T23:13:00.608739,1786374210148,GET,http://localhost/api/cicd/status/40665,0,11.54,"HTTPConnectionPool(host='localhost', port=80): Max retries exceeded with url: /api/cicd/status/40665 (Caused by NewConnectionError(""HTTPConnection(host='localhost', port=80): Failed to establish a new connection: [Errno 111] Connection refused""))"
2026-09-12T23:13:00.609485,1786373852673,POST,http://localhost/api/cicd/execute,0,13.42,"HTTPConnectionPool(host='localhost', port=80): Max retries exceeded with url: /api/cicd/execute (Caused by NewConnectionError(""HTTPConnection(host='localhost', port=80): Failed to establish a new connection: [Errno 111] Connection refused""))"
2026-09-12T23:13:00.609997,1786374210148,GET,http://localhost/api/cicd/status/40665,0,8.31,"HTTPConnectionPool(host='localhost', port=80): Max retries exceeded with url: /api/cicd/status/40665 (Caused by NewConnectionError(""HTTPConnection(host='localhost', port=80): Failed to establish a new connection: [Errno 111] Connection refused""))"
2026-09-12T23:13:00.610270,1786373852673,POST,http://localhost/api/cicd/execute,0,5.65,"HTTPConnectionPool(host='localhost', port=80): Max retries exceeded with url: /api/cicd/execute (Caused by NewConnectionError(""HTTPConnection(host='localhost', port=80): Failed to establish a new connection: [Errno 111] Connection refused""))"
2026-09-12T23:13:00.626720,1786374210148,GET,http://localhost/api/cicd/status/40665,0,1.61,"HTTPConnectionPool(host='localhost', port=80): Max retries exceeded with url: /api/cicd/status/40665 (Caused by NewConnectionError(""HTTPConnection(host='localhost', port=80): Failed to establish a new connection: [Errno 111] Connection refused""))"
2026-09-12T23:13:00.659103,1786374210148,GET,http://localhost/api/cicd/status/40665,0,1.6,"HTTPConnectionPool(host='localhost', port=80): Max retries exceeded with url: /api/cicd/status/40665 (Caused by NewConnectionError(""HTTPConnection(host='localhost', port=80): Failed to establish a new connection: [Errno 111] Connection refused""))"
2026-09-12T23:13:00.717635,1786373852673,POST,http://localhost/api/cicd/execute,0,8.29,"HTTPConnectionPool(host='localhost', port=80): Max retries exceeded with url: /api/cicd/execute (Caused by NewConnectionError(""HTTPConnection(host='localhost', port=80): Failed to establish a new connection: [Errno 111] Connection refused""))"
2026-09-12T23:13:00.717909,1786373852673,POST,http://localhost/api/cicd/execute,0,5.09,"HTTPConnectionPool(host='localhost', port=80): Max retries exceeded with url: /api/cicd/execute (Caused by NewConnectionError(""HTTPConnection(host='localhost', port=80): Failed to establish a new connection: [Errno 111] Connection refused""))"
2026-09-12T23:13:00.718629,1786373852673,POST,http://localhost/api/cicd/execute,0,3.5,"HTTPConnectionPool(host='localhost', port=80): Max retries exceeded with url: /api/cicd/execute (Caused by NewConnectionError(""HTTPConnection(host='localhost', port=80): Failed to establish a new connection: [Errno 111] Connection refused""))"
2026-09-12T23:13:00.718878,1786374210148,GET,http://localhost/api/cicd/status/40665,0,8.27,"HTTPConnectionPool(host='localhost', port=80): Max retries exceeded with url: /api/cicd/status/40665 (Caused by NewConnectionError(""HTTPConnection(host='localhost', port=80): Failed to establish a new connection: [Errno 111] Connection refused""))"
2026-09-12T23:13:00.719113,1786374210148,GET,http://localhost/api/cicd/status/40665,0,7.41,"HTTPConnectionPool(host='localhost', port=80): Max retries exceeded with url: /api/cicd/status/40665 (Caused by NewConnectionError(""HTTPConnection(host='localhost', port=80): Failed to establish a new connection: [Errno 111] Connection refused""))"
2026-09-12T23:13:00.719650,1786374210148,GET,http://localhost/api/cicd/status/40665,0,5.7,"HTTPConnectionPool(host='localhost', port=80): Max retries exceeded with url: /api/cicd/status/40665 (Caused by NewConnectionError(""HTTPConnection(host='localhost', port=80): Failed to establish a new connection: [Errno 111] Connection refused""))"
2026-09-12T23:13:00.719893,1786373852673,POST,http://localhost/api/cicd/execute,0,12.79,"HTTPConnectionPool(host='localhost', port=80): Max retries exceeded with url: /api/cicd/execute (Caused by NewConnectionError(""HTTPConnection(host='localhost', port=80): Failed to establish a new connection: [Errno 111] Connection refused""))"
2026-09-12T23:13:00.720102,1786373852673,POST,http://localhost/api/cicd/execute,0,11.89,"HTTPConnectionPool(host='localhost', port=80): Max retries exceeded with url: /api/cicd/execute (Caused by NewConnectionError(""HTTPConnection(host='localhost', port=80): Failed to establish a new connection: [Errno 111] Connection refused""))"
2026-09-12T23:13:00.728585,1786373852673,POST,http://localhost/api/cicd/execute,0,1.68,"HTTPConnectionPool(host='localhost', port=80): Max retries exceeded with url: /api/cicd/execute (Caused by NewConnectionError(""HTTPConnection(host='localhost', port=80): Failed to establish a new connection: [Errno 111] Connection refused""))"
2026-09-12T23:13:00.760907,1786373852673,POST,http://localhost/api/cicd/execute,0,1.62,"HTTPConnectionPool(host='localhost', port=80): Max retries exceeded with url: /api/cicd/execute (Caused by NewConnectionError(""HTTPConnection(host='localhost', port=80): Failed to establish a new connection: [Errno 111] Connection refused""))"
2026-09-12T23:13:00.828879,1786374210148,GET,http://localhost/api/cicd/status/40665,0,2.61,"HTTPConnectionPool(host='localhost', port=80): Max retries exceeded with url: /api/cicd/status/40665 (Caused by NewConnectionError(""HTTPConnection(host='localhost', port=80): Failed to establish a new connection: [Errno 111] Connection refused""))"
2026-09-12T23:13:00.829086,1786374210148,GET,http://localhost/api/cicd/status/40665,0,11.27,"HTTPConnectionPool(host='localhost', port=80): Max retries exceeded with url: /api/cicd/status/40665 (Caused by NewConnectionError(""HTTPConnection(host='localhost', port=80): Failed to establish a new connection: [Errno 111] Connection refused""))"
2026-09-12T23:13:00.830632,1786374210148,GET,http://localhost/api/cicd/status/40665,0,6.74,"HTTPConnectionPool(host='localhost', port=80): Max retries exceeded with url: /api/cicd/status/40665 (Caused by NewConnectionError(""HTTPConnection(host='localhost', port=80): Failed to establish a new connection: [Errno 111] Connection refused""))"
2026-09-12T23:13:00.830872,1786373852673,POST,http://localhost/api/cicd/execute,0,5.7,"HTTPConnectionPool(host='localhost', port=80): Max retries exceeded with url: /api/cicd/execute (Caused by NewConnectionError(""HTTPConnection(host='localhost', port=80): Failed to establish a new connection: [Errno 111] Connection refused""))"
2026-09-12T23:13:00.831242,1786374210148,GET,http://localhost/api/cicd/status/40665,0,10.79,"HTTPConnectionPool(host='localhost', port=80): Max retries exceeded with url: /api/cicd/status/40665 (Caused by NewConnectionError(""HTTPConnection(host='localhost', port=80): Failed to establish a new connection: [Errno 111] Connection refused""))"
2026-09-12T23:13:00.831531,1786373852673,POST,http://localhost/api/cicd/execute,0,12.23,"HTTPConnectionPool(host='localhost', port=80): Max retries exceeded with url: /api/cicd/execute (Caused by NewConnectionError(""HTTPConnection(host='localhost', port=80): Failed to establish a new connection: [Errno 111] Connection refused""))"
2026-09-12T23:13:00.832125,1786374210148,GET,http://localhost/api/cicd/status/40665,0,9.45,"HTTPConnectionPool(host='localhost', port=80): Max retries exceeded with url: /api/cicd/status/40665 (Caused by NewConnectionError(""HTTPConnection(host='localhost', port=80): Failed to establish a new connection: [Errno 111] Connection refused""))"
2026-09-12T23:13:00.832499,1786373852673,POST,http://localhost/api/cicd/execute,0,10.95,"HTTPConnectionPool(host='localhost', port=80): Max retries exceeded with url: /api/cicd/execute (Caused by NewConnectionError(""HTTPConnection(host='localhost', port=80): Failed to establish a new connection: [Errno 111] Connection refused""))"
2026-09-12T23:13:00.832904,1786374210148,GET,http://localhost/api/cicd/status/40665,0,3.46,"HTTPConnectionPool(host='localhost', port=80): Max retries exceeded with url: /api/cicd/status/40665 (Caused by NewConnectionError(""HTTPConnection(host='localhost', port=80): Failed to establish a new connection: [Errno 111] Connection refused""))"
2026-09-12T23:13:00.862655,1786374210148,GET,http://localhost/api/cicd/status/40665,0,1.57,"HTTPConnectionPool(host='localhost', port=80): Max retries exceeded with url: /api/cicd/status/40665 (Caused by NewConnectionError(""HTTPConnection(host='localhost', port=80): Failed to establish a new connection: [Errno 111] Connection refused""))"
2026-09-12T23:13:00.940866,1786374210148,GET,http://localhost/api/cicd/status/40665,0,7.33,"HTTPConnectionPool(host='localhost', port=80): Max retries exceeded with url: /api/cicd/status/40665 (Caused by NewConnectionError(""HTTPConnection(host='localhost', port=80): Failed to establish a new connection: [Errno 111] Connection refused""))"
2026-09-12T23:13:00.941224,1786373852673,POST,http://localhost/api/cicd/execute,0,3.93,"HTTPConnectionPool(host='localhost', port=80): Max retries exceeded with url: /api/cicd/execute (Caused by NewConnectionError(""HTTPConnection(host='localhost', port=80): Failed to establish a new connection: [Errno 111] Connection refused""))"
2026-09-12T23:13:00.941593,1786374210148,GET,http://localhost/api/cicd/status/40665,0,7.01,"HTTPConnectionPool(host='localhost', port=80): Max retries exceeded with url: /api/cicd/status/40665 (Caused by NewConnectionError(""HTTPConnection(host='localhost', port=80): Failed to establish a new connection: [Errno 111] Connection refused""))"
2026-09-12T23:13:00.941808,1786373852673,POST,http://localhost/api/cicd/execute,0,12.8,"HTTPConnectionPool(host='localhost', port=80): Max retries exceeded with url: /api/cicd/execute (Caused by NewConnectionError(""HTTPConnection(host='localhost', port=80): Failed to establish a new connection: [Errno 111] Connection refused""))"
2026-09-12T23:13:00.942183,1786373852673,POST,http://localhost/api/cicd/execute,0,12.05,"HTTPConnectionPool(host='localhost', port=80): Max retries exceeded with url: /api/cicd/execute (Caused by NewConnectionError(""HTTPConnection(host='localhost', port=80): Failed to establish a new connection: [Errno 111] Connection refused""))"
2026-09-12T23:13:00.942594,1786373852673,POST,http://localhost/api/cicd/execute,0,4.2,"HTTPConnectionPool(host='localhost', port=80): Max retries exceeded with url: /api/cicd/execute (Caused by NewConnectionError(""HTTPConnection(host='localhost', port=80): Failed to establish a new connection: [Errno 111] Connection refused""))"
2026-09-12T23:13:00.943192,1786373852673,POST,http://localhost/api/cicd/execute,0,7.56,"HTTPConnectionPool(host='localhost', port=80): Max retries exceeded with url: /api/cicd/execute (Caused by NewConnectionError(""HTTPConnection(host='localhost', port=80): Failed to establish a new connection: [Errno 111] Connection refused""))"
2026-09-12T23:13:00.943493,1786374210148,GET,http://localhost/api/cicd/status/40665,0,11.11,"HTTPConnectionPool(host='localhost', port=80): Max retries exceeded with url: /api/cicd/status/40665 (Caused by NewConnectionError(""HTTPConnection(host='localhost', port=80): Failed to establish a new connection: [Errno 111] Connection refused""))"
2026-09-12T23:13:00.943732,1786373852673,POST,http://localhost/api/cicd/execute,0,12.44,"HTTPConnectionPool(host='localhost', port=80): Max retries exceeded with url: /api/cicd/execute (Caused by NewConnectionError(""HTTPConnection(host='localhost', port=80): Failed to establish a new connection: [Errno 111] Connection refused""))"
2026-09-12T23:13:00.964435,1786373852673,POST,http://localhost/api/cicd/execute,0,1.61,"HTTPConnectionPool(host='localhost', port=80): Max retries exceeded with url: /api/cicd/execute (Caused by NewConnectionError(""HTTPConnection(host='localhost', port=80): Failed to establish a new connection: [Errno 111] Connection refused""))"
2026-09-12T23:13:01.051958,1786373852673,POST,http://localhost/api/cicd/execute,0,10.91,"HTTPConnectionPool(host='localhost', port=80): Max retries exceeded with url: /api/cicd/execute (Caused by NewConnectionError(""HTTPConnection(host='localhost', port=80): Failed to establish a new connection: [Errno 111] Connection refused""))"
2026-09-12T23:13:01.052737,1786374210148,GET,http://localhost/api/cicd/status/40665,0,10.59,"HTTPConnectionPool(host='localhost', port=80): Max retries exceeded with url: /api/cicd/status/40665 (Caused by NewConnectionError(""HTTPConnection(host='localhost', port=80): Failed to establish a new connection: [Errno 111] Connection refused""))"
2026-09-12T23:13:01.056478,1786373852673,POST,http://localhost/api/cicd/execute,0,6.53,"HTTPConnectionPool(host='localhost', port=80): Max retries exceeded with url: /api/cicd/execute (Caused by NewConnectionError(""HTTPConnection(host='localhost', port=80): Failed to establish a new connection: [Errno 111] Connection refused""))"
2026-09-12T23:13:01.056989,1786374210148,GET,http://localhost/api/cicd/status/40665,0,11.55,"HTTPConnectionPool(host='localhost', port=80): Max retries exceeded with url: /api/cicd/status/40665 (Caused by NewConnectionError(""HTTPConnection(host='localhost', port=80): Failed to establish a new connection: [Errno 111] Connection refused""))"
2026-09-12T23:13:01.057274,1786374210148,GET,http://localhost/api/cicd/status/40665,0,9.62,"HTTPConnectionPool(host='localhost', port=80): Max retries exceeded with url: /api/cicd/status/40665 (Caused by NewConnectionError(""HTTPConnection(host='localhost', port=80): Failed to establish a new connection: [Errno 111] Connection refused""))"
2026-09-12T23:13:01.057823,1786374210148,GET,http://localhost/api/cicd/status/40665,0,9.12,"HTTPConnectionPool(host='localhost', port=80): Max retries exceeded with url: /api/cicd/status/40665 (Caused by NewConnectionError(""HTTPConnection(host='localhost', port=80): Failed to establish a new connection: [Errno 111] Connection refused""))"
2026-09-12T23:13:01.058173,1786373852673,POST,http://localhost/api/cicd/execute,0,14.96,"HTTPConnectionPool(host='localhost', port=80): Max retries exceeded with url: /api/cicd/execute (Caused by NewConnectionError(""HTTPConnection(host='localhost', port=80): Failed to establish a new connection: [Errno 111] Connection refused""))"
2026-09-12T23:13:01.058489,1786374210148,GET,http://localhost/api/cicd/status/40665,0,8.64,"HTTPConnectionPool(host='localhost', port=80): Max retries exceeded with url: /api/cicd/status/40665 (Caused by NewConnectionError(""HTTPConnection(host='localhost', port=80): Failed to establish a new connection: [Errno 111] Connection refused""))"
2026-09-12T23:13:01.058800,1786374210148,GET,http://localhost/api/cicd/status/40665,0,14.5,"HTTPConnectionPool(host='localhost', port=80): Max retries exceeded with url: /api/cicd/status/40665 (Caused by NewConnectionError(""HTTPConnection(host='localhost', port=80): Failed to establish a new connection: [Errno 111] Connection refused""))"
2026-09-12T23:13:01.066103,1786374210148,GET,http://localhost/api/cicd/status/40665,0,1.52,"HTTPConnectionPool(host='localhost', port=80): Max retries exceeded with url: /api/cicd/status/40665 (Caused by NewConnectionError(""HTTPConnection(host='localhost', port=80): Failed to establish a new connection: [Errno 111] Connection refused""))"
2026-09-12T23:13:01.155196,1786374210148,GET,http://localhost/api/cicd/status/40665,0,3.04,"HTTPConnectionPool(host='localhost', port=80): Max retries exceeded with url: /api/cicd/status/40665 (Caused by NewConnectionError(""HTTPConnection(host='localhost', port=80): Failed to establish a new connection: [Errno 111] Connection refused""))"
2026-09-12T23:13:01.155406,1786373852673,POST,http://localhost/api/cicd/execute,0,1.97,"HTTPConnectionPool(host='localhost', port=80): Max retries exceeded with url: /api/cicd/execute (Caused by NewConnectionError(""HTTPConnection(host='localhost', port=80): Failed to establish a new connection: [Errno 111] Connection refused""))"
2026-09-12T23:13:01.165898,1786373852673,POST,http://localhost/api/cicd/execute,0,8.2,"HTTPConnectionPool(host='localhost', port=80): Max retries exceeded with url: /api/cicd/execute (Caused by NewConnectionError(""HTTPConnection(host='localhost', port=80): Failed to establish a new connection: [Errno 111] Connection refused""))"
2026-09-12T23:13:01.166346,1786374210148,GET,http://localhost/api/cicd/status/40665,0,9.7,"HTTPConnectionPool(host='localhost', port=80): Max retries exceeded with url: /api/cicd/status/40665 (Caused by NewConnectionError(""HTTPConnection(host='localhost', port=80): Failed to establish a new connection: [Errno 111] Connection refused""))"
2026-09-12T23:13:01.167608,1786373852673,POST,http://localhost/api/cicd/execute,0,7.59,"HTTPConnectionPool(host='localhost', port=80): Max retries exceeded with url: /api/cicd/execute (Caused by NewConnectionError(""HTTPConnection(host='localhost', port=80): Failed to establish a new connection: [Errno 111] Connection refused""))"
2026-09-12T23:13:01.167835,1786374210148,GET,http://localhost/api/cicd/status/40665,0,4.19,"HTTPConnectionPool(host='localhost', port=80): Max retries exceeded with url: /api/cicd/status/40665 (Caused by NewConnectionError(""HTTPConnection(host='localhost', port=80): Failed to establish a new connection: [Errno 111] Connection refused""))"
2026-09-12T23:13:01.168461,1786373852673,POST,http://localhost/api/cicd/execute,0,9.65,"HTTPConnectionPool(host='localhost', port=80): Max retries exceeded with url: /api/cicd/execute (Caused by NewConnectionError(""HTTPConnection(host='localhost', port=80): Failed to establish a new connection: [Errno 111] Connection refused""))"
2026-09-12T23:13:01.168678,1786373852673,POST,http://localhost/api/cicd/execute,0,7.42,"HTTPConnectionPool(host='localhost', port=80): Max retries exceeded with url: /api/cicd/execute (Caused by NewConnectionError(""HTTPConnection(host='localhost', port=80): Failed to establish a new connection: [Errno 111] Connection refused""))"
2026-09-12T23:13:01.169445,1786373852673,POST,http://localhost/api/cicd/execute,0,6.99,"HTTPConnectionPool(host='localhost', port=80): Max retries exceeded with url: /api/cicd/execute (Caused by NewConnectionError(""HTTPConnection(host='localhost', port=80): Failed to establish a new connection: [Errno 111] Connection refused""))"
2026-09-12T23:13:01.169878,1786373852673,POST,http://localhost/api/cicd/execute,0,3.45,"HTTPConnectionPool(host='localhost', port=80): Max retries exceeded with url: /api/cicd/execute (Caused by NewConnectionError(""HTTPConnection(host='localhost', port=80): Failed to establish a new connection: [Errno 111] Connection refused""))"
2026-09-12T23:13:01.258054,1786373852673,POST,http://localhost/api/cicd/execute,0,2.67,"HTTPConnectionPool(host='localhost', port=80): Max retries exceeded with url: /api/cicd/execute (Caused by NewConnectionError(""HTTPConnection(host='localhost', port=80): Failed to establish a new connection: [Errno 111] Connection refused""))"
2026-09-12T23:13:01.258413,1786374210148,GET,http://localhost/api/cicd/status/40665,0,1.95,"HTTPConnectionPool(host='localhost', port=80): Max retries exceeded with url: /api/cicd/status/40665 (Caused by NewConnectionError(""HTTPConnection(host='localhost', port=80): Failed to establish a new connection: [Errno 111] Connection refused""))"
2026-09-12T23:13:01.276488,1786374210148,GET,http://localhost/api/cicd/status/40665,0,4.64,"HTTPConnectionPool(host='localhost', port=80): Max retries exceeded with url: /api/cicd/status/40665 (Caused by NewConnectionError(""HTTPConnection(host='localhost', port=80): Failed to establish a new connection: [Errno 111] Connection refused""))"
2026-09-12T23:13:01.276767,1786373852673,POST,http://localhost/api/cicd/execute,0,9.65,"HTTPConnectionPool(host='localhost', port=80): Max retries exceeded with url: /api/cicd/execute (Caused by NewConnectionError(""HTTPConnection(host='localhost', port=80): Failed to establish a new connection: [Errno 111] Connection refused""))"
2026-09-12T23:13:01.277036,1786374210148,GET,http://localhost/api/cicd/status/40665,0,3.81,"HTTPConnectionPool(host='localhost', port=80): Max retries exceeded with url: /api/cicd/status/40665 (Caused by NewConnectionError(""HTTPConnection(host='localhost', port=80): Failed to establish a new connection: [Errno 111] Connection refused""))"
2026-09-12T23:13:01.277467,1786374210148,GET,http://localhost/api/cicd/status/40665,0,9.22,"HTTPConnectionPool(host='localhost', port=80): Max retries exceeded with url: /api/cicd/status/40665 (Caused by NewConnectionError(""HTTPConnection(host='localhost', port=80): Failed to establish a new connection: [Errno 111] Connection refused""))"
2026-09-12T23:13:01.277841,1786374210148,GET,http://localhost/api/cicd/status/40665,0,11.77,"HTTPConnectionPool(host='localhost', port=80): Max retries exceeded with url: /api/cicd/status/40665 (Caused by NewConnectionError(""HTTPConnection(host='localhost', port=80): Failed to establish a new connection: [Errno 111] Connection refused""))"
2026-09-12T23:13:01.278362,1786373852673,POST,http://localhost/api/cicd/execute,0,9.07,"HTTPConnectionPool(host='localhost', port=80): Max retries exceeded with url: /api/cicd/execute (Caused by NewConnectionError(""HTTPConnection(host='localhost', port=80): Failed to establish a new connection: [Errno 111] Connection refused""))"
2026-09-12T23:13:01.278711,1786374210148,GET,http://localhost/api/cicd/status/40665,0,4.27,"HTTPConnectionPool(host='localhost', port=80): Max retries exceeded with url: /api/cicd/status/40665 (Caused by NewConnectionError(""HTTPConnection(host='localhost', port=80): Failed to establish a new connection: [Errno 111] Connection refused""))"
2026-09-12T23:13:01.278956,1786374210148,GET,http://localhost/api/cicd/status/40665,0,8.16,"HTTPConnectionPool(host='localhost', port=80): Max retries exceeded with url: /api/cicd/status/40665 (Caused by NewConnectionError(""HTTPConnection(host='localhost', port=80): Failed to establish a new connection: [Errno 111] Connection refused""))"
2026-09-12T23:13:01.361256,1786374210148,GET,http://localhost/api/cicd/status/40665,0,3.01,"HTTPConnectionPool(host='localhost', port=80): Max retries exceeded with url: /api/cicd/status/40665 (Caused by NewConnectionError(""HTTPConnection(host='localhost', port=80): Failed to establish a new connection: [Errno 111] Connection refused""))"
2026-09-12T23:13:01.361497,1786373852673,POST,http://localhost/api/cicd/execute,0,1.99,"HTTPConnectionPool(host='localhost', port=80): Max retries exceeded with url: /api/cicd/execute (Caused by NewConnectionError(""HTTPConnection(host='localhost', port=80): Failed to establish a new connection: [Errno 111] Connection refused""))"
2026-09-12T23:13:01.388296,1786373852673,POST,http://localhost/api/cicd/execute,0,11.63,"HTTPConnectionPool(host='localhost', port=80): Max retries exceeded with url: /api/cicd/execute (Caused by NewConnectionError(""HTTPConnection(host='localhost', port=80): Failed to establish a new connection: [Errno 111] Connection refused""))"
2026-09-12T23:13:01.388588,1786373852673,POST,http://localhost/api/cicd/execute,0,6.85,"HTTPConnectionPool(host='localhost', port=80): Max retries exceeded with url: /api/cicd/execute (Caused by NewConnectionError(""HTTPConnection(host='localhost', port=80): Failed to establish a new connection: [Errno 111] Connection refused""))"
2026-09-12T23:13:01.389082,1786374210148,GET,http://localhost/api/cicd/status/40665,0,11.31,"HTTPConnectionPool(host='localhost', port=80): Max retries exceeded with url: /api/cicd/status/40665 (Caused by NewConnectionError(""HTTPConnection(host='localhost', port=80): Failed to establish a new connection: [Errno 111] Connection refused""))"
2026-09-12T23:13:01.389395,1786373852673,POST,http://localhost/api/cicd/execute,0,6.55,"HTTPConnectionPool(host='localhost', port=80): Max retries exceeded with url: /api/cicd/execute (Caused by NewConnectionError(""HTTPConnection(host='localhost', port=80): Failed to establish a new connection: [Errno 111] Connection refused""))"
2026-09-12T23:13:01.390124,1786373852673,POST,http://localhost/api/cicd/execute,0,5.8,"HTTPConnectionPool(host='localhost', port=80): Max retries exceeded with url: /api/cicd/execute (Caused by NewConnectionError(""HTTPConnection(host='localhost', port=80): Failed to establish a new connection: [Errno 111] Connection refused""))"
2026-09-12T23:13:01.390352,1786373852673,POST,http://localhost/api/cicd/execute,0,11.0,"HTTPConnectionPool(host='localhost', port=80): Max retries exceeded with url: /api/cicd/execute (Caused by NewConnectionError(""HTTPConnection(host='localhost', port=80): Failed to establish a new connection: [Errno 111] Connection refused""))"
2026-09-12T23:13:01.390803,1786374210148,GET,http://localhost/api/cicd/status/40665,0,4.78,"HTTPConnectionPool(host='localhost', port=80): Max retries exceeded with url: /api/cicd/status/40665 (Caused by NewConnectionError(""HTTPConnection(host='localhost', port=80): Failed to establish a new connection: [Errno 111] Connection refused""))"
2026-09-12T23:13:01.391134,1786373852673,POST,http://localhost/api/cicd/execute,0,10.6,"HTTPConnectionPool(host='localhost', port=80): Max retries exceeded with url: /api/cicd/execute (Caused by NewConnectionError(""HTTPConnection(host='localhost', port=80): Failed to establish a new connection: [Errno 111] Connection refused""))"
2026-09-12T23:13:01.464136,1786373852673,POST,http://localhost/api/cicd/execute,0,2.69,"HTTPConnectionPool(host='localhost', port=80): Max retries exceeded with url: /api/cicd/execute (Caused by NewConnectionError(""HTTPConnection(host='localhost', port=80): Failed to establish a new connection: [Errno 111] Connection refused""))"
2026-09-12T23:13:01.464586,1786374210148,GET,http://localhost/api/cicd/status/40665,0,1.99,"HTTPConnectionPool(host='localhost', port=80): Max retries exceeded with url: /api/cicd/status/40665 (Caused by NewConnectionError(""HTTPConnection(host='localhost', port=80): Failed to establish a new connection: [Errno 111] Connection refused""))"
2026-09-12T23:13:01.499503,1786374210148,GET,http://localhost/api/cicd/status/40665,0,11.03,"HTTPConnectionPool(host='localhost', port=80): Max retries exceeded with url: /api/cicd/status/40665 (Caused by NewConnectionError(""HTTPConnection(host='localhost', port=80): Failed to establish a new connection: [Errno 111] Connection refused""))"
2026-09-12T23:13:01.500346,1786374210148,GET,http://localhost/api/cicd/status/40665,0,10.41,"HTTPConnectionPool(host='localhost', port=80): Max retries exceeded with url: /api/cicd/status/40665 (Caused by NewConnectionError(""HTTPConnection(host='localhost', port=80): Failed to establish a new connection: [Errno 111] Connection refused""))"
2026-09-12T23:13:01.500894,1786374210148,GET,http://localhost/api/cicd/status/40665,0,5.87,"HTTPConnectionPool(host='localhost', port=80): Max retries exceeded with url: /api/cicd/status/40665 (Caused by NewConnectionError(""HTTPConnection(host='localhost', port=80): Failed to establish a new connection: [Errno 111] Connection refused""))"
2026-09-12T23:13:01.501592,1786374210148,GET,http://localhost/api/cicd/status/40665,0,9.46,"HTTPConnectionPool(host='localhost', port=80): Max retries exceeded with url: /api/cicd/status/40665 (Caused by NewConnectionError(""HTTPConnection(host='localhost', port=80): Failed to establish a new connection: [Errno 111] Connection refused""))"
2026-09-12T23:13:01.501924,1786373852673,POST,http://localhost/api/cicd/execute,0,5.81,"HTTPConnectionPool(host='localhost', port=80): Max retries exceeded with url: /api/cicd/execute (Caused by NewConnectionError(""HTTPConnection(host='localhost', port=80): Failed to establish a new connection: [Errno 111] Connection refused""))"
2026-09-12T23:13:01.502392,1786373852673,POST,http://localhost/api/cicd/execute,0,11.42,"HTTPConnectionPool(host='localhost', port=80): Max retries exceeded with url: /api/cicd/execute (Caused by NewConnectionError(""HTTPConnection(host='localhost', port=80): Failed to establish a new connection: [Errno 111] Connection refused""))"
2026-09-12T23:13:01.502737,1786374210148,GET,http://localhost/api/cicd/status/40665,0,8.97,"HTTPConnectionPool(host='localhost', port=80): Max retries exceeded with url: /api/cicd/status/40665 (Caused by NewConnectionError(""HTTPConnection(host='localhost', port=80): Failed to establish a new connection: [Errno 111] Connection refused""))"
2026-09-12T23:13:01.503106,1786374210148,GET,http://localhost/api/cicd/status/40665,0,5.4,"HTTPConnectionPool(host='localhost', port=80): Max retries exceeded with url: /api/cicd/status/40665 (Caused by NewConnectionError(""HTTPConnection(host='localhost', port=80): Failed to establish a new connection: [Errno 111] Connection refused""))"
2026-09-12T23:13:01.567015,1786374210148,GET,http://localhost/api/cicd/status/40665,0,2.72,"HTTPConnectionPool(host='localhost', port=80): Max retries exceeded with url: /api/cicd/status/40665 (Caused by NewConnectionError(""HTTPConnection(host='localhost', port=80): Failed to establish a new connection: [Errno 111] Connection refused""))"
2026-09-12T23:13:01.567497,1786373852673,POST,http://localhost/api/cicd/execute,0,2.08,"HTTPConnectionPool(host='localhost', port=80): Max retries exceeded with url: /api/cicd/execute (Caused by NewConnectionError(""HTTPConnection(host='localhost', port=80): Failed to establish a new connection: [Errno 111] Connection refused""))"
2026-09-12T23:13:01.608646,1786373852673,POST,http://localhost/api/cicd/execute,0,8.96,"HTTPConnectionPool(host='localhost', port=80): Max retries exceeded with url: /api/cicd/execute (Caused by NewConnectionError(""HTTPConnection(host='localhost', port=80): Failed to establish a new connection: [Errno 111] Connection refused""))"
2026-09-12T23:13:01.610840,1786374210148,GET,http://localhost/api/cicd/status/40665,0,4.11,"HTTPConnectionPool(host='localhost', port=80): Max retries exceeded with url: /api/cicd/status/40665 (Caused by NewConnectionError(""HTTPConnection(host='localhost', port=80): Failed to establish a new connection: [Errno 111] Connection refused""))"
2026-09-12T23:13:01.611198,1786373852673,POST,http://localhost/api/cicd/execute,0,10.44,"HTTPConnectionPool(host='localhost', port=80): Max retries exceeded with url: /api/cicd/execute (Caused by NewConnectionError(""HTTPConnection(host='localhost', port=80): Failed to establish a new connection: [Errno 111] Connection refused""))"
2026-09-12T23:13:01.611723,1786373852673,POST,http://localhost/api/cicd/execute,0,8.66,"HTTPConnectionPool(host='localhost', port=80): Max retries exceeded with url: /api/cicd/execute (Caused by NewConnectionError(""HTTPConnection(host='localhost', port=80): Failed to establish a new connection: [Errno 111] Connection refused""))"
2026-09-12T23:13:01.612076,1786373852673,POST,http://localhost/api/cicd/execute,0,10.11,"HTTPConnectionPool(host='localhost', port=80): Max retries exceeded with url: /api/cicd/execute (Caused by NewConnectionError(""HTTPConnection(host='localhost', port=80): Failed to establish a new connection: [Errno 111] Connection refused""))"
2026-09-12T23:13:01.612455,1786373852673,POST,http://localhost/api/cicd/execute,0,6.86,"HTTPConnectionPool(host='localhost', port=80): Max retries exceeded with url: /api/cicd/execute (Caused by NewConnectionError(""HTTPConnection(host='localhost', port=80): Failed to establish a new connection: [Errno 111] Connection refused""))"
2026-09-12T23:13:01.612842,1786374210148,GET,http://localhost/api/cicd/status/40665,0,8.55,"HTTPConnectionPool(host='localhost', port=80): Max retries exceeded with url: /api/cicd/status/40665 (Caused by NewConnectionError(""HTTPConnection(host='localhost', port=80): Failed to establish a new connection: [Errno 111] Connection refused""))"
2026-09-12T23:13:01.613161,1786373852673,POST,http://localhost/api/cicd/execute,0,3.81,"HTTPConnectionPool(host='localhost', port=80): Max retries exceeded with url: /api/cicd/execute (Caused by NewConnectionError(""HTTPConnection(host='localhost', port=80): Failed to establish a new connection: [Errno 111] Connection refused""))"
2026-09-12T23:13:01.669928,1786373852673,POST,http://localhost/api/cicd/execute,0,2.73,"HTTPConnectionPool(host='localhost', port=80): Max retries exceeded with url: /api/cicd/execute (Caused by NewConnectionError(""HTTPConnection(host='localhost', port=80): Failed to establish a new connection: [Errno 111] Connection refused""))"
2026-09-12T23:13:01.670389,1786374210148,GET,http://localhost/api/cicd/status/40665,0,2.03,"HTTPConnectionPool(host='localhost', port=80): Max retries exceeded with url: /api/cicd/status/40665 (Caused by NewConnectionError(""HTTPConnection(host='localhost', port=80): Failed to establish a new connection: [Errno 111] Connection refused""))"
2026-09-12T23:13:01.710446,1786374210148,GET,http://localhost/api/cicd/status/40665,0,1.62,"HTTPConnectionPool(host='localhost', port=80): Max retries exceeded with url: /api/cicd/status/40665 (Caused by NewConnectionError(""HTTPConnection(host='localhost', port=80): Failed to establish a new connection: [Errno 111] Connection refused""))"
2026-09-12T23:13:01.719675,1786373852673,POST,http://localhost/api/cicd/execute,0,8.68,"HTTPConnectionPool(host='localhost', port=80): Max retries exceeded with url: /api/cicd/execute (Caused by NewConnectionError(""HTTPConnection(host='localhost', port=80): Failed to establish a new connection: [Errno 111] Connection refused""))"
2026-09-12T23:13:01.720698,1786374210148,GET,http://localhost/api/cicd/status/40665,0,7.56,"HTTPConnectionPool(host='localhost', port=80): Max retries exceeded with url: /api/cicd/status/40665 (Caused by NewConnectionError(""HTTPConnection(host='localhost', port=80): Failed to establish a new connection: [Errno 111] Connection refused""))"
2026-09-12T23:13:01.721745,1786374210148,GET,http://localhost/api/cicd/status/40665,0,9.69,"HTTPConnectionPool(host='localhost', port=80): Max retries exceeded with url: /api/cicd/status/40665 (Caused by NewConnectionError(""HTTPConnection(host='localhost', port=80): Failed to establish a new connection: [Errno 111] Connection refused""))"
2026-09-12T23:13:01.721999,1786374210148,GET,http://localhost/api/cicd/status/40665,0,6.48,"HTTPConnectionPool(host='localhost', port=80): Max retries exceeded with url: /api/cicd/status/40665 (Caused by NewConnectionError(""HTTPConnection(host='localhost', port=80): Failed to establish a new connection: [Errno 111] Connection refused""))"
2026-09-12T23:13:01.722367,1786374210148,GET,http://localhost/api/cicd/status/40665,0,8.03,"HTTPConnectionPool(host='localhost', port=80): Max retries exceeded with url: /api/cicd/status/40665 (Caused by NewConnectionError(""HTTPConnection(host='localhost', port=80): Failed to establish a new connection: [Errno 111] Connection refused""))"
2026-09-12T23:13:01.722622,1786373852673,POST,http://localhost/api/cicd/execute,0,4.84,"HTTPConnectionPool(host='localhost', port=80): Max retries exceeded with url: /api/cicd/execute (Caused by NewConnectionError(""HTTPConnection(host='localhost', port=80): Failed to establish a new connection: [Errno 111] Connection refused""))"
2026-09-12T23:13:01.723100,1786374210148,GET,http://localhost/api/cicd/status/40665,0,6.48,"HTTPConnectionPool(host='localhost', port=80): Max retries exceeded with url: /api/cicd/status/40665 (Caused by NewConnectionError(""HTTPConnection(host='localhost', port=80): Failed to establish a new connection: [Errno 111] Connection refused""))"
2026-09-12T23:13:01.772791,1786374210148,GET,http://localhost/api/cicd/status/40665,0,2.68,"HTTPConnectionPool(host='localhost', port=80): Max retries exceeded with url: /api/cicd/status/40665 (Caused by NewConnectionError(""HTTPConnection(host='localhost', port=80): Failed to establish a new connection: [Errno 111] Connection refused""))"
2026-09-12T23:13:01.773278,1786373852673,POST,http://localhost/api/cicd/execute,0,2.08,"HTTPConnectionPool(host='localhost', port=80): Max retries exceeded with url: /api/cicd/execute (Caused by NewConnectionError(""HTTPConnection(host='localhost', port=80): Failed to establish a new connection: [Errno 111] Connection refused""))"
2026-09-12T23:13:01.812268,1786373852673,POST,http://localhost/api/cicd/execute,0,1.64,"HTTPConnectionPool(host='localhost', port=80): Max retries exceeded with url: /api/cicd/execute (Caused by NewConnectionError(""HTTPConnection(host='localhost', port=80): Failed to establish a new connection: [Errno 111] Connection refused""))"
2026-09-12T23:13:01.828793,1786374210148,GET,http://localhost/api/cicd/status/40665,0,8.96,"HTTPConnectionPool(host='localhost', port=80): Max retries exceeded with url: /api/cicd/status/40665 (Caused by NewConnectionError(""HTTPConnection(host='localhost', port=80): Failed to establish a new connection: [Errno 111] Connection refused""))"
2026-09-12T23:13:01.829571,1786373852673,POST,http://localhost/api/cicd/execute,0,7.52,"HTTPConnectionPool(host='localhost', port=80): Max retries exceeded with url: /api/cicd/execute (Caused by NewConnectionError(""HTTPConnection(host='localhost', port=80): Failed to establish a new connection: [Errno 111] Connection refused""))"
2026-09-12T23:13:01.829989,1786373852673,POST,http://localhost/api/cicd/execute,0,6.62,"HTTPConnectionPool(host='localhost', port=80): Max retries exceeded with url: /api/cicd/execute (Caused by NewConnectionError(""HTTPConnection(host='localhost', port=80): Failed to establish a new connection: [Errno 111] Connection refused""))"
2026-09-12T23:13:01.830349,1786373852673,POST,http://localhost/api/cicd/execute,0,9.43,"HTTPConnectionPool(host='localhost', port=80): Max retries exceeded with url: /api/cicd/execute (Caused by NewConnectionError(""HTTPConnection(host='localhost', port=80): Failed to establish a new connection: [Errno 111] Connection refused""))"
2026-09-12T23:13:01.830849,1786374210148,GET,http://localhost/api/cicd/status/40665,0,3.48,"HTTPConnectionPool(host='localhost', port=80): Max retries exceeded with url: /api/cicd/status/40665 (Caused by NewConnectionError(""HTTPConnection(host='localhost', port=80): Failed to establish a new connection: [Errno 111] Connection refused""))"
2026-09-12T23:13:01.831313,1786373852673,POST,http://localhost/api/cicd/execute,0,5.41,"HTTPConnectionPool(host='localhost', port=80): Max retries exceeded with url: /api/cicd/execute (Caused by NewConnectionError(""HTTPConnection(host='localhost', port=80): Failed to establish a new connection: [Errno 111] Connection refused""))"
2026-09-12T23:13:01.831816,1786373852673,POST,http://localhost/api/cicd/execute,0,7.19,"HTTPConnectionPool(host='localhost', port=80): Max retries exceeded with url: /api/cicd/execute (Caused by NewConnectionError(""HTTPConnection(host='localhost', port=80): Failed to establish a new connection: [Errno 111] Connection refused""))"
2026-09-12T23:13:01.876260,1786373852673,POST,http://localhost/api/cicd/execute,0,3.28,"HTTPConnectionPool(host='localhost', port=80): Max retries exceeded with url: /api/cicd/execute (Caused by NewConnectionError(""HTTPConnection(host='localhost', port=80): Failed to establish a new connection: [Errno 111] Connection refused""))"
2026-09-12T23:13:01.876592,1786374210148,GET,http://localhost/api/cicd/status/40665,0,2.5,"HTTPConnectionPool(host='localhost', port=80): Max retries exceeded with url: /api/cicd/status/40665 (Caused by NewConnectionError(""HTTPConnection(host='localhost', port=80): Failed to establish a new connection: [Errno 111] Connection refused""))"
2026-09-12T23:13:01.914025,1786374210148,GET,http://localhost/api/cicd/status/40665,0,1.58,"HTTPConnectionPool(host='localhost', port=80): Max retries exceeded with url: /api/cicd/status/40665 (Caused by NewConnectionError(""HTTPConnection(host='localhost', port=80): Failed to establish a new connection: [Errno 111] Connection refused""))"
2026-09-12T23:13:01.938456,1786374210148,GET,http://localhost/api/cicd/status/40665,0,8.38,"HTTPConnectionPool(host='localhost', port=80): Max retries exceeded with url: /api/cicd/status/40665 (Caused by NewConnectionError(""HTTPConnection(host='localhost', port=80): Failed to establish a new connection: [Errno 111] Connection refused""))"
2026-09-12T23:13:01.938856,1786374210148,GET,http://localhost/api/cicd/status/40665,0,4.29,"HTTPConnectionPool(host='localhost', port=80): Max retries exceeded with url: /api/cicd/status/40665 (Caused by NewConnectionError(""HTTPConnection(host='localhost', port=80): Failed to establish a new connection: [Errno 111] Connection refused""))"
2026-09-12T23:13:01.939171,1786374210148,GET,http://localhost/api/cicd/status/40665,0,6.75,"HTTPConnectionPool(host='localhost', port=80): Max retries exceeded with url: /api/cicd/status/40665 (Caused by NewConnectionError(""HTTPConnection(host='localhost', port=80): Failed to establish a new connection: [Errno 111] Connection refused""))"
2026-09-12T23:13:01.939474,1786373852673,POST,http://localhost/api/cicd/execute,0,3.71,"HTTPConnectionPool(host='localhost', port=80): Max retries exceeded with url: /api/cicd/execute (Caused by NewConnectionError(""HTTPConnection(host='localhost', port=80): Failed to establish a new connection: [Errno 111] Connection refused""))"
2026-09-12T23:13:01.939784,1786374210148,GET,http://localhost/api/cicd/status/40665,0,6.3,"HTTPConnectionPool(host='localhost', port=80): Max retries exceeded with url: /api/cicd/status/40665 (Caused by NewConnectionError(""HTTPConnection(host='localhost', port=80): Failed to establish a new connection: [Errno 111] Connection refused""))"
2026-09-12T23:13:01.940072,1786373852673,POST,http://localhost/api/cicd/execute,0,11.1,"HTTPConnectionPool(host='localhost', port=80): Max retries exceeded with url: /api/cicd/execute (Caused by NewConnectionError(""HTTPConnection(host='localhost', port=80): Failed to establish a new connection: [Errno 111] Connection refused""))"
2026-09-12T23:13:01.940294,1786374210148,GET,http://localhost/api/cicd/status/40665,0,9.14,"HTTPConnectionPool(host='localhost', port=80): Max retries exceeded with url: /api/cicd/status/40665 (Caused by NewConnectionError(""HTTPConnection(host='localhost', port=80): Failed to establish a new connection: [Errno 111] Connection refused""))"
2026-09-12T23:13:01.979159,1786374210148,GET,http://localhost/api/cicd/status/40665,0,2.7,"HTTPConnectionPool(host='localhost', port=80): Max retries exceeded with url: /api/cicd/status/40665 (Caused by NewConnectionError(""HTTPConnection(host='localhost', port=80): Failed to establish a new connection: [Errno 111] Connection refused""))"
2026-09-12T23:13:01.979636,1786373852673,POST,http://localhost/api/cicd/execute,0,2.13,"HTTPConnectionPool(host='localhost', port=80): Max retries exceeded with url: /api/cicd/execute (Caused by NewConnectionError(""HTTPConnection(host='localhost', port=80): Failed to establish a new connection: [Errno 111] Connection refused""))"
2026-09-12T23:13:02.015830,1786373852673,POST,http://localhost/api/cicd/execute,0,1.62,"HTTPConnectionPool(host='localhost', port=80): Max retries exceeded with url: /api/cicd/execute (Caused by NewConnectionError(""HTTPConnection(host='localhost', port=80): Failed to establish a new connection: [Errno 111] Connection refused""))"
2026-09-12T23:13:02.048353,1786373852673,POST,http://localhost/api/cicd/execute,0,4.73,"HTTPConnectionPool(host='localhost', port=80): Max retries exceeded with url: /api/cicd/execute (Caused by NewConnectionError(""HTTPConnection(host='localhost', port=80): Failed to establish a new connection: [Errno 111] Connection refused""))"
2026-09-12T23:13:02.048720,1786374210148,GET,http://localhost/api/cicd/status/40665,0,6.28,"HTTPConnectionPool(host='localhost', port=80): Max retries exceeded with url: /api/cicd/status/40665 (Caused by NewConnectionError(""HTTPConnection(host='localhost', port=80): Failed to establish a new connection: [Errno 111] Connection refused""))"
2026-09-12T23:13:02.049208,1786373852673,POST,http://localhost/api/cicd/execute,0,9.47,"HTTPConnectionPool(host='localhost', port=80): Max retries exceeded with url: /api/cicd/execute (Caused by NewConnectionError(""HTTPConnection(host='localhost', port=80): Failed to establish a new connection: [Errno 111] Connection refused""))"
2026-09-12T23:13:02.049688,1786373852673,POST,http://localhost/api/cicd/execute,0,11.06,"HTTPConnectionPool(host='localhost', port=80): Max retries exceeded with url: /api/cicd/execute (Caused by NewConnectionError(""HTTPConnection(host='localhost', port=80): Failed to establish a new connection: [Errno 111] Connection refused""))"
2026-09-12T23:13:02.050042,1786373852673,POST,http://localhost/api/cicd/execute,0,3.78,"HTTPConnectionPool(host='localhost', port=80): Max retries exceeded with url: /api/cicd/execute (Caused by NewConnectionError(""HTTPConnection(host='localhost', port=80): Failed to establish a new connection: [Errno 111] Connection refused""))"
2026-09-12T23:13:02.050384,1786374210148,GET,http://localhost/api/cicd/status/40665,0,5.45,"HTTPConnectionPool(host='localhost', port=80): Max retries exceeded with url: /api/cicd/status/40665 (Caused by NewConnectionError(""HTTPConnection(host='localhost', port=80): Failed to establish a new connection: [Errno 111] Connection refused""))"
2026-09-12T23:13:02.050586,1786373852673,POST,http://localhost/api/cicd/execute,0,9.72,"HTTPConnectionPool(host='localhost', port=80): Max retries exceeded with url: /api/cicd/execute (Caused by NewConnectionError(""HTTPConnection(host='localhost', port=80): Failed to establish a new connection: [Errno 111] Connection refused""))"
2026-09-12T23:13:02.081957,1786373852673,POST,http://localhost/api/cicd/execute,0,2.61,"HTTPConnectionPool(host='localhost', port=80): Max retries exceeded with url: /api/cicd/execute (Caused by NewConnectionError(""HTTPConnection(host='localhost', port=80): Failed to establish a new connection: [Errno 111] Connection refused""))"
2026-09-12T23:13:02.082557,1786374210148,GET,http://localhost/api/cicd/status/40665,0,2.12,"HTTPConnectionPool(host='localhost', port=80): Max retries exceeded with url: /api/cicd/status/40665 (Caused by NewConnectionError(""HTTPConnection(host='localhost', port=80): Failed to establish a new connection: [Errno 111] Connection refused""))"
2026-09-12T23:13:02.117577,1786374210148,GET,http://localhost/api/cicd/status/40665,0,1.57,"HTTPConnectionPool(host='localhost', port=80): Max retries exceeded with url: /api/cicd/status/40665 (Caused by NewConnectionError(""HTTPConnection(host='localhost', port=80): Failed to establish a new connection: [Errno 111] Connection refused""))"
2026-09-12T23:13:02.157829,1786374210148,GET,http://localhost/api/cicd/status/40665,0,9.3,"HTTPConnectionPool(host='localhost', port=80): Max retries exceeded with url: /api/cicd/status/40665 (Caused by NewConnectionError(""HTTPConnection(host='localhost', port=80): Failed to establish a new connection: [Errno 111] Connection refused""))"
2026-09-12T23:13:02.158619,1786374210148,GET,http://localhost/api/cicd/status/40665,0,4.3,"HTTPConnectionPool(host='localhost', port=80): Max retries exceeded with url: /api/cicd/status/40665 (Caused by NewConnectionError(""HTTPConnection(host='localhost', port=80): Failed to establish a new connection: [Errno 111] Connection refused""))"
2026-09-12T23:13:02.158903,1786374210148,GET,http://localhost/api/cicd/status/40665,0,3.27,"HTTPConnectionPool(host='localhost', port=80): Max retries exceeded with url: /api/cicd/status/40665 (Caused by NewConnectionError(""HTTPConnection(host='localhost', port=80): Failed to establish a new connection: [Errno 111] Connection refused""))"
2026-09-12T23:13:02.159173,1786373852673,POST,http://localhost/api/cicd/execute,0,9.56,"HTTPConnectionPool(host='localhost', port=80): Max retries exceeded with url: /api/cicd/execute (Caused by NewConnectionError(""HTTPConnection(host='localhost', port=80): Failed to establish a new connection: [Errno 111] Connection refused""))"
2026-09-12T23:13:02.159462,1786374210148,GET,http://localhost/api/cicd/status/40665,0,5.99,"HTTPConnectionPool(host='localhost', port=80): Max retries exceeded with url: /api/cicd/status/40665 (Caused by NewConnectionError(""HTTPConnection(host='localhost', port=80): Failed to establish a new connection: [Errno 111] Connection refused""))"
2026-09-12T23:13:02.159910,1786373852673,POST,http://localhost/api/cicd/execute,0,7.93,"HTTPConnectionPool(host='localhost', port=80): Max retries exceeded with url: /api/cicd/execute (Caused by NewConnectionError(""HTTPConnection(host='localhost', port=80): Failed to establish a new connection: [Errno 111] Connection refused""))"
2026-09-12T23:13:02.160213,1786374210148,GET,http://localhost/api/cicd/status/40665,0,9.5,"HTTPConnectionPool(host='localhost', port=80): Max retries exceeded with url: /api/cicd/status/40665 (Caused by NewConnectionError(""HTTPConnection(host='localhost', port=80): Failed to establish a new connection: [Errno 111] Connection refused""))"
2026-09-12T23:13:02.184775,1786374210148,GET,http://localhost/api/cicd/status/40665,0,2.64,"HTTPConnectionPool(host='localhost', port=80): Max retries exceeded with url: /api/cicd/status/40665 (Caused by NewConnectionError(""HTTPConnection(host='localhost', port=80): Failed to establish a new connection: [Errno 111] Connection refused""))"
2026-09-12T23:13:02.185094,1786373852673,POST,http://localhost/api/cicd/execute,0,1.9,"HTTPConnectionPool(host='localhost', port=80): Max retries exceeded with url: /api/cicd/execute (Caused by NewConnectionError(""HTTPConnection(host='localhost', port=80): Failed to establish a new connection: [Errno 111] Connection refused""))"
2026-09-12T23:13:02.219376,1786373852673,POST,http://localhost/api/cicd/execute,0,1.62,"HTTPConnectionPool(host='localhost', port=80): Max retries exceeded with url: /api/cicd/execute (Caused by NewConnectionError(""HTTPConnection(host='localhost', port=80): Failed to establish a new connection: [Errno 111] Connection refused""))"
2026-09-12T23:13:02.267412,1786373852673,POST,http://localhost/api/cicd/execute,0,8.34,"HTTPConnectionPool(host='localhost', port=80): Max retries exceeded with url: /api/cicd/execute (Caused by NewConnectionError(""HTTPConnection(host='localhost', port=80): Failed to establish a new connection: [Errno 111] Connection refused""))"
2026-09-12T23:13:02.267894,1786373852673,POST,http://localhost/api/cicd/execute,0,9.88,"HTTPConnectionPool(host='localhost', port=80): Max retries exceeded with url: /api/cicd/execute (Caused by NewConnectionError(""HTTPConnection(host='localhost', port=80): Failed to establish a new connection: [Errno 111] Connection refused""))"
2026-09-12T23:13:02.268790,1786373852673,POST,http://localhost/api/cicd/execute,0,7.23,"HTTPConnectionPool(host='localhost', port=80): Max retries exceeded with url: /api/cicd/execute (Caused by NewConnectionError(""HTTPConnection(host='localhost', port=80): Failed to establish a new connection: [Errno 111] Connection refused""))"
2026-09-12T23:13:02.269031,1786373852673,POST,http://localhost/api/cicd/execute,0,8.84,"HTTPConnectionPool(host='localhost', port=80): Max retries exceeded with url: /api/cicd/execute (Caused by NewConnectionError(""HTTPConnection(host='localhost', port=80): Failed to establish a new connection: [Errno 111] Connection refused""))"
2026-09-12T23:13:02.269322,1786374210148,GET,http://localhost/api/cicd/status/40665,0,6.46,"HTTPConnectionPool(host='localhost', port=80): Max retries exceeded with url: /api/cicd/status/40665 (Caused by NewConnectionError(""HTTPConnection(host='localhost', port=80): Failed to establish a new connection: [Errno 111] Connection refused""))"
2026-09-12T23:13:02.269705,1786373852673,POST,http://localhost/api/cicd/execute,0,4.24,"HTTPConnectionPool(host='localhost', port=80): Max retries exceeded with url: /api/cicd/execute (Caused by NewConnectionError(""HTTPConnection(host='localhost', port=80): Failed to establish a new connection: [Errno 111] Connection refused""))"
2026-09-12T23:13:02.270053,1786374210148,GET,http://localhost/api/cicd/status/40665,0,5.66,"HTTPConnectionPool(host='localhost', port=80): Max retries exceeded with url: /api/cicd/status/40665 (Caused by NewConnectionError(""HTTPConnection(host='localhost', port=80): Failed to establish a new connection: [Errno 111] Connection refused""))"
2026-09-12T23:13:02.288059,1786373852673,POST,http://localhost/api/cicd/execute,0,3.11,"HTTPConnectionPool(host='localhost', port=80): Max retries exceeded with url: /api/cicd/execute (Caused by NewConnectionError(""HTTPConnection(host='localhost', port=80): Failed to establish a new connection: [Errno 111] Connection refused""))"
2026-09-12T23:13:02.288514,1786374210148,GET,http://localhost/api/cicd/status/40665,0,1.99,"HTTPConnectionPool(host='localhost', port=80): Max retries exceeded with url: /api/cicd/status/40665 (Caused by NewConnectionError(""HTTPConnection(host='localhost', port=80): Failed to establish a new connection: [Errno 111] Connection refused""))"
2026-09-12T23:13:02.321121,1786374210148,GET,http://localhost/api/cicd/status/40665,0,1.57,"HTTPConnectionPool(host='localhost', port=80): Max retries exceeded with url: /api/cicd/status/40665 (Caused by NewConnectionError(""HTTPConnection(host='localhost', port=80): Failed to establish a new connection: [Errno 111] Connection refused""))"
2026-09-12T23:13:02.377171,1786374210148,GET,http://localhost/api/cicd/status/40665,0,9.59,"HTTPConnectionPool(host='localhost', port=80): Max retries exceeded with url: /api/cicd/status/40665 (Caused by NewConnectionError(""HTTPConnection(host='localhost', port=80): Failed to establish a new connection: [Errno 111] Connection refused""))"
2026-09-12T23:13:02.377703,1786374210148,GET,http://localhost/api/cicd/status/40665,0,3.97,"HTTPConnectionPool(host='localhost', port=80): Max retries exceeded with url: /api/cicd/status/40665 (Caused by NewConnectionError(""HTTPConnection(host='localhost', port=80): Failed to establish a new connection: [Errno 111] Connection refused""))"
2026-09-12T23:13:02.377938,1786374210148,GET,http://localhost/api/cicd/status/40665,0,5.4,"HTTPConnectionPool(host='localhost', port=80): Max retries exceeded with url: /api/cicd/status/40665 (Caused by NewConnectionError(""HTTPConnection(host='localhost', port=80): Failed to establish a new connection: [Errno 111] Connection refused""))"
2026-09-12T23:13:02.378378,1786374210148,GET,http://localhost/api/cicd/status/40665,0,9.74,"HTTPConnectionPool(host='localhost', port=80): Max retries exceeded with url: /api/cicd/status/40665 (Caused by NewConnectionError(""HTTPConnection(host='localhost', port=80): Failed to establish a new connection: [Errno 111] Connection refused""))"
2026-09-12T23:13:02.378645,1786373852673,POST,http://localhost/api/cicd/execute,0,7.81,"HTTPConnectionPool(host='localhost', port=80): Max retries exceeded with url: /api/cicd/execute (Caused by NewConnectionError(""HTTPConnection(host='localhost', port=80): Failed to establish a new connection: [Errno 111] Connection refused""))"
2026-09-12T23:13:02.378914,1786374210148,GET,http://localhost/api/cicd/status/40665,0,9.11,"HTTPConnectionPool(host='localhost', port=80): Max retries exceeded with url: /api/cicd/status/40665 (Caused by NewConnectionError(""HTTPConnection(host='localhost', port=80): Failed to establish a new connection: [Errno 111] Connection refused""))"
2026-09-12T23:13:02.379326,1786373852673,POST,http://localhost/api/cicd/execute,0,3.98,"HTTPConnectionPool(host='localhost', port=80): Max retries exceeded with url: /api/cicd/execute (Caused by NewConnectionError(""HTTPConnection(host='localhost', port=80): Failed to establish a new connection: [Errno 111] Connection refused""))"
2026-09-12T23:13:02.391270,1786374210148,GET,http://localhost/api/cicd/status/40665,0,3.03,"HTTPConnectionPool(host='localhost', port=80): Max retries exceeded with url: /api/cicd/status/40665 (Caused by NewConnectionError(""HTTPConnection(host='localhost', port=80): Failed to establish a new connection: [Errno 111] Connection refused""))"
2026-09-12T23:13:02.391704,1786373852673,POST,http://localhost/api/cicd/execute,0,2.05,"HTTPConnectionPool(host='localhost', port=80): Max retries exceeded with url: /api/cicd/execute (Caused by NewConnectionError(""HTTPConnection(host='localhost', port=80): Failed to establish a new connection: [Errno 111] Connection refused""))"
2026-09-12T23:13:02.422923,1786373852673,POST,http://localhost/api/cicd/execute,0,1.6,"HTTPConnectionPool(host='localhost', port=80): Max retries exceeded with url: /api/cicd/execute (Caused by NewConnectionError(""HTTPConnection(host='localhost', port=80): Failed to establish a new connection: [Errno 111] Connection refused""))"
2026-09-12T23:13:02.486599,1786373852673,POST,http://localhost/api/cicd/execute,0,9.25,"HTTPConnectionPool(host='localhost', port=80): Max retries exceeded with url: /api/cicd/execute (Caused by NewConnectionError(""HTTPConnection(host='localhost', port=80): Failed to establish a new connection: [Errno 111] Connection refused""))"
2026-09-12T23:13:02.487252,1786373852673,POST,http://localhost/api/cicd/execute,0,7.62,"HTTPConnectionPool(host='localhost', port=80): Max retries exceeded with url: /api/cicd/execute (Caused by NewConnectionError(""HTTPConnection(host='localhost', port=80): Failed to establish a new connection: [Errno 111] Connection refused""))"
2026-09-12T23:13:02.487666,1786373852673,POST,http://localhost/api/cicd/execute,0,4.38,"HTTPConnectionPool(host='localhost', port=80): Max retries exceeded with url: /api/cicd/execute (Caused by NewConnectionError(""HTTPConnection(host='localhost', port=80): Failed to establish a new connection: [Errno 111] Connection refused""))"
2026-09-12T23:13:02.487994,1786374210148,GET,http://localhost/api/cicd/status/40665,0,3.48,"HTTPConnectionPool(host='localhost', port=80): Max retries exceeded with url: /api/cicd/status/40665 (Caused by NewConnectionError(""HTTPConnection(host='localhost', port=80): Failed to establish a new connection: [Errno 111] Connection refused""))"
2026-09-12T23:13:02.488384,1786373852673,POST,http://localhost/api/cicd/execute,0,9.92,"HTTPConnectionPool(host='localhost', port=80): Max retries exceeded with url: /api/cicd/execute (Caused by NewConnectionError(""HTTPConnection(host='localhost', port=80): Failed to establish a new connection: [Errno 111] Connection refused""))"
2026-09-12T23:13:02.488743,1786374210148,GET,http://localhost/api/cicd/status/40665,0,6.73,"HTTPConnectionPool(host='localhost', port=80): Max retries exceeded with url: /api/cicd/status/40665 (Caused by NewConnectionError(""HTTPConnection(host='localhost', port=80): Failed to establish a new connection: [Errno 111] Connection refused""))"
2026-09-12T23:13:02.488968,1786373852673,POST,http://localhost/api/cicd/execute,0,8.2,"HTTPConnectionPool(host='localhost', port=80): Max retries exceeded with url: /api/cicd/execute (Caused by NewConnectionError(""HTTPConnection(host='localhost', port=80): Failed to establish a new connection: [Errno 111] Connection refused""))"
2026-09-12T23:13:02.494227,1786373852673,POST,http://localhost/api/cicd/execute,0,2.81,"HTTPConnectionPool(host='localhost', port=80): Max retries exceeded with url: /api/cicd/execute (Caused by NewConnectionError(""HTTPConnection(host='localhost', port=80): Failed to establish a new connection: [Errno 111] Connection refused""))"
2026-09-12T23:13:02.494937,1786374210148,GET,http://localhost/api/cicd/status/40665,0,2.41,"HTTPConnectionPool(host='localhost', port=80): Max retries exceeded with url: /api/cicd/status/40665 (Caused by NewConnectionError(""HTTPConnection(host='localhost', port=80): Failed to establish a new connection: [Errno 111] Connection refused""))"
2026-09-12T23:13:02.524682,1786374210148,GET,http://localhost/api/cicd/status/40665,0,1.58,"HTTPConnectionPool(host='localhost', port=80): Max retries exceeded with url: /api/cicd/status/40665 (Caused by NewConnectionError(""HTTPConnection(host='localhost', port=80): Failed to establish a new connection: [Errno 111] Connection refused""))"
2026-09-12T23:13:02.599847,1786374210148,GET,http://localhost/api/cicd/status/40665,0,12.01,"HTTPConnectionPool(host='localhost', port=80): Max retries exceeded with url: /api/cicd/status/40665 (Caused by NewConnectionError(""HTTPConnection(host='localhost', port=80): Failed to establish a new connection: [Errno 111] Connection refused""))"
2026-09-12T23:13:02.600226,1786374210148,GET,http://localhost/api/cicd/status/40665,0,6.82,"HTTPConnectionPool(host='localhost', port=80): Max retries exceeded with url: /api/cicd/status/40665 (Caused by NewConnectionError(""HTTPConnection(host='localhost', port=80): Failed to establish a new connection: [Errno 111] Connection refused""))"
2026-09-12T23:13:02.600690,1786373852673,POST,http://localhost/api/cicd/execute,0,9.94,"HTTPConnectionPool(host='localhost', port=80): Max retries exceeded with url: /api/cicd/execute (Caused by NewConnectionError(""HTTPConnection(host='localhost', port=80): Failed to establish a new connection: [Errno 111] Connection refused""))"
2026-09-12T23:13:02.600949,1786374210148,GET,http://localhost/api/cicd/status/40665,0,5.04,"HTTPConnectionPool(host='localhost', port=80): Max retries exceeded with url: /api/cicd/status/40665 (Caused by NewConnectionError(""HTTPConnection(host='localhost', port=80): Failed to establish a new connection: [Errno 111] Connection refused""))"
2026-09-12T23:13:02.601200,1786374210148,GET,http://localhost/api/cicd/status/40665,0,14.42,"HTTPConnectionPool(host='localhost', port=80): Max retries exceeded with url: /api/cicd/status/40665 (Caused by NewConnectionError(""HTTPConnection(host='localhost', port=80): Failed to establish a new connection: [Errno 111] Connection refused""))"
2026-09-12T23:13:02.601481,1786374210148,GET,http://localhost/api/cicd/status/40665,0,9.19,"HTTPConnectionPool(host='localhost', port=80): Max retries exceeded with url: /api/cicd/status/40665 (Caused by NewConnectionError(""HTTPConnection(host='localhost', port=80): Failed to establish a new connection: [Errno 111] Connection refused""))"
2026-09-12T23:13:02.601760,1786373852673,POST,http://localhost/api/cicd/execute,0,12.86,"HTTPConnectionPool(host='localhost', port=80): Max retries exceeded with url: /api/cicd/execute (Caused by NewConnectionError(""HTTPConnection(host='localhost', port=80): Failed to establish a new connection: [Errno 111] Connection refused""))"
2026-09-12T23:13:02.602301,1786374210148,GET,http://localhost/api/cicd/status/40665,0,7.65,"HTTPConnectionPool(host='localhost', port=80): Max retries exceeded with url: /api/cicd/status/40665 (Caused by NewConnectionError(""HTTPConnection(host='localhost', port=80): Failed to establish a new connection: [Errno 111] Connection refused""))"
2026-09-12T23:13:02.606838,1786373852673,POST,http://localhost/api/cicd/execute,0,9.42,"HTTPConnectionPool(host='localhost', port=80): Max retries exceeded with url: /api/cicd/execute (Caused by NewConnectionError(""HTTPConnection(host='localhost', port=80): Failed to establish a new connection: [Errno 111] Connection refused""))"
2026-09-12T23:13:02.626488,1786373852673,POST,http://localhost/api/cicd/execute,0,1.63,"HTTPConnectionPool(host='localhost', port=80): Max retries exceeded with url: /api/cicd/execute (Caused by NewConnectionError(""HTTPConnection(host='localhost', port=80): Failed to establish a new connection: [Errno 111] Connection refused""))"
2026-09-12T23:13:02.711889,1786373852673,POST,http://localhost/api/cicd/execute,0,8.5,"HTTPConnectionPool(host='localhost', port=80): Max retries exceeded with url: /api/cicd/execute (Caused by NewConnectionError(""HTTPConnection(host='localhost', port=80): Failed to establish a new connection: [Errno 111] Connection refused""))"
2026-09-12T23:13:02.712274,1786373852673,POST,http://localhost/api/cicd/execute,0,12.24,"HTTPConnectionPool(host='localhost', port=80): Max retries exceeded with url: /api/cicd/execute (Caused by NewConnectionError(""HTTPConnection(host='localhost', port=80): Failed to establish a new connection: [Errno 111] Connection refused""))"
2026-09-12T23:13:02.713337,1786374210148,GET,http://localhost/api/cicd/status/40665,0,3.59,"HTTPConnectionPool(host='localhost', port=80): Max retries exceeded with url: /api/cicd/status/40665 (Caused by NewConnectionError(""HTTPConnection(host='localhost', port=80): Failed to establish a new connection: [Errno 111] Connection refused""))"
2026-09-12T23:13:02.713610,1786374210148,GET,http://localhost/api/cicd/status/40665,0,5.2,"HTTPConnectionPool(host='localhost', port=80): Max retries exceeded with url: /api/cicd/status/40665 (Caused by NewConnectionError(""HTTPConnection(host='localhost', port=80): Failed to establish a new connection: [Errno 111] Connection refused""))"
2026-09-12T23:13:02.713832,1786373852673,POST,http://localhost/api/cicd/execute,0,7.95,"HTTPConnectionPool(host='localhost', port=80): Max retries exceeded with url: /api/cicd/execute (Caused by NewConnectionError(""HTTPConnection(host='localhost', port=80): Failed to establish a new connection: [Errno 111] Connection refused""))"
2026-09-12T23:13:02.714105,1786373852673,POST,http://localhost/api/cicd/execute,0,6.91,"HTTPConnectionPool(host='localhost', port=80): Max retries exceeded with url: /api/cicd/execute (Caused by NewConnectionError(""HTTPConnection(host='localhost', port=80): Failed to establish a new connection: [Errno 111] Connection refused""))"
2026-09-12T23:13:02.714592,1786374210148,GET,http://localhost/api/cicd/status/40665,0,12.28,"HTTPConnectionPool(host='localhost', port=80): Max retries exceeded with url: /api/cicd/status/40665 (Caused by NewConnectionError(""HTTPConnection(host='localhost', port=80): Failed to establish a new connection: [Errno 111] Connection refused""))"
2026-09-12T23:13:02.714943,1786373852673,POST,http://localhost/api/cicd/execute,0,13.81,"HTTPConnectionPool(host='localhost', port=80): Max retries exceeded with url: /api/cicd/execute (Caused by NewConnectionError(""HTTPConnection(host='localhost', port=80): Failed to establish a new connection: [Errno 111] Connection refused""))"
2026-09-12T23:13:02.715233,1786373852673,POST,http://localhost/api/cicd/execute,0,10.61,"HTTPConnectionPool(host='localhost', port=80): Max retries exceeded with url: /api/cicd/execute (Caused by NewConnectionError(""HTTPConnection(host='localhost', port=80): Failed to establish a new connection: [Errno 111] Connection refused""))"
2026-09-12T23:13:02.728293,1786374210148,GET,http://localhost/api/cicd/status/40665,0,1.63,"HTTPConnectionPool(host='localhost', port=80): Max retries exceeded with url: /api/cicd/status/40665 (Caused by NewConnectionError(""HTTPConnection(host='localhost', port=80): Failed to establish a new connection: [Errno 111] Connection refused""))"
2026-09-12T23:13:02.823752,1786374210148,GET,http://localhost/api/cicd/status/40665,0,11.68,"HTTPConnectionPool(host='localhost', port=80): Max retries exceeded with url: /api/cicd/status/40665 (Caused by NewConnectionError(""HTTPConnection(host='localhost', port=80): Failed to establish a new connection: [Errno 111] Connection refused""))"
2026-09-12T23:13:02.824791,1786373852673,POST,http://localhost/api/cicd/execute,0,9.45,"HTTPConnectionPool(host='localhost', port=80): Max retries exceeded with url: /api/cicd/execute (Caused by NewConnectionError(""HTTPConnection(host='localhost', port=80): Failed to establish a new connection: [Errno 111] Connection refused""))"
2026-09-12T23:13:02.825050,1786374210148,GET,http://localhost/api/cicd/status/40665,0,10.77,"HTTPConnectionPool(host='localhost', port=80): Max retries exceeded with url: /api/cicd/status/40665 (Caused by NewConnectionError(""HTTPConnection(host='localhost', port=80): Failed to establish a new connection: [Errno 111] Connection refused""))"
2026-09-12T23:13:02.825310,1786374210148,GET,http://localhost/api/cicd/status/40665,0,4.89,"HTTPConnectionPool(host='localhost', port=80): Max retries exceeded with url: /api/cicd/status/40665 (Caused by NewConnectionError(""HTTPConnection(host='localhost', port=80): Failed to establish a new connection: [Errno 111] Connection refused""))"
2026-09-12T23:13:02.825613,1786374210148,GET,http://localhost/api/cicd/status/40665,0,8.89,"HTTPConnectionPool(host='localhost', port=80): Max retries exceeded with url: /api/cicd/status/40665 (Caused by NewConnectionError(""HTTPConnection(host='localhost', port=80): Failed to establish a new connection: [Errno 111] Connection refused""))"
2026-09-12T23:13:02.826219,1786374210148,GET,http://localhost/api/cicd/status/40665,0,13.1,"HTTPConnectionPool(host='localhost', port=80): Max retries exceeded with url: /api/cicd/status/40665 (Caused by NewConnectionError(""HTTPConnection(host='localhost', port=80): Failed to establish a new connection: [Errno 111] Connection refused""))"
2026-09-12T23:13:02.826567,1786373852673,POST,http://localhost/api/cicd/execute,0,5.02,"HTTPConnectionPool(host='localhost', port=80): Max retries exceeded with url: /api/cicd/execute (Caused by NewConnectionError(""HTTPConnection(host='localhost', port=80): Failed to establish a new connection: [Errno 111] Connection refused""))"
2026-09-12T23:13:02.826781,1786374210148,GET,http://localhost/api/cicd/status/40665,0,7.41,"HTTPConnectionPool(host='localhost', port=80): Max retries exceeded with url: /api/cicd/status/40665 (Caused by NewConnectionError(""HTTPConnection(host='localhost', port=80): Failed to establish a new connection: [Errno 111] Connection refused""))"
2026-09-12T23:13:02.827178,1786373852673,POST,http://localhost/api/cicd/execute,0,8.89,"HTTPConnectionPool(host='localhost', port=80): Max retries exceeded with url: /api/cicd/execute (Caused by NewConnectionError(""HTTPConnection(host='localhost', port=80): Failed to establish a new connection: [Errno 111] Connection refused""))"
2026-09-12T23:13:02.830071,1786373852673,POST,http://localhost/api/cicd/execute,0,1.6,"HTTPConnectionPool(host='localhost', port=80): Max retries exceeded with url: /api/cicd/execute (Caused by NewConnectionError(""HTTPConnection(host='localhost', port=80): Failed to establish a new connection: [Errno 111] Connection refused""))"
2026-09-12T23:13:02.936037,1786373852673,POST,http://localhost/api/cicd/execute,0,12.11,"HTTPConnectionPool(host='localhost', port=80): Max retries exceeded with url: /api/cicd/execute (Caused by NewConnectionError(""HTTPConnection(host='localhost', port=80): Failed to establish a new connection: [Errno 111] Connection refused""))"
2026-09-12T23:13:02.937682,1786373852673,POST,http://localhost/api/cicd/execute,0,11.5,"HTTPConnectionPool(host='localhost', port=80): Max retries exceeded with url: /api/cicd/execute (Caused by NewConnectionError(""HTTPConnection(host='localhost', port=80): Failed to establish a new connection: [Errno 111] Connection refused""))"
2026-09-12T23:13:02.938502,1786373852673,POST,http://localhost/api/cicd/execute,0,8.88,"HTTPConnectionPool(host='localhost', port=80): Max retries exceeded with url: /api/cicd/execute (Caused by NewConnectionError(""HTTPConnection(host='localhost', port=80): Failed to establish a new connection: [Errno 111] Connection refused""))"
2026-09-12T23:13:02.938926,1786374210148,GET,http://localhost/api/cicd/status/40665,0,5.86,"HTTPConnectionPool(host='localhost', port=80): Max retries exceeded with url: /api/cicd/status/40665 (Caused by NewConnectionError(""HTTPConnection(host='localhost', port=80): Failed to establish a new connection: [Errno 111] Connection refused""))"
2026-09-12T23:13:02.939526,1786373852673,POST,http://localhost/api/cicd/execute,0,12.24,"HTTPConnectionPool(host='localhost', port=80): Max retries exceeded with url: /api/cicd/execute (Caused by NewConnectionError(""HTTPConnection(host='localhost', port=80): Failed to establish a new connection: [Errno 111] Connection refused""))"
2026-09-12T23:13:02.940085,1786373852673,POST,http://localhost/api/cicd/execute,0,11.67,"HTTPConnectionPool(host='localhost', port=80): Max retries exceeded with url: /api/cicd/execute (Caused by NewConnectionError(""HTTPConnection(host='localhost', port=80): Failed to establish a new connection: [Errno 111] Connection refused""))"
2026-09-12T23:13:02.940396,1786374210148,GET,http://localhost/api/cicd/status/40665,0,15.41,"HTTPConnectionPool(host='localhost', port=80): Max retries exceeded with url: /api/cicd/status/40665 (Caused by NewConnectionError(""HTTPConnection(host='localhost', port=80): Failed to establish a new connection: [Errno 111] Connection refused""))"
2026-09-12T23:13:02.940866,1786374210148,GET,http://localhost/api/cicd/status/40665,0,8.87,"HTTPConnectionPool(host='localhost', port=80): Max retries exceeded with url: /api/cicd/status/40665 (Caused by NewConnectionError(""HTTPConnection(host='localhost', port=80): Failed to establish a new connection: [Errno 111] Connection refused""))"
2026-09-12T23:13:02.941180,1786374210148,GET,http://localhost/api/cicd/status/40665,0,10.44,"HTTPConnectionPool(host='localhost', port=80): Max retries exceeded with url: /api/cicd/status/40665 (Caused by NewConnectionError(""HTTPConnection(host='localhost', port=80): Failed to establish a new connection: [Errno 111] Connection refused""))"
2026-09-12T23:13:02.941369,1786373852673,POST,http://localhost/api/cicd/execute,0,6.76,"HTTPConnectionPool(host='localhost', port=80): Max retries exceeded with url: /api/cicd/execute (Caused by NewConnectionError(""HTTPConnection(host='localhost', port=80): Failed to establish a new connection: [Errno 111] Connection refused""))"
2026-09-12T23:13:03.037801,1786374210148,GET,http://localhost/api/cicd/status/40665,0,1.58,"HTTPConnectionPool(host='localhost', port=80): Max retries exceeded with url: /api/cicd/status/40665 (Caused by NewConnectionError(""HTTPConnection(host='localhost', port=80): Failed to establish a new connection: [Errno 111] Connection refused""))"
2026-09-12T23:13:03.047690,1786374210148,GET,http://localhost/api/cicd/status/40665,0,9.81,"HTTPConnectionPool(host='localhost', port=80): Max retries exceeded with url: /api/cicd/status/40665 (Caused by NewConnectionError(""HTTPConnection(host='localhost', port=80): Failed to establish a new connection: [Errno 111] Connection refused""))"
2026-09-12T23:13:03.050545,1786374210148,GET,http://localhost/api/cicd/status/40665,0,11.44,"HTTPConnectionPool(host='localhost', port=80): Max retries exceeded with url: /api/cicd/status/40665 (Caused by NewConnectionError(""HTTPConnection(host='localhost', port=80): Failed to establish a new connection: [Errno 111] Connection refused""))"
2026-09-12T23:13:03.050994,1786374210148,GET,http://localhost/api/cicd/status/40665,0,4.71,"HTTPConnectionPool(host='localhost', port=80): Max retries exceeded with url: /api/cicd/status/40665 (Caused by NewConnectionError(""HTTPConnection(host='localhost', port=80): Failed to establish a new connection: [Errno 111] Connection refused""))"
2026-09-12T23:13:03.051352,1786374210148,GET,http://localhost/api/cicd/status/40665,0,9.94,"HTTPConnectionPool(host='localhost', port=80): Max retries exceeded with url: /api/cicd/status/40665 (Caused by NewConnectionError(""HTTPConnection(host='localhost', port=80): Failed to establish a new connection: [Errno 111] Connection refused""))"
2026-09-12T23:13:03.051662,1786373852673,POST,http://localhost/api/cicd/execute,0,6.78,"HTTPConnectionPool(host='localhost', port=80): Max retries exceeded with url: /api/cicd/execute (Caused by NewConnectionError(""HTTPConnection(host='localhost', port=80): Failed to establish a new connection: [Errno 111] Connection refused""))"
2026-09-12T23:13:03.052705,1786373852673,POST,http://localhost/api/cicd/execute,0,10.19,"HTTPConnectionPool(host='localhost', port=80): Max retries exceeded with url: /api/cicd/execute (Caused by NewConnectionError(""HTTPConnection(host='localhost', port=80): Failed to establish a new connection: [Errno 111] Connection refused""))"
2026-09-12T23:13:03.053169,1786373852673,POST,http://localhost/api/cicd/execute,0,12.99,"HTTPConnectionPool(host='localhost', port=80): Max retries exceeded with url: /api/cicd/execute (Caused by NewConnectionError(""HTTPConnection(host='localhost', port=80): Failed to establish a new connection: [Errno 111] Connection refused""))"
2026-09-12T23:13:03.053437,1786373852673,POST,http://localhost/api/cicd/execute,0,9.79,"HTTPConnectionPool(host='localhost', port=80): Max retries exceeded with url: /api/cicd/execute (Caused by NewConnectionError(""HTTPConnection(host='localhost', port=80): Failed to establish a new connection: [Errno 111] Connection refused""))"
2026-09-12T23:13:03.053729,1786374210148,GET,http://localhost/api/cicd/status/40665,0,5.96,"HTTPConnectionPool(host='localhost', port=80): Max retries exceeded with url: /api/cicd/status/40665 (Caused by NewConnectionError(""HTTPConnection(host='localhost', port=80): Failed to establish a new connection: [Errno 111] Connection refused""))"
2026-09-12T23:13:03.139638,1786373852673,POST,http://localhost/api/cicd/execute,0,1.66,"HTTPConnectionPool(host='localhost', port=80): Max retries exceeded with url: /api/cicd/execute (Caused by NewConnectionError(""HTTPConnection(host='localhost', port=80): Failed to establish a new connection: [Errno 111] Connection refused""))"
2026-09-12T23:13:03.149522,1786373852673,POST,http://localhost/api/cicd/execute,0,1.65,"HTTPConnectionPool(host='localhost', port=80): Max retries exceeded with url: /api/cicd/execute (Caused by NewConnectionError(""HTTPConnection(host='localhost', port=80): Failed to establish a new connection: [Errno 111] Connection refused""))"
2026-09-12T23:13:03.161720,1786373852673,POST,http://localhost/api/cicd/execute,0,11.0,"HTTPConnectionPool(host='localhost', port=80): Max retries exceeded with url: /api/cicd/execute (Caused by NewConnectionError(""HTTPConnection(host='localhost', port=80): Failed to establish a new connection: [Errno 111] Connection refused""))"
2026-09-12T23:13:03.162104,1786374210148,GET,http://localhost/api/cicd/status/40665,0,6.65,"HTTPConnectionPool(host='localhost', port=80): Max retries exceeded with url: /api/cicd/status/40665 (Caused by NewConnectionError(""HTTPConnection(host='localhost', port=80): Failed to establish a new connection: [Errno 111] Connection refused""))"
2026-09-12T23:13:03.162982,1786374210148,GET,http://localhost/api/cicd/status/40665,0,8.79,"HTTPConnectionPool(host='localhost', port=80): Max retries exceeded with url: /api/cicd/status/40665 (Caused by NewConnectionError(""HTTPConnection(host='localhost', port=80): Failed to establish a new connection: [Errno 111] Connection refused""))"
2026-09-12T23:13:03.163290,1786374210148,GET,http://localhost/api/cicd/status/40665,0,6.66,"HTTPConnectionPool(host='localhost', port=80): Max retries exceeded with url: /api/cicd/status/40665 (Caused by NewConnectionError(""HTTPConnection(host='localhost', port=80): Failed to establish a new connection: [Errno 111] Connection refused""))"
2026-09-12T23:13:03.163511,1786373852673,POST,http://localhost/api/cicd/execute,0,11.67,"HTTPConnectionPool(host='localhost', port=80): Max retries exceeded with url: /api/cicd/execute (Caused by NewConnectionError(""HTTPConnection(host='localhost', port=80): Failed to establish a new connection: [Errno 111] Connection refused""))"
2026-09-12T23:13:03.164094,1786373852673,POST,http://localhost/api/cicd/execute,0,5.86,"HTTPConnectionPool(host='localhost', port=80): Max retries exceeded with url: /api/cicd/execute (Caused by NewConnectionError(""HTTPConnection(host='localhost', port=80): Failed to establish a new connection: [Errno 111] Connection refused""))"
2026-09-12T23:13:03.164326,1786374210148,GET,http://localhost/api/cicd/status/40665,0,4.6,"HTTPConnectionPool(host='localhost', port=80): Max retries exceeded with url: /api/cicd/status/40665 (Caused by NewConnectionError(""HTTPConnection(host='localhost', port=80): Failed to establish a new connection: [Errno 111] Connection refused""))"
2026-09-12T23:13:03.164685,1786373852673,POST,http://localhost/api/cicd/execute,0,11.65,"HTTPConnectionPool(host='localhost', port=80): Max retries exceeded with url: /api/cicd/execute (Caused by NewConnectionError(""HTTPConnection(host='localhost', port=80): Failed to establish a new connection: [Errno 111] Connection refused""))"
2026-09-12T23:13:03.241465,1786374210148,GET,http://localhost/api/cicd/status/40665,0,1.65,"HTTPConnectionPool(host='localhost', port=80): Max retries exceeded with url: /api/cicd/status/40665 (Caused by NewConnectionError(""HTTPConnection(host='localhost', port=80): Failed to establish a new connection: [Errno 111] Connection refused""))"
2026-09-12T23:13:03.251819,1786374210148,GET,http://localhost/api/cicd/status/40665,0,2.12,"HTTPConnectionPool(host='localhost', port=80): Max retries exceeded with url: /api/cicd/status/40665 (Caused by NewConnectionError(""HTTPConnection(host='localhost', port=80): Failed to establish a new connection: [Errno 111] Connection refused""))"
2026-09-12T23:13:03.272126,1786374210148,GET,http://localhost/api/cicd/status/40665,0,10.22,"HTTPConnectionPool(host='localhost', port=80): Max retries exceeded with url: /api/cicd/status/40665 (Caused by NewConnectionError(""HTTPConnection(host='localhost', port=80): Failed to establish a new connection: [Errno 111] Connection refused""))"
2026-09-12T23:13:03.273209,1786373852673,POST,http://localhost/api/cicd/execute,0,10.21,"HTTPConnectionPool(host='localhost', port=80): Max retries exceeded with url: /api/cicd/execute (Caused by NewConnectionError(""HTTPConnection(host='localhost', port=80): Failed to establish a new connection: [Errno 111] Connection refused""))"
2026-09-12T23:13:03.274230,1786373852673,POST,http://localhost/api/cicd/execute,0,7.59,"HTTPConnectionPool(host='localhost', port=80): Max retries exceeded with url: /api/cicd/execute (Caused by NewConnectionError(""HTTPConnection(host='localhost', port=80): Failed to establish a new connection: [Errno 111] Connection refused""))"
2026-09-12T23:13:03.274448,1786373852673,POST,http://localhost/api/cicd/execute,0,5.32,"HTTPConnectionPool(host='localhost', port=80): Max retries exceeded with url: /api/cicd/execute (Caused by NewConnectionError(""HTTPConnection(host='localhost', port=80): Failed to establish a new connection: [Errno 111] Connection refused""))"
2026-09-12T23:13:03.274680,1786373852673,POST,http://localhost/api/cicd/execute,0,6.86,"HTTPConnectionPool(host='localhost', port=80): Max retries exceeded with url: /api/cicd/execute (Caused by NewConnectionError(""HTTPConnection(host='localhost', port=80): Failed to establish a new connection: [Errno 111] Connection refused""))"
2026-09-12T23:13:03.274918,1786374210148,GET,http://localhost/api/cicd/status/40665,0,10.66,"HTTPConnectionPool(host='localhost', port=80): Max retries exceeded with url: /api/cicd/status/40665 (Caused by NewConnectionError(""HTTPConnection(host='localhost', port=80): Failed to establish a new connection: [Errno 111] Connection refused""))"
2026-09-12T23:13:03.275248,1786374210148,GET,http://localhost/api/cicd/status/40665,0,9.92,"HTTPConnectionPool(host='localhost', port=80): Max retries exceeded with url: /api/cicd/status/40665 (Caused by NewConnectionError(""HTTPConnection(host='localhost', port=80): Failed to establish a new connection: [Errno 111] Connection refused""))"
2026-09-12T23:13:03.275672,1786374210148,GET,http://localhost/api/cicd/status/40665,0,4.82,"HTTPConnectionPool(host='localhost', port=80): Max retries exceeded with url: /api/cicd/status/40665 (Caused by NewConnectionError(""HTTPConnection(host='localhost', port=80): Failed to establish a new connection: [Errno 111] Connection refused""))"
2026-09-12T23:13:03.343294,1786373852673,POST,http://localhost/api/cicd/execute,0,1.65,"HTTPConnectionPool(host='localhost', port=80): Max retries exceeded with url: /api/cicd/execute (Caused by NewConnectionError(""HTTPConnection(host='localhost', port=80): Failed to establish a new connection: [Errno 111] Connection refused""))"
2026-09-12T23:13:03.353617,1786373852673,POST,http://localhost/api/cicd/execute,0,1.61,"HTTPConnectionPool(host='localhost', port=80): Max retries exceeded with url: /api/cicd/execute (Caused by NewConnectionError(""HTTPConnection(host='localhost', port=80): Failed to establish a new connection: [Errno 111] Connection refused""))"
2026-09-12T23:13:03.382812,1786373852673,POST,http://localhost/api/cicd/execute,0,10.48,"HTTPConnectionPool(host='localhost', port=80): Max retries exceeded with url: /api/cicd/execute (Caused by NewConnectionError(""HTTPConnection(host='localhost', port=80): Failed to establish a new connection: [Errno 111] Connection refused""))"
2026-09-12T23:13:03.384007,1786374210148,GET,http://localhost/api/cicd/status/40665,0,3.2,"HTTPConnectionPool(host='localhost', port=80): Max retries exceeded with url: /api/cicd/status/40665 (Caused by NewConnectionError(""HTTPConnection(host='localhost', port=80): Failed to establish a new connection: [Errno 111] Connection refused""))"
2026-09-12T23:13:03.384277,1786373852673,POST,http://localhost/api/cicd/execute,0,5.98,"HTTPConnectionPool(host='localhost', port=80): Max retries exceeded with url: /api/cicd/execute (Caused by NewConnectionError(""HTTPConnection(host='localhost', port=80): Failed to establish a new connection: [Errno 111] Connection refused""))"
2026-09-12T23:13:03.384614,1786374210148,GET,http://localhost/api/cicd/status/40665,0,11.23,"HTTPConnectionPool(host='localhost', port=80): Max retries exceeded with url: /api/cicd/status/40665 (Caused by NewConnectionError(""HTTPConnection(host='localhost', port=80): Failed to establish a new connection: [Errno 111] Connection refused""))"
2026-09-12T23:13:03.384888,1786374210148,GET,http://localhost/api/cicd/status/40665,0,10.48,"HTTPConnectionPool(host='localhost', port=80): Max retries exceeded with url: /api/cicd/status/40665 (Caused by NewConnectionError(""HTTPConnection(host='localhost', port=80): Failed to establish a new connection: [Errno 111] Connection refused""))"
2026-09-12T23:13:03.385171,1786373852673,POST,http://localhost/api/cicd/execute,0,8.54,"HTTPConnectionPool(host='localhost', port=80): Max retries exceeded with url: /api/cicd/execute (Caused by NewConnectionError(""HTTPConnection(host='localhost', port=80): Failed to establish a new connection: [Errno 111] Connection refused""))"
2026-09-12T23:13:03.385569,1786374210148,GET,http://localhost/api/cicd/status/40665,0,10.0,"HTTPConnectionPool(host='localhost', port=80): Max retries exceeded with url: /api/cicd/status/40665 (Caused by NewConnectionError(""HTTPConnection(host='localhost', port=80): Failed to establish a new connection: [Errno 111] Connection refused""))"
2026-09-12T23:13:03.385762,1786373852673,POST,http://localhost/api/cicd/execute,0,6.19,"HTTPConnectionPool(host='localhost', port=80): Max retries exceeded with url: /api/cicd/execute (Caused by NewConnectionError(""HTTPConnection(host='localhost', port=80): Failed to establish a new connection: [Errno 111] Connection refused""))"
2026-09-12T23:13:03.445062,1786374210148,GET,http://localhost/api/cicd/status/40665,0,1.59,"HTTPConnectionPool(host='localhost', port=80): Max retries exceeded with url: /api/cicd/status/40665 (Caused by NewConnectionError(""HTTPConnection(host='localhost', port=80): Failed to establish a new connection: [Errno 111] Connection refused""))"
2026-09-12T23:13:03.455378,1786374210148,GET,http://localhost/api/cicd/status/40665,0,1.58,"HTTPConnectionPool(host='localhost', port=80): Max retries exceeded with url: /api/cicd/status/40665 (Caused by NewConnectionError(""HTTPConnection(host='localhost', port=80): Failed to establish a new connection: [Errno 111] Connection refused""))"
2026-09-12T23:13:03.493425,1786374210148,GET,http://localhost/api/cicd/status/40665,0,5.82,"HTTPConnectionPool(host='localhost', port=80): Max retries exceeded with url: /api/cicd/status/40665 (Caused by NewConnectionError(""HTTPConnection(host='localhost', port=80): Failed to establish a new connection: [Errno 111] Connection refused""))"
2026-09-12T23:13:03.494020,1786374210148,GET,http://localhost/api/cicd/status/40665,0,11.02,"HTTPConnectionPool(host='localhost', port=80): Max retries exceeded with url: /api/cicd/status/40665 (Caused by NewConnectionError(""HTTPConnection(host='localhost', port=80): Failed to establish a new connection: [Errno 111] Connection refused""))"
2026-09-12T23:13:03.494951,1786373852673,POST,http://localhost/api/cicd/execute,0,10.67,"HTTPConnectionPool(host='localhost', port=80): Max retries exceeded with url: /api/cicd/execute (Caused by NewConnectionError(""HTTPConnection(host='localhost', port=80): Failed to establish a new connection: [Errno 111] Connection refused""))"
2026-09-12T23:13:03.495231,1786374210148,GET,http://localhost/api/cicd/status/40665,0,9.79,"HTTPConnectionPool(host='localhost', port=80): Max retries exceeded with url: /api/cicd/status/40665 (Caused by NewConnectionError(""HTTPConnection(host='localhost', port=80): Failed to establish a new connection: [Errno 111] Connection refused""))"
2026-09-12T23:13:03.495565,1786373852673,POST,http://localhost/api/cicd/execute,0,9.05,"HTTPConnectionPool(host='localhost', port=80): Max retries exceeded with url: /api/cicd/execute (Caused by NewConnectionError(""HTTPConnection(host='localhost', port=80): Failed to establish a new connection: [Errno 111] Connection refused""))"
2026-09-12T23:13:03.496165,1786373852673,POST,http://localhost/api/cicd/execute,0,5.98,"HTTPConnectionPool(host='localhost', port=80): Max retries exceeded with url: /api/cicd/execute (Caused by NewConnectionError(""HTTPConnection(host='localhost', port=80): Failed to establish a new connection: [Errno 111] Connection refused""))"
2026-09-12T23:13:03.496511,1786374210148,GET,http://localhost/api/cicd/status/40665,0,4.99,"HTTPConnectionPool(host='localhost', port=80): Max retries exceeded with url: /api/cicd/status/40665 (Caused by NewConnectionError(""HTTPConnection(host='localhost', port=80): Failed to establish a new connection: [Errno 111] Connection refused""))"
2026-09-12T23:13:03.496797,1786373852673,POST,http://localhost/api/cicd/execute,0,7.83,"HTTPConnectionPool(host='localhost', port=80): Max retries exceeded with url: /api/cicd/execute (Caused by NewConnectionError(""HTTPConnection(host='localhost', port=80): Failed to establish a new connection: [Errno 111] Connection refused""))"
2026-09-12T23:13:03.546853,1786373852673,POST,http://localhost/api/cicd/execute,0,1.61,"HTTPConnectionPool(host='localhost', port=80): Max retries exceeded with url: /api/cicd/execute (Caused by NewConnectionError(""HTTPConnection(host='localhost', port=80): Failed to establish a new connection: [Errno 111] Connection refused""))"
2026-09-12T23:13:03.557183,1786373852673,POST,http://localhost/api/cicd/execute,0,1.62,"HTTPConnectionPool(host='localhost', port=80): Max retries exceeded with url: /api/cicd/execute (Caused by NewConnectionError(""HTTPConnection(host='localhost', port=80): Failed to establish a new connection: [Errno 111] Connection refused""))"
2026-09-12T23:13:03.604026,1786373852673,POST,http://localhost/api/cicd/execute,0,9.3,"HTTPConnectionPool(host='localhost', port=80): Max retries exceeded with url: /api/cicd/execute (Caused by NewConnectionError(""HTTPConnection(host='localhost', port=80): Failed to establish a new connection: [Errno 111] Connection refused""))"
2026-09-12T23:13:03.604735,1786373852673,POST,http://localhost/api/cicd/execute,0,11.13,"HTTPConnectionPool(host='localhost', port=80): Max retries exceeded with url: /api/cicd/execute (Caused by NewConnectionError(""HTTPConnection(host='localhost', port=80): Failed to establish a new connection: [Errno 111] Connection refused""))"
2026-09-12T23:13:03.605130,1786374210148,GET,http://localhost/api/cicd/status/40665,0,5.76,"HTTPConnectionPool(host='localhost', port=80): Max retries exceeded with url: /api/cicd/status/40665 (Caused by NewConnectionError(""HTTPConnection(host='localhost', port=80): Failed to establish a new connection: [Errno 111] Connection refused""))"
2026-09-12T23:13:03.605856,1786374210148,GET,http://localhost/api/cicd/status/40665,0,9.89,"HTTPConnectionPool(host='localhost', port=80): Max retries exceeded with url: /api/cicd/status/40665 (Caused by NewConnectionError(""HTTPConnection(host='localhost', port=80): Failed to establish a new connection: [Errno 111] Connection refused""))"
2026-09-12T23:13:03.606215,1786373852673,POST,http://localhost/api/cicd/execute,0,8.16,"HTTPConnectionPool(host='localhost', port=80): Max retries exceeded with url: /api/cicd/execute (Caused by NewConnectionError(""HTTPConnection(host='localhost', port=80): Failed to establish a new connection: [Errno 111] Connection refused""))"
2026-09-12T23:13:03.606539,1786374210148,GET,http://localhost/api/cicd/status/40665,0,9.56,"HTTPConnectionPool(host='localhost', port=80): Max retries exceeded with url: /api/cicd/status/40665 (Caused by NewConnectionError(""HTTPConnection(host='localhost', port=80): Failed to establish a new connection: [Errno 111] Connection refused""))"
2026-09-12T23:13:03.606800,1786373852673,POST,http://localhost/api/cicd/execute,0,6.13,"HTTPConnectionPool(host='localhost', port=80): Max retries exceeded with url: /api/cicd/execute (Caused by NewConnectionError(""HTTPConnection(host='localhost', port=80): Failed to establish a new connection: [Errno 111] Connection refused""))"
2026-09-12T23:13:03.607259,1786374210148,GET,http://localhost/api/cicd/status/40665,0,4.98,"HTTPConnectionPool(host='localhost', port=80): Max retries exceeded with url: /api/cicd/status/40665 (Caused by NewConnectionError(""HTTPConnection(host='localhost', port=80): Failed to establish a new connection: [Errno 111] Connection refused""))"
2026-09-12T23:13:03.649098,1786374210148,GET,http://localhost/api/cicd/status/40665,0,2.07,"HTTPConnectionPool(host='localhost', port=80): Max retries exceeded with url: /api/cicd/status/40665 (Caused by NewConnectionError(""HTTPConnection(host='localhost', port=80): Failed to establish a new connection: [Errno 111] Connection refused""))"
2026-09-12T23:13:03.659009,1786374210148,GET,http://localhost/api/cicd/status/40665,0,1.64,"HTTPConnectionPool(host='localhost', port=80): Max retries exceeded with url: /api/cicd/status/40665 (Caused by NewConnectionError(""HTTPConnection(host='localhost', port=80): Failed to establish a new connection: [Errno 111] Connection refused""))"
2026-09-12T23:13:03.715197,1786374210148,GET,http://localhost/api/cicd/status/40665,0,11.01,"HTTPConnectionPool(host='localhost', port=80): Max retries exceeded with url: /api/cicd/status/40665 (Caused by NewConnectionError(""HTTPConnection(host='localhost', port=80): Failed to establish a new connection: [Errno 111] Connection refused""))"
2026-09-12T23:13:03.716085,1786374210148,GET,http://localhost/api/cicd/status/40665,0,10.7,"HTTPConnectionPool(host='localhost', port=80): Max retries exceeded with url: /api/cicd/status/40665 (Caused by NewConnectionError(""HTTPConnection(host='localhost', port=80): Failed to establish a new connection: [Errno 111] Connection refused""))"
2026-09-12T23:13:03.716606,1786374210148,GET,http://localhost/api/cicd/status/40665,0,9.62,"HTTPConnectionPool(host='localhost', port=80): Max retries exceeded with url: /api/cicd/status/40665 (Caused by NewConnectionError(""HTTPConnection(host='localhost', port=80): Failed to establish a new connection: [Errno 111] Connection refused""))"
2026-09-12T23:13:03.716856,1786373852673,POST,http://localhost/api/cicd/execute,0,4.8,"HTTPConnectionPool(host='localhost', port=80): Max retries exceeded with url: /api/cicd/execute (Caused by NewConnectionError(""HTTPConnection(host='localhost', port=80): Failed to establish a new connection: [Errno 111] Connection refused""))"
2026-09-12T23:13:03.717280,1786373852673,POST,http://localhost/api/cicd/execute,0,9.02,"HTTPConnectionPool(host='localhost', port=80): Max retries exceeded with url: /api/cicd/execute (Caused by NewConnectionError(""HTTPConnection(host='localhost', port=80): Failed to establish a new connection: [Errno 111] Connection refused""))"
2026-09-12T23:13:03.717592,1786373852673,POST,http://localhost/api/cicd/execute,0,8.17,"HTTPConnectionPool(host='localhost', port=80): Max retries exceeded with url: /api/cicd/execute (Caused by NewConnectionError(""HTTPConnection(host='localhost', port=80): Failed to establish a new connection: [Errno 111] Connection refused""))"
2026-09-12T23:13:03.718013,1786374210148,GET,http://localhost/api/cicd/status/40665,0,4.8,"HTTPConnectionPool(host='localhost', port=80): Max retries exceeded with url: /api/cicd/status/40665 (Caused by NewConnectionError(""HTTPConnection(host='localhost', port=80): Failed to establish a new connection: [Errno 111] Connection refused""))"
2026-09-12T23:13:03.718228,1786373852673,POST,http://localhost/api/cicd/execute,0,7.52,"HTTPConnectionPool(host='localhost', port=80): Max retries exceeded with url: /api/cicd/execute (Caused by NewConnectionError(""HTTPConnection(host='localhost', port=80): Failed to establish a new connection: [Errno 111] Connection refused""))"
2026-09-12T23:13:03.750975,1786373852673,POST,http://localhost/api/cicd/execute,0,1.69,"HTTPConnectionPool(host='localhost', port=80): Max retries exceeded with url: /api/cicd/execute (Caused by NewConnectionError(""HTTPConnection(host='localhost', port=80): Failed to establish a new connection: [Errno 111] Connection refused""))"
2026-09-12T23:13:03.760898,1786373852673,POST,http://localhost/api/cicd/execute,0,1.7,"HTTPConnectionPool(host='localhost', port=80): Max retries exceeded with url: /api/cicd/execute (Caused by NewConnectionError(""HTTPConnection(host='localhost', port=80): Failed to establish a new connection: [Errno 111] Connection refused""))"
2026-09-12T23:13:03.825998,1786373852673,POST,http://localhost/api/cicd/execute,0,10.61,"HTTPConnectionPool(host='localhost', port=80): Max retries exceeded with url: /api/cicd/execute (Caused by NewConnectionError(""HTTPConnection(host='localhost', port=80): Failed to establish a new connection: [Errno 111] Connection refused""))"
2026-09-12T23:13:03.826814,1786373852673,POST,http://localhost/api/cicd/execute,0,10.35,"HTTPConnectionPool(host='localhost', port=80): Max retries exceeded with url: /api/cicd/execute (Caused by NewConnectionError(""HTTPConnection(host='localhost', port=80): Failed to establish a new connection: [Errno 111] Connection refused""))"
2026-09-12T23:13:03.827950,1786373852673,POST,http://localhost/api/cicd/execute,0,7.18,"HTTPConnectionPool(host='localhost', port=80): Max retries exceeded with url: /api/cicd/execute (Caused by NewConnectionError(""HTTPConnection(host='localhost', port=80): Failed to establish a new connection: [Errno 111] Connection refused""))"
2026-09-12T23:13:03.828188,1786374210148,GET,http://localhost/api/cicd/status/40665,0,5.02,"HTTPConnectionPool(host='localhost', port=80): Max retries exceeded with url: /api/cicd/status/40665 (Caused by NewConnectionError(""HTTPConnection(host='localhost', port=80): Failed to establish a new connection: [Errno 111] Connection refused""))"
2026-09-12T23:13:03.828396,1786374210148,GET,http://localhost/api/cicd/status/40665,0,6.46,"HTTPConnectionPool(host='localhost', port=80): Max retries exceeded with url: /api/cicd/status/40665 (Caused by NewConnectionError(""HTTPConnection(host='localhost', port=80): Failed to establish a new connection: [Errno 111] Connection refused""))"
2026-09-12T23:13:03.828651,1786374210148,GET,http://localhost/api/cicd/status/40665,0,9.72,"HTTPConnectionPool(host='localhost', port=80): Max retries exceeded with url: /api/cicd/status/40665 (Caused by NewConnectionError(""HTTPConnection(host='localhost', port=80): Failed to establish a new connection: [Errno 111] Connection refused""))"
2026-09-12T23:13:03.828846,1786374210148,GET,http://localhost/api/cicd/status/40665,0,4.42,"HTTPConnectionPool(host='localhost', port=80): Max retries exceeded with url: /api/cicd/status/40665 (Caused by NewConnectionError(""HTTPConnection(host='localhost', port=80): Failed to establish a new connection: [Errno 111] Connection refused""))"
2026-09-12T23:13:03.829122,1786373852673,POST,http://localhost/api/cicd/execute,0,11.34,"HTTPConnectionPool(host='localhost', port=80): Max retries exceeded with url: /api/cicd/execute (Caused by NewConnectionError(""HTTPConnection(host='localhost', port=80): Failed to establish a new connection: [Errno 111] Connection refused""))"
2026-09-12T23:13:03.852806,1786374210148,GET,http://localhost/api/cicd/status/40665,0,1.63,"HTTPConnectionPool(host='localhost', port=80): Max retries exceeded with url: /api/cicd/status/40665 (Caused by NewConnectionError(""HTTPConnection(host='localhost', port=80): Failed to establish a new connection: [Errno 111] Connection refused""))"
2026-09-12T23:13:03.862734,1786374210148,GET,http://localhost/api/cicd/status/40665,0,1.65,"HTTPConnectionPool(host='localhost', port=80): Max retries exceeded with url: /api/cicd/status/40665 (Caused by NewConnectionError(""HTTPConnection(host='localhost', port=80): Failed to establish a new connection: [Errno 111] Connection refused""))"
2026-09-12T23:13:03.935206,1786374210148,GET,http://localhost/api/cicd/status/40665,0,9.02,"HTTPConnectionPool(host='localhost', port=80): Max retries exceeded with url: /api/cicd/status/40665 (Caused by NewConnectionError(""HTTPConnection(host='localhost', port=80): Failed to establish a new connection: [Errno 111] Connection refused""))"
2026-09-12T23:13:03.937925,1786373852673,POST,http://localhost/api/cicd/execute,0,4.9,"HTTPConnectionPool(host='localhost', port=80): Max retries exceeded with url: /api/cicd/execute (Caused by NewConnectionError(""HTTPConnection(host='localhost', port=80): Failed to establish a new connection: [Errno 111] Connection refused""))"
2026-09-12T23:13:03.938439,1786373852673,POST,http://localhost/api/cicd/execute,0,7.65,"HTTPConnectionPool(host='localhost', port=80): Max retries exceeded with url: /api/cicd/execute (Caused by NewConnectionError(""HTTPConnection(host='localhost', port=80): Failed to establish a new connection: [Errno 111] Connection refused""))"
2026-09-12T23:13:03.938770,1786374210148,GET,http://localhost/api/cicd/status/40665,0,10.43,"HTTPConnectionPool(host='localhost', port=80): Max retries exceeded with url: /api/cicd/status/40665 (Caused by NewConnectionError(""HTTPConnection(host='localhost', port=80): Failed to establish a new connection: [Errno 111] Connection refused""))"
2026-09-12T23:13:03.939124,1786374210148,GET,http://localhost/api/cicd/status/40665,0,11.89,"HTTPConnectionPool(host='localhost', port=80): Max retries exceeded with url: /api/cicd/status/40665 (Caused by NewConnectionError(""HTTPConnection(host='localhost', port=80): Failed to establish a new connection: [Errno 111] Connection refused""))"
2026-09-12T23:13:03.939555,1786374210148,GET,http://localhost/api/cicd/status/40665,0,7.64,"HTTPConnectionPool(host='localhost', port=80): Max retries exceeded with url: /api/cicd/status/40665 (Caused by NewConnectionError(""HTTPConnection(host='localhost', port=80): Failed to establish a new connection: [Errno 111] Connection refused""))"
2026-09-12T23:13:03.939827,1786373852673,POST,http://localhost/api/cicd/execute,0,10.16,"HTTPConnectionPool(host='localhost', port=80): Max retries exceeded with url: /api/cicd/execute (Caused by NewConnectionError(""HTTPConnection(host='localhost', port=80): Failed to establish a new connection: [Errno 111] Connection refused""))"
2026-09-12T23:13:03.940174,1786373852673,POST,http://localhost/api/cicd/execute,0,4.87,"HTTPConnectionPool(host='localhost', port=80): Max retries exceeded with url: /api/cicd/execute (Caused by NewConnectionError(""HTTPConnection(host='localhost', port=80): Failed to establish a new connection: [Errno 111] Connection refused""))"
2026-09-12T23:13:03.954645,1786373852673,POST,http://localhost/api/cicd/execute,0,1.66,"HTTPConnectionPool(host='localhost', port=80): Max retries exceeded with url: /api/cicd/execute (Caused by NewConnectionError(""HTTPConnection(host='localhost', port=80): Failed to establish a new connection: [Errno 111] Connection refused""))"
2026-09-12T23:13:03.964586,1786373852673,POST,http://localhost/api/cicd/execute,0,1.67,"HTTPConnectionPool(host='localhost', port=80): Max retries exceeded with url: /api/cicd/execute (Caused by NewConnectionError(""HTTPConnection(host='localhost', port=80): Failed to establish a new connection: [Errno 111] Connection refused""))"
2026-09-12T23:13:04.037074,1786373852673,POST,http://localhost/api/cicd/execute,0,1.68,"HTTPConnectionPool(host='localhost', port=80): Max retries exceeded with url: /api/cicd/execute (Caused by NewConnectionError(""HTTPConnection(host='localhost', port=80): Failed to establish a new connection: [Errno 111] Connection refused""))"
2026-09-12T23:13:04.047567,1786374210148,GET,http://localhost/api/cicd/status/40665,0,9.49,"HTTPConnectionPool(host='localhost', port=80): Max retries exceeded with url: /api/cicd/status/40665 (Caused by NewConnectionError(""HTTPConnection(host='localhost', port=80): Failed to establish a new connection: [Errno 111] Connection refused""))"
2026-09-12T23:13:04.048277,1786373852673,POST,http://localhost/api/cicd/execute,0,6.8,"HTTPConnectionPool(host='localhost', port=80): Max retries exceeded with url: /api/cicd/execute (Caused by NewConnectionError(""HTTPConnection(host='localhost', port=80): Failed to establish a new connection: [Errno 111] Connection refused""))"
2026-09-12T23:13:04.048577,1786373852673,POST,http://localhost/api/cicd/execute,0,5.85,"HTTPConnectionPool(host='localhost', port=80): Max retries exceeded with url: /api/cicd/execute (Caused by NewConnectionError(""HTTPConnection(host='localhost', port=80): Failed to establish a new connection: [Errno 111] Connection refused""))"
2026-09-12T23:13:04.049070,1786374210148,GET,http://localhost/api/cicd/status/40665,0,9.84,"HTTPConnectionPool(host='localhost', port=80): Max retries exceeded with url: /api/cicd/status/40665 (Caused by NewConnectionError(""HTTPConnection(host='localhost', port=80): Failed to establish a new connection: [Errno 111] Connection refused""))"
2026-09-12T23:13:04.049321,1786374210148,GET,http://localhost/api/cicd/status/40665,0,8.95,"HTTPConnectionPool(host='localhost', port=80): Max retries exceeded with url: /api/cicd/status/40665 (Caused by NewConnectionError(""HTTPConnection(host='localhost', port=80): Failed to establish a new connection: [Errno 111] Connection refused""))"
2026-09-12T23:13:04.049790,1786374210148,GET,http://localhost/api/cicd/status/40665,0,4.46,"HTTPConnectionPool(host='localhost', port=80): Max retries exceeded with url: /api/cicd/status/40665 (Caused by NewConnectionError(""HTTPConnection(host='localhost', port=80): Failed to establish a new connection: [Errno 111] Connection refused""))"
2026-09-12T23:13:04.050583,1786373852673,POST,http://localhost/api/cicd/execute,0,6.41,"HTTPConnectionPool(host='localhost', port=80): Max retries exceeded with url: /api/cicd/execute (Caused by NewConnectionError(""HTTPConnection(host='localhost', port=80): Failed to establish a new connection: [Errno 111] Connection refused""))"
2026-09-12T23:13:04.056493,1786374210148,GET,http://localhost/api/cicd/status/40665,0,1.67,"HTTPConnectionPool(host='localhost', port=80): Max retries exceeded with url: /api/cicd/status/40665 (Caused by NewConnectionError(""HTTPConnection(host='localhost', port=80): Failed to establish a new connection: [Errno 111] Connection refused""))"
2026-09-12T23:13:04.066393,1786374210148,GET,http://localhost/api/cicd/status/40665,0,1.65,"HTTPConnectionPool(host='localhost', port=80): Max retries exceeded with url: /api/cicd/status/40665 (Caused by NewConnectionError(""HTTPConnection(host='localhost', port=80): Failed to establish a new connection: [Errno 111] Connection refused""))"
2026-09-12T23:13:04.138892,1786374210148,GET,http://localhost/api/cicd/status/40665,0,1.63,"HTTPConnectionPool(host='localhost', port=80): Max retries exceeded with url: /api/cicd/status/40665 (Caused by NewConnectionError(""HTTPConnection(host='localhost', port=80): Failed to establish a new connection: [Errno 111] Connection refused""))"
2026-09-12T23:13:04.158836,1786373852673,POST,http://localhost/api/cicd/execute,0,11.09,"HTTPConnectionPool(host='localhost', port=80): Max retries exceeded with url: /api/cicd/execute (Caused by NewConnectionError(""HTTPConnection(host='localhost', port=80): Failed to establish a new connection: [Errno 111] Connection refused""))"
2026-09-12T23:13:04.159373,1786374210148,GET,http://localhost/api/cicd/status/40665,0,9.31,"HTTPConnectionPool(host='localhost', port=80): Max retries exceeded with url: /api/cicd/status/40665 (Caused by NewConnectionError(""HTTPConnection(host='localhost', port=80): Failed to establish a new connection: [Errno 111] Connection refused""))"
2026-09-12T23:13:04.159981,1786374210148,GET,http://localhost/api/cicd/status/40665,0,11.1,"HTTPConnectionPool(host='localhost', port=80): Max retries exceeded with url: /api/cicd/status/40665 (Caused by NewConnectionError(""HTTPConnection(host='localhost', port=80): Failed to establish a new connection: [Errno 111] Connection refused""))"
2026-09-12T23:13:04.160329,1786373852673,POST,http://localhost/api/cicd/execute,0,9.01,"HTTPConnectionPool(host='localhost', port=80): Max retries exceeded with url: /api/cicd/execute (Caused by NewConnectionError(""HTTPConnection(host='localhost', port=80): Failed to establish a new connection: [Errno 111] Connection refused""))"
2026-09-12T23:13:04.161008,1786374210148,GET,http://localhost/api/cicd/status/40665,0,8.31,"HTTPConnectionPool(host='localhost', port=80): Max retries exceeded with url: /api/cicd/status/40665 (Caused by NewConnectionError(""HTTPConnection(host='localhost', port=80): Failed to establish a new connection: [Errno 111] Connection refused""))"
2026-09-12T23:13:04.161242,1786373852673,POST,http://localhost/api/cicd/execute,0,6.17,"HTTPConnectionPool(host='localhost', port=80): Max retries exceeded with url: /api/cicd/execute (Caused by NewConnectionError(""HTTPConnection(host='localhost', port=80): Failed to establish a new connection: [Errno 111] Connection refused""))"
2026-09-12T23:13:04.161638,1786373852673,POST,http://localhost/api/cicd/execute,0,4.58,"HTTPConnectionPool(host='localhost', port=80): Max retries exceeded with url: /api/cicd/execute (Caused by NewConnectionError(""HTTPConnection(host='localhost', port=80): Failed to establish a new connection: [Errno 111] Connection refused""))"
2026-09-12T23:13:04.161956,1786373852673,POST,http://localhost/api/cicd/execute,0,8.02,"HTTPConnectionPool(host='localhost', port=80): Max retries exceeded with url: /api/cicd/execute (Caused by NewConnectionError(""HTTPConnection(host='localhost', port=80): Failed to establish a new connection: [Errno 111] Connection refused""))"
2026-09-12T23:13:04.168288,1786373852673,POST,http://localhost/api/cicd/execute,0,1.73,"HTTPConnectionPool(host='localhost', port=80): Max retries exceeded with url: /api/cicd/execute (Caused by NewConnectionError(""HTTPConnection(host='localhost', port=80): Failed to establish a new connection: [Errno 111] Connection refused""))"
2026-09-12T23:13:04.241212,1786373852673,POST,http://localhost/api/cicd/execute,0,1.7,"HTTPConnectionPool(host='localhost', port=80): Max retries exceeded with url: /api/cicd/execute (Caused by NewConnectionError(""HTTPConnection(host='localhost', port=80): Failed to establish a new connection: [Errno 111] Connection refused""))"
2026-09-12T23:13:04.272160,1786373852673,POST,http://localhost/api/cicd/execute,0,12.03,"HTTPConnectionPool(host='localhost', port=80): Max retries exceeded with url: /api/cicd/execute (Caused by NewConnectionError(""HTTPConnection(host='localhost', port=80): Failed to establish a new connection: [Errno 111] Connection refused""))"
2026-09-12T23:13:04.272515,1786373852673,POST,http://localhost/api/cicd/execute,0,11.22,"HTTPConnectionPool(host='localhost', port=80): Max retries exceeded with url: /api/cicd/execute (Caused by NewConnectionError(""HTTPConnection(host='localhost', port=80): Failed to establish a new connection: [Errno 111] Connection refused""))"
2026-09-12T23:13:04.272790,1786374210148,GET,http://localhost/api/cicd/status/40665,0,7.57,"HTTPConnectionPool(host='localhost', port=80): Max retries exceeded with url: /api/cicd/status/40665 (Caused by NewConnectionError(""HTTPConnection(host='localhost', port=80): Failed to establish a new connection: [Errno 111] Connection refused""))"
2026-09-12T23:13:04.273271,1786374210148,GET,http://localhost/api/cicd/status/40665,0,6.49,"HTTPConnectionPool(host='localhost', port=80): Max retries exceeded with url: /api/cicd/status/40665 (Caused by NewConnectionError(""HTTPConnection(host='localhost', port=80): Failed to establish a new connection: [Errno 111] Connection refused""))"
2026-09-12T23:13:04.273566,1786374210148,GET,http://localhost/api/cicd/status/40665,0,10.98,"HTTPConnectionPool(host='localhost', port=80): Max retries exceeded with url: /api/cicd/status/40665 (Caused by NewConnectionError(""HTTPConnection(host='localhost', port=80): Failed to establish a new connection: [Errno 111] Connection refused""))"
2026-09-12T23:13:04.274354,1786373852673,POST,http://localhost/api/cicd/execute,0,6.06,"HTTPConnectionPool(host='localhost', port=80): Max retries exceeded with url: /api/cicd/execute (Caused by NewConnectionError(""HTTPConnection(host='localhost', port=80): Failed to establish a new connection: [Errno 111] Connection refused""))"
2026-09-12T23:13:04.275139,1786374210148,GET,http://localhost/api/cicd/status/40665,0,11.25,"HTTPConnectionPool(host='localhost', port=80): Max retries exceeded with url: /api/cicd/status/40665 (Caused by NewConnectionError(""HTTPConnection(host='localhost', port=80): Failed to establish a new connection: [Errno 111] Connection refused""))"
2026-09-12T23:13:04.275411,1786374210148,GET,http://localhost/api/cicd/status/40665,0,5.21,"HTTPConnectionPool(host='localhost', port=80): Max retries exceeded with url: /api/cicd/status/40665 (Caused by NewConnectionError(""HTTPConnection(host='localhost', port=80): Failed to establish a new connection: [Errno 111] Connection refused""))"
2026-09-12T23:13:04.275755,1786374210148,GET,http://localhost/api/cicd/status/40665,0,16.74,"HTTPConnectionPool(host='localhost', port=80): Max retries exceeded with url: /api/cicd/status/40665 (Caused by NewConnectionError(""HTTPConnection(host='localhost', port=80): Failed to establish a new connection: [Errno 111] Connection refused""))"
2026-09-12T23:13:04.343012,1786374210148,GET,http://localhost/api/cicd/status/40665,0,1.62,"HTTPConnectionPool(host='localhost', port=80): Max retries exceeded with url: /api/cicd/status/40665 (Caused by NewConnectionError(""HTTPConnection(host='localhost', port=80): Failed to establish a new connection: [Errno 111] Connection refused""))"
2026-09-12T23:13:04.387690,1786373852673,POST,http://localhost/api/cicd/execute,0,13.21,"HTTPConnectionPool(host='localhost', port=80): Max retries exceeded with url: /api/cicd/execute (Caused by NewConnectionError(""HTTPConnection(host='localhost', port=80): Failed to establish a new connection: [Errno 111] Connection refused""))"
2026-09-12T23:13:04.388357,1786374210148,GET,http://localhost/api/cicd/status/40665,0,16.02,"HTTPConnectionPool(host='localhost', port=80): Max retries exceeded with url: /api/cicd/status/40665 (Caused by NewConnectionError(""HTTPConnection(host='localhost', port=80): Failed to establish a new connection: [Errno 111] Connection refused""))"
2026-09-12T23:13:04.388579,1786374210148,GET,http://localhost/api/cicd/status/40665,0,15.18,"HTTPConnectionPool(host='localhost', port=80): Max retries exceeded with url: /api/cicd/status/40665 (Caused by NewConnectionError(""HTTPConnection(host='localhost', port=80): Failed to establish a new connection: [Errno 111] Connection refused""))"
2026-09-12T23:13:04.388948,1786373852673,POST,http://localhost/api/cicd/execute,0,3.5,"HTTPConnectionPool(host='localhost', port=80): Max retries exceeded with url: /api/cicd/execute (Caused by NewConnectionError(""HTTPConnection(host='localhost', port=80): Failed to establish a new connection: [Errno 111] Connection refused""))"
2026-09-12T23:13:04.389510,1786373852673,POST,http://localhost/api/cicd/execute,0,12.72,"HTTPConnectionPool(host='localhost', port=80): Max retries exceeded with url: /api/cicd/execute (Caused by NewConnectionError(""HTTPConnection(host='localhost', port=80): Failed to establish a new connection: [Errno 111] Connection refused""))"
2026-09-12T23:13:04.389768,1786373852673,POST,http://localhost/api/cicd/execute,0,14.19,"HTTPConnectionPool(host='localhost', port=80): Max retries exceeded with url: /api/cicd/execute (Caused by NewConnectionError(""HTTPConnection(host='localhost', port=80): Failed to establish a new connection: [Errno 111] Connection refused""))"
2026-09-12T23:13:04.390037,1786373852673,POST,http://localhost/api/cicd/execute,0,6.16,"HTTPConnectionPool(host='localhost', port=80): Max retries exceeded with url: /api/cicd/execute (Caused by NewConnectionError(""HTTPConnection(host='localhost', port=80): Failed to establish a new connection: [Errno 111] Connection refused""))"
2026-09-12T23:13:04.390413,1786373852673,POST,http://localhost/api/cicd/execute,0,7.76,"HTTPConnectionPool(host='localhost', port=80): Max retries exceeded with url: /api/cicd/execute (Caused by NewConnectionError(""HTTPConnection(host='localhost', port=80): Failed to establish a new connection: [Errno 111] Connection refused""))"
2026-09-12T23:13:04.390701,1786374210148,GET,http://localhost/api/cicd/status/40665,0,9.11,"HTTPConnectionPool(host='localhost', port=80): Max retries exceeded with url: /api/cicd/status/40665 (Caused by NewConnectionError(""HTTPConnection(host='localhost', port=80): Failed to establish a new connection: [Errno 111] Connection refused""))"
2026-09-12T23:13:04.444773,1786373852673,POST,http://localhost/api/cicd/execute,0,1.58,"HTTPConnectionPool(host='localhost', port=80): Max retries exceeded with url: /api/cicd/execute (Caused by NewConnectionError(""HTTPConnection(host='localhost', port=80): Failed to establish a new connection: [Errno 111] Connection refused""))"
2026-09-12T23:13:04.499754,1786374210148,GET,http://localhost/api/cicd/status/40665,0,6.15,"HTTPConnectionPool(host='localhost', port=80): Max retries exceeded with url: /api/cicd/status/40665 (Caused by NewConnectionError(""HTTPConnection(host='localhost', port=80): Failed to establish a new connection: [Errno 111] Connection refused""))"
2026-09-12T23:13:04.500749,1786374210148,GET,http://localhost/api/cicd/status/40665,0,12.88,"HTTPConnectionPool(host='localhost', port=80): Max retries exceeded with url: /api/cicd/status/40665 (Caused by NewConnectionError(""HTTPConnection(host='localhost', port=80): Failed to establish a new connection: [Errno 111] Connection refused""))"
2026-09-12T23:13:04.501367,1786373852673,POST,http://localhost/api/cicd/execute,0,12.44,"HTTPConnectionPool(host='localhost', port=80): Max retries exceeded with url: /api/cicd/execute (Caused by NewConnectionError(""HTTPConnection(host='localhost', port=80): Failed to establish a new connection: [Errno 111] Connection refused""))"
2026-09-12T23:13:04.501978,1786373852673,POST,http://localhost/api/cicd/execute,0,11.88,"HTTPConnectionPool(host='localhost', port=80): Max retries exceeded with url: /api/cicd/execute (Caused by NewConnectionError(""HTTPConnection(host='localhost', port=80): Failed to establish a new connection: [Errno 111] Connection refused""))"
2026-09-12T23:13:04.502384,1786374210148,GET,http://localhost/api/cicd/status/40665,0,9.99,"HTTPConnectionPool(host='localhost', port=80): Max retries exceeded with url: /api/cicd/status/40665 (Caused by NewConnectionError(""HTTPConnection(host='localhost', port=80): Failed to establish a new connection: [Errno 111] Connection refused""))"
2026-09-12T23:13:04.502860,1786374210148,GET,http://localhost/api/cicd/status/40665,0,8.18,"HTTPConnectionPool(host='localhost', port=80): Max retries exceeded with url: /api/cicd/status/40665 (Caused by NewConnectionError(""HTTPConnection(host='localhost', port=80): Failed to establish a new connection: [Errno 111] Connection refused""))"
2026-09-12T23:13:04.503212,1786374210148,GET,http://localhost/api/cicd/status/40665,0,11.87,"HTTPConnectionPool(host='localhost', port=80): Max retries exceeded with url: /api/cicd/status/40665 (Caused by NewConnectionError(""HTTPConnection(host='localhost', port=80): Failed to establish a new connection: [Errno 111] Connection refused""))"
2026-09-12T23:13:04.503580,1786373852673,POST,http://localhost/api/cicd/execute,0,6.53,"HTTPConnectionPool(host='localhost', port=80): Max retries exceeded with url: /api/cicd/execute (Caused by NewConnectionError(""HTTPConnection(host='localhost', port=80): Failed to establish a new connection: [Errno 111] Connection refused""))"
2026-09-12T23:13:04.503825,1786374210148,GET,http://localhost/api/cicd/status/40665,0,7.89,"HTTPConnectionPool(host='localhost', port=80): Max retries exceeded with url: /api/cicd/status/40665 (Caused by NewConnectionError(""HTTPConnection(host='localhost', port=80): Failed to establish a new connection: [Errno 111] Connection refused""))"
2026-09-12T23:13:04.546572,1786374210148,GET,http://localhost/api/cicd/status/40665,0,1.62,"HTTPConnectionPool(host='localhost', port=80): Max retries exceeded with url: /api/cicd/status/40665 (Caused by NewConnectionError(""HTTPConnection(host='localhost', port=80): Failed to establish a new connection: [Errno 111] Connection refused""))"
2026-09-12T23:13:04.611761,1786373852673,POST,http://localhost/api/cicd/execute,0,11.82,"HTTPConnectionPool(host='localhost', port=80): Max retries exceeded with url: /api/cicd/execute (Caused by NewConnectionError(""HTTPConnection(host='localhost', port=80): Failed to establish a new connection: [Errno 111] Connection refused""))"
2026-09-12T23:13:04.612675,1786373852673,POST,http://localhost/api/cicd/execute,0,8.12,"HTTPConnectionPool(host='localhost', port=80): Max retries exceeded with url: /api/cicd/execute (Caused by NewConnectionError(""HTTPConnection(host='localhost', port=80): Failed to establish a new connection: [Errno 111] Connection refused""))"
2026-09-12T23:13:04.613177,1786374210148,GET,http://localhost/api/cicd/status/40665,0,11.03,"HTTPConnectionPool(host='localhost', port=80): Max retries exceeded with url: /api/cicd/status/40665 (Caused by NewConnectionError(""HTTPConnection(host='localhost', port=80): Failed to establish a new connection: [Errno 111] Connection refused""))"
2026-09-12T23:13:04.613745,1786374210148,GET,http://localhost/api/cicd/status/40665,0,10.44,"HTTPConnectionPool(host='localhost', port=80): Max retries exceeded with url: /api/cicd/status/40665 (Caused by NewConnectionError(""HTTPConnection(host='localhost', port=80): Failed to establish a new connection: [Errno 111] Connection refused""))"
2026-09-12T23:13:04.614115,1786373852673,POST,http://localhost/api/cicd/execute,0,4.44,"HTTPConnectionPool(host='localhost', port=80): Max retries exceeded with url: /api/cicd/execute (Caused by NewConnectionError(""HTTPConnection(host='localhost', port=80): Failed to establish a new connection: [Errno 111] Connection refused""))"
2026-09-12T23:13:04.614577,1786373852673,POST,http://localhost/api/cicd/execute,0,13.56,"HTTPConnectionPool(host='localhost', port=80): Max retries exceeded with url: /api/cicd/execute (Caused by NewConnectionError(""HTTPConnection(host='localhost', port=80): Failed to establish a new connection: [Errno 111] Connection refused""))"
2026-09-12T23:13:04.614831,1786373852673,POST,http://localhost/api/cicd/execute,0,7.68,"HTTPConnectionPool(host='localhost', port=80): Max retries exceeded with url: /api/cicd/execute (Caused by NewConnectionError(""HTTPConnection(host='localhost', port=80): Failed to establish a new connection: [Errno 111] Connection refused""))"
2026-09-12T23:13:04.615738,1786374210148,GET,http://localhost/api/cicd/status/40665,0,7.44,"HTTPConnectionPool(host='localhost', port=80): Max retries exceeded with url: /api/cicd/status/40665 (Caused by NewConnectionError(""HTTPConnection(host='localhost', port=80): Failed to establish a new connection: [Errno 111] Connection refused""))"
2026-09-12T23:13:04.616000,1786373852673,POST,http://localhost/api/cicd/execute,0,10.11,"HTTPConnectionPool(host='localhost', port=80): Max retries exceeded with url: /api/cicd/execute (Caused by NewConnectionError(""HTTPConnection(host='localhost', port=80): Failed to establish a new connection: [Errno 111] Connection refused""))"
2026-09-12T23:13:04.648401,1786373852673,POST,http://localhost/api/cicd/execute,0,1.65,"HTTPConnectionPool(host='localhost', port=80): Max retries exceeded with url: /api/cicd/execute (Caused by NewConnectionError(""HTTPConnection(host='localhost', port=80): Failed to establish a new connection: [Errno 111] Connection refused""))"
2026-09-12T23:13:04.723942,1786373852673,POST,http://localhost/api/cicd/execute,0,9.74,"HTTPConnectionPool(host='localhost', port=80): Max retries exceeded with url: /api/cicd/execute (Caused by NewConnectionError(""HTTPConnection(host='localhost', port=80): Failed to establish a new connection: [Errno 111] Connection refused""))"
2026-09-12T23:13:04.724279,1786374210148,GET,http://localhost/api/cicd/status/40665,0,11.32,"HTTPConnectionPool(host='localhost', port=80): Max retries exceeded with url: /api/cicd/status/40665 (Caused by NewConnectionError(""HTTPConnection(host='localhost', port=80): Failed to establish a new connection: [Errno 111] Connection refused""))"
2026-09-12T23:13:04.724533,1786374210148,GET,http://localhost/api/cicd/status/40665,0,12.59,"HTTPConnectionPool(host='localhost', port=80): Max retries exceeded with url: /api/cicd/status/40665 (Caused by NewConnectionError(""HTTPConnection(host='localhost', port=80): Failed to establish a new connection: [Errno 111] Connection refused""))"
2026-09-12T23:13:04.725078,1786374210148,GET,http://localhost/api/cicd/status/40665,0,8.52,"HTTPConnectionPool(host='localhost', port=80): Max retries exceeded with url: /api/cicd/status/40665 (Caused by NewConnectionError(""HTTPConnection(host='localhost', port=80): Failed to establish a new connection: [Errno 111] Connection refused""))"
2026-09-12T23:13:04.725672,1786374210148,GET,http://localhost/api/cicd/status/40665,0,4.46,"HTTPConnectionPool(host='localhost', port=80): Max retries exceeded with url: /api/cicd/status/40665 (Caused by NewConnectionError(""HTTPConnection(host='localhost', port=80): Failed to establish a new connection: [Errno 111] Connection refused""))"
2026-09-12T23:13:04.726198,1786373852673,POST,http://localhost/api/cicd/execute,0,10.89,"HTTPConnectionPool(host='localhost', port=80): Max retries exceeded with url: /api/cicd/execute (Caused by NewConnectionError(""HTTPConnection(host='localhost', port=80): Failed to establish a new connection: [Errno 111] Connection refused""))"
2026-09-12T23:13:04.726529,1786374210148,GET,http://localhost/api/cicd/status/40665,0,7.62,"HTTPConnectionPool(host='localhost', port=80): Max retries exceeded with url: /api/cicd/status/40665 (Caused by NewConnectionError(""HTTPConnection(host='localhost', port=80): Failed to establish a new connection: [Errno 111] Connection refused""))"
2026-09-12T23:13:04.726814,1786374210148,GET,http://localhost/api/cicd/status/40665,0,9.16,"HTTPConnectionPool(host='localhost', port=80): Max retries exceeded with url: /api/cicd/status/40665 (Caused by NewConnectionError(""HTTPConnection(host='localhost', port=80): Failed to establish a new connection: [Errno 111] Connection refused""))"
2026-09-12T23:13:04.727089,1786373852673,POST,http://localhost/api/cicd/execute,0,6.98,"HTTPConnectionPool(host='localhost', port=80): Max retries exceeded with url: /api/cicd/execute (Caused by NewConnectionError(""HTTPConnection(host='localhost', port=80): Failed to establish a new connection: [Errno 111] Connection refused""))"
2026-09-12T23:13:04.750201,1786374210148,GET,http://localhost/api/cicd/status/40665,0,1.62,"HTTPConnectionPool(host='localhost', port=80): Max retries exceeded with url: /api/cicd/status/40665 (Caused by NewConnectionError(""HTTPConnection(host='localhost', port=80): Failed to establish a new connection: [Errno 111] Connection refused""))"
2026-09-12T23:13:04.836542,1786373852673,POST,http://localhost/api/cicd/execute,0,9.08,"HTTPConnectionPool(host='localhost', port=80): Max retries exceeded with url: /api/cicd/execute (Caused by NewConnectionError(""HTTPConnection(host='localhost', port=80): Failed to establish a new connection: [Errno 111] Connection refused""))"
2026-09-12T23:13:04.837438,1786373852673,POST,http://localhost/api/cicd/execute,0,7.13,"HTTPConnectionPool(host='localhost', port=80): Max retries exceeded with url: /api/cicd/execute (Caused by NewConnectionError(""HTTPConnection(host='localhost', port=80): Failed to establish a new connection: [Errno 111] Connection refused""))"
2026-09-12T23:13:04.837848,1786373852673,POST,http://localhost/api/cicd/execute,0,6.44,"HTTPConnectionPool(host='localhost', port=80): Max retries exceeded with url: /api/cicd/execute (Caused by NewConnectionError(""HTTPConnection(host='localhost', port=80): Failed to establish a new connection: [Errno 111] Connection refused""))"
2026-09-12T23:13:04.838078,1786374210148,GET,http://localhost/api/cicd/status/40665,0,13.96,"HTTPConnectionPool(host='localhost', port=80): Max retries exceeded with url: /api/cicd/status/40665 (Caused by NewConnectionError(""HTTPConnection(host='localhost', port=80): Failed to establish a new connection: [Errno 111] Connection refused""))"
2026-09-12T23:13:04.838375,1786373852673,POST,http://localhost/api/cicd/execute,0,13.17,"HTTPConnectionPool(host='localhost', port=80): Max retries exceeded with url: /api/cicd/execute (Caused by NewConnectionError(""HTTPConnection(host='localhost', port=80): Failed to establish a new connection: [Errno 111] Connection refused""))"
2026-09-12T23:13:04.838677,1786374210148,GET,http://localhost/api/cicd/status/40665,0,4.08,"HTTPConnectionPool(host='localhost', port=80): Max retries exceeded with url: /api/cicd/status/40665 (Caused by NewConnectionError(""HTTPConnection(host='localhost', port=80): Failed to establish a new connection: [Errno 111] Connection refused""))"
2026-09-12T23:13:04.838902,1786373852673,POST,http://localhost/api/cicd/execute,0,9.72,"HTTPConnectionPool(host='localhost', port=80): Max retries exceeded with url: /api/cicd/execute (Caused by NewConnectionError(""HTTPConnection(host='localhost', port=80): Failed to establish a new connection: [Errno 111] Connection refused""))"
2026-09-12T23:13:04.839458,1786373852673,POST,http://localhost/api/cicd/execute,0,13.12,"HTTPConnectionPool(host='localhost', port=80): Max retries exceeded with url: /api/cicd/execute (Caused by NewConnectionError(""HTTPConnection(host='localhost', port=80): Failed to establish a new connection: [Errno 111] Connection refused""))"
2026-09-12T23:13:04.839768,1786374210148,GET,http://localhost/api/cicd/status/40665,0,6.88,"HTTPConnectionPool(host='localhost', port=80): Max retries exceeded with url: /api/cicd/status/40665 (Caused by NewConnectionError(""HTTPConnection(host='localhost', port=80): Failed to establish a new connection: [Errno 111] Connection refused""))"
2026-09-12T23:13:04.852034,1786373852673,POST,http://localhost/api/cicd/execute,0,1.64,"HTTPConnectionPool(host='localhost', port=80): Max retries exceeded with url: /api/cicd/execute (Caused by NewConnectionError(""HTTPConnection(host='localhost', port=80): Failed to establish a new connection: [Errno 111] Connection refused""))"
2026-09-12T23:13:04.950164,1786373852673,POST,http://localhost/api/cicd/execute,0,11.87,"HTTPConnectionPool(host='localhost', port=80): Max retries exceeded with url: /api/cicd/execute (Caused by NewConnectionError(""HTTPConnection(host='localhost', port=80): Failed to establish a new connection: [Errno 111] Connection refused""))"
2026-09-12T23:13:04.950394,1786374210148,GET,http://localhost/api/cicd/status/40665,0,9.89,"HTTPConnectionPool(host='localhost', port=80): Max retries exceeded with url: /api/cicd/status/40665 (Caused by NewConnectionError(""HTTPConnection(host='localhost', port=80): Failed to establish a new connection: [Errno 111] Connection refused""))"
2026-09-12T23:13:04.950696,1786374210148,GET,http://localhost/api/cicd/status/40665,0,11.28,"HTTPConnectionPool(host='localhost', port=80): Max retries exceeded with url: /api/cicd/status/40665 (Caused by NewConnectionError(""HTTPConnection(host='localhost', port=80): Failed to establish a new connection: [Errno 111] Connection refused""))"
2026-09-12T23:13:04.950991,1786374210148,GET,http://localhost/api/cicd/status/40665,0,9.29,"HTTPConnectionPool(host='localhost', port=80): Max retries exceeded with url: /api/cicd/status/40665 (Caused by NewConnectionError(""HTTPConnection(host='localhost', port=80): Failed to establish a new connection: [Errno 111] Connection refused""))"
2026-09-12T23:13:04.951260,1786374210148,GET,http://localhost/api/cicd/status/40665,0,8.33,"HTTPConnectionPool(host='localhost', port=80): Max retries exceeded with url: /api/cicd/status/40665 (Caused by NewConnectionError(""HTTPConnection(host='localhost', port=80): Failed to establish a new connection: [Errno 111] Connection refused""))"
2026-09-12T23:13:04.951475,1786374210148,GET,http://localhost/api/cicd/status/40665,0,14.77,"HTTPConnectionPool(host='localhost', port=80): Max retries exceeded with url: /api/cicd/status/40665 (Caused by NewConnectionError(""HTTPConnection(host='localhost', port=80): Failed to establish a new connection: [Errno 111] Connection refused""))"
2026-09-12T23:13:04.951768,1786373852673,POST,http://localhost/api/cicd/execute,0,7.62,"HTTPConnectionPool(host='localhost', port=80): Max retries exceeded with url: /api/cicd/execute (Caused by NewConnectionError(""HTTPConnection(host='localhost', port=80): Failed to establish a new connection: [Errno 111] Connection refused""))"
2026-09-12T23:13:04.952360,1786373852673,POST,http://localhost/api/cicd/execute,0,7.09,"HTTPConnectionPool(host='localhost', port=80): Max retries exceeded with url: /api/cicd/execute (Caused by NewConnectionError(""HTTPConnection(host='localhost', port=80): Failed to establish a new connection: [Errno 111] Connection refused""))"
2026-09-12T23:13:04.953812,1786374210148,GET,http://localhost/api/cicd/status/40665,0,7.17,"HTTPConnectionPool(host='localhost', port=80): Max retries exceeded with url: /api/cicd/status/40665 (Caused by NewConnectionError(""HTTPConnection(host='localhost', port=80): Failed to establish a new connection: [Errno 111] Connection refused""))"
2026-09-12T23:13:04.954419,1786374210148,GET,http://localhost/api/cicd/status/40665,0,1.86,"HTTPConnectionPool(host='localhost', port=80): Max retries exceeded with url: /api/cicd/status/40665 (Caused by NewConnectionError(""HTTPConnection(host='localhost', port=80): Failed to establish a new connection: [Errno 111] Connection refused""))"
2026-09-12T23:13:05.061690,1786374210148,GET,http://localhost/api/cicd/status/40665,0,11.34,"HTTPConnectionPool(host='localhost', port=80): Max retries exceeded with url: /api/cicd/status/40665 (Caused by NewConnectionError(""HTTPConnection(host='localhost', port=80): Failed to establish a new connection: [Errno 111] Connection refused""))"
2026-09-12T23:13:05.064059,1786373852673,POST,http://localhost/api/cicd/execute,0,12.62,"HTTPConnectionPool(host='localhost', port=80): Max retries exceeded with url: /api/cicd/execute (Caused by NewConnectionError(""HTTPConnection(host='localhost', port=80): Failed to establish a new connection: [Errno 111] Connection refused""))"
2026-09-12T23:13:05.065485,1786373852673,POST,http://localhost/api/cicd/execute,0,7.91,"HTTPConnectionPool(host='localhost', port=80): Max retries exceeded with url: /api/cicd/execute (Caused by NewConnectionError(""HTTPConnection(host='localhost', port=80): Failed to establish a new connection: [Errno 111] Connection refused""))"
2026-09-12T23:13:05.065769,1786373852673,POST,http://localhost/api/cicd/execute,0,10.79,"HTTPConnectionPool(host='localhost', port=80): Max retries exceeded with url: /api/cicd/execute (Caused by NewConnectionError(""HTTPConnection(host='localhost', port=80): Failed to establish a new connection: [Errno 111] Connection refused""))"
2026-09-12T23:13:05.066062,1786373852673,POST,http://localhost/api/cicd/execute,0,12.25,"HTTPConnectionPool(host='localhost', port=80): Max retries exceeded with url: /api/cicd/execute (Caused by NewConnectionError(""HTTPConnection(host='localhost', port=80): Failed to establish a new connection: [Errno 111] Connection refused""))"
2026-09-12T23:13:05.067091,1786373852673,POST,http://localhost/api/cicd/execute,0,8.36,"HTTPConnectionPool(host='localhost', port=80): Max retries exceeded with url: /api/cicd/execute (Caused by NewConnectionError(""HTTPConnection(host='localhost', port=80): Failed to establish a new connection: [Errno 111] Connection refused""))"
2026-09-12T23:13:05.067301,1786374210148,GET,http://localhost/api/cicd/status/40665,0,7.29,"HTTPConnectionPool(host='localhost', port=80): Max retries exceeded with url: /api/cicd/status/40665 (Caused by NewConnectionError(""HTTPConnection(host='localhost', port=80): Failed to establish a new connection: [Errno 111] Connection refused""))"
2026-09-12T23:13:05.067520,1786373852673,POST,http://localhost/api/cicd/execute,0,14.9,"HTTPConnectionPool(host='localhost', port=80): Max retries exceeded with url: /api/cicd/execute (Caused by NewConnectionError(""HTTPConnection(host='localhost', port=80): Failed to establish a new connection: [Errno 111] Connection refused""))"
2026-09-12T23:13:05.067822,1786374210148,GET,http://localhost/api/cicd/status/40665,0,11.57,"HTTPConnectionPool(host='localhost', port=80): Max retries exceeded with url: /api/cicd/status/40665 (Caused by NewConnectionError(""HTTPConnection(host='localhost', port=80): Failed to establish a new connection: [Errno 111] Connection refused""))"
2026-09-12T23:13:05.068334,1786373852673,POST,http://localhost/api/cicd/execute,0,6.04,"HTTPConnectionPool(host='localhost', port=80): Max retries exceeded with url: /api/cicd/execute (Caused by NewConnectionError(""HTTPConnection(host='localhost', port=80): Failed to establish a new connection: [Errno 111] Connection refused""))"
2026-09-12T23:13:05.163570,1786373852673,POST,http://localhost/api/cicd/execute,0,1.7,"HTTPConnectionPool(host='localhost', port=80): Max retries exceeded with url: /api/cicd/execute (Caused by NewConnectionError(""HTTPConnection(host='localhost', port=80): Failed to establish a new connection: [Errno 111] Connection refused""))"
2026-09-12T23:13:05.169280,1786374210148,GET,http://localhost/api/cicd/status/40665,0,5.02,"HTTPConnectionPool(host='localhost', port=80): Max retries exceeded with url: /api/cicd/status/40665 (Caused by NewConnectionError(""HTTPConnection(host='localhost', port=80): Failed to establish a new connection: [Errno 111] Connection refused""))"
2026-09-12T23:13:05.176941,1786374210148,GET,http://localhost/api/cicd/status/40665,0,11.27,"HTTPConnectionPool(host='localhost', port=80): Max retries exceeded with url: /api/cicd/status/40665 (Caused by NewConnectionError(""HTTPConnection(host='localhost', port=80): Failed to establish a new connection: [Errno 111] Connection refused""))"
2026-09-12T23:13:05.177545,1786374210148,GET,http://localhost/api/cicd/status/40665,0,5.52,"HTTPConnectionPool(host='localhost', port=80): Max retries exceeded with url: /api/cicd/status/40665 (Caused by NewConnectionError(""HTTPConnection(host='localhost', port=80): Failed to establish a new connection: [Errno 111] Connection refused""))"
2026-09-12T23:13:05.178056,1786374210148,GET,http://localhost/api/cicd/status/40665,0,10.08,"HTTPConnectionPool(host='localhost', port=80): Max retries exceeded with url: /api/cicd/status/40665 (Caused by NewConnectionError(""HTTPConnection(host='localhost', port=80): Failed to establish a new connection: [Errno 111] Connection refused""))"
2026-09-12T23:13:05.178672,1786374210148,GET,http://localhost/api/cicd/status/40665,0,5.21,"HTTPConnectionPool(host='localhost', port=80): Max retries exceeded with url: /api/cicd/status/40665 (Caused by NewConnectionError(""HTTPConnection(host='localhost', port=80): Failed to establish a new connection: [Errno 111] Connection refused""))"
2026-09-12T23:13:05.179125,1786373852673,POST,http://localhost/api/cicd/execute,0,9.57,"HTTPConnectionPool(host='localhost', port=80): Max retries exceeded with url: /api/cicd/execute (Caused by NewConnectionError(""HTTPConnection(host='localhost', port=80): Failed to establish a new connection: [Errno 111] Connection refused""))"
2026-09-12T23:13:05.179398,1786374210148,GET,http://localhost/api/cicd/status/40665,0,8.49,"HTTPConnectionPool(host='localhost', port=80): Max retries exceeded with url: /api/cicd/status/40665 (Caused by NewConnectionError(""HTTPConnection(host='localhost', port=80): Failed to establish a new connection: [Errno 111] Connection refused""))"
2026-09-12T23:13:05.179679,1786374210148,GET,http://localhost/api/cicd/status/40665,0,12.82,"HTTPConnectionPool(host='localhost', port=80): Max retries exceeded with url: /api/cicd/status/40665 (Caused by NewConnectionError(""HTTPConnection(host='localhost', port=80): Failed to establish a new connection: [Errno 111] Connection refused""))"
2026-09-12T23:13:05.180204,1786373852673,POST,http://localhost/api/cicd/execute,0,5.22,"HTTPConnectionPool(host='localhost', port=80): Max retries exceeded with url: /api/cicd/execute (Caused by NewConnectionError(""HTTPConnection(host='localhost', port=80): Failed to establish a new connection: [Errno 111] Connection refused""))"
2026-09-12T23:13:05.265838,1786374210148,GET,http://localhost/api/cicd/status/40665,0,2.09,"HTTPConnectionPool(host='localhost', port=80): Max retries exceeded with url: /api/cicd/status/40665 (Caused by NewConnectionError(""HTTPConnection(host='localhost', port=80): Failed to establish a new connection: [Errno 111] Connection refused""))"
2026-09-12T23:13:05.271196,1786373852673,POST,http://localhost/api/cicd/execute,0,1.73,"HTTPConnectionPool(host='localhost', port=80): Max retries exceeded with url: /api/cicd/execute (Caused by NewConnectionError(""HTTPConnection(host='localhost', port=80): Failed to establish a new connection: [Errno 111] Connection refused""))"
2026-09-12T23:13:05.288076,1786373852673,POST,http://localhost/api/cicd/execute,0,9.84,"HTTPConnectionPool(host='localhost', port=80): Max retries exceeded with url: /api/cicd/execute (Caused by NewConnectionError(""HTTPConnection(host='localhost', port=80): Failed to establish a new connection: [Errno 111] Connection refused""))"
2026-09-12T23:13:05.289159,1786374210148,GET,http://localhost/api/cicd/status/40665,0,9.82,"HTTPConnectionPool(host='localhost', port=80): Max retries exceeded with url: /api/cicd/status/40665 (Caused by NewConnectionError(""HTTPConnection(host='localhost', port=80): Failed to establish a new connection: [Errno 111] Connection refused""))"
2026-09-12T23:13:05.289370,1786373852673,POST,http://localhost/api/cicd/execute,0,12.25,"HTTPConnectionPool(host='localhost', port=80): Max retries exceeded with url: /api/cicd/execute (Caused by NewConnectionError(""HTTPConnection(host='localhost', port=80): Failed to establish a new connection: [Errno 111] Connection refused""))"
2026-09-12T23:13:05.290122,1786373852673,POST,http://localhost/api/cicd/execute,0,7.25,"HTTPConnectionPool(host='localhost', port=80): Max retries exceeded with url: /api/cicd/execute (Caused by NewConnectionError(""HTTPConnection(host='localhost', port=80): Failed to establish a new connection: [Errno 111] Connection refused""))"
2026-09-12T23:13:05.290373,1786373852673,POST,http://localhost/api/cicd/execute,0,9.73,"HTTPConnectionPool(host='localhost', port=80): Max retries exceeded with url: /api/cicd/execute (Caused by NewConnectionError(""HTTPConnection(host='localhost', port=80): Failed to establish a new connection: [Errno 111] Connection refused""))"
2026-09-12T23:13:05.290913,1786374210148,GET,http://localhost/api/cicd/status/40665,0,9.14,"HTTPConnectionPool(host='localhost', port=80): Max retries exceeded with url: /api/cicd/status/40665 (Caused by NewConnectionError(""HTTPConnection(host='localhost', port=80): Failed to establish a new connection: [Errno 111] Connection refused""))"
2026-09-12T23:13:05.291240,1786373852673,POST,http://localhost/api/cicd/execute,0,4.81,"HTTPConnectionPool(host='localhost', port=80): Max retries exceeded with url: /api/cicd/execute (Caused by NewConnectionError(""HTTPConnection(host='localhost', port=80): Failed to establish a new connection: [Errno 111] Connection refused""))"
2026-09-12T23:13:05.291477,1786373852673,POST,http://localhost/api/cicd/execute,0,7.47,"HTTPConnectionPool(host='localhost', port=80): Max retries exceeded with url: /api/cicd/execute (Caused by NewConnectionError(""HTTPConnection(host='localhost', port=80): Failed to establish a new connection: [Errno 111] Connection refused""))"
2026-09-12T23:13:05.367684,1786373852673,POST,http://localhost/api/cicd/execute,0,1.66,"HTTPConnectionPool(host='localhost', port=80): Max retries exceeded with url: /api/cicd/execute (Caused by NewConnectionError(""HTTPConnection(host='localhost', port=80): Failed to establish a new connection: [Errno 111] Connection refused""))"
2026-09-12T23:13:05.372934,1786374210148,GET,http://localhost/api/cicd/status/40665,0,1.56,"HTTPConnectionPool(host='localhost', port=80): Max retries exceeded with url: /api/cicd/status/40665 (Caused by NewConnectionError(""HTTPConnection(host='localhost', port=80): Failed to establish a new connection: [Errno 111] Connection refused""))"
2026-09-12T23:13:05.397022,1786374210148,GET,http://localhost/api/cicd/status/40665,0,8.77,"HTTPConnectionPool(host='localhost', port=80): Max retries exceeded with url: /api/cicd/status/40665 (Caused by NewConnectionError(""HTTPConnection(host='localhost', port=80): Failed to establish a new connection: [Errno 111] Connection refused""))"
2026-09-12T23:13:05.399273,1786373852673,POST,http://localhost/api/cicd/execute,0,9.94,"HTTPConnectionPool(host='localhost', port=80): Max retries exceeded with url: /api/cicd/execute (Caused by NewConnectionError(""HTTPConnection(host='localhost', port=80): Failed to establish a new connection: [Errno 111] Connection refused""))"
2026-09-12T23:13:05.399899,1786374210148,GET,http://localhost/api/cicd/status/40665,0,4.34,"HTTPConnectionPool(host='localhost', port=80): Max retries exceeded with url: /api/cicd/status/40665 (Caused by NewConnectionError(""HTTPConnection(host='localhost', port=80): Failed to establish a new connection: [Errno 111] Connection refused""))"
2026-09-12T23:13:05.400504,1786374210148,GET,http://localhost/api/cicd/status/40665,0,7.15,"HTTPConnectionPool(host='localhost', port=80): Max retries exceeded with url: /api/cicd/status/40665 (Caused by NewConnectionError(""HTTPConnection(host='localhost', port=80): Failed to establish a new connection: [Errno 111] Connection refused""))"
2026-09-12T23:13:05.400847,1786374210148,GET,http://localhost/api/cicd/status/40665,0,10.37,"HTTPConnectionPool(host='localhost', port=80): Max retries exceeded with url: /api/cicd/status/40665 (Caused by NewConnectionError(""HTTPConnection(host='localhost', port=80): Failed to establish a new connection: [Errno 111] Connection refused""))"
2026-09-12T23:13:05.401170,1786373852673,POST,http://localhost/api/cicd/execute,0,3.55,"HTTPConnectionPool(host='localhost', port=80): Max retries exceeded with url: /api/cicd/execute (Caused by NewConnectionError(""HTTPConnection(host='localhost', port=80): Failed to establish a new connection: [Errno 111] Connection refused""))"
2026-09-12T23:13:05.401368,1786374210148,GET,http://localhost/api/cicd/status/40665,0,9.35,"HTTPConnectionPool(host='localhost', port=80): Max retries exceeded with url: /api/cicd/status/40665 (Caused by NewConnectionError(""HTTPConnection(host='localhost', port=80): Failed to establish a new connection: [Errno 111] Connection refused""))"
2026-09-12T23:13:05.401726,1786374210148,GET,http://localhost/api/cicd/status/40665,0,7.21,"HTTPConnectionPool(host='localhost', port=80): Max retries exceeded with url: /api/cicd/status/40665 (Caused by NewConnectionError(""HTTPConnection(host='localhost', port=80): Failed to establish a new connection: [Errno 111] Connection refused""))"
2026-09-12T23:13:05.469941,1786374210148,GET,http://localhost/api/cicd/status/40665,0,2.09,"HTTPConnectionPool(host='localhost', port=80): Max retries exceeded with url: /api/cicd/status/40665 (Caused by NewConnectionError(""HTTPConnection(host='localhost', port=80): Failed to establish a new connection: [Errno 111] Connection refused""))"
2026-09-12T23:13:05.474736,1786373852673,POST,http://localhost/api/cicd/execute,0,1.62,"HTTPConnectionPool(host='localhost', port=80): Max retries exceeded with url: /api/cicd/execute (Caused by NewConnectionError(""HTTPConnection(host='localhost', port=80): Failed to establish a new connection: [Errno 111] Connection refused""))"
2026-09-12T23:13:05.498844,1786373852673,POST,http://localhost/api/cicd/execute,0,1.64,"HTTPConnectionPool(host='localhost', port=80): Max retries exceeded with url: /api/cicd/execute (Caused by NewConnectionError(""HTTPConnection(host='localhost', port=80): Failed to establish a new connection: [Errno 111] Connection refused""))"
2026-09-12T23:13:05.509097,1786373852673,POST,http://localhost/api/cicd/execute,0,5.89,"HTTPConnectionPool(host='localhost', port=80): Max retries exceeded with url: /api/cicd/execute (Caused by NewConnectionError(""HTTPConnection(host='localhost', port=80): Failed to establish a new connection: [Errno 111] Connection refused""))"
2026-09-12T23:13:05.509634,1786373852673,POST,http://localhost/api/cicd/execute,0,7.51,"HTTPConnectionPool(host='localhost', port=80): Max retries exceeded with url: /api/cicd/execute (Caused by NewConnectionError(""HTTPConnection(host='localhost', port=80): Failed to establish a new connection: [Errno 111] Connection refused""))"
2026-09-12T23:13:05.510262,1786374210148,GET,http://localhost/api/cicd/status/40665,0,10.8,"HTTPConnectionPool(host='localhost', port=80): Max retries exceeded with url: /api/cicd/status/40665 (Caused by NewConnectionError(""HTTPConnection(host='localhost', port=80): Failed to establish a new connection: [Errno 111] Connection refused""))"
2026-09-12T23:13:05.510560,1786373852673,POST,http://localhost/api/cicd/execute,0,5.29,"HTTPConnectionPool(host='localhost', port=80): Max retries exceeded with url: /api/cicd/execute (Caused by NewConnectionError(""HTTPConnection(host='localhost', port=80): Failed to establish a new connection: [Errno 111] Connection refused""))"
2026-09-12T23:13:05.510777,1786374210148,GET,http://localhost/api/cicd/status/40665,0,6.74,"HTTPConnectionPool(host='localhost', port=80): Max retries exceeded with url: /api/cicd/status/40665 (Caused by NewConnectionError(""HTTPConnection(host='localhost', port=80): Failed to establish a new connection: [Errno 111] Connection refused""))"
2026-09-12T23:13:05.511195,1786373852673,POST,http://localhost/api/cicd/execute,0,10.2,"HTTPConnectionPool(host='localhost', port=80): Max retries exceeded with url: /api/cicd/execute (Caused by NewConnectionError(""HTTPConnection(host='localhost', port=80): Failed to establish a new connection: [Errno 111] Connection refused""))"
2026-09-12T23:13:05.511642,1786373852673,POST,http://localhost/api/cicd/execute,0,4.69,"HTTPConnectionPool(host='localhost', port=80): Max retries exceeded with url: /api/cicd/execute (Caused by NewConnectionError(""HTTPConnection(host='localhost', port=80): Failed to establish a new connection: [Errno 111] Connection refused""))"
2026-09-12T23:13:05.571821,1786373852673,POST,http://localhost/api/cicd/execute,0,1.69,"HTTPConnectionPool(host='localhost', port=80): Max retries exceeded with url: /api/cicd/execute (Caused by NewConnectionError(""HTTPConnection(host='localhost', port=80): Failed to establish a new connection: [Errno 111] Connection refused""))"
2026-09-12T23:13:05.576470,1786374210148,GET,http://localhost/api/cicd/status/40665,0,1.56,"HTTPConnectionPool(host='localhost', port=80): Max retries exceeded with url: /api/cicd/status/40665 (Caused by NewConnectionError(""HTTPConnection(host='localhost', port=80): Failed to establish a new connection: [Errno 111] Connection refused""))"
2026-09-12T23:13:05.600598,1786374210148,GET,http://localhost/api/cicd/status/40665,0,1.58,"HTTPConnectionPool(host='localhost', port=80): Max retries exceeded with url: /api/cicd/status/40665 (Caused by NewConnectionError(""HTTPConnection(host='localhost', port=80): Failed to establish a new connection: [Errno 111] Connection refused""))"
2026-09-12T23:13:05.618565,1786374210148,GET,http://localhost/api/cicd/status/40665,0,8.21,"HTTPConnectionPool(host='localhost', port=80): Max retries exceeded with url: /api/cicd/status/40665 (Caused by NewConnectionError(""HTTPConnection(host='localhost', port=80): Failed to establish a new connection: [Errno 111] Connection refused""))"
2026-09-12T23:13:05.619085,1786374210148,GET,http://localhost/api/cicd/status/40665,0,9.8,"HTTPConnectionPool(host='localhost', port=80): Max retries exceeded with url: /api/cicd/status/40665 (Caused by NewConnectionError(""HTTPConnection(host='localhost', port=80): Failed to establish a new connection: [Errno 111] Connection refused""))"
2026-09-12T23:13:05.619417,1786374210148,GET,http://localhost/api/cicd/status/40665,0,5.12,"HTTPConnectionPool(host='localhost', port=80): Max retries exceeded with url: /api/cicd/status/40665 (Caused by NewConnectionError(""HTTPConnection(host='localhost', port=80): Failed to establish a new connection: [Errno 111] Connection refused""))"
2026-09-12T23:13:05.619896,1786374210148,GET,http://localhost/api/cicd/status/40665,0,8.51,"HTTPConnectionPool(host='localhost', port=80): Max retries exceeded with url: /api/cicd/status/40665 (Caused by NewConnectionError(""HTTPConnection(host='localhost', port=80): Failed to establish a new connection: [Errno 111] Connection refused""))"
2026-09-12T23:13:05.620783,1786374210148,GET,http://localhost/api/cicd/status/40665,0,8.19,"HTTPConnectionPool(host='localhost', port=80): Max retries exceeded with url: /api/cicd/status/40665 (Caused by NewConnectionError(""HTTPConnection(host='localhost', port=80): Failed to establish a new connection: [Errno 111] Connection refused""))"
2026-09-12T23:13:05.621160,1786373852673,POST,http://localhost/api/cicd/execute,0,4.3,"HTTPConnectionPool(host='localhost', port=80): Max retries exceeded with url: /api/cicd/execute (Caused by NewConnectionError(""HTTPConnection(host='localhost', port=80): Failed to establish a new connection: [Errno 111] Connection refused""))"
2026-09-12T23:13:05.621567,1786373852673,POST,http://localhost/api/cicd/execute,0,6.01,"HTTPConnectionPool(host='localhost', port=80): Max retries exceeded with url: /api/cicd/execute (Caused by NewConnectionError(""HTTPConnection(host='localhost', port=80): Failed to establish a new connection: [Errno 111] Connection refused""))"
2026-09-12T23:13:05.673693,1786374210148,GET,http://localhost/api/cicd/status/40665,0,1.69,"HTTPConnectionPool(host='localhost', port=80): Max retries exceeded with url: /api/cicd/status/40665 (Caused by NewConnectionError(""HTTPConnection(host='localhost', port=80): Failed to establish a new connection: [Errno 111] Connection refused""))"
2026-09-12T23:13:05.678282,1786373852673,POST,http://localhost/api/cicd/execute,0,1.63,"HTTPConnectionPool(host='localhost', port=80): Max retries exceeded with url: /api/cicd/execute (Caused by NewConnectionError(""HTTPConnection(host='localhost', port=80): Failed to establish a new connection: [Errno 111] Connection refused""))"
2026-09-12T23:13:05.702374,1786373852673,POST,http://localhost/api/cicd/execute,0,1.6,"HTTPConnectionPool(host='localhost', port=80): Max retries exceeded with url: /api/cicd/execute (Caused by NewConnectionError(""HTTPConnection(host='localhost', port=80): Failed to establish a new connection: [Errno 111] Connection refused""))"
2026-09-12T23:13:05.727975,1786373852673,POST,http://localhost/api/cicd/execute,0,7.03,"HTTPConnectionPool(host='localhost', port=80): Max retries exceeded with url: /api/cicd/execute (Caused by NewConnectionError(""HTTPConnection(host='localhost', port=80): Failed to establish a new connection: [Errno 111] Connection refused""))"
2026-09-12T23:13:05.728516,1786373852673,POST,http://localhost/api/cicd/execute,0,5.09,"HTTPConnectionPool(host='localhost', port=80): Max retries exceeded with url: /api/cicd/execute (Caused by NewConnectionError(""HTTPConnection(host='localhost', port=80): Failed to establish a new connection: [Errno 111] Connection refused""))"
2026-09-12T23:13:05.728787,1786373852673,POST,http://localhost/api/cicd/execute,0,6.46,"HTTPConnectionPool(host='localhost', port=80): Max retries exceeded with url: /api/cicd/execute (Caused by NewConnectionError(""HTTPConnection(host='localhost', port=80): Failed to establish a new connection: [Errno 111] Connection refused""))"
2026-09-12T23:13:05.729104,1786373852673,POST,http://localhost/api/cicd/execute,0,10.37,"HTTPConnectionPool(host='localhost', port=80): Max retries exceeded with url: /api/cicd/execute (Caused by NewConnectionError(""HTTPConnection(host='localhost', port=80): Failed to establish a new connection: [Errno 111] Connection refused""))"
2026-09-12T23:13:05.729589,1786374210148,GET,http://localhost/api/cicd/status/40665,0,3.6,"HTTPConnectionPool(host='localhost', port=80): Max retries exceeded with url: /api/cicd/status/40665 (Caused by NewConnectionError(""HTTPConnection(host='localhost', port=80): Failed to establish a new connection: [Errno 111] Connection refused""))"
2026-09-12T23:13:05.729964,1786373852673,POST,http://localhost/api/cicd/execute,0,10.14,"HTTPConnectionPool(host='localhost', port=80): Max retries exceeded with url: /api/cicd/execute (Caused by NewConnectionError(""HTTPConnection(host='localhost', port=80): Failed to establish a new connection: [Errno 111] Connection refused""))"
2026-09-12T23:13:05.730290,1786374210148,GET,http://localhost/api/cicd/status/40665,0,5.45,"HTTPConnectionPool(host='localhost', port=80): Max retries exceeded with url: /api/cicd/status/40665 (Caused by NewConnectionError(""HTTPConnection(host='localhost', port=80): Failed to establish a new connection: [Errno 111] Connection refused""))"
2026-09-12T23:13:05.775468,1786373852673,POST,http://localhost/api/cicd/execute,0,1.6,"HTTPConnectionPool(host='localhost', port=80): Max retries exceeded with url: /api/cicd/execute (Caused by NewConnectionError(""HTTPConnection(host='localhost', port=80): Failed to establish a new connection: [Errno 111] Connection refused""))"
2026-09-12T23:13:05.779999,1786374210148,GET,http://localhost/api/cicd/status/40665,0,1.54,"HTTPConnectionPool(host='localhost', port=80): Max retries exceeded with url: /api/cicd/status/40665 (Caused by NewConnectionError(""HTTPConnection(host='localhost', port=80): Failed to establish a new connection: [Errno 111] Connection refused""))"
2026-09-12T23:13:05.805469,1786374210148,GET,http://localhost/api/cicd/status/40665,0,2.94,"HTTPConnectionPool(host='localhost', port=80): Max retries exceeded with url: /api/cicd/status/40665 (Caused by NewConnectionError(""HTTPConnection(host='localhost', port=80): Failed to establish a new connection: [Errno 111] Connection refused""))"
2026-09-12T23:13:05.838168,1786374210148,GET,http://localhost/api/cicd/status/40665,0,8.78,"HTTPConnectionPool(host='localhost', port=80): Max retries exceeded with url: /api/cicd/status/40665 (Caused by NewConnectionError(""HTTPConnection(host='localhost', port=80): Failed to establish a new connection: [Errno 111] Connection refused""))"
2026-09-12T23:13:05.838617,1786373852673,POST,http://localhost/api/cicd/execute,0,5.22,"HTTPConnectionPool(host='localhost', port=80): Max retries exceeded with url: /api/cicd/execute (Caused by NewConnectionError(""HTTPConnection(host='localhost', port=80): Failed to establish a new connection: [Errno 111] Connection refused""))"
2026-09-12T23:13:05.838865,1786374210148,GET,http://localhost/api/cicd/status/40665,0,4.21,"HTTPConnectionPool(host='localhost', port=80): Max retries exceeded with url: /api/cicd/status/40665 (Caused by NewConnectionError(""HTTPConnection(host='localhost', port=80): Failed to establish a new connection: [Errno 111] Connection refused""))"
2026-09-12T23:13:05.839198,1786373852673,POST,http://localhost/api/cicd/execute,0,8.74,"HTTPConnectionPool(host='localhost', port=80): Max retries exceeded with url: /api/cicd/execute (Caused by NewConnectionError(""HTTPConnection(host='localhost', port=80): Failed to establish a new connection: [Errno 111] Connection refused""))"
2026-09-12T23:13:05.839830,1786374210148,GET,http://localhost/api/cicd/status/40665,0,11.66,"HTTPConnectionPool(host='localhost', port=80): Max retries exceeded with url: /api/cicd/status/40665 (Caused by NewConnectionError(""HTTPConnection(host='localhost', port=80): Failed to establish a new connection: [Errno 111] Connection refused""))"
2026-09-12T23:13:05.840182,1786374210148,GET,http://localhost/api/cicd/status/40665,0,4.18,"HTTPConnectionPool(host='localhost', port=80): Max retries exceeded with url: /api/cicd/status/40665 (Caused by NewConnectionError(""HTTPConnection(host='localhost', port=80): Failed to establish a new connection: [Errno 111] Connection refused""))"
2026-09-12T23:13:05.840492,1786374210148,GET,http://localhost/api/cicd/status/40665,0,8.24,"HTTPConnectionPool(host='localhost', port=80): Max retries exceeded with url: /api/cicd/status/40665 (Caused by NewConnectionError(""HTTPConnection(host='localhost', port=80): Failed to establish a new connection: [Errno 111] Connection refused""))"
2026-09-12T23:13:05.878134,1786374210148,GET,http://localhost/api/cicd/status/40665,0,2.48,"HTTPConnectionPool(host='localhost', port=80): Max retries exceeded with url: /api/cicd/status/40665 (Caused by NewConnectionError(""HTTPConnection(host='localhost', port=80): Failed to establish a new connection: [Errno 111] Connection refused""))"
2026-09-12T23:13:05.881849,1786373852673,POST,http://localhost/api/cicd/execute,0,1.65,"HTTPConnectionPool(host='localhost', port=80): Max retries exceeded with url: /api/cicd/execute (Caused by NewConnectionError(""HTTPConnection(host='localhost', port=80): Failed to establish a new connection: [Errno 111] Connection refused""))"
2026-09-12T23:13:05.907558,1786373852673,POST,http://localhost/api/cicd/execute,0,1.91,"HTTPConnectionPool(host='localhost', port=80): Max retries exceeded with url: /api/cicd/execute (Caused by NewConnectionError(""HTTPConnection(host='localhost', port=80): Failed to establish a new connection: [Errno 111] Connection refused""))"
2026-09-12T23:13:05.949261,1786373852673,POST,http://localhost/api/cicd/execute,0,10.92,"HTTPConnectionPool(host='localhost', port=80): Max retries exceeded with url: /api/cicd/execute (Caused by NewConnectionError(""HTTPConnection(host='localhost', port=80): Failed to establish a new connection: [Errno 111] Connection refused""))"
2026-09-12T23:13:05.949651,1786373852673,POST,http://localhost/api/cicd/execute,0,2.87,"HTTPConnectionPool(host='localhost', port=80): Max retries exceeded with url: /api/cicd/execute (Caused by NewConnectionError(""HTTPConnection(host='localhost', port=80): Failed to establish a new connection: [Errno 111] Connection refused""))"
2026-09-12T23:13:05.950073,1786373852673,POST,http://localhost/api/cicd/execute,0,4.61,"HTTPConnectionPool(host='localhost', port=80): Max retries exceeded with url: /api/cicd/execute (Caused by NewConnectionError(""HTTPConnection(host='localhost', port=80): Failed to establish a new connection: [Errno 111] Connection refused""))"
2026-09-12T23:13:05.950334,1786373852673,POST,http://localhost/api/cicd/execute,0,6.56,"HTTPConnectionPool(host='localhost', port=80): Max retries exceeded with url: /api/cicd/execute (Caused by NewConnectionError(""HTTPConnection(host='localhost', port=80): Failed to establish a new connection: [Errno 111] Connection refused""))"
2026-09-12T23:13:05.950863,1786374210148,GET,http://localhost/api/cicd/status/40665,0,9.06,"HTTPConnectionPool(host='localhost', port=80): Max retries exceeded with url: /api/cicd/status/40665 (Caused by NewConnectionError(""HTTPConnection(host='localhost', port=80): Failed to establish a new connection: [Errno 111] Connection refused""))"
2026-09-12T23:13:05.951134,1786373852673,POST,http://localhost/api/cicd/execute,0,10.45,"HTTPConnectionPool(host='localhost', port=80): Max retries exceeded with url: /api/cicd/execute (Caused by NewConnectionError(""HTTPConnection(host='localhost', port=80): Failed to establish a new connection: [Errno 111] Connection refused""))"
2026-09-12T23:13:05.951376,1786374210148,GET,http://localhost/api/cicd/status/40665,0,11.78,"HTTPConnectionPool(host='localhost', port=80): Max retries exceeded with url: /api/cicd/status/40665 (Caused by NewConnectionError(""HTTPConnection(host='localhost', port=80): Failed to establish a new connection: [Errno 111] Connection refused""))"
2026-09-12T23:13:05.980475,1786373852673,POST,http://localhost/api/cicd/execute,0,2.1,"HTTPConnectionPool(host='localhost', port=80): Max retries exceeded with url: /api/cicd/execute (Caused by NewConnectionError(""HTTPConnection(host='localhost', port=80): Failed to establish a new connection: [Errno 111] Connection refused""))"
2026-09-12T23:13:05.983692,1786374210148,GET,http://localhost/api/cicd/status/40665,0,1.66,"HTTPConnectionPool(host='localhost', port=80): Max retries exceeded with url: /api/cicd/status/40665 (Caused by NewConnectionError(""HTTPConnection(host='localhost', port=80): Failed to establish a new connection: [Errno 111] Connection refused""))"
2026-09-12T23:13:06.009207,1786374210148,GET,http://localhost/api/cicd/status/40665,0,1.49,"HTTPConnectionPool(host='localhost', port=80): Max retries exceeded with url: /api/cicd/status/40665 (Caused by NewConnectionError(""HTTPConnection(host='localhost', port=80): Failed to establish a new connection: [Errno 111] Connection refused""))"
2026-09-12T23:13:06.062738,1786374210148,GET,http://localhost/api/cicd/status/40665,0,13.29,"HTTPConnectionPool(host='localhost', port=80): Max retries exceeded with url: /api/cicd/status/40665 (Caused by NewConnectionError(""HTTPConnection(host='localhost', port=80): Failed to establish a new connection: [Errno 111] Connection refused""))"
2026-09-12T23:13:06.063024,1786374210148,GET,http://localhost/api/cicd/status/40665,0,12.51,"HTTPConnectionPool(host='localhost', port=80): Max retries exceeded with url: /api/cicd/status/40665 (Caused by NewConnectionError(""HTTPConnection(host='localhost', port=80): Failed to establish a new connection: [Errno 111] Connection refused""))"
2026-09-12T23:13:06.063271,1786374210148,GET,http://localhost/api/cicd/status/40665,0,11.66,"HTTPConnectionPool(host='localhost', port=80): Max retries exceeded with url: /api/cicd/status/40665 (Caused by NewConnectionError(""HTTPConnection(host='localhost', port=80): Failed to establish a new connection: [Errno 111] Connection refused""))"
2026-09-12T23:13:06.063463,1786373852673,POST,http://localhost/api/cicd/execute,0,3.08,"HTTPConnectionPool(host='localhost', port=80): Max retries exceeded with url: /api/cicd/execute (Caused by NewConnectionError(""HTTPConnection(host='localhost', port=80): Failed to establish a new connection: [Errno 111] Connection refused""))"
2026-09-12T23:13:06.063979,1786374210148,GET,http://localhost/api/cicd/status/40665,0,10.09,"HTTPConnectionPool(host='localhost', port=80): Max retries exceeded with url: /api/cicd/status/40665 (Caused by NewConnectionError(""HTTPConnection(host='localhost', port=80): Failed to establish a new connection: [Errno 111] Connection refused""))"
2026-09-12T23:13:06.064280,1786374210148,GET,http://localhost/api/cicd/status/40665,0,11.58,"HTTPConnectionPool(host='localhost', port=80): Max retries exceeded with url: /api/cicd/status/40665 (Caused by NewConnectionError(""HTTPConnection(host='localhost', port=80): Failed to establish a new connection: [Errno 111] Connection refused""))"
2026-09-12T23:13:06.064588,1786373852673,POST,http://localhost/api/cicd/execute,0,9.29,"HTTPConnectionPool(host='localhost', port=80): Max retries exceeded with url: /api/cicd/execute (Caused by NewConnectionError(""HTTPConnection(host='localhost', port=80): Failed to establish a new connection: [Errno 111] Connection refused""))"
2026-09-12T23:13:06.082202,1786374210148,GET,http://localhost/api/cicd/status/40665,0,1.55,"HTTPConnectionPool(host='localhost', port=80): Max retries exceeded with url: /api/cicd/status/40665 (Caused by NewConnectionError(""HTTPConnection(host='localhost', port=80): Failed to establish a new connection: [Errno 111] Connection refused""))"
2026-09-12T23:13:06.085461,1786373852673,POST,http://localhost/api/cicd/execute,0,1.6,"HTTPConnectionPool(host='localhost', port=80): Max retries exceeded with url: /api/cicd/execute (Caused by NewConnectionError(""HTTPConnection(host='localhost', port=80): Failed to establish a new connection: [Errno 111] Connection refused""))"
2026-09-12T23:13:06.110932,1786373852673,POST,http://localhost/api/cicd/execute,0,1.55,"HTTPConnectionPool(host='localhost', port=80): Max retries exceeded with url: /api/cicd/execute (Caused by NewConnectionError(""HTTPConnection(host='localhost', port=80): Failed to establish a new connection: [Errno 111] Connection refused""))"
2026-09-12T23:13:06.172557,1786374210148,GET,http://localhost/api/cicd/status/40665,0,6.24,"HTTPConnectionPool(host='localhost', port=80): Max retries exceeded with url: /api/cicd/status/40665 (Caused by NewConnectionError(""HTTPConnection(host='localhost', port=80): Failed to establish a new connection: [Errno 111] Connection refused""))"
2026-09-12T23:13:06.172974,1786374210148,GET,http://localhost/api/cicd/status/40665,0,2.8,"HTTPConnectionPool(host='localhost', port=80): Max retries exceeded with url: /api/cicd/status/40665 (Caused by NewConnectionError(""HTTPConnection(host='localhost', port=80): Failed to establish a new connection: [Errno 111] Connection refused""))"
2026-09-12T23:13:06.173229,1786373852673,POST,http://localhost/api/cicd/execute,0,4.65,"HTTPConnectionPool(host='localhost', port=80): Max retries exceeded with url: /api/cicd/execute (Caused by NewConnectionError(""HTTPConnection(host='localhost', port=80): Failed to establish a new connection: [Errno 111] Connection refused""))"
2026-09-12T23:13:06.174067,1786373852673,POST,http://localhost/api/cicd/execute,0,11.15,"HTTPConnectionPool(host='localhost', port=80): Max retries exceeded with url: /api/cicd/execute (Caused by NewConnectionError(""HTTPConnection(host='localhost', port=80): Failed to establish a new connection: [Errno 111] Connection refused""))"
2026-09-12T23:13:06.174464,1786373852673,POST,http://localhost/api/cicd/execute,0,9.29,"HTTPConnectionPool(host='localhost', port=80): Max retries exceeded with url: /api/cicd/execute (Caused by NewConnectionError(""HTTPConnection(host='localhost', port=80): Failed to establish a new connection: [Errno 111] Connection refused""))"
2026-09-12T23:13:06.174888,1786373852673,POST,http://localhost/api/cicd/execute,0,7.52,"HTTPConnectionPool(host='localhost', port=80): Max retries exceeded with url: /api/cicd/execute (Caused by NewConnectionError(""HTTPConnection(host='localhost', port=80): Failed to establish a new connection: [Errno 111] Connection refused""))"
2026-09-12T23:13:06.175199,1786373852673,POST,http://localhost/api/cicd/execute,0,11.17,"HTTPConnectionPool(host='localhost', port=80): Max retries exceeded with url: /api/cicd/execute (Caused by NewConnectionError(""HTTPConnection(host='localhost', port=80): Failed to establish a new connection: [Errno 111] Connection refused""))"
2026-09-12T23:13:06.184183,1786373852673,POST,http://localhost/api/cicd/execute,0,1.8,"HTTPConnectionPool(host='localhost', port=80): Max retries exceeded with url: /api/cicd/execute (Caused by NewConnectionError(""HTTPConnection(host='localhost', port=80): Failed to establish a new connection: [Errno 111] Connection refused""))"
2026-09-12T23:13:06.187196,1786374210148,GET,http://localhost/api/cicd/status/40665,0,1.61,"HTTPConnectionPool(host='localhost', port=80): Max retries exceeded with url: /api/cicd/status/40665 (Caused by NewConnectionError(""HTTPConnection(host='localhost', port=80): Failed to establish a new connection: [Errno 111] Connection refused""))"
2026-09-12T23:13:06.212418,1786374210148,GET,http://localhost/api/cicd/status/40665,0,1.3,"HTTPConnectionPool(host='localhost', port=80): Max retries exceeded with url: /api/cicd/status/40665 (Caused by NewConnectionError(""HTTPConnection(host='localhost', port=80): Failed to establish a new connection: [Errno 111] Connection refused""))"
2026-09-12T23:13:06.282769,1786374210148,GET,http://localhost/api/cicd/status/40665,0,4.92,"HTTPConnectionPool(host='localhost', port=80): Max retries exceeded with url: /api/cicd/status/40665 (Caused by NewConnectionError(""HTTPConnection(host='localhost', port=80): Failed to establish a new connection: [Errno 111] Connection refused""))"
2026-09-12T23:13:06.283262,1786373852673,POST,http://localhost/api/cicd/execute,0,8.85,"HTTPConnectionPool(host='localhost', port=80): Max retries exceeded with url: /api/cicd/execute (Caused by NewConnectionError(""HTTPConnection(host='localhost', port=80): Failed to establish a new connection: [Errno 111] Connection refused""))"
2026-09-12T23:13:06.283695,1786374210148,GET,http://localhost/api/cicd/status/40665,0,7.02,"HTTPConnectionPool(host='localhost', port=80): Max retries exceeded with url: /api/cicd/status/40665 (Caused by NewConnectionError(""HTTPConnection(host='localhost', port=80): Failed to establish a new connection: [Errno 111] Connection refused""))"
2026-09-12T23:13:06.284201,1786373852673,POST,http://localhost/api/cicd/execute,0,11.47,"HTTPConnectionPool(host='localhost', port=80): Max retries exceeded with url: /api/cicd/execute (Caused by NewConnectionError(""HTTPConnection(host='localhost', port=80): Failed to establish a new connection: [Errno 111] Connection refused""))"
2026-09-12T23:13:06.284429,1786374210148,GET,http://localhost/api/cicd/status/40665,0,3.6,"HTTPConnectionPool(host='localhost', port=80): Max retries exceeded with url: /api/cicd/status/40665 (Caused by NewConnectionError(""HTTPConnection(host='localhost', port=80): Failed to establish a new connection: [Errno 111] Connection refused""))"
2026-09-12T23:13:06.285801,1786374210148,GET,http://localhost/api/cicd/status/40665,0,6.46,"HTTPConnectionPool(host='localhost', port=80): Max retries exceeded with url: /api/cicd/status/40665 (Caused by NewConnectionError(""HTTPConnection(host='localhost', port=80): Failed to establish a new connection: [Errno 111] Connection refused""))"
2026-09-12T23:13:06.286312,1786374210148,GET,http://localhost/api/cicd/status/40665,0,10.73,"HTTPConnectionPool(host='localhost', port=80): Max retries exceeded with url: /api/cicd/status/40665 (Caused by NewConnectionError(""HTTPConnection(host='localhost', port=80): Failed to establish a new connection: [Errno 111] Connection refused""))"
2026-09-12T23:13:06.286807,1786374210148,GET,http://localhost/api/cicd/status/40665,0,2.23,"HTTPConnectionPool(host='localhost', port=80): Max retries exceeded with url: /api/cicd/status/40665 (Caused by NewConnectionError(""HTTPConnection(host='localhost', port=80): Failed to establish a new connection: [Errno 111] Connection refused""))"
2026-09-12T23:13:06.289492,1786373852673,POST,http://localhost/api/cicd/execute,0,2.12,"HTTPConnectionPool(host='localhost', port=80): Max retries exceeded with url: /api/cicd/execute (Caused by NewConnectionError(""HTTPConnection(host='localhost', port=80): Failed to establish a new connection: [Errno 111] Connection refused""))"
2026-09-12T23:13:06.314012,1786373852673,POST,http://localhost/api/cicd/execute,0,1.41,"HTTPConnectionPool(host='localhost', port=80): Max retries exceeded with url: /api/cicd/execute (Caused by NewConnectionError(""HTTPConnection(host='localhost', port=80): Failed to establish a new connection: [Errno 111] Connection refused""))"
2026-09-12T23:13:06.390786,1786373852673,POST,http://localhost/api/cicd/execute,0,7.86,"HTTPConnectionPool(host='localhost', port=80): Max retries exceeded with url: /api/cicd/execute (Caused by NewConnectionError(""HTTPConnection(host='localhost', port=80): Failed to establish a new connection: [Errno 111] Connection refused""))"
2026-09-12T23:13:06.393880,1786373852673,POST,http://localhost/api/cicd/execute,0,8.04,"HTTPConnectionPool(host='localhost', port=80): Max retries exceeded with url: /api/cicd/execute (Caused by NewConnectionError(""HTTPConnection(host='localhost', port=80): Failed to establish a new connection: [Errno 111] Connection refused""))"
2026-09-12T23:13:06.394304,1786374210148,GET,http://localhost/api/cicd/status/40665,0,10.67,"HTTPConnectionPool(host='localhost', port=80): Max retries exceeded with url: /api/cicd/status/40665 (Caused by NewConnectionError(""HTTPConnection(host='localhost', port=80): Failed to establish a new connection: [Errno 111] Connection refused""))"
2026-09-12T23:13:06.395326,1786373852673,POST,http://localhost/api/cicd/execute,0,7.15,"HTTPConnectionPool(host='localhost', port=80): Max retries exceeded with url: /api/cicd/execute (Caused by NewConnectionError(""HTTPConnection(host='localhost', port=80): Failed to establish a new connection: [Errno 111] Connection refused""))"
2026-09-12T23:13:06.395921,1786373852673,POST,http://localhost/api/cicd/execute,0,11.2,"HTTPConnectionPool(host='localhost', port=80): Max retries exceeded with url: /api/cicd/execute (Caused by NewConnectionError(""HTTPConnection(host='localhost', port=80): Failed to establish a new connection: [Errno 111] Connection refused""))"
2026-09-12T23:13:06.396336,1786374210148,GET,http://localhost/api/cicd/status/40665,0,5.06,"HTTPConnectionPool(host='localhost', port=80): Max retries exceeded with url: /api/cicd/status/40665 (Caused by NewConnectionError(""HTTPConnection(host='localhost', port=80): Failed to establish a new connection: [Errno 111] Connection refused""))"
2026-09-12T23:13:06.396581,1786374210148,GET,http://localhost/api/cicd/status/40665,0,7.01,"HTTPConnectionPool(host='localhost', port=80): Max retries exceeded with url: /api/cicd/status/40665 (Caused by NewConnectionError(""HTTPConnection(host='localhost', port=80): Failed to establish a new connection: [Errno 111] Connection refused""))"
2026-09-12T23:13:06.397243,1786373852673,POST,http://localhost/api/cicd/execute,0,4.71,"HTTPConnectionPool(host='localhost', port=80): Max retries exceeded with url: /api/cicd/execute (Caused by NewConnectionError(""HTTPConnection(host='localhost', port=80): Failed to establish a new connection: [Errno 111] Connection refused""))"
2026-09-12T23:13:06.397490,1786373852673,POST,http://localhost/api/cicd/execute,0,10.42,"HTTPConnectionPool(host='localhost', port=80): Max retries exceeded with url: /api/cicd/execute (Caused by NewConnectionError(""HTTPConnection(host='localhost', port=80): Failed to establish a new connection: [Errno 111] Connection refused""))"
2026-09-12T23:13:06.415731,1786374210148,GET,http://localhost/api/cicd/status/40665,0,1.54,"HTTPConnectionPool(host='localhost', port=80): Max retries exceeded with url: /api/cicd/status/40665 (Caused by NewConnectionError(""HTTPConnection(host='localhost', port=80): Failed to establish a new connection: [Errno 111] Connection refused""))"
2026-09-12T23:13:06.491944,1786374210148,GET,http://localhost/api/cicd/status/40665,0,0.97,"HTTPConnectionPool(host='localhost', port=80): Max retries exceeded with url: /api/cicd/status/40665 (Caused by NewConnectionError(""HTTPConnection(host='localhost', port=80): Failed to establish a new connection: [Errno 111] Connection refused""))"
2026-09-12T23:13:06.501276,1786374210148,GET,http://localhost/api/cicd/status/40665,0,7.25,"HTTPConnectionPool(host='localhost', port=80): Max retries exceeded with url: /api/cicd/status/40665 (Caused by NewConnectionError(""HTTPConnection(host='localhost', port=80): Failed to establish a new connection: [Errno 111] Connection refused""))"
2026-09-12T23:13:06.504802,1786373852673,POST,http://localhost/api/cicd/execute,0,5.12,"HTTPConnectionPool(host='localhost', port=80): Max retries exceeded with url: /api/cicd/execute (Caused by NewConnectionError(""HTTPConnection(host='localhost', port=80): Failed to establish a new connection: [Errno 111] Connection refused""))"
2026-09-12T23:13:06.505351,1786374210148,GET,http://localhost/api/cicd/status/40665,0,9.25,"HTTPConnectionPool(host='localhost', port=80): Max retries exceeded with url: /api/cicd/status/40665 (Caused by NewConnectionError(""HTTPConnection(host='localhost', port=80): Failed to establish a new connection: [Errno 111] Connection refused""))"
2026-09-12T23:13:06.505763,1786373852673,POST,http://localhost/api/cicd/execute,0,10.7,"HTTPConnectionPool(host='localhost', port=80): Max retries exceeded with url: /api/cicd/execute (Caused by NewConnectionError(""HTTPConnection(host='localhost', port=80): Failed to establish a new connection: [Errno 111] Connection refused""))"
2026-09-12T23:13:06.506001,1786374210148,GET,http://localhost/api/cicd/status/40665,0,4.46,"HTTPConnectionPool(host='localhost', port=80): Max retries exceeded with url: /api/cicd/status/40665 (Caused by NewConnectionError(""HTTPConnection(host='localhost', port=80): Failed to establish a new connection: [Errno 111] Connection refused""))"
2026-09-12T23:13:06.506295,1786373852673,POST,http://localhost/api/cicd/execute,0,7.71,"HTTPConnectionPool(host='localhost', port=80): Max retries exceeded with url: /api/cicd/execute (Caused by NewConnectionError(""HTTPConnection(host='localhost', port=80): Failed to establish a new connection: [Errno 111] Connection refused""))"
2026-09-12T23:13:06.506702,1786374210148,GET,http://localhost/api/cicd/status/40665,0,9.51,"HTTPConnectionPool(host='localhost', port=80): Max retries exceeded with url: /api/cicd/status/40665 (Caused by NewConnectionError(""HTTPConnection(host='localhost', port=80): Failed to establish a new connection: [Errno 111] Connection refused""))"
2026-09-12T23:13:06.506974,1786374210148,GET,http://localhost/api/cicd/status/40665,0,4.37,"HTTPConnectionPool(host='localhost', port=80): Max retries exceeded with url: /api/cicd/status/40665 (Caused by NewConnectionError(""HTTPConnection(host='localhost', port=80): Failed to establish a new connection: [Errno 111] Connection refused""))"
2026-09-12T23:13:06.517532,1786373852673,POST,http://localhost/api/cicd/execute,0,1.62,"HTTPConnectionPool(host='localhost', port=80): Max retries exceeded with url: /api/cicd/execute (Caused by NewConnectionError(""HTTPConnection(host='localhost', port=80): Failed to establish a new connection: [Errno 111] Connection refused""))"
2026-09-12T23:13:06.593779,1786373852673,POST,http://localhost/api/cicd/execute,0,1.66,"HTTPConnectionPool(host='localhost', port=80): Max retries exceeded with url: /api/cicd/execute (Caused by NewConnectionError(""HTTPConnection(host='localhost', port=80): Failed to establish a new connection: [Errno 111] Connection refused""))"
2026-09-12T23:13:06.603108,1786373852673,POST,http://localhost/api/cicd/execute,0,1.64,"HTTPConnectionPool(host='localhost', port=80): Max retries exceeded with url: /api/cicd/execute (Caused by NewConnectionError(""HTTPConnection(host='localhost', port=80): Failed to establish a new connection: [Errno 111] Connection refused""))"
2026-09-12T23:13:06.614440,1786373852673,POST,http://localhost/api/cicd/execute,0,8.37,"HTTPConnectionPool(host='localhost', port=80): Max retries exceeded with url: /api/cicd/execute (Caused by NewConnectionError(""HTTPConnection(host='localhost', port=80): Failed to establish a new connection: [Errno 111] Connection refused""))"
2026-09-12T23:13:06.614696,1786373852673,POST,http://localhost/api/cicd/execute,0,6.39,"HTTPConnectionPool(host='localhost', port=80): Max retries exceeded with url: /api/cicd/execute (Caused by NewConnectionError(""HTTPConnection(host='localhost', port=80): Failed to establish a new connection: [Errno 111] Connection refused""))"
2026-09-12T23:13:06.614959,1786373852673,POST,http://localhost/api/cicd/execute,0,4.16,"HTTPConnectionPool(host='localhost', port=80): Max retries exceeded with url: /api/cicd/execute (Caused by NewConnectionError(""HTTPConnection(host='localhost', port=80): Failed to establish a new connection: [Errno 111] Connection refused""))"
2026-09-12T23:13:06.615543,1786374210148,GET,http://localhost/api/cicd/status/40665,0,8.34,"HTTPConnectionPool(host='localhost', port=80): Max retries exceeded with url: /api/cicd/status/40665 (Caused by NewConnectionError(""HTTPConnection(host='localhost', port=80): Failed to establish a new connection: [Errno 111] Connection refused""))"
2026-09-12T23:13:06.616028,1786374210148,GET,http://localhost/api/cicd/status/40665,0,6.51,"HTTPConnectionPool(host='localhost', port=80): Max retries exceeded with url: /api/cicd/status/40665 (Caused by NewConnectionError(""HTTPConnection(host='localhost', port=80): Failed to establish a new connection: [Errno 111] Connection refused""))"
2026-09-12T23:13:06.616269,1786374210148,GET,http://localhost/api/cicd/status/40665,0,11.28,"HTTPConnectionPool(host='localhost', port=80): Max retries exceeded with url: /api/cicd/status/40665 (Caused by NewConnectionError(""HTTPConnection(host='localhost', port=80): Failed to establish a new connection: [Errno 111] Connection refused""))"
2026-09-12T23:13:06.616601,1786373852673,POST,http://localhost/api/cicd/execute,0,4.02,"HTTPConnectionPool(host='localhost', port=80): Max retries exceeded with url: /api/cicd/execute (Caused by NewConnectionError(""HTTPConnection(host='localhost', port=80): Failed to establish a new connection: [Errno 111] Connection refused""))"
2026-09-12T23:13:06.619294,1786374210148,GET,http://localhost/api/cicd/status/40665,0,1.6,"HTTPConnectionPool(host='localhost', port=80): Max retries exceeded with url: /api/cicd/status/40665 (Caused by NewConnectionError(""HTTPConnection(host='localhost', port=80): Failed to establish a new connection: [Errno 111] Connection refused""))"
2026-09-12T23:13:06.695625,1786374210148,GET,http://localhost/api/cicd/status/40665,0,1.66,"HTTPConnectionPool(host='localhost', port=80): Max retries exceeded with url: /api/cicd/status/40665 (Caused by NewConnectionError(""HTTPConnection(host='localhost', port=80): Failed to establish a new connection: [Errno 111] Connection refused""))"
2026-09-12T23:13:06.705560,1786374210148,GET,http://localhost/api/cicd/status/40665,0,2.25,"HTTPConnectionPool(host='localhost', port=80): Max retries exceeded with url: /api/cicd/status/40665 (Caused by NewConnectionError(""HTTPConnection(host='localhost', port=80): Failed to establish a new connection: [Errno 111] Connection refused""))"
2026-09-12T23:13:06.725940,1786374210148,GET,http://localhost/api/cicd/status/40665,0,11.31,"HTTPConnectionPool(host='localhost', port=80): Max retries exceeded with url: /api/cicd/status/40665 (Caused by NewConnectionError(""HTTPConnection(host='localhost', port=80): Failed to establish a new connection: [Errno 111] Connection refused""))"
2026-09-12T23:13:06.726495,1786374210148,GET,http://localhost/api/cicd/status/40665,0,9.21,"HTTPConnectionPool(host='localhost', port=80): Max retries exceeded with url: /api/cicd/status/40665 (Caused by NewConnectionError(""HTTPConnection(host='localhost', port=80): Failed to establish a new connection: [Errno 111] Connection refused""))"
2026-09-12T23:13:06.726953,1786373852673,POST,http://localhost/api/cicd/execute,0,8.55,"HTTPConnectionPool(host='localhost', port=80): Max retries exceeded with url: /api/cicd/execute (Caused by NewConnectionError(""HTTPConnection(host='localhost', port=80): Failed to establish a new connection: [Errno 111] Connection refused""))"
2026-09-12T23:13:06.727407,1786373852673,POST,http://localhost/api/cicd/execute,0,6.61,"HTTPConnectionPool(host='localhost', port=80): Max retries exceeded with url: /api/cicd/execute (Caused by NewConnectionError(""HTTPConnection(host='localhost', port=80): Failed to establish a new connection: [Errno 111] Connection refused""))"
2026-09-12T23:13:06.727723,1786373852673,POST,http://localhost/api/cicd/execute,0,8.18,"HTTPConnectionPool(host='localhost', port=80): Max retries exceeded with url: /api/cicd/execute (Caused by NewConnectionError(""HTTPConnection(host='localhost', port=80): Failed to establish a new connection: [Errno 111] Connection refused""))"
2026-09-12T23:13:06.728256,1786373852673,POST,http://localhost/api/cicd/execute,0,6.14,"HTTPConnectionPool(host='localhost', port=80): Max retries exceeded with url: /api/cicd/execute (Caused by NewConnectionError(""HTTPConnection(host='localhost', port=80): Failed to establish a new connection: [Errno 111] Connection refused""))"
2026-09-12T23:13:06.728642,1786374210148,GET,http://localhost/api/cicd/status/40665,0,12.45,"HTTPConnectionPool(host='localhost', port=80): Max retries exceeded with url: /api/cicd/status/40665 (Caused by NewConnectionError(""HTTPConnection(host='localhost', port=80): Failed to establish a new connection: [Errno 111] Connection refused""))"
2026-09-12T23:13:06.728864,1786374210148,GET,http://localhost/api/cicd/status/40665,0,4.87,"HTTPConnectionPool(host='localhost', port=80): Max retries exceeded with url: /api/cicd/status/40665 (Caused by NewConnectionError(""HTTPConnection(host='localhost', port=80): Failed to establish a new connection: [Errno 111] Connection refused""))"
2026-09-12T23:13:06.797512,1786373852673,POST,http://localhost/api/cicd/execute,0,1.7,"HTTPConnectionPool(host='localhost', port=80): Max retries exceeded with url: /api/cicd/execute (Caused by NewConnectionError(""HTTPConnection(host='localhost', port=80): Failed to establish a new connection: [Errno 111] Connection refused""))"
2026-09-12T23:13:06.807447,1786373852673,POST,http://localhost/api/cicd/execute,0,1.7,"HTTPConnectionPool(host='localhost', port=80): Max retries exceeded with url: /api/cicd/execute (Caused by NewConnectionError(""HTTPConnection(host='localhost', port=80): Failed to establish a new connection: [Errno 111] Connection refused""))"
2026-09-12T23:13:06.837215,1786373852673,POST,http://localhost/api/cicd/execute,0,11.09,"HTTPConnectionPool(host='localhost', port=80): Max retries exceeded with url: /api/cicd/execute (Caused by NewConnectionError(""HTTPConnection(host='localhost', port=80): Failed to establish a new connection: [Errno 111] Connection refused""))"
2026-09-12T23:13:06.838257,1786373852673,POST,http://localhost/api/cicd/execute,0,7.33,"HTTPConnectionPool(host='localhost', port=80): Max retries exceeded with url: /api/cicd/execute (Caused by NewConnectionError(""HTTPConnection(host='localhost', port=80): Failed to establish a new connection: [Errno 111] Connection refused""))"
2026-09-12T23:13:06.838785,1786374210148,GET,http://localhost/api/cicd/status/40665,0,3.47,"HTTPConnectionPool(host='localhost', port=80): Max retries exceeded with url: /api/cicd/status/40665 (Caused by NewConnectionError(""HTTPConnection(host='localhost', port=80): Failed to establish a new connection: [Errno 111] Connection refused""))"
2026-09-12T23:13:06.839294,1786373852673,POST,http://localhost/api/cicd/execute,0,11.99,"HTTPConnectionPool(host='localhost', port=80): Max retries exceeded with url: /api/cicd/execute (Caused by NewConnectionError(""HTTPConnection(host='localhost', port=80): Failed to establish a new connection: [Errno 111] Connection refused""))"
2026-09-12T23:13:06.839546,1786373852673,POST,http://localhost/api/cicd/execute,0,5.64,"HTTPConnectionPool(host='localhost', port=80): Max retries exceeded with url: /api/cicd/execute (Caused by NewConnectionError(""HTTPConnection(host='localhost', port=80): Failed to establish a new connection: [Errno 111] Connection refused""))"
2026-09-12T23:13:06.839898,1786374210148,GET,http://localhost/api/cicd/status/40665,0,7.82,"HTTPConnectionPool(host='localhost', port=80): Max retries exceeded with url: /api/cicd/status/40665 (Caused by NewConnectionError(""HTTPConnection(host='localhost', port=80): Failed to establish a new connection: [Errno 111] Connection refused""))"
2026-09-12T23:13:06.840173,1786374210148,GET,http://localhost/api/cicd/status/40665,0,11.74,"HTTPConnectionPool(host='localhost', port=80): Max retries exceeded with url: /api/cicd/status/40665 (Caused by NewConnectionError(""HTTPConnection(host='localhost', port=80): Failed to establish a new connection: [Errno 111] Connection refused""))"
2026-09-12T23:13:06.840507,1786374210148,GET,http://localhost/api/cicd/status/40665,0,10.85,"HTTPConnectionPool(host='localhost', port=80): Max retries exceeded with url: /api/cicd/status/40665 (Caused by NewConnectionError(""HTTPConnection(host='localhost', port=80): Failed to establish a new connection: [Errno 111] Connection refused""))"
2026-09-12T23:13:06.899336,1786374210148,GET,http://localhost/api/cicd/status/40665,0,1.64,"HTTPConnectionPool(host='localhost', port=80): Max retries exceeded with url: /api/cicd/status/40665 (Caused by NewConnectionError(""HTTPConnection(host='localhost', port=80): Failed to establish a new connection: [Errno 111] Connection refused""))"
2026-09-12T23:13:06.909289,1786374210148,GET,http://localhost/api/cicd/status/40665,0,1.66,"HTTPConnectionPool(host='localhost', port=80): Max retries exceeded with url: /api/cicd/status/40665 (Caused by NewConnectionError(""HTTPConnection(host='localhost', port=80): Failed to establish a new connection: [Errno 111] Connection refused""))"
2026-09-12T23:13:06.948309,1786374210148,GET,http://localhost/api/cicd/status/40665,0,7.54,"HTTPConnectionPool(host='localhost', port=80): Max retries exceeded with url: /api/cicd/status/40665 (Caused by NewConnectionError(""HTTPConnection(host='localhost', port=80): Failed to establish a new connection: [Errno 111] Connection refused""))"
2026-09-12T23:13:06.948686,1786374210148,GET,http://localhost/api/cicd/status/40665,0,9.01,"HTTPConnectionPool(host='localhost', port=80): Max retries exceeded with url: /api/cicd/status/40665 (Caused by NewConnectionError(""HTTPConnection(host='localhost', port=80): Failed to establish a new connection: [Errno 111] Connection refused""))"
2026-09-12T23:13:06.949504,1786374210148,GET,http://localhost/api/cicd/status/40665,0,11.56,"HTTPConnectionPool(host='localhost', port=80): Max retries exceeded with url: /api/cicd/status/40665 (Caused by NewConnectionError(""HTTPConnection(host='localhost', port=80): Failed to establish a new connection: [Errno 111] Connection refused""))"
2026-09-12T23:13:06.950239,1786374210148,GET,http://localhost/api/cicd/status/40665,0,11.76,"HTTPConnectionPool(host='localhost', port=80): Max retries exceeded with url: /api/cicd/status/40665 (Caused by NewConnectionError(""HTTPConnection(host='localhost', port=80): Failed to establish a new connection: [Errno 111] Connection refused""))"
2026-09-12T23:13:06.950668,1786373852673,POST,http://localhost/api/cicd/execute,0,7.52,"HTTPConnectionPool(host='localhost', port=80): Max retries exceeded with url: /api/cicd/execute (Caused by NewConnectionError(""HTTPConnection(host='localhost', port=80): Failed to establish a new connection: [Errno 111] Connection refused""))"
2026-09-12T23:13:06.950951,1786373852673,POST,http://localhost/api/cicd/execute,0,6.59,"HTTPConnectionPool(host='localhost', port=80): Max retries exceeded with url: /api/cicd/execute (Caused by NewConnectionError(""HTTPConnection(host='localhost', port=80): Failed to establish a new connection: [Errno 111] Connection refused""))"
2026-09-12T23:13:06.951220,1786373852673,POST,http://localhost/api/cicd/execute,0,9.2,"HTTPConnectionPool(host='localhost', port=80): Max retries exceeded with url: /api/cicd/execute (Caused by NewConnectionError(""HTTPConnection(host='localhost', port=80): Failed to establish a new connection: [Errno 111] Connection refused""))"
2026-09-12T23:13:06.951441,1786373852673,POST,http://localhost/api/cicd/execute,0,5.61,"HTTPConnectionPool(host='localhost', port=80): Max retries exceeded with url: /api/cicd/execute (Caused by NewConnectionError(""HTTPConnection(host='localhost', port=80): Failed to establish a new connection: [Errno 111] Connection refused""))"
2026-09-12T23:13:07.001232,1786373852673,POST,http://localhost/api/cicd/execute,0,1.7,"HTTPConnectionPool(host='localhost', port=80): Max retries exceeded with url: /api/cicd/execute (Caused by NewConnectionError(""HTTPConnection(host='localhost', port=80): Failed to establish a new connection: [Errno 111] Connection refused""))"
2026-09-12T23:13:07.011140,1786373852673,POST,http://localhost/api/cicd/execute,0,1.67,"HTTPConnectionPool(host='localhost', port=80): Max retries exceeded with url: /api/cicd/execute (Caused by NewConnectionError(""HTTPConnection(host='localhost', port=80): Failed to establish a new connection: [Errno 111] Connection refused""))"
2026-09-12T23:13:07.058891,1786374210148,GET,http://localhost/api/cicd/status/40665,0,8.04,"HTTPConnectionPool(host='localhost', port=80): Max retries exceeded with url: /api/cicd/status/40665 (Caused by NewConnectionError(""HTTPConnection(host='localhost', port=80): Failed to establish a new connection: [Errno 111] Connection refused""))"
2026-09-12T23:13:07.059953,1786373852673,POST,http://localhost/api/cicd/execute,0,11.45,"HTTPConnectionPool(host='localhost', port=80): Max retries exceeded with url: /api/cicd/execute (Caused by NewConnectionError(""HTTPConnection(host='localhost', port=80): Failed to establish a new connection: [Errno 111] Connection refused""))"
2026-09-12T23:13:07.060240,1786373852673,POST,http://localhost/api/cicd/execute,0,10.57,"HTTPConnectionPool(host='localhost', port=80): Max retries exceeded with url: /api/cicd/execute (Caused by NewConnectionError(""HTTPConnection(host='localhost', port=80): Failed to establish a new connection: [Errno 111] Connection refused""))"
2026-09-12T23:13:07.060559,1786373852673,POST,http://localhost/api/cicd/execute,0,7.26,"HTTPConnectionPool(host='localhost', port=80): Max retries exceeded with url: /api/cicd/execute (Caused by NewConnectionError(""HTTPConnection(host='localhost', port=80): Failed to establish a new connection: [Errno 111] Connection refused""))"
2026-09-12T23:13:07.060959,1786374210148,GET,http://localhost/api/cicd/status/40665,0,5.25,"HTTPConnectionPool(host='localhost', port=80): Max retries exceeded with url: /api/cicd/status/40665 (Caused by NewConnectionError(""HTTPConnection(host='localhost', port=80): Failed to establish a new connection: [Errno 111] Connection refused""))"
2026-09-12T23:13:07.061667,1786373852673,POST,http://localhost/api/cicd/execute,0,7.12,"HTTPConnectionPool(host='localhost', port=80): Max retries exceeded with url: /api/cicd/execute (Caused by NewConnectionError(""HTTPConnection(host='localhost', port=80): Failed to establish a new connection: [Errno 111] Connection refused""))"
2026-09-12T23:13:07.061932,1786374210148,GET,http://localhost/api/cicd/status/40665,0,9.73,"HTTPConnectionPool(host='localhost', port=80): Max retries exceeded with url: /api/cicd/status/40665 (Caused by NewConnectionError(""HTTPConnection(host='localhost', port=80): Failed to establish a new connection: [Errno 111] Connection refused""))"
2026-09-12T23:13:07.062169,1786374210148,GET,http://localhost/api/cicd/status/40665,0,4.68,"HTTPConnectionPool(host='localhost', port=80): Max retries exceeded with url: /api/cicd/status/40665 (Caused by NewConnectionError(""HTTPConnection(host='localhost', port=80): Failed to establish a new connection: [Errno 111] Connection refused""))"
2026-09-12T23:13:07.103568,1786374210148,GET,http://localhost/api/cicd/status/40665,0,2.15,"HTTPConnectionPool(host='localhost', port=80): Max retries exceeded with url: /api/cicd/status/40665 (Caused by NewConnectionError(""HTTPConnection(host='localhost', port=80): Failed to establish a new connection: [Errno 111] Connection refused""))"
2026-09-12T23:13:07.113004,1786374210148,GET,http://localhost/api/cicd/status/40665,0,1.64,"HTTPConnectionPool(host='localhost', port=80): Max retries exceeded with url: /api/cicd/status/40665 (Caused by NewConnectionError(""HTTPConnection(host='localhost', port=80): Failed to establish a new connection: [Errno 111] Connection refused""))"
2026-09-12T23:13:07.169529,1786373852673,POST,http://localhost/api/cicd/execute,0,10.46,"HTTPConnectionPool(host='localhost', port=80): Max retries exceeded with url: /api/cicd/execute (Caused by NewConnectionError(""HTTPConnection(host='localhost', port=80): Failed to establish a new connection: [Errno 111] Connection refused""))"
2026-09-12T23:13:07.169818,1786373852673,POST,http://localhost/api/cicd/execute,0,8.48,"HTTPConnectionPool(host='localhost', port=80): Max retries exceeded with url: /api/cicd/execute (Caused by NewConnectionError(""HTTPConnection(host='localhost', port=80): Failed to establish a new connection: [Errno 111] Connection refused""))"
2026-09-12T23:13:07.170648,1786374210148,GET,http://localhost/api/cicd/status/40665,0,3.25,"HTTPConnectionPool(host='localhost', port=80): Max retries exceeded with url: /api/cicd/status/40665 (Caused by NewConnectionError(""HTTPConnection(host='localhost', port=80): Failed to establish a new connection: [Errno 111] Connection refused""))"
2026-09-12T23:13:07.171293,1786374210148,GET,http://localhost/api/cicd/status/40665,0,7.65,"HTTPConnectionPool(host='localhost', port=80): Max retries exceeded with url: /api/cicd/status/40665 (Caused by NewConnectionError(""HTTPConnection(host='localhost', port=80): Failed to establish a new connection: [Errno 111] Connection refused""))"
2026-09-12T23:13:07.171516,1786374210148,GET,http://localhost/api/cicd/status/40665,0,11.39,"HTTPConnectionPool(host='localhost', port=80): Max retries exceeded with url: /api/cicd/status/40665 (Caused by NewConnectionError(""HTTPConnection(host='localhost', port=80): Failed to establish a new connection: [Errno 111] Connection refused""))"
2026-09-12T23:13:07.171735,1786373852673,POST,http://localhost/api/cicd/execute,0,5.81,"HTTPConnectionPool(host='localhost', port=80): Max retries exceeded with url: /api/cicd/execute (Caused by NewConnectionError(""HTTPConnection(host='localhost', port=80): Failed to establish a new connection: [Errno 111] Connection refused""))"
2026-09-12T23:13:07.172335,1786374210148,GET,http://localhost/api/cicd/status/40665,0,9.85,"HTTPConnectionPool(host='localhost', port=80): Max retries exceeded with url: /api/cicd/status/40665 (Caused by NewConnectionError(""HTTPConnection(host='localhost', port=80): Failed to establish a new connection: [Errno 111] Connection refused""))"
2026-09-12T23:13:07.172606,1786373852673,POST,http://localhost/api/cicd/execute,0,7.84,"HTTPConnectionPool(host='localhost', port=80): Max retries exceeded with url: /api/cicd/execute (Caused by NewConnectionError(""HTTPConnection(host='localhost', port=80): Failed to establish a new connection: [Errno 111] Connection refused""))"
2026-09-12T23:13:07.205460,1786373852673,POST,http://localhost/api/cicd/execute,0,1.7,"HTTPConnectionPool(host='localhost', port=80): Max retries exceeded with url: /api/cicd/execute (Caused by NewConnectionError(""HTTPConnection(host='localhost', port=80): Failed to establish a new connection: [Errno 111] Connection refused""))"
2026-09-12T23:13:07.214883,1786373852673,POST,http://localhost/api/cicd/execute,0,1.69,"HTTPConnectionPool(host='localhost', port=80): Max retries exceeded with url: /api/cicd/execute (Caused by NewConnectionError(""HTTPConnection(host='localhost', port=80): Failed to establish a new connection: [Errno 111] Connection refused""))"
2026-09-12T23:13:07.280858,1786373852673,POST,http://localhost/api/cicd/execute,0,10.02,"HTTPConnectionPool(host='localhost', port=80): Max retries exceeded with url: /api/cicd/execute (Caused by NewConnectionError(""HTTPConnection(host='localhost', port=80): Failed to establish a new connection: [Errno 111] Connection refused""))"
2026-09-12T23:13:07.281116,1786374210148,GET,http://localhost/api/cicd/status/40665,0,11.4,"HTTPConnectionPool(host='localhost', port=80): Max retries exceeded with url: /api/cicd/status/40665 (Caused by NewConnectionError(""HTTPConnection(host='localhost', port=80): Failed to establish a new connection: [Errno 111] Connection refused""))"
2026-09-12T23:13:07.282235,1786373852673,POST,http://localhost/api/cicd/execute,0,8.97,"HTTPConnectionPool(host='localhost', port=80): Max retries exceeded with url: /api/cicd/execute (Caused by NewConnectionError(""HTTPConnection(host='localhost', port=80): Failed to establish a new connection: [Errno 111] Connection refused""))"
2026-09-12T23:13:07.282497,1786373852673,POST,http://localhost/api/cicd/execute,0,4.98,"HTTPConnectionPool(host='localhost', port=80): Max retries exceeded with url: /api/cicd/execute (Caused by NewConnectionError(""HTTPConnection(host='localhost', port=80): Failed to establish a new connection: [Errno 111] Connection refused""))"
2026-09-12T23:13:07.282878,1786374210148,GET,http://localhost/api/cicd/status/40665,0,10.84,"HTTPConnectionPool(host='localhost', port=80): Max retries exceeded with url: /api/cicd/status/40665 (Caused by NewConnectionError(""HTTPConnection(host='localhost', port=80): Failed to establish a new connection: [Errno 111] Connection refused""))"
2026-09-12T23:13:07.283362,1786374210148,GET,http://localhost/api/cicd/status/40665,0,7.19,"HTTPConnectionPool(host='localhost', port=80): Max retries exceeded with url: /api/cicd/status/40665 (Caused by NewConnectionError(""HTTPConnection(host='localhost', port=80): Failed to establish a new connection: [Errno 111] Connection refused""))"
2026-09-12T23:13:07.283748,1786373852673,POST,http://localhost/api/cicd/execute,0,9.24,"HTTPConnectionPool(host='localhost', port=80): Max retries exceeded with url: /api/cicd/execute (Caused by NewConnectionError(""HTTPConnection(host='localhost', port=80): Failed to establish a new connection: [Errno 111] Connection refused""))"
2026-09-12T23:13:07.284069,1786374210148,GET,http://localhost/api/cicd/status/40665,0,4.93,"HTTPConnectionPool(host='localhost', port=80): Max retries exceeded with url: /api/cicd/status/40665 (Caused by NewConnectionError(""HTTPConnection(host='localhost', port=80): Failed to establish a new connection: [Errno 111] Connection refused""))"
2026-09-12T23:13:07.307307,1786374210148,GET,http://localhost/api/cicd/status/40665,0,1.66,"HTTPConnectionPool(host='localhost', port=80): Max retries exceeded with url: /api/cicd/status/40665 (Caused by NewConnectionError(""HTTPConnection(host='localhost', port=80): Failed to establish a new connection: [Errno 111] Connection refused""))"
2026-09-12T23:13:07.316726,1786374210148,GET,http://localhost/api/cicd/status/40665,0,1.66,"HTTPConnectionPool(host='localhost', port=80): Max retries exceeded with url: /api/cicd/status/40665 (Caused by NewConnectionError(""HTTPConnection(host='localhost', port=80): Failed to establish a new connection: [Errno 111] Connection refused""))"
2026-09-12T23:13:07.391021,1786373852673,POST,http://localhost/api/cicd/execute,0,3.4,"HTTPConnectionPool(host='localhost', port=80): Max retries exceeded with url: /api/cicd/execute (Caused by NewConnectionError(""HTTPConnection(host='localhost', port=80): Failed to establish a new connection: [Errno 111] Connection refused""))"
2026-09-12T23:13:07.392095,1786374210148,GET,http://localhost/api/cicd/status/40665,0,11.06,"HTTPConnectionPool(host='localhost', port=80): Max retries exceeded with url: /api/cicd/status/40665 (Caused by NewConnectionError(""HTTPConnection(host='localhost', port=80): Failed to establish a new connection: [Errno 111] Connection refused""))"
2026-09-12T23:13:07.392819,1786374210148,GET,http://localhost/api/cicd/status/40665,0,8.39,"HTTPConnectionPool(host='localhost', port=80): Max retries exceeded with url: /api/cicd/status/40665 (Caused by NewConnectionError(""HTTPConnection(host='localhost', port=80): Failed to establish a new connection: [Errno 111] Connection refused""))"
2026-09-12T23:13:07.393111,1786373852673,POST,http://localhost/api/cicd/execute,0,11.0,"HTTPConnectionPool(host='localhost', port=80): Max retries exceeded with url: /api/cicd/execute (Caused by NewConnectionError(""HTTPConnection(host='localhost', port=80): Failed to establish a new connection: [Errno 111] Connection refused""))"
2026-09-12T23:13:07.393609,1786374210148,GET,http://localhost/api/cicd/status/40665,0,10.28,"HTTPConnectionPool(host='localhost', port=80): Max retries exceeded with url: /api/cicd/status/40665 (Caused by NewConnectionError(""HTTPConnection(host='localhost', port=80): Failed to establish a new connection: [Errno 111] Connection refused""))"
2026-09-12T23:13:07.394087,1786373852673,POST,http://localhost/api/cicd/execute,0,8.6,"HTTPConnectionPool(host='localhost', port=80): Max retries exceeded with url: /api/cicd/execute (Caused by NewConnectionError(""HTTPConnection(host='localhost', port=80): Failed to establish a new connection: [Errno 111] Connection refused""))"
2026-09-12T23:13:07.394431,1786373852673,POST,http://localhost/api/cicd/execute,0,5.11,"HTTPConnectionPool(host='localhost', port=80): Max retries exceeded with url: /api/cicd/execute (Caused by NewConnectionError(""HTTPConnection(host='localhost', port=80): Failed to establish a new connection: [Errno 111] Connection refused""))"
2026-09-12T23:13:07.394670,1786374210148,GET,http://localhost/api/cicd/status/40665,0,8.14,"HTTPConnectionPool(host='localhost', port=80): Max retries exceeded with url: /api/cicd/status/40665 (Caused by NewConnectionError(""HTTPConnection(host='localhost', port=80): Failed to establish a new connection: [Errno 111] Connection refused""))"
2026-09-12T23:13:07.409084,1786373852673,POST,http://localhost/api/cicd/execute,0,1.59,"HTTPConnectionPool(host='localhost', port=80): Max retries exceeded with url: /api/cicd/execute (Caused by NewConnectionError(""HTTPConnection(host='localhost', port=80): Failed to establish a new connection: [Errno 111] Connection refused""))"
2026-09-12T23:13:07.418511,1786373852673,POST,http://localhost/api/cicd/execute,0,1.61,"HTTPConnectionPool(host='localhost', port=80): Max retries exceeded with url: /api/cicd/execute (Caused by NewConnectionError(""HTTPConnection(host='localhost', port=80): Failed to establish a new connection: [Errno 111] Connection refused""))"
2026-09-12T23:13:07.501172,1786374210148,GET,http://localhost/api/cicd/status/40665,0,9.97,"HTTPConnectionPool(host='localhost', port=80): Max retries exceeded with url: /api/cicd/status/40665 (Caused by NewConnectionError(""HTTPConnection(host='localhost', port=80): Failed to establish a new connection: [Errno 111] Connection refused""))"
2026-09-12T23:13:07.501856,1786373852673,POST,http://localhost/api/cicd/execute,0,7.37,"HTTPConnectionPool(host='localhost', port=80): Max retries exceeded with url: /api/cicd/execute (Caused by NewConnectionError(""HTTPConnection(host='localhost', port=80): Failed to establish a new connection: [Errno 111] Connection refused""))"
2026-09-12T23:13:07.502450,1786374210148,GET,http://localhost/api/cicd/status/40665,0,3.04,"HTTPConnectionPool(host='localhost', port=80): Max retries exceeded with url: /api/cicd/status/40665 (Caused by NewConnectionError(""HTTPConnection(host='localhost', port=80): Failed to establish a new connection: [Errno 111] Connection refused""))"
2026-09-12T23:13:07.502925,1786373852673,POST,http://localhost/api/cicd/execute,0,10.68,"HTTPConnectionPool(host='localhost', port=80): Max retries exceeded with url: /api/cicd/execute (Caused by NewConnectionError(""HTTPConnection(host='localhost', port=80): Failed to establish a new connection: [Errno 111] Connection refused""))"
2026-09-12T23:13:07.503204,1786374210148,GET,http://localhost/api/cicd/status/40665,0,9.78,"HTTPConnectionPool(host='localhost', port=80): Max retries exceeded with url: /api/cicd/status/40665 (Caused by NewConnectionError(""HTTPConnection(host='localhost', port=80): Failed to establish a new connection: [Errno 111] Connection refused""))"
2026-09-12T23:13:07.503428,1786373852673,POST,http://localhost/api/cicd/execute,0,6.36,"HTTPConnectionPool(host='localhost', port=80): Max retries exceeded with url: /api/cicd/execute (Caused by NewConnectionError(""HTTPConnection(host='localhost', port=80): Failed to establish a new connection: [Errno 111] Connection refused""))"
2026-09-12T23:13:07.504311,1786374210148,GET,http://localhost/api/cicd/status/40665,0,5.9,"HTTPConnectionPool(host='localhost', port=80): Max retries exceeded with url: /api/cicd/status/40665 (Caused by NewConnectionError(""HTTPConnection(host='localhost', port=80): Failed to establish a new connection: [Errno 111] Connection refused""))"
2026-09-12T23:13:07.504552,1786373852673,POST,http://localhost/api/cicd/execute,0,8.81,"HTTPConnectionPool(host='localhost', port=80): Max retries exceeded with url: /api/cicd/execute (Caused by NewConnectionError(""HTTPConnection(host='localhost', port=80): Failed to establish a new connection: [Errno 111] Connection refused""))"
2026-09-12T23:13:07.510869,1786374210148,GET,http://localhost/api/cicd/status/40665,0,1.6,"HTTPConnectionPool(host='localhost', port=80): Max retries exceeded with url: /api/cicd/status/40665 (Caused by NewConnectionError(""HTTPConnection(host='localhost', port=80): Failed to establish a new connection: [Errno 111] Connection refused""))"
2026-09-12T23:13:07.520299,1786374210148,GET,http://localhost/api/cicd/status/40665,0,1.61,"HTTPConnectionPool(host='localhost', port=80): Max retries exceeded with url: /api/cicd/status/40665 (Caused by NewConnectionError(""HTTPConnection(host='localhost', port=80): Failed to establish a new connection: [Errno 111] Connection refused""))"
2026-09-12T23:13:07.614160,1786374210148,GET,http://localhost/api/cicd/status/40665,0,6.69,"HTTPConnectionPool(host='localhost', port=80): Max retries exceeded with url: /api/cicd/status/40665 (Caused by NewConnectionError(""HTTPConnection(host='localhost', port=80): Failed to establish a new connection: [Errno 111] Connection refused""))"
2026-09-12T23:13:07.614380,1786374210148,GET,http://localhost/api/cicd/status/40665,0,10.81,"HTTPConnectionPool(host='localhost', port=80): Max retries exceeded with url: /api/cicd/status/40665 (Caused by NewConnectionError(""HTTPConnection(host='localhost', port=80): Failed to establish a new connection: [Errno 111] Connection refused""))"
2026-09-12T23:13:07.614750,1786374210148,GET,http://localhost/api/cicd/status/40665,0,12.26,"HTTPConnectionPool(host='localhost', port=80): Max retries exceeded with url: /api/cicd/status/40665 (Caused by NewConnectionError(""HTTPConnection(host='localhost', port=80): Failed to establish a new connection: [Errno 111] Connection refused""))"
2026-09-12T23:13:07.615390,1786373852673,POST,http://localhost/api/cicd/execute,0,14.03,"HTTPConnectionPool(host='localhost', port=80): Max retries exceeded with url: /api/cicd/execute (Caused by NewConnectionError(""HTTPConnection(host='localhost', port=80): Failed to establish a new connection: [Errno 111] Connection refused""))"
2026-09-12T23:13:07.616175,1786373852673,POST,http://localhost/api/cicd/execute,0,7.45,"HTTPConnectionPool(host='localhost', port=80): Max retries exceeded with url: /api/cicd/execute (Caused by NewConnectionError(""HTTPConnection(host='localhost', port=80): Failed to establish a new connection: [Errno 111] Connection refused""))"
2026-09-12T23:13:07.616516,1786373852673,POST,http://localhost/api/cicd/execute,0,10.25,"HTTPConnectionPool(host='localhost', port=80): Max retries exceeded with url: /api/cicd/execute (Caused by NewConnectionError(""HTTPConnection(host='localhost', port=80): Failed to establish a new connection: [Errno 111] Connection refused""))"
2026-09-12T23:13:07.616896,1786373852673,POST,http://localhost/api/cicd/execute,0,6.91,"HTTPConnectionPool(host='localhost', port=80): Max retries exceeded with url: /api/cicd/execute (Caused by NewConnectionError(""HTTPConnection(host='localhost', port=80): Failed to establish a new connection: [Errno 111] Connection refused""))"
2026-09-12T23:13:07.617123,1786374210148,GET,http://localhost/api/cicd/status/40665,0,12.23,"HTTPConnectionPool(host='localhost', port=80): Max retries exceeded with url: /api/cicd/status/40665 (Caused by NewConnectionError(""HTTPConnection(host='localhost', port=80): Failed to establish a new connection: [Errno 111] Connection refused""))"
2026-09-12T23:13:07.621479,1786373852673,POST,http://localhost/api/cicd/execute,0,9.47,"HTTPConnectionPool(host='localhost', port=80): Max retries exceeded with url: /api/cicd/execute (Caused by NewConnectionError(""HTTPConnection(host='localhost', port=80): Failed to establish a new connection: [Errno 111] Connection refused""))"
2026-09-12T23:13:07.623414,1786373852673,POST,http://localhost/api/cicd/execute,0,1.63,"HTTPConnectionPool(host='localhost', port=80): Max retries exceeded with url: /api/cicd/execute (Caused by NewConnectionError(""HTTPConnection(host='localhost', port=80): Failed to establish a new connection: [Errno 111] Connection refused""))"
2026-09-12T23:13:07.726955,1786374210148,GET,http://localhost/api/cicd/status/40665,0,6.93,"HTTPConnectionPool(host='localhost', port=80): Max retries exceeded with url: /api/cicd/status/40665 (Caused by NewConnectionError(""HTTPConnection(host='localhost', port=80): Failed to establish a new connection: [Errno 111] Connection refused""))"
2026-09-12T23:13:07.727630,1786373852673,POST,http://localhost/api/cicd/execute,0,13.29,"HTTPConnectionPool(host='localhost', port=80): Max retries exceeded with url: /api/cicd/execute (Caused by NewConnectionError(""HTTPConnection(host='localhost', port=80): Failed to establish a new connection: [Errno 111] Connection refused""))"
2026-09-12T23:13:07.728323,1786373852673,POST,http://localhost/api/cicd/execute,0,11.73,"HTTPConnectionPool(host='localhost', port=80): Max retries exceeded with url: /api/cicd/execute (Caused by NewConnectionError(""HTTPConnection(host='localhost', port=80): Failed to establish a new connection: [Errno 111] Connection refused""))"
2026-09-12T23:13:07.728910,1786374210148,GET,http://localhost/api/cicd/status/40665,0,11.16,"HTTPConnectionPool(host='localhost', port=80): Max retries exceeded with url: /api/cicd/status/40665 (Caused by NewConnectionError(""HTTPConnection(host='localhost', port=80): Failed to establish a new connection: [Errno 111] Connection refused""))"
2026-09-12T23:13:07.729188,1786373852673,POST,http://localhost/api/cicd/execute,0,8.14,"HTTPConnectionPool(host='localhost', port=80): Max retries exceeded with url: /api/cicd/execute (Caused by NewConnectionError(""HTTPConnection(host='localhost', port=80): Failed to establish a new connection: [Errno 111] Connection refused""))"
2026-09-12T23:13:07.729632,1786374210148,GET,http://localhost/api/cicd/status/40665,0,10.7,"HTTPConnectionPool(host='localhost', port=80): Max retries exceeded with url: /api/cicd/status/40665 (Caused by NewConnectionError(""HTTPConnection(host='localhost', port=80): Failed to establish a new connection: [Errno 111] Connection refused""))"
2026-09-12T23:13:07.729935,1786374210148,GET,http://localhost/api/cicd/status/40665,0,4.68,"HTTPConnectionPool(host='localhost', port=80): Max retries exceeded with url: /api/cicd/status/40665 (Caused by NewConnectionError(""HTTPConnection(host='localhost', port=80): Failed to establish a new connection: [Errno 111] Connection refused""))"
2026-09-12T23:13:07.730320,1786373852673,POST,http://localhost/api/cicd/execute,0,14.85,"HTTPConnectionPool(host='localhost', port=80): Max retries exceeded with url: /api/cicd/execute (Caused by NewConnectionError(""HTTPConnection(host='localhost', port=80): Failed to establish a new connection: [Errno 111] Connection refused""))"
2026-09-12T23:13:07.730589,1786374210148,GET,http://localhost/api/cicd/status/40665,0,8.02,"HTTPConnectionPool(host='localhost', port=80): Max retries exceeded with url: /api/cicd/status/40665 (Caused by NewConnectionError(""HTTPConnection(host='localhost', port=80): Failed to establish a new connection: [Errno 111] Connection refused""))"
2026-09-12T23:13:07.730880,1786374210148,GET,http://localhost/api/cicd/status/40665,0,6.86,"HTTPConnectionPool(host='localhost', port=80): Max retries exceeded with url: /api/cicd/status/40665 (Caused by NewConnectionError(""HTTPConnection(host='localhost', port=80): Failed to establish a new connection: [Errno 111] Connection refused""))"
2026-09-12T23:13:07.841396,1786374210148,GET,http://localhost/api/cicd/status/40665,0,11.85,"HTTPConnectionPool(host='localhost', port=80): Max retries exceeded with url: /api/cicd/status/40665 (Caused by NewConnectionError(""HTTPConnection(host='localhost', port=80): Failed to establish a new connection: [Errno 111] Connection refused""))"
2026-09-12T23:13:07.841811,1786373852673,POST,http://localhost/api/cicd/execute,0,6.05,"HTTPConnectionPool(host='localhost', port=80): Max retries exceeded with url: /api/cicd/execute (Caused by NewConnectionError(""HTTPConnection(host='localhost', port=80): Failed to establish a new connection: [Errno 111] Connection refused""))"
2026-09-12T23:13:07.842297,1786373852673,POST,http://localhost/api/cicd/execute,0,8.75,"HTTPConnectionPool(host='localhost', port=80): Max retries exceeded with url: /api/cicd/execute (Caused by NewConnectionError(""HTTPConnection(host='localhost', port=80): Failed to establish a new connection: [Errno 111] Connection refused""))"
2026-09-12T23:13:07.842614,1786374210148,GET,http://localhost/api/cicd/status/40665,0,14.16,"HTTPConnectionPool(host='localhost', port=80): Max retries exceeded with url: /api/cicd/status/40665 (Caused by NewConnectionError(""HTTPConnection(host='localhost', port=80): Failed to establish a new connection: [Errno 111] Connection refused""))"
2026-09-12T23:13:07.843081,1786374210148,GET,http://localhost/api/cicd/status/40665,0,8.41,"HTTPConnectionPool(host='localhost', port=80): Max retries exceeded with url: /api/cicd/status/40665 (Caused by NewConnectionError(""HTTPConnection(host='localhost', port=80): Failed to establish a new connection: [Errno 111] Connection refused""))"
2026-09-12T23:13:07.843355,1786373852673,POST,http://localhost/api/cicd/execute,0,16.22,"HTTPConnectionPool(host='localhost', port=80): Max retries exceeded with url: /api/cicd/execute (Caused by NewConnectionError(""HTTPConnection(host='localhost', port=80): Failed to establish a new connection: [Errno 111] Connection refused""))"
2026-09-12T23:13:07.843656,1786373852673,POST,http://localhost/api/cicd/execute,0,5.22,"HTTPConnectionPool(host='localhost', port=80): Max retries exceeded with url: /api/cicd/execute (Caused by NewConnectionError(""HTTPConnection(host='localhost', port=80): Failed to establish a new connection: [Errno 111] Connection refused""))"
2026-09-12T23:13:07.843941,1786373852673,POST,http://localhost/api/cicd/execute,0,12.01,"HTTPConnectionPool(host='localhost', port=80): Max retries exceeded with url: /api/cicd/execute (Caused by NewConnectionError(""HTTPConnection(host='localhost', port=80): Failed to establish a new connection: [Errno 111] Connection refused""))"
2026-09-12T23:13:07.844199,1786373852673,POST,http://localhost/api/cicd/execute,0,13.39,"HTTPConnectionPool(host='localhost', port=80): Max retries exceeded with url: /api/cicd/execute (Caused by NewConnectionError(""HTTPConnection(host='localhost', port=80): Failed to establish a new connection: [Errno 111] Connection refused""))"
2026-09-12T23:13:07.844583,1786374210148,GET,http://localhost/api/cicd/status/40665,0,7.29,"HTTPConnectionPool(host='localhost', port=80): Max retries exceeded with url: /api/cicd/status/40665 (Caused by NewConnectionError(""HTTPConnection(host='localhost', port=80): Failed to establish a new connection: [Errno 111] Connection refused""))"
2026-09-12T23:13:07.954915,1786373852673,POST,http://localhost/api/cicd/execute,0,13.33,"HTTPConnectionPool(host='localhost', port=80): Max retries exceeded with url: /api/cicd/execute (Caused by NewConnectionError(""HTTPConnection(host='localhost', port=80): Failed to establish a new connection: [Errno 111] Connection refused""))"
2026-09-12T23:13:07.956042,1786374210148,GET,http://localhost/api/cicd/status/40665,0,8.57,"HTTPConnectionPool(host='localhost', port=80): Max retries exceeded with url: /api/cicd/status/40665 (Caused by NewConnectionError(""HTTPConnection(host='localhost', port=80): Failed to establish a new connection: [Errno 111] Connection refused""))"
2026-09-12T23:13:07.956401,1786374210148,GET,http://localhost/api/cicd/status/40665,0,5.35,"HTTPConnectionPool(host='localhost', port=80): Max retries exceeded with url: /api/cicd/status/40665 (Caused by NewConnectionError(""HTTPConnection(host='localhost', port=80): Failed to establish a new connection: [Errno 111] Connection refused""))"
2026-09-12T23:13:07.957020,1786374210148,GET,http://localhost/api/cicd/status/40665,0,14.29,"HTTPConnectionPool(host='localhost', port=80): Max retries exceeded with url: /api/cicd/status/40665 (Caused by NewConnectionError(""HTTPConnection(host='localhost', port=80): Failed to establish a new connection: [Errno 111] Connection refused""))"
2026-09-12T23:13:07.957642,1786373852673,POST,http://localhost/api/cicd/execute,0,7.71,"HTTPConnectionPool(host='localhost', port=80): Max retries exceeded with url: /api/cicd/execute (Caused by NewConnectionError(""HTTPConnection(host='localhost', port=80): Failed to establish a new connection: [Errno 111] Connection refused""))"
2026-09-12T23:13:07.957876,1786374210148,GET,http://localhost/api/cicd/status/40665,0,14.05,"HTTPConnectionPool(host='localhost', port=80): Max retries exceeded with url: /api/cicd/status/40665 (Caused by NewConnectionError(""HTTPConnection(host='localhost', port=80): Failed to establish a new connection: [Errno 111] Connection refused""))"
2026-09-12T23:13:07.958171,1786373852673,POST,http://localhost/api/cicd/execute,0,13.23,"HTTPConnectionPool(host='localhost', port=80): Max retries exceeded with url: /api/cicd/execute (Caused by NewConnectionError(""HTTPConnection(host='localhost', port=80): Failed to establish a new connection: [Errno 111] Connection refused""))"
2026-09-12T23:13:07.958388,1786374210148,GET,http://localhost/api/cicd/status/40665,0,12.21,"HTTPConnectionPool(host='localhost', port=80): Max retries exceeded with url: /api/cicd/status/40665 (Caused by NewConnectionError(""HTTPConnection(host='localhost', port=80): Failed to establish a new connection: [Errno 111] Connection refused""))"
2026-09-12T23:13:07.959054,1786374210148,GET,http://localhost/api/cicd/status/40665,0,5.95,"HTTPConnectionPool(host='localhost', port=80): Max retries exceeded with url: /api/cicd/status/40665 (Caused by NewConnectionError(""HTTPConnection(host='localhost', port=80): Failed to establish a new connection: [Errno 111] Connection refused""))"
2026-09-12T23:13:07.959280,1786373852673,POST,http://localhost/api/cicd/execute,0,10.61,"HTTPConnectionPool(host='localhost', port=80): Max retries exceeded with url: /api/cicd/execute (Caused by NewConnectionError(""HTTPConnection(host='localhost', port=80): Failed to establish a new connection: [Errno 111] Connection refused""))"
2026-09-12T23:13:08.064809,1786374210148,GET,http://localhost/api/cicd/status/40665,0,9.71,"HTTPConnectionPool(host='localhost', port=80): Max retries exceeded with url: /api/cicd/status/40665 (Caused by NewConnectionError(""HTTPConnection(host='localhost', port=80): Failed to establish a new connection: [Errno 111] Connection refused""))"
2026-09-12T23:13:08.068876,1786373852673,POST,http://localhost/api/cicd/execute,0,8.11,"HTTPConnectionPool(host='localhost', port=80): Max retries exceeded with url: /api/cicd/execute (Caused by NewConnectionError(""HTTPConnection(host='localhost', port=80): Failed to establish a new connection: [Errno 111] Connection refused""))"
2026-09-12T23:13:08.069454,1786373852673,POST,http://localhost/api/cicd/execute,0,12.04,"HTTPConnectionPool(host='localhost', port=80): Max retries exceeded with url: /api/cicd/execute (Caused by NewConnectionError(""HTTPConnection(host='localhost', port=80): Failed to establish a new connection: [Errno 111] Connection refused""))"
2026-09-12T23:13:08.069788,1786373852673,POST,http://localhost/api/cicd/execute,0,11.26,"HTTPConnectionPool(host='localhost', port=80): Max retries exceeded with url: /api/cicd/execute (Caused by NewConnectionError(""HTTPConnection(host='localhost', port=80): Failed to establish a new connection: [Errno 111] Connection refused""))"
2026-09-12T23:13:08.070050,1786373852673,POST,http://localhost/api/cicd/execute,0,6.86,"HTTPConnectionPool(host='localhost', port=80): Max retries exceeded with url: /api/cicd/execute (Caused by NewConnectionError(""HTTPConnection(host='localhost', port=80): Failed to establish a new connection: [Errno 111] Connection refused""))"
2026-09-12T23:13:08.070501,1786374210148,GET,http://localhost/api/cicd/status/40665,0,5.6,"HTTPConnectionPool(host='localhost', port=80): Max retries exceeded with url: /api/cicd/status/40665 (Caused by NewConnectionError(""HTTPConnection(host='localhost', port=80): Failed to establish a new connection: [Errno 111] Connection refused""))"
2026-09-12T23:13:08.071499,1786374210148,GET,http://localhost/api/cicd/status/40665,0,4.97,"HTTPConnectionPool(host='localhost', port=80): Max retries exceeded with url: /api/cicd/status/40665 (Caused by NewConnectionError(""HTTPConnection(host='localhost', port=80): Failed to establish a new connection: [Errno 111] Connection refused""))"
2026-09-12T23:13:08.071735,1786373852673,POST,http://localhost/api/cicd/execute,0,9.76,"HTTPConnectionPool(host='localhost', port=80): Max retries exceeded with url: /api/cicd/execute (Caused by NewConnectionError(""HTTPConnection(host='localhost', port=80): Failed to establish a new connection: [Errno 111] Connection refused""))"
2026-09-12T23:13:08.072350,1786374210148,GET,http://localhost/api/cicd/status/40665,0,12.66,"HTTPConnectionPool(host='localhost', port=80): Max retries exceeded with url: /api/cicd/status/40665 (Caused by NewConnectionError(""HTTPConnection(host='localhost', port=80): Failed to establish a new connection: [Errno 111] Connection refused""))"
2026-09-12T23:13:08.072554,1786373852673,POST,http://localhost/api/cicd/execute,0,16.33,"HTTPConnectionPool(host='localhost', port=80): Max retries exceeded with url: /api/cicd/execute (Caused by NewConnectionError(""HTTPConnection(host='localhost', port=80): Failed to establish a new connection: [Errno 111] Connection refused""))"
2026-09-12T23:13:08.166723,1786373852673,POST,http://localhost/api/cicd/execute,0,1.73,"HTTPConnectionPool(host='localhost', port=80): Max retries exceeded with url: /api/cicd/execute (Caused by NewConnectionError(""HTTPConnection(host='localhost', port=80): Failed to establish a new connection: [Errno 111] Connection refused""))"
2026-09-12T23:13:08.181024,1786374210148,GET,http://localhost/api/cicd/status/40665,0,8.64,"HTTPConnectionPool(host='localhost', port=80): Max retries exceeded with url: /api/cicd/status/40665 (Caused by NewConnectionError(""HTTPConnection(host='localhost', port=80): Failed to establish a new connection: [Errno 111] Connection refused""))"
2026-09-12T23:13:08.181305,1786373852673,POST,http://localhost/api/cicd/execute,0,7.77,"HTTPConnectionPool(host='localhost', port=80): Max retries exceeded with url: /api/cicd/execute (Caused by NewConnectionError(""HTTPConnection(host='localhost', port=80): Failed to establish a new connection: [Errno 111] Connection refused""))"
2026-09-12T23:13:08.181623,1786374210148,GET,http://localhost/api/cicd/status/40665,0,11.39,"HTTPConnectionPool(host='localhost', port=80): Max retries exceeded with url: /api/cicd/status/40665 (Caused by NewConnectionError(""HTTPConnection(host='localhost', port=80): Failed to establish a new connection: [Errno 111] Connection refused""))"
2026-09-12T23:13:08.181847,1786373852673,POST,http://localhost/api/cicd/execute,0,6.0,"HTTPConnectionPool(host='localhost', port=80): Max retries exceeded with url: /api/cicd/execute (Caused by NewConnectionError(""HTTPConnection(host='localhost', port=80): Failed to establish a new connection: [Errno 111] Connection refused""))"
2026-09-12T23:13:08.182456,1786374210148,GET,http://localhost/api/cicd/status/40665,0,7.79,"HTTPConnectionPool(host='localhost', port=80): Max retries exceeded with url: /api/cicd/status/40665 (Caused by NewConnectionError(""HTTPConnection(host='localhost', port=80): Failed to establish a new connection: [Errno 111] Connection refused""))"
2026-09-12T23:13:08.182847,1786374210148,GET,http://localhost/api/cicd/status/40665,0,13.79,"HTTPConnectionPool(host='localhost', port=80): Max retries exceeded with url: /api/cicd/status/40665 (Caused by NewConnectionError(""HTTPConnection(host='localhost', port=80): Failed to establish a new connection: [Errno 111] Connection refused""))"
2026-09-12T23:13:08.183229,1786374210148,GET,http://localhost/api/cicd/status/40665,0,11.91,"HTTPConnectionPool(host='localhost', port=80): Max retries exceeded with url: /api/cicd/status/40665 (Caused by NewConnectionError(""HTTPConnection(host='localhost', port=80): Failed to establish a new connection: [Errno 111] Connection refused""))"
2026-09-12T23:13:08.183592,1786374210148,GET,http://localhost/api/cicd/status/40665,0,5.25,"HTTPConnectionPool(host='localhost', port=80): Max retries exceeded with url: /api/cicd/status/40665 (Caused by NewConnectionError(""HTTPConnection(host='localhost', port=80): Failed to establish a new connection: [Errno 111] Connection refused""))"
2026-09-12T23:13:08.183852,1786373852673,POST,http://localhost/api/cicd/execute,0,6.9,"HTTPConnectionPool(host='localhost', port=80): Max retries exceeded with url: /api/cicd/execute (Caused by NewConnectionError(""HTTPConnection(host='localhost', port=80): Failed to establish a new connection: [Errno 111] Connection refused""))"
2026-09-12T23:13:08.268528,1786374210148,GET,http://localhost/api/cicd/status/40665,0,1.62,"HTTPConnectionPool(host='localhost', port=80): Max retries exceeded with url: /api/cicd/status/40665 (Caused by NewConnectionError(""HTTPConnection(host='localhost', port=80): Failed to establish a new connection: [Errno 111] Connection refused""))"
2026-09-12T23:13:08.293747,1786373852673,POST,http://localhost/api/cicd/execute,0,12.53,"HTTPConnectionPool(host='localhost', port=80): Max retries exceeded with url: /api/cicd/execute (Caused by NewConnectionError(""HTTPConnection(host='localhost', port=80): Failed to establish a new connection: [Errno 111] Connection refused""))"
2026-09-12T23:13:08.294298,1786374210148,GET,http://localhost/api/cicd/status/40665,0,11.49,"HTTPConnectionPool(host='localhost', port=80): Max retries exceeded with url: /api/cicd/status/40665 (Caused by NewConnectionError(""HTTPConnection(host='localhost', port=80): Failed to establish a new connection: [Errno 111] Connection refused""))"
2026-09-12T23:13:08.294541,1786373852673,POST,http://localhost/api/cicd/execute,0,4.64,"HTTPConnectionPool(host='localhost', port=80): Max retries exceeded with url: /api/cicd/execute (Caused by NewConnectionError(""HTTPConnection(host='localhost', port=80): Failed to establish a new connection: [Errno 111] Connection refused""))"
2026-09-12T23:13:08.294777,1786373852673,POST,http://localhost/api/cicd/execute,0,8.67,"HTTPConnectionPool(host='localhost', port=80): Max retries exceeded with url: /api/cicd/execute (Caused by NewConnectionError(""HTTPConnection(host='localhost', port=80): Failed to establish a new connection: [Errno 111] Connection refused""))"
2026-09-12T23:13:08.295056,1786374210148,GET,http://localhost/api/cicd/status/40665,0,10.03,"HTTPConnectionPool(host='localhost', port=80): Max retries exceeded with url: /api/cicd/status/40665 (Caused by NewConnectionError(""HTTPConnection(host='localhost', port=80): Failed to establish a new connection: [Errno 111] Connection refused""))"
2026-09-12T23:13:08.295862,1786373852673,POST,http://localhost/api/cicd/execute,0,11.96,"HTTPConnectionPool(host='localhost', port=80): Max retries exceeded with url: /api/cicd/execute (Caused by NewConnectionError(""HTTPConnection(host='localhost', port=80): Failed to establish a new connection: [Errno 111] Connection refused""))"
2026-09-12T23:13:08.296218,1786373852673,POST,http://localhost/api/cicd/execute,0,4.84,"HTTPConnectionPool(host='localhost', port=80): Max retries exceeded with url: /api/cicd/execute (Caused by NewConnectionError(""HTTPConnection(host='localhost', port=80): Failed to establish a new connection: [Errno 111] Connection refused""))"
2026-09-12T23:13:08.296541,1786373852673,POST,http://localhost/api/cicd/execute,0,9.18,"HTTPConnectionPool(host='localhost', port=80): Max retries exceeded with url: /api/cicd/execute (Caused by NewConnectionError(""HTTPConnection(host='localhost', port=80): Failed to establish a new connection: [Errno 111] Connection refused""))"
2026-09-12T23:13:08.296890,1786374210148,GET,http://localhost/api/cicd/status/40665,0,8.41,"HTTPConnectionPool(host='localhost', port=80): Max retries exceeded with url: /api/cicd/status/40665 (Caused by NewConnectionError(""HTTPConnection(host='localhost', port=80): Failed to establish a new connection: [Errno 111] Connection refused""))"
2026-09-12T23:13:08.370461,1786373852673,POST,http://localhost/api/cicd/execute,0,1.75,"HTTPConnectionPool(host='localhost', port=80): Max retries exceeded with url: /api/cicd/execute (Caused by NewConnectionError(""HTTPConnection(host='localhost', port=80): Failed to establish a new connection: [Errno 111] Connection refused""))"
2026-09-12T23:13:08.405894,1786373852673,POST,http://localhost/api/cicd/execute,0,7.49,"HTTPConnectionPool(host='localhost', port=80): Max retries exceeded with url: /api/cicd/execute (Caused by NewConnectionError(""HTTPConnection(host='localhost', port=80): Failed to establish a new connection: [Errno 111] Connection refused""))"
2026-09-12T23:13:08.406364,1786373852673,POST,http://localhost/api/cicd/execute,0,11.34,"HTTPConnectionPool(host='localhost', port=80): Max retries exceeded with url: /api/cicd/execute (Caused by NewConnectionError(""HTTPConnection(host='localhost', port=80): Failed to establish a new connection: [Errno 111] Connection refused""))"
2026-09-12T23:13:08.407075,1786374210148,GET,http://localhost/api/cicd/status/40665,0,7.24,"HTTPConnectionPool(host='localhost', port=80): Max retries exceeded with url: /api/cicd/status/40665 (Caused by NewConnectionError(""HTTPConnection(host='localhost', port=80): Failed to establish a new connection: [Errno 111] Connection refused""))"
2026-09-12T23:13:08.407311,1786373852673,POST,http://localhost/api/cicd/execute,0,3.34,"HTTPConnectionPool(host='localhost', port=80): Max retries exceeded with url: /api/cicd/execute (Caused by NewConnectionError(""HTTPConnection(host='localhost', port=80): Failed to establish a new connection: [Errno 111] Connection refused""))"
2026-09-12T23:13:08.407925,1786374210148,GET,http://localhost/api/cicd/status/40665,0,5.24,"HTTPConnectionPool(host='localhost', port=80): Max retries exceeded with url: /api/cicd/status/40665 (Caused by NewConnectionError(""HTTPConnection(host='localhost', port=80): Failed to establish a new connection: [Errno 111] Connection refused""))"
2026-09-12T23:13:08.408265,1786374210148,GET,http://localhost/api/cicd/status/40665,0,11.05,"HTTPConnectionPool(host='localhost', port=80): Max retries exceeded with url: /api/cicd/status/40665 (Caused by NewConnectionError(""HTTPConnection(host='localhost', port=80): Failed to establish a new connection: [Errno 111] Connection refused""))"
2026-09-12T23:13:08.408551,1786374210148,GET,http://localhost/api/cicd/status/40665,0,7.66,"HTTPConnectionPool(host='localhost', port=80): Max retries exceeded with url: /api/cicd/status/40665 (Caused by NewConnectionError(""HTTPConnection(host='localhost', port=80): Failed to establish a new connection: [Errno 111] Connection refused""))"
2026-09-12T23:13:08.408881,1786374210148,GET,http://localhost/api/cicd/status/40665,0,14.95,"HTTPConnectionPool(host='localhost', port=80): Max retries exceeded with url: /api/cicd/status/40665 (Caused by NewConnectionError(""HTTPConnection(host='localhost', port=80): Failed to establish a new connection: [Errno 111] Connection refused""))"
2026-09-12T23:13:08.409169,1786374210148,GET,http://localhost/api/cicd/status/40665,0,12.99,"HTTPConnectionPool(host='localhost', port=80): Max retries exceeded with url: /api/cicd/status/40665 (Caused by NewConnectionError(""HTTPConnection(host='localhost', port=80): Failed to establish a new connection: [Errno 111] Connection refused""))"
2026-09-12T23:13:08.472388,1786374210148,GET,http://localhost/api/cicd/status/40665,0,1.74,"HTTPConnectionPool(host='localhost', port=80): Max retries exceeded with url: /api/cicd/status/40665 (Caused by NewConnectionError(""HTTPConnection(host='localhost', port=80): Failed to establish a new connection: [Errno 111] Connection refused""))"
2026-09-12T23:13:08.518552,1786374210148,GET,http://localhost/api/cicd/status/40665,0,12.47,"HTTPConnectionPool(host='localhost', port=80): Max retries exceeded with url: /api/cicd/status/40665 (Caused by NewConnectionError(""HTTPConnection(host='localhost', port=80): Failed to establish a new connection: [Errno 111] Connection refused""))"
2026-09-12T23:13:08.518994,1786373852673,POST,http://localhost/api/cicd/execute,0,10.73,"HTTPConnectionPool(host='localhost', port=80): Max retries exceeded with url: /api/cicd/execute (Caused by NewConnectionError(""HTTPConnection(host='localhost', port=80): Failed to establish a new connection: [Errno 111] Connection refused""))"
2026-09-12T23:13:08.519707,1786374210148,GET,http://localhost/api/cicd/status/40665,0,10.11,"HTTPConnectionPool(host='localhost', port=80): Max retries exceeded with url: /api/cicd/status/40665 (Caused by NewConnectionError(""HTTPConnection(host='localhost', port=80): Failed to establish a new connection: [Errno 111] Connection refused""))"
2026-09-12T23:13:08.519954,1786373852673,POST,http://localhost/api/cicd/execute,0,9.17,"HTTPConnectionPool(host='localhost', port=80): Max retries exceeded with url: /api/cicd/execute (Caused by NewConnectionError(""HTTPConnection(host='localhost', port=80): Failed to establish a new connection: [Errno 111] Connection refused""))"
2026-09-12T23:13:08.520281,1786374210148,GET,http://localhost/api/cicd/status/40665,0,13.08,"HTTPConnectionPool(host='localhost', port=80): Max retries exceeded with url: /api/cicd/status/40665 (Caused by NewConnectionError(""HTTPConnection(host='localhost', port=80): Failed to establish a new connection: [Errno 111] Connection refused""))"
2026-09-12T23:13:08.520764,1786373852673,POST,http://localhost/api/cicd/execute,0,5.06,"HTTPConnectionPool(host='localhost', port=80): Max retries exceeded with url: /api/cicd/execute (Caused by NewConnectionError(""HTTPConnection(host='localhost', port=80): Failed to establish a new connection: [Errno 111] Connection refused""))"
2026-09-12T23:13:08.521047,1786373852673,POST,http://localhost/api/cicd/execute,0,9.08,"HTTPConnectionPool(host='localhost', port=80): Max retries exceeded with url: /api/cicd/execute (Caused by NewConnectionError(""HTTPConnection(host='localhost', port=80): Failed to establish a new connection: [Errno 111] Connection refused""))"
2026-09-12T23:13:08.521384,1786373852673,POST,http://localhost/api/cicd/execute,0,8.16,"HTTPConnectionPool(host='localhost', port=80): Max retries exceeded with url: /api/cicd/execute (Caused by NewConnectionError(""HTTPConnection(host='localhost', port=80): Failed to establish a new connection: [Errno 111] Connection refused""))"
2026-09-12T23:13:08.521586,1786373852673,POST,http://localhost/api/cicd/execute,0,7.25,"HTTPConnectionPool(host='localhost', port=80): Max retries exceeded with url: /api/cicd/execute (Caused by NewConnectionError(""HTTPConnection(host='localhost', port=80): Failed to establish a new connection: [Errno 111] Connection refused""))"
2026-09-12T23:13:08.574201,1786373852673,POST,http://localhost/api/cicd/execute,0,1.64,"HTTPConnectionPool(host='localhost', port=80): Max retries exceeded with url: /api/cicd/execute (Caused by NewConnectionError(""HTTPConnection(host='localhost', port=80): Failed to establish a new connection: [Errno 111] Connection refused""))"
2026-09-12T23:13:08.630657,1786374210148,GET,http://localhost/api/cicd/status/40665,0,4.84,"HTTPConnectionPool(host='localhost', port=80): Max retries exceeded with url: /api/cicd/status/40665 (Caused by NewConnectionError(""HTTPConnection(host='localhost', port=80): Failed to establish a new connection: [Errno 111] Connection refused""))"
2026-09-12T23:13:08.631106,1786374210148,GET,http://localhost/api/cicd/status/40665,0,8.58,"HTTPConnectionPool(host='localhost', port=80): Max retries exceeded with url: /api/cicd/status/40665 (Caused by NewConnectionError(""HTTPConnection(host='localhost', port=80): Failed to establish a new connection: [Errno 111] Connection refused""))"
2026-09-12T23:13:08.631410,1786373852673,POST,http://localhost/api/cicd/execute,0,12.68,"HTTPConnectionPool(host='localhost', port=80): Max retries exceeded with url: /api/cicd/execute (Caused by NewConnectionError(""HTTPConnection(host='localhost', port=80): Failed to establish a new connection: [Errno 111] Connection refused""))"
2026-09-12T23:13:08.632176,1786373852673,POST,http://localhost/api/cicd/execute,0,3.99,"HTTPConnectionPool(host='localhost', port=80): Max retries exceeded with url: /api/cicd/execute (Caused by NewConnectionError(""HTTPConnection(host='localhost', port=80): Failed to establish a new connection: [Errno 111] Connection refused""))"
2026-09-12T23:13:08.632473,1786374210148,GET,http://localhost/api/cicd/status/40665,0,7.83,"HTTPConnectionPool(host='localhost', port=80): Max retries exceeded with url: /api/cicd/status/40665 (Caused by NewConnectionError(""HTTPConnection(host='localhost', port=80): Failed to establish a new connection: [Errno 111] Connection refused""))"
2026-09-12T23:13:08.632803,1786374210148,GET,http://localhost/api/cicd/status/40665,0,9.2,"HTTPConnectionPool(host='localhost', port=80): Max retries exceeded with url: /api/cicd/status/40665 (Caused by NewConnectionError(""HTTPConnection(host='localhost', port=80): Failed to establish a new connection: [Errno 111] Connection refused""))"
2026-09-12T23:13:08.633128,1786374210148,GET,http://localhost/api/cicd/status/40665,0,6.25,"HTTPConnectionPool(host='localhost', port=80): Max retries exceeded with url: /api/cicd/status/40665 (Caused by NewConnectionError(""HTTPConnection(host='localhost', port=80): Failed to establish a new connection: [Errno 111] Connection refused""))"
2026-09-12T23:13:08.633449,1786374210148,GET,http://localhost/api/cicd/status/40665,0,13.62,"HTTPConnectionPool(host='localhost', port=80): Max retries exceeded with url: /api/cicd/status/40665 (Caused by NewConnectionError(""HTTPConnection(host='localhost', port=80): Failed to establish a new connection: [Errno 111] Connection refused""))"
2026-09-12T23:13:08.634092,1786373852673,POST,http://localhost/api/cicd/execute,0,12.65,"HTTPConnectionPool(host='localhost', port=80): Max retries exceeded with url: /api/cicd/execute (Caused by NewConnectionError(""HTTPConnection(host='localhost', port=80): Failed to establish a new connection: [Errno 111] Connection refused""))"
2026-09-12T23:13:08.675955,1786374210148,GET,http://localhost/api/cicd/status/40665,0,1.58,"HTTPConnectionPool(host='localhost', port=80): Max retries exceeded with url: /api/cicd/status/40665 (Caused by NewConnectionError(""HTTPConnection(host='localhost', port=80): Failed to establish a new connection: [Errno 111] Connection refused""))"
2026-09-12T23:13:08.740358,1786373852673,POST,http://localhost/api/cicd/execute,0,9.54,"HTTPConnectionPool(host='localhost', port=80): Max retries exceeded with url: /api/cicd/execute (Caused by NewConnectionError(""HTTPConnection(host='localhost', port=80): Failed to establish a new connection: [Errno 111] Connection refused""))"
2026-09-12T23:13:08.741170,1786373852673,POST,http://localhost/api/cicd/execute,0,9.44,"HTTPConnectionPool(host='localhost', port=80): Max retries exceeded with url: /api/cicd/execute (Caused by NewConnectionError(""HTTPConnection(host='localhost', port=80): Failed to establish a new connection: [Errno 111] Connection refused""))"
2026-09-12T23:13:08.741494,1786373852673,POST,http://localhost/api/cicd/execute,0,5.04,"HTTPConnectionPool(host='localhost', port=80): Max retries exceeded with url: /api/cicd/execute (Caused by NewConnectionError(""HTTPConnection(host='localhost', port=80): Failed to establish a new connection: [Errno 111] Connection refused""))"
2026-09-12T23:13:08.741700,1786374210148,GET,http://localhost/api/cicd/status/40665,0,9.22,"HTTPConnectionPool(host='localhost', port=80): Max retries exceeded with url: /api/cicd/status/40665 (Caused by NewConnectionError(""HTTPConnection(host='localhost', port=80): Failed to establish a new connection: [Errno 111] Connection refused""))"
2026-09-12T23:13:08.742272,1786373852673,POST,http://localhost/api/cicd/execute,0,7.75,"HTTPConnectionPool(host='localhost', port=80): Max retries exceeded with url: /api/cicd/execute (Caused by NewConnectionError(""HTTPConnection(host='localhost', port=80): Failed to establish a new connection: [Errno 111] Connection refused""))"
2026-09-12T23:13:08.742438,1786374210148,GET,http://localhost/api/cicd/status/40665,0,8.85,"HTTPConnectionPool(host='localhost', port=80): Max retries exceeded with url: /api/cicd/status/40665 (Caused by NewConnectionError(""HTTPConnection(host='localhost', port=80): Failed to establish a new connection: [Errno 111] Connection refused""))"
2026-09-12T23:13:08.742619,1786373852673,POST,http://localhost/api/cicd/execute,0,5.07,"HTTPConnectionPool(host='localhost', port=80): Max retries exceeded with url: /api/cicd/execute (Caused by NewConnectionError(""HTTPConnection(host='localhost', port=80): Failed to establish a new connection: [Errno 111] Connection refused""))"
2026-09-12T23:13:08.742996,1786374210148,GET,http://localhost/api/cicd/status/40665,0,3.98,"HTTPConnectionPool(host='localhost', port=80): Max retries exceeded with url: /api/cicd/status/40665 (Caused by NewConnectionError(""HTTPConnection(host='localhost', port=80): Failed to establish a new connection: [Errno 111] Connection refused""))"
2026-09-12T23:13:08.743349,1786373852673,POST,http://localhost/api/cicd/execute,0,8.1,"HTTPConnectionPool(host='localhost', port=80): Max retries exceeded with url: /api/cicd/execute (Caused by NewConnectionError(""HTTPConnection(host='localhost', port=80): Failed to establish a new connection: [Errno 111] Connection refused""))"
2026-09-12T23:13:08.777117,1786373852673,POST,http://localhost/api/cicd/execute,0,1.01,"HTTPConnectionPool(host='localhost', port=80): Max retries exceeded with url: /api/cicd/execute (Caused by NewConnectionError(""HTTPConnection(host='localhost', port=80): Failed to establish a new connection: [Errno 111] Connection refused""))"
2026-09-12T23:13:08.851028,1786374210148,GET,http://localhost/api/cicd/status/40665,0,2.78,"HTTPConnectionPool(host='localhost', port=80): Max retries exceeded with url: /api/cicd/status/40665 (Caused by NewConnectionError(""HTTPConnection(host='localhost', port=80): Failed to establish a new connection: [Errno 111] Connection refused""))"
2026-09-12T23:13:08.851409,1786374210148,GET,http://localhost/api/cicd/status/40665,0,9.9,"HTTPConnectionPool(host='localhost', port=80): Max retries exceeded with url: /api/cicd/status/40665 (Caused by NewConnectionError(""HTTPConnection(host='localhost', port=80): Failed to establish a new connection: [Errno 111] Connection refused""))"
2026-09-12T23:13:08.852173,1786374210148,GET,http://localhost/api/cicd/status/40665,0,9.88,"HTTPConnectionPool(host='localhost', port=80): Max retries exceeded with url: /api/cicd/status/40665 (Caused by NewConnectionError(""HTTPConnection(host='localhost', port=80): Failed to establish a new connection: [Errno 111] Connection refused""))"
2026-09-12T23:13:08.852534,1786374210148,GET,http://localhost/api/cicd/status/40665,0,12.01,"HTTPConnectionPool(host='localhost', port=80): Max retries exceeded with url: /api/cicd/status/40665 (Caused by NewConnectionError(""HTTPConnection(host='localhost', port=80): Failed to establish a new connection: [Errno 111] Connection refused""))"
2026-09-12T23:13:08.852850,1786373852673,POST,http://localhost/api/cicd/execute,0,5.72,"HTTPConnectionPool(host='localhost', port=80): Max retries exceeded with url: /api/cicd/execute (Caused by NewConnectionError(""HTTPConnection(host='localhost', port=80): Failed to establish a new connection: [Errno 111] Connection refused""))"
2026-09-12T23:13:08.853376,1786373852673,POST,http://localhost/api/cicd/execute,0,8.31,"HTTPConnectionPool(host='localhost', port=80): Max retries exceeded with url: /api/cicd/execute (Caused by NewConnectionError(""HTTPConnection(host='localhost', port=80): Failed to establish a new connection: [Errno 111] Connection refused""))"
2026-09-12T23:13:08.853814,1786374210148,GET,http://localhost/api/cicd/status/40665,0,7.75,"HTTPConnectionPool(host='localhost', port=80): Max retries exceeded with url: /api/cicd/status/40665 (Caused by NewConnectionError(""HTTPConnection(host='localhost', port=80): Failed to establish a new connection: [Errno 111] Connection refused""))"
2026-09-12T23:13:08.854107,1786374210148,GET,http://localhost/api/cicd/status/40665,0,4.48,"HTTPConnectionPool(host='localhost', port=80): Max retries exceeded with url: /api/cicd/status/40665 (Caused by NewConnectionError(""HTTPConnection(host='localhost', port=80): Failed to establish a new connection: [Errno 111] Connection refused""))"
2026-09-12T23:13:08.854340,1786373852673,POST,http://localhost/api/cicd/execute,0,10.88,"HTTPConnectionPool(host='localhost', port=80): Max retries exceeded with url: /api/cicd/execute (Caused by NewConnectionError(""HTTPConnection(host='localhost', port=80): Failed to establish a new connection: [Errno 111] Connection refused""))"
2026-09-12T23:13:08.878877,1786374210148,GET,http://localhost/api/cicd/status/40665,0,1.6,"HTTPConnectionPool(host='localhost', port=80): Max retries exceeded with url: /api/cicd/status/40665 (Caused by NewConnectionError(""HTTPConnection(host='localhost', port=80): Failed to establish a new connection: [Errno 111] Connection refused""))"
2026-09-12T23:13:08.961717,1786373852673,POST,http://localhost/api/cicd/execute,0,9.4,"HTTPConnectionPool(host='localhost', port=80): Max retries exceeded with url: /api/cicd/execute (Caused by NewConnectionError(""HTTPConnection(host='localhost', port=80): Failed to establish a new connection: [Errno 111] Connection refused""))"
2026-09-12T23:13:08.965086,1786373852673,POST,http://localhost/api/cicd/execute,0,8.54,"HTTPConnectionPool(host='localhost', port=80): Max retries exceeded with url: /api/cicd/execute (Caused by NewConnectionError(""HTTPConnection(host='localhost', port=80): Failed to establish a new connection: [Errno 111] Connection refused""))"
2026-09-12T23:13:08.965462,1786374210148,GET,http://localhost/api/cicd/status/40665,0,5.27,"HTTPConnectionPool(host='localhost', port=80): Max retries exceeded with url: /api/cicd/status/40665 (Caused by NewConnectionError(""HTTPConnection(host='localhost', port=80): Failed to establish a new connection: [Errno 111] Connection refused""))"
2026-09-12T23:13:08.965779,1786373852673,POST,http://localhost/api/cicd/execute,0,12.28,"HTTPConnectionPool(host='localhost', port=80): Max retries exceeded with url: /api/cicd/execute (Caused by NewConnectionError(""HTTPConnection(host='localhost', port=80): Failed to establish a new connection: [Errno 111] Connection refused""))"
2026-09-12T23:13:08.966133,1786373852673,POST,http://localhost/api/cicd/execute,0,10.8,"HTTPConnectionPool(host='localhost', port=80): Max retries exceeded with url: /api/cicd/execute (Caused by NewConnectionError(""HTTPConnection(host='localhost', port=80): Failed to establish a new connection: [Errno 111] Connection refused""))"
2026-09-12T23:13:08.966442,1786373852673,POST,http://localhost/api/cicd/execute,0,15.25,"HTTPConnectionPool(host='localhost', port=80): Max retries exceeded with url: /api/cicd/execute (Caused by NewConnectionError(""HTTPConnection(host='localhost', port=80): Failed to establish a new connection: [Errno 111] Connection refused""))"
2026-09-12T23:13:08.966737,1786373852673,POST,http://localhost/api/cicd/execute,0,4.89,"HTTPConnectionPool(host='localhost', port=80): Max retries exceeded with url: /api/cicd/execute (Caused by NewConnectionError(""HTTPConnection(host='localhost', port=80): Failed to establish a new connection: [Errno 111] Connection refused""))"
2026-09-12T23:13:08.967158,1786374210148,GET,http://localhost/api/cicd/status/40665,0,9.36,"HTTPConnectionPool(host='localhost', port=80): Max retries exceeded with url: /api/cicd/status/40665 (Caused by NewConnectionError(""HTTPConnection(host='localhost', port=80): Failed to establish a new connection: [Errno 111] Connection refused""))"
2026-09-12T23:13:08.967414,1786374210148,GET,http://localhost/api/cicd/status/40665,0,8.39,"HTTPConnectionPool(host='localhost', port=80): Max retries exceeded with url: /api/cicd/status/40665 (Caused by NewConnectionError(""HTTPConnection(host='localhost', port=80): Failed to establish a new connection: [Errno 111] Connection refused""))"
2026-09-12T23:13:08.980725,1786373852673,POST,http://localhost/api/cicd/execute,0,1.67,"HTTPConnectionPool(host='localhost', port=80): Max retries exceeded with url: /api/cicd/execute (Caused by NewConnectionError(""HTTPConnection(host='localhost', port=80): Failed to establish a new connection: [Errno 111] Connection refused""))"
2026-09-12T23:13:09.063527,1786374210148,GET,http://localhost/api/cicd/status/40665,0,1.63,"HTTPConnectionPool(host='localhost', port=80): Max retries exceeded with url: /api/cicd/status/40665 (Caused by NewConnectionError(""HTTPConnection(host='localhost', port=80): Failed to establish a new connection: [Errno 111] Connection refused""))"
2026-09-12T23:13:09.075323,1786374210148,GET,http://localhost/api/cicd/status/40665,0,10.04,"HTTPConnectionPool(host='localhost', port=80): Max retries exceeded with url: /api/cicd/status/40665 (Caused by NewConnectionError(""HTTPConnection(host='localhost', port=80): Failed to establish a new connection: [Errno 111] Connection refused""))"
2026-09-12T23:13:09.076242,1786373852673,POST,http://localhost/api/cicd/execute,0,9.86,"HTTPConnectionPool(host='localhost', port=80): Max retries exceeded with url: /api/cicd/execute (Caused by NewConnectionError(""HTTPConnection(host='localhost', port=80): Failed to establish a new connection: [Errno 111] Connection refused""))"
2026-09-12T23:13:09.076800,1786374210148,GET,http://localhost/api/cicd/status/40665,0,9.28,"HTTPConnectionPool(host='localhost', port=80): Max retries exceeded with url: /api/cicd/status/40665 (Caused by NewConnectionError(""HTTPConnection(host='localhost', port=80): Failed to establish a new connection: [Errno 111] Connection refused""))"
2026-09-12T23:13:09.077097,1786373852673,POST,http://localhost/api/cicd/execute,0,6.19,"HTTPConnectionPool(host='localhost', port=80): Max retries exceeded with url: /api/cicd/execute (Caused by NewConnectionError(""HTTPConnection(host='localhost', port=80): Failed to establish a new connection: [Errno 111] Connection refused""))"
2026-09-12T23:13:09.077532,1786374210148,GET,http://localhost/api/cicd/status/40665,0,5.01,"HTTPConnectionPool(host='localhost', port=80): Max retries exceeded with url: /api/cicd/status/40665 (Caused by NewConnectionError(""HTTPConnection(host='localhost', port=80): Failed to establish a new connection: [Errno 111] Connection refused""))"
2026-09-12T23:13:09.078551,1786374210148,GET,http://localhost/api/cicd/status/40665,0,8.74,"HTTPConnectionPool(host='localhost', port=80): Max retries exceeded with url: /api/cicd/status/40665 (Caused by NewConnectionError(""HTTPConnection(host='localhost', port=80): Failed to establish a new connection: [Errno 111] Connection refused""))"
2026-09-12T23:13:09.079062,1786374210148,GET,http://localhost/api/cicd/status/40665,0,10.44,"HTTPConnectionPool(host='localhost', port=80): Max retries exceeded with url: /api/cicd/status/40665 (Caused by NewConnectionError(""HTTPConnection(host='localhost', port=80): Failed to establish a new connection: [Errno 111] Connection refused""))"
2026-09-12T23:13:09.079422,1786373852673,POST,http://localhost/api/cicd/execute,0,5.38,"HTTPConnectionPool(host='localhost', port=80): Max retries exceeded with url: /api/cicd/execute (Caused by NewConnectionError(""HTTPConnection(host='localhost', port=80): Failed to establish a new connection: [Errno 111] Connection refused""))"
2026-09-12T23:13:09.082517,1786374210148,GET,http://localhost/api/cicd/status/40665,0,1.61,"HTTPConnectionPool(host='localhost', port=80): Max retries exceeded with url: /api/cicd/status/40665 (Caused by NewConnectionError(""HTTPConnection(host='localhost', port=80): Failed to establish a new connection: [Errno 111] Connection refused""))"
2026-09-12T23:13:09.165356,1786373852673,POST,http://localhost/api/cicd/execute,0,1.65,"HTTPConnectionPool(host='localhost', port=80): Max retries exceeded with url: /api/cicd/execute (Caused by NewConnectionError(""HTTPConnection(host='localhost', port=80): Failed to establish a new connection: [Errno 111] Connection refused""))"
2026-09-12T23:13:09.187412,1786373852673,POST,http://localhost/api/cicd/execute,0,11.91,"HTTPConnectionPool(host='localhost', port=80): Max retries exceeded with url: /api/cicd/execute (Caused by NewConnectionError(""HTTPConnection(host='localhost', port=80): Failed to establish a new connection: [Errno 111] Connection refused""))"
2026-09-12T23:13:09.188257,1786373852673,POST,http://localhost/api/cicd/execute,0,10.38,"HTTPConnectionPool(host='localhost', port=80): Max retries exceeded with url: /api/cicd/execute (Caused by NewConnectionError(""HTTPConnection(host='localhost', port=80): Failed to establish a new connection: [Errno 111] Connection refused""))"
2026-09-12T23:13:09.188765,1786373852673,POST,http://localhost/api/cicd/execute,0,6.09,"HTTPConnectionPool(host='localhost', port=80): Max retries exceeded with url: /api/cicd/execute (Caused by NewConnectionError(""HTTPConnection(host='localhost', port=80): Failed to establish a new connection: [Errno 111] Connection refused""))"
2026-09-12T23:13:09.189229,1786374210148,GET,http://localhost/api/cicd/status/40665,0,5.16,"HTTPConnectionPool(host='localhost', port=80): Max retries exceeded with url: /api/cicd/status/40665 (Caused by NewConnectionError(""HTTPConnection(host='localhost', port=80): Failed to establish a new connection: [Errno 111] Connection refused""))"
2026-09-12T23:13:09.189707,1786374210148,GET,http://localhost/api/cicd/status/40665,0,13.13,"HTTPConnectionPool(host='localhost', port=80): Max retries exceeded with url: /api/cicd/status/40665 (Caused by NewConnectionError(""HTTPConnection(host='localhost', port=80): Failed to establish a new connection: [Errno 111] Connection refused""))"
2026-09-12T23:13:09.190133,1786373852673,POST,http://localhost/api/cicd/execute,0,8.66,"HTTPConnectionPool(host='localhost', port=80): Max retries exceeded with url: /api/cicd/execute (Caused by NewConnectionError(""HTTPConnection(host='localhost', port=80): Failed to establish a new connection: [Errno 111] Connection refused""))"
2026-09-12T23:13:09.190423,1786373852673,POST,http://localhost/api/cicd/execute,0,11.42,"HTTPConnectionPool(host='localhost', port=80): Max retries exceeded with url: /api/cicd/execute (Caused by NewConnectionError(""HTTPConnection(host='localhost', port=80): Failed to establish a new connection: [Errno 111] Connection refused""))"
2026-09-12T23:13:09.190703,1786374210148,GET,http://localhost/api/cicd/status/40665,0,10.57,"HTTPConnectionPool(host='localhost', port=80): Max retries exceeded with url: /api/cicd/status/40665 (Caused by NewConnectionError(""HTTPConnection(host='localhost', port=80): Failed to establish a new connection: [Errno 111] Connection refused""))"
2026-09-12T23:13:09.191175,1786373852673,POST,http://localhost/api/cicd/execute,0,5.55,"HTTPConnectionPool(host='localhost', port=80): Max retries exceeded with url: /api/cicd/execute (Caused by NewConnectionError(""HTTPConnection(host='localhost', port=80): Failed to establish a new connection: [Errno 111] Connection refused""))"
2026-09-12T23:13:09.267619,1786374210148,GET,http://localhost/api/cicd/status/40665,0,2.08,"HTTPConnectionPool(host='localhost', port=80): Max retries exceeded with url: /api/cicd/status/40665 (Caused by NewConnectionError(""HTTPConnection(host='localhost', port=80): Failed to establish a new connection: [Errno 111] Connection refused""))"
2026-09-12T23:13:09.299412,1786374210148,GET,http://localhost/api/cicd/status/40665,0,10.76,"HTTPConnectionPool(host='localhost', port=80): Max retries exceeded with url: /api/cicd/status/40665 (Caused by NewConnectionError(""HTTPConnection(host='localhost', port=80): Failed to establish a new connection: [Errno 111] Connection refused""))"
2026-09-12T23:13:09.300563,1786374210148,GET,http://localhost/api/cicd/status/40665,0,7.2,"HTTPConnectionPool(host='localhost', port=80): Max retries exceeded with url: /api/cicd/status/40665 (Caused by NewConnectionError(""HTTPConnection(host='localhost', port=80): Failed to establish a new connection: [Errno 111] Connection refused""))"
2026-09-12T23:13:09.300966,1786374210148,GET,http://localhost/api/cicd/status/40665,0,11.09,"HTTPConnectionPool(host='localhost', port=80): Max retries exceeded with url: /api/cicd/status/40665 (Caused by NewConnectionError(""HTTPConnection(host='localhost', port=80): Failed to establish a new connection: [Errno 111] Connection refused""))"
2026-09-12T23:13:09.301387,1786373852673,POST,http://localhost/api/cicd/execute,0,6.92,"HTTPConnectionPool(host='localhost', port=80): Max retries exceeded with url: /api/cicd/execute (Caused by NewConnectionError(""HTTPConnection(host='localhost', port=80): Failed to establish a new connection: [Errno 111] Connection refused""))"
2026-09-12T23:13:09.301794,1786374210148,GET,http://localhost/api/cicd/status/40665,0,6.09,"HTTPConnectionPool(host='localhost', port=80): Max retries exceeded with url: /api/cicd/status/40665 (Caused by NewConnectionError(""HTTPConnection(host='localhost', port=80): Failed to establish a new connection: [Errno 111] Connection refused""))"
2026-09-12T23:13:09.302064,1786374210148,GET,http://localhost/api/cicd/status/40665,0,14.47,"HTTPConnectionPool(host='localhost', port=80): Max retries exceeded with url: /api/cicd/status/40665 (Caused by NewConnectionError(""HTTPConnection(host='localhost', port=80): Failed to establish a new connection: [Errno 111] Connection refused""))"
2026-09-12T23:13:09.302360,1786374210148,GET,http://localhost/api/cicd/status/40665,0,4.65,"HTTPConnectionPool(host='localhost', port=80): Max retries exceeded with url: /api/cicd/status/40665 (Caused by NewConnectionError(""HTTPConnection(host='localhost', port=80): Failed to establish a new connection: [Errno 111] Connection refused""))"
2026-09-12T23:13:09.302636,1786373852673,POST,http://localhost/api/cicd/execute,0,11.68,"HTTPConnectionPool(host='localhost', port=80): Max retries exceeded with url: /api/cicd/execute (Caused by NewConnectionError(""HTTPConnection(host='localhost', port=80): Failed to establish a new connection: [Errno 111] Connection refused""))"
2026-09-12T23:13:09.302838,1786373852673,POST,http://localhost/api/cicd/execute,0,10.62,"HTTPConnectionPool(host='localhost', port=80): Max retries exceeded with url: /api/cicd/execute (Caused by NewConnectionError(""HTTPConnection(host='localhost', port=80): Failed to establish a new connection: [Errno 111] Connection refused""))"
2026-09-12T23:13:09.369201,1786373852673,POST,http://localhost/api/cicd/execute,0,1.42,"HTTPConnectionPool(host='localhost', port=80): Max retries exceeded with url: /api/cicd/execute (Caused by NewConnectionError(""HTTPConnection(host='localhost', port=80): Failed to establish a new connection: [Errno 111] Connection refused""))"
2026-09-12T23:13:09.414695,1786373852673,POST,http://localhost/api/cicd/execute,0,13.95,"HTTPConnectionPool(host='localhost', port=80): Max retries exceeded with url: /api/cicd/execute (Caused by NewConnectionError(""HTTPConnection(host='localhost', port=80): Failed to establish a new connection: [Errno 111] Connection refused""))"
2026-09-12T23:13:09.415448,1786373852673,POST,http://localhost/api/cicd/execute,0,15.85,"HTTPConnectionPool(host='localhost', port=80): Max retries exceeded with url: /api/cicd/execute (Caused by NewConnectionError(""HTTPConnection(host='localhost', port=80): Failed to establish a new connection: [Errno 111] Connection refused""))"
2026-09-12T23:13:09.416121,1786373852673,POST,http://localhost/api/cicd/execute,0,10.83,"HTTPConnectionPool(host='localhost', port=80): Max retries exceeded with url: /api/cicd/execute (Caused by NewConnectionError(""HTTPConnection(host='localhost', port=80): Failed to establish a new connection: [Errno 111] Connection refused""))"
2026-09-12T23:13:09.416415,1786374210148,GET,http://localhost/api/cicd/status/40665,0,12.2,"HTTPConnectionPool(host='localhost', port=80): Max retries exceeded with url: /api/cicd/status/40665 (Caused by NewConnectionError(""HTTPConnection(host='localhost', port=80): Failed to establish a new connection: [Errno 111] Connection refused""))"
2026-09-12T23:13:09.416823,1786373852673,POST,http://localhost/api/cicd/execute,0,14.85,"HTTPConnectionPool(host='localhost', port=80): Max retries exceeded with url: /api/cicd/execute (Caused by NewConnectionError(""HTTPConnection(host='localhost', port=80): Failed to establish a new connection: [Errno 111] Connection refused""))"
2026-09-12T23:13:09.417061,1786373852673,POST,http://localhost/api/cicd/execute,0,14.01,"HTTPConnectionPool(host='localhost', port=80): Max retries exceeded with url: /api/cicd/execute (Caused by NewConnectionError(""HTTPConnection(host='localhost', port=80): Failed to establish a new connection: [Errno 111] Connection refused""))"
2026-09-12T23:13:09.417338,1786374210148,GET,http://localhost/api/cicd/status/40665,0,7.13,"HTTPConnectionPool(host='localhost', port=80): Max retries exceeded with url: /api/cicd/status/40665 (Caused by NewConnectionError(""HTTPConnection(host='localhost', port=80): Failed to establish a new connection: [Errno 111] Connection refused""))"
2026-09-12T23:13:09.417713,1786373852673,POST,http://localhost/api/cicd/execute,0,6.29,"HTTPConnectionPool(host='localhost', port=80): Max retries exceeded with url: /api/cicd/execute (Caused by NewConnectionError(""HTTPConnection(host='localhost', port=80): Failed to establish a new connection: [Errno 111] Connection refused""))"
2026-09-12T23:13:09.417908,1786374210148,GET,http://localhost/api/cicd/status/40665,0,5.15,"HTTPConnectionPool(host='localhost', port=80): Max retries exceeded with url: /api/cicd/status/40665 (Caused by NewConnectionError(""HTTPConnection(host='localhost', port=80): Failed to establish a new connection: [Errno 111] Connection refused""))"
2026-09-12T23:13:09.471085,1786374210148,GET,http://localhost/api/cicd/status/40665,0,1.69,"HTTPConnectionPool(host='localhost', port=80): Max retries exceeded with url: /api/cicd/status/40665 (Caused by NewConnectionError(""HTTPConnection(host='localhost', port=80): Failed to establish a new connection: [Errno 111] Connection refused""))"
2026-09-12T23:13:09.526662,1786374210148,GET,http://localhost/api/cicd/status/40665,0,11.79,"HTTPConnectionPool(host='localhost', port=80): Max retries exceeded with url: /api/cicd/status/40665 (Caused by NewConnectionError(""HTTPConnection(host='localhost', port=80): Failed to establish a new connection: [Errno 111] Connection refused""))"
2026-09-12T23:13:09.527503,1786374210148,GET,http://localhost/api/cicd/status/40665,0,4.42,"HTTPConnectionPool(host='localhost', port=80): Max retries exceeded with url: /api/cicd/status/40665 (Caused by NewConnectionError(""HTTPConnection(host='localhost', port=80): Failed to establish a new connection: [Errno 111] Connection refused""))"
2026-09-12T23:13:09.528654,1786374210148,GET,http://localhost/api/cicd/status/40665,0,12.71,"HTTPConnectionPool(host='localhost', port=80): Max retries exceeded with url: /api/cicd/status/40665 (Caused by NewConnectionError(""HTTPConnection(host='localhost', port=80): Failed to establish a new connection: [Errno 111] Connection refused""))"
2026-09-12T23:13:09.529062,1786374210148,GET,http://localhost/api/cicd/status/40665,0,4.48,"HTTPConnectionPool(host='localhost', port=80): Max retries exceeded with url: /api/cicd/status/40665 (Caused by NewConnectionError(""HTTPConnection(host='localhost', port=80): Failed to establish a new connection: [Errno 111] Connection refused""))"
2026-09-12T23:13:09.529329,1786374210148,GET,http://localhost/api/cicd/status/40665,0,11.08,"HTTPConnectionPool(host='localhost', port=80): Max retries exceeded with url: /api/cicd/status/40665 (Caused by NewConnectionError(""HTTPConnection(host='localhost', port=80): Failed to establish a new connection: [Errno 111] Connection refused""))"
2026-09-12T23:13:09.529681,1786373852673,POST,http://localhost/api/cicd/execute,0,10.33,"HTTPConnectionPool(host='localhost', port=80): Max retries exceeded with url: /api/cicd/execute (Caused by NewConnectionError(""HTTPConnection(host='localhost', port=80): Failed to establish a new connection: [Errno 111] Connection refused""))"
2026-09-12T23:13:09.530319,1786373852673,POST,http://localhost/api/cicd/execute,0,9.56,"HTTPConnectionPool(host='localhost', port=80): Max retries exceeded with url: /api/cicd/execute (Caused by NewConnectionError(""HTTPConnection(host='localhost', port=80): Failed to establish a new connection: [Errno 111] Connection refused""))"
2026-09-12T23:13:09.530682,1786373852673,POST,http://localhost/api/cicd/execute,0,8.71,"HTTPConnectionPool(host='localhost', port=80): Max retries exceeded with url: /api/cicd/execute (Caused by NewConnectionError(""HTTPConnection(host='localhost', port=80): Failed to establish a new connection: [Errno 111] Connection refused""))"
2026-09-12T23:13:09.530890,1786374210148,GET,http://localhost/api/cicd/status/40665,0,13.7,"HTTPConnectionPool(host='localhost', port=80): Max retries exceeded with url: /api/cicd/status/40665 (Caused by NewConnectionError(""HTTPConnection(host='localhost', port=80): Failed to establish a new connection: [Errno 111] Connection refused""))"
2026-09-12T23:13:09.572856,1786373852673,POST,http://localhost/api/cicd/execute,0,1.59,"HTTPConnectionPool(host='localhost', port=80): Max retries exceeded with url: /api/cicd/execute (Caused by NewConnectionError(""HTTPConnection(host='localhost', port=80): Failed to establish a new connection: [Errno 111] Connection refused""))"
2026-09-12T23:13:09.638613,1786373852673,POST,http://localhost/api/cicd/execute,0,10.74,"HTTPConnectionPool(host='localhost', port=80): Max retries exceeded with url: /api/cicd/execute (Caused by NewConnectionError(""HTTPConnection(host='localhost', port=80): Failed to establish a new connection: [Errno 111] Connection refused""))"
2026-09-12T23:13:09.638945,1786373852673,POST,http://localhost/api/cicd/execute,0,12.11,"HTTPConnectionPool(host='localhost', port=80): Max retries exceeded with url: /api/cicd/execute (Caused by NewConnectionError(""HTTPConnection(host='localhost', port=80): Failed to establish a new connection: [Errno 111] Connection refused""))"
2026-09-12T23:13:09.639452,1786373852673,POST,http://localhost/api/cicd/execute,0,6.84,"HTTPConnectionPool(host='localhost', port=80): Max retries exceeded with url: /api/cicd/execute (Caused by NewConnectionError(""HTTPConnection(host='localhost', port=80): Failed to establish a new connection: [Errno 111] Connection refused""))"
2026-09-12T23:13:09.639844,1786374210148,GET,http://localhost/api/cicd/status/40665,0,9.5,"HTTPConnectionPool(host='localhost', port=80): Max retries exceeded with url: /api/cicd/status/40665 (Caused by NewConnectionError(""HTTPConnection(host='localhost', port=80): Failed to establish a new connection: [Errno 111] Connection refused""))"
2026-09-12T23:13:09.640380,1786374210148,GET,http://localhost/api/cicd/status/40665,0,6.66,"HTTPConnectionPool(host='localhost', port=80): Max retries exceeded with url: /api/cicd/status/40665 (Caused by NewConnectionError(""HTTPConnection(host='localhost', port=80): Failed to establish a new connection: [Errno 111] Connection refused""))"
2026-09-12T23:13:09.640624,1786373852673,POST,http://localhost/api/cicd/execute,0,11.59,"HTTPConnectionPool(host='localhost', port=80): Max retries exceeded with url: /api/cicd/execute (Caused by NewConnectionError(""HTTPConnection(host='localhost', port=80): Failed to establish a new connection: [Errno 111] Connection refused""))"
2026-09-12T23:13:09.641094,1786373852673,POST,http://localhost/api/cicd/execute,0,9.68,"HTTPConnectionPool(host='localhost', port=80): Max retries exceeded with url: /api/cicd/execute (Caused by NewConnectionError(""HTTPConnection(host='localhost', port=80): Failed to establish a new connection: [Errno 111] Connection refused""))"
2026-09-12T23:13:09.641413,1786373852673,POST,http://localhost/api/cicd/execute,0,6.61,"HTTPConnectionPool(host='localhost', port=80): Max retries exceeded with url: /api/cicd/execute (Caused by NewConnectionError(""HTTPConnection(host='localhost', port=80): Failed to establish a new connection: [Errno 111] Connection refused""))"
2026-09-12T23:13:09.642064,1786374210148,GET,http://localhost/api/cicd/status/40665,0,5.5,"HTTPConnectionPool(host='localhost', port=80): Max retries exceeded with url: /api/cicd/status/40665 (Caused by NewConnectionError(""HTTPConnection(host='localhost', port=80): Failed to establish a new connection: [Errno 111] Connection refused""))"
2026-09-12T23:13:09.674629,1786374210148,GET,http://localhost/api/cicd/status/40665,0,1.59,"HTTPConnectionPool(host='localhost', port=80): Max retries exceeded with url: /api/cicd/status/40665 (Caused by NewConnectionError(""HTTPConnection(host='localhost', port=80): Failed to establish a new connection: [Errno 111] Connection refused""))"
2026-09-12T23:13:09.750185,1786374210148,GET,http://localhost/api/cicd/status/40665,0,11.39,"HTTPConnectionPool(host='localhost', port=80): Max retries exceeded with url: /api/cicd/status/40665 (Caused by NewConnectionError(""HTTPConnection(host='localhost', port=80): Failed to establish a new connection: [Errno 111] Connection refused""))"
2026-09-12T23:13:09.750852,1786374210148,GET,http://localhost/api/cicd/status/40665,0,9.88,"HTTPConnectionPool(host='localhost', port=80): Max retries exceeded with url: /api/cicd/status/40665 (Caused by NewConnectionError(""HTTPConnection(host='localhost', port=80): Failed to establish a new connection: [Errno 111] Connection refused""))"
2026-09-12T23:13:09.751846,1786374210148,GET,http://localhost/api/cicd/status/40665,0,7.35,"HTTPConnectionPool(host='localhost', port=80): Max retries exceeded with url: /api/cicd/status/40665 (Caused by NewConnectionError(""HTTPConnection(host='localhost', port=80): Failed to establish a new connection: [Errno 111] Connection refused""))"
2026-09-12T23:13:09.752245,1786373852673,POST,http://localhost/api/cicd/execute,0,5.07,"HTTPConnectionPool(host='localhost', port=80): Max retries exceeded with url: /api/cicd/execute (Caused by NewConnectionError(""HTTPConnection(host='localhost', port=80): Failed to establish a new connection: [Errno 111] Connection refused""))"
2026-09-12T23:13:09.752565,1786374210148,GET,http://localhost/api/cicd/status/40665,0,12.69,"HTTPConnectionPool(host='localhost', port=80): Max retries exceeded with url: /api/cicd/status/40665 (Caused by NewConnectionError(""HTTPConnection(host='localhost', port=80): Failed to establish a new connection: [Errno 111] Connection refused""))"
2026-09-12T23:13:09.753007,1786373852673,POST,http://localhost/api/cicd/execute,0,4.43,"HTTPConnectionPool(host='localhost', port=80): Max retries exceeded with url: /api/cicd/execute (Caused by NewConnectionError(""HTTPConnection(host='localhost', port=80): Failed to establish a new connection: [Errno 111] Connection refused""))"
2026-09-12T23:13:09.753494,1786374210148,GET,http://localhost/api/cicd/status/40665,0,7.58,"HTTPConnectionPool(host='localhost', port=80): Max retries exceeded with url: /api/cicd/status/40665 (Caused by NewConnectionError(""HTTPConnection(host='localhost', port=80): Failed to establish a new connection: [Errno 111] Connection refused""))"
2026-09-12T23:13:09.753839,1786374210148,GET,http://localhost/api/cicd/status/40665,0,10.43,"HTTPConnectionPool(host='localhost', port=80): Max retries exceeded with url: /api/cicd/status/40665 (Caused by NewConnectionError(""HTTPConnection(host='localhost', port=80): Failed to establish a new connection: [Errno 111] Connection refused""))"
2026-09-12T23:13:09.754123,1786373852673,POST,http://localhost/api/cicd/execute,0,11.94,"HTTPConnectionPool(host='localhost', port=80): Max retries exceeded with url: /api/cicd/execute (Caused by NewConnectionError(""HTTPConnection(host='localhost', port=80): Failed to establish a new connection: [Errno 111] Connection refused""))"
2026-09-12T23:13:09.776458,1786373852673,POST,http://localhost/api/cicd/execute,0,1.65,"HTTPConnectionPool(host='localhost', port=80): Max retries exceeded with url: /api/cicd/execute (Caused by NewConnectionError(""HTTPConnection(host='localhost', port=80): Failed to establish a new connection: [Errno 111] Connection refused""))"
2026-09-12T23:13:09.862528,1786373852673,POST,http://localhost/api/cicd/execute,0,9.85,"HTTPConnectionPool(host='localhost', port=80): Max retries exceeded with url: /api/cicd/execute (Caused by NewConnectionError(""HTTPConnection(host='localhost', port=80): Failed to establish a new connection: [Errno 111] Connection refused""))"
2026-09-12T23:13:09.862955,1786373852673,POST,http://localhost/api/cicd/execute,0,12.59,"HTTPConnectionPool(host='localhost', port=80): Max retries exceeded with url: /api/cicd/execute (Caused by NewConnectionError(""HTTPConnection(host='localhost', port=80): Failed to establish a new connection: [Errno 111] Connection refused""))"
2026-09-12T23:13:09.863327,1786374210148,GET,http://localhost/api/cicd/status/40665,0,4.29,"HTTPConnectionPool(host='localhost', port=80): Max retries exceeded with url: /api/cicd/status/40665 (Caused by NewConnectionError(""HTTPConnection(host='localhost', port=80): Failed to establish a new connection: [Errno 111] Connection refused""))"
2026-09-12T23:13:09.864189,1786374210148,GET,http://localhost/api/cicd/status/40665,0,10.38,"HTTPConnectionPool(host='localhost', port=80): Max retries exceeded with url: /api/cicd/status/40665 (Caused by NewConnectionError(""HTTPConnection(host='localhost', port=80): Failed to establish a new connection: [Errno 111] Connection refused""))"
2026-09-12T23:13:09.864453,1786373852673,POST,http://localhost/api/cicd/execute,0,6.62,"HTTPConnectionPool(host='localhost', port=80): Max retries exceeded with url: /api/cicd/execute (Caused by NewConnectionError(""HTTPConnection(host='localhost', port=80): Failed to establish a new connection: [Errno 111] Connection refused""))"
2026-09-12T23:13:09.864933,1786373852673,POST,http://localhost/api/cicd/execute,0,13.46,"HTTPConnectionPool(host='localhost', port=80): Max retries exceeded with url: /api/cicd/execute (Caused by NewConnectionError(""HTTPConnection(host='localhost', port=80): Failed to establish a new connection: [Errno 111] Connection refused""))"
2026-09-12T23:13:09.865415,1786373852673,POST,http://localhost/api/cicd/execute,0,10.48,"HTTPConnectionPool(host='localhost', port=80): Max retries exceeded with url: /api/cicd/execute (Caused by NewConnectionError(""HTTPConnection(host='localhost', port=80): Failed to establish a new connection: [Errno 111] Connection refused""))"
2026-09-12T23:13:09.865625,1786373852673,POST,http://localhost/api/cicd/execute,0,9.04,"HTTPConnectionPool(host='localhost', port=80): Max retries exceeded with url: /api/cicd/execute (Caused by NewConnectionError(""HTTPConnection(host='localhost', port=80): Failed to establish a new connection: [Errno 111] Connection refused""))"
2026-09-12T23:13:09.866002,1786374210148,GET,http://localhost/api/cicd/status/40665,0,4.82,"HTTPConnectionPool(host='localhost', port=80): Max retries exceeded with url: /api/cicd/status/40665 (Caused by NewConnectionError(""HTTPConnection(host='localhost', port=80): Failed to establish a new connection: [Errno 111] Connection refused""))"
2026-09-12T23:13:09.878281,1786374210148,GET,http://localhost/api/cicd/status/40665,0,1.64,"HTTPConnectionPool(host='localhost', port=80): Max retries exceeded with url: /api/cicd/status/40665 (Caused by NewConnectionError(""HTTPConnection(host='localhost', port=80): Failed to establish a new connection: [Errno 111] Connection refused""))"
2026-09-12T23:13:09.974556,1786374210148,GET,http://localhost/api/cicd/status/40665,0,10.78,"HTTPConnectionPool(host='localhost', port=80): Max retries exceeded with url: /api/cicd/status/40665 (Caused by NewConnectionError(""HTTPConnection(host='localhost', port=80): Failed to establish a new connection: [Errno 111] Connection refused""))"
2026-09-12T23:13:09.975555,1786373852673,POST,http://localhost/api/cicd/execute,0,9.36,"HTTPConnectionPool(host='localhost', port=80): Max retries exceeded with url: /api/cicd/execute (Caused by NewConnectionError(""HTTPConnection(host='localhost', port=80): Failed to establish a new connection: [Errno 111] Connection refused""))"
2026-09-12T23:13:09.975850,1786374210148,GET,http://localhost/api/cicd/status/40665,0,8.54,"HTTPConnectionPool(host='localhost', port=80): Max retries exceeded with url: /api/cicd/status/40665 (Caused by NewConnectionError(""HTTPConnection(host='localhost', port=80): Failed to establish a new connection: [Errno 111] Connection refused""))"
2026-09-12T23:13:09.976170,1786374210148,GET,http://localhost/api/cicd/status/40665,0,4.03,"HTTPConnectionPool(host='localhost', port=80): Max retries exceeded with url: /api/cicd/status/40665 (Caused by NewConnectionError(""HTTPConnection(host='localhost', port=80): Failed to establish a new connection: [Errno 111] Connection refused""))"
2026-09-12T23:13:09.976639,1786374210148,GET,http://localhost/api/cicd/status/40665,0,13.93,"HTTPConnectionPool(host='localhost', port=80): Max retries exceeded with url: /api/cicd/status/40665 (Caused by NewConnectionError(""HTTPConnection(host='localhost', port=80): Failed to establish a new connection: [Errno 111] Connection refused""))"
2026-09-12T23:13:09.976862,1786374210148,GET,http://localhost/api/cicd/status/40665,0,8.47,"HTTPConnectionPool(host='localhost', port=80): Max retries exceeded with url: /api/cicd/status/40665 (Caused by NewConnectionError(""HTTPConnection(host='localhost', port=80): Failed to establish a new connection: [Errno 111] Connection refused""))"
2026-09-12T23:13:09.977487,1786373852673,POST,http://localhost/api/cicd/execute,0,12.58,"HTTPConnectionPool(host='localhost', port=80): Max retries exceeded with url: /api/cicd/execute (Caused by NewConnectionError(""HTTPConnection(host='localhost', port=80): Failed to establish a new connection: [Errno 111] Connection refused""))"
2026-09-12T23:13:09.977848,1786373852673,POST,http://localhost/api/cicd/execute,0,7.11,"HTTPConnectionPool(host='localhost', port=80): Max retries exceeded with url: /api/cicd/execute (Caused by NewConnectionError(""HTTPConnection(host='localhost', port=80): Failed to establish a new connection: [Errno 111] Connection refused""))"
2026-09-12T23:13:09.978055,1786374210148,GET,http://localhost/api/cicd/status/40665,0,8.52,"HTTPConnectionPool(host='localhost', port=80): Max retries exceeded with url: /api/cicd/status/40665 (Caused by NewConnectionError(""HTTPConnection(host='localhost', port=80): Failed to establish a new connection: [Errno 111] Connection refused""))"
2026-09-12T23:13:09.980100,1786373852673,POST,http://localhost/api/cicd/execute,0,1.67,"HTTPConnectionPool(host='localhost', port=80): Max retries exceeded with url: /api/cicd/execute (Caused by NewConnectionError(""HTTPConnection(host='localhost', port=80): Failed to establish a new connection: [Errno 111] Connection refused""))"
2026-09-12T23:13:10.087751,1786374210148,GET,http://localhost/api/cicd/status/40665,0,6.04,"HTTPConnectionPool(host='localhost', port=80): Max retries exceeded with url: /api/cicd/status/40665 (Caused by NewConnectionError(""HTTPConnection(host='localhost', port=80): Failed to establish a new connection: [Errno 111] Connection refused""))"
2026-09-12T23:13:10.088677,1786373852673,POST,http://localhost/api/cicd/execute,0,9.32,"HTTPConnectionPool(host='localhost', port=80): Max retries exceeded with url: /api/cicd/execute (Caused by NewConnectionError(""HTTPConnection(host='localhost', port=80): Failed to establish a new connection: [Errno 111] Connection refused""))"
2026-09-12T23:13:10.089168,1786373852673,POST,http://localhost/api/cicd/execute,0,14.41,"HTTPConnectionPool(host='localhost', port=80): Max retries exceeded with url: /api/cicd/execute (Caused by NewConnectionError(""HTTPConnection(host='localhost', port=80): Failed to establish a new connection: [Errno 111] Connection refused""))"
2026-09-12T23:13:10.089384,1786373852673,POST,http://localhost/api/cicd/execute,0,6.58,"HTTPConnectionPool(host='localhost', port=80): Max retries exceeded with url: /api/cicd/execute (Caused by NewConnectionError(""HTTPConnection(host='localhost', port=80): Failed to establish a new connection: [Errno 111] Connection refused""))"
2026-09-12T23:13:10.089609,1786374210148,GET,http://localhost/api/cicd/status/40665,0,13.74,"HTTPConnectionPool(host='localhost', port=80): Max retries exceeded with url: /api/cicd/status/40665 (Caused by NewConnectionError(""HTTPConnection(host='localhost', port=80): Failed to establish a new connection: [Errno 111] Connection refused""))"
2026-09-12T23:13:10.089909,1786373852673,POST,http://localhost/api/cicd/execute,0,11.68,"HTTPConnectionPool(host='localhost', port=80): Max retries exceeded with url: /api/cicd/execute (Caused by NewConnectionError(""HTTPConnection(host='localhost', port=80): Failed to establish a new connection: [Errno 111] Connection refused""))"
2026-09-12T23:13:10.090956,1786374210148,GET,http://localhost/api/cicd/status/40665,0,5.2,"HTTPConnectionPool(host='localhost', port=80): Max retries exceeded with url: /api/cicd/status/40665 (Caused by NewConnectionError(""HTTPConnection(host='localhost', port=80): Failed to establish a new connection: [Errno 111] Connection refused""))"
2026-09-12T23:13:10.091206,1786374210148,GET,http://localhost/api/cicd/status/40665,0,7.04,"HTTPConnectionPool(host='localhost', port=80): Max retries exceeded with url: /api/cicd/status/40665 (Caused by NewConnectionError(""HTTPConnection(host='localhost', port=80): Failed to establish a new connection: [Errno 111] Connection refused""))"
2026-09-12T23:13:10.091584,1786373852673,POST,http://localhost/api/cicd/execute,0,14.55,"HTTPConnectionPool(host='localhost', port=80): Max retries exceeded with url: /api/cicd/execute (Caused by NewConnectionError(""HTTPConnection(host='localhost', port=80): Failed to establish a new connection: [Errno 111] Connection refused""))"
2026-09-12T23:13:10.091884,1786373852673,POST,http://localhost/api/cicd/execute,0,11.4,"HTTPConnectionPool(host='localhost', port=80): Max retries exceeded with url: /api/cicd/execute (Caused by NewConnectionError(""HTTPConnection(host='localhost', port=80): Failed to establish a new connection: [Errno 111] Connection refused""))"
2026-09-12T23:13:10.201287,1786374210148,GET,http://localhost/api/cicd/status/40665,0,4.1,"HTTPConnectionPool(host='localhost', port=80): Max retries exceeded with url: /api/cicd/status/40665 (Caused by NewConnectionError(""HTTPConnection(host='localhost', port=80): Failed to establish a new connection: [Errno 111] Connection refused""))"
2026-09-12T23:13:10.201900,1786373852673,POST,http://localhost/api/cicd/execute,0,3.67,"HTTPConnectionPool(host='localhost', port=80): Max retries exceeded with url: /api/cicd/execute (Caused by NewConnectionError(""HTTPConnection(host='localhost', port=80): Failed to establish a new connection: [Errno 111] Connection refused""))"
2026-09-12T23:13:10.202263,1786374210148,GET,http://localhost/api/cicd/status/40665,0,11.57,"HTTPConnectionPool(host='localhost', port=80): Max retries exceeded with url: /api/cicd/status/40665 (Caused by NewConnectionError(""HTTPConnection(host='localhost', port=80): Failed to establish a new connection: [Errno 111] Connection refused""))"
2026-09-12T23:13:10.202493,1786374210148,GET,http://localhost/api/cicd/status/40665,0,12.93,"HTTPConnectionPool(host='localhost', port=80): Max retries exceeded with url: /api/cicd/status/40665 (Caused by NewConnectionError(""HTTPConnection(host='localhost', port=80): Failed to establish a new connection: [Errno 111] Connection refused""))"
2026-09-12T23:13:10.202818,1786373852673,POST,http://localhost/api/cicd/execute,0,14.9,"HTTPConnectionPool(host='localhost', port=80): Max retries exceeded with url: /api/cicd/execute (Caused by NewConnectionError(""HTTPConnection(host='localhost', port=80): Failed to establish a new connection: [Errno 111] Connection refused""))"
2026-09-12T23:13:10.203097,1786374210148,GET,http://localhost/api/cicd/status/40665,0,11.33,"HTTPConnectionPool(host='localhost', port=80): Max retries exceeded with url: /api/cicd/status/40665 (Caused by NewConnectionError(""HTTPConnection(host='localhost', port=80): Failed to establish a new connection: [Errno 111] Connection refused""))"
2026-09-12T23:13:10.203911,1786374210148,GET,http://localhost/api/cicd/status/40665,0,7.71,"HTTPConnectionPool(host='localhost', port=80): Max retries exceeded with url: /api/cicd/status/40665 (Caused by NewConnectionError(""HTTPConnection(host='localhost', port=80): Failed to establish a new connection: [Errno 111] Connection refused""))"
2026-09-12T23:13:10.204376,1786373852673,POST,http://localhost/api/cicd/execute,0,9.29,"HTTPConnectionPool(host='localhost', port=80): Max retries exceeded with url: /api/cicd/execute (Caused by NewConnectionError(""HTTPConnection(host='localhost', port=80): Failed to establish a new connection: [Errno 111] Connection refused""))"
2026-09-12T23:13:10.204663,1786374210148,GET,http://localhost/api/cicd/status/40665,0,10.65,"HTTPConnectionPool(host='localhost', port=80): Max retries exceeded with url: /api/cicd/status/40665 (Caused by NewConnectionError(""HTTPConnection(host='localhost', port=80): Failed to establish a new connection: [Errno 111] Connection refused""))"
2026-09-12T23:13:10.204962,1786373852673,POST,http://localhost/api/cicd/execute,0,12.14,"HTTPConnectionPool(host='localhost', port=80): Max retries exceeded with url: /api/cicd/execute (Caused by NewConnectionError(""HTTPConnection(host='localhost', port=80): Failed to establish a new connection: [Errno 111] Connection refused""))"
2026-09-12T23:13:10.316804,1786373852673,POST,http://localhost/api/cicd/execute,0,12.08,"HTTPConnectionPool(host='localhost', port=80): Max retries exceeded with url: /api/cicd/execute (Caused by NewConnectionError(""HTTPConnection(host='localhost', port=80): Failed to establish a new connection: [Errno 111] Connection refused""))"
2026-09-12T23:13:10.317908,1786373852673,POST,http://localhost/api/cicd/execute,0,10.95,"HTTPConnectionPool(host='localhost', port=80): Max retries exceeded with url: /api/cicd/execute (Caused by NewConnectionError(""HTTPConnection(host='localhost', port=80): Failed to establish a new connection: [Errno 111] Connection refused""))"
2026-09-12T23:13:10.318415,1786373852673,POST,http://localhost/api/cicd/execute,0,5.4,"HTTPConnectionPool(host='localhost', port=80): Max retries exceeded with url: /api/cicd/execute (Caused by NewConnectionError(""HTTPConnection(host='localhost', port=80): Failed to establish a new connection: [Errno 111] Connection refused""))"
2026-09-12T23:13:10.318772,1786374210148,GET,http://localhost/api/cicd/status/40665,0,10.76,"HTTPConnectionPool(host='localhost', port=80): Max retries exceeded with url: /api/cicd/status/40665 (Caused by NewConnectionError(""HTTPConnection(host='localhost', port=80): Failed to establish a new connection: [Errno 111] Connection refused""))"
2026-09-12T23:13:10.319106,1786374210148,GET,http://localhost/api/cicd/status/40665,0,15.46,"HTTPConnectionPool(host='localhost', port=80): Max retries exceeded with url: /api/cicd/status/40665 (Caused by NewConnectionError(""HTTPConnection(host='localhost', port=80): Failed to establish a new connection: [Errno 111] Connection refused""))"
2026-09-12T23:13:10.319393,1786373852673,POST,http://localhost/api/cicd/execute,0,8.68,"HTTPConnectionPool(host='localhost', port=80): Max retries exceeded with url: /api/cicd/execute (Caused by NewConnectionError(""HTTPConnection(host='localhost', port=80): Failed to establish a new connection: [Errno 111] Connection refused""))"
2026-09-12T23:13:10.319702,1786374210148,GET,http://localhost/api/cicd/status/40665,0,10.2,"HTTPConnectionPool(host='localhost', port=80): Max retries exceeded with url: /api/cicd/status/40665 (Caused by NewConnectionError(""HTTPConnection(host='localhost', port=80): Failed to establish a new connection: [Errno 111] Connection refused""))"
2026-09-12T23:13:10.319949,1786373852673,POST,http://localhost/api/cicd/execute,0,8.13,"HTTPConnectionPool(host='localhost', port=80): Max retries exceeded with url: /api/cicd/execute (Caused by NewConnectionError(""HTTPConnection(host='localhost', port=80): Failed to establish a new connection: [Errno 111] Connection refused""))"
2026-09-12T23:13:10.320346,1786374210148,GET,http://localhost/api/cicd/status/40665,0,6.01,"HTTPConnectionPool(host='localhost', port=80): Max retries exceeded with url: /api/cicd/status/40665 (Caused by NewConnectionError(""HTTPConnection(host='localhost', port=80): Failed to establish a new connection: [Errno 111] Connection refused""))"
2026-09-12T23:13:10.320590,1786373852673,POST,http://localhost/api/cicd/execute,0,19.08,"HTTPConnectionPool(host='localhost', port=80): Max retries exceeded with url: /api/cicd/execute (Caused by NewConnectionError(""HTTPConnection(host='localhost', port=80): Failed to establish a new connection: [Errno 111] Connection refused""))"
2026-09-12T23:13:10.430610,1786373852673,POST,http://localhost/api/cicd/execute,0,6.75,"HTTPConnectionPool(host='localhost', port=80): Max retries exceeded with url: /api/cicd/execute (Caused by NewConnectionError(""HTTPConnection(host='localhost', port=80): Failed to establish a new connection: [Errno 111] Connection refused""))"
2026-09-12T23:13:10.430841,1786374210148,GET,http://localhost/api/cicd/status/40665,0,13.85,"HTTPConnectionPool(host='localhost', port=80): Max retries exceeded with url: /api/cicd/status/40665 (Caused by NewConnectionError(""HTTPConnection(host='localhost', port=80): Failed to establish a new connection: [Errno 111] Connection refused""))"
2026-09-12T23:13:10.431796,1786373852673,POST,http://localhost/api/cicd/execute,0,6.47,"HTTPConnectionPool(host='localhost', port=80): Max retries exceeded with url: /api/cicd/execute (Caused by NewConnectionError(""HTTPConnection(host='localhost', port=80): Failed to establish a new connection: [Errno 111] Connection refused""))"
2026-09-12T23:13:10.432069,1786374210148,GET,http://localhost/api/cicd/status/40665,0,5.67,"HTTPConnectionPool(host='localhost', port=80): Max retries exceeded with url: /api/cicd/status/40665 (Caused by NewConnectionError(""HTTPConnection(host='localhost', port=80): Failed to establish a new connection: [Errno 111] Connection refused""))"
2026-09-12T23:13:10.432573,1786374210148,GET,http://localhost/api/cicd/status/40665,0,14.48,"HTTPConnectionPool(host='localhost', port=80): Max retries exceeded with url: /api/cicd/status/40665 (Caused by NewConnectionError(""HTTPConnection(host='localhost', port=80): Failed to establish a new connection: [Errno 111] Connection refused""))"
2026-09-12T23:13:10.432940,1786374210148,GET,http://localhost/api/cicd/status/40665,0,4.22,"HTTPConnectionPool(host='localhost', port=80): Max retries exceeded with url: /api/cicd/status/40665 (Caused by NewConnectionError(""HTTPConnection(host='localhost', port=80): Failed to establish a new connection: [Errno 111] Connection refused""))"
2026-09-12T23:13:10.433253,1786373852673,POST,http://localhost/api/cicd/execute,0,11.79,"HTTPConnectionPool(host='localhost', port=80): Max retries exceeded with url: /api/cicd/execute (Caused by NewConnectionError(""HTTPConnection(host='localhost', port=80): Failed to establish a new connection: [Errno 111] Connection refused""))"
2026-09-12T23:13:10.433624,1786374210148,GET,http://localhost/api/cicd/status/40665,0,10.93,"HTTPConnectionPool(host='localhost', port=80): Max retries exceeded with url: /api/cicd/status/40665 (Caused by NewConnectionError(""HTTPConnection(host='localhost', port=80): Failed to establish a new connection: [Errno 111] Connection refused""))"
2026-09-12T23:13:10.433858,1786374210148,GET,http://localhost/api/cicd/status/40665,0,13.45,"HTTPConnectionPool(host='localhost', port=80): Max retries exceeded with url: /api/cicd/status/40665 (Caused by NewConnectionError(""HTTPConnection(host='localhost', port=80): Failed to establish a new connection: [Errno 111] Connection refused""))"
2026-09-12T23:13:10.434202,1786373852673,POST,http://localhost/api/cicd/execute,0,14.91,"HTTPConnectionPool(host='localhost', port=80): Max retries exceeded with url: /api/cicd/execute (Caused by NewConnectionError(""HTTPConnection(host='localhost', port=80): Failed to establish a new connection: [Errno 111] Connection refused""))"
2026-09-12T23:13:10.543432,1786373852673,POST,http://localhost/api/cicd/execute,0,8.25,"HTTPConnectionPool(host='localhost', port=80): Max retries exceeded with url: /api/cicd/execute (Caused by NewConnectionError(""HTTPConnection(host='localhost', port=80): Failed to establish a new connection: [Errno 111] Connection refused""))"
2026-09-12T23:13:10.543969,1786373852673,POST,http://localhost/api/cicd/execute,0,12.13,"HTTPConnectionPool(host='localhost', port=80): Max retries exceeded with url: /api/cicd/execute (Caused by NewConnectionError(""HTTPConnection(host='localhost', port=80): Failed to establish a new connection: [Errno 111] Connection refused""))"
2026-09-12T23:13:10.544195,1786374210148,GET,http://localhost/api/cicd/status/40665,0,13.41,"HTTPConnectionPool(host='localhost', port=80): Max retries exceeded with url: /api/cicd/status/40665 (Caused by NewConnectionError(""HTTPConnection(host='localhost', port=80): Failed to establish a new connection: [Errno 111] Connection refused""))"
2026-09-12T23:13:10.544464,1786374210148,GET,http://localhost/api/cicd/status/40665,0,11.53,"HTTPConnectionPool(host='localhost', port=80): Max retries exceeded with url: /api/cicd/status/40665 (Caused by NewConnectionError(""HTTPConnection(host='localhost', port=80): Failed to establish a new connection: [Errno 111] Connection refused""))"
2026-09-12T23:13:10.545724,1786373852673,POST,http://localhost/api/cicd/execute,0,4.74,"HTTPConnectionPool(host='localhost', port=80): Max retries exceeded with url: /api/cicd/execute (Caused by NewConnectionError(""HTTPConnection(host='localhost', port=80): Failed to establish a new connection: [Errno 111] Connection refused""))"
2026-09-12T23:13:10.546023,1786373852673,POST,http://localhost/api/cicd/execute,0,11.98,"HTTPConnectionPool(host='localhost', port=80): Max retries exceeded with url: /api/cicd/execute (Caused by NewConnectionError(""HTTPConnection(host='localhost', port=80): Failed to establish a new connection: [Errno 111] Connection refused""))"
2026-09-12T23:13:10.546524,1786374210148,GET,http://localhost/api/cicd/status/40665,0,8.9,"HTTPConnectionPool(host='localhost', port=80): Max retries exceeded with url: /api/cicd/status/40665 (Caused by NewConnectionError(""HTTPConnection(host='localhost', port=80): Failed to establish a new connection: [Errno 111] Connection refused""))"
2026-09-12T23:13:10.546743,1786374210148,GET,http://localhost/api/cicd/status/40665,0,8.09,"HTTPConnectionPool(host='localhost', port=80): Max retries exceeded with url: /api/cicd/status/40665 (Caused by NewConnectionError(""HTTPConnection(host='localhost', port=80): Failed to establish a new connection: [Errno 111] Connection refused""))"
2026-09-12T23:13:10.547084,1786373852673,POST,http://localhost/api/cicd/execute,0,7.35,"HTTPConnectionPool(host='localhost', port=80): Max retries exceeded with url: /api/cicd/execute (Caused by NewConnectionError(""HTTPConnection(host='localhost', port=80): Failed to establish a new connection: [Errno 111] Connection refused""))"
2026-09-12T23:13:10.547455,1786373852673,POST,http://localhost/api/cicd/execute,0,11.12,"HTTPConnectionPool(host='localhost', port=80): Max retries exceeded with url: /api/cicd/execute (Caused by NewConnectionError(""HTTPConnection(host='localhost', port=80): Failed to establish a new connection: [Errno 111] Connection refused""))"
2026-09-12T23:13:10.655420,1786374210148,GET,http://localhost/api/cicd/status/40665,0,11.81,"HTTPConnectionPool(host='localhost', port=80): Max retries exceeded with url: /api/cicd/status/40665 (Caused by NewConnectionError(""HTTPConnection(host='localhost', port=80): Failed to establish a new connection: [Errno 111] Connection refused""))"
2026-09-12T23:13:10.656556,1786374210148,GET,http://localhost/api/cicd/status/40665,0,11.88,"HTTPConnectionPool(host='localhost', port=80): Max retries exceeded with url: /api/cicd/status/40665 (Caused by NewConnectionError(""HTTPConnection(host='localhost', port=80): Failed to establish a new connection: [Errno 111] Connection refused""))"
2026-09-12T23:13:10.657508,1786374210148,GET,http://localhost/api/cicd/status/40665,0,3.24,"HTTPConnectionPool(host='localhost', port=80): Max retries exceeded with url: /api/cicd/status/40665 (Caused by NewConnectionError(""HTTPConnection(host='localhost', port=80): Failed to establish a new connection: [Errno 111] Connection refused""))"
2026-09-12T23:13:10.657819,1786373852673,POST,http://localhost/api/cicd/execute,0,11.02,"HTTPConnectionPool(host='localhost', port=80): Max retries exceeded with url: /api/cicd/execute (Caused by NewConnectionError(""HTTPConnection(host='localhost', port=80): Failed to establish a new connection: [Errno 111] Connection refused""))"
2026-09-12T23:13:10.658187,1786373852673,POST,http://localhost/api/cicd/execute,0,5.51,"HTTPConnectionPool(host='localhost', port=80): Max retries exceeded with url: /api/cicd/execute (Caused by NewConnectionError(""HTTPConnection(host='localhost', port=80): Failed to establish a new connection: [Errno 111] Connection refused""))"
2026-09-12T23:13:10.658556,1786374210148,GET,http://localhost/api/cicd/status/40665,0,8.16,"HTTPConnectionPool(host='localhost', port=80): Max retries exceeded with url: /api/cicd/status/40665 (Caused by NewConnectionError(""HTTPConnection(host='localhost', port=80): Failed to establish a new connection: [Errno 111] Connection refused""))"
2026-09-12T23:13:10.658876,1786374210148,GET,http://localhost/api/cicd/status/40665,0,10.78,"HTTPConnectionPool(host='localhost', port=80): Max retries exceeded with url: /api/cicd/status/40665 (Caused by NewConnectionError(""HTTPConnection(host='localhost', port=80): Failed to establish a new connection: [Errno 111] Connection refused""))"
2026-09-12T23:13:10.659186,1786374210148,GET,http://localhost/api/cicd/status/40665,0,7.53,"HTTPConnectionPool(host='localhost', port=80): Max retries exceeded with url: /api/cicd/status/40665 (Caused by NewConnectionError(""HTTPConnection(host='localhost', port=80): Failed to establish a new connection: [Errno 111] Connection refused""))"
2026-09-12T23:13:10.659485,1786373852673,POST,http://localhost/api/cicd/execute,0,13.76,"HTTPConnectionPool(host='localhost', port=80): Max retries exceeded with url: /api/cicd/execute (Caused by NewConnectionError(""HTTPConnection(host='localhost', port=80): Failed to establish a new connection: [Errno 111] Connection refused""))"
2026-09-12T23:13:10.659731,1786373852673,POST,http://localhost/api/cicd/execute,0,10.59,"HTTPConnectionPool(host='localhost', port=80): Max retries exceeded with url: /api/cicd/execute (Caused by NewConnectionError(""HTTPConnection(host='localhost', port=80): Failed to establish a new connection: [Errno 111] Connection refused""))"
2026-09-12T23:13:10.768917,1786373852673,POST,http://localhost/api/cicd/execute,0,11.78,"HTTPConnectionPool(host='localhost', port=80): Max retries exceeded with url: /api/cicd/execute (Caused by NewConnectionError(""HTTPConnection(host='localhost', port=80): Failed to establish a new connection: [Errno 111] Connection refused""))"
2026-09-12T23:13:10.769172,1786373852673,POST,http://localhost/api/cicd/execute,0,10.84,"HTTPConnectionPool(host='localhost', port=80): Max retries exceeded with url: /api/cicd/execute (Caused by NewConnectionError(""HTTPConnection(host='localhost', port=80): Failed to establish a new connection: [Errno 111] Connection refused""))"
2026-09-12T23:13:10.769896,1786373852673,POST,http://localhost/api/cicd/execute,0,14.3,"HTTPConnectionPool(host='localhost', port=80): Max retries exceeded with url: /api/cicd/execute (Caused by NewConnectionError(""HTTPConnection(host='localhost', port=80): Failed to establish a new connection: [Errno 111] Connection refused""))"
2026-09-12T23:13:10.770307,1786374210148,GET,http://localhost/api/cicd/status/40665,0,8.6,"HTTPConnectionPool(host='localhost', port=80): Max retries exceeded with url: /api/cicd/status/40665 (Caused by NewConnectionError(""HTTPConnection(host='localhost', port=80): Failed to establish a new connection: [Errno 111] Connection refused""))"
2026-09-12T23:13:10.770738,1786373852673,POST,http://localhost/api/cicd/execute,0,11.36,"HTTPConnectionPool(host='localhost', port=80): Max retries exceeded with url: /api/cicd/execute (Caused by NewConnectionError(""HTTPConnection(host='localhost', port=80): Failed to establish a new connection: [Errno 111] Connection refused""))"
2026-09-12T23:13:10.771290,1786374210148,GET,http://localhost/api/cicd/status/40665,0,4.4,"HTTPConnectionPool(host='localhost', port=80): Max retries exceeded with url: /api/cicd/status/40665 (Caused by NewConnectionError(""HTTPConnection(host='localhost', port=80): Failed to establish a new connection: [Errno 111] Connection refused""))"
2026-09-12T23:13:10.771646,1786373852673,POST,http://localhost/api/cicd/execute,0,7.52,"HTTPConnectionPool(host='localhost', port=80): Max retries exceeded with url: /api/cicd/execute (Caused by NewConnectionError(""HTTPConnection(host='localhost', port=80): Failed to establish a new connection: [Errno 111] Connection refused""))"
2026-09-12T23:13:10.771916,1786374210148,GET,http://localhost/api/cicd/status/40665,0,8.97,"HTTPConnectionPool(host='localhost', port=80): Max retries exceeded with url: /api/cicd/status/40665 (Caused by NewConnectionError(""HTTPConnection(host='localhost', port=80): Failed to establish a new connection: [Errno 111] Connection refused""))"
2026-09-12T23:13:10.772100,1786374210148,GET,http://localhost/api/cicd/status/40665,0,6.57,"HTTPConnectionPool(host='localhost', port=80): Max retries exceeded with url: /api/cicd/status/40665 (Caused by NewConnectionError(""HTTPConnection(host='localhost', port=80): Failed to establish a new connection: [Errno 111] Connection refused""))"
2026-09-12T23:13:10.772492,1786373852673,POST,http://localhost/api/cicd/execute,0,11.9,"HTTPConnectionPool(host='localhost', port=80): Max retries exceeded with url: /api/cicd/execute (Caused by NewConnectionError(""HTTPConnection(host='localhost', port=80): Failed to establish a new connection: [Errno 111] Connection refused""))"
2026-09-12T23:13:10.882767,1786374210148,GET,http://localhost/api/cicd/status/40665,0,12.57,"HTTPConnectionPool(host='localhost', port=80): Max retries exceeded with url: /api/cicd/status/40665 (Caused by NewConnectionError(""HTTPConnection(host='localhost', port=80): Failed to establish a new connection: [Errno 111] Connection refused""))"
2026-09-12T23:13:10.883109,1786374210148,GET,http://localhost/api/cicd/status/40665,0,11.81,"HTTPConnectionPool(host='localhost', port=80): Max retries exceeded with url: /api/cicd/status/40665 (Caused by NewConnectionError(""HTTPConnection(host='localhost', port=80): Failed to establish a new connection: [Errno 111] Connection refused""))"
2026-09-12T23:13:10.883499,1786374210148,GET,http://localhost/api/cicd/status/40665,0,9.99,"HTTPConnectionPool(host='localhost', port=80): Max retries exceeded with url: /api/cicd/status/40665 (Caused by NewConnectionError(""HTTPConnection(host='localhost', port=80): Failed to establish a new connection: [Errno 111] Connection refused""))"
2026-09-12T23:13:10.884080,1786374210148,GET,http://localhost/api/cicd/status/40665,0,3.49,"HTTPConnectionPool(host='localhost', port=80): Max retries exceeded with url: /api/cicd/status/40665 (Caused by NewConnectionError(""HTTPConnection(host='localhost', port=80): Failed to establish a new connection: [Errno 111] Connection refused""))"
2026-09-12T23:13:10.884321,1786373852673,POST,http://localhost/api/cicd/execute,0,11.93,"HTTPConnectionPool(host='localhost', port=80): Max retries exceeded with url: /api/cicd/execute (Caused by NewConnectionError(""HTTPConnection(host='localhost', port=80): Failed to establish a new connection: [Errno 111] Connection refused""))"
2026-09-12T23:13:10.884901,1786373852673,POST,http://localhost/api/cicd/execute,0,9.11,"HTTPConnectionPool(host='localhost', port=80): Max retries exceeded with url: /api/cicd/execute (Caused by NewConnectionError(""HTTPConnection(host='localhost', port=80): Failed to establish a new connection: [Errno 111] Connection refused""))"
2026-09-12T23:13:10.885233,1786373852673,POST,http://localhost/api/cicd/execute,0,7.81,"HTTPConnectionPool(host='localhost', port=80): Max retries exceeded with url: /api/cicd/execute (Caused by NewConnectionError(""HTTPConnection(host='localhost', port=80): Failed to establish a new connection: [Errno 111] Connection refused""))"
2026-09-12T23:13:10.885436,1786374210148,GET,http://localhost/api/cicd/status/40665,0,16.34,"HTTPConnectionPool(host='localhost', port=80): Max retries exceeded with url: /api/cicd/status/40665 (Caused by NewConnectionError(""HTTPConnection(host='localhost', port=80): Failed to establish a new connection: [Errno 111] Connection refused""))"
2026-09-12T23:13:10.885718,1786373852673,POST,http://localhost/api/cicd/execute,0,11.04,"HTTPConnectionPool(host='localhost', port=80): Max retries exceeded with url: /api/cicd/execute (Caused by NewConnectionError(""HTTPConnection(host='localhost', port=80): Failed to establish a new connection: [Errno 111] Connection refused""))"
2026-09-12T23:13:10.886193,1786374210148,GET,http://localhost/api/cicd/status/40665,0,6.82,"HTTPConnectionPool(host='localhost', port=80): Max retries exceeded with url: /api/cicd/status/40665 (Caused by NewConnectionError(""HTTPConnection(host='localhost', port=80): Failed to establish a new connection: [Errno 111] Connection refused""))"
2026-09-12T23:13:10.995795,1786373852673,POST,http://localhost/api/cicd/execute,0,12.85,"HTTPConnectionPool(host='localhost', port=80): Max retries exceeded with url: /api/cicd/execute (Caused by NewConnectionError(""HTTPConnection(host='localhost', port=80): Failed to establish a new connection: [Errno 111] Connection refused""))"
2026-09-12T23:13:10.996254,1786373852673,POST,http://localhost/api/cicd/execute,0,12.19,"HTTPConnectionPool(host='localhost', port=80): Max retries exceeded with url: /api/cicd/execute (Caused by NewConnectionError(""HTTPConnection(host='localhost', port=80): Failed to establish a new connection: [Errno 111] Connection refused""))"
2026-09-12T23:13:10.997447,1786373852673,POST,http://localhost/api/cicd/execute,0,8.74,"HTTPConnectionPool(host='localhost', port=80): Max retries exceeded with url: /api/cicd/execute (Caused by NewConnectionError(""HTTPConnection(host='localhost', port=80): Failed to establish a new connection: [Errno 111] Connection refused""))"
2026-09-12T23:13:10.997927,1786374210148,GET,http://localhost/api/cicd/status/40665,0,5.56,"HTTPConnectionPool(host='localhost', port=80): Max retries exceeded with url: /api/cicd/status/40665 (Caused by NewConnectionError(""HTTPConnection(host='localhost', port=80): Failed to establish a new connection: [Errno 111] Connection refused""))"
2026-09-12T23:13:10.998508,1786373852673,POST,http://localhost/api/cicd/execute,0,12.12,"HTTPConnectionPool(host='localhost', port=80): Max retries exceeded with url: /api/cicd/execute (Caused by NewConnectionError(""HTTPConnection(host='localhost', port=80): Failed to establish a new connection: [Errno 111] Connection refused""))"
2026-09-12T23:13:10.998781,1786373852673,POST,http://localhost/api/cicd/execute,0,13.58,"HTTPConnectionPool(host='localhost', port=80): Max retries exceeded with url: /api/cicd/execute (Caused by NewConnectionError(""HTTPConnection(host='localhost', port=80): Failed to establish a new connection: [Errno 111] Connection refused""))"
2026-09-12T23:13:10.999376,1786374210148,GET,http://localhost/api/cicd/status/40665,0,5.77,"HTTPConnectionPool(host='localhost', port=80): Max retries exceeded with url: /api/cicd/status/40665 (Caused by NewConnectionError(""HTTPConnection(host='localhost', port=80): Failed to establish a new connection: [Errno 111] Connection refused""))"
2026-09-12T23:13:10.999650,1786374210148,GET,http://localhost/api/cicd/status/40665,0,12.02,"HTTPConnectionPool(host='localhost', port=80): Max retries exceeded with url: /api/cicd/status/40665 (Caused by NewConnectionError(""HTTPConnection(host='localhost', port=80): Failed to establish a new connection: [Errno 111] Connection refused""))"
2026-09-12T23:13:11.000027,1786373852673,POST,http://localhost/api/cicd/execute,0,9.88,"HTTPConnectionPool(host='localhost', port=80): Max retries exceeded with url: /api/cicd/execute (Caused by NewConnectionError(""HTTPConnection(host='localhost', port=80): Failed to establish a new connection: [Errno 111] Connection refused""))"
2026-09-12T23:13:11.000325,1786374210148,GET,http://localhost/api/cicd/status/40665,0,9.04,"HTTPConnectionPool(host='localhost', port=80): Max retries exceeded with url: /api/cicd/status/40665 (Caused by NewConnectionError(""HTTPConnection(host='localhost', port=80): Failed to establish a new connection: [Errno 111] Connection refused""))"
2026-09-12T23:13:11.108849,1786374210148,GET,http://localhost/api/cicd/status/40665,0,8.43,"HTTPConnectionPool(host='localhost', port=80): Max retries exceeded with url: /api/cicd/status/40665 (Caused by NewConnectionError(""HTTPConnection(host='localhost', port=80): Failed to establish a new connection: [Errno 111] Connection refused""))"
2026-09-12T23:13:11.109844,1786373852673,POST,http://localhost/api/cicd/execute,0,8.32,"HTTPConnectionPool(host='localhost', port=80): Max retries exceeded with url: /api/cicd/execute (Caused by NewConnectionError(""HTTPConnection(host='localhost', port=80): Failed to establish a new connection: [Errno 111] Connection refused""))"
2026-09-12T23:13:11.110140,1786373852673,POST,http://localhost/api/cicd/execute,0,12.03,"HTTPConnectionPool(host='localhost', port=80): Max retries exceeded with url: /api/cicd/execute (Caused by NewConnectionError(""HTTPConnection(host='localhost', port=80): Failed to establish a new connection: [Errno 111] Connection refused""))"
2026-09-12T23:13:11.110396,1786373852673,POST,http://localhost/api/cicd/execute,0,3.88,"HTTPConnectionPool(host='localhost', port=80): Max retries exceeded with url: /api/cicd/execute (Caused by NewConnectionError(""HTTPConnection(host='localhost', port=80): Failed to establish a new connection: [Errno 111] Connection refused""))"
2026-09-12T23:13:11.110868,1786374210148,GET,http://localhost/api/cicd/status/40665,0,7.11,"HTTPConnectionPool(host='localhost', port=80): Max retries exceeded with url: /api/cicd/status/40665 (Caused by NewConnectionError(""HTTPConnection(host='localhost', port=80): Failed to establish a new connection: [Errno 111] Connection refused""))"
2026-09-12T23:13:11.111210,1786374210148,GET,http://localhost/api/cicd/status/40665,0,12.0,"HTTPConnectionPool(host='localhost', port=80): Max retries exceeded with url: /api/cicd/status/40665 (Caused by NewConnectionError(""HTTPConnection(host='localhost', port=80): Failed to establish a new connection: [Errno 111] Connection refused""))"
2026-09-12T23:13:11.111577,1786374210148,GET,http://localhost/api/cicd/status/40665,0,6.56,"HTTPConnectionPool(host='localhost', port=80): Max retries exceeded with url: /api/cicd/status/40665 (Caused by NewConnectionError(""HTTPConnection(host='localhost', port=80): Failed to establish a new connection: [Errno 111] Connection refused""))"
2026-09-12T23:13:11.111817,1786374210148,GET,http://localhost/api/cicd/status/40665,0,15.84,"HTTPConnectionPool(host='localhost', port=80): Max retries exceeded with url: /api/cicd/status/40665 (Caused by NewConnectionError(""HTTPConnection(host='localhost', port=80): Failed to establish a new connection: [Errno 111] Connection refused""))"
2026-09-12T23:13:11.115383,1786374210148,GET,http://localhost/api/cicd/status/40665,0,18.34,"HTTPConnectionPool(host='localhost', port=80): Max retries exceeded with url: /api/cicd/status/40665 (Caused by NewConnectionError(""HTTPConnection(host='localhost', port=80): Failed to establish a new connection: [Errno 111] Connection refused""))"
2026-09-12T23:13:11.115726,1786373852673,POST,http://localhost/api/cicd/execute,0,13.1,"HTTPConnectionPool(host='localhost', port=80): Max retries exceeded with url: /api/cicd/execute (Caused by NewConnectionError(""HTTPConnection(host='localhost', port=80): Failed to establish a new connection: [Errno 111] Connection refused""))"
2026-09-12T23:13:11.218479,1786373852673,POST,http://localhost/api/cicd/execute,0,9.47,"HTTPConnectionPool(host='localhost', port=80): Max retries exceeded with url: /api/cicd/execute (Caused by NewConnectionError(""HTTPConnection(host='localhost', port=80): Failed to establish a new connection: [Errno 111] Connection refused""))"
2026-09-12T23:13:11.222135,1786373852673,POST,http://localhost/api/cicd/execute,0,10.95,"HTTPConnectionPool(host='localhost', port=80): Max retries exceeded with url: /api/cicd/execute (Caused by NewConnectionError(""HTTPConnection(host='localhost', port=80): Failed to establish a new connection: [Errno 111] Connection refused""))"
2026-09-12T23:13:11.222718,1786374210148,GET,http://localhost/api/cicd/status/40665,0,12.66,"HTTPConnectionPool(host='localhost', port=80): Max retries exceeded with url: /api/cicd/status/40665 (Caused by NewConnectionError(""HTTPConnection(host='localhost', port=80): Failed to establish a new connection: [Errno 111] Connection refused""))"
2026-09-12T23:13:11.223385,1786373852673,POST,http://localhost/api/cicd/execute,0,11.03,"HTTPConnectionPool(host='localhost', port=80): Max retries exceeded with url: /api/cicd/execute (Caused by NewConnectionError(""HTTPConnection(host='localhost', port=80): Failed to establish a new connection: [Errno 111] Connection refused""))"
2026-09-12T23:13:11.223741,1786374210148,GET,http://localhost/api/cicd/status/40665,0,10.2,"HTTPConnectionPool(host='localhost', port=80): Max retries exceeded with url: /api/cicd/status/40665 (Caused by NewConnectionError(""HTTPConnection(host='localhost', port=80): Failed to establish a new connection: [Errno 111] Connection refused""))"
2026-09-12T23:13:11.224069,1786373852673,POST,http://localhost/api/cicd/execute,0,9.36,"HTTPConnectionPool(host='localhost', port=80): Max retries exceeded with url: /api/cicd/execute (Caused by NewConnectionError(""HTTPConnection(host='localhost', port=80): Failed to establish a new connection: [Errno 111] Connection refused""))"
2026-09-12T23:13:11.224349,1786373852673,POST,http://localhost/api/cicd/execute,0,5.32,"HTTPConnectionPool(host='localhost', port=80): Max retries exceeded with url: /api/cicd/execute (Caused by NewConnectionError(""HTTPConnection(host='localhost', port=80): Failed to establish a new connection: [Errno 111] Connection refused""))"
2026-09-12T23:13:11.224882,1786373852673,POST,http://localhost/api/cicd/execute,0,8.97,"HTTPConnectionPool(host='localhost', port=80): Max retries exceeded with url: /api/cicd/execute (Caused by NewConnectionError(""HTTPConnection(host='localhost', port=80): Failed to establish a new connection: [Errno 111] Connection refused""))"
2026-09-12T23:13:11.225089,1786374210148,GET,http://localhost/api/cicd/status/40665,0,4.56,"HTTPConnectionPool(host='localhost', port=80): Max retries exceeded with url: /api/cicd/status/40665 (Caused by NewConnectionError(""HTTPConnection(host='localhost', port=80): Failed to establish a new connection: [Errno 111] Connection refused""))"
2026-09-12T23:13:11.225462,1786374210148,GET,http://localhost/api/cicd/status/40665,0,8.21,"HTTPConnectionPool(host='localhost', port=80): Max retries exceeded with url: /api/cicd/status/40665 (Caused by NewConnectionError(""HTTPConnection(host='localhost', port=80): Failed to establish a new connection: [Errno 111] Connection refused""))"
2026-09-12T23:13:11.320265,1786374210148,GET,http://localhost/api/cicd/status/40665,0,1.6,"HTTPConnectionPool(host='localhost', port=80): Max retries exceeded with url: /api/cicd/status/40665 (Caused by NewConnectionError(""HTTPConnection(host='localhost', port=80): Failed to establish a new connection: [Errno 111] Connection refused""))"
2026-09-12T23:13:11.334885,1786373852673,POST,http://localhost/api/cicd/execute,0,9.27,"HTTPConnectionPool(host='localhost', port=80): Max retries exceeded with url: /api/cicd/execute (Caused by NewConnectionError(""HTTPConnection(host='localhost', port=80): Failed to establish a new connection: [Errno 111] Connection refused""))"
2026-09-12T23:13:11.335383,1786374210148,GET,http://localhost/api/cicd/status/40665,0,5.65,"HTTPConnectionPool(host='localhost', port=80): Max retries exceeded with url: /api/cicd/status/40665 (Caused by NewConnectionError(""HTTPConnection(host='localhost', port=80): Failed to establish a new connection: [Errno 111] Connection refused""))"
2026-09-12T23:13:11.335783,1786373852673,POST,http://localhost/api/cicd/execute,0,4.96,"HTTPConnectionPool(host='localhost', port=80): Max retries exceeded with url: /api/cicd/execute (Caused by NewConnectionError(""HTTPConnection(host='localhost', port=80): Failed to establish a new connection: [Errno 111] Connection refused""))"
2026-09-12T23:13:11.336179,1786373852673,POST,http://localhost/api/cicd/execute,0,12.75,"HTTPConnectionPool(host='localhost', port=80): Max retries exceeded with url: /api/cicd/execute (Caused by NewConnectionError(""HTTPConnection(host='localhost', port=80): Failed to establish a new connection: [Errno 111] Connection refused""))"
2026-09-12T23:13:11.336474,1786374210148,GET,http://localhost/api/cicd/status/40665,0,11.93,"HTTPConnectionPool(host='localhost', port=80): Max retries exceeded with url: /api/cicd/status/40665 (Caused by NewConnectionError(""HTTPConnection(host='localhost', port=80): Failed to establish a new connection: [Errno 111] Connection refused""))"
2026-09-12T23:13:11.336781,1786374210148,GET,http://localhost/api/cicd/status/40665,0,14.45,"HTTPConnectionPool(host='localhost', port=80): Max retries exceeded with url: /api/cicd/status/40665 (Caused by NewConnectionError(""HTTPConnection(host='localhost', port=80): Failed to establish a new connection: [Errno 111] Connection refused""))"
2026-09-12T23:13:11.337055,1786374210148,GET,http://localhost/api/cicd/status/40665,0,9.85,"HTTPConnectionPool(host='localhost', port=80): Max retries exceeded with url: /api/cicd/status/40665 (Caused by NewConnectionError(""HTTPConnection(host='localhost', port=80): Failed to establish a new connection: [Errno 111] Connection refused""))"
2026-09-12T23:13:11.337396,1786373852673,POST,http://localhost/api/cicd/execute,0,5.38,"HTTPConnectionPool(host='localhost', port=80): Max retries exceeded with url: /api/cicd/execute (Caused by NewConnectionError(""HTTPConnection(host='localhost', port=80): Failed to establish a new connection: [Errno 111] Connection refused""))"
2026-09-12T23:13:11.337597,1786374210148,GET,http://localhost/api/cicd/status/40665,0,9.19,"HTTPConnectionPool(host='localhost', port=80): Max retries exceeded with url: /api/cicd/status/40665 (Caused by NewConnectionError(""HTTPConnection(host='localhost', port=80): Failed to establish a new connection: [Errno 111] Connection refused""))"
2026-09-12T23:13:11.422060,1786373852673,POST,http://localhost/api/cicd/execute,0,1.62,"HTTPConnectionPool(host='localhost', port=80): Max retries exceeded with url: /api/cicd/execute (Caused by NewConnectionError(""HTTPConnection(host='localhost', port=80): Failed to establish a new connection: [Errno 111] Connection refused""))"
2026-09-12T23:13:11.447367,1786373852673,POST,http://localhost/api/cicd/execute,0,4.49,"HTTPConnectionPool(host='localhost', port=80): Max retries exceeded with url: /api/cicd/execute (Caused by NewConnectionError(""HTTPConnection(host='localhost', port=80): Failed to establish a new connection: [Errno 111] Connection refused""))"
2026-09-12T23:13:11.447923,1786374210148,GET,http://localhost/api/cicd/status/40665,0,9.5,"HTTPConnectionPool(host='localhost', port=80): Max retries exceeded with url: /api/cicd/status/40665 (Caused by NewConnectionError(""HTTPConnection(host='localhost', port=80): Failed to establish a new connection: [Errno 111] Connection refused""))"
2026-09-12T23:13:11.448251,1786374210148,GET,http://localhost/api/cicd/status/40665,0,8.81,"HTTPConnectionPool(host='localhost', port=80): Max retries exceeded with url: /api/cicd/status/40665 (Caused by NewConnectionError(""HTTPConnection(host='localhost', port=80): Failed to establish a new connection: [Errno 111] Connection refused""))"
2026-09-12T23:13:11.448827,1786373852673,POST,http://localhost/api/cicd/execute,0,11.59,"HTTPConnectionPool(host='localhost', port=80): Max retries exceeded with url: /api/cicd/execute (Caused by NewConnectionError(""HTTPConnection(host='localhost', port=80): Failed to establish a new connection: [Errno 111] Connection refused""))"
2026-09-12T23:13:11.449112,1786373852673,POST,http://localhost/api/cicd/execute,0,4.75,"HTTPConnectionPool(host='localhost', port=80): Max retries exceeded with url: /api/cicd/execute (Caused by NewConnectionError(""HTTPConnection(host='localhost', port=80): Failed to establish a new connection: [Errno 111] Connection refused""))"
2026-09-12T23:13:11.449505,1786374210148,GET,http://localhost/api/cicd/status/40665,0,14.44,"HTTPConnectionPool(host='localhost', port=80): Max retries exceeded with url: /api/cicd/status/40665 (Caused by NewConnectionError(""HTTPConnection(host='localhost', port=80): Failed to establish a new connection: [Errno 111] Connection refused""))"
2026-09-12T23:13:11.449811,1786374210148,GET,http://localhost/api/cicd/status/40665,0,9.14,"HTTPConnectionPool(host='localhost', port=80): Max retries exceeded with url: /api/cicd/status/40665 (Caused by NewConnectionError(""HTTPConnection(host='localhost', port=80): Failed to establish a new connection: [Errno 111] Connection refused""))"
2026-09-12T23:13:11.450162,1786373852673,POST,http://localhost/api/cicd/execute,0,14.01,"HTTPConnectionPool(host='localhost', port=80): Max retries exceeded with url: /api/cicd/execute (Caused by NewConnectionError(""HTTPConnection(host='localhost', port=80): Failed to establish a new connection: [Errno 111] Connection refused""))"
2026-09-12T23:13:11.450365,1786373852673,POST,http://localhost/api/cicd/execute,0,8.62,"HTTPConnectionPool(host='localhost', port=80): Max retries exceeded with url: /api/cicd/execute (Caused by NewConnectionError(""HTTPConnection(host='localhost', port=80): Failed to establish a new connection: [Errno 111] Connection refused""))"
2026-09-12T23:13:11.523897,1786374210148,GET,http://localhost/api/cicd/status/40665,0,1.65,"HTTPConnectionPool(host='localhost', port=80): Max retries exceeded with url: /api/cicd/status/40665 (Caused by NewConnectionError(""HTTPConnection(host='localhost', port=80): Failed to establish a new connection: [Errno 111] Connection refused""))"
2026-09-12T23:13:11.559107,1786374210148,GET,http://localhost/api/cicd/status/40665,0,11.56,"HTTPConnectionPool(host='localhost', port=80): Max retries exceeded with url: /api/cicd/status/40665 (Caused by NewConnectionError(""HTTPConnection(host='localhost', port=80): Failed to establish a new connection: [Errno 111] Connection refused""))"
2026-09-12T23:13:11.559578,1786373852673,POST,http://localhost/api/cicd/execute,0,7.47,"HTTPConnectionPool(host='localhost', port=80): Max retries exceeded with url: /api/cicd/execute (Caused by NewConnectionError(""HTTPConnection(host='localhost', port=80): Failed to establish a new connection: [Errno 111] Connection refused""))"
2026-09-12T23:13:11.560067,1786373852673,POST,http://localhost/api/cicd/execute,0,6.75,"HTTPConnectionPool(host='localhost', port=80): Max retries exceeded with url: /api/cicd/execute (Caused by NewConnectionError(""HTTPConnection(host='localhost', port=80): Failed to establish a new connection: [Errno 111] Connection refused""))"
2026-09-12T23:13:11.560460,1786374210148,GET,http://localhost/api/cicd/status/40665,0,9.5,"HTTPConnectionPool(host='localhost', port=80): Max retries exceeded with url: /api/cicd/status/40665 (Caused by NewConnectionError(""HTTPConnection(host='localhost', port=80): Failed to establish a new connection: [Errno 111] Connection refused""))"
2026-09-12T23:13:11.561000,1786374210148,GET,http://localhost/api/cicd/status/40665,0,6.56,"HTTPConnectionPool(host='localhost', port=80): Max retries exceeded with url: /api/cicd/status/40665 (Caused by NewConnectionError(""HTTPConnection(host='localhost', port=80): Failed to establish a new connection: [Errno 111] Connection refused""))"
2026-09-12T23:13:11.561251,1786373852673,POST,http://localhost/api/cicd/execute,0,12.64,"HTTPConnectionPool(host='localhost', port=80): Max retries exceeded with url: /api/cicd/execute (Caused by NewConnectionError(""HTTPConnection(host='localhost', port=80): Failed to establish a new connection: [Errno 111] Connection refused""))"
2026-09-12T23:13:11.561959,1786374210148,GET,http://localhost/api/cicd/status/40665,0,6.44,"HTTPConnectionPool(host='localhost', port=80): Max retries exceeded with url: /api/cicd/status/40665 (Caused by NewConnectionError(""HTTPConnection(host='localhost', port=80): Failed to establish a new connection: [Errno 111] Connection refused""))"
2026-09-12T23:13:11.562348,1786373852673,POST,http://localhost/api/cicd/execute,0,12.59,"HTTPConnectionPool(host='localhost', port=80): Max retries exceeded with url: /api/cicd/execute (Caused by NewConnectionError(""HTTPConnection(host='localhost', port=80): Failed to establish a new connection: [Errno 111] Connection refused""))"
2026-09-12T23:13:11.562743,1786374210148,GET,http://localhost/api/cicd/status/40665,0,5.97,"HTTPConnectionPool(host='localhost', port=80): Max retries exceeded with url: /api/cicd/status/40665 (Caused by NewConnectionError(""HTTPConnection(host='localhost', port=80): Failed to establish a new connection: [Errno 111] Connection refused""))"
2026-09-12T23:13:11.625700,1786373852673,POST,http://localhost/api/cicd/execute,0,1.62,"HTTPConnectionPool(host='localhost', port=80): Max retries exceeded with url: /api/cicd/execute (Caused by NewConnectionError(""HTTPConnection(host='localhost', port=80): Failed to establish a new connection: [Errno 111] Connection refused""))"
2026-09-12T23:13:11.671002,1786374210148,GET,http://localhost/api/cicd/status/40665,0,10.62,"HTTPConnectionPool(host='localhost', port=80): Max retries exceeded with url: /api/cicd/status/40665 (Caused by NewConnectionError(""HTTPConnection(host='localhost', port=80): Failed to establish a new connection: [Errno 111] Connection refused""))"
2026-09-12T23:13:11.671393,1786373852673,POST,http://localhost/api/cicd/execute,0,12.11,"HTTPConnectionPool(host='localhost', port=80): Max retries exceeded with url: /api/cicd/execute (Caused by NewConnectionError(""HTTPConnection(host='localhost', port=80): Failed to establish a new connection: [Errno 111] Connection refused""))"
2026-09-12T23:13:11.671828,1786373852673,POST,http://localhost/api/cicd/execute,0,9.27,"HTTPConnectionPool(host='localhost', port=80): Max retries exceeded with url: /api/cicd/execute (Caused by NewConnectionError(""HTTPConnection(host='localhost', port=80): Failed to establish a new connection: [Errno 111] Connection refused""))"
2026-09-12T23:13:11.672427,1786373852673,POST,http://localhost/api/cicd/execute,0,8.47,"HTTPConnectionPool(host='localhost', port=80): Max retries exceeded with url: /api/cicd/execute (Caused by NewConnectionError(""HTTPConnection(host='localhost', port=80): Failed to establish a new connection: [Errno 111] Connection refused""))"
2026-09-12T23:13:11.673015,1786374210148,GET,http://localhost/api/cicd/status/40665,0,11.6,"HTTPConnectionPool(host='localhost', port=80): Max retries exceeded with url: /api/cicd/status/40665 (Caused by NewConnectionError(""HTTPConnection(host='localhost', port=80): Failed to establish a new connection: [Errno 111] Connection refused""))"
2026-09-12T23:13:11.673495,1786373852673,POST,http://localhost/api/cicd/execute,0,7.14,"HTTPConnectionPool(host='localhost', port=80): Max retries exceeded with url: /api/cicd/execute (Caused by NewConnectionError(""HTTPConnection(host='localhost', port=80): Failed to establish a new connection: [Errno 111] Connection refused""))"
2026-09-12T23:13:11.673782,1786374210148,GET,http://localhost/api/cicd/status/40665,0,8.72,"HTTPConnectionPool(host='localhost', port=80): Max retries exceeded with url: /api/cicd/status/40665 (Caused by NewConnectionError(""HTTPConnection(host='localhost', port=80): Failed to establish a new connection: [Errno 111] Connection refused""))"
2026-09-12T23:13:11.674072,1786374210148,GET,http://localhost/api/cicd/status/40665,0,5.38,"HTTPConnectionPool(host='localhost', port=80): Max retries exceeded with url: /api/cicd/status/40665 (Caused by NewConnectionError(""HTTPConnection(host='localhost', port=80): Failed to establish a new connection: [Errno 111] Connection refused""))"
2026-09-12T23:13:11.674287,1786373852673,POST,http://localhost/api/cicd/execute,0,6.79,"HTTPConnectionPool(host='localhost', port=80): Max retries exceeded with url: /api/cicd/execute (Caused by NewConnectionError(""HTTPConnection(host='localhost', port=80): Failed to establish a new connection: [Errno 111] Connection refused""))"
2026-09-12T23:13:11.727487,1786374210148,GET,http://localhost/api/cicd/status/40665,0,1.61,"HTTPConnectionPool(host='localhost', port=80): Max retries exceeded with url: /api/cicd/status/40665 (Caused by NewConnectionError(""HTTPConnection(host='localhost', port=80): Failed to establish a new connection: [Errno 111] Connection refused""))"
2026-09-12T23:13:11.783677,1786373852673,POST,http://localhost/api/cicd/execute,0,5.19,"HTTPConnectionPool(host='localhost', port=80): Max retries exceeded with url: /api/cicd/execute (Caused by NewConnectionError(""HTTPConnection(host='localhost', port=80): Failed to establish a new connection: [Errno 111] Connection refused""))"
2026-09-12T23:13:11.784063,1786373852673,POST,http://localhost/api/cicd/execute,0,12.86,"HTTPConnectionPool(host='localhost', port=80): Max retries exceeded with url: /api/cicd/execute (Caused by NewConnectionError(""HTTPConnection(host='localhost', port=80): Failed to establish a new connection: [Errno 111] Connection refused""))"
2026-09-12T23:13:11.784463,1786374210148,GET,http://localhost/api/cicd/status/40665,0,10.59,"HTTPConnectionPool(host='localhost', port=80): Max retries exceeded with url: /api/cicd/status/40665 (Caused by NewConnectionError(""HTTPConnection(host='localhost', port=80): Failed to establish a new connection: [Errno 111] Connection refused""))"
2026-09-12T23:13:11.785132,1786374210148,GET,http://localhost/api/cicd/status/40665,0,3.58,"HTTPConnectionPool(host='localhost', port=80): Max retries exceeded with url: /api/cicd/status/40665 (Caused by NewConnectionError(""HTTPConnection(host='localhost', port=80): Failed to establish a new connection: [Errno 111] Connection refused""))"
2026-09-12T23:13:11.785366,1786374210148,GET,http://localhost/api/cicd/status/40665,0,10.31,"HTTPConnectionPool(host='localhost', port=80): Max retries exceeded with url: /api/cicd/status/40665 (Caused by NewConnectionError(""HTTPConnection(host='localhost', port=80): Failed to establish a new connection: [Errno 111] Connection refused""))"
2026-09-12T23:13:11.785761,1786374210148,GET,http://localhost/api/cicd/status/40665,0,8.36,"HTTPConnectionPool(host='localhost', port=80): Max retries exceeded with url: /api/cicd/status/40665 (Caused by NewConnectionError(""HTTPConnection(host='localhost', port=80): Failed to establish a new connection: [Errno 111] Connection refused""))"
2026-09-12T23:13:11.785975,1786374210148,GET,http://localhost/api/cicd/status/40665,0,13.65,"HTTPConnectionPool(host='localhost', port=80): Max retries exceeded with url: /api/cicd/status/40665 (Caused by NewConnectionError(""HTTPConnection(host='localhost', port=80): Failed to establish a new connection: [Errno 111] Connection refused""))"
2026-09-12T23:13:11.786491,1786373852673,POST,http://localhost/api/cicd/execute,0,10.35,"HTTPConnectionPool(host='localhost', port=80): Max retries exceeded with url: /api/cicd/execute (Caused by NewConnectionError(""HTTPConnection(host='localhost', port=80): Failed to establish a new connection: [Errno 111] Connection refused""))"
2026-09-12T23:13:11.786679,1786373852673,POST,http://localhost/api/cicd/execute,0,6.5,"HTTPConnectionPool(host='localhost', port=80): Max retries exceeded with url: /api/cicd/execute (Caused by NewConnectionError(""HTTPConnection(host='localhost', port=80): Failed to establish a new connection: [Errno 111] Connection refused""))"
2026-09-12T23:13:11.829328,1786373852673,POST,http://localhost/api/cicd/execute,0,1.66,"HTTPConnectionPool(host='localhost', port=80): Max retries exceeded with url: /api/cicd/execute (Caused by NewConnectionError(""HTTPConnection(host='localhost', port=80): Failed to establish a new connection: [Errno 111] Connection refused""))"
2026-09-12T23:13:11.895967,1786373852673,POST,http://localhost/api/cicd/execute,0,10.03,"HTTPConnectionPool(host='localhost', port=80): Max retries exceeded with url: /api/cicd/execute (Caused by NewConnectionError(""HTTPConnection(host='localhost', port=80): Failed to establish a new connection: [Errno 111] Connection refused""))"
2026-09-12T23:13:11.896591,1786374210148,GET,http://localhost/api/cicd/status/40665,0,12.74,"HTTPConnectionPool(host='localhost', port=80): Max retries exceeded with url: /api/cicd/status/40665 (Caused by NewConnectionError(""HTTPConnection(host='localhost', port=80): Failed to establish a new connection: [Errno 111] Connection refused""))"
2026-09-12T23:13:11.896865,1786374210148,GET,http://localhost/api/cicd/status/40665,0,11.96,"HTTPConnectionPool(host='localhost', port=80): Max retries exceeded with url: /api/cicd/status/40665 (Caused by NewConnectionError(""HTTPConnection(host='localhost', port=80): Failed to establish a new connection: [Errno 111] Connection refused""))"
2026-09-12T23:13:11.897470,1786373852673,POST,http://localhost/api/cicd/execute,0,9.11,"HTTPConnectionPool(host='localhost', port=80): Max retries exceeded with url: /api/cicd/execute (Caused by NewConnectionError(""HTTPConnection(host='localhost', port=80): Failed to establish a new connection: [Errno 111] Connection refused""))"
2026-09-12T23:13:11.897887,1786373852673,POST,http://localhost/api/cicd/execute,0,7.29,"HTTPConnectionPool(host='localhost', port=80): Max retries exceeded with url: /api/cicd/execute (Caused by NewConnectionError(""HTTPConnection(host='localhost', port=80): Failed to establish a new connection: [Errno 111] Connection refused""))"
2026-09-12T23:13:11.898388,1786373852673,POST,http://localhost/api/cicd/execute,0,11.2,"HTTPConnectionPool(host='localhost', port=80): Max retries exceeded with url: /api/cicd/execute (Caused by NewConnectionError(""HTTPConnection(host='localhost', port=80): Failed to establish a new connection: [Errno 111] Connection refused""))"
2026-09-12T23:13:11.898836,1786373852673,POST,http://localhost/api/cicd/execute,0,9.35,"HTTPConnectionPool(host='localhost', port=80): Max retries exceeded with url: /api/cicd/execute (Caused by NewConnectionError(""HTTPConnection(host='localhost', port=80): Failed to establish a new connection: [Errno 111] Connection refused""))"
2026-09-12T23:13:11.899195,1786374210148,GET,http://localhost/api/cicd/status/40665,0,4.76,"HTTPConnectionPool(host='localhost', port=80): Max retries exceeded with url: /api/cicd/status/40665 (Caused by NewConnectionError(""HTTPConnection(host='localhost', port=80): Failed to establish a new connection: [Errno 111] Connection refused""))"
2026-09-12T23:13:11.899473,1786374210148,GET,http://localhost/api/cicd/status/40665,0,7.52,"HTTPConnectionPool(host='localhost', port=80): Max retries exceeded with url: /api/cicd/status/40665 (Caused by NewConnectionError(""HTTPConnection(host='localhost', port=80): Failed to establish a new connection: [Errno 111] Connection refused""))"
2026-09-12T23:13:11.931012,1786374210148,GET,http://localhost/api/cicd/status/40665,0,1.52,"HTTPConnectionPool(host='localhost', port=80): Max retries exceeded with url: /api/cicd/status/40665 (Caused by NewConnectionError(""HTTPConnection(host='localhost', port=80): Failed to establish a new connection: [Errno 111] Connection refused""))"
2026-09-12T23:13:12.007573,1786374210148,GET,http://localhost/api/cicd/status/40665,0,11.45,"HTTPConnectionPool(host='localhost', port=80): Max retries exceeded with url: /api/cicd/status/40665 (Caused by NewConnectionError(""HTTPConnection(host='localhost', port=80): Failed to establish a new connection: [Errno 111] Connection refused""))"
2026-09-12T23:13:12.008446,1786373852673,POST,http://localhost/api/cicd/execute,0,10.14,"HTTPConnectionPool(host='localhost', port=80): Max retries exceeded with url: /api/cicd/execute (Caused by NewConnectionError(""HTTPConnection(host='localhost', port=80): Failed to establish a new connection: [Errno 111] Connection refused""))"
2026-09-12T23:13:12.009040,1786373852673,POST,http://localhost/api/cicd/execute,0,6.31,"HTTPConnectionPool(host='localhost', port=80): Max retries exceeded with url: /api/cicd/execute (Caused by NewConnectionError(""HTTPConnection(host='localhost', port=80): Failed to establish a new connection: [Errno 111] Connection refused""))"
2026-09-12T23:13:12.009291,1786374210148,GET,http://localhost/api/cicd/status/40665,0,7.65,"HTTPConnectionPool(host='localhost', port=80): Max retries exceeded with url: /api/cicd/status/40665 (Caused by NewConnectionError(""HTTPConnection(host='localhost', port=80): Failed to establish a new connection: [Errno 111] Connection refused""))"
2026-09-12T23:13:12.010223,1786374210148,GET,http://localhost/api/cicd/status/40665,0,6.32,"HTTPConnectionPool(host='localhost', port=80): Max retries exceeded with url: /api/cicd/status/40665 (Caused by NewConnectionError(""HTTPConnection(host='localhost', port=80): Failed to establish a new connection: [Errno 111] Connection refused""))"
2026-09-12T23:13:12.010452,1786373852673,POST,http://localhost/api/cicd/execute,0,13.25,"HTTPConnectionPool(host='localhost', port=80): Max retries exceeded with url: /api/cicd/execute (Caused by NewConnectionError(""HTTPConnection(host='localhost', port=80): Failed to establish a new connection: [Errno 111] Connection refused""))"
2026-09-12T23:13:12.010750,1786374210148,GET,http://localhost/api/cicd/status/40665,0,11.26,"HTTPConnectionPool(host='localhost', port=80): Max retries exceeded with url: /api/cicd/status/40665 (Caused by NewConnectionError(""HTTPConnection(host='localhost', port=80): Failed to establish a new connection: [Errno 111] Connection refused""))"
2026-09-12T23:13:12.011160,1786374210148,GET,http://localhost/api/cicd/status/40665,0,10.59,"HTTPConnectionPool(host='localhost', port=80): Max retries exceeded with url: /api/cicd/status/40665 (Caused by NewConnectionError(""HTTPConnection(host='localhost', port=80): Failed to establish a new connection: [Errno 111] Connection refused""))"
2026-09-12T23:13:12.011539,1786373852673,POST,http://localhost/api/cicd/execute,0,6.05,"HTTPConnectionPool(host='localhost', port=80): Max retries exceeded with url: /api/cicd/execute (Caused by NewConnectionError(""HTTPConnection(host='localhost', port=80): Failed to establish a new connection: [Errno 111] Connection refused""))"
2026-09-12T23:13:12.032191,1786373852673,POST,http://localhost/api/cicd/execute,0,1.02,"HTTPConnectionPool(host='localhost', port=80): Max retries exceeded with url: /api/cicd/execute (Caused by NewConnectionError(""HTTPConnection(host='localhost', port=80): Failed to establish a new connection: [Errno 111] Connection refused""))"
2026-09-12T23:13:12.119468,1786373852673,POST,http://localhost/api/cicd/execute,0,11.72,"HTTPConnectionPool(host='localhost', port=80): Max retries exceeded with url: /api/cicd/execute (Caused by NewConnectionError(""HTTPConnection(host='localhost', port=80): Failed to establish a new connection: [Errno 111] Connection refused""))"
2026-09-12T23:13:12.120569,1786373852673,POST,http://localhost/api/cicd/execute,0,8.3,"HTTPConnectionPool(host='localhost', port=80): Max retries exceeded with url: /api/cicd/execute (Caused by NewConnectionError(""HTTPConnection(host='localhost', port=80): Failed to establish a new connection: [Errno 111] Connection refused""))"
2026-09-12T23:13:12.121281,1786374210148,GET,http://localhost/api/cicd/status/40665,0,5.09,"HTTPConnectionPool(host='localhost', port=80): Max retries exceeded with url: /api/cicd/status/40665 (Caused by NewConnectionError(""HTTPConnection(host='localhost', port=80): Failed to establish a new connection: [Errno 111] Connection refused""))"
2026-09-12T23:13:12.121942,1786373852673,POST,http://localhost/api/cicd/execute,0,10.88,"HTTPConnectionPool(host='localhost', port=80): Max retries exceeded with url: /api/cicd/execute (Caused by NewConnectionError(""HTTPConnection(host='localhost', port=80): Failed to establish a new connection: [Errno 111] Connection refused""))"
2026-09-12T23:13:12.122244,1786374210148,GET,http://localhost/api/cicd/status/40665,0,12.24,"HTTPConnectionPool(host='localhost', port=80): Max retries exceeded with url: /api/cicd/status/40665 (Caused by NewConnectionError(""HTTPConnection(host='localhost', port=80): Failed to establish a new connection: [Errno 111] Connection refused""))"
2026-09-12T23:13:12.122447,1786374210148,GET,http://localhost/api/cicd/status/40665,0,13.64,"HTTPConnectionPool(host='localhost', port=80): Max retries exceeded with url: /api/cicd/status/40665 (Caused by NewConnectionError(""HTTPConnection(host='localhost', port=80): Failed to establish a new connection: [Errno 111] Connection refused""))"
2026-09-12T23:13:12.122721,1786373852673,POST,http://localhost/api/cicd/execute,0,8.94,"HTTPConnectionPool(host='localhost', port=80): Max retries exceeded with url: /api/cicd/execute (Caused by NewConnectionError(""HTTPConnection(host='localhost', port=80): Failed to establish a new connection: [Errno 111] Connection refused""))"
2026-09-12T23:13:12.122994,1786373852673,POST,http://localhost/api/cicd/execute,0,8.0,"HTTPConnectionPool(host='localhost', port=80): Max retries exceeded with url: /api/cicd/execute (Caused by NewConnectionError(""HTTPConnection(host='localhost', port=80): Failed to establish a new connection: [Errno 111] Connection refused""))"
2026-09-12T23:13:12.123228,1786374210148,GET,http://localhost/api/cicd/status/40665,0,6.0,"HTTPConnectionPool(host='localhost', port=80): Max retries exceeded with url: /api/cicd/status/40665 (Caused by NewConnectionError(""HTTPConnection(host='localhost', port=80): Failed to establish a new connection: [Errno 111] Connection refused""))"
2026-09-12T23:13:12.134361,1786374210148,GET,http://localhost/api/cicd/status/40665,0,2.04,"HTTPConnectionPool(host='localhost', port=80): Max retries exceeded with url: /api/cicd/status/40665 (Caused by NewConnectionError(""HTTPConnection(host='localhost', port=80): Failed to establish a new connection: [Errno 111] Connection refused""))"
2026-09-12T23:13:12.232106,1786373852673,POST,http://localhost/api/cicd/execute,0,10.2,"HTTPConnectionPool(host='localhost', port=80): Max retries exceeded with url: /api/cicd/execute (Caused by NewConnectionError(""HTTPConnection(host='localhost', port=80): Failed to establish a new connection: [Errno 111] Connection refused""))"
2026-09-12T23:13:12.232353,1786374210148,GET,http://localhost/api/cicd/status/40665,0,12.7,"HTTPConnectionPool(host='localhost', port=80): Max retries exceeded with url: /api/cicd/status/40665 (Caused by NewConnectionError(""HTTPConnection(host='localhost', port=80): Failed to establish a new connection: [Errno 111] Connection refused""))"
2026-09-12T23:13:12.232608,1786374210148,GET,http://localhost/api/cicd/status/40665,0,7.21,"HTTPConnectionPool(host='localhost', port=80): Max retries exceeded with url: /api/cicd/status/40665 (Caused by NewConnectionError(""HTTPConnection(host='localhost', port=80): Failed to establish a new connection: [Errno 111] Connection refused""))"
2026-09-12T23:13:12.232951,1786374210148,GET,http://localhost/api/cicd/status/40665,0,12.2,"HTTPConnectionPool(host='localhost', port=80): Max retries exceeded with url: /api/cicd/status/40665 (Caused by NewConnectionError(""HTTPConnection(host='localhost', port=80): Failed to establish a new connection: [Errno 111] Connection refused""))"
2026-09-12T23:13:12.233254,1786374210148,GET,http://localhost/api/cicd/status/40665,0,8.91,"HTTPConnectionPool(host='localhost', port=80): Max retries exceeded with url: /api/cicd/status/40665 (Caused by NewConnectionError(""HTTPConnection(host='localhost', port=80): Failed to establish a new connection: [Errno 111] Connection refused""))"
2026-09-12T23:13:12.233606,1786373852673,POST,http://localhost/api/cicd/execute,0,3.91,"HTTPConnectionPool(host='localhost', port=80): Max retries exceeded with url: /api/cicd/execute (Caused by NewConnectionError(""HTTPConnection(host='localhost', port=80): Failed to establish a new connection: [Errno 111] Connection refused""))"
2026-09-12T23:13:12.233832,1786374210148,GET,http://localhost/api/cicd/status/40665,0,10.65,"HTTPConnectionPool(host='localhost', port=80): Max retries exceeded with url: /api/cicd/status/40665 (Caused by NewConnectionError(""HTTPConnection(host='localhost', port=80): Failed to establish a new connection: [Errno 111] Connection refused""))"
2026-09-12T23:13:12.234301,1786373852673,POST,http://localhost/api/cicd/execute,0,7.44,"HTTPConnectionPool(host='localhost', port=80): Max retries exceeded with url: /api/cicd/execute (Caused by NewConnectionError(""HTTPConnection(host='localhost', port=80): Failed to establish a new connection: [Errno 111] Connection refused""))"
2026-09-12T23:13:12.235826,1786373852673,POST,http://localhost/api/cicd/execute,0,7.85,"HTTPConnectionPool(host='localhost', port=80): Max retries exceeded with url: /api/cicd/execute (Caused by NewConnectionError(""HTTPConnection(host='localhost', port=80): Failed to establish a new connection: [Errno 111] Connection refused""))"
2026-09-12T23:13:12.236419,1786373852673,POST,http://localhost/api/cicd/execute,0,1.87,"HTTPConnectionPool(host='localhost', port=80): Max retries exceeded with url: /api/cicd/execute (Caused by NewConnectionError(""HTTPConnection(host='localhost', port=80): Failed to establish a new connection: [Errno 111] Connection refused""))"
2026-09-12T23:13:12.345589,1786373852673,POST,http://localhost/api/cicd/execute,0,11.17,"HTTPConnectionPool(host='localhost', port=80): Max retries exceeded with url: /api/cicd/execute (Caused by NewConnectionError(""HTTPConnection(host='localhost', port=80): Failed to establish a new connection: [Errno 111] Connection refused""))"
2026-09-12T23:13:12.346331,1786374210148,GET,http://localhost/api/cicd/status/40665,0,14.04,"HTTPConnectionPool(host='localhost', port=80): Max retries exceeded with url: /api/cicd/status/40665 (Caused by NewConnectionError(""HTTPConnection(host='localhost', port=80): Failed to establish a new connection: [Errno 111] Connection refused""))"
2026-09-12T23:13:12.347134,1786373852673,POST,http://localhost/api/cicd/execute,0,13.71,"HTTPConnectionPool(host='localhost', port=80): Max retries exceeded with url: /api/cicd/execute (Caused by NewConnectionError(""HTTPConnection(host='localhost', port=80): Failed to establish a new connection: [Errno 111] Connection refused""))"
2026-09-12T23:13:12.347524,1786374210148,GET,http://localhost/api/cicd/status/40665,0,10.93,"HTTPConnectionPool(host='localhost', port=80): Max retries exceeded with url: /api/cicd/status/40665 (Caused by NewConnectionError(""HTTPConnection(host='localhost', port=80): Failed to establish a new connection: [Errno 111] Connection refused""))"
2026-09-12T23:13:12.347902,1786373852673,POST,http://localhost/api/cicd/execute,0,12.37,"HTTPConnectionPool(host='localhost', port=80): Max retries exceeded with url: /api/cicd/execute (Caused by NewConnectionError(""HTTPConnection(host='localhost', port=80): Failed to establish a new connection: [Errno 111] Connection refused""))"
2026-09-12T23:13:12.348265,1786373852673,POST,http://localhost/api/cicd/execute,0,6.47,"HTTPConnectionPool(host='localhost', port=80): Max retries exceeded with url: /api/cicd/execute (Caused by NewConnectionError(""HTTPConnection(host='localhost', port=80): Failed to establish a new connection: [Errno 111] Connection refused""))"
2026-09-12T23:13:12.348476,1786374210148,GET,http://localhost/api/cicd/status/40665,0,10.71,"HTTPConnectionPool(host='localhost', port=80): Max retries exceeded with url: /api/cicd/status/40665 (Caused by NewConnectionError(""HTTPConnection(host='localhost', port=80): Failed to establish a new connection: [Errno 111] Connection refused""))"
2026-09-12T23:13:12.348662,1786374210148,GET,http://localhost/api/cicd/status/40665,0,8.04,"HTTPConnectionPool(host='localhost', port=80): Max retries exceeded with url: /api/cicd/status/40665 (Caused by NewConnectionError(""HTTPConnection(host='localhost', port=80): Failed to establish a new connection: [Errno 111] Connection refused""))"
2026-09-12T23:13:12.348949,1786374210148,GET,http://localhost/api/cicd/status/40665,0,9.4,"HTTPConnectionPool(host='localhost', port=80): Max retries exceeded with url: /api/cicd/status/40665 (Caused by NewConnectionError(""HTTPConnection(host='localhost', port=80): Failed to establish a new connection: [Errno 111] Connection refused""))"
2026-09-12T23:13:12.349423,1786373852673,POST,http://localhost/api/cicd/execute,0,6.39,"HTTPConnectionPool(host='localhost', port=80): Max retries exceeded with url: /api/cicd/execute (Caused by NewConnectionError(""HTTPConnection(host='localhost', port=80): Failed to establish a new connection: [Errno 111] Connection refused""))"
2026-09-12T23:13:12.458112,1786374210148,GET,http://localhost/api/cicd/status/40665,0,12.34,"HTTPConnectionPool(host='localhost', port=80): Max retries exceeded with url: /api/cicd/status/40665 (Caused by NewConnectionError(""HTTPConnection(host='localhost', port=80): Failed to establish a new connection: [Errno 111] Connection refused""))"
2026-09-12T23:13:12.460058,1786374210148,GET,http://localhost/api/cicd/status/40665,0,12.01,"HTTPConnectionPool(host='localhost', port=80): Max retries exceeded with url: /api/cicd/status/40665 (Caused by NewConnectionError(""HTTPConnection(host='localhost', port=80): Failed to establish a new connection: [Errno 111] Connection refused""))"
2026-09-12T23:13:12.460457,1786373852673,POST,http://localhost/api/cicd/execute,0,13.61,"HTTPConnectionPool(host='localhost', port=80): Max retries exceeded with url: /api/cicd/execute (Caused by NewConnectionError(""HTTPConnection(host='localhost', port=80): Failed to establish a new connection: [Errno 111] Connection refused""))"
2026-09-12T23:13:12.461253,1786373852673,POST,http://localhost/api/cicd/execute,0,11.05,"HTTPConnectionPool(host='localhost', port=80): Max retries exceeded with url: /api/cicd/execute (Caused by NewConnectionError(""HTTPConnection(host='localhost', port=80): Failed to establish a new connection: [Errno 111] Connection refused""))"
2026-09-12T23:13:12.461453,1786374210148,GET,http://localhost/api/cicd/status/40665,0,12.34,"HTTPConnectionPool(host='localhost', port=80): Max retries exceeded with url: /api/cicd/status/40665 (Caused by NewConnectionError(""HTTPConnection(host='localhost', port=80): Failed to establish a new connection: [Errno 111] Connection refused""))"
2026-09-12T23:13:12.461695,1786373852673,POST,http://localhost/api/cicd/execute,0,6.61,"HTTPConnectionPool(host='localhost', port=80): Max retries exceeded with url: /api/cicd/execute (Caused by NewConnectionError(""HTTPConnection(host='localhost', port=80): Failed to establish a new connection: [Errno 111] Connection refused""))"
2026-09-12T23:13:12.461946,1786373852673,POST,http://localhost/api/cicd/execute,0,10.5,"HTTPConnectionPool(host='localhost', port=80): Max retries exceeded with url: /api/cicd/execute (Caused by NewConnectionError(""HTTPConnection(host='localhost', port=80): Failed to establish a new connection: [Errno 111] Connection refused""))"
2026-09-12T23:13:12.462238,1786374210148,GET,http://localhost/api/cicd/status/40665,0,8.43,"HTTPConnectionPool(host='localhost', port=80): Max retries exceeded with url: /api/cicd/status/40665 (Caused by NewConnectionError(""HTTPConnection(host='localhost', port=80): Failed to establish a new connection: [Errno 111] Connection refused""))"
2026-09-12T23:13:12.462714,1786374210148,GET,http://localhost/api/cicd/status/40665,0,10.0,"HTTPConnectionPool(host='localhost', port=80): Max retries exceeded with url: /api/cicd/status/40665 (Caused by NewConnectionError(""HTTPConnection(host='localhost', port=80): Failed to establish a new connection: [Errno 111] Connection refused""))"
2026-09-12T23:13:12.462921,1786373852673,POST,http://localhost/api/cicd/execute,0,6.2,"HTTPConnectionPool(host='localhost', port=80): Max retries exceeded with url: /api/cicd/execute (Caused by NewConnectionError(""HTTPConnection(host='localhost', port=80): Failed to establish a new connection: [Errno 111] Connection refused""))"
2026-09-12T23:13:12.559923,1786373852673,POST,http://localhost/api/cicd/execute,0,1.64,"HTTPConnectionPool(host='localhost', port=80): Max retries exceeded with url: /api/cicd/execute (Caused by NewConnectionError(""HTTPConnection(host='localhost', port=80): Failed to establish a new connection: [Errno 111] Connection refused""))"
2026-09-12T23:13:12.571456,1786374210148,GET,http://localhost/api/cicd/status/40665,0,10.11,"HTTPConnectionPool(host='localhost', port=80): Max retries exceeded with url: /api/cicd/status/40665 (Caused by NewConnectionError(""HTTPConnection(host='localhost', port=80): Failed to establish a new connection: [Errno 111] Connection refused""))"
2026-09-12T23:13:12.572511,1786373852673,POST,http://localhost/api/cicd/execute,0,12.27,"HTTPConnectionPool(host='localhost', port=80): Max retries exceeded with url: /api/cicd/execute (Caused by NewConnectionError(""HTTPConnection(host='localhost', port=80): Failed to establish a new connection: [Errno 111] Connection refused""))"
2026-09-12T23:13:12.573233,1786373852673,POST,http://localhost/api/cicd/execute,0,9.68,"HTTPConnectionPool(host='localhost', port=80): Max retries exceeded with url: /api/cicd/execute (Caused by NewConnectionError(""HTTPConnection(host='localhost', port=80): Failed to establish a new connection: [Errno 111] Connection refused""))"
2026-09-12T23:13:12.573693,1786374210148,GET,http://localhost/api/cicd/status/40665,0,7.82,"HTTPConnectionPool(host='localhost', port=80): Max retries exceeded with url: /api/cicd/status/40665 (Caused by NewConnectionError(""HTTPConnection(host='localhost', port=80): Failed to establish a new connection: [Errno 111] Connection refused""))"
2026-09-12T23:13:12.574205,1786374210148,GET,http://localhost/api/cicd/status/40665,0,11.8,"HTTPConnectionPool(host='localhost', port=80): Max retries exceeded with url: /api/cicd/status/40665 (Caused by NewConnectionError(""HTTPConnection(host='localhost', port=80): Failed to establish a new connection: [Errno 111] Connection refused""))"
2026-09-12T23:13:12.575121,1786373852673,POST,http://localhost/api/cicd/execute,0,10.47,"HTTPConnectionPool(host='localhost', port=80): Max retries exceeded with url: /api/cicd/execute (Caused by NewConnectionError(""HTTPConnection(host='localhost', port=80): Failed to establish a new connection: [Errno 111] Connection refused""))"
2026-09-12T23:13:12.575468,1786373852673,POST,http://localhost/api/cicd/execute,0,7.1,"HTTPConnectionPool(host='localhost', port=80): Max retries exceeded with url: /api/cicd/execute (Caused by NewConnectionError(""HTTPConnection(host='localhost', port=80): Failed to establish a new connection: [Errno 111] Connection refused""))"
2026-09-12T23:13:12.575820,1786374210148,GET,http://localhost/api/cicd/status/40665,0,5.82,"HTTPConnectionPool(host='localhost', port=80): Max retries exceeded with url: /api/cicd/status/40665 (Caused by NewConnectionError(""HTTPConnection(host='localhost', port=80): Failed to establish a new connection: [Errno 111] Connection refused""))"
2026-09-12T23:13:12.576092,1786374210148,GET,http://localhost/api/cicd/status/40665,0,8.82,"HTTPConnectionPool(host='localhost', port=80): Max retries exceeded with url: /api/cicd/status/40665 (Caused by NewConnectionError(""HTTPConnection(host='localhost', port=80): Failed to establish a new connection: [Errno 111] Connection refused""))"
2026-09-12T23:13:12.661649,1786374210148,GET,http://localhost/api/cicd/status/40665,0,1.55,"HTTPConnectionPool(host='localhost', port=80): Max retries exceeded with url: /api/cicd/status/40665 (Caused by NewConnectionError(""HTTPConnection(host='localhost', port=80): Failed to establish a new connection: [Errno 111] Connection refused""))"
2026-09-12T23:13:12.683463,1786373852673,POST,http://localhost/api/cicd/execute,0,11.83,"HTTPConnectionPool(host='localhost', port=80): Max retries exceeded with url: /api/cicd/execute (Caused by NewConnectionError(""HTTPConnection(host='localhost', port=80): Failed to establish a new connection: [Errno 111] Connection refused""))"
2026-09-12T23:13:12.684078,1786374210148,GET,http://localhost/api/cicd/status/40665,0,11.39,"HTTPConnectionPool(host='localhost', port=80): Max retries exceeded with url: /api/cicd/status/40665 (Caused by NewConnectionError(""HTTPConnection(host='localhost', port=80): Failed to establish a new connection: [Errno 111] Connection refused""))"
2026-09-12T23:13:12.684355,1786373852673,POST,http://localhost/api/cicd/execute,0,9.31,"HTTPConnectionPool(host='localhost', port=80): Max retries exceeded with url: /api/cicd/execute (Caused by NewConnectionError(""HTTPConnection(host='localhost', port=80): Failed to establish a new connection: [Errno 111] Connection refused""))"
2026-09-12T23:13:12.685160,1786373852673,POST,http://localhost/api/cicd/execute,0,6.39,"HTTPConnectionPool(host='localhost', port=80): Max retries exceeded with url: /api/cicd/execute (Caused by NewConnectionError(""HTTPConnection(host='localhost', port=80): Failed to establish a new connection: [Errno 111] Connection refused""))"
2026-09-12T23:13:12.685622,1786373852673,POST,http://localhost/api/cicd/execute,0,9.18,"HTTPConnectionPool(host='localhost', port=80): Max retries exceeded with url: /api/cicd/execute (Caused by NewConnectionError(""HTTPConnection(host='localhost', port=80): Failed to establish a new connection: [Errno 111] Connection refused""))"
2026-09-12T23:13:12.685893,1786374210148,GET,http://localhost/api/cicd/status/40665,0,8.18,"HTTPConnectionPool(host='localhost', port=80): Max retries exceeded with url: /api/cicd/status/40665 (Caused by NewConnectionError(""HTTPConnection(host='localhost', port=80): Failed to establish a new connection: [Errno 111] Connection refused""))"
2026-09-12T23:13:12.686208,1786374210148,GET,http://localhost/api/cicd/status/40665,0,12.37,"HTTPConnectionPool(host='localhost', port=80): Max retries exceeded with url: /api/cicd/status/40665 (Caused by NewConnectionError(""HTTPConnection(host='localhost', port=80): Failed to establish a new connection: [Errno 111] Connection refused""))"
2026-09-12T23:13:12.686409,1786373852673,POST,http://localhost/api/cicd/execute,0,6.57,"HTTPConnectionPool(host='localhost', port=80): Max retries exceeded with url: /api/cicd/execute (Caused by NewConnectionError(""HTTPConnection(host='localhost', port=80): Failed to establish a new connection: [Errno 111] Connection refused""))"
2026-09-12T23:13:12.686859,1786374210148,GET,http://localhost/api/cicd/status/40665,0,5.33,"HTTPConnectionPool(host='localhost', port=80): Max retries exceeded with url: /api/cicd/status/40665 (Caused by NewConnectionError(""HTTPConnection(host='localhost', port=80): Failed to establish a new connection: [Errno 111] Connection refused""))"
2026-09-12T23:13:12.763509,1786373852673,POST,http://localhost/api/cicd/execute,0,1.68,"HTTPConnectionPool(host='localhost', port=80): Max retries exceeded with url: /api/cicd/execute (Caused by NewConnectionError(""HTTPConnection(host='localhost', port=80): Failed to establish a new connection: [Errno 111] Connection refused""))"
2026-09-12T23:13:12.796250,1786374210148,GET,http://localhost/api/cicd/status/40665,0,8.59,"HTTPConnectionPool(host='localhost', port=80): Max retries exceeded with url: /api/cicd/status/40665 (Caused by NewConnectionError(""HTTPConnection(host='localhost', port=80): Failed to establish a new connection: [Errno 111] Connection refused""))"
2026-09-12T23:13:12.796502,1786374210148,GET,http://localhost/api/cicd/status/40665,0,12.83,"HTTPConnectionPool(host='localhost', port=80): Max retries exceeded with url: /api/cicd/status/40665 (Caused by NewConnectionError(""HTTPConnection(host='localhost', port=80): Failed to establish a new connection: [Errno 111] Connection refused""))"
2026-09-12T23:13:12.796767,1786373852673,POST,http://localhost/api/cicd/execute,0,4.46,"HTTPConnectionPool(host='localhost', port=80): Max retries exceeded with url: /api/cicd/execute (Caused by NewConnectionError(""HTTPConnection(host='localhost', port=80): Failed to establish a new connection: [Errno 111] Connection refused""))"
2026-09-12T23:13:12.797184,1786373852673,POST,http://localhost/api/cicd/execute,0,12.42,"HTTPConnectionPool(host='localhost', port=80): Max retries exceeded with url: /api/cicd/execute (Caused by NewConnectionError(""HTTPConnection(host='localhost', port=80): Failed to establish a new connection: [Errno 111] Connection refused""))"
2026-09-12T23:13:12.797465,1786373852673,POST,http://localhost/api/cicd/execute,0,8.75,"HTTPConnectionPool(host='localhost', port=80): Max retries exceeded with url: /api/cicd/execute (Caused by NewConnectionError(""HTTPConnection(host='localhost', port=80): Failed to establish a new connection: [Errno 111] Connection refused""))"
2026-09-12T23:13:12.797738,1786374210148,GET,http://localhost/api/cicd/status/40665,0,11.24,"HTTPConnectionPool(host='localhost', port=80): Max retries exceeded with url: /api/cicd/status/40665 (Caused by NewConnectionError(""HTTPConnection(host='localhost', port=80): Failed to establish a new connection: [Errno 111] Connection refused""))"
2026-09-12T23:13:12.797987,1786373852673,POST,http://localhost/api/cicd/execute,0,6.92,"HTTPConnectionPool(host='localhost', port=80): Max retries exceeded with url: /api/cicd/execute (Caused by NewConnectionError(""HTTPConnection(host='localhost', port=80): Failed to establish a new connection: [Errno 111] Connection refused""))"
2026-09-12T23:13:12.798434,1786374210148,GET,http://localhost/api/cicd/status/40665,0,8.62,"HTTPConnectionPool(host='localhost', port=80): Max retries exceeded with url: /api/cicd/status/40665 (Caused by NewConnectionError(""HTTPConnection(host='localhost', port=80): Failed to establish a new connection: [Errno 111] Connection refused""))"
2026-09-12T23:13:12.799065,1786374210148,GET,http://localhost/api/cicd/status/40665,0,5.64,"HTTPConnectionPool(host='localhost', port=80): Max retries exceeded with url: /api/cicd/status/40665 (Caused by NewConnectionError(""HTTPConnection(host='localhost', port=80): Failed to establish a new connection: [Errno 111] Connection refused""))"
2026-09-12T23:13:12.865306,1786374210148,GET,http://localhost/api/cicd/status/40665,0,1.62,"HTTPConnectionPool(host='localhost', port=80): Max retries exceeded with url: /api/cicd/status/40665 (Caused by NewConnectionError(""HTTPConnection(host='localhost', port=80): Failed to establish a new connection: [Errno 111] Connection refused""))"
2026-09-12T23:13:12.912704,1786373852673,POST,http://localhost/api/cicd/execute,0,6.29,"HTTPConnectionPool(host='localhost', port=80): Max retries exceeded with url: /api/cicd/execute (Caused by NewConnectionError(""HTTPConnection(host='localhost', port=80): Failed to establish a new connection: [Errno 111] Connection refused""))"
2026-09-12T23:13:12.913127,1786373852673,POST,http://localhost/api/cicd/execute,0,4.51,"HTTPConnectionPool(host='localhost', port=80): Max retries exceeded with url: /api/cicd/execute (Caused by NewConnectionError(""HTTPConnection(host='localhost', port=80): Failed to establish a new connection: [Errno 111] Connection refused""))"
2026-09-12T23:13:12.913405,1786373852673,POST,http://localhost/api/cicd/execute,0,16.99,"HTTPConnectionPool(host='localhost', port=80): Max retries exceeded with url: /api/cicd/execute (Caused by NewConnectionError(""HTTPConnection(host='localhost', port=80): Failed to establish a new connection: [Errno 111] Connection refused""))"
2026-09-12T23:13:12.913998,1786374210148,GET,http://localhost/api/cicd/status/40665,0,14.76,"HTTPConnectionPool(host='localhost', port=80): Max retries exceeded with url: /api/cicd/status/40665 (Caused by NewConnectionError(""HTTPConnection(host='localhost', port=80): Failed to establish a new connection: [Errno 111] Connection refused""))"
2026-09-12T23:13:12.914399,1786374210148,GET,http://localhost/api/cicd/status/40665,0,14.06,"HTTPConnectionPool(host='localhost', port=80): Max retries exceeded with url: /api/cicd/status/40665 (Caused by NewConnectionError(""HTTPConnection(host='localhost', port=80): Failed to establish a new connection: [Errno 111] Connection refused""))"
2026-09-12T23:13:12.914767,1786373852673,POST,http://localhost/api/cicd/execute,0,7.25,"HTTPConnectionPool(host='localhost', port=80): Max retries exceeded with url: /api/cicd/execute (Caused by NewConnectionError(""HTTPConnection(host='localhost', port=80): Failed to establish a new connection: [Errno 111] Connection refused""))"
2026-09-12T23:13:12.915112,1786374210148,GET,http://localhost/api/cicd/status/40665,0,16.95,"HTTPConnectionPool(host='localhost', port=80): Max retries exceeded with url: /api/cicd/status/40665 (Caused by NewConnectionError(""HTTPConnection(host='localhost', port=80): Failed to establish a new connection: [Errno 111] Connection refused""))"
2026-09-12T23:13:12.915492,1786373852673,POST,http://localhost/api/cicd/execute,0,5.19,"HTTPConnectionPool(host='localhost', port=80): Max retries exceeded with url: /api/cicd/execute (Caused by NewConnectionError(""HTTPConnection(host='localhost', port=80): Failed to establish a new connection: [Errno 111] Connection refused""))"
2026-09-12T23:13:12.915815,1786374210148,GET,http://localhost/api/cicd/status/40665,0,14.4,"HTTPConnectionPool(host='localhost', port=80): Max retries exceeded with url: /api/cicd/status/40665 (Caused by NewConnectionError(""HTTPConnection(host='localhost', port=80): Failed to establish a new connection: [Errno 111] Connection refused""))"
2026-09-12T23:13:12.967094,1786373852673,POST,http://localhost/api/cicd/execute,0,1.61,"HTTPConnectionPool(host='localhost', port=80): Max retries exceeded with url: /api/cicd/execute (Caused by NewConnectionError(""HTTPConnection(host='localhost', port=80): Failed to establish a new connection: [Errno 111] Connection refused""))"
2026-09-12T23:13:13.023630,1786374210148,GET,http://localhost/api/cicd/status/40665,0,10.75,"HTTPConnectionPool(host='localhost', port=80): Max retries exceeded with url: /api/cicd/status/40665 (Caused by NewConnectionError(""HTTPConnection(host='localhost', port=80): Failed to establish a new connection: [Errno 111] Connection refused""))"
2026-09-12T23:13:13.025560,1786374210148,GET,http://localhost/api/cicd/status/40665,0,11.63,"HTTPConnectionPool(host='localhost', port=80): Max retries exceeded with url: /api/cicd/status/40665 (Caused by NewConnectionError(""HTTPConnection(host='localhost', port=80): Failed to establish a new connection: [Errno 111] Connection refused""))"
2026-09-12T23:13:13.026173,1786374210148,GET,http://localhost/api/cicd/status/40665,0,7.5,"HTTPConnectionPool(host='localhost', port=80): Max retries exceeded with url: /api/cicd/status/40665 (Caused by NewConnectionError(""HTTPConnection(host='localhost', port=80): Failed to establish a new connection: [Errno 111] Connection refused""))"
2026-09-12T23:13:13.026725,1786374210148,GET,http://localhost/api/cicd/status/40665,0,7.01,"HTTPConnectionPool(host='localhost', port=80): Max retries exceeded with url: /api/cicd/status/40665 (Caused by NewConnectionError(""HTTPConnection(host='localhost', port=80): Failed to establish a new connection: [Errno 111] Connection refused""))"
2026-09-12T23:13:13.027123,1786373852673,POST,http://localhost/api/cicd/execute,0,6.25,"HTTPConnectionPool(host='localhost', port=80): Max retries exceeded with url: /api/cicd/execute (Caused by NewConnectionError(""HTTPConnection(host='localhost', port=80): Failed to establish a new connection: [Errno 111] Connection refused""))"
2026-09-12T23:13:13.027415,1786374210148,GET,http://localhost/api/cicd/status/40665,0,12.47,"HTTPConnectionPool(host='localhost', port=80): Max retries exceeded with url: /api/cicd/status/40665 (Caused by NewConnectionError(""HTTPConnection(host='localhost', port=80): Failed to establish a new connection: [Errno 111] Connection refused""))"
2026-09-12T23:13:13.027634,1786373852673,POST,http://localhost/api/cicd/execute,0,11.51,"HTTPConnectionPool(host='localhost', port=80): Max retries exceeded with url: /api/cicd/execute (Caused by NewConnectionError(""HTTPConnection(host='localhost', port=80): Failed to establish a new connection: [Errno 111] Connection refused""))"
2026-09-12T23:13:13.028128,1786373852673,POST,http://localhost/api/cicd/execute,0,10.71,"HTTPConnectionPool(host='localhost', port=80): Max retries exceeded with url: /api/cicd/execute (Caused by NewConnectionError(""HTTPConnection(host='localhost', port=80): Failed to establish a new connection: [Errno 111] Connection refused""))"
2026-09-12T23:13:13.028400,1786373852673,POST,http://localhost/api/cicd/execute,0,6.19,"HTTPConnectionPool(host='localhost', port=80): Max retries exceeded with url: /api/cicd/execute (Caused by NewConnectionError(""HTTPConnection(host='localhost', port=80): Failed to establish a new connection: [Errno 111] Connection refused""))"
2026-09-12T23:13:13.068834,1786374210148,GET,http://localhost/api/cicd/status/40665,0,1.56,"HTTPConnectionPool(host='localhost', port=80): Max retries exceeded with url: /api/cicd/status/40665 (Caused by NewConnectionError(""HTTPConnection(host='localhost', port=80): Failed to establish a new connection: [Errno 111] Connection refused""))"
2026-09-12T23:13:13.125427,1786373852673,POST,http://localhost/api/cicd/execute,0,1.62,"HTTPConnectionPool(host='localhost', port=80): Max retries exceeded with url: /api/cicd/execute (Caused by NewConnectionError(""HTTPConnection(host='localhost', port=80): Failed to establish a new connection: [Errno 111] Connection refused""))"
2026-09-12T23:13:13.135701,1786373852673,POST,http://localhost/api/cicd/execute,0,8.85,"HTTPConnectionPool(host='localhost', port=80): Max retries exceeded with url: /api/cicd/execute (Caused by NewConnectionError(""HTTPConnection(host='localhost', port=80): Failed to establish a new connection: [Errno 111] Connection refused""))"
2026-09-12T23:13:13.135948,1786373852673,POST,http://localhost/api/cicd/execute,0,10.21,"HTTPConnectionPool(host='localhost', port=80): Max retries exceeded with url: /api/cicd/execute (Caused by NewConnectionError(""HTTPConnection(host='localhost', port=80): Failed to establish a new connection: [Errno 111] Connection refused""))"
2026-09-12T23:13:13.136384,1786374210148,GET,http://localhost/api/cicd/status/40665,0,2.84,"HTTPConnectionPool(host='localhost', port=80): Max retries exceeded with url: /api/cicd/status/40665 (Caused by NewConnectionError(""HTTPConnection(host='localhost', port=80): Failed to establish a new connection: [Errno 111] Connection refused""))"
2026-09-12T23:13:13.137046,1786373852673,POST,http://localhost/api/cicd/execute,0,9.09,"HTTPConnectionPool(host='localhost', port=80): Max retries exceeded with url: /api/cicd/execute (Caused by NewConnectionError(""HTTPConnection(host='localhost', port=80): Failed to establish a new connection: [Errno 111] Connection refused""))"
2026-09-12T23:13:13.137410,1786374210148,GET,http://localhost/api/cicd/status/40665,0,5.27,"HTTPConnectionPool(host='localhost', port=80): Max retries exceeded with url: /api/cicd/status/40665 (Caused by NewConnectionError(""HTTPConnection(host='localhost', port=80): Failed to establish a new connection: [Errno 111] Connection refused""))"
2026-09-12T23:13:13.137751,1786374210148,GET,http://localhost/api/cicd/status/40665,0,8.65,"HTTPConnectionPool(host='localhost', port=80): Max retries exceeded with url: /api/cicd/status/40665 (Caused by NewConnectionError(""HTTPConnection(host='localhost', port=80): Failed to establish a new connection: [Errno 111] Connection refused""))"
2026-09-12T23:13:13.138345,1786373852673,POST,http://localhost/api/cicd/execute,0,7.04,"HTTPConnectionPool(host='localhost', port=80): Max retries exceeded with url: /api/cicd/execute (Caused by NewConnectionError(""HTTPConnection(host='localhost', port=80): Failed to establish a new connection: [Errno 111] Connection refused""))"
2026-09-12T23:13:13.138737,1786374210148,GET,http://localhost/api/cicd/status/40665,0,8.47,"HTTPConnectionPool(host='localhost', port=80): Max retries exceeded with url: /api/cicd/status/40665 (Caused by NewConnectionError(""HTTPConnection(host='localhost', port=80): Failed to establish a new connection: [Errno 111] Connection refused""))"
2026-09-12T23:13:13.170643,1786373852673,POST,http://localhost/api/cicd/execute,0,1.64,"HTTPConnectionPool(host='localhost', port=80): Max retries exceeded with url: /api/cicd/execute (Caused by NewConnectionError(""HTTPConnection(host='localhost', port=80): Failed to establish a new connection: [Errno 111] Connection refused""))"
2026-09-12T23:13:13.227188,1786374210148,GET,http://localhost/api/cicd/status/40665,0,1.59,"HTTPConnectionPool(host='localhost', port=80): Max retries exceeded with url: /api/cicd/status/40665 (Caused by NewConnectionError(""HTTPConnection(host='localhost', port=80): Failed to establish a new connection: [Errno 111] Connection refused""))"
2026-09-12T23:13:13.246016,1786374210148,GET,http://localhost/api/cicd/status/40665,0,6.68,"HTTPConnectionPool(host='localhost', port=80): Max retries exceeded with url: /api/cicd/status/40665 (Caused by NewConnectionError(""HTTPConnection(host='localhost', port=80): Failed to establish a new connection: [Errno 111] Connection refused""))"
2026-09-12T23:13:13.246467,1786374210148,GET,http://localhost/api/cicd/status/40665,0,10.59,"HTTPConnectionPool(host='localhost', port=80): Max retries exceeded with url: /api/cicd/status/40665 (Caused by NewConnectionError(""HTTPConnection(host='localhost', port=80): Failed to establish a new connection: [Errno 111] Connection refused""))"
2026-09-12T23:13:13.247121,1786374210148,GET,http://localhost/api/cicd/status/40665,0,10.19,"HTTPConnectionPool(host='localhost', port=80): Max retries exceeded with url: /api/cicd/status/40665 (Caused by NewConnectionError(""HTTPConnection(host='localhost', port=80): Failed to establish a new connection: [Errno 111] Connection refused""))"
2026-09-12T23:13:13.247508,1786373852673,POST,http://localhost/api/cicd/execute,0,4.92,"HTTPConnectionPool(host='localhost', port=80): Max retries exceeded with url: /api/cicd/execute (Caused by NewConnectionError(""HTTPConnection(host='localhost', port=80): Failed to establish a new connection: [Errno 111] Connection refused""))"
2026-09-12T23:13:13.247969,1786374210148,GET,http://localhost/api/cicd/status/40665,0,7.53,"HTTPConnectionPool(host='localhost', port=80): Max retries exceeded with url: /api/cicd/status/40665 (Caused by NewConnectionError(""HTTPConnection(host='localhost', port=80): Failed to establish a new connection: [Errno 111] Connection refused""))"
2026-09-12T23:13:13.248224,1786373852673,POST,http://localhost/api/cicd/execute,0,10.22,"HTTPConnectionPool(host='localhost', port=80): Max retries exceeded with url: /api/cicd/execute (Caused by NewConnectionError(""HTTPConnection(host='localhost', port=80): Failed to establish a new connection: [Errno 111] Connection refused""))"
2026-09-12T23:13:13.248457,1786373852673,POST,http://localhost/api/cicd/execute,0,4.66,"HTTPConnectionPool(host='localhost', port=80): Max retries exceeded with url: /api/cicd/execute (Caused by NewConnectionError(""HTTPConnection(host='localhost', port=80): Failed to establish a new connection: [Errno 111] Connection refused""))"
2026-09-12T23:13:13.248814,1786373852673,POST,http://localhost/api/cicd/execute,0,7.32,"HTTPConnectionPool(host='localhost', port=80): Max retries exceeded with url: /api/cicd/execute (Caused by NewConnectionError(""HTTPConnection(host='localhost', port=80): Failed to establish a new connection: [Errno 111] Connection refused""))"
2026-09-12T23:13:13.272409,1786374210148,GET,http://localhost/api/cicd/status/40665,0,1.59,"HTTPConnectionPool(host='localhost', port=80): Max retries exceeded with url: /api/cicd/status/40665 (Caused by NewConnectionError(""HTTPConnection(host='localhost', port=80): Failed to establish a new connection: [Errno 111] Connection refused""))"
2026-09-12T23:13:13.328984,1786373852673,POST,http://localhost/api/cicd/execute,0,1.61,"HTTPConnectionPool(host='localhost', port=80): Max retries exceeded with url: /api/cicd/execute (Caused by NewConnectionError(""HTTPConnection(host='localhost', port=80): Failed to establish a new connection: [Errno 111] Connection refused""))"
2026-09-12T23:13:13.357091,1786373852673,POST,http://localhost/api/cicd/execute,0,9.3,"HTTPConnectionPool(host='localhost', port=80): Max retries exceeded with url: /api/cicd/execute (Caused by NewConnectionError(""HTTPConnection(host='localhost', port=80): Failed to establish a new connection: [Errno 111] Connection refused""))"
2026-09-12T23:13:13.357331,1786374210148,GET,http://localhost/api/cicd/status/40665,0,5.05,"HTTPConnectionPool(host='localhost', port=80): Max retries exceeded with url: /api/cicd/status/40665 (Caused by NewConnectionError(""HTTPConnection(host='localhost', port=80): Failed to establish a new connection: [Errno 111] Connection refused""))"
2026-09-12T23:13:13.358140,1786373852673,POST,http://localhost/api/cicd/execute,0,4.45,"HTTPConnectionPool(host='localhost', port=80): Max retries exceeded with url: /api/cicd/execute (Caused by NewConnectionError(""HTTPConnection(host='localhost', port=80): Failed to establish a new connection: [Errno 111] Connection refused""))"
2026-09-12T23:13:13.358488,1786373852673,POST,http://localhost/api/cicd/execute,0,12.3,"HTTPConnectionPool(host='localhost', port=80): Max retries exceeded with url: /api/cicd/execute (Caused by NewConnectionError(""HTTPConnection(host='localhost', port=80): Failed to establish a new connection: [Errno 111] Connection refused""))"
2026-09-12T23:13:13.358789,1786373852673,POST,http://localhost/api/cicd/execute,0,9.89,"HTTPConnectionPool(host='localhost', port=80): Max retries exceeded with url: /api/cicd/execute (Caused by NewConnectionError(""HTTPConnection(host='localhost', port=80): Failed to establish a new connection: [Errno 111] Connection refused""))"
2026-09-12T23:13:13.359176,1786374210148,GET,http://localhost/api/cicd/status/40665,0,9.17,"HTTPConnectionPool(host='localhost', port=80): Max retries exceeded with url: /api/cicd/status/40665 (Caused by NewConnectionError(""HTTPConnection(host='localhost', port=80): Failed to establish a new connection: [Errno 111] Connection refused""))"
2026-09-12T23:13:13.359447,1786374210148,GET,http://localhost/api/cicd/status/40665,0,8.22,"HTTPConnectionPool(host='localhost', port=80): Max retries exceeded with url: /api/cicd/status/40665 (Caused by NewConnectionError(""HTTPConnection(host='localhost', port=80): Failed to establish a new connection: [Errno 111] Connection refused""))"
2026-09-12T23:13:13.359874,1786374210148,GET,http://localhost/api/cicd/status/40665,0,4.53,"HTTPConnectionPool(host='localhost', port=80): Max retries exceeded with url: /api/cicd/status/40665 (Caused by NewConnectionError(""HTTPConnection(host='localhost', port=80): Failed to establish a new connection: [Errno 111] Connection refused""))"
2026-09-12T23:13:13.374216,1786373852673,POST,http://localhost/api/cicd/execute,0,1.63,"HTTPConnectionPool(host='localhost', port=80): Max retries exceeded with url: /api/cicd/execute (Caused by NewConnectionError(""HTTPConnection(host='localhost', port=80): Failed to establish a new connection: [Errno 111] Connection refused""))"
2026-09-12T23:13:13.430778,1786374210148,GET,http://localhost/api/cicd/status/40665,0,1.6,"HTTPConnectionPool(host='localhost', port=80): Max retries exceeded with url: /api/cicd/status/40665 (Caused by NewConnectionError(""HTTPConnection(host='localhost', port=80): Failed to establish a new connection: [Errno 111] Connection refused""))"
2026-09-12T23:13:13.468564,1786374210148,GET,http://localhost/api/cicd/status/40665,0,11.29,"HTTPConnectionPool(host='localhost', port=80): Max retries exceeded with url: /api/cicd/status/40665 (Caused by NewConnectionError(""HTTPConnection(host='localhost', port=80): Failed to establish a new connection: [Errno 111] Connection refused""))"
2026-09-12T23:13:13.468962,1786373852673,POST,http://localhost/api/cicd/execute,0,7.05,"HTTPConnectionPool(host='localhost', port=80): Max retries exceeded with url: /api/cicd/execute (Caused by NewConnectionError(""HTTPConnection(host='localhost', port=80): Failed to establish a new connection: [Errno 111] Connection refused""))"
2026-09-12T23:13:13.469248,1786374210148,GET,http://localhost/api/cicd/status/40665,0,10.92,"HTTPConnectionPool(host='localhost', port=80): Max retries exceeded with url: /api/cicd/status/40665 (Caused by NewConnectionError(""HTTPConnection(host='localhost', port=80): Failed to establish a new connection: [Errno 111] Connection refused""))"
2026-09-12T23:13:13.469570,1786374210148,GET,http://localhost/api/cicd/status/40665,0,8.99,"HTTPConnectionPool(host='localhost', port=80): Max retries exceeded with url: /api/cicd/status/40665 (Caused by NewConnectionError(""HTTPConnection(host='localhost', port=80): Failed to establish a new connection: [Errno 111] Connection refused""))"
2026-09-12T23:13:13.469828,1786373852673,POST,http://localhost/api/cicd/execute,0,10.48,"HTTPConnectionPool(host='localhost', port=80): Max retries exceeded with url: /api/cicd/execute (Caused by NewConnectionError(""HTTPConnection(host='localhost', port=80): Failed to establish a new connection: [Errno 111] Connection refused""))"
2026-09-12T23:13:13.470306,1786374210148,GET,http://localhost/api/cicd/status/40665,0,6.09,"HTTPConnectionPool(host='localhost', port=80): Max retries exceeded with url: /api/cicd/status/40665 (Caused by NewConnectionError(""HTTPConnection(host='localhost', port=80): Failed to establish a new connection: [Errno 111] Connection refused""))"
2026-09-12T23:13:13.470534,1786373852673,POST,http://localhost/api/cicd/execute,0,7.52,"HTTPConnectionPool(host='localhost', port=80): Max retries exceeded with url: /api/cicd/execute (Caused by NewConnectionError(""HTTPConnection(host='localhost', port=80): Failed to establish a new connection: [Errno 111] Connection refused""))"
2026-09-12T23:13:13.470825,1786373852673,POST,http://localhost/api/cicd/execute,0,4.93,"HTTPConnectionPool(host='localhost', port=80): Max retries exceeded with url: /api/cicd/execute (Caused by NewConnectionError(""HTTPConnection(host='localhost', port=80): Failed to establish a new connection: [Errno 111] Connection refused""))"
2026-09-12T23:13:13.475946,1786374210148,GET,http://localhost/api/cicd/status/40665,0,1.56,"HTTPConnectionPool(host='localhost', port=80): Max retries exceeded with url: /api/cicd/status/40665 (Caused by NewConnectionError(""HTTPConnection(host='localhost', port=80): Failed to establish a new connection: [Errno 111] Connection refused""))"
2026-09-12T23:13:13.532687,1786373852673,POST,http://localhost/api/cicd/execute,0,1.72,"HTTPConnectionPool(host='localhost', port=80): Max retries exceeded with url: /api/cicd/execute (Caused by NewConnectionError(""HTTPConnection(host='localhost', port=80): Failed to establish a new connection: [Errno 111] Connection refused""))"
2026-09-12T23:13:13.580909,1786374210148,GET,http://localhost/api/cicd/status/40665,0,11.05,"HTTPConnectionPool(host='localhost', port=80): Max retries exceeded with url: /api/cicd/status/40665 (Caused by NewConnectionError(""HTTPConnection(host='localhost', port=80): Failed to establish a new connection: [Errno 111] Connection refused""))"
2026-09-12T23:13:13.581267,1786373852673,POST,http://localhost/api/cicd/execute,0,6.97,"HTTPConnectionPool(host='localhost', port=80): Max retries exceeded with url: /api/cicd/execute (Caused by NewConnectionError(""HTTPConnection(host='localhost', port=80): Failed to establish a new connection: [Errno 111] Connection refused""))"
2026-09-12T23:13:13.582179,1786373852673,POST,http://localhost/api/cicd/execute,0,11.24,"HTTPConnectionPool(host='localhost', port=80): Max retries exceeded with url: /api/cicd/execute (Caused by NewConnectionError(""HTTPConnection(host='localhost', port=80): Failed to establish a new connection: [Errno 111] Connection refused""))"
2026-09-12T23:13:13.582401,1786374210148,GET,http://localhost/api/cicd/status/40665,0,6.82,"HTTPConnectionPool(host='localhost', port=80): Max retries exceeded with url: /api/cicd/status/40665 (Caused by NewConnectionError(""HTTPConnection(host='localhost', port=80): Failed to establish a new connection: [Errno 111] Connection refused""))"
2026-09-12T23:13:13.582752,1786374210148,GET,http://localhost/api/cicd/status/40665,0,9.58,"HTTPConnectionPool(host='localhost', port=80): Max retries exceeded with url: /api/cicd/status/40665 (Caused by NewConnectionError(""HTTPConnection(host='localhost', port=80): Failed to establish a new connection: [Errno 111] Connection refused""))"
2026-09-12T23:13:13.583076,1786373852673,POST,http://localhost/api/cicd/execute,0,14.33,"HTTPConnectionPool(host='localhost', port=80): Max retries exceeded with url: /api/cicd/execute (Caused by NewConnectionError(""HTTPConnection(host='localhost', port=80): Failed to establish a new connection: [Errno 111] Connection refused""))"
2026-09-12T23:13:13.583530,1786373852673,POST,http://localhost/api/cicd/execute,0,11.49,"HTTPConnectionPool(host='localhost', port=80): Max retries exceeded with url: /api/cicd/execute (Caused by NewConnectionError(""HTTPConnection(host='localhost', port=80): Failed to establish a new connection: [Errno 111] Connection refused""))"
2026-09-12T23:13:13.583734,1786374210148,GET,http://localhost/api/cicd/status/40665,0,6.57,"HTTPConnectionPool(host='localhost', port=80): Max retries exceeded with url: /api/cicd/status/40665 (Caused by NewConnectionError(""HTTPConnection(host='localhost', port=80): Failed to establish a new connection: [Errno 111] Connection refused""))"
2026-09-12T23:13:13.584020,1786373852673,POST,http://localhost/api/cicd/execute,0,5.42,"HTTPConnectionPool(host='localhost', port=80): Max retries exceeded with url: /api/cicd/execute (Caused by NewConnectionError(""HTTPConnection(host='localhost', port=80): Failed to establish a new connection: [Errno 111] Connection refused""))"
2026-09-12T23:13:13.634510,1786374210148,GET,http://localhost/api/cicd/status/40665,0,1.65,"HTTPConnectionPool(host='localhost', port=80): Max retries exceeded with url: /api/cicd/status/40665 (Caused by NewConnectionError(""HTTPConnection(host='localhost', port=80): Failed to establish a new connection: [Errno 111] Connection refused""))"
2026-09-12T23:13:13.689672,1786373852673,POST,http://localhost/api/cicd/execute,0,8.58,"HTTPConnectionPool(host='localhost', port=80): Max retries exceeded with url: /api/cicd/execute (Caused by NewConnectionError(""HTTPConnection(host='localhost', port=80): Failed to establish a new connection: [Errno 111] Connection refused""))"
2026-09-12T23:13:13.693486,1786374210148,GET,http://localhost/api/cicd/status/40665,0,11.23,"HTTPConnectionPool(host='localhost', port=80): Max retries exceeded with url: /api/cicd/status/40665 (Caused by NewConnectionError(""HTTPConnection(host='localhost', port=80): Failed to establish a new connection: [Errno 111] Connection refused""))"
2026-09-12T23:13:13.693945,1786374210148,GET,http://localhost/api/cicd/status/40665,0,5.81,"HTTPConnectionPool(host='localhost', port=80): Max retries exceeded with url: /api/cicd/status/40665 (Caused by NewConnectionError(""HTTPConnection(host='localhost', port=80): Failed to establish a new connection: [Errno 111] Connection refused""))"
2026-09-12T23:13:13.694689,1786373852673,POST,http://localhost/api/cicd/execute,0,4.75,"HTTPConnectionPool(host='localhost', port=80): Max retries exceeded with url: /api/cicd/execute (Caused by NewConnectionError(""HTTPConnection(host='localhost', port=80): Failed to establish a new connection: [Errno 111] Connection refused""))"
2026-09-12T23:13:13.694996,1786373852673,POST,http://localhost/api/cicd/execute,0,10.47,"HTTPConnectionPool(host='localhost', port=80): Max retries exceeded with url: /api/cicd/execute (Caused by NewConnectionError(""HTTPConnection(host='localhost', port=80): Failed to establish a new connection: [Errno 111] Connection refused""))"
2026-09-12T23:13:13.695304,1786374210148,GET,http://localhost/api/cicd/status/40665,0,8.33,"HTTPConnectionPool(host='localhost', port=80): Max retries exceeded with url: /api/cicd/status/40665 (Caused by NewConnectionError(""HTTPConnection(host='localhost', port=80): Failed to establish a new connection: [Errno 111] Connection refused""))"
2026-09-12T23:13:13.695570,1786374210148,GET,http://localhost/api/cicd/status/40665,0,12.22,"HTTPConnectionPool(host='localhost', port=80): Max retries exceeded with url: /api/cicd/status/40665 (Caused by NewConnectionError(""HTTPConnection(host='localhost', port=80): Failed to establish a new connection: [Errno 111] Connection refused""))"
2026-09-12T23:13:13.696238,1786374210148,GET,http://localhost/api/cicd/status/40665,0,10.48,"HTTPConnectionPool(host='localhost', port=80): Max retries exceeded with url: /api/cicd/status/40665 (Caused by NewConnectionError(""HTTPConnection(host='localhost', port=80): Failed to establish a new connection: [Errno 111] Connection refused""))"
2026-09-12T23:13:13.696921,1786373852673,POST,http://localhost/api/cicd/execute,0,5.19,"HTTPConnectionPool(host='localhost', port=80): Max retries exceeded with url: /api/cicd/execute (Caused by NewConnectionError(""HTTPConnection(host='localhost', port=80): Failed to establish a new connection: [Errno 111] Connection refused""))"
2026-09-12T23:13:13.736409,1786373852673,POST,http://localhost/api/cicd/execute,0,1.71,"HTTPConnectionPool(host='localhost', port=80): Max retries exceeded with url: /api/cicd/execute (Caused by NewConnectionError(""HTTPConnection(host='localhost', port=80): Failed to establish a new connection: [Errno 111] Connection refused""))"
2026-09-12T23:13:13.791489,1786374210148,GET,http://localhost/api/cicd/status/40665,0,1.63,"HTTPConnectionPool(host='localhost', port=80): Max retries exceeded with url: /api/cicd/status/40665 (Caused by NewConnectionError(""HTTPConnection(host='localhost', port=80): Failed to establish a new connection: [Errno 111] Connection refused""))"
2026-09-12T23:13:13.804512,1786373852673,POST,http://localhost/api/cicd/execute,0,9.69,"HTTPConnectionPool(host='localhost', port=80): Max retries exceeded with url: /api/cicd/execute (Caused by NewConnectionError(""HTTPConnection(host='localhost', port=80): Failed to establish a new connection: [Errno 111] Connection refused""))"
2026-09-12T23:13:13.804879,1786373852673,POST,http://localhost/api/cicd/execute,0,11.21,"HTTPConnectionPool(host='localhost', port=80): Max retries exceeded with url: /api/cicd/execute (Caused by NewConnectionError(""HTTPConnection(host='localhost', port=80): Failed to establish a new connection: [Errno 111] Connection refused""))"
2026-09-12T23:13:13.805631,1786373852673,POST,http://localhost/api/cicd/execute,0,4.68,"HTTPConnectionPool(host='localhost', port=80): Max retries exceeded with url: /api/cicd/execute (Caused by NewConnectionError(""HTTPConnection(host='localhost', port=80): Failed to establish a new connection: [Errno 111] Connection refused""))"
2026-09-12T23:13:13.806338,1786373852673,POST,http://localhost/api/cicd/execute,0,7.66,"HTTPConnectionPool(host='localhost', port=80): Max retries exceeded with url: /api/cicd/execute (Caused by NewConnectionError(""HTTPConnection(host='localhost', port=80): Failed to establish a new connection: [Errno 111] Connection refused""))"
2026-09-12T23:13:13.806589,1786373852673,POST,http://localhost/api/cicd/execute,0,6.78,"HTTPConnectionPool(host='localhost', port=80): Max retries exceeded with url: /api/cicd/execute (Caused by NewConnectionError(""HTTPConnection(host='localhost', port=80): Failed to establish a new connection: [Errno 111] Connection refused""))"
2026-09-12T23:13:13.807023,1786374210148,GET,http://localhost/api/cicd/status/40665,0,11.08,"HTTPConnectionPool(host='localhost', port=80): Max retries exceeded with url: /api/cicd/status/40665 (Caused by NewConnectionError(""HTTPConnection(host='localhost', port=80): Failed to establish a new connection: [Errno 111] Connection refused""))"
2026-09-12T23:13:13.807360,1786374210148,GET,http://localhost/api/cicd/status/40665,0,4.96,"HTTPConnectionPool(host='localhost', port=80): Max retries exceeded with url: /api/cicd/status/40665 (Caused by NewConnectionError(""HTTPConnection(host='localhost', port=80): Failed to establish a new connection: [Errno 111] Connection refused""))"
2026-09-12T23:13:13.807712,1786374210148,GET,http://localhost/api/cicd/status/40665,0,10.22,"HTTPConnectionPool(host='localhost', port=80): Max retries exceeded with url: /api/cicd/status/40665 (Caused by NewConnectionError(""HTTPConnection(host='localhost', port=80): Failed to establish a new connection: [Errno 111] Connection refused""))"
2026-09-12T23:13:13.838252,1786374210148,GET,http://localhost/api/cicd/status/40665,0,1.66,"HTTPConnectionPool(host='localhost', port=80): Max retries exceeded with url: /api/cicd/status/40665 (Caused by NewConnectionError(""HTTPConnection(host='localhost', port=80): Failed to establish a new connection: [Errno 111] Connection refused""))"
2026-09-12T23:13:13.893373,1786373852673,POST,http://localhost/api/cicd/execute,0,1.7,"HTTPConnectionPool(host='localhost', port=80): Max retries exceeded with url: /api/cicd/execute (Caused by NewConnectionError(""HTTPConnection(host='localhost', port=80): Failed to establish a new connection: [Errno 111] Connection refused""))"
2026-09-12T23:13:13.916689,1786374210148,GET,http://localhost/api/cicd/status/40665,0,11.99,"HTTPConnectionPool(host='localhost', port=80): Max retries exceeded with url: /api/cicd/status/40665 (Caused by NewConnectionError(""HTTPConnection(host='localhost', port=80): Failed to establish a new connection: [Errno 111] Connection refused""))"
2026-09-12T23:13:13.917112,1786373852673,POST,http://localhost/api/cicd/execute,0,7.28,"HTTPConnectionPool(host='localhost', port=80): Max retries exceeded with url: /api/cicd/execute (Caused by NewConnectionError(""HTTPConnection(host='localhost', port=80): Failed to establish a new connection: [Errno 111] Connection refused""))"
2026-09-12T23:13:13.917375,1786374210148,GET,http://localhost/api/cicd/status/40665,0,9.98,"HTTPConnectionPool(host='localhost', port=80): Max retries exceeded with url: /api/cicd/status/40665 (Caused by NewConnectionError(""HTTPConnection(host='localhost', port=80): Failed to establish a new connection: [Errno 111] Connection refused""))"
2026-09-12T23:13:13.917792,1786374210148,GET,http://localhost/api/cicd/status/40665,0,12.0,"HTTPConnectionPool(host='localhost', port=80): Max retries exceeded with url: /api/cicd/status/40665 (Caused by NewConnectionError(""HTTPConnection(host='localhost', port=80): Failed to establish a new connection: [Errno 111] Connection refused""))"
2026-09-12T23:13:13.918018,1786373852673,POST,http://localhost/api/cicd/execute,0,5.27,"HTTPConnectionPool(host='localhost', port=80): Max retries exceeded with url: /api/cicd/execute (Caused by NewConnectionError(""HTTPConnection(host='localhost', port=80): Failed to establish a new connection: [Errno 111] Connection refused""))"
2026-09-12T23:13:13.918713,1786374210148,GET,http://localhost/api/cicd/status/40665,0,7.64,"HTTPConnectionPool(host='localhost', port=80): Max retries exceeded with url: /api/cicd/status/40665 (Caused by NewConnectionError(""HTTPConnection(host='localhost', port=80): Failed to establish a new connection: [Errno 111] Connection refused""))"
2026-09-12T23:13:13.919098,1786373852673,POST,http://localhost/api/cicd/execute,0,4.36,"HTTPConnectionPool(host='localhost', port=80): Max retries exceeded with url: /api/cicd/execute (Caused by NewConnectionError(""HTTPConnection(host='localhost', port=80): Failed to establish a new connection: [Errno 111] Connection refused""))"
2026-09-12T23:13:13.919413,1786374210148,GET,http://localhost/api/cicd/status/40665,0,10.79,"HTTPConnectionPool(host='localhost', port=80): Max retries exceeded with url: /api/cicd/status/40665 (Caused by NewConnectionError(""HTTPConnection(host='localhost', port=80): Failed to establish a new connection: [Errno 111] Connection refused""))"
2026-09-12T23:13:13.940108,1786373852673,POST,http://localhost/api/cicd/execute,0,1.69,"HTTPConnectionPool(host='localhost', port=80): Max retries exceeded with url: /api/cicd/execute (Caused by NewConnectionError(""HTTPConnection(host='localhost', port=80): Failed to establish a new connection: [Errno 111] Connection refused""))"
2026-09-12T23:13:13.995237,1786374210148,GET,http://localhost/api/cicd/status/40665,0,1.66,"HTTPConnectionPool(host='localhost', port=80): Max retries exceeded with url: /api/cicd/status/40665 (Caused by NewConnectionError(""HTTPConnection(host='localhost', port=80): Failed to establish a new connection: [Errno 111] Connection refused""))"
2026-09-12T23:13:14.027227,1786373852673,POST,http://localhost/api/cicd/execute,0,8.13,"HTTPConnectionPool(host='localhost', port=80): Max retries exceeded with url: /api/cicd/execute (Caused by NewConnectionError(""HTTPConnection(host='localhost', port=80): Failed to establish a new connection: [Errno 111] Connection refused""))"
2026-09-12T23:13:14.028200,1786373852673,POST,http://localhost/api/cicd/execute,0,11.31,"HTTPConnectionPool(host='localhost', port=80): Max retries exceeded with url: /api/cicd/execute (Caused by NewConnectionError(""HTTPConnection(host='localhost', port=80): Failed to establish a new connection: [Errno 111] Connection refused""))"
2026-09-12T23:13:14.028572,1786373852673,POST,http://localhost/api/cicd/execute,0,3.94,"HTTPConnectionPool(host='localhost', port=80): Max retries exceeded with url: /api/cicd/execute (Caused by NewConnectionError(""HTTPConnection(host='localhost', port=80): Failed to establish a new connection: [Errno 111] Connection refused""))"
2026-09-12T23:13:14.028962,1786374210148,GET,http://localhost/api/cicd/status/40665,0,8.73,"HTTPConnectionPool(host='localhost', port=80): Max retries exceeded with url: /api/cicd/status/40665 (Caused by NewConnectionError(""HTTPConnection(host='localhost', port=80): Failed to establish a new connection: [Errno 111] Connection refused""))"
2026-09-12T23:13:14.029408,1786373852673,POST,http://localhost/api/cicd/execute,0,6.1,"HTTPConnectionPool(host='localhost', port=80): Max retries exceeded with url: /api/cicd/execute (Caused by NewConnectionError(""HTTPConnection(host='localhost', port=80): Failed to establish a new connection: [Errno 111] Connection refused""))"
2026-09-12T23:13:14.029849,1786374210148,GET,http://localhost/api/cicd/status/40665,0,7.65,"HTTPConnectionPool(host='localhost', port=80): Max retries exceeded with url: /api/cicd/status/40665 (Caused by NewConnectionError(""HTTPConnection(host='localhost', port=80): Failed to establish a new connection: [Errno 111] Connection refused""))"
2026-09-12T23:13:14.030204,1786373852673,POST,http://localhost/api/cicd/execute,0,12.22,"HTTPConnectionPool(host='localhost', port=80): Max retries exceeded with url: /api/cicd/execute (Caused by NewConnectionError(""HTTPConnection(host='localhost', port=80): Failed to establish a new connection: [Errno 111] Connection refused""))"
2026-09-12T23:13:14.030464,1786374210148,GET,http://localhost/api/cicd/status/40665,0,9.36,"HTTPConnectionPool(host='localhost', port=80): Max retries exceeded with url: /api/cicd/status/40665 (Caused by NewConnectionError(""HTTPConnection(host='localhost', port=80): Failed to establish a new connection: [Errno 111] Connection refused""))"
2026-09-12T23:13:14.041848,1786374210148,GET,http://localhost/api/cicd/status/40665,0,1.61,"HTTPConnectionPool(host='localhost', port=80): Max retries exceeded with url: /api/cicd/status/40665 (Caused by NewConnectionError(""HTTPConnection(host='localhost', port=80): Failed to establish a new connection: [Errno 111] Connection refused""))"
2026-09-12T23:13:14.097771,1786373852673,POST,http://localhost/api/cicd/execute,0,2.28,"HTTPConnectionPool(host='localhost', port=80): Max retries exceeded with url: /api/cicd/execute (Caused by NewConnectionError(""HTTPConnection(host='localhost', port=80): Failed to establish a new connection: [Errno 111] Connection refused""))"
2026-09-12T23:13:14.137849,1786374210148,GET,http://localhost/api/cicd/status/40665,0,9.4,"HTTPConnectionPool(host='localhost', port=80): Max retries exceeded with url: /api/cicd/status/40665 (Caused by NewConnectionError(""HTTPConnection(host='localhost', port=80): Failed to establish a new connection: [Errno 111] Connection refused""))"
2026-09-12T23:13:14.138142,1786374210148,GET,http://localhost/api/cicd/status/40665,0,10.77,"HTTPConnectionPool(host='localhost', port=80): Max retries exceeded with url: /api/cicd/status/40665 (Caused by NewConnectionError(""HTTPConnection(host='localhost', port=80): Failed to establish a new connection: [Errno 111] Connection refused""))"
2026-09-12T23:13:14.138785,1786374210148,GET,http://localhost/api/cicd/status/40665,0,8.0,"HTTPConnectionPool(host='localhost', port=80): Max retries exceeded with url: /api/cicd/status/40665 (Caused by NewConnectionError(""HTTPConnection(host='localhost', port=80): Failed to establish a new connection: [Errno 111] Connection refused""))"
2026-09-12T23:13:14.139056,1786373852673,POST,http://localhost/api/cicd/execute,0,5.83,"HTTPConnectionPool(host='localhost', port=80): Max retries exceeded with url: /api/cicd/execute (Caused by NewConnectionError(""HTTPConnection(host='localhost', port=80): Failed to establish a new connection: [Errno 111] Connection refused""))"
2026-09-12T23:13:14.139883,1786374210148,GET,http://localhost/api/cicd/status/40665,0,9.66,"HTTPConnectionPool(host='localhost', port=80): Max retries exceeded with url: /api/cicd/status/40665 (Caused by NewConnectionError(""HTTPConnection(host='localhost', port=80): Failed to establish a new connection: [Errno 111] Connection refused""))"
2026-09-12T23:13:14.140409,1786374210148,GET,http://localhost/api/cicd/status/40665,0,5.79,"HTTPConnectionPool(host='localhost', port=80): Max retries exceeded with url: /api/cicd/status/40665 (Caused by NewConnectionError(""HTTPConnection(host='localhost', port=80): Failed to establish a new connection: [Errno 111] Connection refused""))"
2026-09-12T23:13:14.140764,1786373852673,POST,http://localhost/api/cicd/execute,0,5.01,"HTTPConnectionPool(host='localhost', port=80): Max retries exceeded with url: /api/cicd/execute (Caused by NewConnectionError(""HTTPConnection(host='localhost', port=80): Failed to establish a new connection: [Errno 111] Connection refused""))"
2026-09-12T23:13:14.141026,1786373852673,POST,http://localhost/api/cicd/execute,0,9.15,"HTTPConnectionPool(host='localhost', port=80): Max retries exceeded with url: /api/cicd/execute (Caused by NewConnectionError(""HTTPConnection(host='localhost', port=80): Failed to establish a new connection: [Errno 111] Connection refused""))"
2026-09-12T23:13:14.143381,1786373852673,POST,http://localhost/api/cicd/execute,0,1.38,"HTTPConnectionPool(host='localhost', port=80): Max retries exceeded with url: /api/cicd/execute (Caused by NewConnectionError(""HTTPConnection(host='localhost', port=80): Failed to establish a new connection: [Errno 111] Connection refused""))"
2026-09-12T23:13:14.199598,1786374210148,GET,http://localhost/api/cicd/status/40665,0,1.6,"HTTPConnectionPool(host='localhost', port=80): Max retries exceeded with url: /api/cicd/status/40665 (Caused by NewConnectionError(""HTTPConnection(host='localhost', port=80): Failed to establish a new connection: [Errno 111] Connection refused""))"
2026-09-12T23:13:14.249845,1786373852673,POST,http://localhost/api/cicd/execute,0,11.81,"HTTPConnectionPool(host='localhost', port=80): Max retries exceeded with url: /api/cicd/execute (Caused by NewConnectionError(""HTTPConnection(host='localhost', port=80): Failed to establish a new connection: [Errno 111] Connection refused""))"
2026-09-12T23:13:14.250492,1786374210148,GET,http://localhost/api/cicd/status/40665,0,6.86,"HTTPConnectionPool(host='localhost', port=80): Max retries exceeded with url: /api/cicd/status/40665 (Caused by NewConnectionError(""HTTPConnection(host='localhost', port=80): Failed to establish a new connection: [Errno 111] Connection refused""))"
2026-09-12T23:13:14.250833,1786374210148,GET,http://localhost/api/cicd/status/40665,0,3.54,"HTTPConnectionPool(host='localhost', port=80): Max retries exceeded with url: /api/cicd/status/40665 (Caused by NewConnectionError(""HTTPConnection(host='localhost', port=80): Failed to establish a new connection: [Errno 111] Connection refused""))"
2026-09-12T23:13:14.251083,1786373852673,POST,http://localhost/api/cicd/execute,0,10.8,"HTTPConnectionPool(host='localhost', port=80): Max retries exceeded with url: /api/cicd/execute (Caused by NewConnectionError(""HTTPConnection(host='localhost', port=80): Failed to establish a new connection: [Errno 111] Connection refused""))"
2026-09-12T23:13:14.251431,1786374210148,GET,http://localhost/api/cicd/status/40665,0,6.72,"HTTPConnectionPool(host='localhost', port=80): Max retries exceeded with url: /api/cicd/status/40665 (Caused by NewConnectionError(""HTTPConnection(host='localhost', port=80): Failed to establish a new connection: [Errno 111] Connection refused""))"
2026-09-12T23:13:14.251687,1786374210148,GET,http://localhost/api/cicd/status/40665,0,10.29,"HTTPConnectionPool(host='localhost', port=80): Max retries exceeded with url: /api/cicd/status/40665 (Caused by NewConnectionError(""HTTPConnection(host='localhost', port=80): Failed to establish a new connection: [Errno 111] Connection refused""))"
2026-09-12T23:13:14.252163,1786373852673,POST,http://localhost/api/cicd/execute,0,9.61,"HTTPConnectionPool(host='localhost', port=80): Max retries exceeded with url: /api/cicd/execute (Caused by NewConnectionError(""HTTPConnection(host='localhost', port=80): Failed to establish a new connection: [Errno 111] Connection refused""))"
2026-09-12T23:13:14.252529,1786373852673,POST,http://localhost/api/cicd/execute,0,6.35,"HTTPConnectionPool(host='localhost', port=80): Max retries exceeded with url: /api/cicd/execute (Caused by NewConnectionError(""HTTPConnection(host='localhost', port=80): Failed to establish a new connection: [Errno 111] Connection refused""))"
2026-09-12T23:13:14.252849,1786373852673,POST,http://localhost/api/cicd/execute,0,13.7,"HTTPConnectionPool(host='localhost', port=80): Max retries exceeded with url: /api/cicd/execute (Caused by NewConnectionError(""HTTPConnection(host='localhost', port=80): Failed to establish a new connection: [Errno 111] Connection refused""))"
2026-09-12T23:13:14.301852,1786373852673,POST,http://localhost/api/cicd/execute,0,2.07,"HTTPConnectionPool(host='localhost', port=80): Max retries exceeded with url: /api/cicd/execute (Caused by NewConnectionError(""HTTPConnection(host='localhost', port=80): Failed to establish a new connection: [Errno 111] Connection refused""))"
2026-09-12T23:13:14.361971,1786374210148,GET,http://localhost/api/cicd/status/40665,0,7.51,"HTTPConnectionPool(host='localhost', port=80): Max retries exceeded with url: /api/cicd/status/40665 (Caused by NewConnectionError(""HTTPConnection(host='localhost', port=80): Failed to establish a new connection: [Errno 111] Connection refused""))"
2026-09-12T23:13:14.362248,1786374210148,GET,http://localhost/api/cicd/status/40665,0,12.22,"HTTPConnectionPool(host='localhost', port=80): Max retries exceeded with url: /api/cicd/status/40665 (Caused by NewConnectionError(""HTTPConnection(host='localhost', port=80): Failed to establish a new connection: [Errno 111] Connection refused""))"
2026-09-12T23:13:14.362575,1786373852673,POST,http://localhost/api/cicd/execute,0,5.82,"HTTPConnectionPool(host='localhost', port=80): Max retries exceeded with url: /api/cicd/execute (Caused by NewConnectionError(""HTTPConnection(host='localhost', port=80): Failed to establish a new connection: [Errno 111] Connection refused""))"
2026-09-12T23:13:14.362812,1786374210148,GET,http://localhost/api/cicd/status/40665,0,3.68,"HTTPConnectionPool(host='localhost', port=80): Max retries exceeded with url: /api/cicd/status/40665 (Caused by NewConnectionError(""HTTPConnection(host='localhost', port=80): Failed to establish a new connection: [Errno 111] Connection refused""))"
2026-09-12T23:13:14.363111,1786373852673,POST,http://localhost/api/cicd/execute,0,12.01,"HTTPConnectionPool(host='localhost', port=80): Max retries exceeded with url: /api/cicd/execute (Caused by NewConnectionError(""HTTPConnection(host='localhost', port=80): Failed to establish a new connection: [Errno 111] Connection refused""))"
2026-09-12T23:13:14.363461,1786374210148,GET,http://localhost/api/cicd/status/40665,0,7.77,"HTTPConnectionPool(host='localhost', port=80): Max retries exceeded with url: /api/cicd/status/40665 (Caused by NewConnectionError(""HTTPConnection(host='localhost', port=80): Failed to establish a new connection: [Errno 111] Connection refused""))"
2026-09-12T23:13:14.363751,1786373852673,POST,http://localhost/api/cicd/execute,0,5.9,"HTTPConnectionPool(host='localhost', port=80): Max retries exceeded with url: /api/cicd/execute (Caused by NewConnectionError(""HTTPConnection(host='localhost', port=80): Failed to establish a new connection: [Errno 111] Connection refused""))"
2026-09-12T23:13:14.364213,1786374210148,GET,http://localhost/api/cicd/status/40665,0,10.82,"HTTPConnectionPool(host='localhost', port=80): Max retries exceeded with url: /api/cicd/status/40665 (Caused by NewConnectionError(""HTTPConnection(host='localhost', port=80): Failed to establish a new connection: [Errno 111] Connection refused""))"
2026-09-12T23:13:14.364513,1786373852673,POST,http://localhost/api/cicd/execute,0,12.31,"HTTPConnectionPool(host='localhost', port=80): Max retries exceeded with url: /api/cicd/execute (Caused by NewConnectionError(""HTTPConnection(host='localhost', port=80): Failed to establish a new connection: [Errno 111] Connection refused""))"
2026-09-12T23:13:14.404610,1786374210148,GET,http://localhost/api/cicd/status/40665,0,1.65,"HTTPConnectionPool(host='localhost', port=80): Max retries exceeded with url: /api/cicd/status/40665 (Caused by NewConnectionError(""HTTPConnection(host='localhost', port=80): Failed to establish a new connection: [Errno 111] Connection refused""))"
2026-09-12T23:13:14.473925,1786373852673,POST,http://localhost/api/cicd/execute,0,10.62,"HTTPConnectionPool(host='localhost', port=80): Max retries exceeded with url: /api/cicd/execute (Caused by NewConnectionError(""HTTPConnection(host='localhost', port=80): Failed to establish a new connection: [Errno 111] Connection refused""))"
2026-09-12T23:13:14.474408,1786373852673,POST,http://localhost/api/cicd/execute,0,12.24,"HTTPConnectionPool(host='localhost', port=80): Max retries exceeded with url: /api/cicd/execute (Caused by NewConnectionError(""HTTPConnection(host='localhost', port=80): Failed to establish a new connection: [Errno 111] Connection refused""))"
2026-09-12T23:13:14.475200,1786374210148,GET,http://localhost/api/cicd/status/40665,0,4.84,"HTTPConnectionPool(host='localhost', port=80): Max retries exceeded with url: /api/cicd/status/40665 (Caused by NewConnectionError(""HTTPConnection(host='localhost', port=80): Failed to establish a new connection: [Errno 111] Connection refused""))"
2026-09-12T23:13:14.475529,1786373852673,POST,http://localhost/api/cicd/execute,0,11.13,"HTTPConnectionPool(host='localhost', port=80): Max retries exceeded with url: /api/cicd/execute (Caused by NewConnectionError(""HTTPConnection(host='localhost', port=80): Failed to establish a new connection: [Errno 111] Connection refused""))"
2026-09-12T23:13:14.476306,1786373852673,POST,http://localhost/api/cicd/execute,0,8.42,"HTTPConnectionPool(host='localhost', port=80): Max retries exceeded with url: /api/cicd/execute (Caused by NewConnectionError(""HTTPConnection(host='localhost', port=80): Failed to establish a new connection: [Errno 111] Connection refused""))"
2026-09-12T23:13:14.476588,1786374210148,GET,http://localhost/api/cicd/status/40665,0,4.81,"HTTPConnectionPool(host='localhost', port=80): Max retries exceeded with url: /api/cicd/status/40665 (Caused by NewConnectionError(""HTTPConnection(host='localhost', port=80): Failed to establish a new connection: [Errno 111] Connection refused""))"
2026-09-12T23:13:14.476958,1786374210148,GET,http://localhost/api/cicd/status/40665,0,7.76,"HTTPConnectionPool(host='localhost', port=80): Max retries exceeded with url: /api/cicd/status/40665 (Caused by NewConnectionError(""HTTPConnection(host='localhost', port=80): Failed to establish a new connection: [Errno 111] Connection refused""))"
2026-09-12T23:13:14.477235,1786374210148,GET,http://localhost/api/cicd/status/40665,0,10.52,"HTTPConnectionPool(host='localhost', port=80): Max retries exceeded with url: /api/cicd/status/40665 (Caused by NewConnectionError(""HTTPConnection(host='localhost', port=80): Failed to establish a new connection: [Errno 111] Connection refused""))"
2026-09-12T23:13:14.477434,1786373852673,POST,http://localhost/api/cicd/execute,0,11.87,"HTTPConnectionPool(host='localhost', port=80): Max retries exceeded with url: /api/cicd/execute (Caused by NewConnectionError(""HTTPConnection(host='localhost', port=80): Failed to establish a new connection: [Errno 111] Connection refused""))"
2026-09-12T23:13:14.510287,1786373852673,POST,http://localhost/api/cicd/execute,0,5.49,"HTTPConnectionPool(host='localhost', port=80): Max retries exceeded with url: /api/cicd/execute (Caused by NewConnectionError(""HTTPConnection(host='localhost', port=80): Failed to establish a new connection: [Errno 111] Connection refused""))"
2026-09-12T23:13:14.585942,1786374210148,GET,http://localhost/api/cicd/status/40665,0,10.75,"HTTPConnectionPool(host='localhost', port=80): Max retries exceeded with url: /api/cicd/status/40665 (Caused by NewConnectionError(""HTTPConnection(host='localhost', port=80): Failed to establish a new connection: [Errno 111] Connection refused""))"
2026-09-12T23:13:14.586412,1786374210148,GET,http://localhost/api/cicd/status/40665,0,8.81,"HTTPConnectionPool(host='localhost', port=80): Max retries exceeded with url: /api/cicd/status/40665 (Caused by NewConnectionError(""HTTPConnection(host='localhost', port=80): Failed to establish a new connection: [Errno 111] Connection refused""))"
2026-09-12T23:13:14.586861,1786373852673,POST,http://localhost/api/cicd/execute,0,10.61,"HTTPConnectionPool(host='localhost', port=80): Max retries exceeded with url: /api/cicd/execute (Caused by NewConnectionError(""HTTPConnection(host='localhost', port=80): Failed to establish a new connection: [Errno 111] Connection refused""))"
2026-09-12T23:13:14.589049,1786373852673,POST,http://localhost/api/cicd/execute,0,8.1,"HTTPConnectionPool(host='localhost', port=80): Max retries exceeded with url: /api/cicd/execute (Caused by NewConnectionError(""HTTPConnection(host='localhost', port=80): Failed to establish a new connection: [Errno 111] Connection refused""))"
2026-09-12T23:13:14.589337,1786374210148,GET,http://localhost/api/cicd/status/40665,0,5.61,"HTTPConnectionPool(host='localhost', port=80): Max retries exceeded with url: /api/cicd/status/40665 (Caused by NewConnectionError(""HTTPConnection(host='localhost', port=80): Failed to establish a new connection: [Errno 111] Connection refused""))"
2026-09-12T23:13:14.589631,1786373852673,POST,http://localhost/api/cicd/execute,0,7.33,"HTTPConnectionPool(host='localhost', port=80): Max retries exceeded with url: /api/cicd/execute (Caused by NewConnectionError(""HTTPConnection(host='localhost', port=80): Failed to establish a new connection: [Errno 111] Connection refused""))"
2026-09-12T23:13:14.589885,1786374210148,GET,http://localhost/api/cicd/status/40665,0,15.78,"HTTPConnectionPool(host='localhost', port=80): Max retries exceeded with url: /api/cicd/status/40665 (Caused by NewConnectionError(""HTTPConnection(host='localhost', port=80): Failed to establish a new connection: [Errno 111] Connection refused""))"
2026-09-12T23:13:14.590365,1786373852673,POST,http://localhost/api/cicd/execute,0,10.52,"HTTPConnectionPool(host='localhost', port=80): Max retries exceeded with url: /api/cicd/execute (Caused by NewConnectionError(""HTTPConnection(host='localhost', port=80): Failed to establish a new connection: [Errno 111] Connection refused""))"
2026-09-12T23:13:14.590565,1786374210148,GET,http://localhost/api/cicd/status/40665,0,11.91,"HTTPConnectionPool(host='localhost', port=80): Max retries exceeded with url: /api/cicd/status/40665 (Caused by NewConnectionError(""HTTPConnection(host='localhost', port=80): Failed to establish a new connection: [Errno 111] Connection refused""))"
2026-09-12T23:13:14.612029,1786374210148,GET,http://localhost/api/cicd/status/40665,0,1.56,"HTTPConnectionPool(host='localhost', port=80): Max retries exceeded with url: /api/cicd/status/40665 (Caused by NewConnectionError(""HTTPConnection(host='localhost', port=80): Failed to establish a new connection: [Errno 111] Connection refused""))"
2026-09-12T23:13:14.698360,1786373852673,POST,http://localhost/api/cicd/execute,0,10.92,"HTTPConnectionPool(host='localhost', port=80): Max retries exceeded with url: /api/cicd/execute (Caused by NewConnectionError(""HTTPConnection(host='localhost', port=80): Failed to establish a new connection: [Errno 111] Connection refused""))"
2026-09-12T23:13:14.698768,1786374210148,GET,http://localhost/api/cicd/status/40665,0,4.16,"HTTPConnectionPool(host='localhost', port=80): Max retries exceeded with url: /api/cicd/status/40665 (Caused by NewConnectionError(""HTTPConnection(host='localhost', port=80): Failed to establish a new connection: [Errno 111] Connection refused""))"
2026-09-12T23:13:14.699355,1786374210148,GET,http://localhost/api/cicd/status/40665,0,3.55,"HTTPConnectionPool(host='localhost', port=80): Max retries exceeded with url: /api/cicd/status/40665 (Caused by NewConnectionError(""HTTPConnection(host='localhost', port=80): Failed to establish a new connection: [Errno 111] Connection refused""))"
2026-09-12T23:13:14.699668,1786373852673,POST,http://localhost/api/cicd/execute,0,8.88,"HTTPConnectionPool(host='localhost', port=80): Max retries exceeded with url: /api/cicd/execute (Caused by NewConnectionError(""HTTPConnection(host='localhost', port=80): Failed to establish a new connection: [Errno 111] Connection refused""))"
2026-09-12T23:13:14.699840,1786373852673,POST,http://localhost/api/cicd/execute,0,13.7,"HTTPConnectionPool(host='localhost', port=80): Max retries exceeded with url: /api/cicd/execute (Caused by NewConnectionError(""HTTPConnection(host='localhost', port=80): Failed to establish a new connection: [Errno 111] Connection refused""))"
2026-09-12T23:13:14.700409,1786373852673,POST,http://localhost/api/cicd/execute,0,10.86,"HTTPConnectionPool(host='localhost', port=80): Max retries exceeded with url: /api/cicd/execute (Caused by NewConnectionError(""HTTPConnection(host='localhost', port=80): Failed to establish a new connection: [Errno 111] Connection refused""))"
2026-09-12T23:13:14.700628,1786373852673,POST,http://localhost/api/cicd/execute,0,7.71,"HTTPConnectionPool(host='localhost', port=80): Max retries exceeded with url: /api/cicd/execute (Caused by NewConnectionError(""HTTPConnection(host='localhost', port=80): Failed to establish a new connection: [Errno 111] Connection refused""))"
2026-09-12T23:13:14.700856,1786374210148,GET,http://localhost/api/cicd/status/40665,0,12.33,"HTTPConnectionPool(host='localhost', port=80): Max retries exceeded with url: /api/cicd/status/40665 (Caused by NewConnectionError(""HTTPConnection(host='localhost', port=80): Failed to establish a new connection: [Errno 111] Connection refused""))"
2026-09-12T23:13:14.701204,1786374210148,GET,http://localhost/api/cicd/status/40665,0,9.33,"HTTPConnectionPool(host='localhost', port=80): Max retries exceeded with url: /api/cicd/status/40665 (Caused by NewConnectionError(""HTTPConnection(host='localhost', port=80): Failed to establish a new connection: [Errno 111] Connection refused""))"
2026-09-12T23:13:14.713815,1786373852673,POST,http://localhost/api/cicd/execute,0,1.6,"HTTPConnectionPool(host='localhost', port=80): Max retries exceeded with url: /api/cicd/execute (Caused by NewConnectionError(""HTTPConnection(host='localhost', port=80): Failed to establish a new connection: [Errno 111] Connection refused""))"
2026-09-12T23:13:14.809788,1786374210148,GET,http://localhost/api/cicd/status/40665,0,11.24,"HTTPConnectionPool(host='localhost', port=80): Max retries exceeded with url: /api/cicd/status/40665 (Caused by NewConnectionError(""HTTPConnection(host='localhost', port=80): Failed to establish a new connection: [Errno 111] Connection refused""))"
2026-09-12T23:13:14.810704,1786374210148,GET,http://localhost/api/cicd/status/40665,0,8.81,"HTTPConnectionPool(host='localhost', port=80): Max retries exceeded with url: /api/cicd/status/40665 (Caused by NewConnectionError(""HTTPConnection(host='localhost', port=80): Failed to establish a new connection: [Errno 111] Connection refused""))"
2026-09-12T23:13:14.811615,1786373852673,POST,http://localhost/api/cicd/execute,0,12.01,"HTTPConnectionPool(host='localhost', port=80): Max retries exceeded with url: /api/cicd/execute (Caused by NewConnectionError(""HTTPConnection(host='localhost', port=80): Failed to establish a new connection: [Errno 111] Connection refused""))"
2026-09-12T23:13:14.812102,1786374210148,GET,http://localhost/api/cicd/status/40665,0,9.15,"HTTPConnectionPool(host='localhost', port=80): Max retries exceeded with url: /api/cicd/status/40665 (Caused by NewConnectionError(""HTTPConnection(host='localhost', port=80): Failed to establish a new connection: [Errno 111] Connection refused""))"
2026-09-12T23:13:14.812514,1786373852673,POST,http://localhost/api/cicd/execute,0,8.34,"HTTPConnectionPool(host='localhost', port=80): Max retries exceeded with url: /api/cicd/execute (Caused by NewConnectionError(""HTTPConnection(host='localhost', port=80): Failed to establish a new connection: [Errno 111] Connection refused""))"
2026-09-12T23:13:14.812903,1786374210148,GET,http://localhost/api/cicd/status/40665,0,7.37,"HTTPConnectionPool(host='localhost', port=80): Max retries exceeded with url: /api/cicd/status/40665 (Caused by NewConnectionError(""HTTPConnection(host='localhost', port=80): Failed to establish a new connection: [Errno 111] Connection refused""))"
2026-09-12T23:13:14.813295,1786374210148,GET,http://localhost/api/cicd/status/40665,0,6.61,"HTTPConnectionPool(host='localhost', port=80): Max retries exceeded with url: /api/cicd/status/40665 (Caused by NewConnectionError(""HTTPConnection(host='localhost', port=80): Failed to establish a new connection: [Errno 111] Connection refused""))"
2026-09-12T23:13:14.813518,1786373852673,POST,http://localhost/api/cicd/execute,0,5.65,"HTTPConnectionPool(host='localhost', port=80): Max retries exceeded with url: /api/cicd/execute (Caused by NewConnectionError(""HTTPConnection(host='localhost', port=80): Failed to establish a new connection: [Errno 111] Connection refused""))"
2026-09-12T23:13:14.813875,1786373852673,POST,http://localhost/api/cicd/execute,0,13.18,"HTTPConnectionPool(host='localhost', port=80): Max retries exceeded with url: /api/cicd/execute (Caused by NewConnectionError(""HTTPConnection(host='localhost', port=80): Failed to establish a new connection: [Errno 111] Connection refused""))"
2026-09-12T23:13:14.815567,1786374210148,GET,http://localhost/api/cicd/status/40665,0,1.57,"HTTPConnectionPool(host='localhost', port=80): Max retries exceeded with url: /api/cicd/status/40665 (Caused by NewConnectionError(""HTTPConnection(host='localhost', port=80): Failed to establish a new connection: [Errno 111] Connection refused""))"
2026-09-12T23:13:14.922530,1786373852673,POST,http://localhost/api/cicd/execute,0,12.56,"HTTPConnectionPool(host='localhost', port=80): Max retries exceeded with url: /api/cicd/execute (Caused by NewConnectionError(""HTTPConnection(host='localhost', port=80): Failed to establish a new connection: [Errno 111] Connection refused""))"
2026-09-12T23:13:14.923604,1786374210148,GET,http://localhost/api/cicd/status/40665,0,7.97,"HTTPConnectionPool(host='localhost', port=80): Max retries exceeded with url: /api/cicd/status/40665 (Caused by NewConnectionError(""HTTPConnection(host='localhost', port=80): Failed to establish a new connection: [Errno 111] Connection refused""))"
2026-09-12T23:13:14.924373,1786374210148,GET,http://localhost/api/cicd/status/40665,0,5.1,"HTTPConnectionPool(host='localhost', port=80): Max retries exceeded with url: /api/cicd/status/40665 (Caused by NewConnectionError(""HTTPConnection(host='localhost', port=80): Failed to establish a new connection: [Errno 111] Connection refused""))"
2026-09-12T23:13:14.924758,1786373852673,POST,http://localhost/api/cicd/execute,0,6.81,"HTTPConnectionPool(host='localhost', port=80): Max retries exceeded with url: /api/cicd/execute (Caused by NewConnectionError(""HTTPConnection(host='localhost', port=80): Failed to establish a new connection: [Errno 111] Connection refused""))"
2026-09-12T23:13:14.925075,1786373852673,POST,http://localhost/api/cicd/execute,0,11.63,"HTTPConnectionPool(host='localhost', port=80): Max retries exceeded with url: /api/cicd/execute (Caused by NewConnectionError(""HTTPConnection(host='localhost', port=80): Failed to establish a new connection: [Errno 111] Connection refused""))"
2026-09-12T23:13:14.925360,1786374210148,GET,http://localhost/api/cicd/status/40665,0,13.16,"HTTPConnectionPool(host='localhost', port=80): Max retries exceeded with url: /api/cicd/status/40665 (Caused by NewConnectionError(""HTTPConnection(host='localhost', port=80): Failed to establish a new connection: [Errno 111] Connection refused""))"
2026-09-12T23:13:14.925812,1786373852673,POST,http://localhost/api/cicd/execute,0,14.81,"HTTPConnectionPool(host='localhost', port=80): Max retries exceeded with url: /api/cicd/execute (Caused by NewConnectionError(""HTTPConnection(host='localhost', port=80): Failed to establish a new connection: [Errno 111] Connection refused""))"
2026-09-12T23:13:14.926673,1786373852673,POST,http://localhost/api/cicd/execute,0,12.13,"HTTPConnectionPool(host='localhost', port=80): Max retries exceeded with url: /api/cicd/execute (Caused by NewConnectionError(""HTTPConnection(host='localhost', port=80): Failed to establish a new connection: [Errno 111] Connection refused""))"
2026-09-12T23:13:14.927048,1786374210148,GET,http://localhost/api/cicd/status/40665,0,6.37,"HTTPConnectionPool(host='localhost', port=80): Max retries exceeded with url: /api/cicd/status/40665 (Caused by NewConnectionError(""HTTPConnection(host='localhost', port=80): Failed to establish a new connection: [Errno 111] Connection refused""))"
2026-09-12T23:13:14.927330,1786373852673,POST,http://localhost/api/cicd/execute,0,10.65,"HTTPConnectionPool(host='localhost', port=80): Max retries exceeded with url: /api/cicd/execute (Caused by NewConnectionError(""HTTPConnection(host='localhost', port=80): Failed to establish a new connection: [Errno 111] Connection refused""))"
2026-09-12T23:13:15.035603,1786374210148,GET,http://localhost/api/cicd/status/40665,0,12.89,"HTTPConnectionPool(host='localhost', port=80): Max retries exceeded with url: /api/cicd/status/40665 (Caused by NewConnectionError(""HTTPConnection(host='localhost', port=80): Failed to establish a new connection: [Errno 111] Connection refused""))"
2026-09-12T23:13:15.036283,1786374210148,GET,http://localhost/api/cicd/status/40665,0,8.99,"HTTPConnectionPool(host='localhost', port=80): Max retries exceeded with url: /api/cicd/status/40665 (Caused by NewConnectionError(""HTTPConnection(host='localhost', port=80): Failed to establish a new connection: [Errno 111] Connection refused""))"
2026-09-12T23:13:15.036668,1786374210148,GET,http://localhost/api/cicd/status/40665,0,10.42,"HTTPConnectionPool(host='localhost', port=80): Max retries exceeded with url: /api/cicd/status/40665 (Caused by NewConnectionError(""HTTPConnection(host='localhost', port=80): Failed to establish a new connection: [Errno 111] Connection refused""))"
2026-09-12T23:13:15.037161,1786373852673,POST,http://localhost/api/cicd/execute,0,13.37,"HTTPConnectionPool(host='localhost', port=80): Max retries exceeded with url: /api/cicd/execute (Caused by NewConnectionError(""HTTPConnection(host='localhost', port=80): Failed to establish a new connection: [Errno 111] Connection refused""))"
2026-09-12T23:13:15.037746,1786374210148,GET,http://localhost/api/cicd/status/40665,0,12.81,"HTTPConnectionPool(host='localhost', port=80): Max retries exceeded with url: /api/cicd/status/40665 (Caused by NewConnectionError(""HTTPConnection(host='localhost', port=80): Failed to establish a new connection: [Errno 111] Connection refused""))"
2026-09-12T23:13:15.038202,1786373852673,POST,http://localhost/api/cicd/execute,0,7.1,"HTTPConnectionPool(host='localhost', port=80): Max retries exceeded with url: /api/cicd/execute (Caused by NewConnectionError(""HTTPConnection(host='localhost', port=80): Failed to establish a new connection: [Errno 111] Connection refused""))"
2026-09-12T23:13:15.038407,1786373852673,POST,http://localhost/api/cicd/execute,0,4.94,"HTTPConnectionPool(host='localhost', port=80): Max retries exceeded with url: /api/cicd/execute (Caused by NewConnectionError(""HTTPConnection(host='localhost', port=80): Failed to establish a new connection: [Errno 111] Connection refused""))"
2026-09-12T23:13:15.038711,1786373852673,POST,http://localhost/api/cicd/execute,0,8.72,"HTTPConnectionPool(host='localhost', port=80): Max retries exceeded with url: /api/cicd/execute (Caused by NewConnectionError(""HTTPConnection(host='localhost', port=80): Failed to establish a new connection: [Errno 111] Connection refused""))"
2026-09-12T23:13:15.038920,1786374210148,GET,http://localhost/api/cicd/status/40665,0,10.29,"HTTPConnectionPool(host='localhost', port=80): Max retries exceeded with url: /api/cicd/status/40665 (Caused by NewConnectionError(""HTTPConnection(host='localhost', port=80): Failed to establish a new connection: [Errno 111] Connection refused""))"
2026-09-12T23:13:15.039170,1786374210148,GET,http://localhost/api/cicd/status/40665,0,6.94,"HTTPConnectionPool(host='localhost', port=80): Max retries exceeded with url: /api/cicd/status/40665 (Caused by NewConnectionError(""HTTPConnection(host='localhost', port=80): Failed to establish a new connection: [Errno 111] Connection refused""))"
2026-09-12T23:13:15.149958,1786373852673,POST,http://localhost/api/cicd/execute,0,14.16,"HTTPConnectionPool(host='localhost', port=80): Max retries exceeded with url: /api/cicd/execute (Caused by NewConnectionError(""HTTPConnection(host='localhost', port=80): Failed to establish a new connection: [Errno 111] Connection refused""))"
2026-09-12T23:13:15.150273,1786373852673,POST,http://localhost/api/cicd/execute,0,7.96,"HTTPConnectionPool(host='localhost', port=80): Max retries exceeded with url: /api/cicd/execute (Caused by NewConnectionError(""HTTPConnection(host='localhost', port=80): Failed to establish a new connection: [Errno 111] Connection refused""))"
2026-09-12T23:13:15.150500,1786373852673,POST,http://localhost/api/cicd/execute,0,12.38,"HTTPConnectionPool(host='localhost', port=80): Max retries exceeded with url: /api/cicd/execute (Caused by NewConnectionError(""HTTPConnection(host='localhost', port=80): Failed to establish a new connection: [Errno 111] Connection refused""))"
2026-09-12T23:13:15.150684,1786373852673,POST,http://localhost/api/cicd/execute,0,13.64,"HTTPConnectionPool(host='localhost', port=80): Max retries exceeded with url: /api/cicd/execute (Caused by NewConnectionError(""HTTPConnection(host='localhost', port=80): Failed to establish a new connection: [Errno 111] Connection refused""))"
2026-09-12T23:13:15.151050,1786373852673,POST,http://localhost/api/cicd/execute,0,6.58,"HTTPConnectionPool(host='localhost', port=80): Max retries exceeded with url: /api/cicd/execute (Caused by NewConnectionError(""HTTPConnection(host='localhost', port=80): Failed to establish a new connection: [Errno 111] Connection refused""))"
2026-09-12T23:13:15.151695,1786374210148,GET,http://localhost/api/cicd/status/40665,0,6.04,"HTTPConnectionPool(host='localhost', port=80): Max retries exceeded with url: /api/cicd/status/40665 (Caused by NewConnectionError(""HTTPConnection(host='localhost', port=80): Failed to establish a new connection: [Errno 111] Connection refused""))"
2026-09-12T23:13:15.152298,1786374210148,GET,http://localhost/api/cicd/status/40665,0,11.65,"HTTPConnectionPool(host='localhost', port=80): Max retries exceeded with url: /api/cicd/status/40665 (Caused by NewConnectionError(""HTTPConnection(host='localhost', port=80): Failed to establish a new connection: [Errno 111] Connection refused""))"
2026-09-12T23:13:15.152511,1786373852673,POST,http://localhost/api/cicd/execute,0,5.08,"HTTPConnectionPool(host='localhost', port=80): Max retries exceeded with url: /api/cicd/execute (Caused by NewConnectionError(""HTTPConnection(host='localhost', port=80): Failed to establish a new connection: [Errno 111] Connection refused""))"
2026-09-12T23:13:15.152931,1786374210148,GET,http://localhost/api/cicd/status/40665,0,9.5,"HTTPConnectionPool(host='localhost', port=80): Max retries exceeded with url: /api/cicd/status/40665 (Caused by NewConnectionError(""HTTPConnection(host='localhost', port=80): Failed to establish a new connection: [Errno 111] Connection refused""))"
2026-09-12T23:13:15.153249,1786374210148,GET,http://localhost/api/cicd/status/40665,0,13.78,"HTTPConnectionPool(host='localhost', port=80): Max retries exceeded with url: /api/cicd/status/40665 (Caused by NewConnectionError(""HTTPConnection(host='localhost', port=80): Failed to establish a new connection: [Errno 111] Connection refused""))"
2026-09-12T23:13:15.263382,1786374210148,GET,http://localhost/api/cicd/status/40665,0,11.92,"HTTPConnectionPool(host='localhost', port=80): Max retries exceeded with url: /api/cicd/status/40665 (Caused by NewConnectionError(""HTTPConnection(host='localhost', port=80): Failed to establish a new connection: [Errno 111] Connection refused""))"
2026-09-12T23:13:15.264412,1786374210148,GET,http://localhost/api/cicd/status/40665,0,3.75,"HTTPConnectionPool(host='localhost', port=80): Max retries exceeded with url: /api/cicd/status/40665 (Caused by NewConnectionError(""HTTPConnection(host='localhost', port=80): Failed to establish a new connection: [Errno 111] Connection refused""))"
2026-09-12T23:13:15.265276,1786374210148,GET,http://localhost/api/cicd/status/40665,0,11.64,"HTTPConnectionPool(host='localhost', port=80): Max retries exceeded with url: /api/cicd/status/40665 (Caused by NewConnectionError(""HTTPConnection(host='localhost', port=80): Failed to establish a new connection: [Errno 111] Connection refused""))"
2026-09-12T23:13:15.265668,1786373852673,POST,http://localhost/api/cicd/execute,0,9.78,"HTTPConnectionPool(host='localhost', port=80): Max retries exceeded with url: /api/cicd/execute (Caused by NewConnectionError(""HTTPConnection(host='localhost', port=80): Failed to establish a new connection: [Errno 111] Connection refused""))"
2026-09-12T23:13:15.266300,1786373852673,POST,http://localhost/api/cicd/execute,0,9.19,"HTTPConnectionPool(host='localhost', port=80): Max retries exceeded with url: /api/cicd/execute (Caused by NewConnectionError(""HTTPConnection(host='localhost', port=80): Failed to establish a new connection: [Errno 111] Connection refused""))"
2026-09-12T23:13:15.266575,1786374210148,GET,http://localhost/api/cicd/status/40665,0,11.88,"HTTPConnectionPool(host='localhost', port=80): Max retries exceeded with url: /api/cicd/status/40665 (Caused by NewConnectionError(""HTTPConnection(host='localhost', port=80): Failed to establish a new connection: [Errno 111] Connection refused""))"
2026-09-12T23:13:15.266993,1786373852673,POST,http://localhost/api/cicd/execute,0,14.49,"HTTPConnectionPool(host='localhost', port=80): Max retries exceeded with url: /api/cicd/execute (Caused by NewConnectionError(""HTTPConnection(host='localhost', port=80): Failed to establish a new connection: [Errno 111] Connection refused""))"
2026-09-12T23:13:15.267379,1786374210148,GET,http://localhost/api/cicd/status/40665,0,8.98,"HTTPConnectionPool(host='localhost', port=80): Max retries exceeded with url: /api/cicd/status/40665 (Caused by NewConnectionError(""HTTPConnection(host='localhost', port=80): Failed to establish a new connection: [Errno 111] Connection refused""))"
2026-09-12T23:13:15.267683,1786373852673,POST,http://localhost/api/cicd/execute,0,8.16,"HTTPConnectionPool(host='localhost', port=80): Max retries exceeded with url: /api/cicd/execute (Caused by NewConnectionError(""HTTPConnection(host='localhost', port=80): Failed to establish a new connection: [Errno 111] Connection refused""))"
2026-09-12T23:13:15.267884,1786374210148,GET,http://localhost/api/cicd/status/40665,0,17.69,"HTTPConnectionPool(host='localhost', port=80): Max retries exceeded with url: /api/cicd/status/40665 (Caused by NewConnectionError(""HTTPConnection(host='localhost', port=80): Failed to establish a new connection: [Errno 111] Connection refused""))"
2026-09-12T23:13:15.376353,1786374210148,GET,http://localhost/api/cicd/status/40665,0,4.9,"HTTPConnectionPool(host='localhost', port=80): Max retries exceeded with url: /api/cicd/status/40665 (Caused by NewConnectionError(""HTTPConnection(host='localhost', port=80): Failed to establish a new connection: [Errno 111] Connection refused""))"
2026-09-12T23:13:15.377259,1786373852673,POST,http://localhost/api/cicd/execute,0,12.63,"HTTPConnectionPool(host='localhost', port=80): Max retries exceeded with url: /api/cicd/execute (Caused by NewConnectionError(""HTTPConnection(host='localhost', port=80): Failed to establish a new connection: [Errno 111] Connection refused""))"
2026-09-12T23:13:15.377564,1786373852673,POST,http://localhost/api/cicd/execute,0,7.19,"HTTPConnectionPool(host='localhost', port=80): Max retries exceeded with url: /api/cicd/execute (Caused by NewConnectionError(""HTTPConnection(host='localhost', port=80): Failed to establish a new connection: [Errno 111] Connection refused""))"
2026-09-12T23:13:15.377854,1786373852673,POST,http://localhost/api/cicd/execute,0,14.28,"HTTPConnectionPool(host='localhost', port=80): Max retries exceeded with url: /api/cicd/execute (Caused by NewConnectionError(""HTTPConnection(host='localhost', port=80): Failed to establish a new connection: [Errno 111] Connection refused""))"
2026-09-12T23:13:15.378099,1786374210148,GET,http://localhost/api/cicd/status/40665,0,12.24,"HTTPConnectionPool(host='localhost', port=80): Max retries exceeded with url: /api/cicd/status/40665 (Caused by NewConnectionError(""HTTPConnection(host='localhost', port=80): Failed to establish a new connection: [Errno 111] Connection refused""))"
2026-09-12T23:13:15.378855,1786374210148,GET,http://localhost/api/cicd/status/40665,0,9.56,"HTTPConnectionPool(host='localhost', port=80): Max retries exceeded with url: /api/cicd/status/40665 (Caused by NewConnectionError(""HTTPConnection(host='localhost', port=80): Failed to establish a new connection: [Errno 111] Connection refused""))"
2026-09-12T23:13:15.379612,1786373852673,POST,http://localhost/api/cicd/execute,0,7.09,"HTTPConnectionPool(host='localhost', port=80): Max retries exceeded with url: /api/cicd/execute (Caused by NewConnectionError(""HTTPConnection(host='localhost', port=80): Failed to establish a new connection: [Errno 111] Connection refused""))"
2026-09-12T23:13:15.379826,1786373852673,POST,http://localhost/api/cicd/execute,0,11.63,"HTTPConnectionPool(host='localhost', port=80): Max retries exceeded with url: /api/cicd/execute (Caused by NewConnectionError(""HTTPConnection(host='localhost', port=80): Failed to establish a new connection: [Errno 111] Connection refused""))"
2026-09-12T23:13:15.380134,1786374210148,GET,http://localhost/api/cicd/status/40665,0,6.19,"HTTPConnectionPool(host='localhost', port=80): Max retries exceeded with url: /api/cicd/status/40665 (Caused by NewConnectionError(""HTTPConnection(host='localhost', port=80): Failed to establish a new connection: [Errno 111] Connection refused""))"
2026-09-12T23:13:15.380554,1786373852673,POST,http://localhost/api/cicd/execute,0,13.61,"HTTPConnectionPool(host='localhost', port=80): Max retries exceeded with url: /api/cicd/execute (Caused by NewConnectionError(""HTTPConnection(host='localhost', port=80): Failed to establish a new connection: [Errno 111] Connection refused""))"
2026-09-12T23:13:15.489505,1786374210148,GET,http://localhost/api/cicd/status/40665,0,10.71,"HTTPConnectionPool(host='localhost', port=80): Max retries exceeded with url: /api/cicd/status/40665 (Caused by NewConnectionError(""HTTPConnection(host='localhost', port=80): Failed to establish a new connection: [Errno 111] Connection refused""))"
2026-09-12T23:13:15.489837,1786373852673,POST,http://localhost/api/cicd/execute,0,13.29,"HTTPConnectionPool(host='localhost', port=80): Max retries exceeded with url: /api/cicd/execute (Caused by NewConnectionError(""HTTPConnection(host='localhost', port=80): Failed to establish a new connection: [Errno 111] Connection refused""))"
2026-09-12T23:13:15.490180,1786373852673,POST,http://localhost/api/cicd/execute,0,9.05,"HTTPConnectionPool(host='localhost', port=80): Max retries exceeded with url: /api/cicd/execute (Caused by NewConnectionError(""HTTPConnection(host='localhost', port=80): Failed to establish a new connection: [Errno 111] Connection refused""))"
2026-09-12T23:13:15.490492,1786374210148,GET,http://localhost/api/cicd/status/40665,0,4.91,"HTTPConnectionPool(host='localhost', port=80): Max retries exceeded with url: /api/cicd/status/40665 (Caused by NewConnectionError(""HTTPConnection(host='localhost', port=80): Failed to establish a new connection: [Errno 111] Connection refused""))"
2026-09-12T23:13:15.491288,1786374210148,GET,http://localhost/api/cicd/status/40665,0,11.24,"HTTPConnectionPool(host='localhost', port=80): Max retries exceeded with url: /api/cicd/status/40665 (Caused by NewConnectionError(""HTTPConnection(host='localhost', port=80): Failed to establish a new connection: [Errno 111] Connection refused""))"
2026-09-12T23:13:15.491951,1786373852673,POST,http://localhost/api/cicd/execute,0,7.51,"HTTPConnectionPool(host='localhost', port=80): Max retries exceeded with url: /api/cicd/execute (Caused by NewConnectionError(""HTTPConnection(host='localhost', port=80): Failed to establish a new connection: [Errno 111] Connection refused""))"
2026-09-12T23:13:15.492605,1786374210148,GET,http://localhost/api/cicd/status/40665,0,14.87,"HTTPConnectionPool(host='localhost', port=80): Max retries exceeded with url: /api/cicd/status/40665 (Caused by NewConnectionError(""HTTPConnection(host='localhost', port=80): Failed to establish a new connection: [Errno 111] Connection refused""))"
2026-09-12T23:13:15.492835,1786373852673,POST,http://localhost/api/cicd/execute,0,5.62,"HTTPConnectionPool(host='localhost', port=80): Max retries exceeded with url: /api/cicd/execute (Caused by NewConnectionError(""HTTPConnection(host='localhost', port=80): Failed to establish a new connection: [Errno 111] Connection refused""))"
2026-09-12T23:13:15.493056,1786374210148,GET,http://localhost/api/cicd/status/40665,0,10.83,"HTTPConnectionPool(host='localhost', port=80): Max retries exceeded with url: /api/cicd/status/40665 (Caused by NewConnectionError(""HTTPConnection(host='localhost', port=80): Failed to establish a new connection: [Errno 111] Connection refused""))"
2026-09-12T23:13:15.493289,1786374210148,GET,http://localhost/api/cicd/status/40665,0,9.97,"HTTPConnectionPool(host='localhost', port=80): Max retries exceeded with url: /api/cicd/status/40665 (Caused by NewConnectionError(""HTTPConnection(host='localhost', port=80): Failed to establish a new connection: [Errno 111] Connection refused""))"
2026-09-12T23:13:15.602846,1786373852673,POST,http://localhost/api/cicd/execute,0,13.12,"HTTPConnectionPool(host='localhost', port=80): Max retries exceeded with url: /api/cicd/execute (Caused by NewConnectionError(""HTTPConnection(host='localhost', port=80): Failed to establish a new connection: [Errno 111] Connection refused""))"
2026-09-12T23:13:15.603480,1786374210148,GET,http://localhost/api/cicd/status/40665,0,12.36,"HTTPConnectionPool(host='localhost', port=80): Max retries exceeded with url: /api/cicd/status/40665 (Caused by NewConnectionError(""HTTPConnection(host='localhost', port=80): Failed to establish a new connection: [Errno 111] Connection refused""))"
2026-09-12T23:13:15.603765,1786373852673,POST,http://localhost/api/cicd/execute,0,5.82,"HTTPConnectionPool(host='localhost', port=80): Max retries exceeded with url: /api/cicd/execute (Caused by NewConnectionError(""HTTPConnection(host='localhost', port=80): Failed to establish a new connection: [Errno 111] Connection refused""))"
2026-09-12T23:13:15.604237,1786373852673,POST,http://localhost/api/cicd/execute,0,3.53,"HTTPConnectionPool(host='localhost', port=80): Max retries exceeded with url: /api/cicd/execute (Caused by NewConnectionError(""HTTPConnection(host='localhost', port=80): Failed to establish a new connection: [Errno 111] Connection refused""))"
2026-09-12T23:13:15.604668,1786373852673,POST,http://localhost/api/cicd/execute,0,11.42,"HTTPConnectionPool(host='localhost', port=80): Max retries exceeded with url: /api/cicd/execute (Caused by NewConnectionError(""HTTPConnection(host='localhost', port=80): Failed to establish a new connection: [Errno 111] Connection refused""))"
2026-09-12T23:13:15.604951,1786374210148,GET,http://localhost/api/cicd/status/40665,0,9.41,"HTTPConnectionPool(host='localhost', port=80): Max retries exceeded with url: /api/cicd/status/40665 (Caused by NewConnectionError(""HTTPConnection(host='localhost', port=80): Failed to establish a new connection: [Errno 111] Connection refused""))"
2026-09-12T23:13:15.605214,1786373852673,POST,http://localhost/api/cicd/execute,0,10.81,"HTTPConnectionPool(host='localhost', port=80): Max retries exceeded with url: /api/cicd/execute (Caused by NewConnectionError(""HTTPConnection(host='localhost', port=80): Failed to establish a new connection: [Errno 111] Connection refused""))"
2026-09-12T23:13:15.605517,1786374210148,GET,http://localhost/api/cicd/status/40665,0,5.87,"HTTPConnectionPool(host='localhost', port=80): Max retries exceeded with url: /api/cicd/status/40665 (Caused by NewConnectionError(""HTTPConnection(host='localhost', port=80): Failed to establish a new connection: [Errno 111] Connection refused""))"
2026-09-12T23:13:15.605733,1786373852673,POST,http://localhost/api/cicd/execute,0,9.03,"HTTPConnectionPool(host='localhost', port=80): Max retries exceeded with url: /api/cicd/execute (Caused by NewConnectionError(""HTTPConnection(host='localhost', port=80): Failed to establish a new connection: [Errno 111] Connection refused""))"
2026-09-12T23:13:15.606376,1786374210148,GET,http://localhost/api/cicd/status/40665,0,14.17,"HTTPConnectionPool(host='localhost', port=80): Max retries exceeded with url: /api/cicd/status/40665 (Caused by NewConnectionError(""HTTPConnection(host='localhost', port=80): Failed to establish a new connection: [Errno 111] Connection refused""))"
2026-09-12T23:13:15.715391,1786373852673,POST,http://localhost/api/cicd/execute,0,10.27,"HTTPConnectionPool(host='localhost', port=80): Max retries exceeded with url: /api/cicd/execute (Caused by NewConnectionError(""HTTPConnection(host='localhost', port=80): Failed to establish a new connection: [Errno 111] Connection refused""))"
2026-09-12T23:13:15.716036,1786374210148,GET,http://localhost/api/cicd/status/40665,0,13.0,"HTTPConnectionPool(host='localhost', port=80): Max retries exceeded with url: /api/cicd/status/40665 (Caused by NewConnectionError(""HTTPConnection(host='localhost', port=80): Failed to establish a new connection: [Errno 111] Connection refused""))"
2026-09-12T23:13:15.716674,1786373852673,POST,http://localhost/api/cicd/execute,0,3.74,"HTTPConnectionPool(host='localhost', port=80): Max retries exceeded with url: /api/cicd/execute (Caused by NewConnectionError(""HTTPConnection(host='localhost', port=80): Failed to establish a new connection: [Errno 111] Connection refused""))"
2026-09-12T23:13:15.717010,1786374210148,GET,http://localhost/api/cicd/status/40665,0,5.09,"HTTPConnectionPool(host='localhost', port=80): Max retries exceeded with url: /api/cicd/status/40665 (Caused by NewConnectionError(""HTTPConnection(host='localhost', port=80): Failed to establish a new connection: [Errno 111] Connection refused""))"
2026-09-12T23:13:15.717618,1786374210148,GET,http://localhost/api/cicd/status/40665,0,10.14,"HTTPConnectionPool(host='localhost', port=80): Max retries exceeded with url: /api/cicd/status/40665 (Caused by NewConnectionError(""HTTPConnection(host='localhost', port=80): Failed to establish a new connection: [Errno 111] Connection refused""))"
2026-09-12T23:13:15.717830,1786374210148,GET,http://localhost/api/cicd/status/40665,0,9.32,"HTTPConnectionPool(host='localhost', port=80): Max retries exceeded with url: /api/cicd/status/40665 (Caused by NewConnectionError(""HTTPConnection(host='localhost', port=80): Failed to establish a new connection: [Errno 111] Connection refused""))"
2026-09-12T23:13:15.718170,1786374210148,GET,http://localhost/api/cicd/status/40665,0,11.71,"HTTPConnectionPool(host='localhost', port=80): Max retries exceeded with url: /api/cicd/status/40665 (Caused by NewConnectionError(""HTTPConnection(host='localhost', port=80): Failed to establish a new connection: [Errno 111] Connection refused""))"
2026-09-12T23:13:15.718384,1786373852673,POST,http://localhost/api/cicd/execute,0,14.29,"HTTPConnectionPool(host='localhost', port=80): Max retries exceeded with url: /api/cicd/execute (Caused by NewConnectionError(""HTTPConnection(host='localhost', port=80): Failed to establish a new connection: [Errno 111] Connection refused""))"
2026-09-12T23:13:15.718833,1786373852673,POST,http://localhost/api/cicd/execute,0,8.07,"HTTPConnectionPool(host='localhost', port=80): Max retries exceeded with url: /api/cicd/execute (Caused by NewConnectionError(""HTTPConnection(host='localhost', port=80): Failed to establish a new connection: [Errno 111] Connection refused""))"
2026-09-12T23:13:15.719232,1786374210148,GET,http://localhost/api/cicd/status/40665,0,9.65,"HTTPConnectionPool(host='localhost', port=80): Max retries exceeded with url: /api/cicd/status/40665 (Caused by NewConnectionError(""HTTPConnection(host='localhost', port=80): Failed to establish a new connection: [Errno 111] Connection refused""))"
2026-09-12T23:13:15.829096,1786373852673,POST,http://localhost/api/cicd/execute,0,11.3,"HTTPConnectionPool(host='localhost', port=80): Max retries exceeded with url: /api/cicd/execute (Caused by NewConnectionError(""HTTPConnection(host='localhost', port=80): Failed to establish a new connection: [Errno 111] Connection refused""))"
2026-09-12T23:13:15.829455,1786374210148,GET,http://localhost/api/cicd/status/40665,0,8.33,"HTTPConnectionPool(host='localhost', port=80): Max retries exceeded with url: /api/cicd/status/40665 (Caused by NewConnectionError(""HTTPConnection(host='localhost', port=80): Failed to establish a new connection: [Errno 111] Connection refused""))"
2026-09-12T23:13:15.829721,1786374210148,GET,http://localhost/api/cicd/status/40665,0,14.15,"HTTPConnectionPool(host='localhost', port=80): Max retries exceeded with url: /api/cicd/status/40665 (Caused by NewConnectionError(""HTTPConnection(host='localhost', port=80): Failed to establish a new connection: [Errno 111] Connection refused""))"
2026-09-12T23:13:15.830479,1786373852673,POST,http://localhost/api/cicd/execute,0,10.55,"HTTPConnectionPool(host='localhost', port=80): Max retries exceeded with url: /api/cicd/execute (Caused by NewConnectionError(""HTTPConnection(host='localhost', port=80): Failed to establish a new connection: [Errno 111] Connection refused""))"
2026-09-12T23:13:15.830849,1786373852673,POST,http://localhost/api/cicd/execute,0,4.08,"HTTPConnectionPool(host='localhost', port=80): Max retries exceeded with url: /api/cicd/execute (Caused by NewConnectionError(""HTTPConnection(host='localhost', port=80): Failed to establish a new connection: [Errno 111] Connection refused""))"
2026-09-12T23:13:15.831132,1786373852673,POST,http://localhost/api/cicd/execute,0,14.52,"HTTPConnectionPool(host='localhost', port=80): Max retries exceeded with url: /api/cicd/execute (Caused by NewConnectionError(""HTTPConnection(host='localhost', port=80): Failed to establish a new connection: [Errno 111] Connection refused""))"
2026-09-12T23:13:15.831394,1786373852673,POST,http://localhost/api/cicd/execute,0,7.4,"HTTPConnectionPool(host='localhost', port=80): Max retries exceeded with url: /api/cicd/execute (Caused by NewConnectionError(""HTTPConnection(host='localhost', port=80): Failed to establish a new connection: [Errno 111] Connection refused""))"
2026-09-12T23:13:15.831953,1786374210148,GET,http://localhost/api/cicd/status/40665,0,13.06,"HTTPConnectionPool(host='localhost', port=80): Max retries exceeded with url: /api/cicd/status/40665 (Caused by NewConnectionError(""HTTPConnection(host='localhost', port=80): Failed to establish a new connection: [Errno 111] Connection refused""))"
2026-09-12T23:13:15.832224,1786373852673,POST,http://localhost/api/cicd/execute,0,9.88,"HTTPConnectionPool(host='localhost', port=80): Max retries exceeded with url: /api/cicd/execute (Caused by NewConnectionError(""HTTPConnection(host='localhost', port=80): Failed to establish a new connection: [Errno 111] Connection refused""))"
2026-09-12T23:13:15.832642,1786374210148,GET,http://localhost/api/cicd/status/40665,0,7.44,"HTTPConnectionPool(host='localhost', port=80): Max retries exceeded with url: /api/cicd/status/40665 (Caused by NewConnectionError(""HTTPConnection(host='localhost', port=80): Failed to establish a new connection: [Errno 111] Connection refused""))"
2026-09-12T23:13:15.942303,1786374210148,GET,http://localhost/api/cicd/status/40665,0,8.61,"HTTPConnectionPool(host='localhost', port=80): Max retries exceeded with url: /api/cicd/status/40665 (Caused by NewConnectionError(""HTTPConnection(host='localhost', port=80): Failed to establish a new connection: [Errno 111] Connection refused""))"
2026-09-12T23:13:15.943359,1786374210148,GET,http://localhost/api/cicd/status/40665,0,14.08,"HTTPConnectionPool(host='localhost', port=80): Max retries exceeded with url: /api/cicd/status/40665 (Caused by NewConnectionError(""HTTPConnection(host='localhost', port=80): Failed to establish a new connection: [Errno 111] Connection refused""))"
2026-09-12T23:13:15.943807,1786374210148,GET,http://localhost/api/cicd/status/40665,0,5.57,"HTTPConnectionPool(host='localhost', port=80): Max retries exceeded with url: /api/cicd/status/40665 (Caused by NewConnectionError(""HTTPConnection(host='localhost', port=80): Failed to establish a new connection: [Errno 111] Connection refused""))"
2026-09-12T23:13:15.944104,1786374210148,GET,http://localhost/api/cicd/status/40665,0,11.46,"HTTPConnectionPool(host='localhost', port=80): Max retries exceeded with url: /api/cicd/status/40665 (Caused by NewConnectionError(""HTTPConnection(host='localhost', port=80): Failed to establish a new connection: [Errno 111] Connection refused""))"
2026-09-12T23:13:15.944379,1786373852673,POST,http://localhost/api/cicd/execute,0,14.03,"HTTPConnectionPool(host='localhost', port=80): Max retries exceeded with url: /api/cicd/execute (Caused by NewConnectionError(""HTTPConnection(host='localhost', port=80): Failed to establish a new connection: [Errno 111] Connection refused""))"
2026-09-12T23:13:15.945007,1786373852673,POST,http://localhost/api/cicd/execute,0,5.5,"HTTPConnectionPool(host='localhost', port=80): Max retries exceeded with url: /api/cicd/execute (Caused by NewConnectionError(""HTTPConnection(host='localhost', port=80): Failed to establish a new connection: [Errno 111] Connection refused""))"
2026-09-12T23:13:15.945231,1786374210148,GET,http://localhost/api/cicd/status/40665,0,9.24,"HTTPConnectionPool(host='localhost', port=80): Max retries exceeded with url: /api/cicd/status/40665 (Caused by NewConnectionError(""HTTPConnection(host='localhost', port=80): Failed to establish a new connection: [Errno 111] Connection refused""))"
2026-09-12T23:13:15.945674,1786374210148,GET,http://localhost/api/cicd/status/40665,0,10.74,"HTTPConnectionPool(host='localhost', port=80): Max retries exceeded with url: /api/cicd/status/40665 (Caused by NewConnectionError(""HTTPConnection(host='localhost', port=80): Failed to establish a new connection: [Errno 111] Connection refused""))"
2026-09-12T23:13:15.945881,1786373852673,POST,http://localhost/api/cicd/execute,0,8.75,"HTTPConnectionPool(host='localhost', port=80): Max retries exceeded with url: /api/cicd/execute (Caused by NewConnectionError(""HTTPConnection(host='localhost', port=80): Failed to establish a new connection: [Errno 111] Connection refused""))"
2026-09-12T23:13:15.946108,1786373852673,POST,http://localhost/api/cicd/execute,0,14.66,"HTTPConnectionPool(host='localhost', port=80): Max retries exceeded with url: /api/cicd/execute (Caused by NewConnectionError(""HTTPConnection(host='localhost', port=80): Failed to establish a new connection: [Errno 111] Connection refused""))"
2026-09-12T23:13:16.050559,1786373852673,POST,http://localhost/api/cicd/execute,0,8.08,"HTTPConnectionPool(host='localhost', port=80): Max retries exceeded with url: /api/cicd/execute (Caused by NewConnectionError(""HTTPConnection(host='localhost', port=80): Failed to establish a new connection: [Errno 111] Connection refused""))"
2026-09-12T23:13:16.055676,1786374210148,GET,http://localhost/api/cicd/status/40665,0,3.68,"HTTPConnectionPool(host='localhost', port=80): Max retries exceeded with url: /api/cicd/status/40665 (Caused by NewConnectionError(""HTTPConnection(host='localhost', port=80): Failed to establish a new connection: [Errno 111] Connection refused""))"
2026-09-12T23:13:16.056417,1786373852673,POST,http://localhost/api/cicd/execute,0,12.88,"HTTPConnectionPool(host='localhost', port=80): Max retries exceeded with url: /api/cicd/execute (Caused by NewConnectionError(""HTTPConnection(host='localhost', port=80): Failed to establish a new connection: [Errno 111] Connection refused""))"
2026-09-12T23:13:16.056877,1786374210148,GET,http://localhost/api/cicd/status/40665,0,11.08,"HTTPConnectionPool(host='localhost', port=80): Max retries exceeded with url: /api/cicd/status/40665 (Caused by NewConnectionError(""HTTPConnection(host='localhost', port=80): Failed to establish a new connection: [Errno 111] Connection refused""))"
2026-09-12T23:13:16.057282,1786374210148,GET,http://localhost/api/cicd/status/40665,0,9.25,"HTTPConnectionPool(host='localhost', port=80): Max retries exceeded with url: /api/cicd/status/40665 (Caused by NewConnectionError(""HTTPConnection(host='localhost', port=80): Failed to establish a new connection: [Errno 111] Connection refused""))"
2026-09-12T23:13:16.057641,1786373852673,POST,http://localhost/api/cicd/execute,0,10.82,"HTTPConnectionPool(host='localhost', port=80): Max retries exceeded with url: /api/cicd/execute (Caused by NewConnectionError(""HTTPConnection(host='localhost', port=80): Failed to establish a new connection: [Errno 111] Connection refused""))"
2026-09-12T23:13:16.058177,1786374210148,GET,http://localhost/api/cicd/status/40665,0,9.0,"HTTPConnectionPool(host='localhost', port=80): Max retries exceeded with url: /api/cicd/status/40665 (Caused by NewConnectionError(""HTTPConnection(host='localhost', port=80): Failed to establish a new connection: [Errno 111] Connection refused""))"
2026-09-12T23:13:16.058847,1786373852673,POST,http://localhost/api/cicd/execute,0,5.04,"HTTPConnectionPool(host='localhost', port=80): Max retries exceeded with url: /api/cicd/execute (Caused by NewConnectionError(""HTTPConnection(host='localhost', port=80): Failed to establish a new connection: [Errno 111] Connection refused""))"
2026-09-12T23:13:16.059070,1786373852673,POST,http://localhost/api/cicd/execute,0,8.17,"HTTPConnectionPool(host='localhost', port=80): Max retries exceeded with url: /api/cicd/execute (Caused by NewConnectionError(""HTTPConnection(host='localhost', port=80): Failed to establish a new connection: [Errno 111] Connection refused""))"
2026-09-12T23:13:16.059270,1786373852673,POST,http://localhost/api/cicd/execute,0,14.57,"HTTPConnectionPool(host='localhost', port=80): Max retries exceeded with url: /api/cicd/execute (Caused by NewConnectionError(""HTTPConnection(host='localhost', port=80): Failed to establish a new connection: [Errno 111] Connection refused""))"
2026-09-12T23:13:16.152342,1786374210148,GET,http://localhost/api/cicd/status/40665,0,1.6,"HTTPConnectionPool(host='localhost', port=80): Max retries exceeded with url: /api/cicd/status/40665 (Caused by NewConnectionError(""HTTPConnection(host='localhost', port=80): Failed to establish a new connection: [Errno 111] Connection refused""))"
2026-09-12T23:13:16.167385,1786373852673,POST,http://localhost/api/cicd/execute,0,11.53,"HTTPConnectionPool(host='localhost', port=80): Max retries exceeded with url: /api/cicd/execute (Caused by NewConnectionError(""HTTPConnection(host='localhost', port=80): Failed to establish a new connection: [Errno 111] Connection refused""))"
2026-09-12T23:13:16.168136,1786374210148,GET,http://localhost/api/cicd/status/40665,0,7.55,"HTTPConnectionPool(host='localhost', port=80): Max retries exceeded with url: /api/cicd/status/40665 (Caused by NewConnectionError(""HTTPConnection(host='localhost', port=80): Failed to establish a new connection: [Errno 111] Connection refused""))"
2026-09-12T23:13:16.169442,1786374210148,GET,http://localhost/api/cicd/status/40665,0,7.4,"HTTPConnectionPool(host='localhost', port=80): Max retries exceeded with url: /api/cicd/status/40665 (Caused by NewConnectionError(""HTTPConnection(host='localhost', port=80): Failed to establish a new connection: [Errno 111] Connection refused""))"
2026-09-12T23:13:16.169778,1786374210148,GET,http://localhost/api/cicd/status/40665,0,10.25,"HTTPConnectionPool(host='localhost', port=80): Max retries exceeded with url: /api/cicd/status/40665 (Caused by NewConnectionError(""HTTPConnection(host='localhost', port=80): Failed to establish a new connection: [Errno 111] Connection refused""))"
2026-09-12T23:13:16.170234,1786374210148,GET,http://localhost/api/cicd/status/40665,0,5.57,"HTTPConnectionPool(host='localhost', port=80): Max retries exceeded with url: /api/cicd/status/40665 (Caused by NewConnectionError(""HTTPConnection(host='localhost', port=80): Failed to establish a new connection: [Errno 111] Connection refused""))"
2026-09-12T23:13:16.170459,1786373852673,POST,http://localhost/api/cicd/execute,0,4.43,"HTTPConnectionPool(host='localhost', port=80): Max retries exceeded with url: /api/cicd/execute (Caused by NewConnectionError(""HTTPConnection(host='localhost', port=80): Failed to establish a new connection: [Errno 111] Connection refused""))"
2026-09-12T23:13:16.170688,1786373852673,POST,http://localhost/api/cicd/execute,0,12.65,"HTTPConnectionPool(host='localhost', port=80): Max retries exceeded with url: /api/cicd/execute (Caused by NewConnectionError(""HTTPConnection(host='localhost', port=80): Failed to establish a new connection: [Errno 111] Connection refused""))"
2026-09-12T23:13:16.170947,1786373852673,POST,http://localhost/api/cicd/execute,0,7.53,"HTTPConnectionPool(host='localhost', port=80): Max retries exceeded with url: /api/cicd/execute (Caused by NewConnectionError(""HTTPConnection(host='localhost', port=80): Failed to establish a new connection: [Errno 111] Connection refused""))"
2026-09-12T23:13:16.171378,1786374210148,GET,http://localhost/api/cicd/status/40665,0,14.41,"HTTPConnectionPool(host='localhost', port=80): Max retries exceeded with url: /api/cicd/status/40665 (Caused by NewConnectionError(""HTTPConnection(host='localhost', port=80): Failed to establish a new connection: [Errno 111] Connection refused""))"
2026-09-12T23:13:16.254210,1786373852673,POST,http://localhost/api/cicd/execute,0,1.69,"HTTPConnectionPool(host='localhost', port=80): Max retries exceeded with url: /api/cicd/execute (Caused by NewConnectionError(""HTTPConnection(host='localhost', port=80): Failed to establish a new connection: [Errno 111] Connection refused""))"
2026-09-12T23:13:16.282597,1786374210148,GET,http://localhost/api/cicd/status/40665,0,6.97,"HTTPConnectionPool(host='localhost', port=80): Max retries exceeded with url: /api/cicd/status/40665 (Caused by NewConnectionError(""HTTPConnection(host='localhost', port=80): Failed to establish a new connection: [Errno 111] Connection refused""))"
2026-09-12T23:13:16.283019,1786373852673,POST,http://localhost/api/cicd/execute,0,8.48,"HTTPConnectionPool(host='localhost', port=80): Max retries exceeded with url: /api/cicd/execute (Caused by NewConnectionError(""HTTPConnection(host='localhost', port=80): Failed to establish a new connection: [Errno 111] Connection refused""))"
2026-09-12T23:13:16.283291,1786373852673,POST,http://localhost/api/cicd/execute,0,6.64,"HTTPConnectionPool(host='localhost', port=80): Max retries exceeded with url: /api/cicd/execute (Caused by NewConnectionError(""HTTPConnection(host='localhost', port=80): Failed to establish a new connection: [Errno 111] Connection refused""))"
2026-09-12T23:13:16.283595,1786373852673,POST,http://localhost/api/cicd/execute,0,11.28,"HTTPConnectionPool(host='localhost', port=80): Max retries exceeded with url: /api/cicd/execute (Caused by NewConnectionError(""HTTPConnection(host='localhost', port=80): Failed to establish a new connection: [Errno 111] Connection refused""))"
2026-09-12T23:13:16.284045,1786373852673,POST,http://localhost/api/cicd/execute,0,5.24,"HTTPConnectionPool(host='localhost', port=80): Max retries exceeded with url: /api/cicd/execute (Caused by NewConnectionError(""HTTPConnection(host='localhost', port=80): Failed to establish a new connection: [Errno 111] Connection refused""))"
2026-09-12T23:13:16.284435,1786374210148,GET,http://localhost/api/cicd/status/40665,0,16.87,"HTTPConnectionPool(host='localhost', port=80): Max retries exceeded with url: /api/cicd/status/40665 (Caused by NewConnectionError(""HTTPConnection(host='localhost', port=80): Failed to establish a new connection: [Errno 111] Connection refused""))"
2026-09-12T23:13:16.284731,1786373852673,POST,http://localhost/api/cicd/execute,0,11.31,"HTTPConnectionPool(host='localhost', port=80): Max retries exceeded with url: /api/cicd/execute (Caused by NewConnectionError(""HTTPConnection(host='localhost', port=80): Failed to establish a new connection: [Errno 111] Connection refused""))"
2026-09-12T23:13:16.284932,1786374210148,GET,http://localhost/api/cicd/status/40665,0,7.26,"HTTPConnectionPool(host='localhost', port=80): Max retries exceeded with url: /api/cicd/status/40665 (Caused by NewConnectionError(""HTTPConnection(host='localhost', port=80): Failed to establish a new connection: [Errno 111] Connection refused""))"
2026-09-12T23:13:16.285466,1786374210148,GET,http://localhost/api/cicd/status/40665,0,5.19,"HTTPConnectionPool(host='localhost', port=80): Max retries exceeded with url: /api/cicd/status/40665 (Caused by NewConnectionError(""HTTPConnection(host='localhost', port=80): Failed to establish a new connection: [Errno 111] Connection refused""))"
2026-09-12T23:13:16.355940,1786374210148,GET,http://localhost/api/cicd/status/40665,0,1.54,"HTTPConnectionPool(host='localhost', port=80): Max retries exceeded with url: /api/cicd/status/40665 (Caused by NewConnectionError(""HTTPConnection(host='localhost', port=80): Failed to establish a new connection: [Errno 111] Connection refused""))"
2026-09-12T23:13:16.393528,1786373852673,POST,http://localhost/api/cicd/execute,0,10.75,"HTTPConnectionPool(host='localhost', port=80): Max retries exceeded with url: /api/cicd/execute (Caused by NewConnectionError(""HTTPConnection(host='localhost', port=80): Failed to establish a new connection: [Errno 111] Connection refused""))"
2026-09-12T23:13:16.394814,1786374210148,GET,http://localhost/api/cicd/status/40665,0,5.56,"HTTPConnectionPool(host='localhost', port=80): Max retries exceeded with url: /api/cicd/status/40665 (Caused by NewConnectionError(""HTTPConnection(host='localhost', port=80): Failed to establish a new connection: [Errno 111] Connection refused""))"
2026-09-12T23:13:16.395496,1786374210148,GET,http://localhost/api/cicd/status/40665,0,9.56,"HTTPConnectionPool(host='localhost', port=80): Max retries exceeded with url: /api/cicd/status/40665 (Caused by NewConnectionError(""HTTPConnection(host='localhost', port=80): Failed to establish a new connection: [Errno 111] Connection refused""))"
2026-09-12T23:13:16.395787,1786374210148,GET,http://localhost/api/cicd/status/40665,0,10.89,"HTTPConnectionPool(host='localhost', port=80): Max retries exceeded with url: /api/cicd/status/40665 (Caused by NewConnectionError(""HTTPConnection(host='localhost', port=80): Failed to establish a new connection: [Errno 111] Connection refused""))"
2026-09-12T23:13:16.396021,1786373852673,POST,http://localhost/api/cicd/execute,0,5.73,"HTTPConnectionPool(host='localhost', port=80): Max retries exceeded with url: /api/cicd/execute (Caused by NewConnectionError(""HTTPConnection(host='localhost', port=80): Failed to establish a new connection: [Errno 111] Connection refused""))"
2026-09-12T23:13:16.396493,1786374210148,GET,http://localhost/api/cicd/status/40665,0,9.39,"HTTPConnectionPool(host='localhost', port=80): Max retries exceeded with url: /api/cicd/status/40665 (Caused by NewConnectionError(""HTTPConnection(host='localhost', port=80): Failed to establish a new connection: [Errno 111] Connection refused""))"
2026-09-12T23:13:16.396822,1786373852673,POST,http://localhost/api/cicd/execute,0,8.91,"HTTPConnectionPool(host='localhost', port=80): Max retries exceeded with url: /api/cicd/execute (Caused by NewConnectionError(""HTTPConnection(host='localhost', port=80): Failed to establish a new connection: [Errno 111] Connection refused""))"
2026-09-12T23:13:16.397141,1786373852673,POST,http://localhost/api/cicd/execute,0,4.83,"HTTPConnectionPool(host='localhost', port=80): Max retries exceeded with url: /api/cicd/execute (Caused by NewConnectionError(""HTTPConnection(host='localhost', port=80): Failed to establish a new connection: [Errno 111] Connection refused""))"
2026-09-12T23:13:16.397482,1786374210148,GET,http://localhost/api/cicd/status/40665,0,13.61,"HTTPConnectionPool(host='localhost', port=80): Max retries exceeded with url: /api/cicd/status/40665 (Caused by NewConnectionError(""HTTPConnection(host='localhost', port=80): Failed to establish a new connection: [Errno 111] Connection refused""))"
2026-09-12T23:13:16.457744,1786373852673,POST,http://localhost/api/cicd/execute,0,1.63,"HTTPConnectionPool(host='localhost', port=80): Max retries exceeded with url: /api/cicd/execute (Caused by NewConnectionError(""HTTPConnection(host='localhost', port=80): Failed to establish a new connection: [Errno 111] Connection refused""))"
2026-09-12T23:13:16.505301,1786373852673,POST,http://localhost/api/cicd/execute,0,10.31,"HTTPConnectionPool(host='localhost', port=80): Max retries exceeded with url: /api/cicd/execute (Caused by NewConnectionError(""HTTPConnection(host='localhost', port=80): Failed to establish a new connection: [Errno 111] Connection refused""))"
2026-09-12T23:13:16.506073,1786374210148,GET,http://localhost/api/cicd/status/40665,0,2.83,"HTTPConnectionPool(host='localhost', port=80): Max retries exceeded with url: /api/cicd/status/40665 (Caused by NewConnectionError(""HTTPConnection(host='localhost', port=80): Failed to establish a new connection: [Errno 111] Connection refused""))"
2026-09-12T23:13:16.506349,1786373852673,POST,http://localhost/api/cicd/execute,0,7.15,"HTTPConnectionPool(host='localhost', port=80): Max retries exceeded with url: /api/cicd/execute (Caused by NewConnectionError(""HTTPConnection(host='localhost', port=80): Failed to establish a new connection: [Errno 111] Connection refused""))"
2026-09-12T23:13:16.507490,1786374210148,GET,http://localhost/api/cicd/status/40665,0,7.1,"HTTPConnectionPool(host='localhost', port=80): Max retries exceeded with url: /api/cicd/status/40665 (Caused by NewConnectionError(""HTTPConnection(host='localhost', port=80): Failed to establish a new connection: [Errno 111] Connection refused""))"
2026-09-12T23:13:16.507783,1786374210148,GET,http://localhost/api/cicd/status/40665,0,11.58,"HTTPConnectionPool(host='localhost', port=80): Max retries exceeded with url: /api/cicd/status/40665 (Caused by NewConnectionError(""HTTPConnection(host='localhost', port=80): Failed to establish a new connection: [Errno 111] Connection refused""))"
2026-09-12T23:13:16.508274,1786374210148,GET,http://localhost/api/cicd/status/40665,0,14.55,"HTTPConnectionPool(host='localhost', port=80): Max retries exceeded with url: /api/cicd/status/40665 (Caused by NewConnectionError(""HTTPConnection(host='localhost', port=80): Failed to establish a new connection: [Errno 111] Connection refused""))"
2026-09-12T23:13:16.508554,1786373852673,POST,http://localhost/api/cicd/execute,0,11.65,"HTTPConnectionPool(host='localhost', port=80): Max retries exceeded with url: /api/cicd/execute (Caused by NewConnectionError(""HTTPConnection(host='localhost', port=80): Failed to establish a new connection: [Errno 111] Connection refused""))"
2026-09-12T23:13:16.508867,1786373852673,POST,http://localhost/api/cicd/execute,0,10.76,"HTTPConnectionPool(host='localhost', port=80): Max retries exceeded with url: /api/cicd/execute (Caused by NewConnectionError(""HTTPConnection(host='localhost', port=80): Failed to establish a new connection: [Errno 111] Connection refused""))"
2026-09-12T23:13:16.509079,1786373852673,POST,http://localhost/api/cicd/execute,0,7.39,"HTTPConnectionPool(host='localhost', port=80): Max retries exceeded with url: /api/cicd/execute (Caused by NewConnectionError(""HTTPConnection(host='localhost', port=80): Failed to establish a new connection: [Errno 111] Connection refused""))"
2026-09-12T23:13:16.560084,1786374210148,GET,http://localhost/api/cicd/status/40665,0,2.13,"HTTPConnectionPool(host='localhost', port=80): Max retries exceeded with url: /api/cicd/status/40665 (Caused by NewConnectionError(""HTTPConnection(host='localhost', port=80): Failed to establish a new connection: [Errno 111] Connection refused""))"
2026-09-12T23:13:16.615482,1786374210148,GET,http://localhost/api/cicd/status/40665,0,10.04,"HTTPConnectionPool(host='localhost', port=80): Max retries exceeded with url: /api/cicd/status/40665 (Caused by NewConnectionError(""HTTPConnection(host='localhost', port=80): Failed to establish a new connection: [Errno 111] Connection refused""))"
2026-09-12T23:13:16.616690,1786373852673,POST,http://localhost/api/cicd/execute,0,7.22,"HTTPConnectionPool(host='localhost', port=80): Max retries exceeded with url: /api/cicd/execute (Caused by NewConnectionError(""HTTPConnection(host='localhost', port=80): Failed to establish a new connection: [Errno 111] Connection refused""))"
2026-09-12T23:13:16.617412,1786374210148,GET,http://localhost/api/cicd/status/40665,0,5.73,"HTTPConnectionPool(host='localhost', port=80): Max retries exceeded with url: /api/cicd/status/40665 (Caused by NewConnectionError(""HTTPConnection(host='localhost', port=80): Failed to establish a new connection: [Errno 111] Connection refused""))"
2026-09-12T23:13:16.617681,1786374210148,GET,http://localhost/api/cicd/status/40665,0,3.88,"HTTPConnectionPool(host='localhost', port=80): Max retries exceeded with url: /api/cicd/status/40665 (Caused by NewConnectionError(""HTTPConnection(host='localhost', port=80): Failed to establish a new connection: [Errno 111] Connection refused""))"
2026-09-12T23:13:16.617920,1786373852673,POST,http://localhost/api/cicd/execute,0,11.66,"HTTPConnectionPool(host='localhost', port=80): Max retries exceeded with url: /api/cicd/execute (Caused by NewConnectionError(""HTTPConnection(host='localhost', port=80): Failed to establish a new connection: [Errno 111] Connection refused""))"
2026-09-12T23:13:16.618359,1786373852673,POST,http://localhost/api/cicd/execute,0,7.77,"HTTPConnectionPool(host='localhost', port=80): Max retries exceeded with url: /api/cicd/execute (Caused by NewConnectionError(""HTTPConnection(host='localhost', port=80): Failed to establish a new connection: [Errno 111] Connection refused""))"
2026-09-12T23:13:16.618718,1786373852673,POST,http://localhost/api/cicd/execute,0,10.42,"HTTPConnectionPool(host='localhost', port=80): Max retries exceeded with url: /api/cicd/execute (Caused by NewConnectionError(""HTTPConnection(host='localhost', port=80): Failed to establish a new connection: [Errno 111] Connection refused""))"
2026-09-12T23:13:16.619018,1786374210148,GET,http://localhost/api/cicd/status/40665,0,11.62,"HTTPConnectionPool(host='localhost', port=80): Max retries exceeded with url: /api/cicd/status/40665 (Caused by NewConnectionError(""HTTPConnection(host='localhost', port=80): Failed to establish a new connection: [Errno 111] Connection refused""))"
2026-09-12T23:13:16.619314,1786374210148,GET,http://localhost/api/cicd/status/40665,0,6.58,"HTTPConnectionPool(host='localhost', port=80): Max retries exceeded with url: /api/cicd/status/40665 (Caused by NewConnectionError(""HTTPConnection(host='localhost', port=80): Failed to establish a new connection: [Errno 111] Connection refused""))"
2026-09-12T23:13:16.662411,1786373852673,POST,http://localhost/api/cicd/execute,0,2.13,"HTTPConnectionPool(host='localhost', port=80): Max retries exceeded with url: /api/cicd/execute (Caused by NewConnectionError(""HTTPConnection(host='localhost', port=80): Failed to establish a new connection: [Errno 111] Connection refused""))"
2026-09-12T23:13:16.726366,1786373852673,POST,http://localhost/api/cicd/execute,0,10.73,"HTTPConnectionPool(host='localhost', port=80): Max retries exceeded with url: /api/cicd/execute (Caused by NewConnectionError(""HTTPConnection(host='localhost', port=80): Failed to establish a new connection: [Errno 111] Connection refused""))"
2026-09-12T23:13:16.727085,1786373852673,POST,http://localhost/api/cicd/execute,0,9.21,"HTTPConnectionPool(host='localhost', port=80): Max retries exceeded with url: /api/cicd/execute (Caused by NewConnectionError(""HTTPConnection(host='localhost', port=80): Failed to establish a new connection: [Errno 111] Connection refused""))"
2026-09-12T23:13:16.728268,1786374210148,GET,http://localhost/api/cicd/status/40665,0,5.9,"HTTPConnectionPool(host='localhost', port=80): Max retries exceeded with url: /api/cicd/status/40665 (Caused by NewConnectionError(""HTTPConnection(host='localhost', port=80): Failed to establish a new connection: [Errno 111] Connection refused""))"
2026-09-12T23:13:16.728587,1786373852673,POST,http://localhost/api/cicd/execute,0,7.37,"HTTPConnectionPool(host='localhost', port=80): Max retries exceeded with url: /api/cicd/execute (Caused by NewConnectionError(""HTTPConnection(host='localhost', port=80): Failed to establish a new connection: [Errno 111] Connection refused""))"
2026-09-12T23:13:16.728835,1786374210148,GET,http://localhost/api/cicd/status/40665,0,4.11,"HTTPConnectionPool(host='localhost', port=80): Max retries exceeded with url: /api/cicd/status/40665 (Caused by NewConnectionError(""HTTPConnection(host='localhost', port=80): Failed to establish a new connection: [Errno 111] Connection refused""))"
2026-09-12T23:13:16.729053,1786373852673,POST,http://localhost/api/cicd/execute,0,10.13,"HTTPConnectionPool(host='localhost', port=80): Max retries exceeded with url: /api/cicd/execute (Caused by NewConnectionError(""HTTPConnection(host='localhost', port=80): Failed to establish a new connection: [Errno 111] Connection refused""))"
2026-09-12T23:13:16.729606,1786374210148,GET,http://localhost/api/cicd/status/40665,0,9.52,"HTTPConnectionPool(host='localhost', port=80): Max retries exceeded with url: /api/cicd/status/40665 (Caused by NewConnectionError(""HTTPConnection(host='localhost', port=80): Failed to establish a new connection: [Errno 111] Connection refused""))"
2026-09-12T23:13:16.729944,1786374210148,GET,http://localhost/api/cicd/status/40665,0,13.08,"HTTPConnectionPool(host='localhost', port=80): Max retries exceeded with url: /api/cicd/status/40665 (Caused by NewConnectionError(""HTTPConnection(host='localhost', port=80): Failed to establish a new connection: [Errno 111] Connection refused""))"
2026-09-12T23:13:16.730246,1786373852673,POST,http://localhost/api/cicd/execute,0,6.71,"HTTPConnectionPool(host='localhost', port=80): Max retries exceeded with url: /api/cicd/execute (Caused by NewConnectionError(""HTTPConnection(host='localhost', port=80): Failed to establish a new connection: [Errno 111] Connection refused""))"
2026-09-12T23:13:16.764129,1786374210148,GET,http://localhost/api/cicd/status/40665,0,1.54,"HTTPConnectionPool(host='localhost', port=80): Max retries exceeded with url: /api/cicd/status/40665 (Caused by NewConnectionError(""HTTPConnection(host='localhost', port=80): Failed to establish a new connection: [Errno 111] Connection refused""))"
2026-09-12T23:13:16.840124,1786374210148,GET,http://localhost/api/cicd/status/40665,0,12.53,"HTTPConnectionPool(host='localhost', port=80): Max retries exceeded with url: /api/cicd/status/40665 (Caused by NewConnectionError(""HTTPConnection(host='localhost', port=80): Failed to establish a new connection: [Errno 111] Connection refused""))"
2026-09-12T23:13:16.840687,1786373852673,POST,http://localhost/api/cicd/execute,0,3.86,"HTTPConnectionPool(host='localhost', port=80): Max retries exceeded with url: /api/cicd/execute (Caused by NewConnectionError(""HTTPConnection(host='localhost', port=80): Failed to establish a new connection: [Errno 111] Connection refused""))"
2026-09-12T23:13:16.841012,1786373852673,POST,http://localhost/api/cicd/execute,0,12.31,"HTTPConnectionPool(host='localhost', port=80): Max retries exceeded with url: /api/cicd/execute (Caused by NewConnectionError(""HTTPConnection(host='localhost', port=80): Failed to establish a new connection: [Errno 111] Connection refused""))"
2026-09-12T23:13:16.841328,1786374210148,GET,http://localhost/api/cicd/status/40665,0,10.42,"HTTPConnectionPool(host='localhost', port=80): Max retries exceeded with url: /api/cicd/status/40665 (Caused by NewConnectionError(""HTTPConnection(host='localhost', port=80): Failed to establish a new connection: [Errno 111] Connection refused""))"
2026-09-12T23:13:16.842015,1786374210148,GET,http://localhost/api/cicd/status/40665,0,8.19,"HTTPConnectionPool(host='localhost', port=80): Max retries exceeded with url: /api/cicd/status/40665 (Caused by NewConnectionError(""HTTPConnection(host='localhost', port=80): Failed to establish a new connection: [Errno 111] Connection refused""))"
2026-09-12T23:13:16.842301,1786374210148,GET,http://localhost/api/cicd/status/40665,0,6.83,"HTTPConnectionPool(host='localhost', port=80): Max retries exceeded with url: /api/cicd/status/40665 (Caused by NewConnectionError(""HTTPConnection(host='localhost', port=80): Failed to establish a new connection: [Errno 111] Connection refused""))"
2026-09-12T23:13:16.842644,1786374210148,GET,http://localhost/api/cicd/status/40665,0,16.11,"HTTPConnectionPool(host='localhost', port=80): Max retries exceeded with url: /api/cicd/status/40665 (Caused by NewConnectionError(""HTTPConnection(host='localhost', port=80): Failed to establish a new connection: [Errno 111] Connection refused""))"
2026-09-12T23:13:16.842849,1786373852673,POST,http://localhost/api/cicd/execute,0,13.09,"HTTPConnectionPool(host='localhost', port=80): Max retries exceeded with url: /api/cicd/execute (Caused by NewConnectionError(""HTTPConnection(host='localhost', port=80): Failed to establish a new connection: [Errno 111] Connection refused""))"
2026-09-12T23:13:16.843136,1786373852673,POST,http://localhost/api/cicd/execute,0,11.02,"HTTPConnectionPool(host='localhost', port=80): Max retries exceeded with url: /api/cicd/execute (Caused by NewConnectionError(""HTTPConnection(host='localhost', port=80): Failed to establish a new connection: [Errno 111] Connection refused""))"
2026-09-12T23:13:16.865909,1786373852673,POST,http://localhost/api/cicd/execute,0,1.62,"HTTPConnectionPool(host='localhost', port=80): Max retries exceeded with url: /api/cicd/execute (Caused by NewConnectionError(""HTTPConnection(host='localhost', port=80): Failed to establish a new connection: [Errno 111] Connection refused""))"
2026-09-12T23:13:16.951164,1786373852673,POST,http://localhost/api/cicd/execute,0,7.77,"HTTPConnectionPool(host='localhost', port=80): Max retries exceeded with url: /api/cicd/execute (Caused by NewConnectionError(""HTTPConnection(host='localhost', port=80): Failed to establish a new connection: [Errno 111] Connection refused""))"
2026-09-12T23:13:16.951845,1786374210148,GET,http://localhost/api/cicd/status/40665,0,4.15,"HTTPConnectionPool(host='localhost', port=80): Max retries exceeded with url: /api/cicd/status/40665 (Caused by NewConnectionError(""HTTPConnection(host='localhost', port=80): Failed to establish a new connection: [Errno 111] Connection refused""))"
2026-09-12T23:13:16.952693,1786373852673,POST,http://localhost/api/cicd/execute,0,8.26,"HTTPConnectionPool(host='localhost', port=80): Max retries exceeded with url: /api/cicd/execute (Caused by NewConnectionError(""HTTPConnection(host='localhost', port=80): Failed to establish a new connection: [Errno 111] Connection refused""))"
2026-09-12T23:13:16.952984,1786373852673,POST,http://localhost/api/cicd/execute,0,12.64,"HTTPConnectionPool(host='localhost', port=80): Max retries exceeded with url: /api/cicd/execute (Caused by NewConnectionError(""HTTPConnection(host='localhost', port=80): Failed to establish a new connection: [Errno 111] Connection refused""))"
2026-09-12T23:13:16.953358,1786374210148,GET,http://localhost/api/cicd/status/40665,0,6.74,"HTTPConnectionPool(host='localhost', port=80): Max retries exceeded with url: /api/cicd/status/40665 (Caused by NewConnectionError(""HTTPConnection(host='localhost', port=80): Failed to establish a new connection: [Errno 111] Connection refused""))"
2026-09-12T23:13:16.953882,1786374210148,GET,http://localhost/api/cicd/status/40665,0,12.72,"HTTPConnectionPool(host='localhost', port=80): Max retries exceeded with url: /api/cicd/status/40665 (Caused by NewConnectionError(""HTTPConnection(host='localhost', port=80): Failed to establish a new connection: [Errno 111] Connection refused""))"
2026-09-12T23:13:16.954170,1786373852673,POST,http://localhost/api/cicd/execute,0,5.08,"HTTPConnectionPool(host='localhost', port=80): Max retries exceeded with url: /api/cicd/execute (Caused by NewConnectionError(""HTTPConnection(host='localhost', port=80): Failed to establish a new connection: [Errno 111] Connection refused""))"
2026-09-12T23:13:16.954471,1786373852673,POST,http://localhost/api/cicd/execute,0,8.95,"HTTPConnectionPool(host='localhost', port=80): Max retries exceeded with url: /api/cicd/execute (Caused by NewConnectionError(""HTTPConnection(host='localhost', port=80): Failed to establish a new connection: [Errno 111] Connection refused""))"
2026-09-12T23:13:16.954741,1786374210148,GET,http://localhost/api/cicd/status/40665,0,12.54,"HTTPConnectionPool(host='localhost', port=80): Max retries exceeded with url: /api/cicd/status/40665 (Caused by NewConnectionError(""HTTPConnection(host='localhost', port=80): Failed to establish a new connection: [Errno 111] Connection refused""))"
2026-09-12T23:13:16.967631,1786374210148,GET,http://localhost/api/cicd/status/40665,0,1.55,"HTTPConnectionPool(host='localhost', port=80): Max retries exceeded with url: /api/cicd/status/40665 (Caused by NewConnectionError(""HTTPConnection(host='localhost', port=80): Failed to establish a new connection: [Errno 111] Connection refused""))"
2026-09-12T23:13:17.062795,1786373852673,POST,http://localhost/api/cicd/execute,0,10.4,"HTTPConnectionPool(host='localhost', port=80): Max retries exceeded with url: /api/cicd/execute (Caused by NewConnectionError(""HTTPConnection(host='localhost', port=80): Failed to establish a new connection: [Errno 111] Connection refused""))"
2026-09-12T23:13:17.063465,1786374210148,GET,http://localhost/api/cicd/status/40665,0,5.13,"HTTPConnectionPool(host='localhost', port=80): Max retries exceeded with url: /api/cicd/status/40665 (Caused by NewConnectionError(""HTTPConnection(host='localhost', port=80): Failed to establish a new connection: [Errno 111] Connection refused""))"
2026-09-12T23:13:17.064044,1786374210148,GET,http://localhost/api/cicd/status/40665,0,9.43,"HTTPConnectionPool(host='localhost', port=80): Max retries exceeded with url: /api/cicd/status/40665 (Caused by NewConnectionError(""HTTPConnection(host='localhost', port=80): Failed to establish a new connection: [Errno 111] Connection refused""))"
2026-09-12T23:13:17.064512,1786374210148,GET,http://localhost/api/cicd/status/40665,0,10.92,"HTTPConnectionPool(host='localhost', port=80): Max retries exceeded with url: /api/cicd/status/40665 (Caused by NewConnectionError(""HTTPConnection(host='localhost', port=80): Failed to establish a new connection: [Errno 111] Connection refused""))"
2026-09-12T23:13:17.064789,1786374210148,GET,http://localhost/api/cicd/status/40665,0,9.14,"HTTPConnectionPool(host='localhost', port=80): Max retries exceeded with url: /api/cicd/status/40665 (Caused by NewConnectionError(""HTTPConnection(host='localhost', port=80): Failed to establish a new connection: [Errno 111] Connection refused""))"
2026-09-12T23:13:17.065115,1786373852673,POST,http://localhost/api/cicd/execute,0,8.22,"HTTPConnectionPool(host='localhost', port=80): Max retries exceeded with url: /api/cicd/execute (Caused by NewConnectionError(""HTTPConnection(host='localhost', port=80): Failed to establish a new connection: [Errno 111] Connection refused""))"
2026-09-12T23:13:17.065412,1786373852673,POST,http://localhost/api/cicd/execute,0,4.61,"HTTPConnectionPool(host='localhost', port=80): Max retries exceeded with url: /api/cicd/execute (Caused by NewConnectionError(""HTTPConnection(host='localhost', port=80): Failed to establish a new connection: [Errno 111] Connection refused""))"
2026-09-12T23:13:17.065726,1786374210148,GET,http://localhost/api/cicd/status/40665,0,14.38,"HTTPConnectionPool(host='localhost', port=80): Max retries exceeded with url: /api/cicd/status/40665 (Caused by NewConnectionError(""HTTPConnection(host='localhost', port=80): Failed to establish a new connection: [Errno 111] Connection refused""))"
2026-09-12T23:13:17.066414,1786373852673,POST,http://localhost/api/cicd/execute,0,6.81,"HTTPConnectionPool(host='localhost', port=80): Max retries exceeded with url: /api/cicd/execute (Caused by NewConnectionError(""HTTPConnection(host='localhost', port=80): Failed to establish a new connection: [Errno 111] Connection refused""))"
2026-09-12T23:13:17.069457,1786373852673,POST,http://localhost/api/cicd/execute,0,1.65,"HTTPConnectionPool(host='localhost', port=80): Max retries exceeded with url: /api/cicd/execute (Caused by NewConnectionError(""HTTPConnection(host='localhost', port=80): Failed to establish a new connection: [Errno 111] Connection refused""))"
2026-09-12T23:13:17.175480,1786373852673,POST,http://localhost/api/cicd/execute,0,9.45,"HTTPConnectionPool(host='localhost', port=80): Max retries exceeded with url: /api/cicd/execute (Caused by NewConnectionError(""HTTPConnection(host='localhost', port=80): Failed to establish a new connection: [Errno 111] Connection refused""))"
2026-09-12T23:13:17.175848,1786374210148,GET,http://localhost/api/cicd/status/40665,0,12.88,"HTTPConnectionPool(host='localhost', port=80): Max retries exceeded with url: /api/cicd/status/40665 (Caused by NewConnectionError(""HTTPConnection(host='localhost', port=80): Failed to establish a new connection: [Errno 111] Connection refused""))"
2026-09-12T23:13:17.176234,1786374210148,GET,http://localhost/api/cicd/status/40665,0,6.49,"HTTPConnectionPool(host='localhost', port=80): Max retries exceeded with url: /api/cicd/status/40665 (Caused by NewConnectionError(""HTTPConnection(host='localhost', port=80): Failed to establish a new connection: [Errno 111] Connection refused""))"
2026-09-12T23:13:17.177212,1786374210148,GET,http://localhost/api/cicd/status/40665,0,6.3,"HTTPConnectionPool(host='localhost', port=80): Max retries exceeded with url: /api/cicd/status/40665 (Caused by NewConnectionError(""HTTPConnection(host='localhost', port=80): Failed to establish a new connection: [Errno 111] Connection refused""))"
2026-09-12T23:13:17.177553,1786373852673,POST,http://localhost/api/cicd/execute,0,13.71,"HTTPConnectionPool(host='localhost', port=80): Max retries exceeded with url: /api/cicd/execute (Caused by NewConnectionError(""HTTPConnection(host='localhost', port=80): Failed to establish a new connection: [Errno 111] Connection refused""))"
2026-09-12T23:13:17.177779,1786373852673,POST,http://localhost/api/cicd/execute,0,12.86,"HTTPConnectionPool(host='localhost', port=80): Max retries exceeded with url: /api/cicd/execute (Caused by NewConnectionError(""HTTPConnection(host='localhost', port=80): Failed to establish a new connection: [Errno 111] Connection refused""))"
2026-09-12T23:13:17.178044,1786374210148,GET,http://localhost/api/cicd/status/40665,0,6.03,"HTTPConnectionPool(host='localhost', port=80): Max retries exceeded with url: /api/cicd/status/40665 (Caused by NewConnectionError(""HTTPConnection(host='localhost', port=80): Failed to establish a new connection: [Errno 111] Connection refused""))"
2026-09-12T23:13:17.178470,1786373852673,POST,http://localhost/api/cicd/execute,0,10.07,"HTTPConnectionPool(host='localhost', port=80): Max retries exceeded with url: /api/cicd/execute (Caused by NewConnectionError(""HTTPConnection(host='localhost', port=80): Failed to establish a new connection: [Errno 111] Connection refused""))"
2026-09-12T23:13:17.178732,1786373852673,POST,http://localhost/api/cicd/execute,0,11.59,"HTTPConnectionPool(host='localhost', port=80): Max retries exceeded with url: /api/cicd/execute (Caused by NewConnectionError(""HTTPConnection(host='localhost', port=80): Failed to establish a new connection: [Errno 111] Connection refused""))"
2026-09-12T23:13:17.179080,1786374210148,GET,http://localhost/api/cicd/status/40665,0,5.28,"HTTPConnectionPool(host='localhost', port=80): Max retries exceeded with url: /api/cicd/status/40665 (Caused by NewConnectionError(""HTTPConnection(host='localhost', port=80): Failed to establish a new connection: [Errno 111] Connection refused""))"
2026-09-12T23:13:17.289188,1786374210148,GET,http://localhost/api/cicd/status/40665,0,13.53,"HTTPConnectionPool(host='localhost', port=80): Max retries exceeded with url: /api/cicd/status/40665 (Caused by NewConnectionError(""HTTPConnection(host='localhost', port=80): Failed to establish a new connection: [Errno 111] Connection refused""))"
2026-09-12T23:13:17.290437,1786374210148,GET,http://localhost/api/cicd/status/40665,0,5.85,"HTTPConnectionPool(host='localhost', port=80): Max retries exceeded with url: /api/cicd/status/40665 (Caused by NewConnectionError(""HTTPConnection(host='localhost', port=80): Failed to establish a new connection: [Errno 111] Connection refused""))"
2026-09-12T23:13:17.290825,1786373852673,POST,http://localhost/api/cicd/execute,0,12.95,"HTTPConnectionPool(host='localhost', port=80): Max retries exceeded with url: /api/cicd/execute (Caused by NewConnectionError(""HTTPConnection(host='localhost', port=80): Failed to establish a new connection: [Errno 111] Connection refused""))"
2026-09-12T23:13:17.291327,1786374210148,GET,http://localhost/api/cicd/status/40665,0,3.75,"HTTPConnectionPool(host='localhost', port=80): Max retries exceeded with url: /api/cicd/status/40665 (Caused by NewConnectionError(""HTTPConnection(host='localhost', port=80): Failed to establish a new connection: [Errno 111] Connection refused""))"
2026-09-12T23:13:17.291761,1786374210148,GET,http://localhost/api/cicd/status/40665,0,9.53,"HTTPConnectionPool(host='localhost', port=80): Max retries exceeded with url: /api/cicd/status/40665 (Caused by NewConnectionError(""HTTPConnection(host='localhost', port=80): Failed to establish a new connection: [Errno 111] Connection refused""))"
2026-09-12T23:13:17.292057,1786373852673,POST,http://localhost/api/cicd/execute,0,12.96,"HTTPConnectionPool(host='localhost', port=80): Max retries exceeded with url: /api/cicd/execute (Caused by NewConnectionError(""HTTPConnection(host='localhost', port=80): Failed to establish a new connection: [Errno 111] Connection refused""))"
2026-09-12T23:13:17.292427,1786374210148,GET,http://localhost/api/cicd/status/40665,0,6.76,"HTTPConnectionPool(host='localhost', port=80): Max retries exceeded with url: /api/cicd/status/40665 (Caused by NewConnectionError(""HTTPConnection(host='localhost', port=80): Failed to establish a new connection: [Errno 111] Connection refused""))"
2026-09-12T23:13:17.292677,1786373852673,POST,http://localhost/api/cicd/execute,0,15.94,"HTTPConnectionPool(host='localhost', port=80): Max retries exceeded with url: /api/cicd/execute (Caused by NewConnectionError(""HTTPConnection(host='localhost', port=80): Failed to establish a new connection: [Errno 111] Connection refused""))"
2026-09-12T23:13:17.292954,1786373852673,POST,http://localhost/api/cicd/execute,0,9.62,"HTTPConnectionPool(host='localhost', port=80): Max retries exceeded with url: /api/cicd/execute (Caused by NewConnectionError(""HTTPConnection(host='localhost', port=80): Failed to establish a new connection: [Errno 111] Connection refused""))"
2026-09-12T23:13:17.293337,1786373852673,POST,http://localhost/api/cicd/execute,0,13.01,"HTTPConnectionPool(host='localhost', port=80): Max retries exceeded with url: /api/cicd/execute (Caused by NewConnectionError(""HTTPConnection(host='localhost', port=80): Failed to establish a new connection: [Errno 111] Connection refused""))"
2026-09-12T23:13:17.402856,1786373852673,POST,http://localhost/api/cicd/execute,0,12.2,"HTTPConnectionPool(host='localhost', port=80): Max retries exceeded with url: /api/cicd/execute (Caused by NewConnectionError(""HTTPConnection(host='localhost', port=80): Failed to establish a new connection: [Errno 111] Connection refused""))"
2026-09-12T23:13:17.403548,1786374210148,GET,http://localhost/api/cicd/status/40665,0,10.68,"HTTPConnectionPool(host='localhost', port=80): Max retries exceeded with url: /api/cicd/status/40665 (Caused by NewConnectionError(""HTTPConnection(host='localhost', port=80): Failed to establish a new connection: [Errno 111] Connection refused""))"
2026-09-12T23:13:17.404107,1786373852673,POST,http://localhost/api/cicd/execute,0,14.74,"HTTPConnectionPool(host='localhost', port=80): Max retries exceeded with url: /api/cicd/execute (Caused by NewConnectionError(""HTTPConnection(host='localhost', port=80): Failed to establish a new connection: [Errno 111] Connection refused""))"
2026-09-12T23:13:17.404854,1786373852673,POST,http://localhost/api/cicd/execute,0,7.04,"HTTPConnectionPool(host='localhost', port=80): Max retries exceeded with url: /api/cicd/execute (Caused by NewConnectionError(""HTTPConnection(host='localhost', port=80): Failed to establish a new connection: [Errno 111] Connection refused""))"
2026-09-12T23:13:17.405161,1786373852673,POST,http://localhost/api/cicd/execute,0,11.19,"HTTPConnectionPool(host='localhost', port=80): Max retries exceeded with url: /api/cicd/execute (Caused by NewConnectionError(""HTTPConnection(host='localhost', port=80): Failed to establish a new connection: [Errno 111] Connection refused""))"
2026-09-12T23:13:17.405752,1786374210148,GET,http://localhost/api/cicd/status/40665,0,9.1,"HTTPConnectionPool(host='localhost', port=80): Max retries exceeded with url: /api/cicd/status/40665 (Caused by NewConnectionError(""HTTPConnection(host='localhost', port=80): Failed to establish a new connection: [Errno 111] Connection refused""))"
2026-09-12T23:13:17.405985,1786374210148,GET,http://localhost/api/cicd/status/40665,0,5.92,"HTTPConnectionPool(host='localhost', port=80): Max retries exceeded with url: /api/cicd/status/40665 (Caused by NewConnectionError(""HTTPConnection(host='localhost', port=80): Failed to establish a new connection: [Errno 111] Connection refused""))"
2026-09-12T23:13:17.406229,1786374210148,GET,http://localhost/api/cicd/status/40665,0,14.38,"HTTPConnectionPool(host='localhost', port=80): Max retries exceeded with url: /api/cicd/status/40665 (Caused by NewConnectionError(""HTTPConnection(host='localhost', port=80): Failed to establish a new connection: [Errno 111] Connection refused""))"
2026-09-12T23:13:17.406580,1786374210148,GET,http://localhost/api/cicd/status/40665,0,7.67,"HTTPConnectionPool(host='localhost', port=80): Max retries exceeded with url: /api/cicd/status/40665 (Caused by NewConnectionError(""HTTPConnection(host='localhost', port=80): Failed to establish a new connection: [Errno 111] Connection refused""))"
2026-09-12T23:13:17.406895,1786373852673,POST,http://localhost/api/cicd/execute,0,11.71,"HTTPConnectionPool(host='localhost', port=80): Max retries exceeded with url: /api/cicd/execute (Caused by NewConnectionError(""HTTPConnection(host='localhost', port=80): Failed to establish a new connection: [Errno 111] Connection refused""))"
2026-09-12T23:13:17.514277,1786374210148,GET,http://localhost/api/cicd/status/40665,0,11.24,"HTTPConnectionPool(host='localhost', port=80): Max retries exceeded with url: /api/cicd/status/40665 (Caused by NewConnectionError(""HTTPConnection(host='localhost', port=80): Failed to establish a new connection: [Errno 111] Connection refused""))"
2026-09-12T23:13:17.514660,1786373852673,POST,http://localhost/api/cicd/execute,0,10.55,"HTTPConnectionPool(host='localhost', port=80): Max retries exceeded with url: /api/cicd/execute (Caused by NewConnectionError(""HTTPConnection(host='localhost', port=80): Failed to establish a new connection: [Errno 111] Connection refused""))"
2026-09-12T23:13:17.516531,1786374210148,GET,http://localhost/api/cicd/status/40665,0,10.16,"HTTPConnectionPool(host='localhost', port=80): Max retries exceeded with url: /api/cicd/status/40665 (Caused by NewConnectionError(""HTTPConnection(host='localhost', port=80): Failed to establish a new connection: [Errno 111] Connection refused""))"
2026-09-12T23:13:17.517284,1786373852673,POST,http://localhost/api/cicd/execute,0,8.69,"HTTPConnectionPool(host='localhost', port=80): Max retries exceeded with url: /api/cicd/execute (Caused by NewConnectionError(""HTTPConnection(host='localhost', port=80): Failed to establish a new connection: [Errno 111] Connection refused""))"
2026-09-12T23:13:17.518301,1786373852673,POST,http://localhost/api/cicd/execute,0,6.77,"HTTPConnectionPool(host='localhost', port=80): Max retries exceeded with url: /api/cicd/execute (Caused by NewConnectionError(""HTTPConnection(host='localhost', port=80): Failed to establish a new connection: [Errno 111] Connection refused""))"
2026-09-12T23:13:17.518905,1786374210148,GET,http://localhost/api/cicd/status/40665,0,13.6,"HTTPConnectionPool(host='localhost', port=80): Max retries exceeded with url: /api/cicd/status/40665 (Caused by NewConnectionError(""HTTPConnection(host='localhost', port=80): Failed to establish a new connection: [Errno 111] Connection refused""))"
2026-09-12T23:13:17.519370,1786374210148,GET,http://localhost/api/cicd/status/40665,0,9.59,"HTTPConnectionPool(host='localhost', port=80): Max retries exceeded with url: /api/cicd/status/40665 (Caused by NewConnectionError(""HTTPConnection(host='localhost', port=80): Failed to establish a new connection: [Errno 111] Connection refused""))"
2026-09-12T23:13:17.519709,1786373852673,POST,http://localhost/api/cicd/execute,0,4.8,"HTTPConnectionPool(host='localhost', port=80): Max retries exceeded with url: /api/cicd/execute (Caused by NewConnectionError(""HTTPConnection(host='localhost', port=80): Failed to establish a new connection: [Errno 111] Connection refused""))"
2026-09-12T23:13:17.519911,1786374210148,GET,http://localhost/api/cicd/status/40665,0,12.47,"HTTPConnectionPool(host='localhost', port=80): Max retries exceeded with url: /api/cicd/status/40665 (Caused by NewConnectionError(""HTTPConnection(host='localhost', port=80): Failed to establish a new connection: [Errno 111] Connection refused""))"
2026-09-12T23:13:17.520126,1786373852673,POST,http://localhost/api/cicd/execute,0,7.63,"HTTPConnectionPool(host='localhost', port=80): Max retries exceeded with url: /api/cicd/execute (Caused by NewConnectionError(""HTTPConnection(host='localhost', port=80): Failed to establish a new connection: [Errno 111] Connection refused""))"
2026-09-12T23:13:17.616503,1786374210148,GET,http://localhost/api/cicd/status/40665,0,0.95,"HTTPConnectionPool(host='localhost', port=80): Max retries exceeded with url: /api/cicd/status/40665 (Caused by NewConnectionError(""HTTPConnection(host='localhost', port=80): Failed to establish a new connection: [Errno 111] Connection refused""))"
2026-09-12T23:13:17.616734,1786373852673,POST,http://localhost/api/cicd/execute,0,2.28,"HTTPConnectionPool(host='localhost', port=80): Max retries exceeded with url: /api/cicd/execute (Caused by NewConnectionError(""HTTPConnection(host='localhost', port=80): Failed to establish a new connection: [Errno 111] Connection refused""))"
2026-09-12T23:13:17.626843,1786373852673,POST,http://localhost/api/cicd/execute,0,9.92,"HTTPConnectionPool(host='localhost', port=80): Max retries exceeded with url: /api/cicd/execute (Caused by NewConnectionError(""HTTPConnection(host='localhost', port=80): Failed to establish a new connection: [Errno 111] Connection refused""))"
2026-09-12T23:13:17.627995,1786373852673,POST,http://localhost/api/cicd/execute,0,8.78,"HTTPConnectionPool(host='localhost', port=80): Max retries exceeded with url: /api/cicd/execute (Caused by NewConnectionError(""HTTPConnection(host='localhost', port=80): Failed to establish a new connection: [Errno 111] Connection refused""))"
2026-09-12T23:13:17.628400,1786374210148,GET,http://localhost/api/cicd/status/40665,0,8.12,"HTTPConnectionPool(host='localhost', port=80): Max retries exceeded with url: /api/cicd/status/40665 (Caused by NewConnectionError(""HTTPConnection(host='localhost', port=80): Failed to establish a new connection: [Errno 111] Connection refused""))"
2026-09-12T23:13:17.628823,1786374210148,GET,http://localhost/api/cicd/status/40665,0,10.81,"HTTPConnectionPool(host='localhost', port=80): Max retries exceeded with url: /api/cicd/status/40665 (Caused by NewConnectionError(""HTTPConnection(host='localhost', port=80): Failed to establish a new connection: [Errno 111] Connection refused""))"
2026-09-12T23:13:17.629133,1786373852673,POST,http://localhost/api/cicd/execute,0,6.42,"HTTPConnectionPool(host='localhost', port=80): Max retries exceeded with url: /api/cicd/execute (Caused by NewConnectionError(""HTTPConnection(host='localhost', port=80): Failed to establish a new connection: [Errno 111] Connection refused""))"
2026-09-12T23:13:17.629469,1786374210148,GET,http://localhost/api/cicd/status/40665,0,7.91,"HTTPConnectionPool(host='localhost', port=80): Max retries exceeded with url: /api/cicd/status/40665 (Caused by NewConnectionError(""HTTPConnection(host='localhost', port=80): Failed to establish a new connection: [Errno 111] Connection refused""))"
2026-09-12T23:13:17.629708,1786373852673,POST,http://localhost/api/cicd/execute,0,5.81,"HTTPConnectionPool(host='localhost', port=80): Max retries exceeded with url: /api/cicd/execute (Caused by NewConnectionError(""HTTPConnection(host='localhost', port=80): Failed to establish a new connection: [Errno 111] Connection refused""))"
2026-09-12T23:13:17.630052,1786374210148,GET,http://localhost/api/cicd/status/40665,0,4.49,"HTTPConnectionPool(host='localhost', port=80): Max retries exceeded with url: /api/cicd/status/40665 (Caused by NewConnectionError(""HTTPConnection(host='localhost', port=80): Failed to establish a new connection: [Errno 111] Connection refused""))"
2026-09-12T23:13:17.719920,1786373852673,POST,http://localhost/api/cicd/execute,0,3.25,"HTTPConnectionPool(host='localhost', port=80): Max retries exceeded with url: /api/cicd/execute (Caused by NewConnectionError(""HTTPConnection(host='localhost', port=80): Failed to establish a new connection: [Errno 111] Connection refused""))"
2026-09-12T23:13:17.720269,1786374210148,GET,http://localhost/api/cicd/status/40665,0,2.46,"HTTPConnectionPool(host='localhost', port=80): Max retries exceeded with url: /api/cicd/status/40665 (Caused by NewConnectionError(""HTTPConnection(host='localhost', port=80): Failed to establish a new connection: [Errno 111] Connection refused""))"
2026-09-12T23:13:17.737654,1786374210148,GET,http://localhost/api/cicd/status/40665,0,10.66,"HTTPConnectionPool(host='localhost', port=80): Max retries exceeded with url: /api/cicd/status/40665 (Caused by NewConnectionError(""HTTPConnection(host='localhost', port=80): Failed to establish a new connection: [Errno 111] Connection refused""))"
2026-09-12T23:13:17.738171,1786373852673,POST,http://localhost/api/cicd/execute,0,8.85,"HTTPConnectionPool(host='localhost', port=80): Max retries exceeded with url: /api/cicd/execute (Caused by NewConnectionError(""HTTPConnection(host='localhost', port=80): Failed to establish a new connection: [Errno 111] Connection refused""))"
2026-09-12T23:13:17.738577,1786374210148,GET,http://localhost/api/cicd/status/40665,0,4.51,"HTTPConnectionPool(host='localhost', port=80): Max retries exceeded with url: /api/cicd/status/40665 (Caused by NewConnectionError(""HTTPConnection(host='localhost', port=80): Failed to establish a new connection: [Errno 111] Connection refused""))"
2026-09-12T23:13:17.738893,1786374210148,GET,http://localhost/api/cicd/status/40665,0,10.71,"HTTPConnectionPool(host='localhost', port=80): Max retries exceeded with url: /api/cicd/status/40665 (Caused by NewConnectionError(""HTTPConnection(host='localhost', port=80): Failed to establish a new connection: [Errno 111] Connection refused""))"
2026-09-12T23:13:17.739225,1786374210148,GET,http://localhost/api/cicd/status/40665,0,7.63,"HTTPConnectionPool(host='localhost', port=80): Max retries exceeded with url: /api/cicd/status/40665 (Caused by NewConnectionError(""HTTPConnection(host='localhost', port=80): Failed to establish a new connection: [Errno 111] Connection refused""))"
2026-09-12T23:13:17.739576,1786373852673,POST,http://localhost/api/cicd/execute,0,9.17,"HTTPConnectionPool(host='localhost', port=80): Max retries exceeded with url: /api/cicd/execute (Caused by NewConnectionError(""HTTPConnection(host='localhost', port=80): Failed to establish a new connection: [Errno 111] Connection refused""))"
2026-09-12T23:13:17.739863,1786373852673,POST,http://localhost/api/cicd/execute,0,4.43,"HTTPConnectionPool(host='localhost', port=80): Max retries exceeded with url: /api/cicd/execute (Caused by NewConnectionError(""HTTPConnection(host='localhost', port=80): Failed to establish a new connection: [Errno 111] Connection refused""))"
2026-09-12T23:13:17.740188,1786373852673,POST,http://localhost/api/cicd/execute,0,7.44,"HTTPConnectionPool(host='localhost', port=80): Max retries exceeded with url: /api/cicd/execute (Caused by NewConnectionError(""HTTPConnection(host='localhost', port=80): Failed to establish a new connection: [Errno 111] Connection refused""))"
2026-09-12T23:13:17.822845,1786374210148,GET,http://localhost/api/cicd/status/40665,0,2.74,"HTTPConnectionPool(host='localhost', port=80): Max retries exceeded with url: /api/cicd/status/40665 (Caused by NewConnectionError(""HTTPConnection(host='localhost', port=80): Failed to establish a new connection: [Errno 111] Connection refused""))"
2026-09-12T23:13:17.823185,1786373852673,POST,http://localhost/api/cicd/execute,0,1.96,"HTTPConnectionPool(host='localhost', port=80): Max retries exceeded with url: /api/cicd/execute (Caused by NewConnectionError(""HTTPConnection(host='localhost', port=80): Failed to establish a new connection: [Errno 111] Connection refused""))"
2026-09-12T23:13:17.849105,1786373852673,POST,http://localhost/api/cicd/execute,0,3.89,"HTTPConnectionPool(host='localhost', port=80): Max retries exceeded with url: /api/cicd/execute (Caused by NewConnectionError(""HTTPConnection(host='localhost', port=80): Failed to establish a new connection: [Errno 111] Connection refused""))"
2026-09-12T23:13:17.849356,1786373852673,POST,http://localhost/api/cicd/execute,0,9.31,"HTTPConnectionPool(host='localhost', port=80): Max retries exceeded with url: /api/cicd/execute (Caused by NewConnectionError(""HTTPConnection(host='localhost', port=80): Failed to establish a new connection: [Errno 111] Connection refused""))"
2026-09-12T23:13:17.849589,1786374210148,GET,http://localhost/api/cicd/status/40665,0,10.68,"HTTPConnectionPool(host='localhost', port=80): Max retries exceeded with url: /api/cicd/status/40665 (Caused by NewConnectionError(""HTTPConnection(host='localhost', port=80): Failed to establish a new connection: [Errno 111] Connection refused""))"
2026-09-12T23:13:17.849839,1786374210148,GET,http://localhost/api/cicd/status/40665,0,3.27,"HTTPConnectionPool(host='localhost', port=80): Max retries exceeded with url: /api/cicd/status/40665 (Caused by NewConnectionError(""HTTPConnection(host='localhost', port=80): Failed to establish a new connection: [Errno 111] Connection refused""))"
2026-09-12T23:13:17.850034,1786373852673,POST,http://localhost/api/cicd/execute,0,8.73,"HTTPConnectionPool(host='localhost', port=80): Max retries exceeded with url: /api/cicd/execute (Caused by NewConnectionError(""HTTPConnection(host='localhost', port=80): Failed to establish a new connection: [Errno 111] Connection refused""))"
2026-09-12T23:13:17.850566,1786374210148,GET,http://localhost/api/cicd/status/40665,0,6.43,"HTTPConnectionPool(host='localhost', port=80): Max retries exceeded with url: /api/cicd/status/40665 (Caused by NewConnectionError(""HTTPConnection(host='localhost', port=80): Failed to establish a new connection: [Errno 111] Connection refused""))"
2026-09-12T23:13:17.851028,1786373852673,POST,http://localhost/api/cicd/execute,0,13.24,"HTTPConnectionPool(host='localhost', port=80): Max retries exceeded with url: /api/cicd/execute (Caused by NewConnectionError(""HTTPConnection(host='localhost', port=80): Failed to establish a new connection: [Errno 111] Connection refused""))"
2026-09-12T23:13:17.851359,1786374210148,GET,http://localhost/api/cicd/status/40665,0,8.47,"HTTPConnectionPool(host='localhost', port=80): Max retries exceeded with url: /api/cicd/status/40665 (Caused by NewConnectionError(""HTTPConnection(host='localhost', port=80): Failed to establish a new connection: [Errno 111] Connection refused""))"
2026-09-12T23:13:17.925536,1786373852673,POST,http://localhost/api/cicd/execute,0,2.53,"HTTPConnectionPool(host='localhost', port=80): Max retries exceeded with url: /api/cicd/execute (Caused by NewConnectionError(""HTTPConnection(host='localhost', port=80): Failed to establish a new connection: [Errno 111] Connection refused""))"
2026-09-12T23:13:17.925875,1786374210148,GET,http://localhost/api/cicd/status/40665,0,2.01,"HTTPConnectionPool(host='localhost', port=80): Max retries exceeded with url: /api/cicd/status/40665 (Caused by NewConnectionError(""HTTPConnection(host='localhost', port=80): Failed to establish a new connection: [Errno 111] Connection refused""))"
2026-09-12T23:13:17.963593,1786374210148,GET,http://localhost/api/cicd/status/40665,0,14.31,"HTTPConnectionPool(host='localhost', port=80): Max retries exceeded with url: /api/cicd/status/40665 (Caused by NewConnectionError(""HTTPConnection(host='localhost', port=80): Failed to establish a new connection: [Errno 111] Connection refused""))"
2026-09-12T23:13:17.964217,1786374210148,GET,http://localhost/api/cicd/status/40665,0,13.83,"HTTPConnectionPool(host='localhost', port=80): Max retries exceeded with url: /api/cicd/status/40665 (Caused by NewConnectionError(""HTTPConnection(host='localhost', port=80): Failed to establish a new connection: [Errno 111] Connection refused""))"
2026-09-12T23:13:17.964507,1786373852673,POST,http://localhost/api/cicd/execute,0,9.48,"HTTPConnectionPool(host='localhost', port=80): Max retries exceeded with url: /api/cicd/execute (Caused by NewConnectionError(""HTTPConnection(host='localhost', port=80): Failed to establish a new connection: [Errno 111] Connection refused""))"
2026-09-12T23:13:17.964799,1786373852673,POST,http://localhost/api/cicd/execute,0,13.26,"HTTPConnectionPool(host='localhost', port=80): Max retries exceeded with url: /api/cicd/execute (Caused by NewConnectionError(""HTTPConnection(host='localhost', port=80): Failed to establish a new connection: [Errno 111] Connection refused""))"
2026-09-12T23:13:17.965062,1786374210148,GET,http://localhost/api/cicd/status/40665,0,4.01,"HTTPConnectionPool(host='localhost', port=80): Max retries exceeded with url: /api/cicd/status/40665 (Caused by NewConnectionError(""HTTPConnection(host='localhost', port=80): Failed to establish a new connection: [Errno 111] Connection refused""))"
2026-09-12T23:13:17.965336,1786373852673,POST,http://localhost/api/cicd/execute,0,12.64,"HTTPConnectionPool(host='localhost', port=80): Max retries exceeded with url: /api/cicd/execute (Caused by NewConnectionError(""HTTPConnection(host='localhost', port=80): Failed to establish a new connection: [Errno 111] Connection refused""))"
2026-09-12T23:13:17.965677,1786374210148,GET,http://localhost/api/cicd/status/40665,0,11.85,"HTTPConnectionPool(host='localhost', port=80): Max retries exceeded with url: /api/cicd/status/40665 (Caused by NewConnectionError(""HTTPConnection(host='localhost', port=80): Failed to establish a new connection: [Errno 111] Connection refused""))"
2026-09-12T23:13:17.965931,1786373852673,POST,http://localhost/api/cicd/execute,0,9.54,"HTTPConnectionPool(host='localhost', port=80): Max retries exceeded with url: /api/cicd/execute (Caused by NewConnectionError(""HTTPConnection(host='localhost', port=80): Failed to establish a new connection: [Errno 111] Connection refused""))"
2026-09-12T23:13:18.028538,1786374210148,GET,http://localhost/api/cicd/status/40665,0,2.82,"HTTPConnectionPool(host='localhost', port=80): Max retries exceeded with url: /api/cicd/status/40665 (Caused by NewConnectionError(""HTTPConnection(host='localhost', port=80): Failed to establish a new connection: [Errno 111] Connection refused""))"
2026-09-12T23:13:18.028929,1786373852673,POST,http://localhost/api/cicd/execute,0,2.12,"HTTPConnectionPool(host='localhost', port=80): Max retries exceeded with url: /api/cicd/execute (Caused by NewConnectionError(""HTTPConnection(host='localhost', port=80): Failed to establish a new connection: [Errno 111] Connection refused""))"
2026-09-12T23:13:18.073954,1786373852673,POST,http://localhost/api/cicd/execute,0,9.11,"HTTPConnectionPool(host='localhost', port=80): Max retries exceeded with url: /api/cicd/execute (Caused by NewConnectionError(""HTTPConnection(host='localhost', port=80): Failed to establish a new connection: [Errno 111] Connection refused""))"
2026-09-12T23:13:18.074642,1786374210148,GET,http://localhost/api/cicd/status/40665,0,8.7,"HTTPConnectionPool(host='localhost', port=80): Max retries exceeded with url: /api/cicd/status/40665 (Caused by NewConnectionError(""HTTPConnection(host='localhost', port=80): Failed to establish a new connection: [Errno 111] Connection refused""))"
2026-09-12T23:13:18.074998,1786373852673,POST,http://localhost/api/cicd/execute,0,11.26,"HTTPConnectionPool(host='localhost', port=80): Max retries exceeded with url: /api/cicd/execute (Caused by NewConnectionError(""HTTPConnection(host='localhost', port=80): Failed to establish a new connection: [Errno 111] Connection refused""))"
2026-09-12T23:13:18.075767,1786373852673,POST,http://localhost/api/cicd/execute,0,6.46,"HTTPConnectionPool(host='localhost', port=80): Max retries exceeded with url: /api/cicd/execute (Caused by NewConnectionError(""HTTPConnection(host='localhost', port=80): Failed to establish a new connection: [Errno 111] Connection refused""))"
2026-09-12T23:13:18.076261,1786374210148,GET,http://localhost/api/cicd/status/40665,0,4.62,"HTTPConnectionPool(host='localhost', port=80): Max retries exceeded with url: /api/cicd/status/40665 (Caused by NewConnectionError(""HTTPConnection(host='localhost', port=80): Failed to establish a new connection: [Errno 111] Connection refused""))"
2026-09-12T23:13:18.076514,1786374210148,GET,http://localhost/api/cicd/status/40665,0,5.93,"HTTPConnectionPool(host='localhost', port=80): Max retries exceeded with url: /api/cicd/status/40665 (Caused by NewConnectionError(""HTTPConnection(host='localhost', port=80): Failed to establish a new connection: [Errno 111] Connection refused""))"
2026-09-12T23:13:18.076773,1786374210148,GET,http://localhost/api/cicd/status/40665,0,9.73,"HTTPConnectionPool(host='localhost', port=80): Max retries exceeded with url: /api/cicd/status/40665 (Caused by NewConnectionError(""HTTPConnection(host='localhost', port=80): Failed to establish a new connection: [Errno 111] Connection refused""))"
2026-09-12T23:13:18.077185,1786373852673,POST,http://localhost/api/cicd/execute,0,8.98,"HTTPConnectionPool(host='localhost', port=80): Max retries exceeded with url: /api/cicd/execute (Caused by NewConnectionError(""HTTPConnection(host='localhost', port=80): Failed to establish a new connection: [Errno 111] Connection refused""))"
2026-09-12T23:13:18.131608,1786373852673,POST,http://localhost/api/cicd/execute,0,2.89,"HTTPConnectionPool(host='localhost', port=80): Max retries exceeded with url: /api/cicd/execute (Caused by NewConnectionError(""HTTPConnection(host='localhost', port=80): Failed to establish a new connection: [Errno 111] Connection refused""))"
2026-09-12T23:13:18.132035,1786374210148,GET,http://localhost/api/cicd/status/40665,0,1.99,"HTTPConnectionPool(host='localhost', port=80): Max retries exceeded with url: /api/cicd/status/40665 (Caused by NewConnectionError(""HTTPConnection(host='localhost', port=80): Failed to establish a new connection: [Errno 111] Connection refused""))"
2026-09-12T23:13:18.184121,1786374210148,GET,http://localhost/api/cicd/status/40665,0,9.99,"HTTPConnectionPool(host='localhost', port=80): Max retries exceeded with url: /api/cicd/status/40665 (Caused by NewConnectionError(""HTTPConnection(host='localhost', port=80): Failed to establish a new connection: [Errno 111] Connection refused""))"
2026-09-12T23:13:18.184892,1786373852673,POST,http://localhost/api/cicd/execute,0,4.15,"HTTPConnectionPool(host='localhost', port=80): Max retries exceeded with url: /api/cicd/execute (Caused by NewConnectionError(""HTTPConnection(host='localhost', port=80): Failed to establish a new connection: [Errno 111] Connection refused""))"
2026-09-12T23:13:18.185289,1786374210148,GET,http://localhost/api/cicd/status/40665,0,7.93,"HTTPConnectionPool(host='localhost', port=80): Max retries exceeded with url: /api/cicd/status/40665 (Caused by NewConnectionError(""HTTPConnection(host='localhost', port=80): Failed to establish a new connection: [Errno 111] Connection refused""))"
2026-09-12T23:13:18.185789,1786373852673,POST,http://localhost/api/cicd/execute,0,7.3,"HTTPConnectionPool(host='localhost', port=80): Max retries exceeded with url: /api/cicd/execute (Caused by NewConnectionError(""HTTPConnection(host='localhost', port=80): Failed to establish a new connection: [Errno 111] Connection refused""))"
2026-09-12T23:13:18.186182,1786374210148,GET,http://localhost/api/cicd/status/40665,0,6.5,"HTTPConnectionPool(host='localhost', port=80): Max retries exceeded with url: /api/cicd/status/40665 (Caused by NewConnectionError(""HTTPConnection(host='localhost', port=80): Failed to establish a new connection: [Errno 111] Connection refused""))"
2026-09-12T23:13:18.186541,1786373852673,POST,http://localhost/api/cicd/execute,0,10.3,"HTTPConnectionPool(host='localhost', port=80): Max retries exceeded with url: /api/cicd/execute (Caused by NewConnectionError(""HTTPConnection(host='localhost', port=80): Failed to establish a new connection: [Errno 111] Connection refused""))"
2026-09-12T23:13:18.186749,1786374210148,GET,http://localhost/api/cicd/status/40665,0,11.56,"HTTPConnectionPool(host='localhost', port=80): Max retries exceeded with url: /api/cicd/status/40665 (Caused by NewConnectionError(""HTTPConnection(host='localhost', port=80): Failed to establish a new connection: [Errno 111] Connection refused""))"
2026-09-12T23:13:18.186969,1786373852673,POST,http://localhost/api/cicd/execute,0,5.13,"HTTPConnectionPool(host='localhost', port=80): Max retries exceeded with url: /api/cicd/execute (Caused by NewConnectionError(""HTTPConnection(host='localhost', port=80): Failed to establish a new connection: [Errno 111] Connection refused""))"
2026-09-12T23:13:18.234920,1786374210148,GET,http://localhost/api/cicd/status/40665,0,3.13,"HTTPConnectionPool(host='localhost', port=80): Max retries exceeded with url: /api/cicd/status/40665 (Caused by NewConnectionError(""HTTPConnection(host='localhost', port=80): Failed to establish a new connection: [Errno 111] Connection refused""))"
2026-09-12T23:13:18.235460,1786373852673,POST,http://localhost/api/cicd/execute,0,2.6,"HTTPConnectionPool(host='localhost', port=80): Max retries exceeded with url: /api/cicd/execute (Caused by NewConnectionError(""HTTPConnection(host='localhost', port=80): Failed to establish a new connection: [Errno 111] Connection refused""))"
2026-09-12T23:13:18.294988,1786374210148,GET,http://localhost/api/cicd/status/40665,0,7.23,"HTTPConnectionPool(host='localhost', port=80): Max retries exceeded with url: /api/cicd/status/40665 (Caused by NewConnectionError(""HTTPConnection(host='localhost', port=80): Failed to establish a new connection: [Errno 111] Connection refused""))"
2026-09-12T23:13:18.295495,1786373852673,POST,http://localhost/api/cicd/execute,0,9.02,"HTTPConnectionPool(host='localhost', port=80): Max retries exceeded with url: /api/cicd/execute (Caused by NewConnectionError(""HTTPConnection(host='localhost', port=80): Failed to establish a new connection: [Errno 111] Connection refused""))"
2026-09-12T23:13:18.295786,1786374210148,GET,http://localhost/api/cicd/status/40665,0,10.37,"HTTPConnectionPool(host='localhost', port=80): Max retries exceeded with url: /api/cicd/status/40665 (Caused by NewConnectionError(""HTTPConnection(host='localhost', port=80): Failed to establish a new connection: [Errno 111] Connection refused""))"
2026-09-12T23:13:18.296074,1786373852673,POST,http://localhost/api/cicd/execute,0,4.01,"HTTPConnectionPool(host='localhost', port=80): Max retries exceeded with url: /api/cicd/execute (Caused by NewConnectionError(""HTTPConnection(host='localhost', port=80): Failed to establish a new connection: [Errno 111] Connection refused""))"
2026-09-12T23:13:18.296353,1786373852673,POST,http://localhost/api/cicd/execute,0,12.03,"HTTPConnectionPool(host='localhost', port=80): Max retries exceeded with url: /api/cicd/execute (Caused by NewConnectionError(""HTTPConnection(host='localhost', port=80): Failed to establish a new connection: [Errno 111] Connection refused""))"
2026-09-12T23:13:18.296679,1786374210148,GET,http://localhost/api/cicd/status/40665,0,5.68,"HTTPConnectionPool(host='localhost', port=80): Max retries exceeded with url: /api/cicd/status/40665 (Caused by NewConnectionError(""HTTPConnection(host='localhost', port=80): Failed to establish a new connection: [Errno 111] Connection refused""))"
2026-09-12T23:13:18.297047,1786374210148,GET,http://localhost/api/cicd/status/40665,0,8.22,"HTTPConnectionPool(host='localhost', port=80): Max retries exceeded with url: /api/cicd/status/40665 (Caused by NewConnectionError(""HTTPConnection(host='localhost', port=80): Failed to establish a new connection: [Errno 111] Connection refused""))"
2026-09-12T23:13:18.297362,1786373852673,POST,http://localhost/api/cicd/execute,0,7.47,"HTTPConnectionPool(host='localhost', port=80): Max retries exceeded with url: /api/cicd/execute (Caused by NewConnectionError(""HTTPConnection(host='localhost', port=80): Failed to establish a new connection: [Errno 111] Connection refused""))"
2026-09-12T23:13:18.337795,1786373852673,POST,http://localhost/api/cicd/execute,0,2.7,"HTTPConnectionPool(host='localhost', port=80): Max retries exceeded with url: /api/cicd/execute (Caused by NewConnectionError(""HTTPConnection(host='localhost', port=80): Failed to establish a new connection: [Errno 111] Connection refused""))"
2026-09-12T23:13:18.338110,1786374210148,GET,http://localhost/api/cicd/status/40665,0,1.91,"HTTPConnectionPool(host='localhost', port=80): Max retries exceeded with url: /api/cicd/status/40665 (Caused by NewConnectionError(""HTTPConnection(host='localhost', port=80): Failed to establish a new connection: [Errno 111] Connection refused""))"
2026-09-12T23:13:18.406077,1786374210148,GET,http://localhost/api/cicd/status/40665,0,6.5,"HTTPConnectionPool(host='localhost', port=80): Max retries exceeded with url: /api/cicd/status/40665 (Caused by NewConnectionError(""HTTPConnection(host='localhost', port=80): Failed to establish a new connection: [Errno 111] Connection refused""))"
2026-09-12T23:13:18.406439,1786374210148,GET,http://localhost/api/cicd/status/40665,0,10.19,"HTTPConnectionPool(host='localhost', port=80): Max retries exceeded with url: /api/cicd/status/40665 (Caused by NewConnectionError(""HTTPConnection(host='localhost', port=80): Failed to establish a new connection: [Errno 111] Connection refused""))"
2026-09-12T23:13:18.406764,1786373852673,POST,http://localhost/api/cicd/execute,0,3.27,"HTTPConnectionPool(host='localhost', port=80): Max retries exceeded with url: /api/cicd/execute (Caused by NewConnectionError(""HTTPConnection(host='localhost', port=80): Failed to establish a new connection: [Errno 111] Connection refused""))"
2026-09-12T23:13:18.407068,1786373852673,POST,http://localhost/api/cicd/execute,0,11.89,"HTTPConnectionPool(host='localhost', port=80): Max retries exceeded with url: /api/cicd/execute (Caused by NewConnectionError(""HTTPConnection(host='localhost', port=80): Failed to establish a new connection: [Errno 111] Connection refused""))"
2026-09-12T23:13:18.407474,1786374210148,GET,http://localhost/api/cicd/status/40665,0,9.05,"HTTPConnectionPool(host='localhost', port=80): Max retries exceeded with url: /api/cicd/status/40665 (Caused by NewConnectionError(""HTTPConnection(host='localhost', port=80): Failed to establish a new connection: [Errno 111] Connection refused""))"
2026-09-12T23:13:18.407794,1786374210148,GET,http://localhost/api/cicd/status/40665,0,7.01,"HTTPConnectionPool(host='localhost', port=80): Max retries exceeded with url: /api/cicd/status/40665 (Caused by NewConnectionError(""HTTPConnection(host='localhost', port=80): Failed to establish a new connection: [Errno 111] Connection refused""))"
2026-09-12T23:13:18.408093,1786373852673,POST,http://localhost/api/cicd/execute,0,5.71,"HTTPConnectionPool(host='localhost', port=80): Max retries exceeded with url: /api/cicd/execute (Caused by NewConnectionError(""HTTPConnection(host='localhost', port=80): Failed to establish a new connection: [Errno 111] Connection refused""))"
2026-09-12T23:13:18.408528,1786373852673,POST,http://localhost/api/cicd/execute,0,11.21,"HTTPConnectionPool(host='localhost', port=80): Max retries exceeded with url: /api/cicd/execute (Caused by NewConnectionError(""HTTPConnection(host='localhost', port=80): Failed to establish a new connection: [Errno 111] Connection refused""))"
2026-09-12T23:13:18.440663,1786374210148,GET,http://localhost/api/cicd/status/40665,0,2.69,"HTTPConnectionPool(host='localhost', port=80): Max retries exceeded with url: /api/cicd/status/40665 (Caused by NewConnectionError(""HTTPConnection(host='localhost', port=80): Failed to establish a new connection: [Errno 111] Connection refused""))"
2026-09-12T23:13:18.441102,1786373852673,POST,http://localhost/api/cicd/execute,0,2.06,"HTTPConnectionPool(host='localhost', port=80): Max retries exceeded with url: /api/cicd/execute (Caused by NewConnectionError(""HTTPConnection(host='localhost', port=80): Failed to establish a new connection: [Errno 111] Connection refused""))"
2026-09-12T23:13:18.516715,1786373852673,POST,http://localhost/api/cicd/execute,0,9.33,"HTTPConnectionPool(host='localhost', port=80): Max retries exceeded with url: /api/cicd/execute (Caused by NewConnectionError(""HTTPConnection(host='localhost', port=80): Failed to establish a new connection: [Errno 111] Connection refused""))"
2026-09-12T23:13:18.517320,1786374210148,GET,http://localhost/api/cicd/status/40665,0,7.79,"HTTPConnectionPool(host='localhost', port=80): Max retries exceeded with url: /api/cicd/status/40665 (Caused by NewConnectionError(""HTTPConnection(host='localhost', port=80): Failed to establish a new connection: [Errno 111] Connection refused""))"
2026-09-12T23:13:18.518339,1786374210148,GET,http://localhost/api/cicd/status/40665,0,3.72,"HTTPConnectionPool(host='localhost', port=80): Max retries exceeded with url: /api/cicd/status/40665 (Caused by NewConnectionError(""HTTPConnection(host='localhost', port=80): Failed to establish a new connection: [Errno 111] Connection refused""))"
2026-09-12T23:13:18.518658,1786374210148,GET,http://localhost/api/cicd/status/40665,0,10.19,"HTTPConnectionPool(host='localhost', port=80): Max retries exceeded with url: /api/cicd/status/40665 (Caused by NewConnectionError(""HTTPConnection(host='localhost', port=80): Failed to establish a new connection: [Errno 111] Connection refused""))"
2026-09-12T23:13:18.519022,1786373852673,POST,http://localhost/api/cicd/execute,0,5.85,"HTTPConnectionPool(host='localhost', port=80): Max retries exceeded with url: /api/cicd/execute (Caused by NewConnectionError(""HTTPConnection(host='localhost', port=80): Failed to establish a new connection: [Errno 111] Connection refused""))"
2026-09-12T23:13:18.519369,1786374210148,GET,http://localhost/api/cicd/status/40665,0,7.42,"HTTPConnectionPool(host='localhost', port=80): Max retries exceeded with url: /api/cicd/status/40665 (Caused by NewConnectionError(""HTTPConnection(host='localhost', port=80): Failed to establish a new connection: [Errno 111] Connection refused""))"
2026-09-12T23:13:18.519693,1786373852673,POST,http://localhost/api/cicd/execute,0,13.43,"HTTPConnectionPool(host='localhost', port=80): Max retries exceeded with url: /api/cicd/execute (Caused by NewConnectionError(""HTTPConnection(host='localhost', port=80): Failed to establish a new connection: [Errno 111] Connection refused""))"
2026-09-12T23:13:18.519941,1786373852673,POST,http://localhost/api/cicd/execute,0,9.26,"HTTPConnectionPool(host='localhost', port=80): Max retries exceeded with url: /api/cicd/execute (Caused by NewConnectionError(""HTTPConnection(host='localhost', port=80): Failed to establish a new connection: [Errno 111] Connection refused""))"
2026-09-12T23:13:18.543441,1786373852673,POST,http://localhost/api/cicd/execute,0,2.6,"HTTPConnectionPool(host='localhost', port=80): Max retries exceeded with url: /api/cicd/execute (Caused by NewConnectionError(""HTTPConnection(host='localhost', port=80): Failed to establish a new connection: [Errno 111] Connection refused""))"
2026-09-12T23:13:18.543873,1786374210148,GET,http://localhost/api/cicd/status/40665,0,1.96,"HTTPConnectionPool(host='localhost', port=80): Max retries exceeded with url: /api/cicd/status/40665 (Caused by NewConnectionError(""HTTPConnection(host='localhost', port=80): Failed to establish a new connection: [Errno 111] Connection refused""))"
2026-09-12T23:13:18.626390,1786374210148,GET,http://localhost/api/cicd/status/40665,0,9.5,"HTTPConnectionPool(host='localhost', port=80): Max retries exceeded with url: /api/cicd/status/40665 (Caused by NewConnectionError(""HTTPConnection(host='localhost', port=80): Failed to establish a new connection: [Errno 111] Connection refused""))"
2026-09-12T23:13:18.627988,1786374210148,GET,http://localhost/api/cicd/status/40665,0,7.64,"HTTPConnectionPool(host='localhost', port=80): Max retries exceeded with url: /api/cicd/status/40665 (Caused by NewConnectionError(""HTTPConnection(host='localhost', port=80): Failed to establish a new connection: [Errno 111] Connection refused""))"
2026-09-12T23:13:18.628278,1786373852673,POST,http://localhost/api/cicd/execute,0,9.16,"HTTPConnectionPool(host='localhost', port=80): Max retries exceeded with url: /api/cicd/execute (Caused by NewConnectionError(""HTTPConnection(host='localhost', port=80): Failed to establish a new connection: [Errno 111] Connection refused""))"
2026-09-12T23:13:18.628536,1786374210148,GET,http://localhost/api/cicd/status/40665,0,5.76,"HTTPConnectionPool(host='localhost', port=80): Max retries exceeded with url: /api/cicd/status/40665 (Caused by NewConnectionError(""HTTPConnection(host='localhost', port=80): Failed to establish a new connection: [Errno 111] Connection refused""))"
2026-09-12T23:13:18.628995,1786373852673,POST,http://localhost/api/cicd/execute,0,11.06,"HTTPConnectionPool(host='localhost', port=80): Max retries exceeded with url: /api/cicd/execute (Caused by NewConnectionError(""HTTPConnection(host='localhost', port=80): Failed to establish a new connection: [Errno 111] Connection refused""))"
2026-09-12T23:13:18.629255,1786373852673,POST,http://localhost/api/cicd/execute,0,7.74,"HTTPConnectionPool(host='localhost', port=80): Max retries exceeded with url: /api/cicd/execute (Caused by NewConnectionError(""HTTPConnection(host='localhost', port=80): Failed to establish a new connection: [Errno 111] Connection refused""))"
2026-09-12T23:13:18.629513,1786374210148,GET,http://localhost/api/cicd/status/40665,0,5.66,"HTTPConnectionPool(host='localhost', port=80): Max retries exceeded with url: /api/cicd/status/40665 (Caused by NewConnectionError(""HTTPConnection(host='localhost', port=80): Failed to establish a new connection: [Errno 111] Connection refused""))"
2026-09-12T23:13:18.629789,1786373852673,POST,http://localhost/api/cicd/execute,0,4.89,"HTTPConnectionPool(host='localhost', port=80): Max retries exceeded with url: /api/cicd/execute (Caused by NewConnectionError(""HTTPConnection(host='localhost', port=80): Failed to establish a new connection: [Errno 111] Connection refused""))"
2026-09-12T23:13:18.646734,1786374210148,GET,http://localhost/api/cicd/status/40665,0,3.14,"HTTPConnectionPool(host='localhost', port=80): Max retries exceeded with url: /api/cicd/status/40665 (Caused by NewConnectionError(""HTTPConnection(host='localhost', port=80): Failed to establish a new connection: [Errno 111] Connection refused""))"
2026-09-12T23:13:18.647188,1786373852673,POST,http://localhost/api/cicd/execute,0,2.0,"HTTPConnectionPool(host='localhost', port=80): Max retries exceeded with url: /api/cicd/execute (Caused by NewConnectionError(""HTTPConnection(host='localhost', port=80): Failed to establish a new connection: [Errno 111] Connection refused""))"
2026-09-12T23:13:18.728187,1786373852673,POST,http://localhost/api/cicd/execute,0,1.62,"HTTPConnectionPool(host='localhost', port=80): Max retries exceeded with url: /api/cicd/execute (Caused by NewConnectionError(""HTTPConnection(host='localhost', port=80): Failed to establish a new connection: [Errno 111] Connection refused""))"
2026-09-12T23:13:18.737358,1786373852673,POST,http://localhost/api/cicd/execute,0,4.46,"HTTPConnectionPool(host='localhost', port=80): Max retries exceeded with url: /api/cicd/execute (Caused by NewConnectionError(""HTTPConnection(host='localhost', port=80): Failed to establish a new connection: [Errno 111] Connection refused""))"
2026-09-12T23:13:18.737677,1786374210148,GET,http://localhost/api/cicd/status/40665,0,6.95,"HTTPConnectionPool(host='localhost', port=80): Max retries exceeded with url: /api/cicd/status/40665 (Caused by NewConnectionError(""HTTPConnection(host='localhost', port=80): Failed to establish a new connection: [Errno 111] Connection refused""))"
2026-09-12T23:13:18.738015,1786374210148,GET,http://localhost/api/cicd/status/40665,0,8.35,"HTTPConnectionPool(host='localhost', port=80): Max retries exceeded with url: /api/cicd/status/40665 (Caused by NewConnectionError(""HTTPConnection(host='localhost', port=80): Failed to establish a new connection: [Errno 111] Connection refused""))"
2026-09-12T23:13:18.738520,1786373852673,POST,http://localhost/api/cicd/execute,0,10.25,"HTTPConnectionPool(host='localhost', port=80): Max retries exceeded with url: /api/cicd/execute (Caused by NewConnectionError(""HTTPConnection(host='localhost', port=80): Failed to establish a new connection: [Errno 111] Connection refused""))"
2026-09-12T23:13:18.738755,1786374210148,GET,http://localhost/api/cicd/status/40665,0,3.69,"HTTPConnectionPool(host='localhost', port=80): Max retries exceeded with url: /api/cicd/status/40665 (Caused by NewConnectionError(""HTTPConnection(host='localhost', port=80): Failed to establish a new connection: [Errno 111] Connection refused""))"
2026-09-12T23:13:18.739132,1786374210148,GET,http://localhost/api/cicd/status/40665,0,5.13,"HTTPConnectionPool(host='localhost', port=80): Max retries exceeded with url: /api/cicd/status/40665 (Caused by NewConnectionError(""HTTPConnection(host='localhost', port=80): Failed to establish a new connection: [Errno 111] Connection refused""))"
2026-09-12T23:13:18.739396,1786373852673,POST,http://localhost/api/cicd/execute,0,7.61,"HTTPConnectionPool(host='localhost', port=80): Max retries exceeded with url: /api/cicd/execute (Caused by NewConnectionError(""HTTPConnection(host='localhost', port=80): Failed to establish a new connection: [Errno 111] Connection refused""))"
2026-09-12T23:13:18.749590,1786373852673,POST,http://localhost/api/cicd/execute,0,2.72,"HTTPConnectionPool(host='localhost', port=80): Max retries exceeded with url: /api/cicd/execute (Caused by NewConnectionError(""HTTPConnection(host='localhost', port=80): Failed to establish a new connection: [Errno 111] Connection refused""))"
2026-09-12T23:13:18.749914,1786374210148,GET,http://localhost/api/cicd/status/40665,0,1.95,"HTTPConnectionPool(host='localhost', port=80): Max retries exceeded with url: /api/cicd/status/40665 (Caused by NewConnectionError(""HTTPConnection(host='localhost', port=80): Failed to establish a new connection: [Errno 111] Connection refused""))"
2026-09-12T23:13:18.829925,1786374210148,GET,http://localhost/api/cicd/status/40665,0,1.56,"HTTPConnectionPool(host='localhost', port=80): Max retries exceeded with url: /api/cicd/status/40665 (Caused by NewConnectionError(""HTTPConnection(host='localhost', port=80): Failed to establish a new connection: [Errno 111] Connection refused""))"
2026-09-12T23:13:18.847053,1786373852673,POST,http://localhost/api/cicd/execute,0,6.88,"HTTPConnectionPool(host='localhost', port=80): Max retries exceeded with url: /api/cicd/execute (Caused by NewConnectionError(""HTTPConnection(host='localhost', port=80): Failed to establish a new connection: [Errno 111] Connection refused""))"
2026-09-12T23:13:18.847639,1786374210148,GET,http://localhost/api/cicd/status/40665,0,10.1,"HTTPConnectionPool(host='localhost', port=80): Max retries exceeded with url: /api/cicd/status/40665 (Caused by NewConnectionError(""HTTPConnection(host='localhost', port=80): Failed to establish a new connection: [Errno 111] Connection refused""))"
2026-09-12T23:13:18.848029,1786374210148,GET,http://localhost/api/cicd/status/40665,0,6.75,"HTTPConnectionPool(host='localhost', port=80): Max retries exceeded with url: /api/cicd/status/40665 (Caused by NewConnectionError(""HTTPConnection(host='localhost', port=80): Failed to establish a new connection: [Errno 111] Connection refused""))"
2026-09-12T23:13:18.848330,1786373852673,POST,http://localhost/api/cicd/execute,0,5.98,"HTTPConnectionPool(host='localhost', port=80): Max retries exceeded with url: /api/cicd/execute (Caused by NewConnectionError(""HTTPConnection(host='localhost', port=80): Failed to establish a new connection: [Errno 111] Connection refused""))"
2026-09-12T23:13:18.848842,1786373852673,POST,http://localhost/api/cicd/execute,0,9.8,"HTTPConnectionPool(host='localhost', port=80): Max retries exceeded with url: /api/cicd/execute (Caused by NewConnectionError(""HTTPConnection(host='localhost', port=80): Failed to establish a new connection: [Errno 111] Connection refused""))"
2026-09-12T23:13:18.849229,1786374210148,GET,http://localhost/api/cicd/status/40665,0,3.91,"HTTPConnectionPool(host='localhost', port=80): Max retries exceeded with url: /api/cicd/status/40665 (Caused by NewConnectionError(""HTTPConnection(host='localhost', port=80): Failed to establish a new connection: [Errno 111] Connection refused""))"
2026-09-12T23:13:18.849478,1786373852673,POST,http://localhost/api/cicd/execute,0,5.95,"HTTPConnectionPool(host='localhost', port=80): Max retries exceeded with url: /api/cicd/execute (Caused by NewConnectionError(""HTTPConnection(host='localhost', port=80): Failed to establish a new connection: [Errno 111] Connection refused""))"
2026-09-12T23:13:18.852475,1786374210148,GET,http://localhost/api/cicd/status/40665,0,2.74,"HTTPConnectionPool(host='localhost', port=80): Max retries exceeded with url: /api/cicd/status/40665 (Caused by NewConnectionError(""HTTPConnection(host='localhost', port=80): Failed to establish a new connection: [Errno 111] Connection refused""))"
2026-09-12T23:13:18.852789,1786373852673,POST,http://localhost/api/cicd/execute,0,1.99,"HTTPConnectionPool(host='localhost', port=80): Max retries exceeded with url: /api/cicd/execute (Caused by NewConnectionError(""HTTPConnection(host='localhost', port=80): Failed to establish a new connection: [Errno 111] Connection refused""))"
2026-09-12T23:13:18.931707,1786373852673,POST,http://localhost/api/cicd/execute,0,1.6,"HTTPConnectionPool(host='localhost', port=80): Max retries exceeded with url: /api/cicd/execute (Caused by NewConnectionError(""HTTPConnection(host='localhost', port=80): Failed to establish a new connection: [Errno 111] Connection refused""))"
2026-09-12T23:13:18.959550,1786373852673,POST,http://localhost/api/cicd/execute,0,11.25,"HTTPConnectionPool(host='localhost', port=80): Max retries exceeded with url: /api/cicd/execute (Caused by NewConnectionError(""HTTPConnection(host='localhost', port=80): Failed to establish a new connection: [Errno 111] Connection refused""))"
2026-09-12T23:13:18.959945,1786373852673,POST,http://localhost/api/cicd/execute,0,10.53,"HTTPConnectionPool(host='localhost', port=80): Max retries exceeded with url: /api/cicd/execute (Caused by NewConnectionError(""HTTPConnection(host='localhost', port=80): Failed to establish a new connection: [Errno 111] Connection refused""))"
2026-09-12T23:13:18.960358,1786374210148,GET,http://localhost/api/cicd/status/40665,0,13.12,"HTTPConnectionPool(host='localhost', port=80): Max retries exceeded with url: /api/cicd/status/40665 (Caused by NewConnectionError(""HTTPConnection(host='localhost', port=80): Failed to establish a new connection: [Errno 111] Connection refused""))"
2026-09-12T23:13:18.961128,1786374210148,GET,http://localhost/api/cicd/status/40665,0,9.22,"HTTPConnectionPool(host='localhost', port=80): Max retries exceeded with url: /api/cicd/status/40665 (Caused by NewConnectionError(""HTTPConnection(host='localhost', port=80): Failed to establish a new connection: [Errno 111] Connection refused""))"
2026-09-12T23:13:18.961443,1786374210148,GET,http://localhost/api/cicd/status/40665,0,3.77,"HTTPConnectionPool(host='localhost', port=80): Max retries exceeded with url: /api/cicd/status/40665 (Caused by NewConnectionError(""HTTPConnection(host='localhost', port=80): Failed to establish a new connection: [Errno 111] Connection refused""))"
2026-09-12T23:13:18.961765,1786373852673,POST,http://localhost/api/cicd/execute,0,7.59,"HTTPConnectionPool(host='localhost', port=80): Max retries exceeded with url: /api/cicd/execute (Caused by NewConnectionError(""HTTPConnection(host='localhost', port=80): Failed to establish a new connection: [Errno 111] Connection refused""))"
2026-09-12T23:13:18.962020,1786374210148,GET,http://localhost/api/cicd/status/40665,0,11.41,"HTTPConnectionPool(host='localhost', port=80): Max retries exceeded with url: /api/cicd/status/40665 (Caused by NewConnectionError(""HTTPConnection(host='localhost', port=80): Failed to establish a new connection: [Errno 111] Connection refused""))"
2026-09-12T23:13:18.962398,1786374210148,GET,http://localhost/api/cicd/status/40665,0,9.44,"HTTPConnectionPool(host='localhost', port=80): Max retries exceeded with url: /api/cicd/status/40665 (Caused by NewConnectionError(""HTTPConnection(host='localhost', port=80): Failed to establish a new connection: [Errno 111] Connection refused""))"
2026-09-12T23:13:18.962698,1786373852673,POST,http://localhost/api/cicd/execute,0,6.62,"HTTPConnectionPool(host='localhost', port=80): Max retries exceeded with url: /api/cicd/execute (Caused by NewConnectionError(""HTTPConnection(host='localhost', port=80): Failed to establish a new connection: [Errno 111] Connection refused""))"
2026-09-12T23:13:19.033450,1786374210148,GET,http://localhost/api/cicd/status/40665,0,1.57,"HTTPConnectionPool(host='localhost', port=80): Max retries exceeded with url: /api/cicd/status/40665 (Caused by NewConnectionError(""HTTPConnection(host='localhost', port=80): Failed to establish a new connection: [Errno 111] Connection refused""))"
2026-09-12T23:13:19.071303,1786373852673,POST,http://localhost/api/cicd/execute,0,8.26,"HTTPConnectionPool(host='localhost', port=80): Max retries exceeded with url: /api/cicd/execute (Caused by NewConnectionError(""HTTPConnection(host='localhost', port=80): Failed to establish a new connection: [Errno 111] Connection refused""))"
2026-09-12T23:13:19.071980,1786373852673,POST,http://localhost/api/cicd/execute,0,4.33,"HTTPConnectionPool(host='localhost', port=80): Max retries exceeded with url: /api/cicd/execute (Caused by NewConnectionError(""HTTPConnection(host='localhost', port=80): Failed to establish a new connection: [Errno 111] Connection refused""))"
2026-09-12T23:13:19.072859,1786374210148,GET,http://localhost/api/cicd/status/40665,0,13.13,"HTTPConnectionPool(host='localhost', port=80): Max retries exceeded with url: /api/cicd/status/40665 (Caused by NewConnectionError(""HTTPConnection(host='localhost', port=80): Failed to establish a new connection: [Errno 111] Connection refused""))"
2026-09-12T23:13:19.073463,1786373852673,POST,http://localhost/api/cicd/execute,0,9.21,"HTTPConnectionPool(host='localhost', port=80): Max retries exceeded with url: /api/cicd/execute (Caused by NewConnectionError(""HTTPConnection(host='localhost', port=80): Failed to establish a new connection: [Errno 111] Connection refused""))"
2026-09-12T23:13:19.073784,1786374210148,GET,http://localhost/api/cicd/status/40665,0,7.33,"HTTPConnectionPool(host='localhost', port=80): Max retries exceeded with url: /api/cicd/status/40665 (Caused by NewConnectionError(""HTTPConnection(host='localhost', port=80): Failed to establish a new connection: [Errno 111] Connection refused""))"
2026-09-12T23:13:19.074087,1786374210148,GET,http://localhost/api/cicd/status/40665,0,13.29,"HTTPConnectionPool(host='localhost', port=80): Max retries exceeded with url: /api/cicd/status/40665 (Caused by NewConnectionError(""HTTPConnection(host='localhost', port=80): Failed to establish a new connection: [Errno 111] Connection refused""))"
2026-09-12T23:13:19.074371,1786373852673,POST,http://localhost/api/cicd/execute,0,9.02,"HTTPConnectionPool(host='localhost', port=80): Max retries exceeded with url: /api/cicd/execute (Caused by NewConnectionError(""HTTPConnection(host='localhost', port=80): Failed to establish a new connection: [Errno 111] Connection refused""))"
2026-09-12T23:13:19.074715,1786373852673,POST,http://localhost/api/cicd/execute,0,12.88,"HTTPConnectionPool(host='localhost', port=80): Max retries exceeded with url: /api/cicd/execute (Caused by NewConnectionError(""HTTPConnection(host='localhost', port=80): Failed to establish a new connection: [Errno 111] Connection refused""))"
2026-09-12T23:13:19.074928,1786374210148,GET,http://localhost/api/cicd/status/40665,0,5.82,"HTTPConnectionPool(host='localhost', port=80): Max retries exceeded with url: /api/cicd/status/40665 (Caused by NewConnectionError(""HTTPConnection(host='localhost', port=80): Failed to establish a new connection: [Errno 111] Connection refused""))"
2026-09-12T23:13:19.135236,1786373852673,POST,http://localhost/api/cicd/execute,0,1.61,"HTTPConnectionPool(host='localhost', port=80): Max retries exceeded with url: /api/cicd/execute (Caused by NewConnectionError(""HTTPConnection(host='localhost', port=80): Failed to establish a new connection: [Errno 111] Connection refused""))"
2026-09-12T23:13:19.183051,1786374210148,GET,http://localhost/api/cicd/status/40665,0,11.55,"HTTPConnectionPool(host='localhost', port=80): Max retries exceeded with url: /api/cicd/status/40665 (Caused by NewConnectionError(""HTTPConnection(host='localhost', port=80): Failed to establish a new connection: [Errno 111] Connection refused""))"
2026-09-12T23:13:19.183330,1786373852673,POST,http://localhost/api/cicd/execute,0,6.38,"HTTPConnectionPool(host='localhost', port=80): Max retries exceeded with url: /api/cicd/execute (Caused by NewConnectionError(""HTTPConnection(host='localhost', port=80): Failed to establish a new connection: [Errno 111] Connection refused""))"
2026-09-12T23:13:19.183766,1786373852673,POST,http://localhost/api/cicd/execute,0,5.51,"HTTPConnectionPool(host='localhost', port=80): Max retries exceeded with url: /api/cicd/execute (Caused by NewConnectionError(""HTTPConnection(host='localhost', port=80): Failed to establish a new connection: [Errno 111] Connection refused""))"
2026-09-12T23:13:19.184466,1786373852673,POST,http://localhost/api/cicd/execute,0,9.66,"HTTPConnectionPool(host='localhost', port=80): Max retries exceeded with url: /api/cicd/execute (Caused by NewConnectionError(""HTTPConnection(host='localhost', port=80): Failed to establish a new connection: [Errno 111] Connection refused""))"
2026-09-12T23:13:19.184963,1786374210148,GET,http://localhost/api/cicd/status/40665,0,11.32,"HTTPConnectionPool(host='localhost', port=80): Max retries exceeded with url: /api/cicd/status/40665 (Caused by NewConnectionError(""HTTPConnection(host='localhost', port=80): Failed to establish a new connection: [Errno 111] Connection refused""))"
2026-09-12T23:13:19.185267,1786374210148,GET,http://localhost/api/cicd/status/40665,0,9.37,"HTTPConnectionPool(host='localhost', port=80): Max retries exceeded with url: /api/cicd/status/40665 (Caused by NewConnectionError(""HTTPConnection(host='localhost', port=80): Failed to establish a new connection: [Errno 111] Connection refused""))"
2026-09-12T23:13:19.185627,1786374210148,GET,http://localhost/api/cicd/status/40665,0,4.67,"HTTPConnectionPool(host='localhost', port=80): Max retries exceeded with url: /api/cicd/status/40665 (Caused by NewConnectionError(""HTTPConnection(host='localhost', port=80): Failed to establish a new connection: [Errno 111] Connection refused""))"
2026-09-12T23:13:19.185871,1786374210148,GET,http://localhost/api/cicd/status/40665,0,13.33,"HTTPConnectionPool(host='localhost', port=80): Max retries exceeded with url: /api/cicd/status/40665 (Caused by NewConnectionError(""HTTPConnection(host='localhost', port=80): Failed to establish a new connection: [Errno 111] Connection refused""))"
2026-09-12T23:13:19.186636,1786373852673,POST,http://localhost/api/cicd/execute,0,6.95,"HTTPConnectionPool(host='localhost', port=80): Max retries exceeded with url: /api/cicd/execute (Caused by NewConnectionError(""HTTPConnection(host='localhost', port=80): Failed to establish a new connection: [Errno 111] Connection refused""))"
2026-09-12T23:13:19.236976,1786374210148,GET,http://localhost/api/cicd/status/40665,0,1.56,"HTTPConnectionPool(host='localhost', port=80): Max retries exceeded with url: /api/cicd/status/40665 (Caused by NewConnectionError(""HTTPConnection(host='localhost', port=80): Failed to establish a new connection: [Errno 111] Connection refused""))"
2026-09-12T23:13:19.294462,1786374210148,GET,http://localhost/api/cicd/status/40665,0,10.12,"HTTPConnectionPool(host='localhost', port=80): Max retries exceeded with url: /api/cicd/status/40665 (Caused by NewConnectionError(""HTTPConnection(host='localhost', port=80): Failed to establish a new connection: [Errno 111] Connection refused""))"
2026-09-12T23:13:19.294723,1786373852673,POST,http://localhost/api/cicd/execute,0,11.49,"HTTPConnectionPool(host='localhost', port=80): Max retries exceeded with url: /api/cicd/execute (Caused by NewConnectionError(""HTTPConnection(host='localhost', port=80): Failed to establish a new connection: [Errno 111] Connection refused""))"
2026-09-12T23:13:19.295619,1786374210148,GET,http://localhost/api/cicd/status/40665,0,10.22,"HTTPConnectionPool(host='localhost', port=80): Max retries exceeded with url: /api/cicd/status/40665 (Caused by NewConnectionError(""HTTPConnection(host='localhost', port=80): Failed to establish a new connection: [Errno 111] Connection refused""))"
2026-09-12T23:13:19.296038,1786374210148,GET,http://localhost/api/cicd/status/40665,0,9.51,"HTTPConnectionPool(host='localhost', port=80): Max retries exceeded with url: /api/cicd/status/40665 (Caused by NewConnectionError(""HTTPConnection(host='localhost', port=80): Failed to establish a new connection: [Errno 111] Connection refused""))"
2026-09-12T23:13:19.296423,1786373852673,POST,http://localhost/api/cicd/execute,0,7.56,"HTTPConnectionPool(host='localhost', port=80): Max retries exceeded with url: /api/cicd/execute (Caused by NewConnectionError(""HTTPConnection(host='localhost', port=80): Failed to establish a new connection: [Errno 111] Connection refused""))"
2026-09-12T23:13:19.296873,1786374210148,GET,http://localhost/api/cicd/status/40665,0,5.67,"HTTPConnectionPool(host='localhost', port=80): Max retries exceeded with url: /api/cicd/status/40665 (Caused by NewConnectionError(""HTTPConnection(host='localhost', port=80): Failed to establish a new connection: [Errno 111] Connection refused""))"
2026-09-12T23:13:19.297241,1786373852673,POST,http://localhost/api/cicd/execute,0,9.48,"HTTPConnectionPool(host='localhost', port=80): Max retries exceeded with url: /api/cicd/execute (Caused by NewConnectionError(""HTTPConnection(host='localhost', port=80): Failed to establish a new connection: [Errno 111] Connection refused""))"
2026-09-12T23:13:19.297493,1786373852673,POST,http://localhost/api/cicd/execute,0,7.53,"HTTPConnectionPool(host='localhost', port=80): Max retries exceeded with url: /api/cicd/execute (Caused by NewConnectionError(""HTTPConnection(host='localhost', port=80): Failed to establish a new connection: [Errno 111] Connection refused""))"
2026-09-12T23:13:19.297772,1786373852673,POST,http://localhost/api/cicd/execute,0,4.64,"HTTPConnectionPool(host='localhost', port=80): Max retries exceeded with url: /api/cicd/execute (Caused by NewConnectionError(""HTTPConnection(host='localhost', port=80): Failed to establish a new connection: [Errno 111] Connection refused""))"
2026-09-12T23:13:19.338794,1786373852673,POST,http://localhost/api/cicd/execute,0,1.63,"HTTPConnectionPool(host='localhost', port=80): Max retries exceeded with url: /api/cicd/execute (Caused by NewConnectionError(""HTTPConnection(host='localhost', port=80): Failed to establish a new connection: [Errno 111] Connection refused""))"
2026-09-12T23:13:19.406406,1786373852673,POST,http://localhost/api/cicd/execute,0,11.77,"HTTPConnectionPool(host='localhost', port=80): Max retries exceeded with url: /api/cicd/execute (Caused by NewConnectionError(""HTTPConnection(host='localhost', port=80): Failed to establish a new connection: [Errno 111] Connection refused""))"
2026-09-12T23:13:19.407175,1786373852673,POST,http://localhost/api/cicd/execute,0,9.13,"HTTPConnectionPool(host='localhost', port=80): Max retries exceeded with url: /api/cicd/execute (Caused by NewConnectionError(""HTTPConnection(host='localhost', port=80): Failed to establish a new connection: [Errno 111] Connection refused""))"
2026-09-12T23:13:19.407589,1786373852673,POST,http://localhost/api/cicd/execute,0,8.42,"HTTPConnectionPool(host='localhost', port=80): Max retries exceeded with url: /api/cicd/execute (Caused by NewConnectionError(""HTTPConnection(host='localhost', port=80): Failed to establish a new connection: [Errno 111] Connection refused""))"
2026-09-12T23:13:19.407901,1786374210148,GET,http://localhost/api/cicd/status/40665,0,12.17,"HTTPConnectionPool(host='localhost', port=80): Max retries exceeded with url: /api/cicd/status/40665 (Caused by NewConnectionError(""HTTPConnection(host='localhost', port=80): Failed to establish a new connection: [Errno 111] Connection refused""))"
2026-09-12T23:13:19.408398,1786373852673,POST,http://localhost/api/cicd/execute,0,11.61,"HTTPConnectionPool(host='localhost', port=80): Max retries exceeded with url: /api/cicd/execute (Caused by NewConnectionError(""HTTPConnection(host='localhost', port=80): Failed to establish a new connection: [Errno 111] Connection refused""))"
2026-09-12T23:13:19.408668,1786374210148,GET,http://localhost/api/cicd/status/40665,0,4.53,"HTTPConnectionPool(host='localhost', port=80): Max retries exceeded with url: /api/cicd/status/40665 (Caused by NewConnectionError(""HTTPConnection(host='localhost', port=80): Failed to establish a new connection: [Errno 111] Connection refused""))"
2026-09-12T23:13:19.409071,1786374210148,GET,http://localhost/api/cicd/status/40665,0,6.18,"HTTPConnectionPool(host='localhost', port=80): Max retries exceeded with url: /api/cicd/status/40665 (Caused by NewConnectionError(""HTTPConnection(host='localhost', port=80): Failed to establish a new connection: [Errno 111] Connection refused""))"
2026-09-12T23:13:19.409406,1786374210148,GET,http://localhost/api/cicd/status/40665,0,8.64,"HTTPConnectionPool(host='localhost', port=80): Max retries exceeded with url: /api/cicd/status/40665 (Caused by NewConnectionError(""HTTPConnection(host='localhost', port=80): Failed to establish a new connection: [Errno 111] Connection refused""))"
2026-09-12T23:13:19.409653,1786374210148,GET,http://localhost/api/cicd/status/40665,0,7.83,"HTTPConnectionPool(host='localhost', port=80): Max retries exceeded with url: /api/cicd/status/40665 (Caused by NewConnectionError(""HTTPConnection(host='localhost', port=80): Failed to establish a new connection: [Errno 111] Connection refused""))"
2026-09-12T23:13:19.440632,1786374210148,GET,http://localhost/api/cicd/status/40665,0,1.66,"HTTPConnectionPool(host='localhost', port=80): Max retries exceeded with url: /api/cicd/status/40665 (Caused by NewConnectionError(""HTTPConnection(host='localhost', port=80): Failed to establish a new connection: [Errno 111] Connection refused""))"
2026-09-12T23:13:19.518965,1786373852673,POST,http://localhost/api/cicd/execute,0,5.84,"HTTPConnectionPool(host='localhost', port=80): Max retries exceeded with url: /api/cicd/execute (Caused by NewConnectionError(""HTTPConnection(host='localhost', port=80): Failed to establish a new connection: [Errno 111] Connection refused""))"
2026-09-12T23:13:19.519671,1786373852673,POST,http://localhost/api/cicd/execute,0,9.85,"HTTPConnectionPool(host='localhost', port=80): Max retries exceeded with url: /api/cicd/execute (Caused by NewConnectionError(""HTTPConnection(host='localhost', port=80): Failed to establish a new connection: [Errno 111] Connection refused""))"
2026-09-12T23:13:19.519923,1786373852673,POST,http://localhost/api/cicd/execute,0,9.0,"HTTPConnectionPool(host='localhost', port=80): Max retries exceeded with url: /api/cicd/execute (Caused by NewConnectionError(""HTTPConnection(host='localhost', port=80): Failed to establish a new connection: [Errno 111] Connection refused""))"
2026-09-12T23:13:19.520187,1786374210148,GET,http://localhost/api/cicd/status/40665,0,11.41,"HTTPConnectionPool(host='localhost', port=80): Max retries exceeded with url: /api/cicd/status/40665 (Caused by NewConnectionError(""HTTPConnection(host='localhost', port=80): Failed to establish a new connection: [Errno 111] Connection refused""))"
2026-09-12T23:13:19.520462,1786374210148,GET,http://localhost/api/cicd/status/40665,0,12.8,"HTTPConnectionPool(host='localhost', port=80): Max retries exceeded with url: /api/cicd/status/40665 (Caused by NewConnectionError(""HTTPConnection(host='localhost', port=80): Failed to establish a new connection: [Errno 111] Connection refused""))"
2026-09-12T23:13:19.520736,1786374210148,GET,http://localhost/api/cicd/status/40665,0,14.15,"HTTPConnectionPool(host='localhost', port=80): Max retries exceeded with url: /api/cicd/status/40665 (Caused by NewConnectionError(""HTTPConnection(host='localhost', port=80): Failed to establish a new connection: [Errno 111] Connection refused""))"
2026-09-12T23:13:19.520933,1786373852673,POST,http://localhost/api/cicd/execute,0,4.52,"HTTPConnectionPool(host='localhost', port=80): Max retries exceeded with url: /api/cicd/execute (Caused by NewConnectionError(""HTTPConnection(host='localhost', port=80): Failed to establish a new connection: [Errno 111] Connection refused""))"
2026-09-12T23:13:19.521155,1786373852673,POST,http://localhost/api/cicd/execute,0,6.89,"HTTPConnectionPool(host='localhost', port=80): Max retries exceeded with url: /api/cicd/execute (Caused by NewConnectionError(""HTTPConnection(host='localhost', port=80): Failed to establish a new connection: [Errno 111] Connection refused""))"
2026-09-12T23:13:19.521359,1786374210148,GET,http://localhost/api/cicd/status/40665,0,9.33,"HTTPConnectionPool(host='localhost', port=80): Max retries exceeded with url: /api/cicd/status/40665 (Caused by NewConnectionError(""HTTPConnection(host='localhost', port=80): Failed to establish a new connection: [Errno 111] Connection refused""))"
2026-09-12T23:13:19.542410,1786373852673,POST,http://localhost/api/cicd/execute,0,1.6,"HTTPConnectionPool(host='localhost', port=80): Max retries exceeded with url: /api/cicd/execute (Caused by NewConnectionError(""HTTPConnection(host='localhost', port=80): Failed to establish a new connection: [Errno 111] Connection refused""))"
2026-09-12T23:13:19.630424,1786374210148,GET,http://localhost/api/cicd/status/40665,0,11.29,"HTTPConnectionPool(host='localhost', port=80): Max retries exceeded with url: /api/cicd/status/40665 (Caused by NewConnectionError(""HTTPConnection(host='localhost', port=80): Failed to establish a new connection: [Errno 111] Connection refused""))"
2026-09-12T23:13:19.634713,1786374210148,GET,http://localhost/api/cicd/status/40665,0,14.52,"HTTPConnectionPool(host='localhost', port=80): Max retries exceeded with url: /api/cicd/status/40665 (Caused by NewConnectionError(""HTTPConnection(host='localhost', port=80): Failed to establish a new connection: [Errno 111] Connection refused""))"
2026-09-12T23:13:19.635268,1786373852673,POST,http://localhost/api/cicd/execute,0,9.26,"HTTPConnectionPool(host='localhost', port=80): Max retries exceeded with url: /api/cicd/execute (Caused by NewConnectionError(""HTTPConnection(host='localhost', port=80): Failed to establish a new connection: [Errno 111] Connection refused""))"
2026-09-12T23:13:19.635582,1786374210148,GET,http://localhost/api/cicd/status/40665,0,14.39,"HTTPConnectionPool(host='localhost', port=80): Max retries exceeded with url: /api/cicd/status/40665 (Caused by NewConnectionError(""HTTPConnection(host='localhost', port=80): Failed to establish a new connection: [Errno 111] Connection refused""))"
2026-09-12T23:13:19.636012,1786374210148,GET,http://localhost/api/cicd/status/40665,0,12.59,"HTTPConnectionPool(host='localhost', port=80): Max retries exceeded with url: /api/cicd/status/40665 (Caused by NewConnectionError(""HTTPConnection(host='localhost', port=80): Failed to establish a new connection: [Errno 111] Connection refused""))"
2026-09-12T23:13:19.636514,1786374210148,GET,http://localhost/api/cicd/status/40665,0,12.04,"HTTPConnectionPool(host='localhost', port=80): Max retries exceeded with url: /api/cicd/status/40665 (Caused by NewConnectionError(""HTTPConnection(host='localhost', port=80): Failed to establish a new connection: [Errno 111] Connection refused""))"
2026-09-12T23:13:19.636797,1786373852673,POST,http://localhost/api/cicd/execute,0,9.48,"HTTPConnectionPool(host='localhost', port=80): Max retries exceeded with url: /api/cicd/execute (Caused by NewConnectionError(""HTTPConnection(host='localhost', port=80): Failed to establish a new connection: [Errno 111] Connection refused""))"
2026-09-12T23:13:19.637049,1786373852673,POST,http://localhost/api/cicd/execute,0,14.73,"HTTPConnectionPool(host='localhost', port=80): Max retries exceeded with url: /api/cicd/execute (Caused by NewConnectionError(""HTTPConnection(host='localhost', port=80): Failed to establish a new connection: [Errno 111] Connection refused""))"
2026-09-12T23:13:19.637452,1786373852673,POST,http://localhost/api/cicd/execute,0,8.84,"HTTPConnectionPool(host='localhost', port=80): Max retries exceeded with url: /api/cicd/execute (Caused by NewConnectionError(""HTTPConnection(host='localhost', port=80): Failed to establish a new connection: [Errno 111] Connection refused""))"
2026-09-12T23:13:19.644114,1786374210148,GET,http://localhost/api/cicd/status/40665,0,1.53,"HTTPConnectionPool(host='localhost', port=80): Max retries exceeded with url: /api/cicd/status/40665 (Caused by NewConnectionError(""HTTPConnection(host='localhost', port=80): Failed to establish a new connection: [Errno 111] Connection refused""))"
2026-09-12T23:13:19.732183,1786373852673,POST,http://localhost/api/cicd/execute,0,1.58,"HTTPConnectionPool(host='localhost', port=80): Max retries exceeded with url: /api/cicd/execute (Caused by NewConnectionError(""HTTPConnection(host='localhost', port=80): Failed to establish a new connection: [Errno 111] Connection refused""))"
2026-09-12T23:13:19.744335,1786374210148,GET,http://localhost/api/cicd/status/40665,0,7.4,"HTTPConnectionPool(host='localhost', port=80): Max retries exceeded with url: /api/cicd/status/40665 (Caused by NewConnectionError(""HTTPConnection(host='localhost', port=80): Failed to establish a new connection: [Errno 111] Connection refused""))"
2026-09-12T23:13:19.746352,1786373852673,POST,http://localhost/api/cicd/execute,0,11.47,"HTTPConnectionPool(host='localhost', port=80): Max retries exceeded with url: /api/cicd/execute (Caused by NewConnectionError(""HTTPConnection(host='localhost', port=80): Failed to establish a new connection: [Errno 111] Connection refused""))"
2026-09-12T23:13:19.746767,1786373852673,POST,http://localhost/api/cicd/execute,0,9.14,"HTTPConnectionPool(host='localhost', port=80): Max retries exceeded with url: /api/cicd/execute (Caused by NewConnectionError(""HTTPConnection(host='localhost', port=80): Failed to establish a new connection: [Errno 111] Connection refused""))"
2026-09-12T23:13:19.747379,1786374210148,GET,http://localhost/api/cicd/status/40665,0,6.33,"HTTPConnectionPool(host='localhost', port=80): Max retries exceeded with url: /api/cicd/status/40665 (Caused by NewConnectionError(""HTTPConnection(host='localhost', port=80): Failed to establish a new connection: [Errno 111] Connection refused""))"
2026-09-12T23:13:19.747608,1786373852673,POST,http://localhost/api/cicd/execute,0,7.73,"HTTPConnectionPool(host='localhost', port=80): Max retries exceeded with url: /api/cicd/execute (Caused by NewConnectionError(""HTTPConnection(host='localhost', port=80): Failed to establish a new connection: [Errno 111] Connection refused""))"
2026-09-12T23:13:19.748318,1786373852673,POST,http://localhost/api/cicd/execute,0,6.21,"HTTPConnectionPool(host='localhost', port=80): Max retries exceeded with url: /api/cicd/execute (Caused by NewConnectionError(""HTTPConnection(host='localhost', port=80): Failed to establish a new connection: [Errno 111] Connection refused""))"
2026-09-12T23:13:19.748565,1786374210148,GET,http://localhost/api/cicd/status/40665,0,9.83,"HTTPConnectionPool(host='localhost', port=80): Max retries exceeded with url: /api/cicd/status/40665 (Caused by NewConnectionError(""HTTPConnection(host='localhost', port=80): Failed to establish a new connection: [Errno 111] Connection refused""))"
2026-09-12T23:13:19.749126,1786374210148,GET,http://localhost/api/cicd/status/40665,0,13.17,"HTTPConnectionPool(host='localhost', port=80): Max retries exceeded with url: /api/cicd/status/40665 (Caused by NewConnectionError(""HTTPConnection(host='localhost', port=80): Failed to establish a new connection: [Errno 111] Connection refused""))"
2026-09-12T23:13:19.749447,1786373852673,POST,http://localhost/api/cicd/execute,0,4.7,"HTTPConnectionPool(host='localhost', port=80): Max retries exceeded with url: /api/cicd/execute (Caused by NewConnectionError(""HTTPConnection(host='localhost', port=80): Failed to establish a new connection: [Errno 111] Connection refused""))"
2026-09-12T23:13:19.833890,1786374210148,GET,http://localhost/api/cicd/status/40665,0,1.53,"HTTPConnectionPool(host='localhost', port=80): Max retries exceeded with url: /api/cicd/status/40665 (Caused by NewConnectionError(""HTTPConnection(host='localhost', port=80): Failed to establish a new connection: [Errno 111] Connection refused""))"
2026-09-12T23:13:19.846060,1786373852673,POST,http://localhost/api/cicd/execute,0,1.59,"HTTPConnectionPool(host='localhost', port=80): Max retries exceeded with url: /api/cicd/execute (Caused by NewConnectionError(""HTTPConnection(host='localhost', port=80): Failed to establish a new connection: [Errno 111] Connection refused""))"
2026-09-12T23:13:19.856618,1786373852673,POST,http://localhost/api/cicd/execute,0,9.07,"HTTPConnectionPool(host='localhost', port=80): Max retries exceeded with url: /api/cicd/execute (Caused by NewConnectionError(""HTTPConnection(host='localhost', port=80): Failed to establish a new connection: [Errno 111] Connection refused""))"
2026-09-12T23:13:19.857061,1786374210148,GET,http://localhost/api/cicd/status/40665,0,7.44,"HTTPConnectionPool(host='localhost', port=80): Max retries exceeded with url: /api/cicd/status/40665 (Caused by NewConnectionError(""HTTPConnection(host='localhost', port=80): Failed to establish a new connection: [Errno 111] Connection refused""))"
2026-09-12T23:13:19.857330,1786373852673,POST,http://localhost/api/cicd/execute,0,4.58,"HTTPConnectionPool(host='localhost', port=80): Max retries exceeded with url: /api/cicd/execute (Caused by NewConnectionError(""HTTPConnection(host='localhost', port=80): Failed to establish a new connection: [Errno 111] Connection refused""))"
2026-09-12T23:13:19.857589,1786374210148,GET,http://localhost/api/cicd/status/40665,0,8.96,"HTTPConnectionPool(host='localhost', port=80): Max retries exceeded with url: /api/cicd/status/40665 (Caused by NewConnectionError(""HTTPConnection(host='localhost', port=80): Failed to establish a new connection: [Errno 111] Connection refused""))"
2026-09-12T23:13:19.857826,1786374210148,GET,http://localhost/api/cicd/status/40665,0,7.17,"HTTPConnectionPool(host='localhost', port=80): Max retries exceeded with url: /api/cicd/status/40665 (Caused by NewConnectionError(""HTTPConnection(host='localhost', port=80): Failed to establish a new connection: [Errno 111] Connection refused""))"
2026-09-12T23:13:19.858312,1786374210148,GET,http://localhost/api/cicd/status/40665,0,6.61,"HTTPConnectionPool(host='localhost', port=80): Max retries exceeded with url: /api/cicd/status/40665 (Caused by NewConnectionError(""HTTPConnection(host='localhost', port=80): Failed to establish a new connection: [Errno 111] Connection refused""))"
2026-09-12T23:13:19.858527,1786374210148,GET,http://localhost/api/cicd/status/40665,0,12.0,"HTTPConnectionPool(host='localhost', port=80): Max retries exceeded with url: /api/cicd/status/40665 (Caused by NewConnectionError(""HTTPConnection(host='localhost', port=80): Failed to establish a new connection: [Errno 111] Connection refused""))"
2026-09-12T23:13:19.858860,1786373852673,POST,http://localhost/api/cicd/execute,0,4.93,"HTTPConnectionPool(host='localhost', port=80): Max retries exceeded with url: /api/cicd/execute (Caused by NewConnectionError(""HTTPConnection(host='localhost', port=80): Failed to establish a new connection: [Errno 111] Connection refused""))"
2026-09-12T23:13:19.935658,1786373852673,POST,http://localhost/api/cicd/execute,0,1.59,"HTTPConnectionPool(host='localhost', port=80): Max retries exceeded with url: /api/cicd/execute (Caused by NewConnectionError(""HTTPConnection(host='localhost', port=80): Failed to establish a new connection: [Errno 111] Connection refused""))"
2026-09-12T23:13:19.948336,1786374210148,GET,http://localhost/api/cicd/status/40665,0,2.1,"HTTPConnectionPool(host='localhost', port=80): Max retries exceeded with url: /api/cicd/status/40665 (Caused by NewConnectionError(""HTTPConnection(host='localhost', port=80): Failed to establish a new connection: [Errno 111] Connection refused""))"
2026-09-12T23:13:19.967037,1786374210148,GET,http://localhost/api/cicd/status/40665,0,10.24,"HTTPConnectionPool(host='localhost', port=80): Max retries exceeded with url: /api/cicd/status/40665 (Caused by NewConnectionError(""HTTPConnection(host='localhost', port=80): Failed to establish a new connection: [Errno 111] Connection refused""))"
2026-09-12T23:13:19.967941,1786373852673,POST,http://localhost/api/cicd/execute,0,10.09,"HTTPConnectionPool(host='localhost', port=80): Max retries exceeded with url: /api/cicd/execute (Caused by NewConnectionError(""HTTPConnection(host='localhost', port=80): Failed to establish a new connection: [Errno 111] Connection refused""))"
2026-09-12T23:13:19.968220,1786373852673,POST,http://localhost/api/cicd/execute,0,5.89,"HTTPConnectionPool(host='localhost', port=80): Max retries exceeded with url: /api/cicd/execute (Caused by NewConnectionError(""HTTPConnection(host='localhost', port=80): Failed to establish a new connection: [Errno 111] Connection refused""))"
2026-09-12T23:13:19.968420,1786374210148,GET,http://localhost/api/cicd/status/40665,0,9.49,"HTTPConnectionPool(host='localhost', port=80): Max retries exceeded with url: /api/cicd/status/40665 (Caused by NewConnectionError(""HTTPConnection(host='localhost', port=80): Failed to establish a new connection: [Errno 111] Connection refused""))"
2026-09-12T23:13:19.968914,1786373852673,POST,http://localhost/api/cicd/execute,0,7.86,"HTTPConnectionPool(host='localhost', port=80): Max retries exceeded with url: /api/cicd/execute (Caused by NewConnectionError(""HTTPConnection(host='localhost', port=80): Failed to establish a new connection: [Errno 111] Connection refused""))"
2026-09-12T23:13:19.969357,1786373852673,POST,http://localhost/api/cicd/execute,0,4.17,"HTTPConnectionPool(host='localhost', port=80): Max retries exceeded with url: /api/cicd/execute (Caused by NewConnectionError(""HTTPConnection(host='localhost', port=80): Failed to establish a new connection: [Errno 111] Connection refused""))"
2026-09-12T23:13:19.969592,1786373852673,POST,http://localhost/api/cicd/execute,0,9.6,"HTTPConnectionPool(host='localhost', port=80): Max retries exceeded with url: /api/cicd/execute (Caused by NewConnectionError(""HTTPConnection(host='localhost', port=80): Failed to establish a new connection: [Errno 111] Connection refused""))"
2026-09-12T23:13:19.969962,1786374210148,GET,http://localhost/api/cicd/status/40665,0,5.83,"HTTPConnectionPool(host='localhost', port=80): Max retries exceeded with url: /api/cicd/status/40665 (Caused by NewConnectionError(""HTTPConnection(host='localhost', port=80): Failed to establish a new connection: [Errno 111] Connection refused""))"
2026-09-12T23:13:20.037430,1786374210148,GET,http://localhost/api/cicd/status/40665,0,1.59,"HTTPConnectionPool(host='localhost', port=80): Max retries exceeded with url: /api/cicd/status/40665 (Caused by NewConnectionError(""HTTPConnection(host='localhost', port=80): Failed to establish a new connection: [Errno 111] Connection refused""))"
2026-09-12T23:13:20.050130,1786373852673,POST,http://localhost/api/cicd/execute,0,1.61,"HTTPConnectionPool(host='localhost', port=80): Max retries exceeded with url: /api/cicd/execute (Caused by NewConnectionError(""HTTPConnection(host='localhost', port=80): Failed to establish a new connection: [Errno 111] Connection refused""))"
2026-09-12T23:13:20.078535,1786374210148,GET,http://localhost/api/cicd/status/40665,0,10.19,"HTTPConnectionPool(host='localhost', port=80): Max retries exceeded with url: /api/cicd/status/40665 (Caused by NewConnectionError(""HTTPConnection(host='localhost', port=80): Failed to establish a new connection: [Errno 111] Connection refused""))"
2026-09-12T23:13:20.078988,1786374210148,GET,http://localhost/api/cicd/status/40665,0,9.59,"HTTPConnectionPool(host='localhost', port=80): Max retries exceeded with url: /api/cicd/status/40665 (Caused by NewConnectionError(""HTTPConnection(host='localhost', port=80): Failed to establish a new connection: [Errno 111] Connection refused""))"
2026-09-12T23:13:20.079280,1786373852673,POST,http://localhost/api/cicd/execute,0,12.05,"HTTPConnectionPool(host='localhost', port=80): Max retries exceeded with url: /api/cicd/execute (Caused by NewConnectionError(""HTTPConnection(host='localhost', port=80): Failed to establish a new connection: [Errno 111] Connection refused""))"
2026-09-12T23:13:20.079614,1786374210148,GET,http://localhost/api/cicd/status/40665,0,7.56,"HTTPConnectionPool(host='localhost', port=80): Max retries exceeded with url: /api/cicd/status/40665 (Caused by NewConnectionError(""HTTPConnection(host='localhost', port=80): Failed to establish a new connection: [Errno 111] Connection refused""))"
2026-09-12T23:13:20.080038,1786373852673,POST,http://localhost/api/cicd/execute,0,6.93,"HTTPConnectionPool(host='localhost', port=80): Max retries exceeded with url: /api/cicd/execute (Caused by NewConnectionError(""HTTPConnection(host='localhost', port=80): Failed to establish a new connection: [Errno 111] Connection refused""))"
2026-09-12T23:13:20.080295,1786374210148,GET,http://localhost/api/cicd/status/40665,0,5.34,"HTTPConnectionPool(host='localhost', port=80): Max retries exceeded with url: /api/cicd/status/40665 (Caused by NewConnectionError(""HTTPConnection(host='localhost', port=80): Failed to establish a new connection: [Errno 111] Connection refused""))"
2026-09-12T23:13:20.080669,1786373852673,POST,http://localhost/api/cicd/execute,0,10.07,"HTTPConnectionPool(host='localhost', port=80): Max retries exceeded with url: /api/cicd/execute (Caused by NewConnectionError(""HTTPConnection(host='localhost', port=80): Failed to establish a new connection: [Errno 111] Connection refused""))"
2026-09-12T23:13:20.080902,1786374210148,GET,http://localhost/api/cicd/status/40665,0,4.76,"HTTPConnectionPool(host='localhost', port=80): Max retries exceeded with url: /api/cicd/status/40665 (Caused by NewConnectionError(""HTTPConnection(host='localhost', port=80): Failed to establish a new connection: [Errno 111] Connection refused""))"
2026-09-12T23:13:20.139202,1786373852673,POST,http://localhost/api/cicd/execute,0,1.59,"HTTPConnectionPool(host='localhost', port=80): Max retries exceeded with url: /api/cicd/execute (Caused by NewConnectionError(""HTTPConnection(host='localhost', port=80): Failed to establish a new connection: [Errno 111] Connection refused""))"
2026-09-12T23:13:20.151890,1786374210148,GET,http://localhost/api/cicd/status/40665,0,1.55,"HTTPConnectionPool(host='localhost', port=80): Max retries exceeded with url: /api/cicd/status/40665 (Caused by NewConnectionError(""HTTPConnection(host='localhost', port=80): Failed to establish a new connection: [Errno 111] Connection refused""))"
2026-09-12T23:13:20.189007,1786373852673,POST,http://localhost/api/cicd/execute,0,10.29,"HTTPConnectionPool(host='localhost', port=80): Max retries exceeded with url: /api/cicd/execute (Caused by NewConnectionError(""HTTPConnection(host='localhost', port=80): Failed to establish a new connection: [Errno 111] Connection refused""))"
2026-09-12T23:13:20.189513,1786373852673,POST,http://localhost/api/cicd/execute,0,9.75,"HTTPConnectionPool(host='localhost', port=80): Max retries exceeded with url: /api/cicd/execute (Caused by NewConnectionError(""HTTPConnection(host='localhost', port=80): Failed to establish a new connection: [Errno 111] Connection refused""))"
2026-09-12T23:13:20.190055,1786374210148,GET,http://localhost/api/cicd/status/40665,0,6.85,"HTTPConnectionPool(host='localhost', port=80): Max retries exceeded with url: /api/cicd/status/40665 (Caused by NewConnectionError(""HTTPConnection(host='localhost', port=80): Failed to establish a new connection: [Errno 111] Connection refused""))"
2026-09-12T23:13:20.190752,1786374210148,GET,http://localhost/api/cicd/status/40665,0,9.78,"HTTPConnectionPool(host='localhost', port=80): Max retries exceeded with url: /api/cicd/status/40665 (Caused by NewConnectionError(""HTTPConnection(host='localhost', port=80): Failed to establish a new connection: [Errno 111] Connection refused""))"
2026-09-12T23:13:20.191047,1786373852673,POST,http://localhost/api/cicd/execute,0,5.36,"HTTPConnectionPool(host='localhost', port=80): Max retries exceeded with url: /api/cicd/execute (Caused by NewConnectionError(""HTTPConnection(host='localhost', port=80): Failed to establish a new connection: [Errno 111] Connection refused""))"
2026-09-12T23:13:20.191307,1786373852673,POST,http://localhost/api/cicd/execute,0,9.29,"HTTPConnectionPool(host='localhost', port=80): Max retries exceeded with url: /api/cicd/execute (Caused by NewConnectionError(""HTTPConnection(host='localhost', port=80): Failed to establish a new connection: [Errno 111] Connection refused""))"
2026-09-12T23:13:20.191743,1786374210148,GET,http://localhost/api/cicd/status/40665,0,4.49,"HTTPConnectionPool(host='localhost', port=80): Max retries exceeded with url: /api/cicd/status/40665 (Caused by NewConnectionError(""HTTPConnection(host='localhost', port=80): Failed to establish a new connection: [Errno 111] Connection refused""))"
2026-09-12T23:13:20.191919,1786373852673,POST,http://localhost/api/cicd/execute,0,7.69,"HTTPConnectionPool(host='localhost', port=80): Max retries exceeded with url: /api/cicd/execute (Caused by NewConnectionError(""HTTPConnection(host='localhost', port=80): Failed to establish a new connection: [Errno 111] Connection refused""))"
2026-09-12T23:13:20.240903,1786374210148,GET,http://localhost/api/cicd/status/40665,0,1.52,"HTTPConnectionPool(host='localhost', port=80): Max retries exceeded with url: /api/cicd/status/40665 (Caused by NewConnectionError(""HTTPConnection(host='localhost', port=80): Failed to establish a new connection: [Errno 111] Connection refused""))"
2026-09-12T23:13:20.253661,1786373852673,POST,http://localhost/api/cicd/execute,0,1.59,"HTTPConnectionPool(host='localhost', port=80): Max retries exceeded with url: /api/cicd/execute (Caused by NewConnectionError(""HTTPConnection(host='localhost', port=80): Failed to establish a new connection: [Errno 111] Connection refused""))"
2026-09-12T23:13:20.299438,1786374210148,GET,http://localhost/api/cicd/status/40665,0,10.25,"HTTPConnectionPool(host='localhost', port=80): Max retries exceeded with url: /api/cicd/status/40665 (Caused by NewConnectionError(""HTTPConnection(host='localhost', port=80): Failed to establish a new connection: [Errno 111] Connection refused""))"
2026-09-12T23:13:20.299662,1786373852673,POST,http://localhost/api/cicd/execute,0,5.19,"HTTPConnectionPool(host='localhost', port=80): Max retries exceeded with url: /api/cicd/execute (Caused by NewConnectionError(""HTTPConnection(host='localhost', port=80): Failed to establish a new connection: [Errno 111] Connection refused""))"
2026-09-12T23:13:20.300088,1786374210148,GET,http://localhost/api/cicd/status/40665,0,9.91,"HTTPConnectionPool(host='localhost', port=80): Max retries exceeded with url: /api/cicd/status/40665 (Caused by NewConnectionError(""HTTPConnection(host='localhost', port=80): Failed to establish a new connection: [Errno 111] Connection refused""))"
2026-09-12T23:13:20.300502,1786374210148,GET,http://localhost/api/cicd/status/40665,0,7.04,"HTTPConnectionPool(host='localhost', port=80): Max retries exceeded with url: /api/cicd/status/40665 (Caused by NewConnectionError(""HTTPConnection(host='localhost', port=80): Failed to establish a new connection: [Errno 111] Connection refused""))"
2026-09-12T23:13:20.300766,1786373852673,POST,http://localhost/api/cicd/execute,0,9.57,"HTTPConnectionPool(host='localhost', port=80): Max retries exceeded with url: /api/cicd/execute (Caused by NewConnectionError(""HTTPConnection(host='localhost', port=80): Failed to establish a new connection: [Errno 111] Connection refused""))"
2026-09-12T23:13:20.301020,1786374210148,GET,http://localhost/api/cicd/status/40665,0,5.46,"HTTPConnectionPool(host='localhost', port=80): Max retries exceeded with url: /api/cicd/status/40665 (Caused by NewConnectionError(""HTTPConnection(host='localhost', port=80): Failed to establish a new connection: [Errno 111] Connection refused""))"
2026-09-12T23:13:20.301289,1786374210148,GET,http://localhost/api/cicd/status/40665,0,4.59,"HTTPConnectionPool(host='localhost', port=80): Max retries exceeded with url: /api/cicd/status/40665 (Caused by NewConnectionError(""HTTPConnection(host='localhost', port=80): Failed to establish a new connection: [Errno 111] Connection refused""))"
2026-09-12T23:13:20.301489,1786373852673,POST,http://localhost/api/cicd/execute,0,9.12,"HTTPConnectionPool(host='localhost', port=80): Max retries exceeded with url: /api/cicd/execute (Caused by NewConnectionError(""HTTPConnection(host='localhost', port=80): Failed to establish a new connection: [Errno 111] Connection refused""))"
2026-09-12T23:13:20.343095,1786373852673,POST,http://localhost/api/cicd/execute,0,2.02,"HTTPConnectionPool(host='localhost', port=80): Max retries exceeded with url: /api/cicd/execute (Caused by NewConnectionError(""HTTPConnection(host='localhost', port=80): Failed to establish a new connection: [Errno 111] Connection refused""))"
2026-09-12T23:13:20.355434,1786374210148,GET,http://localhost/api/cicd/status/40665,0,1.6,"HTTPConnectionPool(host='localhost', port=80): Max retries exceeded with url: /api/cicd/status/40665 (Caused by NewConnectionError(""HTTPConnection(host='localhost', port=80): Failed to establish a new connection: [Errno 111] Connection refused""))"
2026-09-12T23:13:20.409242,1786374210148,GET,http://localhost/api/cicd/status/40665,0,4.11,"HTTPConnectionPool(host='localhost', port=80): Max retries exceeded with url: /api/cicd/status/40665 (Caused by NewConnectionError(""HTTPConnection(host='localhost', port=80): Failed to establish a new connection: [Errno 111] Connection refused""))"
2026-09-12T23:13:20.410597,1786373852673,POST,http://localhost/api/cicd/execute,0,2.65,"HTTPConnectionPool(host='localhost', port=80): Max retries exceeded with url: /api/cicd/execute (Caused by NewConnectionError(""HTTPConnection(host='localhost', port=80): Failed to establish a new connection: [Errno 111] Connection refused""))"
2026-09-12T23:13:20.410795,1786373852673,POST,http://localhost/api/cicd/execute,0,10.11,"HTTPConnectionPool(host='localhost', port=80): Max retries exceeded with url: /api/cicd/execute (Caused by NewConnectionError(""HTTPConnection(host='localhost', port=80): Failed to establish a new connection: [Errno 111] Connection refused""))"
2026-09-12T23:13:20.411018,1786374210148,GET,http://localhost/api/cicd/status/40665,0,8.1,"HTTPConnectionPool(host='localhost', port=80): Max retries exceeded with url: /api/cicd/status/40665 (Caused by NewConnectionError(""HTTPConnection(host='localhost', port=80): Failed to establish a new connection: [Errno 111] Connection refused""))"
2026-09-12T23:13:20.411549,1786373852673,POST,http://localhost/api/cicd/execute,0,11.93,"HTTPConnectionPool(host='localhost', port=80): Max retries exceeded with url: /api/cicd/execute (Caused by NewConnectionError(""HTTPConnection(host='localhost', port=80): Failed to establish a new connection: [Errno 111] Connection refused""))"
2026-09-12T23:13:20.411859,1786374210148,GET,http://localhost/api/cicd/status/40665,0,7.8,"HTTPConnectionPool(host='localhost', port=80): Max retries exceeded with url: /api/cicd/status/40665 (Caused by NewConnectionError(""HTTPConnection(host='localhost', port=80): Failed to establish a new connection: [Errno 111] Connection refused""))"
2026-09-12T23:13:20.412078,1786373852673,POST,http://localhost/api/cicd/execute,0,10.29,"HTTPConnectionPool(host='localhost', port=80): Max retries exceeded with url: /api/cicd/execute (Caused by NewConnectionError(""HTTPConnection(host='localhost', port=80): Failed to establish a new connection: [Errno 111] Connection refused""))"
2026-09-12T23:13:20.412400,1786373852673,POST,http://localhost/api/cicd/execute,0,5.86,"HTTPConnectionPool(host='localhost', port=80): Max retries exceeded with url: /api/cicd/execute (Caused by NewConnectionError(""HTTPConnection(host='localhost', port=80): Failed to establish a new connection: [Errno 111] Connection refused""))"
2026-09-12T23:13:20.444820,1786374210148,GET,http://localhost/api/cicd/status/40665,0,1.55,"HTTPConnectionPool(host='localhost', port=80): Max retries exceeded with url: /api/cicd/status/40665 (Caused by NewConnectionError(""HTTPConnection(host='localhost', port=80): Failed to establish a new connection: [Errno 111] Connection refused""))"
2026-09-12T23:13:20.457232,1786373852673,POST,http://localhost/api/cicd/execute,0,1.62,"HTTPConnectionPool(host='localhost', port=80): Max retries exceeded with url: /api/cicd/execute (Caused by NewConnectionError(""HTTPConnection(host='localhost', port=80): Failed to establish a new connection: [Errno 111] Connection refused""))"
2026-09-12T23:13:20.519906,1786373852673,POST,http://localhost/api/cicd/execute,0,10.49,"HTTPConnectionPool(host='localhost', port=80): Max retries exceeded with url: /api/cicd/execute (Caused by NewConnectionError(""HTTPConnection(host='localhost', port=80): Failed to establish a new connection: [Errno 111] Connection refused""))"
2026-09-12T23:13:20.520411,1786373852673,POST,http://localhost/api/cicd/execute,0,6.38,"HTTPConnectionPool(host='localhost', port=80): Max retries exceeded with url: /api/cicd/execute (Caused by NewConnectionError(""HTTPConnection(host='localhost', port=80): Failed to establish a new connection: [Errno 111] Connection refused""))"
2026-09-12T23:13:20.520848,1786374210148,GET,http://localhost/api/cicd/status/40665,0,5.57,"HTTPConnectionPool(host='localhost', port=80): Max retries exceeded with url: /api/cicd/status/40665 (Caused by NewConnectionError(""HTTPConnection(host='localhost', port=80): Failed to establish a new connection: [Errno 111] Connection refused""))"
2026-09-12T23:13:20.521398,1786374210148,GET,http://localhost/api/cicd/status/40665,0,8.41,"HTTPConnectionPool(host='localhost', port=80): Max retries exceeded with url: /api/cicd/status/40665 (Caused by NewConnectionError(""HTTPConnection(host='localhost', port=80): Failed to establish a new connection: [Errno 111] Connection refused""))"
2026-09-12T23:13:20.521836,1786373852673,POST,http://localhost/api/cicd/execute,0,4.52,"HTTPConnectionPool(host='localhost', port=80): Max retries exceeded with url: /api/cicd/execute (Caused by NewConnectionError(""HTTPConnection(host='localhost', port=80): Failed to establish a new connection: [Errno 111] Connection refused""))"
2026-09-12T23:13:20.522045,1786374210148,GET,http://localhost/api/cicd/status/40665,0,10.18,"HTTPConnectionPool(host='localhost', port=80): Max retries exceeded with url: /api/cicd/status/40665 (Caused by NewConnectionError(""HTTPConnection(host='localhost', port=80): Failed to establish a new connection: [Errno 111] Connection refused""))"
2026-09-12T23:13:20.522263,1786374210148,GET,http://localhost/api/cicd/status/40665,0,5.96,"HTTPConnectionPool(host='localhost', port=80): Max retries exceeded with url: /api/cicd/status/40665 (Caused by NewConnectionError(""HTTPConnection(host='localhost', port=80): Failed to establish a new connection: [Errno 111] Connection refused""))"
2026-09-12T23:13:20.522502,1786374210148,GET,http://localhost/api/cicd/status/40665,0,11.73,"HTTPConnectionPool(host='localhost', port=80): Max retries exceeded with url: /api/cicd/status/40665 (Caused by NewConnectionError(""HTTPConnection(host='localhost', port=80): Failed to establish a new connection: [Errno 111] Connection refused""))"
2026-09-12T23:13:20.546640,1786373852673,POST,http://localhost/api/cicd/execute,0,1.64,"HTTPConnectionPool(host='localhost', port=80): Max retries exceeded with url: /api/cicd/execute (Caused by NewConnectionError(""HTTPConnection(host='localhost', port=80): Failed to establish a new connection: [Errno 111] Connection refused""))"
2026-09-12T23:13:20.558964,1786374210148,GET,http://localhost/api/cicd/status/40665,0,1.55,"HTTPConnectionPool(host='localhost', port=80): Max retries exceeded with url: /api/cicd/status/40665 (Caused by NewConnectionError(""HTTPConnection(host='localhost', port=80): Failed to establish a new connection: [Errno 111] Connection refused""))"
2026-09-12T23:13:20.630626,1786374210148,GET,http://localhost/api/cicd/status/40665,0,9.43,"HTTPConnectionPool(host='localhost', port=80): Max retries exceeded with url: /api/cicd/status/40665 (Caused by NewConnectionError(""HTTPConnection(host='localhost', port=80): Failed to establish a new connection: [Errno 111] Connection refused""))"
2026-09-12T23:13:20.631253,1786373852673,POST,http://localhost/api/cicd/execute,0,6.64,"HTTPConnectionPool(host='localhost', port=80): Max retries exceeded with url: /api/cicd/execute (Caused by NewConnectionError(""HTTPConnection(host='localhost', port=80): Failed to establish a new connection: [Errno 111] Connection refused""))"
2026-09-12T23:13:20.631712,1786374210148,GET,http://localhost/api/cicd/status/40665,0,11.62,"HTTPConnectionPool(host='localhost', port=80): Max retries exceeded with url: /api/cicd/status/40665 (Caused by NewConnectionError(""HTTPConnection(host='localhost', port=80): Failed to establish a new connection: [Errno 111] Connection refused""))"
2026-09-12T23:13:20.632294,1786373852673,POST,http://localhost/api/cicd/execute,0,8.9,"HTTPConnectionPool(host='localhost', port=80): Max retries exceeded with url: /api/cicd/execute (Caused by NewConnectionError(""HTTPConnection(host='localhost', port=80): Failed to establish a new connection: [Errno 111] Connection refused""))"
2026-09-12T23:13:20.632727,1786373852673,POST,http://localhost/api/cicd/execute,0,10.5,"HTTPConnectionPool(host='localhost', port=80): Max retries exceeded with url: /api/cicd/execute (Caused by NewConnectionError(""HTTPConnection(host='localhost', port=80): Failed to establish a new connection: [Errno 111] Connection refused""))"
2026-09-12T23:13:20.633063,1786373852673,POST,http://localhost/api/cicd/execute,0,5.44,"HTTPConnectionPool(host='localhost', port=80): Max retries exceeded with url: /api/cicd/execute (Caused by NewConnectionError(""HTTPConnection(host='localhost', port=80): Failed to establish a new connection: [Errno 111] Connection refused""))"
2026-09-12T23:13:20.633347,1786373852673,POST,http://localhost/api/cicd/execute,0,7.05,"HTTPConnectionPool(host='localhost', port=80): Max retries exceeded with url: /api/cicd/execute (Caused by NewConnectionError(""HTTPConnection(host='localhost', port=80): Failed to establish a new connection: [Errno 111] Connection refused""))"
2026-09-12T23:13:20.633621,1786374210148,GET,http://localhost/api/cicd/status/40665,0,4.61,"HTTPConnectionPool(host='localhost', port=80): Max retries exceeded with url: /api/cicd/status/40665 (Caused by NewConnectionError(""HTTPConnection(host='localhost', port=80): Failed to establish a new connection: [Errno 111] Connection refused""))"
2026-09-12T23:13:20.648412,1786374210148,GET,http://localhost/api/cicd/status/40665,0,1.59,"HTTPConnectionPool(host='localhost', port=80): Max retries exceeded with url: /api/cicd/status/40665 (Caused by NewConnectionError(""HTTPConnection(host='localhost', port=80): Failed to establish a new connection: [Errno 111] Connection refused""))"
2026-09-12T23:13:20.660798,1786373852673,POST,http://localhost/api/cicd/execute,0,1.65,"HTTPConnectionPool(host='localhost', port=80): Max retries exceeded with url: /api/cicd/execute (Caused by NewConnectionError(""HTTPConnection(host='localhost', port=80): Failed to establish a new connection: [Errno 111] Connection refused""))"
2026-09-12T23:13:20.741053,1786374210148,GET,http://localhost/api/cicd/status/40665,0,6.82,"HTTPConnectionPool(host='localhost', port=80): Max retries exceeded with url: /api/cicd/status/40665 (Caused by NewConnectionError(""HTTPConnection(host='localhost', port=80): Failed to establish a new connection: [Errno 111] Connection refused""))"
2026-09-12T23:13:20.742178,1786373852673,POST,http://localhost/api/cicd/execute,0,11.37,"HTTPConnectionPool(host='localhost', port=80): Max retries exceeded with url: /api/cicd/execute (Caused by NewConnectionError(""HTTPConnection(host='localhost', port=80): Failed to establish a new connection: [Errno 111] Connection refused""))"
2026-09-12T23:13:20.742488,1786374210148,GET,http://localhost/api/cicd/status/40665,0,7.18,"HTTPConnectionPool(host='localhost', port=80): Max retries exceeded with url: /api/cicd/status/40665 (Caused by NewConnectionError(""HTTPConnection(host='localhost', port=80): Failed to establish a new connection: [Errno 111] Connection refused""))"
2026-09-12T23:13:20.743039,1786373852673,POST,http://localhost/api/cicd/execute,0,5.63,"HTTPConnectionPool(host='localhost', port=80): Max retries exceeded with url: /api/cicd/execute (Caused by NewConnectionError(""HTTPConnection(host='localhost', port=80): Failed to establish a new connection: [Errno 111] Connection refused""))"
2026-09-12T23:13:20.743366,1786374210148,GET,http://localhost/api/cicd/status/40665,0,4.73,"HTTPConnectionPool(host='localhost', port=80): Max retries exceeded with url: /api/cicd/status/40665 (Caused by NewConnectionError(""HTTPConnection(host='localhost', port=80): Failed to establish a new connection: [Errno 111] Connection refused""))"
2026-09-12T23:13:20.743720,1786374210148,GET,http://localhost/api/cicd/status/40665,0,10.72,"HTTPConnectionPool(host='localhost', port=80): Max retries exceeded with url: /api/cicd/status/40665 (Caused by NewConnectionError(""HTTPConnection(host='localhost', port=80): Failed to establish a new connection: [Errno 111] Connection refused""))"
2026-09-12T23:13:20.744051,1786373852673,POST,http://localhost/api/cicd/execute,0,12.16,"HTTPConnectionPool(host='localhost', port=80): Max retries exceeded with url: /api/cicd/execute (Caused by NewConnectionError(""HTTPConnection(host='localhost', port=80): Failed to establish a new connection: [Errno 111] Connection refused""))"
2026-09-12T23:13:20.744259,1786374210148,GET,http://localhost/api/cicd/status/40665,0,7.92,"HTTPConnectionPool(host='localhost', port=80): Max retries exceeded with url: /api/cicd/status/40665 (Caused by NewConnectionError(""HTTPConnection(host='localhost', port=80): Failed to establish a new connection: [Errno 111] Connection refused""))"
2026-09-12T23:13:20.750216,1786373852673,POST,http://localhost/api/cicd/execute,0,1.63,"HTTPConnectionPool(host='localhost', port=80): Max retries exceeded with url: /api/cicd/execute (Caused by NewConnectionError(""HTTPConnection(host='localhost', port=80): Failed to establish a new connection: [Errno 111] Connection refused""))"
2026-09-12T23:13:20.762579,1786374210148,GET,http://localhost/api/cicd/status/40665,0,1.61,"HTTPConnectionPool(host='localhost', port=80): Max retries exceeded with url: /api/cicd/status/40665 (Caused by NewConnectionError(""HTTPConnection(host='localhost', port=80): Failed to establish a new connection: [Errno 111] Connection refused""))"
2026-09-12T23:13:20.851073,1786373852673,POST,http://localhost/api/cicd/execute,0,7.59,"HTTPConnectionPool(host='localhost', port=80): Max retries exceeded with url: /api/cicd/execute (Caused by NewConnectionError(""HTTPConnection(host='localhost', port=80): Failed to establish a new connection: [Errno 111] Connection refused""))"
2026-09-12T23:13:20.852977,1786373852673,POST,http://localhost/api/cicd/execute,0,11.74,"HTTPConnectionPool(host='localhost', port=80): Max retries exceeded with url: /api/cicd/execute (Caused by NewConnectionError(""HTTPConnection(host='localhost', port=80): Failed to establish a new connection: [Errno 111] Connection refused""))"
2026-09-12T23:13:20.853927,1786374210148,GET,http://localhost/api/cicd/status/40665,0,11.57,"HTTPConnectionPool(host='localhost', port=80): Max retries exceeded with url: /api/cicd/status/40665 (Caused by NewConnectionError(""HTTPConnection(host='localhost', port=80): Failed to establish a new connection: [Errno 111] Connection refused""))"
2026-09-12T23:13:20.854194,1786374210148,GET,http://localhost/api/cicd/status/40665,0,8.4,"HTTPConnectionPool(host='localhost', port=80): Max retries exceeded with url: /api/cicd/status/40665 (Caused by NewConnectionError(""HTTPConnection(host='localhost', port=80): Failed to establish a new connection: [Errno 111] Connection refused""))"
2026-09-12T23:13:20.854566,1786373852673,POST,http://localhost/api/cicd/execute,0,5.15,"HTTPConnectionPool(host='localhost', port=80): Max retries exceeded with url: /api/cicd/execute (Caused by NewConnectionError(""HTTPConnection(host='localhost', port=80): Failed to establish a new connection: [Errno 111] Connection refused""))"
2026-09-12T23:13:20.854946,1786373852673,POST,http://localhost/api/cicd/execute,0,6.69,"HTTPConnectionPool(host='localhost', port=80): Max retries exceeded with url: /api/cicd/execute (Caused by NewConnectionError(""HTTPConnection(host='localhost', port=80): Failed to establish a new connection: [Errno 111] Connection refused""))"
2026-09-12T23:13:20.855780,1786373852673,POST,http://localhost/api/cicd/execute,0,8.36,"HTTPConnectionPool(host='localhost', port=80): Max retries exceeded with url: /api/cicd/execute (Caused by NewConnectionError(""HTTPConnection(host='localhost', port=80): Failed to establish a new connection: [Errno 111] Connection refused""))"
2026-09-12T23:13:20.856173,1786374210148,GET,http://localhost/api/cicd/status/40665,0,11.58,"HTTPConnectionPool(host='localhost', port=80): Max retries exceeded with url: /api/cicd/status/40665 (Caused by NewConnectionError(""HTTPConnection(host='localhost', port=80): Failed to establish a new connection: [Errno 111] Connection refused""))"
2026-09-12T23:13:20.856437,1786374210148,GET,http://localhost/api/cicd/status/40665,0,4.95,"HTTPConnectionPool(host='localhost', port=80): Max retries exceeded with url: /api/cicd/status/40665 (Caused by NewConnectionError(""HTTPConnection(host='localhost', port=80): Failed to establish a new connection: [Errno 111] Connection refused""))"
2026-09-12T23:13:20.864374,1786373852673,POST,http://localhost/api/cicd/execute,0,1.63,"HTTPConnectionPool(host='localhost', port=80): Max retries exceeded with url: /api/cicd/execute (Caused by NewConnectionError(""HTTPConnection(host='localhost', port=80): Failed to establish a new connection: [Errno 111] Connection refused""))"
2026-09-12T23:13:20.952823,1786374210148,GET,http://localhost/api/cicd/status/40665,0,1.58,"HTTPConnectionPool(host='localhost', port=80): Max retries exceeded with url: /api/cicd/status/40665 (Caused by NewConnectionError(""HTTPConnection(host='localhost', port=80): Failed to establish a new connection: [Errno 111] Connection refused""))"
2026-09-12T23:13:20.963265,1786373852673,POST,http://localhost/api/cicd/execute,0,8.01,"HTTPConnectionPool(host='localhost', port=80): Max retries exceeded with url: /api/cicd/execute (Caused by NewConnectionError(""HTTPConnection(host='localhost', port=80): Failed to establish a new connection: [Errno 111] Connection refused""))"
2026-09-12T23:13:20.964054,1786374210148,GET,http://localhost/api/cicd/status/40665,0,6.62,"HTTPConnectionPool(host='localhost', port=80): Max retries exceeded with url: /api/cicd/status/40665 (Caused by NewConnectionError(""HTTPConnection(host='localhost', port=80): Failed to establish a new connection: [Errno 111] Connection refused""))"
2026-09-12T23:13:20.964385,1786373852673,POST,http://localhost/api/cicd/execute,0,3.5,"HTTPConnectionPool(host='localhost', port=80): Max retries exceeded with url: /api/cicd/execute (Caused by NewConnectionError(""HTTPConnection(host='localhost', port=80): Failed to establish a new connection: [Errno 111] Connection refused""))"
2026-09-12T23:13:20.964676,1786373852673,POST,http://localhost/api/cicd/execute,0,4.9,"HTTPConnectionPool(host='localhost', port=80): Max retries exceeded with url: /api/cicd/execute (Caused by NewConnectionError(""HTTPConnection(host='localhost', port=80): Failed to establish a new connection: [Errno 111] Connection refused""))"
2026-09-12T23:13:20.965115,1786374210148,GET,http://localhost/api/cicd/status/40665,0,6.55,"HTTPConnectionPool(host='localhost', port=80): Max retries exceeded with url: /api/cicd/status/40665 (Caused by NewConnectionError(""HTTPConnection(host='localhost', port=80): Failed to establish a new connection: [Errno 111] Connection refused""))"
2026-09-12T23:13:20.965338,1786374210148,GET,http://localhost/api/cicd/status/40665,0,12.21,"HTTPConnectionPool(host='localhost', port=80): Max retries exceeded with url: /api/cicd/status/40665 (Caused by NewConnectionError(""HTTPConnection(host='localhost', port=80): Failed to establish a new connection: [Errno 111] Connection refused""))"
2026-09-12T23:13:20.966663,1786373852673,POST,http://localhost/api/cicd/execute,0,12.52,"HTTPConnectionPool(host='localhost', port=80): Max retries exceeded with url: /api/cicd/execute (Caused by NewConnectionError(""HTTPConnection(host='localhost', port=80): Failed to establish a new connection: [Errno 111] Connection refused""))"
2026-09-12T23:13:20.967239,1786374210148,GET,http://localhost/api/cicd/status/40665,0,10.85,"HTTPConnectionPool(host='localhost', port=80): Max retries exceeded with url: /api/cicd/status/40665 (Caused by NewConnectionError(""HTTPConnection(host='localhost', port=80): Failed to establish a new connection: [Errno 111] Connection refused""))"
2026-09-12T23:13:20.967720,1786374210148,GET,http://localhost/api/cicd/status/40665,0,2.26,"HTTPConnectionPool(host='localhost', port=80): Max retries exceeded with url: /api/cicd/status/40665 (Caused by NewConnectionError(""HTTPConnection(host='localhost', port=80): Failed to establish a new connection: [Errno 111] Connection refused""))"
2026-09-12T23:13:21.054626,1786373852673,POST,http://localhost/api/cicd/execute,0,1.62,"HTTPConnectionPool(host='localhost', port=80): Max retries exceeded with url: /api/cicd/execute (Caused by NewConnectionError(""HTTPConnection(host='localhost', port=80): Failed to establish a new connection: [Errno 111] Connection refused""))"
2026-09-12T23:13:21.075869,1786374210148,GET,http://localhost/api/cicd/status/40665,0,12.42,"HTTPConnectionPool(host='localhost', port=80): Max retries exceeded with url: /api/cicd/status/40665 (Caused by NewConnectionError(""HTTPConnection(host='localhost', port=80): Failed to establish a new connection: [Errno 111] Connection refused""))"
2026-09-12T23:13:21.076466,1786374210148,GET,http://localhost/api/cicd/status/40665,0,10.38,"HTTPConnectionPool(host='localhost', port=80): Max retries exceeded with url: /api/cicd/status/40665 (Caused by NewConnectionError(""HTTPConnection(host='localhost', port=80): Failed to establish a new connection: [Errno 111] Connection refused""))"
2026-09-12T23:13:21.076752,1786373852673,POST,http://localhost/api/cicd/execute,0,5.05,"HTTPConnectionPool(host='localhost', port=80): Max retries exceeded with url: /api/cicd/execute (Caused by NewConnectionError(""HTTPConnection(host='localhost', port=80): Failed to establish a new connection: [Errno 111] Connection refused""))"
2026-09-12T23:13:21.077067,1786374210148,GET,http://localhost/api/cicd/status/40665,0,9.92,"HTTPConnectionPool(host='localhost', port=80): Max retries exceeded with url: /api/cicd/status/40665 (Caused by NewConnectionError(""HTTPConnection(host='localhost', port=80): Failed to establish a new connection: [Errno 111] Connection refused""))"
2026-09-12T23:13:21.077444,1786373852673,POST,http://localhost/api/cicd/execute,0,4.36,"HTTPConnectionPool(host='localhost', port=80): Max retries exceeded with url: /api/cicd/execute (Caused by NewConnectionError(""HTTPConnection(host='localhost', port=80): Failed to establish a new connection: [Errno 111] Connection refused""))"
2026-09-12T23:13:21.077762,1786373852673,POST,http://localhost/api/cicd/execute,0,12.79,"HTTPConnectionPool(host='localhost', port=80): Max retries exceeded with url: /api/cicd/execute (Caused by NewConnectionError(""HTTPConnection(host='localhost', port=80): Failed to establish a new connection: [Errno 111] Connection refused""))"
2026-09-12T23:13:21.077986,1786374210148,GET,http://localhost/api/cicd/status/40665,0,8.57,"HTTPConnectionPool(host='localhost', port=80): Max retries exceeded with url: /api/cicd/status/40665 (Caused by NewConnectionError(""HTTPConnection(host='localhost', port=80): Failed to establish a new connection: [Errno 111] Connection refused""))"
2026-09-12T23:13:21.078448,1786373852673,POST,http://localhost/api/cicd/execute,0,10.14,"HTTPConnectionPool(host='localhost', port=80): Max retries exceeded with url: /api/cicd/execute (Caused by NewConnectionError(""HTTPConnection(host='localhost', port=80): Failed to establish a new connection: [Errno 111] Connection refused""))"
2026-09-12T23:13:21.078754,1786373852673,POST,http://localhost/api/cicd/execute,0,8.13,"HTTPConnectionPool(host='localhost', port=80): Max retries exceeded with url: /api/cicd/execute (Caused by NewConnectionError(""HTTPConnection(host='localhost', port=80): Failed to establish a new connection: [Errno 111] Connection refused""))"
2026-09-12T23:13:21.156424,1786374210148,GET,http://localhost/api/cicd/status/40665,0,1.62,"HTTPConnectionPool(host='localhost', port=80): Max retries exceeded with url: /api/cicd/status/40665 (Caused by NewConnectionError(""HTTPConnection(host='localhost', port=80): Failed to establish a new connection: [Errno 111] Connection refused""))"
2026-09-12T23:13:21.188716,1786373852673,POST,http://localhost/api/cicd/execute,0,12.67,"HTTPConnectionPool(host='localhost', port=80): Max retries exceeded with url: /api/cicd/execute (Caused by NewConnectionError(""HTTPConnection(host='localhost', port=80): Failed to establish a new connection: [Errno 111] Connection refused""))"
2026-09-12T23:13:21.189108,1786374210148,GET,http://localhost/api/cicd/status/40665,0,10.78,"HTTPConnectionPool(host='localhost', port=80): Max retries exceeded with url: /api/cicd/status/40665 (Caused by NewConnectionError(""HTTPConnection(host='localhost', port=80): Failed to establish a new connection: [Errno 111] Connection refused""))"
2026-09-12T23:13:21.189543,1786373852673,POST,http://localhost/api/cicd/execute,0,12.34,"HTTPConnectionPool(host='localhost', port=80): Max retries exceeded with url: /api/cicd/execute (Caused by NewConnectionError(""HTTPConnection(host='localhost', port=80): Failed to establish a new connection: [Errno 111] Connection refused""))"
2026-09-12T23:13:21.189767,1786373852673,POST,http://localhost/api/cicd/execute,0,10.33,"HTTPConnectionPool(host='localhost', port=80): Max retries exceeded with url: /api/cicd/execute (Caused by NewConnectionError(""HTTPConnection(host='localhost', port=80): Failed to establish a new connection: [Errno 111] Connection refused""))"
2026-09-12T23:13:21.190042,1786374210148,GET,http://localhost/api/cicd/status/40665,0,9.36,"HTTPConnectionPool(host='localhost', port=80): Max retries exceeded with url: /api/cicd/status/40665 (Caused by NewConnectionError(""HTTPConnection(host='localhost', port=80): Failed to establish a new connection: [Errno 111] Connection refused""))"
2026-09-12T23:13:21.190485,1786373852673,POST,http://localhost/api/cicd/execute,0,5.74,"HTTPConnectionPool(host='localhost', port=80): Max retries exceeded with url: /api/cicd/execute (Caused by NewConnectionError(""HTTPConnection(host='localhost', port=80): Failed to establish a new connection: [Errno 111] Connection refused""))"
2026-09-12T23:13:21.190922,1786374210148,GET,http://localhost/api/cicd/status/40665,0,8.6,"HTTPConnectionPool(host='localhost', port=80): Max retries exceeded with url: /api/cicd/status/40665 (Caused by NewConnectionError(""HTTPConnection(host='localhost', port=80): Failed to establish a new connection: [Errno 111] Connection refused""))"
2026-09-12T23:13:21.191140,1786374210148,GET,http://localhost/api/cicd/status/40665,0,5.32,"HTTPConnectionPool(host='localhost', port=80): Max retries exceeded with url: /api/cicd/status/40665 (Caused by NewConnectionError(""HTTPConnection(host='localhost', port=80): Failed to establish a new connection: [Errno 111] Connection refused""))"
2026-09-12T23:13:21.191495,1786374210148,GET,http://localhost/api/cicd/status/40665,0,8.09,"HTTPConnectionPool(host='localhost', port=80): Max retries exceeded with url: /api/cicd/status/40665 (Caused by NewConnectionError(""HTTPConnection(host='localhost', port=80): Failed to establish a new connection: [Errno 111] Connection refused""))"
2026-09-12T23:13:21.258299,1786373852673,POST,http://localhost/api/cicd/execute,0,1.7,"HTTPConnectionPool(host='localhost', port=80): Max retries exceeded with url: /api/cicd/execute (Caused by NewConnectionError(""HTTPConnection(host='localhost', port=80): Failed to establish a new connection: [Errno 111] Connection refused""))"
2026-09-12T23:13:21.304846,1786374210148,GET,http://localhost/api/cicd/status/40665,0,15.95,"HTTPConnectionPool(host='localhost', port=80): Max retries exceeded with url: /api/cicd/status/40665 (Caused by NewConnectionError(""HTTPConnection(host='localhost', port=80): Failed to establish a new connection: [Errno 111] Connection refused""))"
2026-09-12T23:13:21.305729,1786373852673,POST,http://localhost/api/cicd/execute,0,12.39,"HTTPConnectionPool(host='localhost', port=80): Max retries exceeded with url: /api/cicd/execute (Caused by NewConnectionError(""HTTPConnection(host='localhost', port=80): Failed to establish a new connection: [Errno 111] Connection refused""))"
2026-09-12T23:13:21.306111,1786374210148,GET,http://localhost/api/cicd/status/40665,0,16.17,"HTTPConnectionPool(host='localhost', port=80): Max retries exceeded with url: /api/cicd/status/40665 (Caused by NewConnectionError(""HTTPConnection(host='localhost', port=80): Failed to establish a new connection: [Errno 111] Connection refused""))"
2026-09-12T23:13:21.306390,1786373852673,POST,http://localhost/api/cicd/execute,0,3.47,"HTTPConnectionPool(host='localhost', port=80): Max retries exceeded with url: /api/cicd/execute (Caused by NewConnectionError(""HTTPConnection(host='localhost', port=80): Failed to establish a new connection: [Errno 111] Connection refused""))"
2026-09-12T23:13:21.306845,1786373852673,POST,http://localhost/api/cicd/execute,0,14.75,"HTTPConnectionPool(host='localhost', port=80): Max retries exceeded with url: /api/cicd/execute (Caused by NewConnectionError(""HTTPConnection(host='localhost', port=80): Failed to establish a new connection: [Errno 111] Connection refused""))"
2026-09-12T23:13:21.307130,1786374210148,GET,http://localhost/api/cicd/status/40665,0,16.12,"HTTPConnectionPool(host='localhost', port=80): Max retries exceeded with url: /api/cicd/status/40665 (Caused by NewConnectionError(""HTTPConnection(host='localhost', port=80): Failed to establish a new connection: [Errno 111] Connection refused""))"
2026-09-12T23:13:21.307390,1786373852673,POST,http://localhost/api/cicd/execute,0,12.78,"HTTPConnectionPool(host='localhost', port=80): Max retries exceeded with url: /api/cicd/execute (Caused by NewConnectionError(""HTTPConnection(host='localhost', port=80): Failed to establish a new connection: [Errno 111] Connection refused""))"
2026-09-12T23:13:21.307771,1786374210148,GET,http://localhost/api/cicd/status/40665,0,11.96,"HTTPConnectionPool(host='localhost', port=80): Max retries exceeded with url: /api/cicd/status/40665 (Caused by NewConnectionError(""HTTPConnection(host='localhost', port=80): Failed to establish a new connection: [Errno 111] Connection refused""))"
2026-09-12T23:13:21.308092,1786373852673,POST,http://localhost/api/cicd/execute,0,6.78,"HTTPConnectionPool(host='localhost', port=80): Max retries exceeded with url: /api/cicd/execute (Caused by NewConnectionError(""HTTPConnection(host='localhost', port=80): Failed to establish a new connection: [Errno 111] Connection refused""))"
2026-09-12T23:13:21.360034,1786374210148,GET,http://localhost/api/cicd/status/40665,0,1.56,"HTTPConnectionPool(host='localhost', port=80): Max retries exceeded with url: /api/cicd/status/40665 (Caused by NewConnectionError(""HTTPConnection(host='localhost', port=80): Failed to establish a new connection: [Errno 111] Connection refused""))"
2026-09-12T23:13:21.414434,1786373852673,POST,http://localhost/api/cicd/execute,0,9.41,"HTTPConnectionPool(host='localhost', port=80): Max retries exceeded with url: /api/cicd/execute (Caused by NewConnectionError(""HTTPConnection(host='localhost', port=80): Failed to establish a new connection: [Errno 111] Connection refused""))"
2026-09-12T23:13:21.416720,1786374210148,GET,http://localhost/api/cicd/status/40665,0,9.45,"HTTPConnectionPool(host='localhost', port=80): Max retries exceeded with url: /api/cicd/status/40665 (Caused by NewConnectionError(""HTTPConnection(host='localhost', port=80): Failed to establish a new connection: [Errno 111] Connection refused""))"
2026-09-12T23:13:21.417458,1786373852673,POST,http://localhost/api/cicd/execute,0,4.17,"HTTPConnectionPool(host='localhost', port=80): Max retries exceeded with url: /api/cicd/execute (Caused by NewConnectionError(""HTTPConnection(host='localhost', port=80): Failed to establish a new connection: [Errno 111] Connection refused""))"
2026-09-12T23:13:21.418319,1786374210148,GET,http://localhost/api/cicd/status/40665,0,6.28,"HTTPConnectionPool(host='localhost', port=80): Max retries exceeded with url: /api/cicd/status/40665 (Caused by NewConnectionError(""HTTPConnection(host='localhost', port=80): Failed to establish a new connection: [Errno 111] Connection refused""))"
2026-09-12T23:13:21.418734,1786373852673,POST,http://localhost/api/cicd/execute,0,7.9,"HTTPConnectionPool(host='localhost', port=80): Max retries exceeded with url: /api/cicd/execute (Caused by NewConnectionError(""HTTPConnection(host='localhost', port=80): Failed to establish a new connection: [Errno 111] Connection refused""))"
2026-09-12T23:13:21.419185,1786374210148,GET,http://localhost/api/cicd/status/40665,0,13.11,"HTTPConnectionPool(host='localhost', port=80): Max retries exceeded with url: /api/cicd/status/40665 (Caused by NewConnectionError(""HTTPConnection(host='localhost', port=80): Failed to establish a new connection: [Errno 111] Connection refused""))"
2026-09-12T23:13:21.419454,1786374210148,GET,http://localhost/api/cicd/status/40665,0,4.59,"HTTPConnectionPool(host='localhost', port=80): Max retries exceeded with url: /api/cicd/status/40665 (Caused by NewConnectionError(""HTTPConnection(host='localhost', port=80): Failed to establish a new connection: [Errno 111] Connection refused""))"
2026-09-12T23:13:21.419769,1786374210148,GET,http://localhost/api/cicd/status/40665,0,10.32,"HTTPConnectionPool(host='localhost', port=80): Max retries exceeded with url: /api/cicd/status/40665 (Caused by NewConnectionError(""HTTPConnection(host='localhost', port=80): Failed to establish a new connection: [Errno 111] Connection refused""))"
2026-09-12T23:13:21.420043,1786373852673,POST,http://localhost/api/cicd/execute,0,11.69,"HTTPConnectionPool(host='localhost', port=80): Max retries exceeded with url: /api/cicd/execute (Caused by NewConnectionError(""HTTPConnection(host='localhost', port=80): Failed to establish a new connection: [Errno 111] Connection refused""))"
2026-09-12T23:13:21.461855,1786373852673,POST,http://localhost/api/cicd/execute,0,1.64,"HTTPConnectionPool(host='localhost', port=80): Max retries exceeded with url: /api/cicd/execute (Caused by NewConnectionError(""HTTPConnection(host='localhost', port=80): Failed to establish a new connection: [Errno 111] Connection refused""))"
2026-09-12T23:13:21.516210,1786374210148,GET,http://localhost/api/cicd/status/40665,0,1.6,"HTTPConnectionPool(host='localhost', port=80): Max retries exceeded with url: /api/cicd/status/40665 (Caused by NewConnectionError(""HTTPConnection(host='localhost', port=80): Failed to establish a new connection: [Errno 111] Connection refused""))"
2026-09-12T23:13:21.525460,1786373852673,POST,http://localhost/api/cicd/execute,0,8.56,"HTTPConnectionPool(host='localhost', port=80): Max retries exceeded with url: /api/cicd/execute (Caused by NewConnectionError(""HTTPConnection(host='localhost', port=80): Failed to establish a new connection: [Errno 111] Connection refused""))"
2026-09-12T23:13:21.527822,1786374210148,GET,http://localhost/api/cicd/status/40665,0,9.85,"HTTPConnectionPool(host='localhost', port=80): Max retries exceeded with url: /api/cicd/status/40665 (Caused by NewConnectionError(""HTTPConnection(host='localhost', port=80): Failed to establish a new connection: [Errno 111] Connection refused""))"
2026-09-12T23:13:21.528415,1786374210148,GET,http://localhost/api/cicd/status/40665,0,9.31,"HTTPConnectionPool(host='localhost', port=80): Max retries exceeded with url: /api/cicd/status/40665 (Caused by NewConnectionError(""HTTPConnection(host='localhost', port=80): Failed to establish a new connection: [Errno 111] Connection refused""))"
2026-09-12T23:13:21.528698,1786373852673,POST,http://localhost/api/cicd/execute,0,8.52,"HTTPConnectionPool(host='localhost', port=80): Max retries exceeded with url: /api/cicd/execute (Caused by NewConnectionError(""HTTPConnection(host='localhost', port=80): Failed to establish a new connection: [Errno 111] Connection refused""))"
2026-09-12T23:13:21.529503,1786373852673,POST,http://localhost/api/cicd/execute,0,8.08,"HTTPConnectionPool(host='localhost', port=80): Max retries exceeded with url: /api/cicd/execute (Caused by NewConnectionError(""HTTPConnection(host='localhost', port=80): Failed to establish a new connection: [Errno 111] Connection refused""))"
2026-09-12T23:13:21.529928,1786373852673,POST,http://localhost/api/cicd/execute,0,3.84,"HTTPConnectionPool(host='localhost', port=80): Max retries exceeded with url: /api/cicd/execute (Caused by NewConnectionError(""HTTPConnection(host='localhost', port=80): Failed to establish a new connection: [Errno 111] Connection refused""))"
2026-09-12T23:13:21.530268,1786373852673,POST,http://localhost/api/cicd/execute,0,7.25,"HTTPConnectionPool(host='localhost', port=80): Max retries exceeded with url: /api/cicd/execute (Caused by NewConnectionError(""HTTPConnection(host='localhost', port=80): Failed to establish a new connection: [Errno 111] Connection refused""))"
2026-09-12T23:13:21.530555,1786374210148,GET,http://localhost/api/cicd/status/40665,0,6.34,"HTTPConnectionPool(host='localhost', port=80): Max retries exceeded with url: /api/cicd/status/40665 (Caused by NewConnectionError(""HTTPConnection(host='localhost', port=80): Failed to establish a new connection: [Errno 111] Connection refused""))"
2026-09-12T23:13:21.563586,1786374210148,GET,http://localhost/api/cicd/status/40665,0,1.55,"HTTPConnectionPool(host='localhost', port=80): Max retries exceeded with url: /api/cicd/status/40665 (Caused by NewConnectionError(""HTTPConnection(host='localhost', port=80): Failed to establish a new connection: [Errno 111] Connection refused""))"
2026-09-12T23:13:21.617970,1786373852673,POST,http://localhost/api/cicd/execute,0,1.56,"HTTPConnectionPool(host='localhost', port=80): Max retries exceeded with url: /api/cicd/execute (Caused by NewConnectionError(""HTTPConnection(host='localhost', port=80): Failed to establish a new connection: [Errno 111] Connection refused""))"
2026-09-12T23:13:21.627183,1786374210148,GET,http://localhost/api/cicd/status/40665,0,1.55,"HTTPConnectionPool(host='localhost', port=80): Max retries exceeded with url: /api/cicd/status/40665 (Caused by NewConnectionError(""HTTPConnection(host='localhost', port=80): Failed to establish a new connection: [Errno 111] Connection refused""))"
2026-09-12T23:13:21.636487,1786373852673,POST,http://localhost/api/cicd/execute,0,7.37,"HTTPConnectionPool(host='localhost', port=80): Max retries exceeded with url: /api/cicd/execute (Caused by NewConnectionError(""HTTPConnection(host='localhost', port=80): Failed to establish a new connection: [Errno 111] Connection refused""))"
2026-09-12T23:13:21.636827,1786373852673,POST,http://localhost/api/cicd/execute,0,8.83,"HTTPConnectionPool(host='localhost', port=80): Max retries exceeded with url: /api/cicd/execute (Caused by NewConnectionError(""HTTPConnection(host='localhost', port=80): Failed to establish a new connection: [Errno 111] Connection refused""))"
2026-09-12T23:13:21.637707,1786373852673,POST,http://localhost/api/cicd/execute,0,4.33,"HTTPConnectionPool(host='localhost', port=80): Max retries exceeded with url: /api/cicd/execute (Caused by NewConnectionError(""HTTPConnection(host='localhost', port=80): Failed to establish a new connection: [Errno 111] Connection refused""))"
2026-09-12T23:13:21.637903,1786374210148,GET,http://localhost/api/cicd/status/40665,0,3.45,"HTTPConnectionPool(host='localhost', port=80): Max retries exceeded with url: /api/cicd/status/40665 (Caused by NewConnectionError(""HTTPConnection(host='localhost', port=80): Failed to establish a new connection: [Errno 111] Connection refused""))"
2026-09-12T23:13:21.638168,1786374210148,GET,http://localhost/api/cicd/status/40665,0,6.82,"HTTPConnectionPool(host='localhost', port=80): Max retries exceeded with url: /api/cicd/status/40665 (Caused by NewConnectionError(""HTTPConnection(host='localhost', port=80): Failed to establish a new connection: [Errno 111] Connection refused""))"
2026-09-12T23:13:21.638455,1786374210148,GET,http://localhost/api/cicd/status/40665,0,6.11,"HTTPConnectionPool(host='localhost', port=80): Max retries exceeded with url: /api/cicd/status/40665 (Caused by NewConnectionError(""HTTPConnection(host='localhost', port=80): Failed to establish a new connection: [Errno 111] Connection refused""))"
2026-09-12T23:13:21.638794,1786374210148,GET,http://localhost/api/cicd/status/40665,0,8.59,"HTTPConnectionPool(host='localhost', port=80): Max retries exceeded with url: /api/cicd/status/40665 (Caused by NewConnectionError(""HTTPConnection(host='localhost', port=80): Failed to establish a new connection: [Errno 111] Connection refused""))"
2026-09-12T23:13:21.665374,1786373852673,POST,http://localhost/api/cicd/execute,0,1.61,"HTTPConnectionPool(host='localhost', port=80): Max retries exceeded with url: /api/cicd/execute (Caused by NewConnectionError(""HTTPConnection(host='localhost', port=80): Failed to establish a new connection: [Errno 111] Connection refused""))"
2026-09-12T23:13:21.720340,1786374210148,GET,http://localhost/api/cicd/status/40665,0,2.19,"HTTPConnectionPool(host='localhost', port=80): Max retries exceeded with url: /api/cicd/status/40665 (Caused by NewConnectionError(""HTTPConnection(host='localhost', port=80): Failed to establish a new connection: [Errno 111] Connection refused""))"
2026-09-12T23:13:21.728979,1786373852673,POST,http://localhost/api/cicd/execute,0,1.62,"HTTPConnectionPool(host='localhost', port=80): Max retries exceeded with url: /api/cicd/execute (Caused by NewConnectionError(""HTTPConnection(host='localhost', port=80): Failed to establish a new connection: [Errno 111] Connection refused""))"
2026-09-12T23:13:21.743731,1786374210148,GET,http://localhost/api/cicd/status/40665,0,7.07,"HTTPConnectionPool(host='localhost', port=80): Max retries exceeded with url: /api/cicd/status/40665 (Caused by NewConnectionError(""HTTPConnection(host='localhost', port=80): Failed to establish a new connection: [Errno 111] Connection refused""))"
2026-09-12T23:13:21.746142,1786374210148,GET,http://localhost/api/cicd/status/40665,0,8.42,"HTTPConnectionPool(host='localhost', port=80): Max retries exceeded with url: /api/cicd/status/40665 (Caused by NewConnectionError(""HTTPConnection(host='localhost', port=80): Failed to establish a new connection: [Errno 111] Connection refused""))"
2026-09-12T23:13:21.746397,1786374210148,GET,http://localhost/api/cicd/status/40665,0,7.53,"HTTPConnectionPool(host='localhost', port=80): Max retries exceeded with url: /api/cicd/status/40665 (Caused by NewConnectionError(""HTTPConnection(host='localhost', port=80): Failed to establish a new connection: [Errno 111] Connection refused""))"
2026-09-12T23:13:21.746777,1786373852673,POST,http://localhost/api/cicd/execute,0,5.66,"HTTPConnectionPool(host='localhost', port=80): Max retries exceeded with url: /api/cicd/execute (Caused by NewConnectionError(""HTTPConnection(host='localhost', port=80): Failed to establish a new connection: [Errno 111] Connection refused""))"
2026-09-12T23:13:21.747111,1786373852673,POST,http://localhost/api/cicd/execute,0,4.92,"HTTPConnectionPool(host='localhost', port=80): Max retries exceeded with url: /api/cicd/execute (Caused by NewConnectionError(""HTTPConnection(host='localhost', port=80): Failed to establish a new connection: [Errno 111] Connection refused""))"
2026-09-12T23:13:21.747330,1786373852673,POST,http://localhost/api/cicd/execute,0,7.41,"HTTPConnectionPool(host='localhost', port=80): Max retries exceeded with url: /api/cicd/execute (Caused by NewConnectionError(""HTTPConnection(host='localhost', port=80): Failed to establish a new connection: [Errno 111] Connection refused""))"
2026-09-12T23:13:21.747669,1786373852673,POST,http://localhost/api/cicd/execute,0,3.7,"HTTPConnectionPool(host='localhost', port=80): Max retries exceeded with url: /api/cicd/execute (Caused by NewConnectionError(""HTTPConnection(host='localhost', port=80): Failed to establish a new connection: [Errno 111] Connection refused""))"
2026-09-12T23:13:21.767068,1786374210148,GET,http://localhost/api/cicd/status/40665,0,1.52,"HTTPConnectionPool(host='localhost', port=80): Max retries exceeded with url: /api/cicd/status/40665 (Caused by NewConnectionError(""HTTPConnection(host='localhost', port=80): Failed to establish a new connection: [Errno 111] Connection refused""))"
2026-09-12T23:13:21.822097,1786373852673,POST,http://localhost/api/cicd/execute,0,1.58,"HTTPConnectionPool(host='localhost', port=80): Max retries exceeded with url: /api/cicd/execute (Caused by NewConnectionError(""HTTPConnection(host='localhost', port=80): Failed to establish a new connection: [Errno 111] Connection refused""))"
2026-09-12T23:13:21.830712,1786374210148,GET,http://localhost/api/cicd/status/40665,0,1.55,"HTTPConnectionPool(host='localhost', port=80): Max retries exceeded with url: /api/cicd/status/40665 (Caused by NewConnectionError(""HTTPConnection(host='localhost', port=80): Failed to establish a new connection: [Errno 111] Connection refused""))"
2026-09-12T23:13:21.845910,1786373852673,POST,http://localhost/api/cicd/execute,0,2.0,"HTTPConnectionPool(host='localhost', port=80): Max retries exceeded with url: /api/cicd/execute (Caused by NewConnectionError(""HTTPConnection(host='localhost', port=80): Failed to establish a new connection: [Errno 111] Connection refused""))"
2026-09-12T23:13:21.854090,1786373852673,POST,http://localhost/api/cicd/execute,0,7.75,"HTTPConnectionPool(host='localhost', port=80): Max retries exceeded with url: /api/cicd/execute (Caused by NewConnectionError(""HTTPConnection(host='localhost', port=80): Failed to establish a new connection: [Errno 111] Connection refused""))"
2026-09-12T23:13:21.854468,1786374210148,GET,http://localhost/api/cicd/status/40665,0,4.84,"HTTPConnectionPool(host='localhost', port=80): Max retries exceeded with url: /api/cicd/status/40665 (Caused by NewConnectionError(""HTTPConnection(host='localhost', port=80): Failed to establish a new connection: [Errno 111] Connection refused""))"
2026-09-12T23:13:21.854886,1786374210148,GET,http://localhost/api/cicd/status/40665,0,4.21,"HTTPConnectionPool(host='localhost', port=80): Max retries exceeded with url: /api/cicd/status/40665 (Caused by NewConnectionError(""HTTPConnection(host='localhost', port=80): Failed to establish a new connection: [Errno 111] Connection refused""))"
2026-09-12T23:13:21.855161,1786373852673,POST,http://localhost/api/cicd/execute,0,7.69,"HTTPConnectionPool(host='localhost', port=80): Max retries exceeded with url: /api/cicd/execute (Caused by NewConnectionError(""HTTPConnection(host='localhost', port=80): Failed to establish a new connection: [Errno 111] Connection refused""))"
2026-09-12T23:13:21.855406,1786374210148,GET,http://localhost/api/cicd/status/40665,0,3.58,"HTTPConnectionPool(host='localhost', port=80): Max retries exceeded with url: /api/cicd/status/40665 (Caused by NewConnectionError(""HTTPConnection(host='localhost', port=80): Failed to establish a new connection: [Errno 111] Connection refused""))"
2026-09-12T23:13:21.855749,1786374210148,GET,http://localhost/api/cicd/status/40665,0,7.18,"HTTPConnectionPool(host='localhost', port=80): Max retries exceeded with url: /api/cicd/status/40665 (Caused by NewConnectionError(""HTTPConnection(host='localhost', port=80): Failed to establish a new connection: [Errno 111] Connection refused""))"
2026-09-12T23:13:21.868847,1786373852673,POST,http://localhost/api/cicd/execute,0,1.59,"HTTPConnectionPool(host='localhost', port=80): Max retries exceeded with url: /api/cicd/execute (Caused by NewConnectionError(""HTTPConnection(host='localhost', port=80): Failed to establish a new connection: [Errno 111] Connection refused""))"
2026-09-12T23:13:21.923860,1786374210148,GET,http://localhost/api/cicd/status/40665,0,1.57,"HTTPConnectionPool(host='localhost', port=80): Max retries exceeded with url: /api/cicd/status/40665 (Caused by NewConnectionError(""HTTPConnection(host='localhost', port=80): Failed to establish a new connection: [Errno 111] Connection refused""))"
2026-09-12T23:13:21.932520,1786373852673,POST,http://localhost/api/cicd/execute,0,1.63,"HTTPConnectionPool(host='localhost', port=80): Max retries exceeded with url: /api/cicd/execute (Caused by NewConnectionError(""HTTPConnection(host='localhost', port=80): Failed to establish a new connection: [Errno 111] Connection refused""))"
2026-09-12T23:13:21.948082,1786374210148,GET,http://localhost/api/cicd/status/40665,0,1.99,"HTTPConnectionPool(host='localhost', port=80): Max retries exceeded with url: /api/cicd/status/40665 (Caused by NewConnectionError(""HTTPConnection(host='localhost', port=80): Failed to establish a new connection: [Errno 111] Connection refused""))"
2026-09-12T23:13:21.962686,1786374210148,GET,http://localhost/api/cicd/status/40665,0,8.42,"HTTPConnectionPool(host='localhost', port=80): Max retries exceeded with url: /api/cicd/status/40665 (Caused by NewConnectionError(""HTTPConnection(host='localhost', port=80): Failed to establish a new connection: [Errno 111] Connection refused""))"
2026-09-12T23:13:21.962976,1786373852673,POST,http://localhost/api/cicd/execute,0,6.56,"HTTPConnectionPool(host='localhost', port=80): Max retries exceeded with url: /api/cicd/execute (Caused by NewConnectionError(""HTTPConnection(host='localhost', port=80): Failed to establish a new connection: [Errno 111] Connection refused""))"
2026-09-12T23:13:21.963489,1786373852673,POST,http://localhost/api/cicd/execute,0,8.16,"HTTPConnectionPool(host='localhost', port=80): Max retries exceeded with url: /api/cicd/execute (Caused by NewConnectionError(""HTTPConnection(host='localhost', port=80): Failed to establish a new connection: [Errno 111] Connection refused""))"
2026-09-12T23:13:21.963746,1786374210148,GET,http://localhost/api/cicd/status/40665,0,6.22,"HTTPConnectionPool(host='localhost', port=80): Max retries exceeded with url: /api/cicd/status/40665 (Caused by NewConnectionError(""HTTPConnection(host='localhost', port=80): Failed to establish a new connection: [Errno 111] Connection refused""))"
2026-09-12T23:13:21.964113,1786373852673,POST,http://localhost/api/cicd/execute,0,4.03,"HTTPConnectionPool(host='localhost', port=80): Max retries exceeded with url: /api/cicd/execute (Caused by NewConnectionError(""HTTPConnection(host='localhost', port=80): Failed to establish a new connection: [Errno 111] Connection refused""))"
2026-09-12T23:13:21.964381,1786373852673,POST,http://localhost/api/cicd/execute,0,5.7,"HTTPConnectionPool(host='localhost', port=80): Max retries exceeded with url: /api/cicd/execute (Caused by NewConnectionError(""HTTPConnection(host='localhost', port=80): Failed to establish a new connection: [Errno 111] Connection refused""))"
2026-09-12T23:13:21.970617,1786374210148,GET,http://localhost/api/cicd/status/40665,0,1.59,"HTTPConnectionPool(host='localhost', port=80): Max retries exceeded with url: /api/cicd/status/40665 (Caused by NewConnectionError(""HTTPConnection(host='localhost', port=80): Failed to establish a new connection: [Errno 111] Connection refused""))"
2026-09-12T23:13:22.025669,1786373852673,POST,http://localhost/api/cicd/execute,0,1.63,"HTTPConnectionPool(host='localhost', port=80): Max retries exceeded with url: /api/cicd/execute (Caused by NewConnectionError(""HTTPConnection(host='localhost', port=80): Failed to establish a new connection: [Errno 111] Connection refused""))"
2026-09-12T23:13:22.034280,1786374210148,GET,http://localhost/api/cicd/status/40665,0,1.58,"HTTPConnectionPool(host='localhost', port=80): Max retries exceeded with url: /api/cicd/status/40665 (Caused by NewConnectionError(""HTTPConnection(host='localhost', port=80): Failed to establish a new connection: [Errno 111] Connection refused""))"
2026-09-12T23:13:22.049874,1786373852673,POST,http://localhost/api/cicd/execute,0,1.6,"HTTPConnectionPool(host='localhost', port=80): Max retries exceeded with url: /api/cicd/execute (Caused by NewConnectionError(""HTTPConnection(host='localhost', port=80): Failed to establish a new connection: [Errno 111] Connection refused""))"
2026-09-12T23:13:22.070729,1786373852673,POST,http://localhost/api/cicd/execute,0,7.86,"HTTPConnectionPool(host='localhost', port=80): Max retries exceeded with url: /api/cicd/execute (Caused by NewConnectionError(""HTTPConnection(host='localhost', port=80): Failed to establish a new connection: [Errno 111] Connection refused""))"
2026-09-12T23:13:22.072163,1786374210148,GET,http://localhost/api/cicd/status/40665,0,7.12,"HTTPConnectionPool(host='localhost', port=80): Max retries exceeded with url: /api/cicd/status/40665 (Caused by NewConnectionError(""HTTPConnection(host='localhost', port=80): Failed to establish a new connection: [Errno 111] Connection refused""))"
2026-09-12T23:13:22.072543,1786373852673,POST,http://localhost/api/cicd/execute,0,8.62,"HTTPConnectionPool(host='localhost', port=80): Max retries exceeded with url: /api/cicd/execute (Caused by NewConnectionError(""HTTPConnection(host='localhost', port=80): Failed to establish a new connection: [Errno 111] Connection refused""))"
2026-09-12T23:13:22.073332,1786374210148,GET,http://localhost/api/cicd/status/40665,0,6.75,"HTTPConnectionPool(host='localhost', port=80): Max retries exceeded with url: /api/cicd/status/40665 (Caused by NewConnectionError(""HTTPConnection(host='localhost', port=80): Failed to establish a new connection: [Errno 111] Connection refused""))"
2026-09-12T23:13:22.073849,1786374210148,GET,http://localhost/api/cicd/status/40665,0,5.2,"HTTPConnectionPool(host='localhost', port=80): Max retries exceeded with url: /api/cicd/status/40665 (Caused by NewConnectionError(""HTTPConnection(host='localhost', port=80): Failed to establish a new connection: [Errno 111] Connection refused""))"
2026-09-12T23:13:22.074222,1786374210148,GET,http://localhost/api/cicd/status/40665,0,6.96,"HTTPConnectionPool(host='localhost', port=80): Max retries exceeded with url: /api/cicd/status/40665 (Caused by NewConnectionError(""HTTPConnection(host='localhost', port=80): Failed to establish a new connection: [Errno 111] Connection refused""))"
2026-09-12T23:13:22.074584,1786373852673,POST,http://localhost/api/cicd/execute,0,3.79,"HTTPConnectionPool(host='localhost', port=80): Max retries exceeded with url: /api/cicd/execute (Caused by NewConnectionError(""HTTPConnection(host='localhost', port=80): Failed to establish a new connection: [Errno 111] Connection refused""))"
2026-09-12T23:13:22.127439,1786374210148,GET,http://localhost/api/cicd/status/40665,0,1.59,"HTTPConnectionPool(host='localhost', port=80): Max retries exceeded with url: /api/cicd/status/40665 (Caused by NewConnectionError(""HTTPConnection(host='localhost', port=80): Failed to establish a new connection: [Errno 111] Connection refused""))"
2026-09-12T23:13:22.136062,1786373852673,POST,http://localhost/api/cicd/execute,0,1.6,"HTTPConnectionPool(host='localhost', port=80): Max retries exceeded with url: /api/cicd/execute (Caused by NewConnectionError(""HTTPConnection(host='localhost', port=80): Failed to establish a new connection: [Errno 111] Connection refused""))"
2026-09-12T23:13:22.151622,1786374210148,GET,http://localhost/api/cicd/status/40665,0,1.57,"HTTPConnectionPool(host='localhost', port=80): Max retries exceeded with url: /api/cicd/status/40665 (Caused by NewConnectionError(""HTTPConnection(host='localhost', port=80): Failed to establish a new connection: [Errno 111] Connection refused""))"
2026-09-12T23:13:22.173592,1786374210148,GET,http://localhost/api/cicd/status/40665,0,2.69,"HTTPConnectionPool(host='localhost', port=80): Max retries exceeded with url: /api/cicd/status/40665 (Caused by NewConnectionError(""HTTPConnection(host='localhost', port=80): Failed to establish a new connection: [Errno 111] Connection refused""))"
2026-09-12T23:13:22.180532,1786373852673,POST,http://localhost/api/cicd/execute,0,5.81,"HTTPConnectionPool(host='localhost', port=80): Max retries exceeded with url: /api/cicd/execute (Caused by NewConnectionError(""HTTPConnection(host='localhost', port=80): Failed to establish a new connection: [Errno 111] Connection refused""))"
2026-09-12T23:13:22.181101,1786374210148,GET,http://localhost/api/cicd/status/40665,0,7.43,"HTTPConnectionPool(host='localhost', port=80): Max retries exceeded with url: /api/cicd/status/40665 (Caused by NewConnectionError(""HTTPConnection(host='localhost', port=80): Failed to establish a new connection: [Errno 111] Connection refused""))"
2026-09-12T23:13:22.181372,1786373852673,POST,http://localhost/api/cicd/execute,0,9.03,"HTTPConnectionPool(host='localhost', port=80): Max retries exceeded with url: /api/cicd/execute (Caused by NewConnectionError(""HTTPConnection(host='localhost', port=80): Failed to establish a new connection: [Errno 111] Connection refused""))"
2026-09-12T23:13:22.181779,1786374210148,GET,http://localhost/api/cicd/status/40665,0,5.72,"HTTPConnectionPool(host='localhost', port=80): Max retries exceeded with url: /api/cicd/status/40665 (Caused by NewConnectionError(""HTTPConnection(host='localhost', port=80): Failed to establish a new connection: [Errno 111] Connection refused""))"
2026-09-12T23:13:22.182119,1786373852673,POST,http://localhost/api/cicd/execute,0,3.53,"HTTPConnectionPool(host='localhost', port=80): Max retries exceeded with url: /api/cicd/execute (Caused by NewConnectionError(""HTTPConnection(host='localhost', port=80): Failed to establish a new connection: [Errno 111] Connection refused""))"
2026-09-12T23:13:22.182484,1786373852673,POST,http://localhost/api/cicd/execute,0,5.18,"HTTPConnectionPool(host='localhost', port=80): Max retries exceeded with url: /api/cicd/execute (Caused by NewConnectionError(""HTTPConnection(host='localhost', port=80): Failed to establish a new connection: [Errno 111] Connection refused""))"
2026-09-12T23:13:22.229256,1786373852673,POST,http://localhost/api/cicd/execute,0,1.64,"HTTPConnectionPool(host='localhost', port=80): Max retries exceeded with url: /api/cicd/execute (Caused by NewConnectionError(""HTTPConnection(host='localhost', port=80): Failed to establish a new connection: [Errno 111] Connection refused""))"
2026-09-12T23:13:22.238282,1786374210148,GET,http://localhost/api/cicd/status/40665,0,2.04,"HTTPConnectionPool(host='localhost', port=80): Max retries exceeded with url: /api/cicd/status/40665 (Caused by NewConnectionError(""HTTPConnection(host='localhost', port=80): Failed to establish a new connection: [Errno 111] Connection refused""))"
2026-09-12T23:13:22.253436,1786373852673,POST,http://localhost/api/cicd/execute,0,1.64,"HTTPConnectionPool(host='localhost', port=80): Max retries exceeded with url: /api/cicd/execute (Caused by NewConnectionError(""HTTPConnection(host='localhost', port=80): Failed to establish a new connection: [Errno 111] Connection refused""))"
2026-09-12T23:13:22.275097,1786373852673,POST,http://localhost/api/cicd/execute,0,1.35,"HTTPConnectionPool(host='localhost', port=80): Max retries exceeded with url: /api/cicd/execute (Caused by NewConnectionError(""HTTPConnection(host='localhost', port=80): Failed to establish a new connection: [Errno 111] Connection refused""))"
2026-09-12T23:13:22.288388,1786373852673,POST,http://localhost/api/cicd/execute,0,6.62,"HTTPConnectionPool(host='localhost', port=80): Max retries exceeded with url: /api/cicd/execute (Caused by NewConnectionError(""HTTPConnection(host='localhost', port=80): Failed to establish a new connection: [Errno 111] Connection refused""))"
2026-09-12T23:13:22.289109,1786373852673,POST,http://localhost/api/cicd/execute,0,5.05,"HTTPConnectionPool(host='localhost', port=80): Max retries exceeded with url: /api/cicd/execute (Caused by NewConnectionError(""HTTPConnection(host='localhost', port=80): Failed to establish a new connection: [Errno 111] Connection refused""))"
2026-09-12T23:13:22.289430,1786374210148,GET,http://localhost/api/cicd/status/40665,0,8.72,"HTTPConnectionPool(host='localhost', port=80): Max retries exceeded with url: /api/cicd/status/40665 (Caused by NewConnectionError(""HTTPConnection(host='localhost', port=80): Failed to establish a new connection: [Errno 111] Connection refused""))"
2026-09-12T23:13:22.289741,1786374210148,GET,http://localhost/api/cicd/status/40665,0,6.86,"HTTPConnectionPool(host='localhost', port=80): Max retries exceeded with url: /api/cicd/status/40665 (Caused by NewConnectionError(""HTTPConnection(host='localhost', port=80): Failed to establish a new connection: [Errno 111] Connection refused""))"
2026-09-12T23:13:22.289976,1786374210148,GET,http://localhost/api/cicd/status/40665,0,4.62,"HTTPConnectionPool(host='localhost', port=80): Max retries exceeded with url: /api/cicd/status/40665 (Caused by NewConnectionError(""HTTPConnection(host='localhost', port=80): Failed to establish a new connection: [Errno 111] Connection refused""))"
2026-09-12T23:13:22.290344,1786374210148,GET,http://localhost/api/cicd/status/40665,0,3.84,"HTTPConnectionPool(host='localhost', port=80): Max retries exceeded with url: /api/cicd/status/40665 (Caused by NewConnectionError(""HTTPConnection(host='localhost', port=80): Failed to establish a new connection: [Errno 111] Connection refused""))"
2026-09-12T23:13:22.331003,1786374210148,GET,http://localhost/api/cicd/status/40665,0,1.57,"HTTPConnectionPool(host='localhost', port=80): Max retries exceeded with url: /api/cicd/status/40665 (Caused by NewConnectionError(""HTTPConnection(host='localhost', port=80): Failed to establish a new connection: [Errno 111] Connection refused""))"
2026-09-12T23:13:22.340072,1786373852673,POST,http://localhost/api/cicd/execute,0,1.61,"HTTPConnectionPool(host='localhost', port=80): Max retries exceeded with url: /api/cicd/execute (Caused by NewConnectionError(""HTTPConnection(host='localhost', port=80): Failed to establish a new connection: [Errno 111] Connection refused""))"
2026-09-12T23:13:22.355214,1786374210148,GET,http://localhost/api/cicd/status/40665,0,1.6,"HTTPConnectionPool(host='localhost', port=80): Max retries exceeded with url: /api/cicd/status/40665 (Caused by NewConnectionError(""HTTPConnection(host='localhost', port=80): Failed to establish a new connection: [Errno 111] Connection refused""))"
2026-09-12T23:13:22.376855,1786374210148,GET,http://localhost/api/cicd/status/40665,0,1.58,"HTTPConnectionPool(host='localhost', port=80): Max retries exceeded with url: /api/cicd/status/40665 (Caused by NewConnectionError(""HTTPConnection(host='localhost', port=80): Failed to establish a new connection: [Errno 111] Connection refused""))"
2026-09-12T23:13:22.396566,1786374210148,GET,http://localhost/api/cicd/status/40665,0,8.0,"HTTPConnectionPool(host='localhost', port=80): Max retries exceeded with url: /api/cicd/status/40665 (Caused by NewConnectionError(""HTTPConnection(host='localhost', port=80): Failed to establish a new connection: [Errno 111] Connection refused""))"
2026-09-12T23:13:22.397198,1786373852673,POST,http://localhost/api/cicd/execute,0,7.58,"HTTPConnectionPool(host='localhost', port=80): Max retries exceeded with url: /api/cicd/execute (Caused by NewConnectionError(""HTTPConnection(host='localhost', port=80): Failed to establish a new connection: [Errno 111] Connection refused""))"
2026-09-12T23:13:22.397730,1786373852673,POST,http://localhost/api/cicd/execute,0,5.38,"HTTPConnectionPool(host='localhost', port=80): Max retries exceeded with url: /api/cicd/execute (Caused by NewConnectionError(""HTTPConnection(host='localhost', port=80): Failed to establish a new connection: [Errno 111] Connection refused""))"
2026-09-12T23:13:22.397990,1786373852673,POST,http://localhost/api/cicd/execute,0,3.2,"HTTPConnectionPool(host='localhost', port=80): Max retries exceeded with url: /api/cicd/execute (Caused by NewConnectionError(""HTTPConnection(host='localhost', port=80): Failed to establish a new connection: [Errno 111] Connection refused""))"
2026-09-12T23:13:22.398421,1786373852673,POST,http://localhost/api/cicd/execute,0,4.81,"HTTPConnectionPool(host='localhost', port=80): Max retries exceeded with url: /api/cicd/execute (Caused by NewConnectionError(""HTTPConnection(host='localhost', port=80): Failed to establish a new connection: [Errno 111] Connection refused""))"
2026-09-12T23:13:22.398654,1786374210148,GET,http://localhost/api/cicd/status/40665,0,7.46,"HTTPConnectionPool(host='localhost', port=80): Max retries exceeded with url: /api/cicd/status/40665 (Caused by NewConnectionError(""HTTPConnection(host='localhost', port=80): Failed to establish a new connection: [Errno 111] Connection refused""))"
2026-09-12T23:13:22.432801,1786373852673,POST,http://localhost/api/cicd/execute,0,1.61,"HTTPConnectionPool(host='localhost', port=80): Max retries exceeded with url: /api/cicd/execute (Caused by NewConnectionError(""HTTPConnection(host='localhost', port=80): Failed to establish a new connection: [Errno 111] Connection refused""))"
2026-09-12T23:13:22.441813,1786374210148,GET,http://localhost/api/cicd/status/40665,0,1.56,"HTTPConnectionPool(host='localhost', port=80): Max retries exceeded with url: /api/cicd/status/40665 (Caused by NewConnectionError(""HTTPConnection(host='localhost', port=80): Failed to establish a new connection: [Errno 111] Connection refused""))"
2026-09-12T23:13:22.457004,1786373852673,POST,http://localhost/api/cicd/execute,0,1.61,"HTTPConnectionPool(host='localhost', port=80): Max retries exceeded with url: /api/cicd/execute (Caused by NewConnectionError(""HTTPConnection(host='localhost', port=80): Failed to establish a new connection: [Errno 111] Connection refused""))"
2026-09-12T23:13:22.478669,1786373852673,POST,http://localhost/api/cicd/execute,0,1.63,"HTTPConnectionPool(host='localhost', port=80): Max retries exceeded with url: /api/cicd/execute (Caused by NewConnectionError(""HTTPConnection(host='localhost', port=80): Failed to establish a new connection: [Errno 111] Connection refused""))"
2026-09-12T23:13:22.505002,1786373852673,POST,http://localhost/api/cicd/execute,0,8.26,"HTTPConnectionPool(host='localhost', port=80): Max retries exceeded with url: /api/cicd/execute (Caused by NewConnectionError(""HTTPConnection(host='localhost', port=80): Failed to establish a new connection: [Errno 111] Connection refused""))"
2026-09-12T23:13:22.505430,1786374210148,GET,http://localhost/api/cicd/status/40665,0,7.58,"HTTPConnectionPool(host='localhost', port=80): Max retries exceeded with url: /api/cicd/status/40665 (Caused by NewConnectionError(""HTTPConnection(host='localhost', port=80): Failed to establish a new connection: [Errno 111] Connection refused""))"
2026-09-12T23:13:22.506051,1786374210148,GET,http://localhost/api/cicd/status/40665,0,7.13,"HTTPConnectionPool(host='localhost', port=80): Max retries exceeded with url: /api/cicd/status/40665 (Caused by NewConnectionError(""HTTPConnection(host='localhost', port=80): Failed to establish a new connection: [Errno 111] Connection refused""))"
2026-09-12T23:13:22.506616,1786374210148,GET,http://localhost/api/cicd/status/40665,0,5.13,"HTTPConnectionPool(host='localhost', port=80): Max retries exceeded with url: /api/cicd/status/40665 (Caused by NewConnectionError(""HTTPConnection(host='localhost', port=80): Failed to establish a new connection: [Errno 111] Connection refused""))"
2026-09-12T23:13:22.506884,1786374210148,GET,http://localhost/api/cicd/status/40665,0,6.8,"HTTPConnectionPool(host='localhost', port=80): Max retries exceeded with url: /api/cicd/status/40665 (Caused by NewConnectionError(""HTTPConnection(host='localhost', port=80): Failed to establish a new connection: [Errno 111] Connection refused""))"
2026-09-12T23:13:22.507237,1786373852673,POST,http://localhost/api/cicd/execute,0,4.22,"HTTPConnectionPool(host='localhost', port=80): Max retries exceeded with url: /api/cicd/execute (Caused by NewConnectionError(""HTTPConnection(host='localhost', port=80): Failed to establish a new connection: [Errno 111] Connection refused""))"
2026-09-12T23:13:22.534601,1786374210148,GET,http://localhost/api/cicd/status/40665,0,1.62,"HTTPConnectionPool(host='localhost', port=80): Max retries exceeded with url: /api/cicd/status/40665 (Caused by NewConnectionError(""HTTPConnection(host='localhost', port=80): Failed to establish a new connection: [Errno 111] Connection refused""))"
2026-09-12T23:13:22.543645,1786373852673,POST,http://localhost/api/cicd/execute,0,1.65,"HTTPConnectionPool(host='localhost', port=80): Max retries exceeded with url: /api/cicd/execute (Caused by NewConnectionError(""HTTPConnection(host='localhost', port=80): Failed to establish a new connection: [Errno 111] Connection refused""))"
2026-09-12T23:13:22.558733,1786374210148,GET,http://localhost/api/cicd/status/40665,0,1.54,"HTTPConnectionPool(host='localhost', port=80): Max retries exceeded with url: /api/cicd/status/40665 (Caused by NewConnectionError(""HTTPConnection(host='localhost', port=80): Failed to establish a new connection: [Errno 111] Connection refused""))"
2026-09-12T23:13:22.580444,1786374210148,GET,http://localhost/api/cicd/status/40665,0,1.6,"HTTPConnectionPool(host='localhost', port=80): Max retries exceeded with url: /api/cicd/status/40665 (Caused by NewConnectionError(""HTTPConnection(host='localhost', port=80): Failed to establish a new connection: [Errno 111] Connection refused""))"
2026-09-12T23:13:22.612794,1786373852673,POST,http://localhost/api/cicd/execute,0,5.5,"HTTPConnectionPool(host='localhost', port=80): Max retries exceeded with url: /api/cicd/execute (Caused by NewConnectionError(""HTTPConnection(host='localhost', port=80): Failed to establish a new connection: [Errno 111] Connection refused""))"
2026-09-12T23:13:22.613466,1786373852673,POST,http://localhost/api/cicd/execute,0,7.25,"HTTPConnectionPool(host='localhost', port=80): Max retries exceeded with url: /api/cicd/execute (Caused by NewConnectionError(""HTTPConnection(host='localhost', port=80): Failed to establish a new connection: [Errno 111] Connection refused""))"
2026-09-12T23:13:22.613756,1786374210148,GET,http://localhost/api/cicd/status/40665,0,8.56,"HTTPConnectionPool(host='localhost', port=80): Max retries exceeded with url: /api/cicd/status/40665 (Caused by NewConnectionError(""HTTPConnection(host='localhost', port=80): Failed to establish a new connection: [Errno 111] Connection refused""))"
2026-09-12T23:13:22.614119,1786373852673,POST,http://localhost/api/cicd/execute,0,4.21,"HTTPConnectionPool(host='localhost', port=80): Max retries exceeded with url: /api/cicd/execute (Caused by NewConnectionError(""HTTPConnection(host='localhost', port=80): Failed to establish a new connection: [Errno 111] Connection refused""))"
2026-09-12T23:13:22.614391,1786373852673,POST,http://localhost/api/cicd/execute,0,5.89,"HTTPConnectionPool(host='localhost', port=80): Max retries exceeded with url: /api/cicd/execute (Caused by NewConnectionError(""HTTPConnection(host='localhost', port=80): Failed to establish a new connection: [Errno 111] Connection refused""))"
2026-09-12T23:13:22.614652,1786374210148,GET,http://localhost/api/cicd/status/40665,0,3.52,"HTTPConnectionPool(host='localhost', port=80): Max retries exceeded with url: /api/cicd/status/40665 (Caused by NewConnectionError(""HTTPConnection(host='localhost', port=80): Failed to establish a new connection: [Errno 111] Connection refused""))"
2026-09-12T23:13:22.636834,1786373852673,POST,http://localhost/api/cicd/execute,0,2.05,"HTTPConnectionPool(host='localhost', port=80): Max retries exceeded with url: /api/cicd/execute (Caused by NewConnectionError(""HTTPConnection(host='localhost', port=80): Failed to establish a new connection: [Errno 111] Connection refused""))"
2026-09-12T23:13:22.645385,1786374210148,GET,http://localhost/api/cicd/status/40665,0,1.57,"HTTPConnectionPool(host='localhost', port=80): Max retries exceeded with url: /api/cicd/status/40665 (Caused by NewConnectionError(""HTTPConnection(host='localhost', port=80): Failed to establish a new connection: [Errno 111] Connection refused""))"
2026-09-12T23:13:22.660527,1786373852673,POST,http://localhost/api/cicd/execute,0,1.62,"HTTPConnectionPool(host='localhost', port=80): Max retries exceeded with url: /api/cicd/execute (Caused by NewConnectionError(""HTTPConnection(host='localhost', port=80): Failed to establish a new connection: [Errno 111] Connection refused""))"
2026-09-12T23:13:22.682240,1786373852673,POST,http://localhost/api/cicd/execute,0,1.62,"HTTPConnectionPool(host='localhost', port=80): Max retries exceeded with url: /api/cicd/execute (Caused by NewConnectionError(""HTTPConnection(host='localhost', port=80): Failed to establish a new connection: [Errno 111] Connection refused""))"
2026-09-12T23:13:22.720680,1786373852673,POST,http://localhost/api/cicd/execute,0,5.61,"HTTPConnectionPool(host='localhost', port=80): Max retries exceeded with url: /api/cicd/execute (Caused by NewConnectionError(""HTTPConnection(host='localhost', port=80): Failed to establish a new connection: [Errno 111] Connection refused""))"
2026-09-12T23:13:22.720880,1786374210148,GET,http://localhost/api/cicd/status/40665,0,6.86,"HTTPConnectionPool(host='localhost', port=80): Max retries exceeded with url: /api/cicd/status/40665 (Caused by NewConnectionError(""HTTPConnection(host='localhost', port=80): Failed to establish a new connection: [Errno 111] Connection refused""))"
2026-09-12T23:13:22.721192,1786374210148,GET,http://localhost/api/cicd/status/40665,0,8.22,"HTTPConnectionPool(host='localhost', port=80): Max retries exceeded with url: /api/cicd/status/40665 (Caused by NewConnectionError(""HTTPConnection(host='localhost', port=80): Failed to establish a new connection: [Errno 111] Connection refused""))"
2026-09-12T23:13:22.721656,1786373852673,POST,http://localhost/api/cicd/execute,0,3.05,"HTTPConnectionPool(host='localhost', port=80): Max retries exceeded with url: /api/cicd/execute (Caused by NewConnectionError(""HTTPConnection(host='localhost', port=80): Failed to establish a new connection: [Errno 111] Connection refused""))"
2026-09-12T23:13:22.721942,1786374210148,GET,http://localhost/api/cicd/status/40665,0,5.66,"HTTPConnectionPool(host='localhost', port=80): Max retries exceeded with url: /api/cicd/status/40665 (Caused by NewConnectionError(""HTTPConnection(host='localhost', port=80): Failed to establish a new connection: [Errno 111] Connection refused""))"
2026-09-12T23:13:22.722235,1786374210148,GET,http://localhost/api/cicd/status/40665,0,4.68,"HTTPConnectionPool(host='localhost', port=80): Max retries exceeded with url: /api/cicd/status/40665 (Caused by NewConnectionError(""HTTPConnection(host='localhost', port=80): Failed to establish a new connection: [Errno 111] Connection refused""))"
2026-09-12T23:13:22.738582,1786374210148,GET,http://localhost/api/cicd/status/40665,0,1.57,"HTTPConnectionPool(host='localhost', port=80): Max retries exceeded with url: /api/cicd/status/40665 (Caused by NewConnectionError(""HTTPConnection(host='localhost', port=80): Failed to establish a new connection: [Errno 111] Connection refused""))"
2026-09-12T23:13:22.747199,1786373852673,POST,http://localhost/api/cicd/execute,0,1.64,"HTTPConnectionPool(host='localhost', port=80): Max retries exceeded with url: /api/cicd/execute (Caused by NewConnectionError(""HTTPConnection(host='localhost', port=80): Failed to establish a new connection: [Errno 111] Connection refused""))"
2026-09-12T23:13:22.762304,1786374210148,GET,http://localhost/api/cicd/status/40665,0,1.6,"HTTPConnectionPool(host='localhost', port=80): Max retries exceeded with url: /api/cicd/status/40665 (Caused by NewConnectionError(""HTTPConnection(host='localhost', port=80): Failed to establish a new connection: [Errno 111] Connection refused""))"
2026-09-12T23:13:22.783636,1786374210148,GET,http://localhost/api/cicd/status/40665,0,1.23,"HTTPConnectionPool(host='localhost', port=80): Max retries exceeded with url: /api/cicd/status/40665 (Caused by NewConnectionError(""HTTPConnection(host='localhost', port=80): Failed to establish a new connection: [Errno 111] Connection refused""))"
2026-09-12T23:13:22.828762,1786374210148,GET,http://localhost/api/cicd/status/40665,0,7.9,"HTTPConnectionPool(host='localhost', port=80): Max retries exceeded with url: /api/cicd/status/40665 (Caused by NewConnectionError(""HTTPConnection(host='localhost', port=80): Failed to establish a new connection: [Errno 111] Connection refused""))"
2026-09-12T23:13:22.829211,1786373852673,POST,http://localhost/api/cicd/execute,0,7.28,"HTTPConnectionPool(host='localhost', port=80): Max retries exceeded with url: /api/cicd/execute (Caused by NewConnectionError(""HTTPConnection(host='localhost', port=80): Failed to establish a new connection: [Errno 111] Connection refused""))"
2026-09-12T23:13:22.829614,1786373852673,POST,http://localhost/api/cicd/execute,0,4.32,"HTTPConnectionPool(host='localhost', port=80): Max retries exceeded with url: /api/cicd/execute (Caused by NewConnectionError(""HTTPConnection(host='localhost', port=80): Failed to establish a new connection: [Errno 111] Connection refused""))"
2026-09-12T23:13:22.829925,1786373852673,POST,http://localhost/api/cicd/execute,0,3.39,"HTTPConnectionPool(host='localhost', port=80): Max retries exceeded with url: /api/cicd/execute (Caused by NewConnectionError(""HTTPConnection(host='localhost', port=80): Failed to establish a new connection: [Errno 111] Connection refused""))"
2026-09-12T23:13:22.830343,1786373852673,POST,http://localhost/api/cicd/execute,0,7.3,"HTTPConnectionPool(host='localhost', port=80): Max retries exceeded with url: /api/cicd/execute (Caused by NewConnectionError(""HTTPConnection(host='localhost', port=80): Failed to establish a new connection: [Errno 111] Connection refused""))"
2026-09-12T23:13:22.830592,1786374210148,GET,http://localhost/api/cicd/status/40665,0,6.46,"HTTPConnectionPool(host='localhost', port=80): Max retries exceeded with url: /api/cicd/status/40665 (Caused by NewConnectionError(""HTTPConnection(host='localhost', port=80): Failed to establish a new connection: [Errno 111] Connection refused""))"
2026-09-12T23:13:22.840448,1786373852673,POST,http://localhost/api/cicd/execute,0,1.69,"HTTPConnectionPool(host='localhost', port=80): Max retries exceeded with url: /api/cicd/execute (Caused by NewConnectionError(""HTTPConnection(host='localhost', port=80): Failed to establish a new connection: [Errno 111] Connection refused""))"
2026-09-12T23:13:22.848941,1786374210148,GET,http://localhost/api/cicd/status/40665,0,1.6,"HTTPConnectionPool(host='localhost', port=80): Max retries exceeded with url: /api/cicd/status/40665 (Caused by NewConnectionError(""HTTPConnection(host='localhost', port=80): Failed to establish a new connection: [Errno 111] Connection refused""))"
2026-09-12T23:13:22.864518,1786373852673,POST,http://localhost/api/cicd/execute,0,2.04,"HTTPConnectionPool(host='localhost', port=80): Max retries exceeded with url: /api/cicd/execute (Caused by NewConnectionError(""HTTPConnection(host='localhost', port=80): Failed to establish a new connection: [Errno 111] Connection refused""))"
2026-09-12T23:13:22.885453,1786373852673,POST,http://localhost/api/cicd/execute,0,1.65,"HTTPConnectionPool(host='localhost', port=80): Max retries exceeded with url: /api/cicd/execute (Caused by NewConnectionError(""HTTPConnection(host='localhost', port=80): Failed to establish a new connection: [Errno 111] Connection refused""))"
2026-09-12T23:13:22.940638,1786373852673,POST,http://localhost/api/cicd/execute,0,11.69,"HTTPConnectionPool(host='localhost', port=80): Max retries exceeded with url: /api/cicd/execute (Caused by NewConnectionError(""HTTPConnection(host='localhost', port=80): Failed to establish a new connection: [Errno 111] Connection refused""))"
2026-09-12T23:13:22.942218,1786374210148,GET,http://localhost/api/cicd/status/40665,0,12.14,"HTTPConnectionPool(host='localhost', port=80): Max retries exceeded with url: /api/cicd/status/40665 (Caused by NewConnectionError(""HTTPConnection(host='localhost', port=80): Failed to establish a new connection: [Errno 111] Connection refused""))"
2026-09-12T23:13:22.942830,1786374210148,GET,http://localhost/api/cicd/status/40665,0,7.63,"HTTPConnectionPool(host='localhost', port=80): Max retries exceeded with url: /api/cicd/status/40665 (Caused by NewConnectionError(""HTTPConnection(host='localhost', port=80): Failed to establish a new connection: [Errno 111] Connection refused""))"
2026-09-12T23:13:22.943263,1786374210148,GET,http://localhost/api/cicd/status/40665,0,7.0,"HTTPConnectionPool(host='localhost', port=80): Max retries exceeded with url: /api/cicd/status/40665 (Caused by NewConnectionError(""HTTPConnection(host='localhost', port=80): Failed to establish a new connection: [Errno 111] Connection refused""))"
2026-09-12T23:13:22.943651,1786374210148,GET,http://localhost/api/cicd/status/40665,0,6.19,"HTTPConnectionPool(host='localhost', port=80): Max retries exceeded with url: /api/cicd/status/40665 (Caused by NewConnectionError(""HTTPConnection(host='localhost', port=80): Failed to establish a new connection: [Errno 111] Connection refused""))"
2026-09-12T23:13:22.943957,1786373852673,POST,http://localhost/api/cicd/execute,0,4.82,"HTTPConnectionPool(host='localhost', port=80): Max retries exceeded with url: /api/cicd/execute (Caused by NewConnectionError(""HTTPConnection(host='localhost', port=80): Failed to establish a new connection: [Errno 111] Connection refused""))"
2026-09-12T23:13:22.944367,1786374210148,GET,http://localhost/api/cicd/status/40665,0,3.39,"HTTPConnectionPool(host='localhost', port=80): Max retries exceeded with url: /api/cicd/status/40665 (Caused by NewConnectionError(""HTTPConnection(host='localhost', port=80): Failed to establish a new connection: [Errno 111] Connection refused""))"
2026-09-12T23:13:22.950741,1786373852673,POST,http://localhost/api/cicd/execute,0,1.63,"HTTPConnectionPool(host='localhost', port=80): Max retries exceeded with url: /api/cicd/execute (Caused by NewConnectionError(""HTTPConnection(host='localhost', port=80): Failed to establish a new connection: [Errno 111] Connection refused""))"
2026-09-12T23:13:22.966272,1786374210148,GET,http://localhost/api/cicd/status/40665,0,1.58,"HTTPConnectionPool(host='localhost', port=80): Max retries exceeded with url: /api/cicd/status/40665 (Caused by NewConnectionError(""HTTPConnection(host='localhost', port=80): Failed to establish a new connection: [Errno 111] Connection refused""))"
2026-09-12T23:13:22.987199,1786374210148,GET,http://localhost/api/cicd/status/40665,0,1.57,"HTTPConnectionPool(host='localhost', port=80): Max retries exceeded with url: /api/cicd/status/40665 (Caused by NewConnectionError(""HTTPConnection(host='localhost', port=80): Failed to establish a new connection: [Errno 111] Connection refused""))"
2026-09-12T23:13:23.042382,1786374210148,GET,http://localhost/api/cicd/status/40665,0,1.56,"HTTPConnectionPool(host='localhost', port=80): Max retries exceeded with url: /api/cicd/status/40665 (Caused by NewConnectionError(""HTTPConnection(host='localhost', port=80): Failed to establish a new connection: [Errno 111] Connection refused""))"
2026-09-12T23:13:23.050581,1786373852673,POST,http://localhost/api/cicd/execute,0,8.12,"HTTPConnectionPool(host='localhost', port=80): Max retries exceeded with url: /api/cicd/execute (Caused by NewConnectionError(""HTTPConnection(host='localhost', port=80): Failed to establish a new connection: [Errno 111] Connection refused""))"
2026-09-12T23:13:23.052801,1786373852673,POST,http://localhost/api/cicd/execute,0,9.12,"HTTPConnectionPool(host='localhost', port=80): Max retries exceeded with url: /api/cicd/execute (Caused by NewConnectionError(""HTTPConnection(host='localhost', port=80): Failed to establish a new connection: [Errno 111] Connection refused""))"
2026-09-12T23:13:23.053000,1786373852673,POST,http://localhost/api/cicd/execute,0,7.04,"HTTPConnectionPool(host='localhost', port=80): Max retries exceeded with url: /api/cicd/execute (Caused by NewConnectionError(""HTTPConnection(host='localhost', port=80): Failed to establish a new connection: [Errno 111] Connection refused""))"
2026-09-12T23:13:23.053346,1786373852673,POST,http://localhost/api/cicd/execute,0,8.58,"HTTPConnectionPool(host='localhost', port=80): Max retries exceeded with url: /api/cicd/execute (Caused by NewConnectionError(""HTTPConnection(host='localhost', port=80): Failed to establish a new connection: [Errno 111] Connection refused""))"
2026-09-12T23:13:23.053855,1786373852673,POST,http://localhost/api/cicd/execute,0,6.61,"HTTPConnectionPool(host='localhost', port=80): Max retries exceeded with url: /api/cicd/execute (Caused by NewConnectionError(""HTTPConnection(host='localhost', port=80): Failed to establish a new connection: [Errno 111] Connection refused""))"
2026-09-12T23:13:23.054055,1786374210148,GET,http://localhost/api/cicd/status/40665,0,5.62,"HTTPConnectionPool(host='localhost', port=80): Max retries exceeded with url: /api/cicd/status/40665 (Caused by NewConnectionError(""HTTPConnection(host='localhost', port=80): Failed to establish a new connection: [Errno 111] Connection refused""))"
2026-09-12T23:13:23.054431,1786374210148,GET,http://localhost/api/cicd/status/40665,0,3.37,"HTTPConnectionPool(host='localhost', port=80): Max retries exceeded with url: /api/cicd/status/40665 (Caused by NewConnectionError(""HTTPConnection(host='localhost', port=80): Failed to establish a new connection: [Errno 111] Connection refused""))"
2026-09-12T23:13:23.068028,1786373852673,POST,http://localhost/api/cicd/execute,0,1.58,"HTTPConnectionPool(host='localhost', port=80): Max retries exceeded with url: /api/cicd/execute (Caused by NewConnectionError(""HTTPConnection(host='localhost', port=80): Failed to establish a new connection: [Errno 111] Connection refused""))"
2026-09-12T23:13:23.088268,1786373852673,POST,http://localhost/api/cicd/execute,0,0.89,"HTTPConnectionPool(host='localhost', port=80): Max retries exceeded with url: /api/cicd/execute (Caused by NewConnectionError(""HTTPConnection(host='localhost', port=80): Failed to establish a new connection: [Errno 111] Connection refused""))"
2026-09-12T23:13:23.144180,1786373852673,POST,http://localhost/api/cicd/execute,0,1.61,"HTTPConnectionPool(host='localhost', port=80): Max retries exceeded with url: /api/cicd/execute (Caused by NewConnectionError(""HTTPConnection(host='localhost', port=80): Failed to establish a new connection: [Errno 111] Connection refused""))"
2026-09-12T23:13:23.152336,1786374210148,GET,http://localhost/api/cicd/status/40665,0,1.58,"HTTPConnectionPool(host='localhost', port=80): Max retries exceeded with url: /api/cicd/status/40665 (Caused by NewConnectionError(""HTTPConnection(host='localhost', port=80): Failed to establish a new connection: [Errno 111] Connection refused""))"
2026-09-12T23:13:23.160688,1786374210148,GET,http://localhost/api/cicd/status/40665,0,5.61,"HTTPConnectionPool(host='localhost', port=80): Max retries exceeded with url: /api/cicd/status/40665 (Caused by NewConnectionError(""HTTPConnection(host='localhost', port=80): Failed to establish a new connection: [Errno 111] Connection refused""))"
2026-09-12T23:13:23.161210,1786374210148,GET,http://localhost/api/cicd/status/40665,0,7.18,"HTTPConnectionPool(host='localhost', port=80): Max retries exceeded with url: /api/cicd/status/40665 (Caused by NewConnectionError(""HTTPConnection(host='localhost', port=80): Failed to establish a new connection: [Errno 111] Connection refused""))"
2026-09-12T23:13:23.161501,1786373852673,POST,http://localhost/api/cicd/execute,0,2.88,"HTTPConnectionPool(host='localhost', port=80): Max retries exceeded with url: /api/cicd/execute (Caused by NewConnectionError(""HTTPConnection(host='localhost', port=80): Failed to establish a new connection: [Errno 111] Connection refused""))"
2026-09-12T23:13:23.162325,1786374210148,GET,http://localhost/api/cicd/status/40665,0,8.88,"HTTPConnectionPool(host='localhost', port=80): Max retries exceeded with url: /api/cicd/status/40665 (Caused by NewConnectionError(""HTTPConnection(host='localhost', port=80): Failed to establish a new connection: [Errno 111] Connection refused""))"
2026-09-12T23:13:23.162704,1786373852673,POST,http://localhost/api/cicd/execute,0,5.38,"HTTPConnectionPool(host='localhost', port=80): Max retries exceeded with url: /api/cicd/execute (Caused by NewConnectionError(""HTTPConnection(host='localhost', port=80): Failed to establish a new connection: [Errno 111] Connection refused""))"
2026-09-12T23:13:23.162984,1786374210148,GET,http://localhost/api/cicd/status/40665,0,6.84,"HTTPConnectionPool(host='localhost', port=80): Max retries exceeded with url: /api/cicd/status/40665 (Caused by NewConnectionError(""HTTPConnection(host='localhost', port=80): Failed to establish a new connection: [Errno 111] Connection refused""))"
2026-09-12T23:13:23.169764,1786374210148,GET,http://localhost/api/cicd/status/40665,0,1.56,"HTTPConnectionPool(host='localhost', port=80): Max retries exceeded with url: /api/cicd/status/40665 (Caused by NewConnectionError(""HTTPConnection(host='localhost', port=80): Failed to establish a new connection: [Errno 111] Connection refused""))"
2026-09-12T23:13:23.189961,1786374210148,GET,http://localhost/api/cicd/status/40665,0,1.56,"HTTPConnectionPool(host='localhost', port=80): Max retries exceeded with url: /api/cicd/status/40665 (Caused by NewConnectionError(""HTTPConnection(host='localhost', port=80): Failed to establish a new connection: [Errno 111] Connection refused""))"
2026-09-12T23:13:23.245958,1786374210148,GET,http://localhost/api/cicd/status/40665,0,1.59,"HTTPConnectionPool(host='localhost', port=80): Max retries exceeded with url: /api/cicd/status/40665 (Caused by NewConnectionError(""HTTPConnection(host='localhost', port=80): Failed to establish a new connection: [Errno 111] Connection refused""))"
2026-09-12T23:13:23.254118,1786373852673,POST,http://localhost/api/cicd/execute,0,1.6,"HTTPConnectionPool(host='localhost', port=80): Max retries exceeded with url: /api/cicd/execute (Caused by NewConnectionError(""HTTPConnection(host='localhost', port=80): Failed to establish a new connection: [Errno 111] Connection refused""))"
2026-09-12T23:13:23.268904,1786373852673,POST,http://localhost/api/cicd/execute,0,4.58,"HTTPConnectionPool(host='localhost', port=80): Max retries exceeded with url: /api/cicd/execute (Caused by NewConnectionError(""HTTPConnection(host='localhost', port=80): Failed to establish a new connection: [Errno 111] Connection refused""))"
2026-09-12T23:13:23.269127,1786373852673,POST,http://localhost/api/cicd/execute,0,8.25,"HTTPConnectionPool(host='localhost', port=80): Max retries exceeded with url: /api/cicd/execute (Caused by NewConnectionError(""HTTPConnection(host='localhost', port=80): Failed to establish a new connection: [Errno 111] Connection refused""))"
2026-09-12T23:13:23.269492,1786374210148,GET,http://localhost/api/cicd/status/40665,0,6.44,"HTTPConnectionPool(host='localhost', port=80): Max retries exceeded with url: /api/cicd/status/40665 (Caused by NewConnectionError(""HTTPConnection(host='localhost', port=80): Failed to establish a new connection: [Errno 111] Connection refused""))"
2026-09-12T23:13:23.269712,1786373852673,POST,http://localhost/api/cicd/execute,0,3.08,"HTTPConnectionPool(host='localhost', port=80): Max retries exceeded with url: /api/cicd/execute (Caused by NewConnectionError(""HTTPConnection(host='localhost', port=80): Failed to establish a new connection: [Errno 111] Connection refused""))"
2026-09-12T23:13:23.270188,1786373852673,POST,http://localhost/api/cicd/execute,0,8.22,"HTTPConnectionPool(host='localhost', port=80): Max retries exceeded with url: /api/cicd/execute (Caused by NewConnectionError(""HTTPConnection(host='localhost', port=80): Failed to establish a new connection: [Errno 111] Connection refused""))"
2026-09-12T23:13:23.271609,1786374210148,GET,http://localhost/api/cicd/status/40665,0,6.03,"HTTPConnectionPool(host='localhost', port=80): Max retries exceeded with url: /api/cicd/status/40665 (Caused by NewConnectionError(""HTTPConnection(host='localhost', port=80): Failed to establish a new connection: [Errno 111] Connection refused""))"
2026-09-12T23:13:23.272191,1786373852673,POST,http://localhost/api/cicd/execute,0,1.82,"HTTPConnectionPool(host='localhost', port=80): Max retries exceeded with url: /api/cicd/execute (Caused by NewConnectionError(""HTTPConnection(host='localhost', port=80): Failed to establish a new connection: [Errno 111] Connection refused""))"
2026-09-12T23:13:23.291468,1786373852673,POST,http://localhost/api/cicd/execute,0,1.32,"HTTPConnectionPool(host='localhost', port=80): Max retries exceeded with url: /api/cicd/execute (Caused by NewConnectionError(""HTTPConnection(host='localhost', port=80): Failed to establish a new connection: [Errno 111] Connection refused""))"
2026-09-12T23:13:23.348228,1786373852673,POST,http://localhost/api/cicd/execute,0,2.09,"HTTPConnectionPool(host='localhost', port=80): Max retries exceeded with url: /api/cicd/execute (Caused by NewConnectionError(""HTTPConnection(host='localhost', port=80): Failed to establish a new connection: [Errno 111] Connection refused""))"
2026-09-12T23:13:23.355875,1786374210148,GET,http://localhost/api/cicd/status/40665,0,1.56,"HTTPConnectionPool(host='localhost', port=80): Max retries exceeded with url: /api/cicd/status/40665 (Caused by NewConnectionError(""HTTPConnection(host='localhost', port=80): Failed to establish a new connection: [Errno 111] Connection refused""))"
2026-09-12T23:13:23.378448,1786373852673,POST,http://localhost/api/cicd/execute,0,4.75,"HTTPConnectionPool(host='localhost', port=80): Max retries exceeded with url: /api/cicd/execute (Caused by NewConnectionError(""HTTPConnection(host='localhost', port=80): Failed to establish a new connection: [Errno 111] Connection refused""))"
2026-09-12T23:13:23.378895,1786374210148,GET,http://localhost/api/cicd/status/40665,0,8.75,"HTTPConnectionPool(host='localhost', port=80): Max retries exceeded with url: /api/cicd/status/40665 (Caused by NewConnectionError(""HTTPConnection(host='localhost', port=80): Failed to establish a new connection: [Errno 111] Connection refused""))"
2026-09-12T23:13:23.379265,1786374210148,GET,http://localhost/api/cicd/status/40665,0,4.4,"HTTPConnectionPool(host='localhost', port=80): Max retries exceeded with url: /api/cicd/status/40665 (Caused by NewConnectionError(""HTTPConnection(host='localhost', port=80): Failed to establish a new connection: [Errno 111] Connection refused""))"
2026-09-12T23:13:23.379726,1786374210148,GET,http://localhost/api/cicd/status/40665,0,10.64,"HTTPConnectionPool(host='localhost', port=80): Max retries exceeded with url: /api/cicd/status/40665 (Caused by NewConnectionError(""HTTPConnection(host='localhost', port=80): Failed to establish a new connection: [Errno 111] Connection refused""))"
2026-09-12T23:13:23.380053,1786374210148,GET,http://localhost/api/cicd/status/40665,0,7.74,"HTTPConnectionPool(host='localhost', port=80): Max retries exceeded with url: /api/cicd/status/40665 (Caused by NewConnectionError(""HTTPConnection(host='localhost', port=80): Failed to establish a new connection: [Errno 111] Connection refused""))"
2026-09-12T23:13:23.380338,1786373852673,POST,http://localhost/api/cicd/execute,0,9.12,"HTTPConnectionPool(host='localhost', port=80): Max retries exceeded with url: /api/cicd/execute (Caused by NewConnectionError(""HTTPConnection(host='localhost', port=80): Failed to establish a new connection: [Errno 111] Connection refused""))"
2026-09-12T23:13:23.380723,1786374210148,GET,http://localhost/api/cicd/status/40665,0,4.37,"HTTPConnectionPool(host='localhost', port=80): Max retries exceeded with url: /api/cicd/status/40665 (Caused by NewConnectionError(""HTTPConnection(host='localhost', port=80): Failed to establish a new connection: [Errno 111] Connection refused""))"
2026-09-12T23:13:23.392843,1786374210148,GET,http://localhost/api/cicd/status/40665,0,1.22,"HTTPConnectionPool(host='localhost', port=80): Max retries exceeded with url: /api/cicd/status/40665 (Caused by NewConnectionError(""HTTPConnection(host='localhost', port=80): Failed to establish a new connection: [Errno 111] Connection refused""))"
2026-09-12T23:13:23.449963,1786374210148,GET,http://localhost/api/cicd/status/40665,0,1.55,"HTTPConnectionPool(host='localhost', port=80): Max retries exceeded with url: /api/cicd/status/40665 (Caused by NewConnectionError(""HTTPConnection(host='localhost', port=80): Failed to establish a new connection: [Errno 111] Connection refused""))"
2026-09-12T23:13:23.457686,1786373852673,POST,http://localhost/api/cicd/execute,0,1.63,"HTTPConnectionPool(host='localhost', port=80): Max retries exceeded with url: /api/cicd/execute (Caused by NewConnectionError(""HTTPConnection(host='localhost', port=80): Failed to establish a new connection: [Errno 111] Connection refused""))"
2026-09-12T23:13:23.488822,1786373852673,POST,http://localhost/api/cicd/execute,0,8.06,"HTTPConnectionPool(host='localhost', port=80): Max retries exceeded with url: /api/cicd/execute (Caused by NewConnectionError(""HTTPConnection(host='localhost', port=80): Failed to establish a new connection: [Errno 111] Connection refused""))"
2026-09-12T23:13:23.489269,1786373852673,POST,http://localhost/api/cicd/execute,0,9.58,"HTTPConnectionPool(host='localhost', port=80): Max retries exceeded with url: /api/cicd/execute (Caused by NewConnectionError(""HTTPConnection(host='localhost', port=80): Failed to establish a new connection: [Errno 111] Connection refused""))"
2026-09-12T23:13:23.489635,1786373852673,POST,http://localhost/api/cicd/execute,0,6.1,"HTTPConnectionPool(host='localhost', port=80): Max retries exceeded with url: /api/cicd/execute (Caused by NewConnectionError(""HTTPConnection(host='localhost', port=80): Failed to establish a new connection: [Errno 111] Connection refused""))"
2026-09-12T23:13:23.489970,1786374210148,GET,http://localhost/api/cicd/status/40665,0,11.35,"HTTPConnectionPool(host='localhost', port=80): Max retries exceeded with url: /api/cicd/status/40665 (Caused by NewConnectionError(""HTTPConnection(host='localhost', port=80): Failed to establish a new connection: [Errno 111] Connection refused""))"
2026-09-12T23:13:23.490351,1786373852673,POST,http://localhost/api/cicd/execute,0,5.53,"HTTPConnectionPool(host='localhost', port=80): Max retries exceeded with url: /api/cicd/execute (Caused by NewConnectionError(""HTTPConnection(host='localhost', port=80): Failed to establish a new connection: [Errno 111] Connection refused""))"
2026-09-12T23:13:23.490659,1786373852673,POST,http://localhost/api/cicd/execute,0,8.23,"HTTPConnectionPool(host='localhost', port=80): Max retries exceeded with url: /api/cicd/execute (Caused by NewConnectionError(""HTTPConnection(host='localhost', port=80): Failed to establish a new connection: [Errno 111] Connection refused""))"
2026-09-12T23:13:23.490944,1786374210148,GET,http://localhost/api/cicd/status/40665,0,4.53,"HTTPConnectionPool(host='localhost', port=80): Max retries exceeded with url: /api/cicd/status/40665 (Caused by NewConnectionError(""HTTPConnection(host='localhost', port=80): Failed to establish a new connection: [Errno 111] Connection refused""))"
2026-09-12T23:13:23.495569,1786373852673,POST,http://localhost/api/cicd/execute,0,2.16,"HTTPConnectionPool(host='localhost', port=80): Max retries exceeded with url: /api/cicd/execute (Caused by NewConnectionError(""HTTPConnection(host='localhost', port=80): Failed to establish a new connection: [Errno 111] Connection refused""))"
2026-09-12T23:13:23.551785,1786373852673,POST,http://localhost/api/cicd/execute,0,1.64,"HTTPConnectionPool(host='localhost', port=80): Max retries exceeded with url: /api/cicd/execute (Caused by NewConnectionError(""HTTPConnection(host='localhost', port=80): Failed to establish a new connection: [Errno 111] Connection refused""))"
2026-09-12T23:13:23.559442,1786374210148,GET,http://localhost/api/cicd/status/40665,0,1.58,"HTTPConnectionPool(host='localhost', port=80): Max retries exceeded with url: /api/cicd/status/40665 (Caused by NewConnectionError(""HTTPConnection(host='localhost', port=80): Failed to establish a new connection: [Errno 111] Connection refused""))"
2026-09-12T23:13:23.599504,1786373852673,POST,http://localhost/api/cicd/execute,0,7.36,"HTTPConnectionPool(host='localhost', port=80): Max retries exceeded with url: /api/cicd/execute (Caused by NewConnectionError(""HTTPConnection(host='localhost', port=80): Failed to establish a new connection: [Errno 111] Connection refused""))"
2026-09-12T23:13:23.599913,1786374210148,GET,http://localhost/api/cicd/status/40665,0,8.81,"HTTPConnectionPool(host='localhost', port=80): Max retries exceeded with url: /api/cicd/status/40665 (Caused by NewConnectionError(""HTTPConnection(host='localhost', port=80): Failed to establish a new connection: [Errno 111] Connection refused""))"
2026-09-12T23:13:23.600896,1786374210148,GET,http://localhost/api/cicd/status/40665,0,11.9,"HTTPConnectionPool(host='localhost', port=80): Max retries exceeded with url: /api/cicd/status/40665 (Caused by NewConnectionError(""HTTPConnection(host='localhost', port=80): Failed to establish a new connection: [Errno 111] Connection refused""))"
2026-09-12T23:13:23.601328,1786374210148,GET,http://localhost/api/cicd/status/40665,0,3.98,"HTTPConnectionPool(host='localhost', port=80): Max retries exceeded with url: /api/cicd/status/40665 (Caused by NewConnectionError(""HTTPConnection(host='localhost', port=80): Failed to establish a new connection: [Errno 111] Connection refused""))"
2026-09-12T23:13:23.601771,1786374210148,GET,http://localhost/api/cicd/status/40665,0,8.46,"HTTPConnectionPool(host='localhost', port=80): Max retries exceeded with url: /api/cicd/status/40665 (Caused by NewConnectionError(""HTTPConnection(host='localhost', port=80): Failed to establish a new connection: [Errno 111] Connection refused""))"
2026-09-12T23:13:23.601972,1786374210148,GET,http://localhost/api/cicd/status/40665,0,11.93,"HTTPConnectionPool(host='localhost', port=80): Max retries exceeded with url: /api/cicd/status/40665 (Caused by NewConnectionError(""HTTPConnection(host='localhost', port=80): Failed to establish a new connection: [Errno 111] Connection refused""))"
2026-09-12T23:13:23.602227,1786374210148,GET,http://localhost/api/cicd/status/40665,0,7.73,"HTTPConnectionPool(host='localhost', port=80): Max retries exceeded with url: /api/cicd/status/40665 (Caused by NewConnectionError(""HTTPConnection(host='localhost', port=80): Failed to establish a new connection: [Errno 111] Connection refused""))"
2026-09-12T23:13:23.602623,1786373852673,POST,http://localhost/api/cicd/execute,0,6.72,"HTTPConnectionPool(host='localhost', port=80): Max retries exceeded with url: /api/cicd/execute (Caused by NewConnectionError(""HTTPConnection(host='localhost', port=80): Failed to establish a new connection: [Errno 111] Connection refused""))"
2026-09-12T23:13:23.653523,1786374210148,GET,http://localhost/api/cicd/status/40665,0,1.56,"HTTPConnectionPool(host='localhost', port=80): Max retries exceeded with url: /api/cicd/status/40665 (Caused by NewConnectionError(""HTTPConnection(host='localhost', port=80): Failed to establish a new connection: [Errno 111] Connection refused""))"
2026-09-12T23:13:23.661209,1786373852673,POST,http://localhost/api/cicd/execute,0,1.59,"HTTPConnectionPool(host='localhost', port=80): Max retries exceeded with url: /api/cicd/execute (Caused by NewConnectionError(""HTTPConnection(host='localhost', port=80): Failed to establish a new connection: [Errno 111] Connection refused""))"
2026-09-12T23:13:23.709997,1786373852673,POST,http://localhost/api/cicd/execute,0,8.05,"HTTPConnectionPool(host='localhost', port=80): Max retries exceeded with url: /api/cicd/execute (Caused by NewConnectionError(""HTTPConnection(host='localhost', port=80): Failed to establish a new connection: [Errno 111] Connection refused""))"
2026-09-12T23:13:23.710222,1786374210148,GET,http://localhost/api/cicd/status/40665,0,10.54,"HTTPConnectionPool(host='localhost', port=80): Max retries exceeded with url: /api/cicd/status/40665 (Caused by NewConnectionError(""HTTPConnection(host='localhost', port=80): Failed to establish a new connection: [Errno 111] Connection refused""))"
2026-09-12T23:13:23.710561,1786373852673,POST,http://localhost/api/cicd/execute,0,9.8,"HTTPConnectionPool(host='localhost', port=80): Max retries exceeded with url: /api/cicd/execute (Caused by NewConnectionError(""HTTPConnection(host='localhost', port=80): Failed to establish a new connection: [Errno 111] Connection refused""))"
2026-09-12T23:13:23.711201,1786373852673,POST,http://localhost/api/cicd/execute,0,8.15,"HTTPConnectionPool(host='localhost', port=80): Max retries exceeded with url: /api/cicd/execute (Caused by NewConnectionError(""HTTPConnection(host='localhost', port=80): Failed to establish a new connection: [Errno 111] Connection refused""))"
2026-09-12T23:13:23.711542,1786374210148,GET,http://localhost/api/cicd/status/40665,0,5.15,"HTTPConnectionPool(host='localhost', port=80): Max retries exceeded with url: /api/cicd/status/40665 (Caused by NewConnectionError(""HTTPConnection(host='localhost', port=80): Failed to establish a new connection: [Errno 111] Connection refused""))"
2026-09-12T23:13:23.712284,1786373852673,POST,http://localhost/api/cicd/execute,0,6.98,"HTTPConnectionPool(host='localhost', port=80): Max retries exceeded with url: /api/cicd/execute (Caused by NewConnectionError(""HTTPConnection(host='localhost', port=80): Failed to establish a new connection: [Errno 111] Connection refused""))"
2026-09-12T23:13:23.712659,1786373852673,POST,http://localhost/api/cicd/execute,0,8.45,"HTTPConnectionPool(host='localhost', port=80): Max retries exceeded with url: /api/cicd/execute (Caused by NewConnectionError(""HTTPConnection(host='localhost', port=80): Failed to establish a new connection: [Errno 111] Connection refused""))"
2026-09-12T23:13:23.712958,1786373852673,POST,http://localhost/api/cicd/execute,0,5.26,"HTTPConnectionPool(host='localhost', port=80): Max retries exceeded with url: /api/cicd/execute (Caused by NewConnectionError(""HTTPConnection(host='localhost', port=80): Failed to establish a new connection: [Errno 111] Connection refused""))"
2026-09-12T23:13:23.755313,1786373852673,POST,http://localhost/api/cicd/execute,0,1.61,"HTTPConnectionPool(host='localhost', port=80): Max retries exceeded with url: /api/cicd/execute (Caused by NewConnectionError(""HTTPConnection(host='localhost', port=80): Failed to establish a new connection: [Errno 111] Connection refused""))"
2026-09-12T23:13:23.762946,1786374210148,GET,http://localhost/api/cicd/status/40665,0,1.56,"HTTPConnectionPool(host='localhost', port=80): Max retries exceeded with url: /api/cicd/status/40665 (Caused by NewConnectionError(""HTTPConnection(host='localhost', port=80): Failed to establish a new connection: [Errno 111] Connection refused""))"
2026-09-12T23:13:23.819312,1786374210148,GET,http://localhost/api/cicd/status/40665,0,9.12,"HTTPConnectionPool(host='localhost', port=80): Max retries exceeded with url: /api/cicd/status/40665 (Caused by NewConnectionError(""HTTPConnection(host='localhost', port=80): Failed to establish a new connection: [Errno 111] Connection refused""))"
2026-09-12T23:13:23.821221,1786374210148,GET,http://localhost/api/cicd/status/40665,0,8.87,"HTTPConnectionPool(host='localhost', port=80): Max retries exceeded with url: /api/cicd/status/40665 (Caused by NewConnectionError(""HTTPConnection(host='localhost', port=80): Failed to establish a new connection: [Errno 111] Connection refused""))"
2026-09-12T23:13:23.821655,1786374210148,GET,http://localhost/api/cicd/status/40665,0,4.26,"HTTPConnectionPool(host='localhost', port=80): Max retries exceeded with url: /api/cicd/status/40665 (Caused by NewConnectionError(""HTTPConnection(host='localhost', port=80): Failed to establish a new connection: [Errno 111] Connection refused""))"
2026-09-12T23:13:23.822233,1786373852673,POST,http://localhost/api/cicd/execute,0,11.01,"HTTPConnectionPool(host='localhost', port=80): Max retries exceeded with url: /api/cicd/execute (Caused by NewConnectionError(""HTTPConnection(host='localhost', port=80): Failed to establish a new connection: [Errno 111] Connection refused""))"
2026-09-12T23:13:23.822687,1786373852673,POST,http://localhost/api/cicd/execute,0,6.58,"HTTPConnectionPool(host='localhost', port=80): Max retries exceeded with url: /api/cicd/execute (Caused by NewConnectionError(""HTTPConnection(host='localhost', port=80): Failed to establish a new connection: [Errno 111] Connection refused""))"
2026-09-12T23:13:23.822914,1786374210148,GET,http://localhost/api/cicd/status/40665,0,9.39,"HTTPConnectionPool(host='localhost', port=80): Max retries exceeded with url: /api/cicd/status/40665 (Caused by NewConnectionError(""HTTPConnection(host='localhost', port=80): Failed to establish a new connection: [Errno 111] Connection refused""))"
2026-09-12T23:13:23.823359,1786374210148,GET,http://localhost/api/cicd/status/40665,0,8.31,"HTTPConnectionPool(host='localhost', port=80): Max retries exceeded with url: /api/cicd/status/40665 (Caused by NewConnectionError(""HTTPConnection(host='localhost', port=80): Failed to establish a new connection: [Errno 111] Connection refused""))"
2026-09-12T23:13:23.823759,1786374210148,GET,http://localhost/api/cicd/status/40665,0,3.81,"HTTPConnectionPool(host='localhost', port=80): Max retries exceeded with url: /api/cicd/status/40665 (Caused by NewConnectionError(""HTTPConnection(host='localhost', port=80): Failed to establish a new connection: [Errno 111] Connection refused""))"
2026-09-12T23:13:23.857064,1786374210148,GET,http://localhost/api/cicd/status/40665,0,1.57,"HTTPConnectionPool(host='localhost', port=80): Max retries exceeded with url: /api/cicd/status/40665 (Caused by NewConnectionError(""HTTPConnection(host='localhost', port=80): Failed to establish a new connection: [Errno 111] Connection refused""))"
2026-09-12T23:13:23.865165,1786373852673,POST,http://localhost/api/cicd/execute,0,2.02,"HTTPConnectionPool(host='localhost', port=80): Max retries exceeded with url: /api/cicd/execute (Caused by NewConnectionError(""HTTPConnection(host='localhost', port=80): Failed to establish a new connection: [Errno 111] Connection refused""))"
2026-09-12T23:13:23.921102,1786373852673,POST,http://localhost/api/cicd/execute,0,1.61,"HTTPConnectionPool(host='localhost', port=80): Max retries exceeded with url: /api/cicd/execute (Caused by NewConnectionError(""HTTPConnection(host='localhost', port=80): Failed to establish a new connection: [Errno 111] Connection refused""))"
2026-09-12T23:13:23.931129,1786374210148,GET,http://localhost/api/cicd/status/40665,0,6.36,"HTTPConnectionPool(host='localhost', port=80): Max retries exceeded with url: /api/cicd/status/40665 (Caused by NewConnectionError(""HTTPConnection(host='localhost', port=80): Failed to establish a new connection: [Errno 111] Connection refused""))"
2026-09-12T23:13:23.931351,1786373852673,POST,http://localhost/api/cicd/execute,0,2.75,"HTTPConnectionPool(host='localhost', port=80): Max retries exceeded with url: /api/cicd/execute (Caused by NewConnectionError(""HTTPConnection(host='localhost', port=80): Failed to establish a new connection: [Errno 111] Connection refused""))"
2026-09-12T23:13:23.931681,1786373852673,POST,http://localhost/api/cicd/execute,0,10.28,"HTTPConnectionPool(host='localhost', port=80): Max retries exceeded with url: /api/cicd/execute (Caused by NewConnectionError(""HTTPConnection(host='localhost', port=80): Failed to establish a new connection: [Errno 111] Connection refused""))"
2026-09-12T23:13:23.932115,1786374210148,GET,http://localhost/api/cicd/status/40665,0,8.51,"HTTPConnectionPool(host='localhost', port=80): Max retries exceeded with url: /api/cicd/status/40665 (Caused by NewConnectionError(""HTTPConnection(host='localhost', port=80): Failed to establish a new connection: [Errno 111] Connection refused""))"
2026-09-12T23:13:23.932351,1786373852673,POST,http://localhost/api/cicd/execute,0,9.85,"HTTPConnectionPool(host='localhost', port=80): Max retries exceeded with url: /api/cicd/execute (Caused by NewConnectionError(""HTTPConnection(host='localhost', port=80): Failed to establish a new connection: [Errno 111] Connection refused""))"
2026-09-12T23:13:23.932772,1786373852673,POST,http://localhost/api/cicd/execute,0,6.79,"HTTPConnectionPool(host='localhost', port=80): Max retries exceeded with url: /api/cicd/execute (Caused by NewConnectionError(""HTTPConnection(host='localhost', port=80): Failed to establish a new connection: [Errno 111] Connection refused""))"
2026-09-12T23:13:23.933222,1786373852673,POST,http://localhost/api/cicd/execute,0,5.99,"HTTPConnectionPool(host='localhost', port=80): Max retries exceeded with url: /api/cicd/execute (Caused by NewConnectionError(""HTTPConnection(host='localhost', port=80): Failed to establish a new connection: [Errno 111] Connection refused""))"
2026-09-12T23:13:23.958876,1786373852673,POST,http://localhost/api/cicd/execute,0,1.62,"HTTPConnectionPool(host='localhost', port=80): Max retries exceeded with url: /api/cicd/execute (Caused by NewConnectionError(""HTTPConnection(host='localhost', port=80): Failed to establish a new connection: [Errno 111] Connection refused""))"
2026-09-12T23:13:23.966921,1786374210148,GET,http://localhost/api/cicd/status/40665,0,1.57,"HTTPConnectionPool(host='localhost', port=80): Max retries exceeded with url: /api/cicd/status/40665 (Caused by NewConnectionError(""HTTPConnection(host='localhost', port=80): Failed to establish a new connection: [Errno 111] Connection refused""))"
2026-09-12T23:13:24.022853,1786374210148,GET,http://localhost/api/cicd/status/40665,0,1.57,"HTTPConnectionPool(host='localhost', port=80): Max retries exceeded with url: /api/cicd/status/40665 (Caused by NewConnectionError(""HTTPConnection(host='localhost', port=80): Failed to establish a new connection: [Errno 111] Connection refused""))"
2026-09-12T23:13:24.040419,1786374210148,GET,http://localhost/api/cicd/status/40665,0,4.7,"HTTPConnectionPool(host='localhost', port=80): Max retries exceeded with url: /api/cicd/status/40665 (Caused by NewConnectionError(""HTTPConnection(host='localhost', port=80): Failed to establish a new connection: [Errno 111] Connection refused""))"
2026-09-12T23:13:24.040751,1786374210148,GET,http://localhost/api/cicd/status/40665,0,8.32,"HTTPConnectionPool(host='localhost', port=80): Max retries exceeded with url: /api/cicd/status/40665 (Caused by NewConnectionError(""HTTPConnection(host='localhost', port=80): Failed to establish a new connection: [Errno 111] Connection refused""))"
2026-09-12T23:13:24.040955,1786374210148,GET,http://localhost/api/cicd/status/40665,0,4.1,"HTTPConnectionPool(host='localhost', port=80): Max retries exceeded with url: /api/cicd/status/40665 (Caused by NewConnectionError(""HTTPConnection(host='localhost', port=80): Failed to establish a new connection: [Errno 111] Connection refused""))"
2026-09-12T23:13:24.041218,1786373852673,POST,http://localhost/api/cicd/execute,0,7.11,"HTTPConnectionPool(host='localhost', port=80): Max retries exceeded with url: /api/cicd/execute (Caused by NewConnectionError(""HTTPConnection(host='localhost', port=80): Failed to establish a new connection: [Errno 111] Connection refused""))"
2026-09-12T23:13:24.041416,1786374210148,GET,http://localhost/api/cicd/status/40665,0,3.54,"HTTPConnectionPool(host='localhost', port=80): Max retries exceeded with url: /api/cicd/status/40665 (Caused by NewConnectionError(""HTTPConnection(host='localhost', port=80): Failed to establish a new connection: [Errno 111] Connection refused""))"
2026-09-12T23:13:24.041596,1786373852673,POST,http://localhost/api/cicd/execute,0,10.28,"HTTPConnectionPool(host='localhost', port=80): Max retries exceeded with url: /api/cicd/execute (Caused by NewConnectionError(""HTTPConnection(host='localhost', port=80): Failed to establish a new connection: [Errno 111] Connection refused""))"
2026-09-12T23:13:24.042031,1786374210148,GET,http://localhost/api/cicd/status/40665,0,8.58,"HTTPConnectionPool(host='localhost', port=80): Max retries exceeded with url: /api/cicd/status/40665 (Caused by NewConnectionError(""HTTPConnection(host='localhost', port=80): Failed to establish a new connection: [Errno 111] Connection refused""))"
2026-09-12T23:13:24.060597,1786374210148,GET,http://localhost/api/cicd/status/40665,0,1.56,"HTTPConnectionPool(host='localhost', port=80): Max retries exceeded with url: /api/cicd/status/40665 (Caused by NewConnectionError(""HTTPConnection(host='localhost', port=80): Failed to establish a new connection: [Errno 111] Connection refused""))"
2026-09-12T23:13:24.068706,1786373852673,POST,http://localhost/api/cicd/execute,0,1.61,"HTTPConnectionPool(host='localhost', port=80): Max retries exceeded with url: /api/cicd/execute (Caused by NewConnectionError(""HTTPConnection(host='localhost', port=80): Failed to establish a new connection: [Errno 111] Connection refused""))"
2026-09-12T23:13:24.124646,1786373852673,POST,http://localhost/api/cicd/execute,0,1.61,"HTTPConnectionPool(host='localhost', port=80): Max retries exceeded with url: /api/cicd/execute (Caused by NewConnectionError(""HTTPConnection(host='localhost', port=80): Failed to establish a new connection: [Errno 111] Connection refused""))"
2026-09-12T23:13:24.149209,1786374210148,GET,http://localhost/api/cicd/status/40665,0,3.7,"HTTPConnectionPool(host='localhost', port=80): Max retries exceeded with url: /api/cicd/status/40665 (Caused by NewConnectionError(""HTTPConnection(host='localhost', port=80): Failed to establish a new connection: [Errno 111] Connection refused""))"
2026-09-12T23:13:24.149949,1786373852673,POST,http://localhost/api/cicd/execute,0,5.55,"HTTPConnectionPool(host='localhost', port=80): Max retries exceeded with url: /api/cicd/execute (Caused by NewConnectionError(""HTTPConnection(host='localhost', port=80): Failed to establish a new connection: [Errno 111] Connection refused""))"
2026-09-12T23:13:24.150462,1786373852673,POST,http://localhost/api/cicd/execute,0,3.79,"HTTPConnectionPool(host='localhost', port=80): Max retries exceeded with url: /api/cicd/execute (Caused by NewConnectionError(""HTTPConnection(host='localhost', port=80): Failed to establish a new connection: [Errno 111] Connection refused""))"
2026-09-12T23:13:24.150760,1786373852673,POST,http://localhost/api/cicd/execute,0,10.16,"HTTPConnectionPool(host='localhost', port=80): Max retries exceeded with url: /api/cicd/execute (Caused by NewConnectionError(""HTTPConnection(host='localhost', port=80): Failed to establish a new connection: [Errno 111] Connection refused""))"
2026-09-12T23:13:24.151022,1786373852673,POST,http://localhost/api/cicd/execute,0,9.31,"HTTPConnectionPool(host='localhost', port=80): Max retries exceeded with url: /api/cicd/execute (Caused by NewConnectionError(""HTTPConnection(host='localhost', port=80): Failed to establish a new connection: [Errno 111] Connection refused""))"
2026-09-12T23:13:24.151367,1786373852673,POST,http://localhost/api/cicd/execute,0,8.58,"HTTPConnectionPool(host='localhost', port=80): Max retries exceeded with url: /api/cicd/execute (Caused by NewConnectionError(""HTTPConnection(host='localhost', port=80): Failed to establish a new connection: [Errno 111] Connection refused""))"
2026-09-12T23:13:24.151570,1786374210148,GET,http://localhost/api/cicd/status/40665,0,8.23,"HTTPConnectionPool(host='localhost', port=80): Max retries exceeded with url: /api/cicd/status/40665 (Caused by NewConnectionError(""HTTPConnection(host='localhost', port=80): Failed to establish a new connection: [Errno 111] Connection refused""))"
2026-09-12T23:13:24.162428,1786373852673,POST,http://localhost/api/cicd/execute,0,1.65,"HTTPConnectionPool(host='localhost', port=80): Max retries exceeded with url: /api/cicd/execute (Caused by NewConnectionError(""HTTPConnection(host='localhost', port=80): Failed to establish a new connection: [Errno 111] Connection refused""))"
2026-09-12T23:13:24.170458,1786374210148,GET,http://localhost/api/cicd/status/40665,0,1.57,"HTTPConnectionPool(host='localhost', port=80): Max retries exceeded with url: /api/cicd/status/40665 (Caused by NewConnectionError(""HTTPConnection(host='localhost', port=80): Failed to establish a new connection: [Errno 111] Connection refused""))"
