Timestamp,API ID,Method,URL,Status Code,Latency (ms),Error
2026-09-24T15:01:02.923765,call_ep_post__pet_b5ji_base,POST,http://localhost/api/v1/mock/mock-swagger/api/v3/pet,0,4.82,"HTTPConnectionPool(host='localhost', port=80): Max retries exceeded with url: /api/v1/mock/mock-swagger/api/v3/pet (Caused by NewConnectionError(""HTTPConnection(host='localhost', port=80): Failed to establish a new connection: [Errno 111] Connection refused""))"
2026-09-24T15:01:02.927870,call_ep_post__pet_b5ji_base,POST,http://localhost/api/v1/mock/mock-swagger/api/v3/pet,0,6.21,"HTTPConnectionPool(host='localhost', port=80): Max retries exceeded with url: /api/v1/mock/mock-swagger/api/v3/pet (Caused by NewConnectionError(""HTTPConnection(host='localhost', port=80): Failed to establish a new connection: [Errno 111] Connection refused""))"
2026-09-24T15:01:02.929965,call_ep_post__pet_b5ji_base,POST,http://localhost/api/v1/mock/mock-swagger/api/v3/pet,0,5.75,"HTTPConnectionPool(host='localhost', port=80): Max retries exceeded with url: /api/v1/mock/mock-swagger/api/v3/pet (Caused by NewConnectionError(""HTTPConnection(host='localhost', port=80): Failed to establish a new connection: [Errno 111] Connection refused""))"
2026-09-24T15:01:02.936487,call_ep_post__pet_b5ji_base,POST,http://localhost/api/v1/mock/mock-swagger/api/v3/pet,0,10.12,"HTTPConnectionPool(host='localhost', port=80): Max retries exceeded with url: /api/v1/mock/mock-swagger/api/v3/pet (Caused by NewConnectionError(""HTTPConnection(host='localhost', port=80): Failed to establish a new connection: [Errno 111] Connection refused""))"
2026-09-24T15:01:02.938075,call_ep_post__pet_b5ji_base,POST,http://localhost/api/v1/mock/mock-swagger/api/v3/pet,0,7.55,"HTTPConnectionPool(host='localhost', port=80): Max retries exceeded with url: /api/v1/mock/mock-swagger/api/v3/pet (Caused by NewConnectionError(""HTTPConnection(host='localhost', port=80): Failed to establish a new connection: [Errno 111] Connection refused""))"
2026-09-24T15:01:02.940140,call_ep_post__pet_b5ji_base,POST,http://localhost/api/v1/mock/mock-swagger/api/v3/pet,0,11.83,"HTTPConnectionPool(host='localhost', port=80): Max retries exceeded with url: /api/v1/mock/mock-swagger/api/v3/pet (Caused by NewConnectionError(""HTTPConnection(host='localhost', port=80): Failed to establish a new connection: [Errno 111] Connection refused""))"
2026-09-24T15:01:02.942115,call_ep_post__pet_b5ji_base,POST,http://localhost/api/v1/mock/mock-swagger/api/v3/pet,0,6.85,"HTTPConnectionPool(host='localhost', port=80): Max retries exceeded with url: /api/v1/mock/mock-swagger/api/v3/pet (Caused by NewConnectionError(""HTTPConnection(host='localhost', port=80): Failed to establish a new connection: [Errno 111] Connection refused""))"
2026-09-24T15:01:02.943418,call_ep_post__pet_b5ji_base,POST,http://localhost/api/v1/mock/mock-swagger/api/v3/pet,0,6.31,"HTTPConnectionPool(host='localhost', port=80): Max retries exceeded with url: /api/v1/mock/mock-swagger/api/v3/pet (Caused by NewConnectionError(""HTTPConnection(host='localhost', port=80): Failed to establish a new connection: [Errno 111] Connection refused""))"
2026-09-24T15:01:02.943936,call_ep_post__pet_b5ji_base,POST,http://localhost/api/v1/mock/mock-swagger/api/v3/pet,0,5.13,"HTTPConnectionPool(host='localhost', port=80): Max retries exceeded with url: /api/v1/mock/mock-swagger/api/v3/pet (Caused by NewConnectionError(""HTTPConnection(host='localhost', port=80): Failed to establish a new connection: [Errno 111] Connection refused""))"
2026-09-24T15:01:02.944201,call_ep_post__pet_b5ji_base,POST,http://localhost/api/v1/mock/mock-swagger/api/v3/pet,0,3.44,"HTTPConnectionPool(host='localhost', port=80): Max retries exceeded with url: /api/v1/mock/mock-swagger/api/v3/pet (Caused by NewConnectionError(""HTTPConnection(host='localhost', port=80): Failed to establish a new connection: [Errno 111] Connection refused""))"
2026-09-24T15:01:03.025258,call_ep_post__pet_b5ji_scn_scn_ep_post__pet_b5ji_401,POST,http://localhost/api/v1/mock/mock-swagger/api/v3/pet,0,1.19,"HTTPConnectionPool(host='localhost', port=80): Max retries exceeded with url: /api/v1/mock/mock-swagger/api/v3/pet (Caused by NewConnectionError(""HTTPConnection(host='localhost', port=80): Failed to establish a new connection: [Errno 111] Connection refused""))"
2026-09-24T15:01:03.031418,call_ep_post__pet_b5ji_scn_scn_ep_post__pet_b5ji_401,POST,http://localhost/api/v1/mock/mock-swagger/api/v3/pet,0,1.17,"HTTPConnectionPool(host='localhost', port=80): Max retries exceeded with url: /api/v1/mock/mock-swagger/api/v3/pet (Caused by NewConnectionError(""HTTPConnection(host='localhost', port=80): Failed to establish a new connection: [Errno 111] Connection refused""))"
2026-09-24T15:01:03.038466,call_ep_post__pet_b5ji_scn_scn_ep_post__pet_b5ji_401,POST,http://localhost/api/v1/mock/mock-swagger/api/v3/pet,0,1.25,"HTTPConnectionPool(host='localhost', port=80): Max retries exceeded with url: /api/v1/mock/mock-swagger/api/v3/pet (Caused by NewConnectionError(""HTTPConnection(host='localhost', port=80): Failed to establish a new connection: [Errno 111] Connection refused""))"
2026-09-24T15:01:03.039592,call_ep_post__pet_b5ji_scn_scn_ep_post__pet_b5ji_401,POST,http://localhost/api/v1/mock/mock-swagger/api/v3/pet,0,3.46,"HTTPConnectionPool(host='localhost', port=80): Max retries exceeded with url: /api/v1/mock/mock-swagger/api/v3/pet (Caused by NewConnectionError(""HTTPConnection(host='localhost', port=80): Failed to establish a new connection: [Errno 111] Connection refused""))"
2026-09-24T15:01:03.040217,call_ep_post__pet_b5ji_scn_scn_ep_post__pet_b5ji_401,POST,http://localhost/api/v1/mock/mock-swagger/api/v3/pet,0,1.64,"HTTPConnectionPool(host='localhost', port=80): Max retries exceeded with url: /api/v1/mock/mock-swagger/api/v3/pet (Caused by NewConnectionError(""HTTPConnection(host='localhost', port=80): Failed to establish a new connection: [Errno 111] Connection refused""))"
2026-09-24T15:01:03.041595,call_ep_post__pet_b5ji_scn_scn_ep_post__pet_b5ji_401,POST,http://localhost/api/v1/mock/mock-swagger/api/v3/pet,0,1.29,"HTTPConnectionPool(host='localhost', port=80): Max retries exceeded with url: /api/v1/mock/mock-swagger/api/v3/pet (Caused by NewConnectionError(""HTTPConnection(host='localhost', port=80): Failed to establish a new connection: [Errno 111] Connection refused""))"
2026-09-24T15:01:03.043337,call_ep_post__pet_b5ji_scn_scn_ep_post__pet_b5ji_401,POST,http://localhost/api/v1/mock/mock-swagger/api/v3/pet,0,1.03,"HTTPConnectionPool(host='localhost', port=80): Max retries exceeded with url: /api/v1/mock/mock-swagger/api/v3/pet (Caused by NewConnectionError(""HTTPConnection(host='localhost', port=80): Failed to establish a new connection: [Errno 111] Connection refused""))"
2026-09-24T15:01:03.047637,call_ep_post__pet_b5ji_scn_scn_ep_post__pet_b5ji_401,POST,http://localhost/api/v1/mock/mock-swagger/api/v3/pet,0,4.07,"HTTPConnectionPool(host='localhost', port=80): Max retries exceeded with url: /api/v1/mock/mock-swagger/api/v3/pet (Caused by NewConnectionError(""HTTPConnection(host='localhost', port=80): Failed to establish a new connection: [Errno 111] Connection refused""))"
2026-09-24T15:01:03.047837,call_ep_post__pet_b5ji_scn_scn_ep_post__pet_b5ji_401,POST,http://localhost/api/v1/mock/mock-swagger/api/v3/pet,0,3.16,"HTTPConnectionPool(host='localhost', port=80): Max retries exceeded with url: /api/v1/mock/mock-swagger/api/v3/pet (Caused by NewConnectionError(""HTTPConnection(host='localhost', port=80): Failed to establish a new connection: [Errno 111] Connection refused""))"
2026-09-24T15:01:03.048147,call_ep_post__pet_b5ji_scn_scn_ep_post__pet_b5ji_401,POST,http://localhost/api/v1/mock/mock-swagger/api/v3/pet,0,2.38,"HTTPConnectionPool(host='localhost', port=80): Max retries exceeded with url: /api/v1/mock/mock-swagger/api/v3/pet (Caused by NewConnectionError(""HTTPConnection(host='localhost', port=80): Failed to establish a new connection: [Errno 111] Connection refused""))"
2026-09-24T15:01:03.127217,call_ep_post__pet_b5ji_scn_scn_ep_post__pet_b5ji_400,POST,http://localhost/api/v1/mock/mock-swagger/api/v3/pet,0,1.77,"HTTPConnectionPool(host='localhost', port=80): Max retries exceeded with url: /api/v1/mock/mock-swagger/api/v3/pet (Caused by NewConnectionError(""HTTPConnection(host='localhost', port=80): Failed to establish a new connection: [Errno 111] Connection refused""))"
2026-09-24T15:01:03.132933,call_ep_post__pet_b5ji_scn_scn_ep_post__pet_b5ji_400,POST,http://localhost/api/v1/mock/mock-swagger/api/v3/pet,0,1.34,"HTTPConnectionPool(host='localhost', port=80): Max retries exceeded with url: /api/v1/mock/mock-swagger/api/v3/pet (Caused by NewConnectionError(""HTTPConnection(host='localhost', port=80): Failed to establish a new connection: [Errno 111] Connection refused""))"
2026-09-24T15:01:03.143591,call_ep_post__pet_b5ji_scn_scn_ep_post__pet_b5ji_400,POST,http://localhost/api/v1/mock/mock-swagger/api/v3/pet,0,4.96,"HTTPConnectionPool(host='localhost', port=80): Max retries exceeded with url: /api/v1/mock/mock-swagger/api/v3/pet (Caused by NewConnectionError(""HTTPConnection(host='localhost', port=80): Failed to establish a new connection: [Errno 111] Connection refused""))"
2026-09-24T15:01:03.145604,call_ep_post__pet_b5ji_scn_scn_ep_post__pet_b5ji_400,POST,http://localhost/api/v1/mock/mock-swagger/api/v3/pet,0,5.83,"HTTPConnectionPool(host='localhost', port=80): Max retries exceeded with url: /api/v1/mock/mock-swagger/api/v3/pet (Caused by NewConnectionError(""HTTPConnection(host='localhost', port=80): Failed to establish a new connection: [Errno 111] Connection refused""))"
2026-09-24T15:01:03.146204,call_ep_post__pet_b5ji_scn_scn_ep_post__pet_b5ji_400,POST,http://localhost/api/v1/mock/mock-swagger/api/v3/pet,0,4.1,"HTTPConnectionPool(host='localhost', port=80): Max retries exceeded with url: /api/v1/mock/mock-swagger/api/v3/pet (Caused by NewConnectionError(""HTTPConnection(host='localhost', port=80): Failed to establish a new connection: [Errno 111] Connection refused""))"
2026-09-24T15:01:03.146644,call_ep_post__pet_b5ji_scn_scn_ep_post__pet_b5ji_400,POST,http://localhost/api/v1/mock/mock-swagger/api/v3/pet,0,5.64,"HTTPConnectionPool(host='localhost', port=80): Max retries exceeded with url: /api/v1/mock/mock-swagger/api/v3/pet (Caused by NewConnectionError(""HTTPConnection(host='localhost', port=80): Failed to establish a new connection: [Errno 111] Connection refused""))"
2026-09-24T15:01:03.146985,call_ep_post__pet_b5ji_scn_scn_ep_post__pet_b5ji_400,POST,http://localhost/api/v1/mock/mock-swagger/api/v3/pet,0,3.0,"HTTPConnectionPool(host='localhost', port=80): Max retries exceeded with url: /api/v1/mock/mock-swagger/api/v3/pet (Caused by NewConnectionError(""HTTPConnection(host='localhost', port=80): Failed to establish a new connection: [Errno 111] Connection refused""))"
2026-09-24T15:01:03.152310,call_ep_post__pet_b5ji_scn_scn_ep_post__pet_b5ji_400,POST,http://localhost/api/v1/mock/mock-swagger/api/v3/pet,0,3.38,"HTTPConnectionPool(host='localhost', port=80): Max retries exceeded with url: /api/v1/mock/mock-swagger/api/v3/pet (Caused by NewConnectionError(""HTTPConnection(host='localhost', port=80): Failed to establish a new connection: [Errno 111] Connection refused""))"
2026-09-24T15:01:03.152730,call_ep_post__pet_b5ji_scn_scn_ep_post__pet_b5ji_400,POST,http://localhost/api/v1/mock/mock-swagger/api/v3/pet,0,4.91,"HTTPConnectionPool(host='localhost', port=80): Max retries exceeded with url: /api/v1/mock/mock-swagger/api/v3/pet (Caused by NewConnectionError(""HTTPConnection(host='localhost', port=80): Failed to establish a new connection: [Errno 111] Connection refused""))"
2026-09-24T15:01:03.153080,call_ep_post__pet_b5ji_scn_scn_ep_post__pet_b5ji_400,POST,http://localhost/api/v1/mock/mock-swagger/api/v3/pet,0,2.95,"HTTPConnectionPool(host='localhost', port=80): Max retries exceeded with url: /api/v1/mock/mock-swagger/api/v3/pet (Caused by NewConnectionError(""HTTPConnection(host='localhost', port=80): Failed to establish a new connection: [Errno 111] Connection refused""))"
2026-09-24T15:01:03.229331,call_ep_post__pet_b5ji_scn_scn_ep_post__pet_b5ji_404,POST,http://localhost/api/v1/mock/mock-swagger/api/v3/pet?error=404,0,1.9,"HTTPConnectionPool(host='localhost', port=80): Max retries exceeded with url: /api/v1/mock/mock-swagger/api/v3/pet?error=404 (Caused by NewConnectionError(""HTTPConnection(host='localhost', port=80): Failed to establish a new connection: [Errno 111] Connection refused""))"
2026-09-24T15:01:03.234623,call_ep_post__pet_b5ji_scn_scn_ep_post__pet_b5ji_404,POST,http://localhost/api/v1/mock/mock-swagger/api/v3/pet?error=404,0,1.55,"HTTPConnectionPool(host='localhost', port=80): Max retries exceeded with url: /api/v1/mock/mock-swagger/api/v3/pet?error=404 (Caused by NewConnectionError(""HTTPConnection(host='localhost', port=80): Failed to establish a new connection: [Errno 111] Connection refused""))"
2026-09-24T15:01:03.257489,call_ep_post__pet_b5ji_scn_scn_ep_post__pet_b5ji_404,POST,http://localhost/api/v1/mock/mock-swagger/api/v3/pet?error=404,0,13.71,"HTTPConnectionPool(host='localhost', port=80): Max retries exceeded with url: /api/v1/mock/mock-swagger/api/v3/pet?error=404 (Caused by NewConnectionError(""HTTPConnection(host='localhost', port=80): Failed to establish a new connection: [Errno 111] Connection refused""))"
2026-09-24T15:01:03.257980,call_ep_post__pet_b5ji_scn_scn_ep_post__pet_b5ji_404,POST,http://localhost/api/v1/mock/mock-swagger/api/v3/pet?error=404,0,6.64,"HTTPConnectionPool(host='localhost', port=80): Max retries exceeded with url: /api/v1/mock/mock-swagger/api/v3/pet?error=404 (Caused by NewConnectionError(""HTTPConnection(host='localhost', port=80): Failed to establish a new connection: [Errno 111] Connection refused""))"
2026-09-24T15:01:03.258813,call_ep_post__pet_b5ji_scn_scn_ep_post__pet_b5ji_404,POST,http://localhost/api/v1/mock/mock-swagger/api/v3/pet?error=404,0,9.73,"HTTPConnectionPool(host='localhost', port=80): Max retries exceeded with url: /api/v1/mock/mock-swagger/api/v3/pet?error=404 (Caused by NewConnectionError(""HTTPConnection(host='localhost', port=80): Failed to establish a new connection: [Errno 111] Connection refused""))"
2026-09-24T15:01:03.259254,call_ep_post__pet_b5ji_scn_scn_ep_post__pet_b5ji_404,POST,http://localhost/api/v1/mock/mock-swagger/api/v3/pet?error=404,0,11.37,"HTTPConnectionPool(host='localhost', port=80): Max retries exceeded with url: /api/v1/mock/mock-swagger/api/v3/pet?error=404 (Caused by NewConnectionError(""HTTPConnection(host='localhost', port=80): Failed to establish a new connection: [Errno 111] Connection refused""))"
2026-09-24T15:01:03.259971,call_ep_post__pet_b5ji_scn_scn_ep_post__pet_b5ji_404,POST,http://localhost/api/v1/mock/mock-swagger/api/v3/pet?error=404,0,13.88,"HTTPConnectionPool(host='localhost', port=80): Max retries exceeded with url: /api/v1/mock/mock-swagger/api/v3/pet?error=404 (Caused by NewConnectionError(""HTTPConnection(host='localhost', port=80): Failed to establish a new connection: [Errno 111] Connection refused""))"
2026-09-24T15:01:03.260414,call_ep_post__pet_b5ji_scn_scn_ep_post__pet_b5ji_404,POST,http://localhost/api/v1/mock/mock-swagger/api/v3/pet?error=404,0,4.83,"HTTPConnectionPool(host='localhost', port=80): Max retries exceeded with url: /api/v1/mock/mock-swagger/api/v3/pet?error=404 (Caused by NewConnectionError(""HTTPConnection(host='localhost', port=80): Failed to establish a new connection: [Errno 111] Connection refused""))"
2026-09-24T15:01:03.260731,call_ep_post__pet_b5ji_scn_scn_ep_post__pet_b5ji_404,POST,http://localhost/api/v1/mock/mock-swagger/api/v3/pet?error=404,0,7.94,"HTTPConnectionPool(host='localhost', port=80): Max retries exceeded with url: /api/v1/mock/mock-swagger/api/v3/pet?error=404 (Caused by NewConnectionError(""HTTPConnection(host='localhost', port=80): Failed to establish a new connection: [Errno 111] Connection refused""))"
2026-09-24T15:01:03.261095,call_ep_post__pet_b5ji_scn_scn_ep_post__pet_b5ji_404,POST,http://localhost/api/v1/mock/mock-swagger/api/v3/pet?error=404,0,6.9,"HTTPConnectionPool(host='localhost', port=80): Max retries exceeded with url: /api/v1/mock/mock-swagger/api/v3/pet?error=404 (Caused by NewConnectionError(""HTTPConnection(host='localhost', port=80): Failed to establish a new connection: [Errno 111] Connection refused""))"
2026-09-24T15:01:03.331106,call_ep_put__pet_jchf_base,PUT,http://localhost/api/v1/mock/mock-swagger/api/v3/pet,0,1.59,"HTTPConnectionPool(host='localhost', port=80): Max retries exceeded with url: /api/v1/mock/mock-swagger/api/v3/pet (Caused by NewConnectionError(""HTTPConnection(host='localhost', port=80): Failed to establish a new connection: [Errno 111] Connection refused""))"
2026-09-24T15:01:03.336485,call_ep_put__pet_jchf_base,PUT,http://localhost/api/v1/mock/mock-swagger/api/v3/pet,0,1.68,"HTTPConnectionPool(host='localhost', port=80): Max retries exceeded with url: /api/v1/mock/mock-swagger/api/v3/pet (Caused by NewConnectionError(""HTTPConnection(host='localhost', port=80): Failed to establish a new connection: [Errno 111] Connection refused""))"
2026-09-24T15:01:03.368820,call_ep_put__pet_jchf_base,PUT,http://localhost/api/v1/mock/mock-swagger/api/v3/pet,0,8.87,"HTTPConnectionPool(host='localhost', port=80): Max retries exceeded with url: /api/v1/mock/mock-swagger/api/v3/pet (Caused by NewConnectionError(""HTTPConnection(host='localhost', port=80): Failed to establish a new connection: [Errno 111] Connection refused""))"
2026-09-24T15:01:03.369222,call_ep_put__pet_jchf_base,PUT,http://localhost/api/v1/mock/mock-swagger/api/v3/pet,0,4.64,"HTTPConnectionPool(host='localhost', port=80): Max retries exceeded with url: /api/v1/mock/mock-swagger/api/v3/pet (Caused by NewConnectionError(""HTTPConnection(host='localhost', port=80): Failed to establish a new connection: [Errno 111] Connection refused""))"
2026-09-24T15:01:03.369546,call_ep_put__pet_jchf_base,PUT,http://localhost/api/v1/mock/mock-swagger/api/v3/pet,0,10.73,"HTTPConnectionPool(host='localhost', port=80): Max retries exceeded with url: /api/v1/mock/mock-swagger/api/v3/pet (Caused by NewConnectionError(""HTTPConnection(host='localhost', port=80): Failed to establish a new connection: [Errno 111] Connection refused""))"
2026-09-24T15:01:03.370325,call_ep_put__pet_jchf_base,PUT,http://localhost/api/v1/mock/mock-swagger/api/v3/pet,0,6.86,"HTTPConnectionPool(host='localhost', port=80): Max retries exceeded with url: /api/v1/mock/mock-swagger/api/v3/pet (Caused by NewConnectionError(""HTTPConnection(host='localhost', port=80): Failed to establish a new connection: [Errno 111] Connection refused""))"
2026-09-24T15:01:03.370763,call_ep_put__pet_jchf_base,PUT,http://localhost/api/v1/mock/mock-swagger/api/v3/pet,0,13.08,"HTTPConnectionPool(host='localhost', port=80): Max retries exceeded with url: /api/v1/mock/mock-swagger/api/v3/pet (Caused by NewConnectionError(""HTTPConnection(host='localhost', port=80): Failed to establish a new connection: [Errno 111] Connection refused""))"
2026-09-24T15:01:03.371560,call_ep_put__pet_jchf_base,PUT,http://localhost/api/v1/mock/mock-swagger/api/v3/pet,0,10.46,"HTTPConnectionPool(host='localhost', port=80): Max retries exceeded with url: /api/v1/mock/mock-swagger/api/v3/pet (Caused by NewConnectionError(""HTTPConnection(host='localhost', port=80): Failed to establish a new connection: [Errno 111] Connection refused""))"
2026-09-24T15:01:03.371848,call_ep_put__pet_jchf_base,PUT,http://localhost/api/v1/mock/mock-swagger/api/v3/pet,0,9.57,"HTTPConnectionPool(host='localhost', port=80): Max retries exceeded with url: /api/v1/mock/mock-swagger/api/v3/pet (Caused by NewConnectionError(""HTTPConnection(host='localhost', port=80): Failed to establish a new connection: [Errno 111] Connection refused""))"
2026-09-24T15:01:03.372338,call_ep_put__pet_jchf_base,PUT,http://localhost/api/v1/mock/mock-swagger/api/v3/pet,0,6.02,"HTTPConnectionPool(host='localhost', port=80): Max retries exceeded with url: /api/v1/mock/mock-swagger/api/v3/pet (Caused by NewConnectionError(""HTTPConnection(host='localhost', port=80): Failed to establish a new connection: [Errno 111] Connection refused""))"
2026-09-24T15:01:03.433274,call_ep_put__pet_jchf_scn_scn_ep_put__pet_jchf_401,PUT,http://localhost/api/v1/mock/mock-swagger/api/v3/pet,0,1.98,"HTTPConnectionPool(host='localhost', port=80): Max retries exceeded with url: /api/v1/mock/mock-swagger/api/v3/pet (Caused by NewConnectionError(""HTTPConnection(host='localhost', port=80): Failed to establish a new connection: [Errno 111] Connection refused""))"
2026-09-24T15:01:03.438327,call_ep_put__pet_jchf_scn_scn_ep_put__pet_jchf_401,PUT,http://localhost/api/v1/mock/mock-swagger/api/v3/pet,0,1.65,"HTTPConnectionPool(host='localhost', port=80): Max retries exceeded with url: /api/v1/mock/mock-swagger/api/v3/pet (Caused by NewConnectionError(""HTTPConnection(host='localhost', port=80): Failed to establish a new connection: [Errno 111] Connection refused""))"
2026-09-24T15:01:03.482257,call_ep_put__pet_jchf_scn_scn_ep_put__pet_jchf_401,PUT,http://localhost/api/v1/mock/mock-swagger/api/v3/pet,0,13.24,"HTTPConnectionPool(host='localhost', port=80): Max retries exceeded with url: /api/v1/mock/mock-swagger/api/v3/pet (Caused by NewConnectionError(""HTTPConnection(host='localhost', port=80): Failed to establish a new connection: [Errno 111] Connection refused""))"
2026-09-24T15:01:03.482798,call_ep_put__pet_jchf_scn_scn_ep_put__pet_jchf_401,PUT,http://localhost/api/v1/mock/mock-swagger/api/v3/pet,0,4.68,"HTTPConnectionPool(host='localhost', port=80): Max retries exceeded with url: /api/v1/mock/mock-swagger/api/v3/pet (Caused by NewConnectionError(""HTTPConnection(host='localhost', port=80): Failed to establish a new connection: [Errno 111] Connection refused""))"
2026-09-24T15:01:03.483349,call_ep_put__pet_jchf_scn_scn_ep_put__pet_jchf_401,PUT,http://localhost/api/v1/mock/mock-swagger/api/v3/pet,0,9.85,"HTTPConnectionPool(host='localhost', port=80): Max retries exceeded with url: /api/v1/mock/mock-swagger/api/v3/pet (Caused by NewConnectionError(""HTTPConnection(host='localhost', port=80): Failed to establish a new connection: [Errno 111] Connection refused""))"
2026-09-24T15:01:03.483715,call_ep_put__pet_jchf_scn_scn_ep_put__pet_jchf_401,PUT,http://localhost/api/v1/mock/mock-swagger/api/v3/pet,0,4.05,"HTTPConnectionPool(host='localhost', port=80): Max retries exceeded with url: /api/v1/mock/mock-swagger/api/v3/pet (Caused by NewConnectionError(""HTTPConnection(host='localhost', port=80): Failed to establish a new connection: [Errno 111] Connection refused""))"
2026-09-24T15:01:03.484075,call_ep_put__pet_jchf_scn_scn_ep_put__pet_jchf_401,PUT,http://localhost/api/v1/mock/mock-swagger/api/v3/pet,0,11.73,"HTTPConnectionPool(host='localhost', port=80): Max retries exceeded with url: /api/v1/mock/mock-swagger/api/v3/pet (Caused by NewConnectionError(""HTTPConnection(host='localhost', port=80): Failed to establish a new connection: [Errno 111] Connection refused""))"
2026-09-24T15:01:03.484544,call_ep_put__pet_jchf_scn_scn_ep_put__pet_jchf_401,PUT,http://localhost/api/v1/mock/mock-swagger/api/v3/pet,0,13.39,"HTTPConnectionPool(host='localhost', port=80): Max retries exceeded with url: /api/v1/mock/mock-swagger/api/v3/pet (Caused by NewConnectionError(""HTTPConnection(host='localhost', port=80): Failed to establish a new connection: [Errno 111] Connection refused""))"
2026-09-24T15:01:03.485261,call_ep_put__pet_jchf_scn_scn_ep_put__pet_jchf_401,PUT,http://localhost/api/v1/mock/mock-swagger/api/v3/pet,0,8.52,"HTTPConnectionPool(host='localhost', port=80): Max retries exceeded with url: /api/v1/mock/mock-swagger/api/v3/pet (Caused by NewConnectionError(""HTTPConnection(host='localhost', port=80): Failed to establish a new connection: [Errno 111] Connection refused""))"
2026-09-24T15:01:03.485599,call_ep_put__pet_jchf_scn_scn_ep_put__pet_jchf_401,PUT,http://localhost/api/v1/mock/mock-swagger/api/v3/pet,0,10.4,"HTTPConnectionPool(host='localhost', port=80): Max retries exceeded with url: /api/v1/mock/mock-swagger/api/v3/pet (Caused by NewConnectionError(""HTTPConnection(host='localhost', port=80): Failed to establish a new connection: [Errno 111] Connection refused""))"
2026-09-24T15:01:03.535543,call_ep_put__pet_jchf_scn_scn_ep_put__pet_jchf_400,PUT,http://localhost/api/v1/mock/mock-swagger/api/v3/pet,0,2.05,"HTTPConnectionPool(host='localhost', port=80): Max retries exceeded with url: /api/v1/mock/mock-swagger/api/v3/pet (Caused by NewConnectionError(""HTTPConnection(host='localhost', port=80): Failed to establish a new connection: [Errno 111] Connection refused""))"
2026-09-24T15:01:03.540226,call_ep_put__pet_jchf_scn_scn_ep_put__pet_jchf_400,PUT,http://localhost/api/v1/mock/mock-swagger/api/v3/pet,0,1.7,"HTTPConnectionPool(host='localhost', port=80): Max retries exceeded with url: /api/v1/mock/mock-swagger/api/v3/pet (Caused by NewConnectionError(""HTTPConnection(host='localhost', port=80): Failed to establish a new connection: [Errno 111] Connection refused""))"
2026-09-24T15:01:03.594684,call_ep_put__pet_jchf_scn_scn_ep_put__pet_jchf_400,PUT,http://localhost/api/v1/mock/mock-swagger/api/v3/pet,0,11.04,"HTTPConnectionPool(host='localhost', port=80): Max retries exceeded with url: /api/v1/mock/mock-swagger/api/v3/pet (Caused by NewConnectionError(""HTTPConnection(host='localhost', port=80): Failed to establish a new connection: [Errno 111] Connection refused""))"
2026-09-24T15:01:03.595420,call_ep_put__pet_jchf_scn_scn_ep_put__pet_jchf_400,PUT,http://localhost/api/v1/mock/mock-swagger/api/v3/pet,0,7.27,"HTTPConnectionPool(host='localhost', port=80): Max retries exceeded with url: /api/v1/mock/mock-swagger/api/v3/pet (Caused by NewConnectionError(""HTTPConnection(host='localhost', port=80): Failed to establish a new connection: [Errno 111] Connection refused""))"
2026-09-24T15:01:03.596100,call_ep_put__pet_jchf_scn_scn_ep_put__pet_jchf_400,PUT,http://localhost/api/v1/mock/mock-swagger/api/v3/pet,0,11.35,"HTTPConnectionPool(host='localhost', port=80): Max retries exceeded with url: /api/v1/mock/mock-swagger/api/v3/pet (Caused by NewConnectionError(""HTTPConnection(host='localhost', port=80): Failed to establish a new connection: [Errno 111] Connection refused""))"
2026-09-24T15:01:03.596831,call_ep_put__pet_jchf_scn_scn_ep_put__pet_jchf_400,PUT,http://localhost/api/v1/mock/mock-swagger/api/v3/pet,0,14.36,"HTTPConnectionPool(host='localhost', port=80): Max retries exceeded with url: /api/v1/mock/mock-swagger/api/v3/pet (Caused by NewConnectionError(""HTTPConnection(host='localhost', port=80): Failed to establish a new connection: [Errno 111] Connection refused""))"
2026-09-24T15:01:03.597307,call_ep_put__pet_jchf_scn_scn_ep_put__pet_jchf_400,PUT,http://localhost/api/v1/mock/mock-swagger/api/v3/pet,0,7.48,"HTTPConnectionPool(host='localhost', port=80): Max retries exceeded with url: /api/v1/mock/mock-swagger/api/v3/pet (Caused by NewConnectionError(""HTTPConnection(host='localhost', port=80): Failed to establish a new connection: [Errno 111] Connection refused""))"
2026-09-24T15:01:03.598057,call_ep_put__pet_jchf_scn_scn_ep_put__pet_jchf_400,PUT,http://localhost/api/v1/mock/mock-swagger/api/v3/pet,0,6.88,"HTTPConnectionPool(host='localhost', port=80): Max retries exceeded with url: /api/v1/mock/mock-swagger/api/v3/pet (Caused by NewConnectionError(""HTTPConnection(host='localhost', port=80): Failed to establish a new connection: [Errno 111] Connection refused""))"
2026-09-24T15:01:03.598491,call_ep_put__pet_jchf_scn_scn_ep_put__pet_jchf_400,PUT,http://localhost/api/v1/mock/mock-swagger/api/v3/pet,0,11.47,"HTTPConnectionPool(host='localhost', port=80): Max retries exceeded with url: /api/v1/mock/mock-swagger/api/v3/pet (Caused by NewConnectionError(""HTTPConnection(host='localhost', port=80): Failed to establish a new connection: [Errno 111] Connection refused""))"
2026-09-24T15:01:03.598864,call_ep_put__pet_jchf_scn_scn_ep_put__pet_jchf_400,PUT,http://localhost/api/v1/mock/mock-swagger/api/v3/pet,0,12.85,"HTTPConnectionPool(host='localhost', port=80): Max retries exceeded with url: /api/v1/mock/mock-swagger/api/v3/pet (Caused by NewConnectionError(""HTTPConnection(host='localhost', port=80): Failed to establish a new connection: [Errno 111] Connection refused""))"
2026-09-24T15:01:03.637524,call_ep_put__pet_jchf_scn_scn_ep_put__pet_jchf_404,PUT,http://localhost/api/v1/mock/mock-swagger/api/v3/pet?error=404,0,1.79,"HTTPConnectionPool(host='localhost', port=80): Max retries exceeded with url: /api/v1/mock/mock-swagger/api/v3/pet?error=404 (Caused by NewConnectionError(""HTTPConnection(host='localhost', port=80): Failed to establish a new connection: [Errno 111] Connection refused""))"
2026-09-24T15:01:03.642277,call_ep_put__pet_jchf_scn_scn_ep_put__pet_jchf_404,PUT,http://localhost/api/v1/mock/mock-swagger/api/v3/pet?error=404,0,1.85,"HTTPConnectionPool(host='localhost', port=80): Max retries exceeded with url: /api/v1/mock/mock-swagger/api/v3/pet?error=404 (Caused by NewConnectionError(""HTTPConnection(host='localhost', port=80): Failed to establish a new connection: [Errno 111] Connection refused""))"
2026-09-24T15:01:03.707939,call_ep_put__pet_jchf_scn_scn_ep_put__pet_jchf_404,PUT,http://localhost/api/v1/mock/mock-swagger/api/v3/pet?error=404,0,7.44,"HTTPConnectionPool(host='localhost', port=80): Max retries exceeded with url: /api/v1/mock/mock-swagger/api/v3/pet?error=404 (Caused by NewConnectionError(""HTTPConnection(host='localhost', port=80): Failed to establish a new connection: [Errno 111] Connection refused""))"
2026-09-24T15:01:03.708828,call_ep_put__pet_jchf_scn_scn_ep_put__pet_jchf_404,PUT,http://localhost/api/v1/mock/mock-swagger/api/v3/pet?error=404,0,7.06,"HTTPConnectionPool(host='localhost', port=80): Max retries exceeded with url: /api/v1/mock/mock-swagger/api/v3/pet?error=404 (Caused by NewConnectionError(""HTTPConnection(host='localhost', port=80): Failed to establish a new connection: [Errno 111] Connection refused""))"
2026-09-24T15:01:03.709430,call_ep_put__pet_jchf_scn_scn_ep_put__pet_jchf_404,PUT,http://localhost/api/v1/mock/mock-swagger/api/v3/pet?error=404,0,10.25,"HTTPConnectionPool(host='localhost', port=80): Max retries exceeded with url: /api/v1/mock/mock-swagger/api/v3/pet?error=404 (Caused by NewConnectionError(""HTTPConnection(host='localhost', port=80): Failed to establish a new connection: [Errno 111] Connection refused""))"
2026-09-24T15:01:03.710002,call_ep_put__pet_jchf_scn_scn_ep_put__pet_jchf_404,PUT,http://localhost/api/v1/mock/mock-swagger/api/v3/pet?error=404,0,13.71,"HTTPConnectionPool(host='localhost', port=80): Max retries exceeded with url: /api/v1/mock/mock-swagger/api/v3/pet?error=404 (Caused by NewConnectionError(""HTTPConnection(host='localhost', port=80): Failed to establish a new connection: [Errno 111] Connection refused""))"
2026-09-24T15:01:03.710722,call_ep_put__pet_jchf_scn_scn_ep_put__pet_jchf_404,PUT,http://localhost/api/v1/mock/mock-swagger/api/v3/pet?error=404,0,5.86,"HTTPConnectionPool(host='localhost', port=80): Max retries exceeded with url: /api/v1/mock/mock-swagger/api/v3/pet?error=404 (Caused by NewConnectionError(""HTTPConnection(host='localhost', port=80): Failed to establish a new connection: [Errno 111] Connection refused""))"
2026-09-24T15:01:03.711126,call_ep_put__pet_jchf_scn_scn_ep_put__pet_jchf_404,PUT,http://localhost/api/v1/mock/mock-swagger/api/v3/pet?error=404,0,13.42,"HTTPConnectionPool(host='localhost', port=80): Max retries exceeded with url: /api/v1/mock/mock-swagger/api/v3/pet?error=404 (Caused by NewConnectionError(""HTTPConnection(host='localhost', port=80): Failed to establish a new connection: [Errno 111] Connection refused""))"
2026-09-24T15:01:03.711558,call_ep_put__pet_jchf_scn_scn_ep_put__pet_jchf_404,PUT,http://localhost/api/v1/mock/mock-swagger/api/v3/pet?error=404,0,16.69,"HTTPConnectionPool(host='localhost', port=80): Max retries exceeded with url: /api/v1/mock/mock-swagger/api/v3/pet?error=404 (Caused by NewConnectionError(""HTTPConnection(host='localhost', port=80): Failed to establish a new connection: [Errno 111] Connection refused""))"
2026-09-24T15:01:03.711868,call_ep_put__pet_jchf_scn_scn_ep_put__pet_jchf_404,PUT,http://localhost/api/v1/mock/mock-swagger/api/v3/pet?error=404,0,8.71,"HTTPConnectionPool(host='localhost', port=80): Max retries exceeded with url: /api/v1/mock/mock-swagger/api/v3/pet?error=404 (Caused by NewConnectionError(""HTTPConnection(host='localhost', port=80): Failed to establish a new connection: [Errno 111] Connection refused""))"
2026-09-24T15:01:03.740077,call_ep_get__pet_findByStatus_t14w_base,GET,http://localhost/api/v1/mock/mock-swagger/api/v3/pet/findByStatus?status=1,0,2.33,"HTTPConnectionPool(host='localhost', port=80): Max retries exceeded with url: /api/v1/mock/mock-swagger/api/v3/pet/findByStatus?status=1 (Caused by NewConnectionError(""HTTPConnection(host='localhost', port=80): Failed to establish a new connection: [Errno 111] Connection refused""))"
2026-09-24T15:01:03.744299,call_ep_get__pet_findByStatus_t14w_base,GET,http://localhost/api/v1/mock/mock-swagger/api/v3/pet/findByStatus?status=1,0,1.79,"HTTPConnectionPool(host='localhost', port=80): Max retries exceeded with url: /api/v1/mock/mock-swagger/api/v3/pet/findByStatus?status=1 (Caused by NewConnectionError(""HTTPConnection(host='localhost', port=80): Failed to establish a new connection: [Errno 111] Connection refused""))"
2026-09-24T15:01:03.822363,call_ep_get__pet_findByStatus_t14w_base,GET,http://localhost/api/v1/mock/mock-swagger/api/v3/pet/findByStatus?status=1,0,14.19,"HTTPConnectionPool(host='localhost', port=80): Max retries exceeded with url: /api/v1/mock/mock-swagger/api/v3/pet/findByStatus?status=1 (Caused by NewConnectionError(""HTTPConnection(host='localhost', port=80): Failed to establish a new connection: [Errno 111] Connection refused""))"
2026-09-24T15:01:03.823139,call_ep_get__pet_findByStatus_t14w_base,GET,http://localhost/api/v1/mock/mock-swagger/api/v3/pet/findByStatus?status=1,0,9.7,"HTTPConnectionPool(host='localhost', port=80): Max retries exceeded with url: /api/v1/mock/mock-swagger/api/v3/pet/findByStatus?status=1 (Caused by NewConnectionError(""HTTPConnection(host='localhost', port=80): Failed to establish a new connection: [Errno 111] Connection refused""))"
2026-09-24T15:01:03.823765,call_ep_get__pet_findByStatus_t14w_base,GET,http://localhost/api/v1/mock/mock-swagger/api/v3/pet/findByStatus?status=1,0,11.68,"HTTPConnectionPool(host='localhost', port=80): Max retries exceeded with url: /api/v1/mock/mock-swagger/api/v3/pet/findByStatus?status=1 (Caused by NewConnectionError(""HTTPConnection(host='localhost', port=80): Failed to establish a new connection: [Errno 111] Connection refused""))"
2026-09-24T15:01:03.824248,call_ep_get__pet_findByStatus_t14w_base,GET,http://localhost/api/v1/mock/mock-swagger/api/v3/pet/findByStatus?status=1,0,5.22,"HTTPConnectionPool(host='localhost', port=80): Max retries exceeded with url: /api/v1/mock/mock-swagger/api/v3/pet/findByStatus?status=1 (Caused by NewConnectionError(""HTTPConnection(host='localhost', port=80): Failed to establish a new connection: [Errno 111] Connection refused""))"
2026-09-24T15:01:03.824655,call_ep_get__pet_findByStatus_t14w_base,GET,http://localhost/api/v1/mock/mock-swagger/api/v3/pet/findByStatus?status=1,0,8.49,"HTTPConnectionPool(host='localhost', port=80): Max retries exceeded with url: /api/v1/mock/mock-swagger/api/v3/pet/findByStatus?status=1 (Caused by NewConnectionError(""HTTPConnection(host='localhost', port=80): Failed to establish a new connection: [Errno 111] Connection refused""))"
2026-09-24T15:01:03.825509,call_ep_get__pet_findByStatus_t14w_base,GET,http://localhost/api/v1/mock/mock-swagger/api/v3/pet/findByStatus?status=1,0,14.8,"HTTPConnectionPool(host='localhost', port=80): Max retries exceeded with url: /api/v1/mock/mock-swagger/api/v3/pet/findByStatus?status=1 (Caused by NewConnectionError(""HTTPConnection(host='localhost', port=80): Failed to establish a new connection: [Errno 111] Connection refused""))"
2026-09-24T15:01:03.825998,call_ep_get__pet_findByStatus_t14w_base,GET,http://localhost/api/v1/mock/mock-swagger/api/v3/pet/findByStatus?status=1,0,8.24,"HTTPConnectionPool(host='localhost', port=80): Max retries exceeded with url: /api/v1/mock/mock-swagger/api/v3/pet/findByStatus?status=1 (Caused by NewConnectionError(""HTTPConnection(host='localhost', port=80): Failed to establish a new connection: [Errno 111] Connection refused""))"
2026-09-24T15:01:03.826334,call_ep_get__pet_findByStatus_t14w_base,GET,http://localhost/api/v1/mock/mock-swagger/api/v3/pet/findByStatus?status=1,0,11.58,"HTTPConnectionPool(host='localhost', port=80): Max retries exceeded with url: /api/v1/mock/mock-swagger/api/v3/pet/findByStatus?status=1 (Caused by NewConnectionError(""HTTPConnection(host='localhost', port=80): Failed to establish a new connection: [Errno 111] Connection refused""))"
2026-09-24T15:01:03.842001,call_ep_get__pet_findByStatus_t14w_scn_scn_ep_get__pet_findByStatus_t14w_401,GET,http://localhost/api/v1/mock/mock-swagger/api/v3/pet/findByStatus?status=1,0,1.76,"HTTPConnectionPool(host='localhost', port=80): Max retries exceeded with url: /api/v1/mock/mock-swagger/api/v3/pet/findByStatus?status=1 (Caused by NewConnectionError(""HTTPConnection(host='localhost', port=80): Failed to establish a new connection: [Errno 111] Connection refused""))"
2026-09-24T15:01:03.846213,call_ep_get__pet_findByStatus_t14w_scn_scn_ep_get__pet_findByStatus_t14w_401,GET,http://localhost/api/v1/mock/mock-swagger/api/v3/pet/findByStatus?status=1,0,1.74,"HTTPConnectionPool(host='localhost', port=80): Max retries exceeded with url: /api/v1/mock/mock-swagger/api/v3/pet/findByStatus?status=1 (Caused by NewConnectionError(""HTTPConnection(host='localhost', port=80): Failed to establish a new connection: [Errno 111] Connection refused""))"
2026-09-24T15:01:03.934919,call_ep_get__pet_findByStatus_t14w_scn_scn_ep_get__pet_findByStatus_t14w_401,GET,http://localhost/api/v1/mock/mock-swagger/api/v3/pet/findByStatus?status=1,0,8.42,"HTTPConnectionPool(host='localhost', port=80): Max retries exceeded with url: /api/v1/mock/mock-swagger/api/v3/pet/findByStatus?status=1 (Caused by NewConnectionError(""HTTPConnection(host='localhost', port=80): Failed to establish a new connection: [Errno 111] Connection refused""))"
2026-09-24T15:01:03.936113,call_ep_get__pet_findByStatus_t14w_scn_scn_ep_get__pet_findByStatus_t14w_401,GET,http://localhost/api/v1/mock/mock-swagger/api/v3/pet/findByStatus?status=1,0,5.71,"HTTPConnectionPool(host='localhost', port=80): Max retries exceeded with url: /api/v1/mock/mock-swagger/api/v3/pet/findByStatus?status=1 (Caused by NewConnectionError(""HTTPConnection(host='localhost', port=80): Failed to establish a new connection: [Errno 111] Connection refused""))"
2026-09-24T15:01:03.936689,call_ep_get__pet_findByStatus_t14w_scn_scn_ep_get__pet_findByStatus_t14w_401,GET,http://localhost/api/v1/mock/mock-swagger/api/v3/pet/findByStatus?status=1,0,11.6,"HTTPConnectionPool(host='localhost', port=80): Max retries exceeded with url: /api/v1/mock/mock-swagger/api/v3/pet/findByStatus?status=1 (Caused by NewConnectionError(""HTTPConnection(host='localhost', port=80): Failed to establish a new connection: [Errno 111] Connection refused""))"
2026-09-24T15:01:03.937238,call_ep_get__pet_findByStatus_t14w_scn_scn_ep_get__pet_findByStatus_t14w_401,GET,http://localhost/api/v1/mock/mock-swagger/api/v3/pet/findByStatus?status=1,0,13.27,"HTTPConnectionPool(host='localhost', port=80): Max retries exceeded with url: /api/v1/mock/mock-swagger/api/v3/pet/findByStatus?status=1 (Caused by NewConnectionError(""HTTPConnection(host='localhost', port=80): Failed to establish a new connection: [Errno 111] Connection refused""))"
2026-09-24T15:01:03.937680,call_ep_get__pet_findByStatus_t14w_scn_scn_ep_get__pet_findByStatus_t14w_401,GET,http://localhost/api/v1/mock/mock-swagger/api/v3/pet/findByStatus?status=1,0,5.28,"HTTPConnectionPool(host='localhost', port=80): Max retries exceeded with url: /api/v1/mock/mock-swagger/api/v3/pet/findByStatus?status=1 (Caused by NewConnectionError(""HTTPConnection(host='localhost', port=80): Failed to establish a new connection: [Errno 111] Connection refused""))"
2026-09-24T15:01:03.938489,call_ep_get__pet_findByStatus_t14w_scn_scn_ep_get__pet_findByStatus_t14w_401,GET,http://localhost/api/v1/mock/mock-swagger/api/v3/pet/findByStatus?status=1,0,15.95,"HTTPConnectionPool(host='localhost', port=80): Max retries exceeded with url: /api/v1/mock/mock-swagger/api/v3/pet/findByStatus?status=1 (Caused by NewConnectionError(""HTTPConnection(host='localhost', port=80): Failed to establish a new connection: [Errno 111] Connection refused""))"
2026-09-24T15:01:03.938924,call_ep_get__pet_findByStatus_t14w_scn_scn_ep_get__pet_findByStatus_t14w_401,GET,http://localhost/api/v1/mock/mock-swagger/api/v3/pet/findByStatus?status=1,0,11.14,"HTTPConnectionPool(host='localhost', port=80): Max retries exceeded with url: /api/v1/mock/mock-swagger/api/v3/pet/findByStatus?status=1 (Caused by NewConnectionError(""HTTPConnection(host='localhost', port=80): Failed to establish a new connection: [Errno 111] Connection refused""))"
2026-09-24T15:01:03.939245,call_ep_get__pet_findByStatus_t14w_scn_scn_ep_get__pet_findByStatus_t14w_401,GET,http://localhost/api/v1/mock/mock-swagger/api/v3/pet/findByStatus?status=1,0,10.18,"HTTPConnectionPool(host='localhost', port=80): Max retries exceeded with url: /api/v1/mock/mock-swagger/api/v3/pet/findByStatus?status=1 (Caused by NewConnectionError(""HTTPConnection(host='localhost', port=80): Failed to establish a new connection: [Errno 111] Connection refused""))"
2026-09-24T15:01:03.943923,call_ep_get__pet_findByStatus_t14w_scn_scn_ep_get__pet_findByStatus_t14w_400,GET,http://localhost/api/v1/mock/mock-swagger/api/v3/pet/findByStatus?status=1,0,1.74,"HTTPConnectionPool(host='localhost', port=80): Max retries exceeded with url: /api/v1/mock/mock-swagger/api/v3/pet/findByStatus?status=1 (Caused by NewConnectionError(""HTTPConnection(host='localhost', port=80): Failed to establish a new connection: [Errno 111] Connection refused""))"
2026-09-24T15:01:03.950574,call_ep_get__pet_findByStatus_t14w_scn_scn_ep_get__pet_findByStatus_t14w_400,GET,http://localhost/api/v1/mock/mock-swagger/api/v3/pet/findByStatus?status=1,0,1.77,"HTTPConnectionPool(host='localhost', port=80): Max retries exceeded with url: /api/v1/mock/mock-swagger/api/v3/pet/findByStatus?status=1 (Caused by NewConnectionError(""HTTPConnection(host='localhost', port=80): Failed to establish a new connection: [Errno 111] Connection refused""))"
2026-09-24T15:01:04.050047,call_ep_get__pet_findByStatus_t14w_scn_scn_ep_get__pet_findByStatus_t14w_400,GET,http://localhost/api/v1/mock/mock-swagger/api/v3/pet/findByStatus?status=1,0,14.92,"HTTPConnectionPool(host='localhost', port=80): Max retries exceeded with url: /api/v1/mock/mock-swagger/api/v3/pet/findByStatus?status=1 (Caused by NewConnectionError(""HTTPConnection(host='localhost', port=80): Failed to establish a new connection: [Errno 111] Connection refused""))"
2026-09-24T15:01:04.050338,call_ep_get__pet_findByStatus_t14w_scn_scn_ep_get__pet_findByStatus_t14w_400,GET,http://localhost/api/v1/mock/mock-swagger/api/v3/pet/findByStatus?status=1,0,13.7,"HTTPConnectionPool(host='localhost', port=80): Max retries exceeded with url: /api/v1/mock/mock-swagger/api/v3/pet/findByStatus?status=1 (Caused by NewConnectionError(""HTTPConnection(host='localhost', port=80): Failed to establish a new connection: [Errno 111] Connection refused""))"
2026-09-24T15:01:04.050875,call_ep_get__pet_findByStatus_t14w_scn_scn_ep_get__pet_findByStatus_t14w_400,GET,http://localhost/api/v1/mock/mock-swagger/api/v3/pet/findByStatus?status=1,0,12.84,"HTTPConnectionPool(host='localhost', port=80): Max retries exceeded with url: /api/v1/mock/mock-swagger/api/v3/pet/findByStatus?status=1 (Caused by NewConnectionError(""HTTPConnection(host='localhost', port=80): Failed to establish a new connection: [Errno 111] Connection refused""))"
2026-09-24T15:01:04.051279,call_ep_get__pet_findByStatus_t14w_scn_scn_ep_get__pet_findByStatus_t14w_400,GET,http://localhost/api/v1/mock/mock-swagger/api/v3/pet/findByStatus?status=1,0,7.76,"HTTPConnectionPool(host='localhost', port=80): Max retries exceeded with url: /api/v1/mock/mock-swagger/api/v3/pet/findByStatus?status=1 (Caused by NewConnectionError(""HTTPConnection(host='localhost', port=80): Failed to establish a new connection: [Errno 111] Connection refused""))"
2026-09-24T15:01:04.051996,call_ep_get__pet_findByStatus_t14w_scn_scn_ep_get__pet_findByStatus_t14w_400,GET,http://localhost/api/v1/mock/mock-swagger/api/v3/pet/findByStatus?status=1,0,9.87,"HTTPConnectionPool(host='localhost', port=80): Max retries exceeded with url: /api/v1/mock/mock-swagger/api/v3/pet/findByStatus?status=1 (Caused by NewConnectionError(""HTTPConnection(host='localhost', port=80): Failed to establish a new connection: [Errno 111] Connection refused""))"
2026-09-24T15:01:04.052337,call_ep_get__pet_findByStatus_t14w_scn_scn_ep_get__pet_findByStatus_t14w_400,GET,http://localhost/api/v1/mock/mock-swagger/api/v3/pet/findByStatus?status=1,0,11.69,"HTTPConnectionPool(host='localhost', port=80): Max retries exceeded with url: /api/v1/mock/mock-swagger/api/v3/pet/findByStatus?status=1 (Caused by NewConnectionError(""HTTPConnection(host='localhost', port=80): Failed to establish a new connection: [Errno 111] Connection refused""))"
2026-09-24T15:01:04.053108,call_ep_get__pet_findByStatus_t14w_scn_scn_ep_get__pet_findByStatus_t14w_400,GET,http://localhost/api/v1/mock/mock-swagger/api/v3/pet/findByStatus?status=1,0,7.52,"HTTPConnectionPool(host='localhost', port=80): Max retries exceeded with url: /api/v1/mock/mock-swagger/api/v3/pet/findByStatus?status=1 (Caused by NewConnectionError(""HTTPConnection(host='localhost', port=80): Failed to establish a new connection: [Errno 111] Connection refused""))"
2026-09-24T15:01:04.054614,call_ep_get__pet_findByStatus_t14w_scn_scn_ep_get__pet_findByStatus_t14w_400,GET,http://localhost/api/v1/mock/mock-swagger/api/v3/pet/findByStatus?status=1,0,15.22,"HTTPConnectionPool(host='localhost', port=80): Max retries exceeded with url: /api/v1/mock/mock-swagger/api/v3/pet/findByStatus?status=1 (Caused by NewConnectionError(""HTTPConnection(host='localhost', port=80): Failed to establish a new connection: [Errno 111] Connection refused""))"
2026-09-24T15:01:04.055086,call_ep_get__pet_findByStatus_t14w_scn_scn_ep_get__pet_findByStatus_t14w_404,GET,http://localhost/api/v1/mock/mock-swagger/api/v3/pet/findByStatus?status=1&error=404,0,7.61,"HTTPConnectionPool(host='localhost', port=80): Max retries exceeded with url: /api/v1/mock/mock-swagger/api/v3/pet/findByStatus?status=1&error=404 (Caused by NewConnectionError(""HTTPConnection(host='localhost', port=80): Failed to establish a new connection: [Errno 111] Connection refused""))"
2026-09-24T15:01:04.055668,call_ep_get__pet_findByStatus_t14w_scn_scn_ep_get__pet_findByStatus_t14w_404,GET,http://localhost/api/v1/mock/mock-swagger/api/v3/pet/findByStatus?status=1&error=404,0,2.34,"HTTPConnectionPool(host='localhost', port=80): Max retries exceeded with url: /api/v1/mock/mock-swagger/api/v3/pet/findByStatus?status=1&error=404 (Caused by NewConnectionError(""HTTPConnection(host='localhost', port=80): Failed to establish a new connection: [Errno 111] Connection refused""))"
2026-09-24T15:01:04.168158,call_ep_get__pet_findByStatus_t14w_scn_scn_ep_get__pet_findByStatus_t14w_404,GET,http://localhost/api/v1/mock/mock-swagger/api/v3/pet/findByStatus?status=1&error=404,0,15.63,"HTTPConnectionPool(host='localhost', port=80): Max retries exceeded with url: /api/v1/mock/mock-swagger/api/v3/pet/findByStatus?status=1&error=404 (Caused by NewConnectionError(""HTTPConnection(host='localhost', port=80): Failed to establish a new connection: [Errno 111] Connection refused""))"
2026-09-24T15:01:04.168798,call_ep_get__pet_findByStatus_t14w_scn_scn_ep_get__pet_findByStatus_t14w_404,GET,http://localhost/api/v1/mock/mock-swagger/api/v3/pet/findByStatus?status=1&error=404,0,18.54,"HTTPConnectionPool(host='localhost', port=80): Max retries exceeded with url: /api/v1/mock/mock-swagger/api/v3/pet/findByStatus?status=1&error=404 (Caused by NewConnectionError(""HTTPConnection(host='localhost', port=80): Failed to establish a new connection: [Errno 111] Connection refused""))"
2026-09-24T15:01:04.169802,call_ep_get__pet_findByStatus_t14w_scn_scn_ep_get__pet_findByStatus_t14w_404,GET,http://localhost/api/v1/mock/mock-swagger/api/v3/pet/findByStatus?status=1&error=404,0,6.47,"HTTPConnectionPool(host='localhost', port=80): Max retries exceeded with url: /api/v1/mock/mock-swagger/api/v3/pet/findByStatus?status=1&error=404 (Caused by NewConnectionError(""HTTPConnection(host='localhost', port=80): Failed to establish a new connection: [Errno 111] Connection refused""))"
2026-09-24T15:01:04.170250,call_ep_get__pet_findByStatus_t14w_scn_scn_ep_get__pet_findByStatus_t14w_404,GET,http://localhost/api/v1/mock/mock-swagger/api/v3/pet/findByStatus?status=1&error=404,0,16.67,"HTTPConnectionPool(host='localhost', port=80): Max retries exceeded with url: /api/v1/mock/mock-swagger/api/v3/pet/findByStatus?status=1&error=404 (Caused by NewConnectionError(""HTTPConnection(host='localhost', port=80): Failed to establish a new connection: [Errno 111] Connection refused""))"
2026-09-24T15:01:04.170866,call_ep_get__pet_findByStatus_t14w_scn_scn_ep_get__pet_findByStatus_t14w_404,GET,http://localhost/api/v1/mock/mock-swagger/api/v3/pet/findByStatus?status=1&error=404,0,19.4,"HTTPConnectionPool(host='localhost', port=80): Max retries exceeded with url: /api/v1/mock/mock-swagger/api/v3/pet/findByStatus?status=1&error=404 (Caused by NewConnectionError(""HTTPConnection(host='localhost', port=80): Failed to establish a new connection: [Errno 111] Connection refused""))"
2026-09-24T15:01:04.171236,call_ep_get__pet_findByTags_eg92_base,GET,http://localhost/api/v1/mock/mock-swagger/api/v3/pet/findByTags?tags=1,0,9.47,"HTTPConnectionPool(host='localhost', port=80): Max retries exceeded with url: /api/v1/mock/mock-swagger/api/v3/pet/findByTags?tags=1 (Caused by NewConnectionError(""HTTPConnection(host='localhost', port=80): Failed to establish a new connection: [Errno 111] Connection refused""))"
2026-09-24T15:01:04.171627,call_ep_get__pet_findByStatus_t14w_scn_scn_ep_get__pet_findByStatus_t14w_404,GET,http://localhost/api/v1/mock/mock-swagger/api/v3/pet/findByStatus?status=1&error=404,0,7.13,"HTTPConnectionPool(host='localhost', port=80): Max retries exceeded with url: /api/v1/mock/mock-swagger/api/v3/pet/findByStatus?status=1&error=404 (Caused by NewConnectionError(""HTTPConnection(host='localhost', port=80): Failed to establish a new connection: [Errno 111] Connection refused""))"
2026-09-24T15:01:04.171863,call_ep_get__pet_findByStatus_t14w_scn_scn_ep_get__pet_findByStatus_t14w_404,GET,http://localhost/api/v1/mock/mock-swagger/api/v3/pet/findByStatus?status=1&error=404,0,17.07,"HTTPConnectionPool(host='localhost', port=80): Max retries exceeded with url: /api/v1/mock/mock-swagger/api/v3/pet/findByStatus?status=1&error=404 (Caused by NewConnectionError(""HTTPConnection(host='localhost', port=80): Failed to establish a new connection: [Errno 111] Connection refused""))"
2026-09-24T15:01:04.172329,call_ep_get__pet_findByStatus_t14w_scn_scn_ep_get__pet_findByStatus_t14w_404,GET,http://localhost/api/v1/mock/mock-swagger/api/v3/pet/findByStatus?status=1&error=404,0,6.75,"HTTPConnectionPool(host='localhost', port=80): Max retries exceeded with url: /api/v1/mock/mock-swagger/api/v3/pet/findByStatus?status=1&error=404 (Caused by NewConnectionError(""HTTPConnection(host='localhost', port=80): Failed to establish a new connection: [Errno 111] Connection refused""))"
2026-09-24T15:01:04.172766,call_ep_get__pet_findByTags_eg92_base,GET,http://localhost/api/v1/mock/mock-swagger/api/v3/pet/findByTags?tags=1,0,16.9,"HTTPConnectionPool(host='localhost', port=80): Max retries exceeded with url: /api/v1/mock/mock-swagger/api/v3/pet/findByTags?tags=1 (Caused by NewConnectionError(""HTTPConnection(host='localhost', port=80): Failed to establish a new connection: [Errno 111] Connection refused""))"
2026-09-24T15:01:04.280606,call_ep_get__pet_findByTags_eg92_base,GET,http://localhost/api/v1/mock/mock-swagger/api/v3/pet/findByTags?tags=1,0,12.27,"HTTPConnectionPool(host='localhost', port=80): Max retries exceeded with url: /api/v1/mock/mock-swagger/api/v3/pet/findByTags?tags=1 (Caused by NewConnectionError(""HTTPConnection(host='localhost', port=80): Failed to establish a new connection: [Errno 111] Connection refused""))"
2026-09-24T15:01:04.283040,call_ep_get__pet_findByTags_eg92_scn_scn_ep_get__pet_findByTags_eg92_401,GET,http://localhost/api/v1/mock/mock-swagger/api/v3/pet/findByTags?tags=1,0,10.04,"HTTPConnectionPool(host='localhost', port=80): Max retries exceeded with url: /api/v1/mock/mock-swagger/api/v3/pet/findByTags?tags=1 (Caused by NewConnectionError(""HTTPConnection(host='localhost', port=80): Failed to establish a new connection: [Errno 111] Connection refused""))"
2026-09-24T15:01:04.283495,call_ep_get__pet_findByTags_eg92_base,GET,http://localhost/api/v1/mock/mock-swagger/api/v3/pet/findByTags?tags=1,0,12.89,"HTTPConnectionPool(host='localhost', port=80): Max retries exceeded with url: /api/v1/mock/mock-swagger/api/v3/pet/findByTags?tags=1 (Caused by NewConnectionError(""HTTPConnection(host='localhost', port=80): Failed to establish a new connection: [Errno 111] Connection refused""))"
2026-09-24T15:01:04.283859,call_ep_get__pet_findByTags_eg92_base,GET,http://localhost/api/v1/mock/mock-swagger/api/v3/pet/findByTags?tags=1,0,9.79,"HTTPConnectionPool(host='localhost', port=80): Max retries exceeded with url: /api/v1/mock/mock-swagger/api/v3/pet/findByTags?tags=1 (Caused by NewConnectionError(""HTTPConnection(host='localhost', port=80): Failed to establish a new connection: [Errno 111] Connection refused""))"
2026-09-24T15:01:04.284181,call_ep_get__pet_findByTags_eg92_base,GET,http://localhost/api/v1/mock/mock-swagger/api/v3/pet/findByTags?tags=1,0,12.5,"HTTPConnectionPool(host='localhost', port=80): Max retries exceeded with url: /api/v1/mock/mock-swagger/api/v3/pet/findByTags?tags=1 (Caused by NewConnectionError(""HTTPConnection(host='localhost', port=80): Failed to establish a new connection: [Errno 111] Connection refused""))"
2026-09-24T15:01:04.284734,call_ep_get__pet_findByTags_eg92_scn_scn_ep_get__pet_findByTags_eg92_401,GET,http://localhost/api/v1/mock/mock-swagger/api/v3/pet/findByTags?tags=1,0,9.36,"HTTPConnectionPool(host='localhost', port=80): Max retries exceeded with url: /api/v1/mock/mock-swagger/api/v3/pet/findByTags?tags=1 (Caused by NewConnectionError(""HTTPConnection(host='localhost', port=80): Failed to establish a new connection: [Errno 111] Connection refused""))"
2026-09-24T15:01:04.285228,call_ep_get__pet_findByTags_eg92_base,GET,http://localhost/api/v1/mock/mock-swagger/api/v3/pet/findByTags?tags=1,0,15.79,"HTTPConnectionPool(host='localhost', port=80): Max retries exceeded with url: /api/v1/mock/mock-swagger/api/v3/pet/findByTags?tags=1 (Caused by NewConnectionError(""HTTPConnection(host='localhost', port=80): Failed to establish a new connection: [Errno 111] Connection refused""))"
2026-09-24T15:01:04.285489,call_ep_get__pet_findByTags_eg92_base,GET,http://localhost/api/v1/mock/mock-swagger/api/v3/pet/findByTags?tags=1,0,9.02,"HTTPConnectionPool(host='localhost', port=80): Max retries exceeded with url: /api/v1/mock/mock-swagger/api/v3/pet/findByTags?tags=1 (Caused by NewConnectionError(""HTTPConnection(host='localhost', port=80): Failed to establish a new connection: [Errno 111] Connection refused""))"
2026-09-24T15:01:04.286106,call_ep_get__pet_findByTags_eg92_base,GET,http://localhost/api/v1/mock/mock-swagger/api/v3/pet/findByTags?tags=1,0,8.45,"HTTPConnectionPool(host='localhost', port=80): Max retries exceeded with url: /api/v1/mock/mock-swagger/api/v3/pet/findByTags?tags=1 (Caused by NewConnectionError(""HTTPConnection(host='localhost', port=80): Failed to establish a new connection: [Errno 111] Connection refused""))"
2026-09-24T15:01:04.286386,call_ep_get__pet_findByTags_eg92_base,GET,http://localhost/api/v1/mock/mock-swagger/api/v3/pet/findByTags?tags=1,0,7.08,"HTTPConnectionPool(host='localhost', port=80): Max retries exceeded with url: /api/v1/mock/mock-swagger/api/v3/pet/findByTags?tags=1 (Caused by NewConnectionError(""HTTPConnection(host='localhost', port=80): Failed to establish a new connection: [Errno 111] Connection refused""))"
2026-09-24T15:01:04.382646,call_ep_get__pet_findByTags_eg92_scn_scn_ep_get__pet_findByTags_eg92_401,GET,http://localhost/api/v1/mock/mock-swagger/api/v3/pet/findByTags?tags=1,0,1.85,"HTTPConnectionPool(host='localhost', port=80): Max retries exceeded with url: /api/v1/mock/mock-swagger/api/v3/pet/findByTags?tags=1 (Caused by NewConnectionError(""HTTPConnection(host='localhost', port=80): Failed to establish a new connection: [Errno 111] Connection refused""))"
2026-09-24T15:01:04.395427,call_ep_get__pet_findByTags_eg92_scn_scn_ep_get__pet_findByTags_eg92_400,GET,http://localhost/api/v1/mock/mock-swagger/api/v3/pet/findByTags?tags=1,0,12.22,"HTTPConnectionPool(host='localhost', port=80): Max retries exceeded with url: /api/v1/mock/mock-swagger/api/v3/pet/findByTags?tags=1 (Caused by NewConnectionError(""HTTPConnection(host='localhost', port=80): Failed to establish a new connection: [Errno 111] Connection refused""))"
2026-09-24T15:01:04.395855,call_ep_get__pet_findByTags_eg92_scn_scn_ep_get__pet_findByTags_eg92_401,GET,http://localhost/api/v1/mock/mock-swagger/api/v3/pet/findByTags?tags=1,0,11.53,"HTTPConnectionPool(host='localhost', port=80): Max retries exceeded with url: /api/v1/mock/mock-swagger/api/v3/pet/findByTags?tags=1 (Caused by NewConnectionError(""HTTPConnection(host='localhost', port=80): Failed to establish a new connection: [Errno 111] Connection refused""))"
2026-09-24T15:01:04.396127,call_ep_get__pet_findByTags_eg92_scn_scn_ep_get__pet_findByTags_eg92_401,GET,http://localhost/api/v1/mock/mock-swagger/api/v3/pet/findByTags?tags=1,0,3.88,"HTTPConnectionPool(host='localhost', port=80): Max retries exceeded with url: /api/v1/mock/mock-swagger/api/v3/pet/findByTags?tags=1 (Caused by NewConnectionError(""HTTPConnection(host='localhost', port=80): Failed to establish a new connection: [Errno 111] Connection refused""))"
2026-09-24T15:01:04.396439,call_ep_get__pet_findByTags_eg92_scn_scn_ep_get__pet_findByTags_eg92_401,GET,http://localhost/api/v1/mock/mock-swagger/api/v3/pet/findByTags?tags=1,0,7.63,"HTTPConnectionPool(host='localhost', port=80): Max retries exceeded with url: /api/v1/mock/mock-swagger/api/v3/pet/findByTags?tags=1 (Caused by NewConnectionError(""HTTPConnection(host='localhost', port=80): Failed to establish a new connection: [Errno 111] Connection refused""))"
2026-09-24T15:01:04.397283,call_ep_get__pet_findByTags_eg92_scn_scn_ep_get__pet_findByTags_eg92_401,GET,http://localhost/api/v1/mock/mock-swagger/api/v3/pet/findByTags?tags=1,0,5.66,"HTTPConnectionPool(host='localhost', port=80): Max retries exceeded with url: /api/v1/mock/mock-swagger/api/v3/pet/findByTags?tags=1 (Caused by NewConnectionError(""HTTPConnection(host='localhost', port=80): Failed to establish a new connection: [Errno 111] Connection refused""))"
2026-09-24T15:01:04.397599,call_ep_get__pet_findByTags_eg92_scn_scn_ep_get__pet_findByTags_eg92_400,GET,http://localhost/api/v1/mock/mock-swagger/api/v3/pet/findByTags?tags=1,0,9.88,"HTTPConnectionPool(host='localhost', port=80): Max retries exceeded with url: /api/v1/mock/mock-swagger/api/v3/pet/findByTags?tags=1 (Caused by NewConnectionError(""HTTPConnection(host='localhost', port=80): Failed to establish a new connection: [Errno 111] Connection refused""))"
2026-09-24T15:01:04.397865,call_ep_get__pet_findByTags_eg92_scn_scn_ep_get__pet_findByTags_eg92_401,GET,http://localhost/api/v1/mock/mock-swagger/api/v3/pet/findByTags?tags=1,0,11.29,"HTTPConnectionPool(host='localhost', port=80): Max retries exceeded with url: /api/v1/mock/mock-swagger/api/v3/pet/findByTags?tags=1 (Caused by NewConnectionError(""HTTPConnection(host='localhost', port=80): Failed to establish a new connection: [Errno 111] Connection refused""))"
2026-09-24T15:01:04.398519,call_ep_get__pet_findByTags_eg92_scn_scn_ep_get__pet_findByTags_eg92_401,GET,http://localhost/api/v1/mock/mock-swagger/api/v3/pet/findByTags?tags=1,0,13.03,"HTTPConnectionPool(host='localhost', port=80): Max retries exceeded with url: /api/v1/mock/mock-swagger/api/v3/pet/findByTags?tags=1 (Caused by NewConnectionError(""HTTPConnection(host='localhost', port=80): Failed to establish a new connection: [Errno 111] Connection refused""))"
2026-09-24T15:01:04.398847,call_ep_get__pet_findByTags_eg92_scn_scn_ep_get__pet_findByTags_eg92_401,GET,http://localhost/api/v1/mock/mock-swagger/api/v3/pet/findByTags?tags=1,0,8.78,"HTTPConnectionPool(host='localhost', port=80): Max retries exceeded with url: /api/v1/mock/mock-swagger/api/v3/pet/findByTags?tags=1 (Caused by NewConnectionError(""HTTPConnection(host='localhost', port=80): Failed to establish a new connection: [Errno 111] Connection refused""))"
2026-09-24T15:01:04.484683,call_ep_get__pet_findByTags_eg92_scn_scn_ep_get__pet_findByTags_eg92_400,GET,http://localhost/api/v1/mock/mock-swagger/api/v3/pet/findByTags?tags=1,0,1.88,"HTTPConnectionPool(host='localhost', port=80): Max retries exceeded with url: /api/v1/mock/mock-swagger/api/v3/pet/findByTags?tags=1 (Caused by NewConnectionError(""HTTPConnection(host='localhost', port=80): Failed to establish a new connection: [Errno 111] Connection refused""))"
2026-09-24T15:01:04.507825,call_ep_get__pet_findByTags_eg92_scn_scn_ep_get__pet_findByTags_eg92_404,GET,http://localhost/api/v1/mock/mock-swagger/api/v3/pet/findByTags?tags=1&error=404,0,12.21,"HTTPConnectionPool(host='localhost', port=80): Max retries exceeded with url: /api/v1/mock/mock-swagger/api/v3/pet/findByTags?tags=1&error=404 (Caused by NewConnectionError(""HTTPConnection(host='localhost', port=80): Failed to establish a new connection: [Errno 111] Connection refused""))"
2026-09-24T15:01:04.508445,call_ep_get__pet_findByTags_eg92_scn_scn_ep_get__pet_findByTags_eg92_400,GET,http://localhost/api/v1/mock/mock-swagger/api/v3/pet/findByTags?tags=1,0,5.92,"HTTPConnectionPool(host='localhost', port=80): Max retries exceeded with url: /api/v1/mock/mock-swagger/api/v3/pet/findByTags?tags=1 (Caused by NewConnectionError(""HTTPConnection(host='localhost', port=80): Failed to establish a new connection: [Errno 111] Connection refused""))"
2026-09-24T15:01:04.508791,call_ep_get__pet_findByTags_eg92_scn_scn_ep_get__pet_findByTags_eg92_400,GET,http://localhost/api/v1/mock/mock-swagger/api/v3/pet/findByTags?tags=1,0,10.81,"HTTPConnectionPool(host='localhost', port=80): Max retries exceeded with url: /api/v1/mock/mock-swagger/api/v3/pet/findByTags?tags=1 (Caused by NewConnectionError(""HTTPConnection(host='localhost', port=80): Failed to establish a new connection: [Errno 111] Connection refused""))"
2026-09-24T15:01:04.509232,call_ep_get__pet_findByTags_eg92_scn_scn_ep_get__pet_findByTags_eg92_400,GET,http://localhost/api/v1/mock/mock-swagger/api/v3/pet/findByTags?tags=1,0,12.45,"HTTPConnectionPool(host='localhost', port=80): Max retries exceeded with url: /api/v1/mock/mock-swagger/api/v3/pet/findByTags?tags=1 (Caused by NewConnectionError(""HTTPConnection(host='localhost', port=80): Failed to establish a new connection: [Errno 111] Connection refused""))"
2026-09-24T15:01:04.509455,call_ep_get__pet_findByTags_eg92_scn_scn_ep_get__pet_findByTags_eg92_404,GET,http://localhost/api/v1/mock/mock-swagger/api/v3/pet/findByTags?tags=1&error=404,0,9.21,"HTTPConnectionPool(host='localhost', port=80): Max retries exceeded with url: /api/v1/mock/mock-swagger/api/v3/pet/findByTags?tags=1&error=404 (Caused by NewConnectionError(""HTTPConnection(host='localhost', port=80): Failed to establish a new connection: [Errno 111] Connection refused""))"
2026-09-24T15:01:04.509729,call_ep_get__pet_findByTags_eg92_scn_scn_ep_get__pet_findByTags_eg92_400,GET,http://localhost/api/v1/mock/mock-swagger/api/v3/pet/findByTags?tags=1,0,10.67,"HTTPConnectionPool(host='localhost', port=80): Max retries exceeded with url: /api/v1/mock/mock-swagger/api/v3/pet/findByTags?tags=1 (Caused by NewConnectionError(""HTTPConnection(host='localhost', port=80): Failed to establish a new connection: [Errno 111] Connection refused""))"
2026-09-24T15:01:04.510004,call_ep_get__pet_findByTags_eg92_scn_scn_ep_get__pet_findByTags_eg92_400,GET,http://localhost/api/v1/mock/mock-swagger/api/v3/pet/findByTags?tags=1,0,5.06,"HTTPConnectionPool(host='localhost', port=80): Max retries exceeded with url: /api/v1/mock/mock-swagger/api/v3/pet/findByTags?tags=1 (Caused by NewConnectionError(""HTTPConnection(host='localhost', port=80): Failed to establish a new connection: [Errno 111] Connection refused""))"
2026-09-24T15:01:04.510533,call_ep_get__pet_findByTags_eg92_scn_scn_ep_get__pet_findByTags_eg92_400,GET,http://localhost/api/v1/mock/mock-swagger/api/v3/pet/findByTags?tags=1,0,9.1,"HTTPConnectionPool(host='localhost', port=80): Max retries exceeded with url: /api/v1/mock/mock-swagger/api/v3/pet/findByTags?tags=1 (Caused by NewConnectionError(""HTTPConnection(host='localhost', port=80): Failed to establish a new connection: [Errno 111] Connection refused""))"
2026-09-24T15:01:04.510861,call_ep_get__pet_findByTags_eg92_scn_scn_ep_get__pet_findByTags_eg92_400,GET,http://localhost/api/v1/mock/mock-swagger/api/v3/pet/findByTags?tags=1,0,7.18,"HTTPConnectionPool(host='localhost', port=80): Max retries exceeded with url: /api/v1/mock/mock-swagger/api/v3/pet/findByTags?tags=1 (Caused by NewConnectionError(""HTTPConnection(host='localhost', port=80): Failed to establish a new connection: [Errno 111] Connection refused""))"
2026-09-24T15:01:04.587163,call_ep_get__pet_findByTags_eg92_scn_scn_ep_get__pet_findByTags_eg92_404,GET,http://localhost/api/v1/mock/mock-swagger/api/v3/pet/findByTags?tags=1&error=404,0,1.79,"HTTPConnectionPool(host='localhost', port=80): Max retries exceeded with url: /api/v1/mock/mock-swagger/api/v3/pet/findByTags?tags=1&error=404 (Caused by NewConnectionError(""HTTPConnection(host='localhost', port=80): Failed to establish a new connection: [Errno 111] Connection refused""))"
2026-09-24T15:01:04.620267,call_ep_get__pet_findByTags_eg92_scn_scn_ep_get__pet_findByTags_eg92_404,GET,http://localhost/api/v1/mock/mock-swagger/api/v3/pet/findByTags?tags=1&error=404,0,6.45,"HTTPConnectionPool(host='localhost', port=80): Max retries exceeded with url: /api/v1/mock/mock-swagger/api/v3/pet/findByTags?tags=1&error=404 (Caused by NewConnectionError(""HTTPConnection(host='localhost', port=80): Failed to establish a new connection: [Errno 111] Connection refused""))"
2026-09-24T15:01:04.620812,call_ep_get__pet_findByTags_eg92_scn_scn_ep_get__pet_findByTags_eg92_404,GET,http://localhost/api/v1/mock/mock-swagger/api/v3/pet/findByTags?tags=1&error=404,0,11.53,"HTTPConnectionPool(host='localhost', port=80): Max retries exceeded with url: /api/v1/mock/mock-swagger/api/v3/pet/findByTags?tags=1&error=404 (Caused by NewConnectionError(""HTTPConnection(host='localhost', port=80): Failed to establish a new connection: [Errno 111] Connection refused""))"
2026-09-24T15:01:04.621083,call_ep_get__pet__petId__mpbf_base,GET,http://localhost/api/v1/mock/mock-swagger/api/v3/pet/{petId},0,13.07,"HTTPConnectionPool(host='localhost', port=80): Max retries exceeded with url: /api/v1/mock/mock-swagger/api/v3/pet/%7BpetId%7D (Caused by NewConnectionError(""HTTPConnection(host='localhost', port=80): Failed to establish a new connection: [Errno 111] Connection refused""))"
2026-09-24T15:01:04.621507,call_ep_get__pet_findByTags_eg92_scn_scn_ep_get__pet_findByTags_eg92_404,GET,http://localhost/api/v1/mock/mock-swagger/api/v3/pet/findByTags?tags=1&error=404,0,3.85,"HTTPConnectionPool(host='localhost', port=80): Max retries exceeded with url: /api/v1/mock/mock-swagger/api/v3/pet/findByTags?tags=1&error=404 (Caused by NewConnectionError(""HTTPConnection(host='localhost', port=80): Failed to establish a new connection: [Errno 111] Connection refused""))"
2026-09-24T15:01:04.621936,call_ep_get__pet_findByTags_eg92_scn_scn_ep_get__pet_findByTags_eg92_404,GET,http://localhost/api/v1/mock/mock-swagger/api/v3/pet/findByTags?tags=1&error=404,0,10.48,"HTTPConnectionPool(host='localhost', port=80): Max retries exceeded with url: /api/v1/mock/mock-swagger/api/v3/pet/findByTags?tags=1&error=404 (Caused by NewConnectionError(""HTTPConnection(host='localhost', port=80): Failed to establish a new connection: [Errno 111] Connection refused""))"
2026-09-24T15:01:04.622240,call_ep_get__pet_findByTags_eg92_scn_scn_ep_get__pet_findByTags_eg92_404,GET,http://localhost/api/v1/mock/mock-swagger/api/v3/pet/findByTags?tags=1&error=404,0,6.17,"HTTPConnectionPool(host='localhost', port=80): Max retries exceeded with url: /api/v1/mock/mock-swagger/api/v3/pet/findByTags?tags=1&error=404 (Caused by NewConnectionError(""HTTPConnection(host='localhost', port=80): Failed to establish a new connection: [Errno 111] Connection refused""))"
2026-09-24T15:01:04.622597,call_ep_get__pet__petId__mpbf_base,GET,http://localhost/api/v1/mock/mock-swagger/api/v3/pet/{petId},0,9.98,"HTTPConnectionPool(host='localhost', port=80): Max retries exceeded with url: /api/v1/mock/mock-swagger/api/v3/pet/%7BpetId%7D (Caused by NewConnectionError(""HTTPConnection(host='localhost', port=80): Failed to establish a new connection: [Errno 111] Connection refused""))"
2026-09-24T15:01:04.623014,call_ep_get__pet_findByTags_eg92_scn_scn_ep_get__pet_findByTags_eg92_404,GET,http://localhost/api/v1/mock/mock-swagger/api/v3/pet/findByTags?tags=1&error=404,0,8.13,"HTTPConnectionPool(host='localhost', port=80): Max retries exceeded with url: /api/v1/mock/mock-swagger/api/v3/pet/findByTags?tags=1&error=404 (Caused by NewConnectionError(""HTTPConnection(host='localhost', port=80): Failed to establish a new connection: [Errno 111] Connection refused""))"
2026-09-24T15:01:04.623298,call_ep_get__pet_findByTags_eg92_scn_scn_ep_get__pet_findByTags_eg92_404,GET,http://localhost/api/v1/mock/mock-swagger/api/v3/pet/findByTags?tags=1&error=404,0,12.95,"HTTPConnectionPool(host='localhost', port=80): Max retries exceeded with url: /api/v1/mock/mock-swagger/api/v3/pet/findByTags?tags=1&error=404 (Caused by NewConnectionError(""HTTPConnection(host='localhost', port=80): Failed to establish a new connection: [Errno 111] Connection refused""))"
2026-09-24T15:01:04.689183,call_ep_get__pet__petId__mpbf_base,GET,http://localhost/api/v1/mock/mock-swagger/api/v3/pet/{petId},0,1.82,"HTTPConnectionPool(host='localhost', port=80): Max retries exceeded with url: /api/v1/mock/mock-swagger/api/v3/pet/%7BpetId%7D (Caused by NewConnectionError(""HTTPConnection(host='localhost', port=80): Failed to establish a new connection: [Errno 111] Connection refused""))"
2026-09-24T15:01:04.733062,call_ep_get__pet__petId__mpbf_base,GET,http://localhost/api/v1/mock/mock-swagger/api/v3/pet/{petId},0,2.41,"HTTPConnectionPool(host='localhost', port=80): Max retries exceeded with url: /api/v1/mock/mock-swagger/api/v3/pet/%7BpetId%7D (Caused by NewConnectionError(""HTTPConnection(host='localhost', port=80): Failed to establish a new connection: [Errno 111] Connection refused""))"
2026-09-24T15:01:04.733752,call_ep_get__pet__petId__mpbf_scn_scn_ep_get__pet__petId__mpbf_401,GET,http://localhost/api/v1/mock/mock-swagger/api/v3/pet/{petId},0,10.96,"HTTPConnectionPool(host='localhost', port=80): Max retries exceeded with url: /api/v1/mock/mock-swagger/api/v3/pet/%7BpetId%7D (Caused by NewConnectionError(""HTTPConnection(host='localhost', port=80): Failed to establish a new connection: [Errno 111] Connection refused""))"
2026-09-24T15:01:04.734277,call_ep_get__pet__petId__mpbf_base,GET,http://localhost/api/v1/mock/mock-swagger/api/v3/pet/{petId},0,12.61,"HTTPConnectionPool(host='localhost', port=80): Max retries exceeded with url: /api/v1/mock/mock-swagger/api/v3/pet/%7BpetId%7D (Caused by NewConnectionError(""HTTPConnection(host='localhost', port=80): Failed to establish a new connection: [Errno 111] Connection refused""))"
2026-09-24T15:01:04.734786,call_ep_get__pet__petId__mpbf_base,GET,http://localhost/api/v1/mock/mock-swagger/api/v3/pet/{petId},0,8.58,"HTTPConnectionPool(host='localhost', port=80): Max retries exceeded with url: /api/v1/mock/mock-swagger/api/v3/pet/%7BpetId%7D (Caused by NewConnectionError(""HTTPConnection(host='localhost', port=80): Failed to establish a new connection: [Errno 111] Connection refused""))"
2026-09-24T15:01:04.735157,call_ep_get__pet__petId__mpbf_scn_scn_ep_get__pet__petId__mpbf_401,GET,http://localhost/api/v1/mock/mock-swagger/api/v3/pet/{petId},0,7.34,"HTTPConnectionPool(host='localhost', port=80): Max retries exceeded with url: /api/v1/mock/mock-swagger/api/v3/pet/%7BpetId%7D (Caused by NewConnectionError(""HTTPConnection(host='localhost', port=80): Failed to establish a new connection: [Errno 111] Connection refused""))"
2026-09-24T15:01:04.735664,call_ep_get__pet__petId__mpbf_base,GET,http://localhost/api/v1/mock/mock-swagger/api/v3/pet/{petId},0,6.35,"HTTPConnectionPool(host='localhost', port=80): Max retries exceeded with url: /api/v1/mock/mock-swagger/api/v3/pet/%7BpetId%7D (Caused by NewConnectionError(""HTTPConnection(host='localhost', port=80): Failed to establish a new connection: [Errno 111] Connection refused""))"
2026-09-24T15:01:04.736101,call_ep_get__pet__petId__mpbf_base,GET,http://localhost/api/v1/mock/mock-swagger/api/v3/pet/{petId},0,15.64,"HTTPConnectionPool(host='localhost', port=80): Max retries exceeded with url: /api/v1/mock/mock-swagger/api/v3/pet/%7BpetId%7D (Caused by NewConnectionError(""HTTPConnection(host='localhost', port=80): Failed to establish a new connection: [Errno 111] Connection refused""))"
2026-09-24T15:01:04.736347,call_ep_get__pet__petId__mpbf_base,GET,http://localhost/api/v1/mock/mock-swagger/api/v3/pet/{petId},0,12.41,"HTTPConnectionPool(host='localhost', port=80): Max retries exceeded with url: /api/v1/mock/mock-swagger/api/v3/pet/%7BpetId%7D (Caused by NewConnectionError(""HTTPConnection(host='localhost', port=80): Failed to establish a new connection: [Errno 111] Connection refused""))"
2026-09-24T15:01:04.736579,call_ep_get__pet__petId__mpbf_base,GET,http://localhost/api/v1/mock/mock-swagger/api/v3/pet/{petId},0,11.47,"HTTPConnectionPool(host='localhost', port=80): Max retries exceeded with url: /api/v1/mock/mock-swagger/api/v3/pet/%7BpetId%7D (Caused by NewConnectionError(""HTTPConnection(host='localhost', port=80): Failed to establish a new connection: [Errno 111] Connection refused""))"
2026-09-24T15:01:04.791157,call_ep_get__pet__petId__mpbf_scn_scn_ep_get__pet__petId__mpbf_401,GET,http://localhost/api/v1/mock/mock-swagger/api/v3/pet/{petId},0,1.78,"HTTPConnectionPool(host='localhost', port=80): Max retries exceeded with url: /api/v1/mock/mock-swagger/api/v3/pet/%7BpetId%7D (Caused by NewConnectionError(""HTTPConnection(host='localhost', port=80): Failed to establish a new connection: [Errno 111] Connection refused""))"
2026-09-24T15:01:04.846675,call_ep_get__pet__petId__mpbf_scn_scn_ep_get__pet__petId__mpbf_400,GET,http://localhost/api/v1/mock/mock-swagger/api/v3/pet/{petId},0,12.19,"HTTPConnectionPool(host='localhost', port=80): Max retries exceeded with url: /api/v1/mock/mock-swagger/api/v3/pet/%7BpetId%7D (Caused by NewConnectionError(""HTTPConnection(host='localhost', port=80): Failed to establish a new connection: [Errno 111] Connection refused""))"
2026-09-24T15:01:04.847611,call_ep_get__pet__petId__mpbf_scn_scn_ep_get__pet__petId__mpbf_401,GET,http://localhost/api/v1/mock/mock-swagger/api/v3/pet/{petId},0,9.72,"HTTPConnectionPool(host='localhost', port=80): Max retries exceeded with url: /api/v1/mock/mock-swagger/api/v3/pet/%7BpetId%7D (Caused by NewConnectionError(""HTTPConnection(host='localhost', port=80): Failed to establish a new connection: [Errno 111] Connection refused""))"
2026-09-24T15:01:04.847998,call_ep_get__pet__petId__mpbf_scn_scn_ep_get__pet__petId__mpbf_401,GET,http://localhost/api/v1/mock/mock-swagger/api/v3/pet/{petId},0,7.73,"HTTPConnectionPool(host='localhost', port=80): Max retries exceeded with url: /api/v1/mock/mock-swagger/api/v3/pet/%7BpetId%7D (Caused by NewConnectionError(""HTTPConnection(host='localhost', port=80): Failed to establish a new connection: [Errno 111] Connection refused""))"
2026-09-24T15:01:04.848371,call_ep_get__pet__petId__mpbf_scn_scn_ep_get__pet__petId__mpbf_401,GET,http://localhost/api/v1/mock/mock-swagger/api/v3/pet/{petId},0,11.62,"HTTPConnectionPool(host='localhost', port=80): Max retries exceeded with url: /api/v1/mock/mock-swagger/api/v3/pet/%7BpetId%7D (Caused by NewConnectionError(""HTTPConnection(host='localhost', port=80): Failed to establish a new connection: [Errno 111] Connection refused""))"
2026-09-24T15:01:04.848731,call_ep_get__pet__petId__mpbf_scn_scn_ep_get__pet__petId__mpbf_401,GET,http://localhost/api/v1/mock/mock-swagger/api/v3/pet/{petId},0,13.09,"HTTPConnectionPool(host='localhost', port=80): Max retries exceeded with url: /api/v1/mock/mock-swagger/api/v3/pet/%7BpetId%7D (Caused by NewConnectionError(""HTTPConnection(host='localhost', port=80): Failed to establish a new connection: [Errno 111] Connection refused""))"
2026-09-24T15:01:04.849133,call_ep_get__pet__petId__mpbf_scn_scn_ep_get__pet__petId__mpbf_401,GET,http://localhost/api/v1/mock/mock-swagger/api/v3/pet/{petId},0,7.77,"HTTPConnectionPool(host='localhost', port=80): Max retries exceeded with url: /api/v1/mock/mock-swagger/api/v3/pet/%7BpetId%7D (Caused by NewConnectionError(""HTTPConnection(host='localhost', port=80): Failed to establish a new connection: [Errno 111] Connection refused""))"
2026-09-24T15:01:04.849606,call_ep_get__pet__petId__mpbf_scn_scn_ep_get__pet__petId__mpbf_401,GET,http://localhost/api/v1/mock/mock-swagger/api/v3/pet/{petId},0,16.37,"HTTPConnectionPool(host='localhost', port=80): Max retries exceeded with url: /api/v1/mock/mock-swagger/api/v3/pet/%7BpetId%7D (Caused by NewConnectionError(""HTTPConnection(host='localhost', port=80): Failed to establish a new connection: [Errno 111] Connection refused""))"
2026-09-24T15:01:04.850060,call_ep_get__pet__petId__mpbf_scn_scn_ep_get__pet__petId__mpbf_401,GET,http://localhost/api/v1/mock/mock-swagger/api/v3/pet/{petId},0,5.57,"HTTPConnectionPool(host='localhost', port=80): Max retries exceeded with url: /api/v1/mock/mock-swagger/api/v3/pet/%7BpetId%7D (Caused by NewConnectionError(""HTTPConnection(host='localhost', port=80): Failed to establish a new connection: [Errno 111] Connection refused""))"
2026-09-24T15:01:04.850335,call_ep_get__pet__petId__mpbf_scn_scn_ep_get__pet__petId__mpbf_400,GET,http://localhost/api/v1/mock/mock-swagger/api/v3/pet/{petId},0,11.26,"HTTPConnectionPool(host='localhost', port=80): Max retries exceeded with url: /api/v1/mock/mock-swagger/api/v3/pet/%7BpetId%7D (Caused by NewConnectionError(""HTTPConnection(host='localhost', port=80): Failed to establish a new connection: [Errno 111] Connection refused""))"
2026-09-24T15:01:04.893121,call_ep_get__pet__petId__mpbf_scn_scn_ep_get__pet__petId__mpbf_400,GET,http://localhost/api/v1/mock/mock-swagger/api/v3/pet/{petId},0,1.8,"HTTPConnectionPool(host='localhost', port=80): Max retries exceeded with url: /api/v1/mock/mock-swagger/api/v3/pet/%7BpetId%7D (Caused by NewConnectionError(""HTTPConnection(host='localhost', port=80): Failed to establish a new connection: [Errno 111] Connection refused""))"
2026-09-24T15:01:04.959123,call_ep_get__pet__petId__mpbf_scn_scn_ep_get__pet__petId__mpbf_404,GET,http://localhost/api/v1/mock/mock-swagger/api/v3/pet/999999999,0,12.25,"HTTPConnectionPool(host='localhost', port=80): Max retries exceeded with url: /api/v1/mock/mock-swagger/api/v3/pet/999999999 (Caused by NewConnectionError(""HTTPConnection(host='localhost', port=80): Failed to establish a new connection: [Errno 111] Connection refused""))"
2026-09-24T15:01:04.960038,call_ep_get__pet__petId__mpbf_scn_scn_ep_get__pet__petId__mpbf_400,GET,http://localhost/api/v1/mock/mock-swagger/api/v3/pet/{petId},0,9.72,"HTTPConnectionPool(host='localhost', port=80): Max retries exceeded with url: /api/v1/mock/mock-swagger/api/v3/pet/%7BpetId%7D (Caused by NewConnectionError(""HTTPConnection(host='localhost', port=80): Failed to establish a new connection: [Errno 111] Connection refused""))"
2026-09-24T15:01:04.960556,call_ep_get__pet__petId__mpbf_scn_scn_ep_get__pet__petId__mpbf_400,GET,http://localhost/api/v1/mock/mock-swagger/api/v3/pet/{petId},0,5.41,"HTTPConnectionPool(host='localhost', port=80): Max retries exceeded with url: /api/v1/mock/mock-swagger/api/v3/pet/%7BpetId%7D (Caused by NewConnectionError(""HTTPConnection(host='localhost', port=80): Failed to establish a new connection: [Errno 111] Connection refused""))"
2026-09-24T15:01:04.960947,call_ep_get__pet__petId__mpbf_scn_scn_ep_get__pet__petId__mpbf_404,GET,http://localhost/api/v1/mock/mock-swagger/api/v3/pet/999999999,0,4.35,"HTTPConnectionPool(host='localhost', port=80): Max retries exceeded with url: /api/v1/mock/mock-swagger/api/v3/pet/999999999 (Caused by NewConnectionError(""HTTPConnection(host='localhost', port=80): Failed to establish a new connection: [Errno 111] Connection refused""))"
2026-09-24T15:01:04.965506,call_ep_get__pet__petId__mpbf_scn_scn_ep_get__pet__petId__mpbf_400,GET,http://localhost/api/v1/mock/mock-swagger/api/v3/pet/{petId},0,12.76,"HTTPConnectionPool(host='localhost', port=80): Max retries exceeded with url: /api/v1/mock/mock-swagger/api/v3/pet/%7BpetId%7D (Caused by NewConnectionError(""HTTPConnection(host='localhost', port=80): Failed to establish a new connection: [Errno 111] Connection refused""))"
2026-09-24T15:01:04.966055,call_ep_get__pet__petId__mpbf_scn_scn_ep_get__pet__petId__mpbf_400,GET,http://localhost/api/v1/mock/mock-swagger/api/v3/pet/{petId},0,16.89,"HTTPConnectionPool(host='localhost', port=80): Max retries exceeded with url: /api/v1/mock/mock-swagger/api/v3/pet/%7BpetId%7D (Caused by NewConnectionError(""HTTPConnection(host='localhost', port=80): Failed to establish a new connection: [Errno 111] Connection refused""))"
2026-09-24T15:01:04.966594,call_ep_get__pet__petId__mpbf_scn_scn_ep_get__pet__petId__mpbf_400,GET,http://localhost/api/v1/mock/mock-swagger/api/v3/pet/{petId},0,15.08,"HTTPConnectionPool(host='localhost', port=80): Max retries exceeded with url: /api/v1/mock/mock-swagger/api/v3/pet/%7BpetId%7D (Caused by NewConnectionError(""HTTPConnection(host='localhost', port=80): Failed to establish a new connection: [Errno 111] Connection refused""))"
2026-09-24T15:01:04.967015,call_ep_get__pet__petId__mpbf_scn_scn_ep_get__pet__petId__mpbf_400,GET,http://localhost/api/v1/mock/mock-swagger/api/v3/pet/{petId},0,19.05,"HTTPConnectionPool(host='localhost', port=80): Max retries exceeded with url: /api/v1/mock/mock-swagger/api/v3/pet/%7BpetId%7D (Caused by NewConnectionError(""HTTPConnection(host='localhost', port=80): Failed to establish a new connection: [Errno 111] Connection refused""))"
2026-09-24T15:01:04.967287,call_ep_get__pet__petId__mpbf_scn_scn_ep_get__pet__petId__mpbf_400,GET,http://localhost/api/v1/mock/mock-swagger/api/v3/pet/{petId},0,13.26,"HTTPConnectionPool(host='localhost', port=80): Max retries exceeded with url: /api/v1/mock/mock-swagger/api/v3/pet/%7BpetId%7D (Caused by NewConnectionError(""HTTPConnection(host='localhost', port=80): Failed to establish a new connection: [Errno 111] Connection refused""))"
2026-09-24T15:01:04.994866,call_ep_get__pet__petId__mpbf_scn_scn_ep_get__pet__petId__mpbf_404,GET,http://localhost/api/v1/mock/mock-swagger/api/v3/pet/999999999,0,1.56,"HTTPConnectionPool(host='localhost', port=80): Max retries exceeded with url: /api/v1/mock/mock-swagger/api/v3/pet/999999999 (Caused by NewConnectionError(""HTTPConnection(host='localhost', port=80): Failed to establish a new connection: [Errno 111] Connection refused""))"
2026-09-24T15:01:05.064290,call_ep_post__pet_b5ji_base,POST,http://localhost/api/v1/mock/mock-swagger/api/v3/pet,0,4.98,"HTTPConnectionPool(host='localhost', port=80): Max retries exceeded with url: /api/v1/mock/mock-swagger/api/v3/pet (Caused by NewConnectionError(""HTTPConnection(host='localhost', port=80): Failed to establish a new connection: [Errno 111] Connection refused""))"
2026-09-24T15:01:05.064723,call_ep_get__pet__petId__mpbf_scn_scn_ep_get__pet__petId__mpbf_404,GET,http://localhost/api/v1/mock/mock-swagger/api/v3/pet/999999999,0,3.28,"HTTPConnectionPool(host='localhost', port=80): Max retries exceeded with url: /api/v1/mock/mock-swagger/api/v3/pet/999999999 (Caused by NewConnectionError(""HTTPConnection(host='localhost', port=80): Failed to establish a new connection: [Errno 111] Connection refused""))"
2026-09-24T15:01:05.065010,call_ep_get__pet__petId__mpbf_scn_scn_ep_get__pet__petId__mpbf_404,GET,http://localhost/api/v1/mock/mock-swagger/api/v3/pet/999999999,0,4.7,"HTTPConnectionPool(host='localhost', port=80): Max retries exceeded with url: /api/v1/mock/mock-swagger/api/v3/pet/999999999 (Caused by NewConnectionError(""HTTPConnection(host='localhost', port=80): Failed to establish a new connection: [Errno 111] Connection refused""))"
2026-09-24T15:01:05.065334,call_ep_post__pet_b5ji_base,POST,http://localhost/api/v1/mock/mock-swagger/api/v3/pet,0,2.9,"HTTPConnectionPool(host='localhost', port=80): Max retries exceeded with url: /api/v1/mock/mock-swagger/api/v3/pet (Caused by NewConnectionError(""HTTPConnection(host='localhost', port=80): Failed to establish a new connection: [Errno 111] Connection refused""))"
2026-09-24T15:01:05.071789,call_ep_get__pet__petId__mpbf_scn_scn_ep_get__pet__petId__mpbf_404,GET,http://localhost/api/v1/mock/mock-swagger/api/v3/pet/999999999,0,6.1,"HTTPConnectionPool(host='localhost', port=80): Max retries exceeded with url: /api/v1/mock/mock-swagger/api/v3/pet/999999999 (Caused by NewConnectionError(""HTTPConnection(host='localhost', port=80): Failed to establish a new connection: [Errno 111] Connection refused""))"
2026-09-24T15:01:05.072386,call_ep_get__pet__petId__mpbf_scn_scn_ep_get__pet__petId__mpbf_404,GET,http://localhost/api/v1/mock/mock-swagger/api/v3/pet/999999999,0,4.73,"HTTPConnectionPool(host='localhost', port=80): Max retries exceeded with url: /api/v1/mock/mock-swagger/api/v3/pet/999999999 (Caused by NewConnectionError(""HTTPConnection(host='localhost', port=80): Failed to establish a new connection: [Errno 111] Connection refused""))"
2026-09-24T15:01:05.072855,call_ep_get__pet__petId__mpbf_scn_scn_ep_get__pet__petId__mpbf_404,GET,http://localhost/api/v1/mock/mock-swagger/api/v3/pet/999999999,0,3.0,"HTTPConnectionPool(host='localhost', port=80): Max retries exceeded with url: /api/v1/mock/mock-swagger/api/v3/pet/999999999 (Caused by NewConnectionError(""HTTPConnection(host='localhost', port=80): Failed to establish a new connection: [Errno 111] Connection refused""))"
2026-09-24T15:01:05.073212,call_ep_get__pet__petId__mpbf_scn_scn_ep_get__pet__petId__mpbf_404,GET,http://localhost/api/v1/mock/mock-swagger/api/v3/pet/999999999,0,4.36,"HTTPConnectionPool(host='localhost', port=80): Max retries exceeded with url: /api/v1/mock/mock-swagger/api/v3/pet/999999999 (Caused by NewConnectionError(""HTTPConnection(host='localhost', port=80): Failed to establish a new connection: [Errno 111] Connection refused""))"
2026-09-24T15:01:05.073386,call_ep_get__pet__petId__mpbf_scn_scn_ep_get__pet__petId__mpbf_404,GET,http://localhost/api/v1/mock/mock-swagger/api/v3/pet/999999999,0,6.73,"HTTPConnectionPool(host='localhost', port=80): Max retries exceeded with url: /api/v1/mock/mock-swagger/api/v3/pet/999999999 (Caused by NewConnectionError(""HTTPConnection(host='localhost', port=80): Failed to establish a new connection: [Errno 111] Connection refused""))"
2026-09-24T15:01:05.096571,call_ep_post__pet_b5ji_base,POST,http://localhost/api/v1/mock/mock-swagger/api/v3/pet,0,1.52,"HTTPConnectionPool(host='localhost', port=80): Max retries exceeded with url: /api/v1/mock/mock-swagger/api/v3/pet (Caused by NewConnectionError(""HTTPConnection(host='localhost', port=80): Failed to establish a new connection: [Errno 111] Connection refused""))"
2026-09-24T15:01:05.169673,call_ep_post__pet_b5ji_scn_scn_ep_post__pet_b5ji_401,POST,http://localhost/api/v1/mock/mock-swagger/api/v3/pet,0,5.22,"HTTPConnectionPool(host='localhost', port=80): Max retries exceeded with url: /api/v1/mock/mock-swagger/api/v3/pet (Caused by NewConnectionError(""HTTPConnection(host='localhost', port=80): Failed to establish a new connection: [Errno 111] Connection refused""))"
2026-09-24T15:01:05.169903,call_ep_post__pet_b5ji_base,POST,http://localhost/api/v1/mock/mock-swagger/api/v3/pet,0,2.25,"HTTPConnectionPool(host='localhost', port=80): Max retries exceeded with url: /api/v1/mock/mock-swagger/api/v3/pet (Caused by NewConnectionError(""HTTPConnection(host='localhost', port=80): Failed to establish a new connection: [Errno 111] Connection refused""))"
2026-09-24T15:01:05.170146,call_ep_post__pet_b5ji_scn_scn_ep_post__pet_b5ji_401,POST,http://localhost/api/v1/mock/mock-swagger/api/v3/pet,0,4.68,"HTTPConnectionPool(host='localhost', port=80): Max retries exceeded with url: /api/v1/mock/mock-swagger/api/v3/pet (Caused by NewConnectionError(""HTTPConnection(host='localhost', port=80): Failed to establish a new connection: [Errno 111] Connection refused""))"
2026-09-24T15:01:05.170500,call_ep_post__pet_b5ji_base,POST,http://localhost/api/v1/mock/mock-swagger/api/v3/pet,0,4.01,"HTTPConnectionPool(host='localhost', port=80): Max retries exceeded with url: /api/v1/mock/mock-swagger/api/v3/pet (Caused by NewConnectionError(""HTTPConnection(host='localhost', port=80): Failed to establish a new connection: [Errno 111] Connection refused""))"
2026-09-24T15:01:05.178177,call_ep_post__pet_b5ji_base,POST,http://localhost/api/v1/mock/mock-swagger/api/v3/pet,0,3.06,"HTTPConnectionPool(host='localhost', port=80): Max retries exceeded with url: /api/v1/mock/mock-swagger/api/v3/pet (Caused by NewConnectionError(""HTTPConnection(host='localhost', port=80): Failed to establish a new connection: [Errno 111] Connection refused""))"
2026-09-24T15:01:05.178582,call_ep_post__pet_b5ji_base,POST,http://localhost/api/v1/mock/mock-swagger/api/v3/pet,0,6.63,"HTTPConnectionPool(host='localhost', port=80): Max retries exceeded with url: /api/v1/mock/mock-swagger/api/v3/pet (Caused by NewConnectionError(""HTTPConnection(host='localhost', port=80): Failed to establish a new connection: [Errno 111] Connection refused""))"
2026-09-24T15:01:05.178776,call_ep_post__pet_b5ji_base,POST,http://localhost/api/v1/mock/mock-swagger/api/v3/pet,0,4.76,"HTTPConnectionPool(host='localhost', port=80): Max retries exceeded with url: /api/v1/mock/mock-swagger/api/v3/pet (Caused by NewConnectionError(""HTTPConnection(host='localhost', port=80): Failed to establish a new connection: [Errno 111] Connection refused""))"
2026-09-24T15:01:05.179125,call_ep_post__pet_b5ji_base,POST,http://localhost/api/v1/mock/mock-swagger/api/v3/pet,0,6.15,"HTTPConnectionPool(host='localhost', port=80): Max retries exceeded with url: /api/v1/mock/mock-swagger/api/v3/pet (Caused by NewConnectionError(""HTTPConnection(host='localhost', port=80): Failed to establish a new connection: [Errno 111] Connection refused""))"
2026-09-24T15:01:05.179384,call_ep_post__pet_b5ji_base,POST,http://localhost/api/v1/mock/mock-swagger/api/v3/pet,0,3.22,"HTTPConnectionPool(host='localhost', port=80): Max retries exceeded with url: /api/v1/mock/mock-swagger/api/v3/pet (Caused by NewConnectionError(""HTTPConnection(host='localhost', port=80): Failed to establish a new connection: [Errno 111] Connection refused""))"
2026-09-24T15:01:05.198635,call_ep_post__pet_b5ji_scn_scn_ep_post__pet_b5ji_401,POST,http://localhost/api/v1/mock/mock-swagger/api/v3/pet,0,1.54,"HTTPConnectionPool(host='localhost', port=80): Max retries exceeded with url: /api/v1/mock/mock-swagger/api/v3/pet (Caused by NewConnectionError(""HTTPConnection(host='localhost', port=80): Failed to establish a new connection: [Errno 111] Connection refused""))"
2026-09-24T15:01:05.274926,call_ep_post__pet_b5ji_scn_scn_ep_post__pet_b5ji_400,POST,http://localhost/api/v1/mock/mock-swagger/api/v3/pet,0,5.08,"HTTPConnectionPool(host='localhost', port=80): Max retries exceeded with url: /api/v1/mock/mock-swagger/api/v3/pet (Caused by NewConnectionError(""HTTPConnection(host='localhost', port=80): Failed to establish a new connection: [Errno 111] Connection refused""))"
2026-09-24T15:01:05.275430,call_ep_post__pet_b5ji_scn_scn_ep_post__pet_b5ji_401,POST,http://localhost/api/v1/mock/mock-swagger/api/v3/pet,0,4.46,"HTTPConnectionPool(host='localhost', port=80): Max retries exceeded with url: /api/v1/mock/mock-swagger/api/v3/pet (Caused by NewConnectionError(""HTTPConnection(host='localhost', port=80): Failed to establish a new connection: [Errno 111] Connection refused""))"
2026-09-24T15:01:05.275624,call_ep_post__pet_b5ji_scn_scn_ep_post__pet_b5ji_400,POST,http://localhost/api/v1/mock/mock-swagger/api/v3/pet,0,3.64,"HTTPConnectionPool(host='localhost', port=80): Max retries exceeded with url: /api/v1/mock/mock-swagger/api/v3/pet (Caused by NewConnectionError(""HTTPConnection(host='localhost', port=80): Failed to establish a new connection: [Errno 111] Connection refused""))"
2026-09-24T15:01:05.275970,call_ep_post__pet_b5ji_scn_scn_ep_post__pet_b5ji_401,POST,http://localhost/api/v1/mock/mock-swagger/api/v3/pet,0,2.99,"HTTPConnectionPool(host='localhost', port=80): Max retries exceeded with url: /api/v1/mock/mock-swagger/api/v3/pet (Caused by NewConnectionError(""HTTPConnection(host='localhost', port=80): Failed to establish a new connection: [Errno 111] Connection refused""))"
2026-09-24T15:01:05.284567,call_ep_post__pet_b5ji_scn_scn_ep_post__pet_b5ji_401,POST,http://localhost/api/v1/mock/mock-swagger/api/v3/pet,0,6.27,"HTTPConnectionPool(host='localhost', port=80): Max retries exceeded with url: /api/v1/mock/mock-swagger/api/v3/pet (Caused by NewConnectionError(""HTTPConnection(host='localhost', port=80): Failed to establish a new connection: [Errno 111] Connection refused""))"
2026-09-24T15:01:05.284947,call_ep_post__pet_b5ji_scn_scn_ep_post__pet_b5ji_401,POST,http://localhost/api/v1/mock/mock-swagger/api/v3/pet,0,3.47,"HTTPConnectionPool(host='localhost', port=80): Max retries exceeded with url: /api/v1/mock/mock-swagger/api/v3/pet (Caused by NewConnectionError(""HTTPConnection(host='localhost', port=80): Failed to establish a new connection: [Errno 111] Connection refused""))"
2026-09-24T15:01:05.285242,call_ep_post__pet_b5ji_scn_scn_ep_post__pet_b5ji_401,POST,http://localhost/api/v1/mock/mock-swagger/api/v3/pet,0,4.88,"HTTPConnectionPool(host='localhost', port=80): Max retries exceeded with url: /api/v1/mock/mock-swagger/api/v3/pet (Caused by NewConnectionError(""HTTPConnection(host='localhost', port=80): Failed to establish a new connection: [Errno 111] Connection refused""))"
2026-09-24T15:01:05.285545,call_ep_post__pet_b5ji_scn_scn_ep_post__pet_b5ji_401,POST,http://localhost/api/v1/mock/mock-swagger/api/v3/pet,0,6.22,"HTTPConnectionPool(host='localhost', port=80): Max retries exceeded with url: /api/v1/mock/mock-swagger/api/v3/pet (Caused by NewConnectionError(""HTTPConnection(host='localhost', port=80): Failed to establish a new connection: [Errno 111] Connection refused""))"
2026-09-24T15:01:05.285903,call_ep_post__pet_b5ji_scn_scn_ep_post__pet_b5ji_401,POST,http://localhost/api/v1/mock/mock-swagger/api/v3/pet,0,3.3,"HTTPConnectionPool(host='localhost', port=80): Max retries exceeded with url: /api/v1/mock/mock-swagger/api/v3/pet (Caused by NewConnectionError(""HTTPConnection(host='localhost', port=80): Failed to establish a new connection: [Errno 111] Connection refused""))"
2026-09-24T15:01:05.300397,call_ep_post__pet_b5ji_scn_scn_ep_post__pet_b5ji_400,POST,http://localhost/api/v1/mock/mock-swagger/api/v3/pet,0,1.59,"HTTPConnectionPool(host='localhost', port=80): Max retries exceeded with url: /api/v1/mock/mock-swagger/api/v3/pet (Caused by NewConnectionError(""HTTPConnection(host='localhost', port=80): Failed to establish a new connection: [Errno 111] Connection refused""))"
2026-09-24T15:01:05.380461,call_ep_post__pet_b5ji_scn_scn_ep_post__pet_b5ji_404,POST,http://localhost/api/v1/mock/mock-swagger/api/v3/pet?error=404,0,5.35,"HTTPConnectionPool(host='localhost', port=80): Max retries exceeded with url: /api/v1/mock/mock-swagger/api/v3/pet?error=404 (Caused by NewConnectionError(""HTTPConnection(host='localhost', port=80): Failed to establish a new connection: [Errno 111] Connection refused""))"
2026-09-24T15:01:05.381408,call_ep_post__pet_b5ji_scn_scn_ep_post__pet_b5ji_404,POST,http://localhost/api/v1/mock/mock-swagger/api/v3/pet?error=404,0,3.99,"HTTPConnectionPool(host='localhost', port=80): Max retries exceeded with url: /api/v1/mock/mock-swagger/api/v3/pet?error=404 (Caused by NewConnectionError(""HTTPConnection(host='localhost', port=80): Failed to establish a new connection: [Errno 111] Connection refused""))"
2026-09-24T15:01:05.381778,call_ep_post__pet_b5ji_scn_scn_ep_post__pet_b5ji_400,POST,http://localhost/api/v1/mock/mock-swagger/api/v3/pet,0,3.31,"HTTPConnectionPool(host='localhost', port=80): Max retries exceeded with url: /api/v1/mock/mock-swagger/api/v3/pet (Caused by NewConnectionError(""HTTPConnection(host='localhost', port=80): Failed to establish a new connection: [Errno 111] Connection refused""))"
2026-09-24T15:01:05.382083,call_ep_post__pet_b5ji_scn_scn_ep_post__pet_b5ji_400,POST,http://localhost/api/v1/mock/mock-swagger/api/v3/pet,0,5.74,"HTTPConnectionPool(host='localhost', port=80): Max retries exceeded with url: /api/v1/mock/mock-swagger/api/v3/pet (Caused by NewConnectionError(""HTTPConnection(host='localhost', port=80): Failed to establish a new connection: [Errno 111] Connection refused""))"
2026-09-24T15:01:05.390988,call_ep_post__pet_b5ji_scn_scn_ep_post__pet_b5ji_400,POST,http://localhost/api/v1/mock/mock-swagger/api/v3/pet,0,4.22,"HTTPConnectionPool(host='localhost', port=80): Max retries exceeded with url: /api/v1/mock/mock-swagger/api/v3/pet (Caused by NewConnectionError(""HTTPConnection(host='localhost', port=80): Failed to establish a new connection: [Errno 111] Connection refused""))"
2026-09-24T15:01:05.391485,call_ep_post__pet_b5ji_scn_scn_ep_post__pet_b5ji_400,POST,http://localhost/api/v1/mock/mock-swagger/api/v3/pet,0,2.46,"HTTPConnectionPool(host='localhost', port=80): Max retries exceeded with url: /api/v1/mock/mock-swagger/api/v3/pet (Caused by NewConnectionError(""HTTPConnection(host='localhost', port=80): Failed to establish a new connection: [Errno 111] Connection refused""))"
2026-09-24T15:01:05.391981,call_ep_post__pet_b5ji_scn_scn_ep_post__pet_b5ji_400,POST,http://localhost/api/v1/mock/mock-swagger/api/v3/pet,0,4.16,"HTTPConnectionPool(host='localhost', port=80): Max retries exceeded with url: /api/v1/mock/mock-swagger/api/v3/pet (Caused by NewConnectionError(""HTTPConnection(host='localhost', port=80): Failed to establish a new connection: [Errno 111] Connection refused""))"
2026-09-24T15:01:05.392193,call_ep_post__pet_b5ji_scn_scn_ep_post__pet_b5ji_400,POST,http://localhost/api/v1/mock/mock-swagger/api/v3/pet,0,6.48,"HTTPConnectionPool(host='localhost', port=80): Max retries exceeded with url: /api/v1/mock/mock-swagger/api/v3/pet (Caused by NewConnectionError(""HTTPConnection(host='localhost', port=80): Failed to establish a new connection: [Errno 111] Connection refused""))"
2026-09-24T15:01:05.392411,call_ep_post__pet_b5ji_scn_scn_ep_post__pet_b5ji_400,POST,http://localhost/api/v1/mock/mock-swagger/api/v3/pet,0,7.7,"HTTPConnectionPool(host='localhost', port=80): Max retries exceeded with url: /api/v1/mock/mock-swagger/api/v3/pet (Caused by NewConnectionError(""HTTPConnection(host='localhost', port=80): Failed to establish a new connection: [Errno 111] Connection refused""))"
2026-09-24T15:01:05.402240,call_ep_post__pet_b5ji_scn_scn_ep_post__pet_b5ji_404,POST,http://localhost/api/v1/mock/mock-swagger/api/v3/pet?error=404,0,1.69,"HTTPConnectionPool(host='localhost', port=80): Max retries exceeded with url: /api/v1/mock/mock-swagger/api/v3/pet?error=404 (Caused by NewConnectionError(""HTTPConnection(host='localhost', port=80): Failed to establish a new connection: [Errno 111] Connection refused""))"
2026-09-24T15:01:05.486602,call_ep_put__pet_jchf_base,PUT,http://localhost/api/v1/mock/mock-swagger/api/v3/pet,0,5.95,"HTTPConnectionPool(host='localhost', port=80): Max retries exceeded with url: /api/v1/mock/mock-swagger/api/v3/pet (Caused by NewConnectionError(""HTTPConnection(host='localhost', port=80): Failed to establish a new connection: [Errno 111] Connection refused""))"
2026-09-24T15:01:05.487130,call_ep_post__pet_b5ji_scn_scn_ep_post__pet_b5ji_404,POST,http://localhost/api/v1/mock/mock-swagger/api/v3/pet?error=404,0,2.67,"HTTPConnectionPool(host='localhost', port=80): Max retries exceeded with url: /api/v1/mock/mock-swagger/api/v3/pet?error=404 (Caused by NewConnectionError(""HTTPConnection(host='localhost', port=80): Failed to establish a new connection: [Errno 111] Connection refused""))"
2026-09-24T15:01:05.487399,call_ep_put__pet_jchf_base,PUT,http://localhost/api/v1/mock/mock-swagger/api/v3/pet,0,5.53,"HTTPConnectionPool(host='localhost', port=80): Max retries exceeded with url: /api/v1/mock/mock-swagger/api/v3/pet (Caused by NewConnectionError(""HTTPConnection(host='localhost', port=80): Failed to establish a new connection: [Errno 111] Connection refused""))"
2026-09-24T15:01:05.487660,call_ep_post__pet_b5ji_scn_scn_ep_post__pet_b5ji_404,POST,http://localhost/api/v1/mock/mock-swagger/api/v3/pet?error=404,0,4.44,"HTTPConnectionPool(host='localhost', port=80): Max retries exceeded with url: /api/v1/mock/mock-swagger/api/v3/pet?error=404 (Caused by NewConnectionError(""HTTPConnection(host='localhost', port=80): Failed to establish a new connection: [Errno 111] Connection refused""))"
2026-09-24T15:01:05.498473,call_ep_post__pet_b5ji_scn_scn_ep_post__pet_b5ji_404,POST,http://localhost/api/v1/mock/mock-swagger/api/v3/pet?error=404,0,5.16,"HTTPConnectionPool(host='localhost', port=80): Max retries exceeded with url: /api/v1/mock/mock-swagger/api/v3/pet?error=404 (Caused by NewConnectionError(""HTTPConnection(host='localhost', port=80): Failed to establish a new connection: [Errno 111] Connection refused""))"
2026-09-24T15:01:05.498701,call_ep_post__pet_b5ji_scn_scn_ep_post__pet_b5ji_404,POST,http://localhost/api/v1/mock/mock-swagger/api/v3/pet?error=404,0,6.48,"HTTPConnectionPool(host='localhost', port=80): Max retries exceeded with url: /api/v1/mock/mock-swagger/api/v3/pet?error=404 (Caused by NewConnectionError(""HTTPConnection(host='localhost', port=80): Failed to establish a new connection: [Errno 111] Connection refused""))"
2026-09-24T15:01:05.499024,call_ep_post__pet_b5ji_scn_scn_ep_post__pet_b5ji_404,POST,http://localhost/api/v1/mock/mock-swagger/api/v3/pet?error=404,0,3.3,"HTTPConnectionPool(host='localhost', port=80): Max retries exceeded with url: /api/v1/mock/mock-swagger/api/v3/pet?error=404 (Caused by NewConnectionError(""HTTPConnection(host='localhost', port=80): Failed to establish a new connection: [Errno 111] Connection refused""))"
2026-09-24T15:01:05.499226,call_ep_post__pet_b5ji_scn_scn_ep_post__pet_b5ji_404,POST,http://localhost/api/v1/mock/mock-swagger/api/v3/pet?error=404,0,8.1,"HTTPConnectionPool(host='localhost', port=80): Max retries exceeded with url: /api/v1/mock/mock-swagger/api/v3/pet?error=404 (Caused by NewConnectionError(""HTTPConnection(host='localhost', port=80): Failed to establish a new connection: [Errno 111] Connection refused""))"
2026-09-24T15:01:05.499678,call_ep_post__pet_b5ji_scn_scn_ep_post__pet_b5ji_404,POST,http://localhost/api/v1/mock/mock-swagger/api/v3/pet?error=404,0,5.28,"HTTPConnectionPool(host='localhost', port=80): Max retries exceeded with url: /api/v1/mock/mock-swagger/api/v3/pet?error=404 (Caused by NewConnectionError(""HTTPConnection(host='localhost', port=80): Failed to establish a new connection: [Errno 111] Connection refused""))"
2026-09-24T15:01:05.504301,call_ep_put__pet_jchf_base,PUT,http://localhost/api/v1/mock/mock-swagger/api/v3/pet,0,1.88,"HTTPConnectionPool(host='localhost', port=80): Max retries exceeded with url: /api/v1/mock/mock-swagger/api/v3/pet (Caused by NewConnectionError(""HTTPConnection(host='localhost', port=80): Failed to establish a new connection: [Errno 111] Connection refused""))"
2026-09-24T15:01:05.592819,call_ep_put__pet_jchf_base,PUT,http://localhost/api/v1/mock/mock-swagger/api/v3/pet,0,4.66,"HTTPConnectionPool(host='localhost', port=80): Max retries exceeded with url: /api/v1/mock/mock-swagger/api/v3/pet (Caused by NewConnectionError(""HTTPConnection(host='localhost', port=80): Failed to establish a new connection: [Errno 111] Connection refused""))"
2026-09-24T15:01:05.593057,call_ep_put__pet_jchf_scn_scn_ep_put__pet_jchf_401,PUT,http://localhost/api/v1/mock/mock-swagger/api/v3/pet,0,6.26,"HTTPConnectionPool(host='localhost', port=80): Max retries exceeded with url: /api/v1/mock/mock-swagger/api/v3/pet (Caused by NewConnectionError(""HTTPConnection(host='localhost', port=80): Failed to establish a new connection: [Errno 111] Connection refused""))"
2026-09-24T15:01:05.593449,call_ep_put__pet_jchf_base,PUT,http://localhost/api/v1/mock/mock-swagger/api/v3/pet,0,3.06,"HTTPConnectionPool(host='localhost', port=80): Max retries exceeded with url: /api/v1/mock/mock-swagger/api/v3/pet (Caused by NewConnectionError(""HTTPConnection(host='localhost', port=80): Failed to establish a new connection: [Errno 111] Connection refused""))"
2026-09-24T15:01:05.593710,call_ep_put__pet_jchf_scn_scn_ep_put__pet_jchf_401,PUT,http://localhost/api/v1/mock/mock-swagger/api/v3/pet,0,4.43,"HTTPConnectionPool(host='localhost', port=80): Max retries exceeded with url: /api/v1/mock/mock-swagger/api/v3/pet (Caused by NewConnectionError(""HTTPConnection(host='localhost', port=80): Failed to establish a new connection: [Errno 111] Connection refused""))"
2026-09-24T15:01:05.606754,call_ep_put__pet_jchf_base,PUT,http://localhost/api/v1/mock/mock-swagger/api/v3/pet,0,6.99,"HTTPConnectionPool(host='localhost', port=80): Max retries exceeded with url: /api/v1/mock/mock-swagger/api/v3/pet (Caused by NewConnectionError(""HTTPConnection(host='localhost', port=80): Failed to establish a new connection: [Errno 111] Connection refused""))"
2026-09-24T15:01:05.607143,call_ep_put__pet_jchf_base,PUT,http://localhost/api/v1/mock/mock-swagger/api/v3/pet,0,8.49,"HTTPConnectionPool(host='localhost', port=80): Max retries exceeded with url: /api/v1/mock/mock-swagger/api/v3/pet (Caused by NewConnectionError(""HTTPConnection(host='localhost', port=80): Failed to establish a new connection: [Errno 111] Connection refused""))"
2026-09-24T15:01:05.607521,call_ep_put__pet_jchf_base,PUT,http://localhost/api/v1/mock/mock-swagger/api/v3/pet,0,4.4,"HTTPConnectionPool(host='localhost', port=80): Max retries exceeded with url: /api/v1/mock/mock-swagger/api/v3/pet (Caused by NewConnectionError(""HTTPConnection(host='localhost', port=80): Failed to establish a new connection: [Errno 111] Connection refused""))"
2026-09-24T15:01:05.608458,call_ep_put__pet_jchf_base,PUT,http://localhost/api/v1/mock/mock-swagger/api/v3/pet,0,7.61,"HTTPConnectionPool(host='localhost', port=80): Max retries exceeded with url: /api/v1/mock/mock-swagger/api/v3/pet (Caused by NewConnectionError(""HTTPConnection(host='localhost', port=80): Failed to establish a new connection: [Errno 111] Connection refused""))"
2026-09-24T15:01:05.608743,call_ep_put__pet_jchf_base,PUT,http://localhost/api/v1/mock/mock-swagger/api/v3/pet,0,6.79,"HTTPConnectionPool(host='localhost', port=80): Max retries exceeded with url: /api/v1/mock/mock-swagger/api/v3/pet (Caused by NewConnectionError(""HTTPConnection(host='localhost', port=80): Failed to establish a new connection: [Errno 111] Connection refused""))"
2026-09-24T15:01:05.609111,call_ep_put__pet_jchf_scn_scn_ep_put__pet_jchf_401,PUT,http://localhost/api/v1/mock/mock-swagger/api/v3/pet,0,4.5,"HTTPConnectionPool(host='localhost', port=80): Max retries exceeded with url: /api/v1/mock/mock-swagger/api/v3/pet (Caused by NewConnectionError(""HTTPConnection(host='localhost', port=80): Failed to establish a new connection: [Errno 111] Connection refused""))"
2026-09-24T15:01:05.698722,call_ep_put__pet_jchf_scn_scn_ep_put__pet_jchf_400,PUT,http://localhost/api/v1/mock/mock-swagger/api/v3/pet,0,4.44,"HTTPConnectionPool(host='localhost', port=80): Max retries exceeded with url: /api/v1/mock/mock-swagger/api/v3/pet (Caused by NewConnectionError(""HTTPConnection(host='localhost', port=80): Failed to establish a new connection: [Errno 111] Connection refused""))"
2026-09-24T15:01:05.699057,call_ep_put__pet_jchf_scn_scn_ep_put__pet_jchf_401,PUT,http://localhost/api/v1/mock/mock-swagger/api/v3/pet,0,6.03,"HTTPConnectionPool(host='localhost', port=80): Max retries exceeded with url: /api/v1/mock/mock-swagger/api/v3/pet (Caused by NewConnectionError(""HTTPConnection(host='localhost', port=80): Failed to establish a new connection: [Errno 111] Connection refused""))"
2026-09-24T15:01:05.699505,call_ep_put__pet_jchf_scn_scn_ep_put__pet_jchf_400,PUT,http://localhost/api/v1/mock/mock-swagger/api/v3/pet,0,3.0,"HTTPConnectionPool(host='localhost', port=80): Max retries exceeded with url: /api/v1/mock/mock-swagger/api/v3/pet (Caused by NewConnectionError(""HTTPConnection(host='localhost', port=80): Failed to establish a new connection: [Errno 111] Connection refused""))"
2026-09-24T15:01:05.699854,call_ep_put__pet_jchf_scn_scn_ep_put__pet_jchf_401,PUT,http://localhost/api/v1/mock/mock-swagger/api/v3/pet,0,4.45,"HTTPConnectionPool(host='localhost', port=80): Max retries exceeded with url: /api/v1/mock/mock-swagger/api/v3/pet (Caused by NewConnectionError(""HTTPConnection(host='localhost', port=80): Failed to establish a new connection: [Errno 111] Connection refused""))"
2026-09-24T15:01:05.714716,call_ep_put__pet_jchf_scn_scn_ep_put__pet_jchf_401,PUT,http://localhost/api/v1/mock/mock-swagger/api/v3/pet,0,6.68,"HTTPConnectionPool(host='localhost', port=80): Max retries exceeded with url: /api/v1/mock/mock-swagger/api/v3/pet (Caused by NewConnectionError(""HTTPConnection(host='localhost', port=80): Failed to establish a new connection: [Errno 111] Connection refused""))"
2026-09-24T15:01:05.715112,call_ep_put__pet_jchf_scn_scn_ep_put__pet_jchf_401,PUT,http://localhost/api/v1/mock/mock-swagger/api/v3/pet,0,8.17,"HTTPConnectionPool(host='localhost', port=80): Max retries exceeded with url: /api/v1/mock/mock-swagger/api/v3/pet (Caused by NewConnectionError(""HTTPConnection(host='localhost', port=80): Failed to establish a new connection: [Errno 111] Connection refused""))"
2026-09-24T15:01:05.715967,call_ep_put__pet_jchf_scn_scn_ep_put__pet_jchf_400,PUT,http://localhost/api/v1/mock/mock-swagger/api/v3/pet,0,3.24,"HTTPConnectionPool(host='localhost', port=80): Max retries exceeded with url: /api/v1/mock/mock-swagger/api/v3/pet (Caused by NewConnectionError(""HTTPConnection(host='localhost', port=80): Failed to establish a new connection: [Errno 111] Connection refused""))"
2026-09-24T15:01:05.716474,call_ep_put__pet_jchf_scn_scn_ep_put__pet_jchf_401,PUT,http://localhost/api/v1/mock/mock-swagger/api/v3/pet,0,4.95,"HTTPConnectionPool(host='localhost', port=80): Max retries exceeded with url: /api/v1/mock/mock-swagger/api/v3/pet (Caused by NewConnectionError(""HTTPConnection(host='localhost', port=80): Failed to establish a new connection: [Errno 111] Connection refused""))"
2026-09-24T15:01:05.716932,call_ep_put__pet_jchf_scn_scn_ep_put__pet_jchf_401,PUT,http://localhost/api/v1/mock/mock-swagger/api/v3/pet,0,7.84,"HTTPConnectionPool(host='localhost', port=80): Max retries exceeded with url: /api/v1/mock/mock-swagger/api/v3/pet (Caused by NewConnectionError(""HTTPConnection(host='localhost', port=80): Failed to establish a new connection: [Errno 111] Connection refused""))"
2026-09-24T15:01:05.717269,call_ep_put__pet_jchf_scn_scn_ep_put__pet_jchf_401,PUT,http://localhost/api/v1/mock/mock-swagger/api/v3/pet,0,7.0,"HTTPConnectionPool(host='localhost', port=80): Max retries exceeded with url: /api/v1/mock/mock-swagger/api/v3/pet (Caused by NewConnectionError(""HTTPConnection(host='localhost', port=80): Failed to establish a new connection: [Errno 111] Connection refused""))"
2026-09-24T15:01:05.809674,call_ep_put__pet_jchf_scn_scn_ep_put__pet_jchf_404,PUT,http://localhost/api/v1/mock/mock-swagger/api/v3/pet?error=404,0,10.74,"HTTPConnectionPool(host='localhost', port=80): Max retries exceeded with url: /api/v1/mock/mock-swagger/api/v3/pet?error=404 (Caused by NewConnectionError(""HTTPConnection(host='localhost', port=80): Failed to establish a new connection: [Errno 111] Connection refused""))"
2026-09-24T15:01:05.810187,call_ep_put__pet_jchf_scn_scn_ep_put__pet_jchf_404,PUT,http://localhost/api/v1/mock/mock-swagger/api/v3/pet?error=404,0,8.59,"HTTPConnectionPool(host='localhost', port=80): Max retries exceeded with url: /api/v1/mock/mock-swagger/api/v3/pet?error=404 (Caused by NewConnectionError(""HTTPConnection(host='localhost', port=80): Failed to establish a new connection: [Errno 111] Connection refused""))"
2026-09-24T15:01:05.810508,call_ep_put__pet_jchf_scn_scn_ep_put__pet_jchf_400,PUT,http://localhost/api/v1/mock/mock-swagger/api/v3/pet,0,7.82,"HTTPConnectionPool(host='localhost', port=80): Max retries exceeded with url: /api/v1/mock/mock-swagger/api/v3/pet (Caused by NewConnectionError(""HTTPConnection(host='localhost', port=80): Failed to establish a new connection: [Errno 111] Connection refused""))"
2026-09-24T15:01:05.810781,call_ep_put__pet_jchf_scn_scn_ep_put__pet_jchf_400,PUT,http://localhost/api/v1/mock/mock-swagger/api/v3/pet,0,10.6,"HTTPConnectionPool(host='localhost', port=80): Max retries exceeded with url: /api/v1/mock/mock-swagger/api/v3/pet (Caused by NewConnectionError(""HTTPConnection(host='localhost', port=80): Failed to establish a new connection: [Errno 111] Connection refused""))"
2026-09-24T15:01:05.823317,call_ep_put__pet_jchf_scn_scn_ep_put__pet_jchf_404,PUT,http://localhost/api/v1/mock/mock-swagger/api/v3/pet?error=404,0,6.24,"HTTPConnectionPool(host='localhost', port=80): Max retries exceeded with url: /api/v1/mock/mock-swagger/api/v3/pet?error=404 (Caused by NewConnectionError(""HTTPConnection(host='localhost', port=80): Failed to establish a new connection: [Errno 111] Connection refused""))"
2026-09-24T15:01:05.824185,call_ep_put__pet_jchf_scn_scn_ep_put__pet_jchf_400,PUT,http://localhost/api/v1/mock/mock-swagger/api/v3/pet,0,5.83,"HTTPConnectionPool(host='localhost', port=80): Max retries exceeded with url: /api/v1/mock/mock-swagger/api/v3/pet (Caused by NewConnectionError(""HTTPConnection(host='localhost', port=80): Failed to establish a new connection: [Errno 111] Connection refused""))"
2026-09-24T15:01:05.824614,call_ep_put__pet_jchf_scn_scn_ep_put__pet_jchf_400,PUT,http://localhost/api/v1/mock/mock-swagger/api/v3/pet,0,9.7,"HTTPConnectionPool(host='localhost', port=80): Max retries exceeded with url: /api/v1/mock/mock-swagger/api/v3/pet (Caused by NewConnectionError(""HTTPConnection(host='localhost', port=80): Failed to establish a new connection: [Errno 111] Connection refused""))"
2026-09-24T15:01:05.824912,call_ep_put__pet_jchf_scn_scn_ep_put__pet_jchf_400,PUT,http://localhost/api/v1/mock/mock-swagger/api/v3/pet,0,5.48,"HTTPConnectionPool(host='localhost', port=80): Max retries exceeded with url: /api/v1/mock/mock-swagger/api/v3/pet (Caused by NewConnectionError(""HTTPConnection(host='localhost', port=80): Failed to establish a new connection: [Errno 111] Connection refused""))"
2026-09-24T15:01:05.825130,call_ep_put__pet_jchf_scn_scn_ep_put__pet_jchf_400,PUT,http://localhost/api/v1/mock/mock-swagger/api/v3/pet,0,4.0,"HTTPConnectionPool(host='localhost', port=80): Max retries exceeded with url: /api/v1/mock/mock-swagger/api/v3/pet (Caused by NewConnectionError(""HTTPConnection(host='localhost', port=80): Failed to establish a new connection: [Errno 111] Connection refused""))"
2026-09-24T15:01:05.825534,call_ep_put__pet_jchf_scn_scn_ep_put__pet_jchf_400,PUT,http://localhost/api/v1/mock/mock-swagger/api/v3/pet,0,9.51,"HTTPConnectionPool(host='localhost', port=80): Max retries exceeded with url: /api/v1/mock/mock-swagger/api/v3/pet (Caused by NewConnectionError(""HTTPConnection(host='localhost', port=80): Failed to establish a new connection: [Errno 111] Connection refused""))"
2026-09-24T15:01:05.916737,call_ep_get__pet_findByStatus_t14w_base,GET,http://localhost/api/v1/mock/mock-swagger/api/v3/pet/findByStatus?status=1,0,5.43,"HTTPConnectionPool(host='localhost', port=80): Max retries exceeded with url: /api/v1/mock/mock-swagger/api/v3/pet/findByStatus?status=1 (Caused by NewConnectionError(""HTTPConnection(host='localhost', port=80): Failed to establish a new connection: [Errno 111] Connection refused""))"
2026-09-24T15:01:05.917246,call_ep_put__pet_jchf_scn_scn_ep_put__pet_jchf_404,PUT,http://localhost/api/v1/mock/mock-swagger/api/v3/pet?error=404,0,3.01,"HTTPConnectionPool(host='localhost', port=80): Max retries exceeded with url: /api/v1/mock/mock-swagger/api/v3/pet?error=404 (Caused by NewConnectionError(""HTTPConnection(host='localhost', port=80): Failed to establish a new connection: [Errno 111] Connection refused""))"
2026-09-24T15:01:05.917609,call_ep_get__pet_findByStatus_t14w_base,GET,http://localhost/api/v1/mock/mock-swagger/api/v3/pet/findByStatus?status=1,0,7.7,"HTTPConnectionPool(host='localhost', port=80): Max retries exceeded with url: /api/v1/mock/mock-swagger/api/v3/pet/findByStatus?status=1 (Caused by NewConnectionError(""HTTPConnection(host='localhost', port=80): Failed to establish a new connection: [Errno 111] Connection refused""))"
2026-09-24T15:01:05.918009,call_ep_put__pet_jchf_scn_scn_ep_put__pet_jchf_404,PUT,http://localhost/api/v1/mock/mock-swagger/api/v3/pet?error=404,0,5.39,"HTTPConnectionPool(host='localhost', port=80): Max retries exceeded with url: /api/v1/mock/mock-swagger/api/v3/pet?error=404 (Caused by NewConnectionError(""HTTPConnection(host='localhost', port=80): Failed to establish a new connection: [Errno 111] Connection refused""))"
2026-09-24T15:01:06.377842,call_ep_put__pet_jchf_scn_scn_ep_put__pet_jchf_404,PUT,http://localhost/api/v1/mock/mock-swagger/api/v3/pet?error=404,0,453.27,"HTTPConnectionPool(host='localhost', port=80): Max retries exceeded with url: /api/v1/mock/mock-swagger/api/v3/pet?error=404 (Caused by NewConnectionError(""HTTPConnection(host='localhost', port=80): Failed to establish a new connection: [Errno 111] Connection refused""))"
2026-09-24T15:01:06.378649,call_ep_put__pet_jchf_scn_scn_ep_put__pet_jchf_404,PUT,http://localhost/api/v1/mock/mock-swagger/api/v3/pet?error=404,0,4.89,"HTTPConnectionPool(host='localhost', port=80): Max retries exceeded with url: /api/v1/mock/mock-swagger/api/v3/pet?error=404 (Caused by NewConnectionError(""HTTPConnection(host='localhost', port=80): Failed to establish a new connection: [Errno 111] Connection refused""))"
2026-09-24T15:01:06.379009,call_ep_put__pet_jchf_scn_scn_ep_put__pet_jchf_404,PUT,http://localhost/api/v1/mock/mock-swagger/api/v3/pet?error=404,0,451.55,"HTTPConnectionPool(host='localhost', port=80): Max retries exceeded with url: /api/v1/mock/mock-swagger/api/v3/pet?error=404 (Caused by NewConnectionError(""HTTPConnection(host='localhost', port=80): Failed to establish a new connection: [Errno 111] Connection refused""))"
2026-09-24T15:01:06.379249,call_ep_get__pet_findByStatus_t14w_scn_scn_ep_get__pet_findByStatus_t14w_401,GET,http://localhost/api/v1/mock/mock-swagger/api/v3/pet/findByStatus?status=1,0,86.58,"HTTPConnectionPool(host='localhost', port=80): Max retries exceeded with url: /api/v1/mock/mock-swagger/api/v3/pet/findByStatus?status=1 (Caused by NewConnectionError(""HTTPConnection(host='localhost', port=80): Failed to establish a new connection: [Errno 111] Connection refused""))"
2026-09-24T15:01:06.379583,call_ep_get__pet_findByStatus_t14w_scn_scn_ep_get__pet_findByStatus_t14w_401,GET,http://localhost/api/v1/mock/mock-swagger/api/v3/pet/findByStatus?status=1,0,10.09,"HTTPConnectionPool(host='localhost', port=80): Max retries exceeded with url: /api/v1/mock/mock-swagger/api/v3/pet/findByStatus?status=1 (Caused by NewConnectionError(""HTTPConnection(host='localhost', port=80): Failed to establish a new connection: [Errno 111] Connection refused""))"
2026-09-24T15:01:06.381571,call_ep_get__pet_findByStatus_t14w_base,GET,http://localhost/api/v1/mock/mock-swagger/api/v3/pet/findByStatus?status=1,0,458.07,"HTTPConnectionPool(host='localhost', port=80): Max retries exceeded with url: /api/v1/mock/mock-swagger/api/v3/pet/findByStatus?status=1 (Caused by NewConnectionError(""HTTPConnection(host='localhost', port=80): Failed to establish a new connection: [Errno 111] Connection refused""))"
2026-09-24T15:01:06.381907,call_ep_put__pet_jchf_scn_scn_ep_put__pet_jchf_404,PUT,http://localhost/api/v1/mock/mock-swagger/api/v3/pet?error=404,0,455.53,"HTTPConnectionPool(host='localhost', port=80): Max retries exceeded with url: /api/v1/mock/mock-swagger/api/v3/pet?error=404 (Caused by NewConnectionError(""HTTPConnection(host='localhost', port=80): Failed to establish a new connection: [Errno 111] Connection refused""))"
2026-09-24T15:01:06.382154,call_ep_get__pet_findByStatus_t14w_base,GET,http://localhost/api/v1/mock/mock-swagger/api/v3/pet/findByStatus?status=1,0,14.43,"HTTPConnectionPool(host='localhost', port=80): Max retries exceeded with url: /api/v1/mock/mock-swagger/api/v3/pet/findByStatus?status=1 (Caused by NewConnectionError(""HTTPConnection(host='localhost', port=80): Failed to establish a new connection: [Errno 111] Connection refused""))"
2026-09-24T15:01:06.382422,call_ep_put__pet_jchf_scn_scn_ep_put__pet_jchf_404,PUT,http://localhost/api/v1/mock/mock-swagger/api/v3/pet?error=404,0,10.68,"HTTPConnectionPool(host='localhost', port=80): Max retries exceeded with url: /api/v1/mock/mock-swagger/api/v3/pet?error=404 (Caused by NewConnectionError(""HTTPConnection(host='localhost', port=80): Failed to establish a new connection: [Errno 111] Connection refused""))"
2026-09-24T15:01:06.382701,call_ep_get__pet_findByStatus_t14w_base,GET,http://localhost/api/v1/mock/mock-swagger/api/v3/pet/findByStatus?status=1,0,12.05,"HTTPConnectionPool(host='localhost', port=80): Max retries exceeded with url: /api/v1/mock/mock-swagger/api/v3/pet/findByStatus?status=1 (Caused by NewConnectionError(""HTTPConnection(host='localhost', port=80): Failed to establish a new connection: [Errno 111] Connection refused""))"
2026-09-24T15:01:06.490416,call_ep_get__pet_findByStatus_t14w_base,GET,http://localhost/api/v1/mock/mock-swagger/api/v3/pet/findByStatus?status=1,0,12.35,"HTTPConnectionPool(host='localhost', port=80): Max retries exceeded with url: /api/v1/mock/mock-swagger/api/v3/pet/findByStatus?status=1 (Caused by NewConnectionError(""HTTPConnection(host='localhost', port=80): Failed to establish a new connection: [Errno 111] Connection refused""))"
2026-09-24T15:01:06.491124,call_ep_get__pet_findByStatus_t14w_base,GET,http://localhost/api/v1/mock/mock-swagger/api/v3/pet/findByStatus?status=1,0,3.78,"HTTPConnectionPool(host='localhost', port=80): Max retries exceeded with url: /api/v1/mock/mock-swagger/api/v3/pet/findByStatus?status=1 (Caused by NewConnectionError(""HTTPConnection(host='localhost', port=80): Failed to establish a new connection: [Errno 111] Connection refused""))"
2026-09-24T15:01:06.491332,call_ep_get__pet_findByStatus_t14w_base,GET,http://localhost/api/v1/mock/mock-swagger/api/v3/pet/findByStatus?status=1,0,10.86,"HTTPConnectionPool(host='localhost', port=80): Max retries exceeded with url: /api/v1/mock/mock-swagger/api/v3/pet/findByStatus?status=1 (Caused by NewConnectionError(""HTTPConnection(host='localhost', port=80): Failed to establish a new connection: [Errno 111] Connection refused""))"
2026-09-24T15:01:06.491617,call_ep_get__pet_findByStatus_t14w_scn_scn_ep_get__pet_findByStatus_t14w_400,GET,http://localhost/api/v1/mock/mock-swagger/api/v3/pet/findByStatus?status=1,0,10.11,"HTTPConnectionPool(host='localhost', port=80): Max retries exceeded with url: /api/v1/mock/mock-swagger/api/v3/pet/findByStatus?status=1 (Caused by NewConnectionError(""HTTPConnection(host='localhost', port=80): Failed to establish a new connection: [Errno 111] Connection refused""))"
2026-09-24T15:01:06.492076,call_ep_get__pet_findByStatus_t14w_scn_scn_ep_get__pet_findByStatus_t14w_401,GET,http://localhost/api/v1/mock/mock-swagger/api/v3/pet/findByStatus?status=1,0,3.86,"HTTPConnectionPool(host='localhost', port=80): Max retries exceeded with url: /api/v1/mock/mock-swagger/api/v3/pet/findByStatus?status=1 (Caused by NewConnectionError(""HTTPConnection(host='localhost', port=80): Failed to establish a new connection: [Errno 111] Connection refused""))"
2026-09-24T15:01:06.492819,call_ep_get__pet_findByStatus_t14w_base,GET,http://localhost/api/v1/mock/mock-swagger/api/v3/pet/findByStatus?status=1,0,7.91,"HTTPConnectionPool(host='localhost', port=80): Max retries exceeded with url: /api/v1/mock/mock-swagger/api/v3/pet/findByStatus?status=1 (Caused by NewConnectionError(""HTTPConnection(host='localhost', port=80): Failed to establish a new connection: [Errno 111] Connection refused""))"
2026-09-24T15:01:06.493236,call_ep_get__pet_findByStatus_t14w_base,GET,http://localhost/api/v1/mock/mock-swagger/api/v3/pet/findByStatus?status=1,0,13.89,"HTTPConnectionPool(host='localhost', port=80): Max retries exceeded with url: /api/v1/mock/mock-swagger/api/v3/pet/findByStatus?status=1 (Caused by NewConnectionError(""HTTPConnection(host='localhost', port=80): Failed to establish a new connection: [Errno 111] Connection refused""))"
2026-09-24T15:01:06.493651,call_ep_get__pet_findByStatus_t14w_scn_scn_ep_get__pet_findByStatus_t14w_401,GET,http://localhost/api/v1/mock/mock-swagger/api/v3/pet/findByStatus?status=1,0,10.8,"HTTPConnectionPool(host='localhost', port=80): Max retries exceeded with url: /api/v1/mock/mock-swagger/api/v3/pet/findByStatus?status=1 (Caused by NewConnectionError(""HTTPConnection(host='localhost', port=80): Failed to establish a new connection: [Errno 111] Connection refused""))"
2026-09-24T15:01:06.493934,call_ep_get__pet_findByStatus_t14w_scn_scn_ep_get__pet_findByStatus_t14w_400,GET,http://localhost/api/v1/mock/mock-swagger/api/v3/pet/findByStatus?status=1,0,8.05,"HTTPConnectionPool(host='localhost', port=80): Max retries exceeded with url: /api/v1/mock/mock-swagger/api/v3/pet/findByStatus?status=1 (Caused by NewConnectionError(""HTTPConnection(host='localhost', port=80): Failed to establish a new connection: [Errno 111] Connection refused""))"
2026-09-24T15:01:06.494311,call_ep_get__pet_findByStatus_t14w_scn_scn_ep_get__pet_findByStatus_t14w_401,GET,http://localhost/api/v1/mock/mock-swagger/api/v3/pet/findByStatus?status=1,0,10.45,"HTTPConnectionPool(host='localhost', port=80): Max retries exceeded with url: /api/v1/mock/mock-swagger/api/v3/pet/findByStatus?status=1 (Caused by NewConnectionError(""HTTPConnection(host='localhost', port=80): Failed to establish a new connection: [Errno 111] Connection refused""))"
2026-09-24T15:01:06.603755,call_ep_get__pet_findByStatus_t14w_scn_scn_ep_get__pet_findByStatus_t14w_401,GET,http://localhost/api/v1/mock/mock-swagger/api/v3/pet/findByStatus?status=1,0,8.56,"HTTPConnectionPool(host='localhost', port=80): Max retries exceeded with url: /api/v1/mock/mock-swagger/api/v3/pet/findByStatus?status=1 (Caused by NewConnectionError(""HTTPConnection(host='localhost', port=80): Failed to establish a new connection: [Errno 111] Connection refused""))"
2026-09-24T15:01:06.603983,call_ep_get__pet_findByStatus_t14w_scn_scn_ep_get__pet_findByStatus_t14w_401,GET,http://localhost/api/v1/mock/mock-swagger/api/v3/pet/findByStatus?status=1,0,11.04,"HTTPConnectionPool(host='localhost', port=80): Max retries exceeded with url: /api/v1/mock/mock-swagger/api/v3/pet/findByStatus?status=1 (Caused by NewConnectionError(""HTTPConnection(host='localhost', port=80): Failed to establish a new connection: [Errno 111] Connection refused""))"
2026-09-24T15:01:06.604248,call_ep_get__pet_findByStatus_t14w_scn_scn_ep_get__pet_findByStatus_t14w_404,GET,http://localhost/api/v1/mock/mock-swagger/api/v3/pet/findByStatus?status=1&error=404,0,10.21,"HTTPConnectionPool(host='localhost', port=80): Max retries exceeded with url: /api/v1/mock/mock-swagger/api/v3/pet/findByStatus?status=1&error=404 (Caused by NewConnectionError(""HTTPConnection(host='localhost', port=80): Failed to establish a new connection: [Errno 111] Connection refused""))"
2026-09-24T15:01:06.604493,call_ep_get__pet_findByStatus_t14w_scn_scn_ep_get__pet_findByStatus_t14w_401,GET,http://localhost/api/v1/mock/mock-swagger/api/v3/pet/findByStatus?status=1,0,12.56,"HTTPConnectionPool(host='localhost', port=80): Max retries exceeded with url: /api/v1/mock/mock-swagger/api/v3/pet/findByStatus?status=1 (Caused by NewConnectionError(""HTTPConnection(host='localhost', port=80): Failed to establish a new connection: [Errno 111] Connection refused""))"
2026-09-24T15:01:06.605060,call_ep_get__pet_findByStatus_t14w_scn_scn_ep_get__pet_findByStatus_t14w_401,GET,http://localhost/api/v1/mock/mock-swagger/api/v3/pet/findByStatus?status=1,0,8.81,"HTTPConnectionPool(host='localhost', port=80): Max retries exceeded with url: /api/v1/mock/mock-swagger/api/v3/pet/findByStatus?status=1 (Caused by NewConnectionError(""HTTPConnection(host='localhost', port=80): Failed to establish a new connection: [Errno 111] Connection refused""))"
2026-09-24T15:01:06.605524,call_ep_get__pet_findByStatus_t14w_scn_scn_ep_get__pet_findByStatus_t14w_404,GET,http://localhost/api/v1/mock/mock-swagger/api/v3/pet/findByStatus?status=1&error=404,0,7.13,"HTTPConnectionPool(host='localhost', port=80): Max retries exceeded with url: /api/v1/mock/mock-swagger/api/v3/pet/findByStatus?status=1&error=404 (Caused by NewConnectionError(""HTTPConnection(host='localhost', port=80): Failed to establish a new connection: [Errno 111] Connection refused""))"
2026-09-24T15:01:06.606093,call_ep_get__pet_findByStatus_t14w_scn_scn_ep_get__pet_findByStatus_t14w_400,GET,http://localhost/api/v1/mock/mock-swagger/api/v3/pet/findByStatus?status=1,0,5.33,"HTTPConnectionPool(host='localhost', port=80): Max retries exceeded with url: /api/v1/mock/mock-swagger/api/v3/pet/findByStatus?status=1 (Caused by NewConnectionError(""HTTPConnection(host='localhost', port=80): Failed to establish a new connection: [Errno 111] Connection refused""))"
2026-09-24T15:01:06.606321,call_ep_get__pet_findByStatus_t14w_scn_scn_ep_get__pet_findByStatus_t14w_401,GET,http://localhost/api/v1/mock/mock-swagger/api/v3/pet/findByStatus?status=1,0,15.69,"HTTPConnectionPool(host='localhost', port=80): Max retries exceeded with url: /api/v1/mock/mock-swagger/api/v3/pet/findByStatus?status=1 (Caused by NewConnectionError(""HTTPConnection(host='localhost', port=80): Failed to establish a new connection: [Errno 111] Connection refused""))"
2026-09-24T15:01:06.606848,call_ep_get__pet_findByStatus_t14w_scn_scn_ep_get__pet_findByStatus_t14w_400,GET,http://localhost/api/v1/mock/mock-swagger/api/v3/pet/findByStatus?status=1,0,9.54,"HTTPConnectionPool(host='localhost', port=80): Max retries exceeded with url: /api/v1/mock/mock-swagger/api/v3/pet/findByStatus?status=1 (Caused by NewConnectionError(""HTTPConnection(host='localhost', port=80): Failed to establish a new connection: [Errno 111] Connection refused""))"
2026-09-24T15:01:06.607182,call_ep_get__pet_findByStatus_t14w_scn_scn_ep_get__pet_findByStatus_t14w_400,GET,http://localhost/api/v1/mock/mock-swagger/api/v3/pet/findByStatus?status=1,0,7.72,"HTTPConnectionPool(host='localhost', port=80): Max retries exceeded with url: /api/v1/mock/mock-swagger/api/v3/pet/findByStatus?status=1 (Caused by NewConnectionError(""HTTPConnection(host='localhost', port=80): Failed to establish a new connection: [Errno 111] Connection refused""))"
2026-09-24T15:01:06.717048,call_ep_get__pet_findByStatus_t14w_scn_scn_ep_get__pet_findByStatus_t14w_400,GET,http://localhost/api/v1/mock/mock-swagger/api/v3/pet/findByStatus?status=1,0,9.59,"HTTPConnectionPool(host='localhost', port=80): Max retries exceeded with url: /api/v1/mock/mock-swagger/api/v3/pet/findByStatus?status=1 (Caused by NewConnectionError(""HTTPConnection(host='localhost', port=80): Failed to establish a new connection: [Errno 111] Connection refused""))"
2026-09-24T15:01:06.717468,call_ep_get__pet_findByStatus_t14w_scn_scn_ep_get__pet_findByStatus_t14w_400,GET,http://localhost/api/v1/mock/mock-swagger/api/v3/pet/findByStatus?status=1,0,12.15,"HTTPConnectionPool(host='localhost', port=80): Max retries exceeded with url: /api/v1/mock/mock-swagger/api/v3/pet/findByStatus?status=1 (Caused by NewConnectionError(""HTTPConnection(host='localhost', port=80): Failed to establish a new connection: [Errno 111] Connection refused""))"
2026-09-24T15:01:06.717866,call_ep_get__pet_findByTags_eg92_base,GET,http://localhost/api/v1/mock/mock-swagger/api/v3/pet/findByTags?tags=1,0,8.2,"HTTPConnectionPool(host='localhost', port=80): Max retries exceeded with url: /api/v1/mock/mock-swagger/api/v3/pet/findByTags?tags=1 (Caused by NewConnectionError(""HTTPConnection(host='localhost', port=80): Failed to establish a new connection: [Errno 111] Connection refused""))"
2026-09-24T15:01:06.718358,call_ep_get__pet_findByTags_eg92_base,GET,http://localhost/api/v1/mock/mock-swagger/api/v3/pet/findByTags?tags=1,0,11.94,"HTTPConnectionPool(host='localhost', port=80): Max retries exceeded with url: /api/v1/mock/mock-swagger/api/v3/pet/findByTags?tags=1 (Caused by NewConnectionError(""HTTPConnection(host='localhost', port=80): Failed to establish a new connection: [Errno 111] Connection refused""))"
2026-09-24T15:01:06.718509,call_ep_get__pet_findByStatus_t14w_scn_scn_ep_get__pet_findByStatus_t14w_400,GET,http://localhost/api/v1/mock/mock-swagger/api/v3/pet/findByStatus?status=1,0,14.56,"HTTPConnectionPool(host='localhost', port=80): Max retries exceeded with url: /api/v1/mock/mock-swagger/api/v3/pet/findByStatus?status=1 (Caused by NewConnectionError(""HTTPConnection(host='localhost', port=80): Failed to establish a new connection: [Errno 111] Connection refused""))"
2026-09-24T15:01:06.718743,call_ep_get__pet_findByStatus_t14w_scn_scn_ep_get__pet_findByStatus_t14w_404,GET,http://localhost/api/v1/mock/mock-swagger/api/v3/pet/findByStatus?status=1&error=404,0,4.58,"HTTPConnectionPool(host='localhost', port=80): Max retries exceeded with url: /api/v1/mock/mock-swagger/api/v3/pet/findByStatus?status=1&error=404 (Caused by NewConnectionError(""HTTPConnection(host='localhost', port=80): Failed to establish a new connection: [Errno 111] Connection refused""))"
2026-09-24T15:01:06.718975,call_ep_get__pet_findByStatus_t14w_scn_scn_ep_get__pet_findByStatus_t14w_400,GET,http://localhost/api/v1/mock/mock-swagger/api/v3/pet/findByStatus?status=1,0,7.03,"HTTPConnectionPool(host='localhost', port=80): Max retries exceeded with url: /api/v1/mock/mock-swagger/api/v3/pet/findByStatus?status=1 (Caused by NewConnectionError(""HTTPConnection(host='localhost', port=80): Failed to establish a new connection: [Errno 111] Connection refused""))"
2026-09-24T15:01:06.719387,call_ep_get__pet_findByStatus_t14w_scn_scn_ep_get__pet_findByStatus_t14w_404,GET,http://localhost/api/v1/mock/mock-swagger/api/v3/pet/findByStatus?status=1&error=404,0,8.59,"HTTPConnectionPool(host='localhost', port=80): Max retries exceeded with url: /api/v1/mock/mock-swagger/api/v3/pet/findByStatus?status=1&error=404 (Caused by NewConnectionError(""HTTPConnection(host='localhost', port=80): Failed to establish a new connection: [Errno 111] Connection refused""))"
2026-09-24T15:01:06.720036,call_ep_get__pet_findByStatus_t14w_scn_scn_ep_get__pet_findByStatus_t14w_404,GET,http://localhost/api/v1/mock/mock-swagger/api/v3/pet/findByStatus?status=1&error=404,0,6.99,"HTTPConnectionPool(host='localhost', port=80): Max retries exceeded with url: /api/v1/mock/mock-swagger/api/v3/pet/findByStatus?status=1&error=404 (Caused by NewConnectionError(""HTTPConnection(host='localhost', port=80): Failed to establish a new connection: [Errno 111] Connection refused""))"
2026-09-24T15:01:06.720329,call_ep_get__pet_findByStatus_t14w_scn_scn_ep_get__pet_findByStatus_t14w_400,GET,http://localhost/api/v1/mock/mock-swagger/api/v3/pet/findByStatus?status=1,0,11.84,"HTTPConnectionPool(host='localhost', port=80): Max retries exceeded with url: /api/v1/mock/mock-swagger/api/v3/pet/findByStatus?status=1 (Caused by NewConnectionError(""HTTPConnection(host='localhost', port=80): Failed to establish a new connection: [Errno 111] Connection refused""))"
2026-09-24T15:01:06.829722,call_ep_get__pet_findByStatus_t14w_scn_scn_ep_get__pet_findByStatus_t14w_404,GET,http://localhost/api/v1/mock/mock-swagger/api/v3/pet/findByStatus?status=1&error=404,0,9.19,"HTTPConnectionPool(host='localhost', port=80): Max retries exceeded with url: /api/v1/mock/mock-swagger/api/v3/pet/findByStatus?status=1&error=404 (Caused by NewConnectionError(""HTTPConnection(host='localhost', port=80): Failed to establish a new connection: [Errno 111] Connection refused""))"
2026-09-24T15:01:06.830160,call_ep_get__pet_findByTags_eg92_scn_scn_ep_get__pet_findByTags_eg92_401,GET,http://localhost/api/v1/mock/mock-swagger/api/v3/pet/findByTags?tags=1,0,10.49,"HTTPConnectionPool(host='localhost', port=80): Max retries exceeded with url: /api/v1/mock/mock-swagger/api/v3/pet/findByTags?tags=1 (Caused by NewConnectionError(""HTTPConnection(host='localhost', port=80): Failed to establish a new connection: [Errno 111] Connection refused""))"
2026-09-24T15:01:06.830455,call_ep_get__pet_findByStatus_t14w_scn_scn_ep_get__pet_findByStatus_t14w_404,GET,http://localhost/api/v1/mock/mock-swagger/api/v3/pet/findByStatus?status=1&error=404,0,8.9,"HTTPConnectionPool(host='localhost', port=80): Max retries exceeded with url: /api/v1/mock/mock-swagger/api/v3/pet/findByStatus?status=1&error=404 (Caused by NewConnectionError(""HTTPConnection(host='localhost', port=80): Failed to establish a new connection: [Errno 111] Connection refused""))"
2026-09-24T15:01:06.830629,call_ep_get__pet_findByStatus_t14w_scn_scn_ep_get__pet_findByStatus_t14w_404,GET,http://localhost/api/v1/mock/mock-swagger/api/v3/pet/findByStatus?status=1&error=404,0,13.36,"HTTPConnectionPool(host='localhost', port=80): Max retries exceeded with url: /api/v1/mock/mock-swagger/api/v3/pet/findByStatus?status=1&error=404 (Caused by NewConnectionError(""HTTPConnection(host='localhost', port=80): Failed to establish a new connection: [Errno 111] Connection refused""))"
2026-09-24T15:01:06.831470,call_ep_get__pet_findByTags_eg92_scn_scn_ep_get__pet_findByTags_eg92_401,GET,http://localhost/api/v1/mock/mock-swagger/api/v3/pet/findByTags?tags=1,0,5.92,"HTTPConnectionPool(host='localhost', port=80): Max retries exceeded with url: /api/v1/mock/mock-swagger/api/v3/pet/findByTags?tags=1 (Caused by NewConnectionError(""HTTPConnection(host='localhost', port=80): Failed to establish a new connection: [Errno 111] Connection refused""))"
2026-09-24T15:01:06.831804,call_ep_get__pet_findByTags_eg92_base,GET,http://localhost/api/v1/mock/mock-swagger/api/v3/pet/findByTags?tags=1,0,9.41,"HTTPConnectionPool(host='localhost', port=80): Max retries exceeded with url: /api/v1/mock/mock-swagger/api/v3/pet/findByTags?tags=1 (Caused by NewConnectionError(""HTTPConnection(host='localhost', port=80): Failed to establish a new connection: [Errno 111] Connection refused""))"
2026-09-24T15:01:06.832052,call_ep_get__pet_findByStatus_t14w_scn_scn_ep_get__pet_findByStatus_t14w_404,GET,http://localhost/api/v1/mock/mock-swagger/api/v3/pet/findByStatus?status=1&error=404,0,13.45,"HTTPConnectionPool(host='localhost', port=80): Max retries exceeded with url: /api/v1/mock/mock-swagger/api/v3/pet/findByStatus?status=1&error=404 (Caused by NewConnectionError(""HTTPConnection(host='localhost', port=80): Failed to establish a new connection: [Errno 111] Connection refused""))"
2026-09-24T15:01:06.832409,call_ep_get__pet_findByTags_eg92_base,GET,http://localhost/api/v1/mock/mock-swagger/api/v3/pet/findByTags?tags=1,0,7.84,"HTTPConnectionPool(host='localhost', port=80): Max retries exceeded with url: /api/v1/mock/mock-swagger/api/v3/pet/findByTags?tags=1 (Caused by NewConnectionError(""HTTPConnection(host='localhost', port=80): Failed to establish a new connection: [Errno 111] Connection refused""))"
2026-09-24T15:01:06.832826,call_ep_get__pet_findByTags_eg92_base,GET,http://localhost/api/v1/mock/mock-swagger/api/v3/pet/findByTags?tags=1,0,6.13,"HTTPConnectionPool(host='localhost', port=80): Max retries exceeded with url: /api/v1/mock/mock-swagger/api/v3/pet/findByTags?tags=1 (Caused by NewConnectionError(""HTTPConnection(host='localhost', port=80): Failed to establish a new connection: [Errno 111] Connection refused""))"
2026-09-24T15:01:06.833284,call_ep_get__pet_findByStatus_t14w_scn_scn_ep_get__pet_findByStatus_t14w_404,GET,http://localhost/api/v1/mock/mock-swagger/api/v3/pet/findByStatus?status=1&error=404,0,9.73,"HTTPConnectionPool(host='localhost', port=80): Max retries exceeded with url: /api/v1/mock/mock-swagger/api/v3/pet/findByStatus?status=1&error=404 (Caused by NewConnectionError(""HTTPConnection(host='localhost', port=80): Failed to establish a new connection: [Errno 111] Connection refused""))"
2026-09-24T15:01:06.942984,call_ep_get__pet_findByTags_eg92_scn_scn_ep_get__pet_findByTags_eg92_400,GET,http://localhost/api/v1/mock/mock-swagger/api/v3/pet/findByTags?tags=1,0,11.79,"HTTPConnectionPool(host='localhost', port=80): Max retries exceeded with url: /api/v1/mock/mock-swagger/api/v3/pet/findByTags?tags=1 (Caused by NewConnectionError(""HTTPConnection(host='localhost', port=80): Failed to establish a new connection: [Errno 111] Connection refused""))"
2026-09-24T15:01:06.943356,call_ep_get__pet_findByTags_eg92_base,GET,http://localhost/api/v1/mock/mock-swagger/api/v3/pet/findByTags?tags=1,0,6.88,"HTTPConnectionPool(host='localhost', port=80): Max retries exceeded with url: /api/v1/mock/mock-swagger/api/v3/pet/findByTags?tags=1 (Caused by NewConnectionError(""HTTPConnection(host='localhost', port=80): Failed to establish a new connection: [Errno 111] Connection refused""))"
2026-09-24T15:01:06.943772,call_ep_get__pet_findByTags_eg92_base,GET,http://localhost/api/v1/mock/mock-swagger/api/v3/pet/findByTags?tags=1,0,10.57,"HTTPConnectionPool(host='localhost', port=80): Max retries exceeded with url: /api/v1/mock/mock-swagger/api/v3/pet/findByTags?tags=1 (Caused by NewConnectionError(""HTTPConnection(host='localhost', port=80): Failed to establish a new connection: [Errno 111] Connection refused""))"
2026-09-24T15:01:06.944047,call_ep_get__pet_findByTags_eg92_base,GET,http://localhost/api/v1/mock/mock-swagger/api/v3/pet/findByTags?tags=1,0,11.84,"HTTPConnectionPool(host='localhost', port=80): Max retries exceeded with url: /api/v1/mock/mock-swagger/api/v3/pet/findByTags?tags=1 (Caused by NewConnectionError(""HTTPConnection(host='localhost', port=80): Failed to establish a new connection: [Errno 111] Connection refused""))"
2026-09-24T15:01:06.944768,call_ep_get__pet_findByTags_eg92_scn_scn_ep_get__pet_findByTags_eg92_401,GET,http://localhost/api/v1/mock/mock-swagger/api/v3/pet/findByTags?tags=1,0,6.15,"HTTPConnectionPool(host='localhost', port=80): Max retries exceeded with url: /api/v1/mock/mock-swagger/api/v3/pet/findByTags?tags=1 (Caused by NewConnectionError(""HTTPConnection(host='localhost', port=80): Failed to establish a new connection: [Errno 111] Connection refused""))"
2026-09-24T15:01:06.945003,call_ep_get__pet_findByTags_eg92_base,GET,http://localhost/api/v1/mock/mock-swagger/api/v3/pet/findByTags?tags=1,0,10.59,"HTTPConnectionPool(host='localhost', port=80): Max retries exceeded with url: /api/v1/mock/mock-swagger/api/v3/pet/findByTags?tags=1 (Caused by NewConnectionError(""HTTPConnection(host='localhost', port=80): Failed to establish a new connection: [Errno 111] Connection refused""))"
2026-09-24T15:01:06.945260,call_ep_get__pet_findByTags_eg92_scn_scn_ep_get__pet_findByTags_eg92_401,GET,http://localhost/api/v1/mock/mock-swagger/api/v3/pet/findByTags?tags=1,0,5.43,"HTTPConnectionPool(host='localhost', port=80): Max retries exceeded with url: /api/v1/mock/mock-swagger/api/v3/pet/findByTags?tags=1 (Caused by NewConnectionError(""HTTPConnection(host='localhost', port=80): Failed to establish a new connection: [Errno 111] Connection refused""))"
2026-09-24T15:01:06.945896,call_ep_get__pet_findByTags_eg92_base,GET,http://localhost/api/v1/mock/mock-swagger/api/v3/pet/findByTags?tags=1,0,15.93,"HTTPConnectionPool(host='localhost', port=80): Max retries exceeded with url: /api/v1/mock/mock-swagger/api/v3/pet/findByTags?tags=1 (Caused by NewConnectionError(""HTTPConnection(host='localhost', port=80): Failed to establish a new connection: [Errno 111] Connection refused""))"
2026-09-24T15:01:06.946500,call_ep_get__pet_findByTags_eg92_scn_scn_ep_get__pet_findByTags_eg92_400,GET,http://localhost/api/v1/mock/mock-swagger/api/v3/pet/findByTags?tags=1,0,8.74,"HTTPConnectionPool(host='localhost', port=80): Max retries exceeded with url: /api/v1/mock/mock-swagger/api/v3/pet/findByTags?tags=1 (Caused by NewConnectionError(""HTTPConnection(host='localhost', port=80): Failed to establish a new connection: [Errno 111] Connection refused""))"
2026-09-24T15:01:06.946734,call_ep_get__pet_findByTags_eg92_scn_scn_ep_get__pet_findByTags_eg92_401,GET,http://localhost/api/v1/mock/mock-swagger/api/v3/pet/findByTags?tags=1,0,11.29,"HTTPConnectionPool(host='localhost', port=80): Max retries exceeded with url: /api/v1/mock/mock-swagger/api/v3/pet/findByTags?tags=1 (Caused by NewConnectionError(""HTTPConnection(host='localhost', port=80): Failed to establish a new connection: [Errno 111] Connection refused""))"
2026-09-24T15:01:07.056528,call_ep_get__pet_findByTags_eg92_scn_scn_ep_get__pet_findByTags_eg92_401,GET,http://localhost/api/v1/mock/mock-swagger/api/v3/pet/findByTags?tags=1,0,5.71,"HTTPConnectionPool(host='localhost', port=80): Max retries exceeded with url: /api/v1/mock/mock-swagger/api/v3/pet/findByTags?tags=1 (Caused by NewConnectionError(""HTTPConnection(host='localhost', port=80): Failed to establish a new connection: [Errno 111] Connection refused""))"
2026-09-24T15:01:07.057079,call_ep_get__pet_findByTags_eg92_scn_scn_ep_get__pet_findByTags_eg92_400,GET,http://localhost/api/v1/mock/mock-swagger/api/v3/pet/findByTags?tags=1,0,9.45,"HTTPConnectionPool(host='localhost', port=80): Max retries exceeded with url: /api/v1/mock/mock-swagger/api/v3/pet/findByTags?tags=1 (Caused by NewConnectionError(""HTTPConnection(host='localhost', port=80): Failed to establish a new connection: [Errno 111] Connection refused""))"
2026-09-24T15:01:07.057418,call_ep_get__pet_findByTags_eg92_scn_scn_ep_get__pet_findByTags_eg92_401,GET,http://localhost/api/v1/mock/mock-swagger/api/v3/pet/findByTags?tags=1,0,11.91,"HTTPConnectionPool(host='localhost', port=80): Max retries exceeded with url: /api/v1/mock/mock-swagger/api/v3/pet/findByTags?tags=1 (Caused by NewConnectionError(""HTTPConnection(host='localhost', port=80): Failed to establish a new connection: [Errno 111] Connection refused""))"
2026-09-24T15:01:07.057962,call_ep_get__pet_findByTags_eg92_scn_scn_ep_get__pet_findByTags_eg92_401,GET,http://localhost/api/v1/mock/mock-swagger/api/v3/pet/findByTags?tags=1,0,9.28,"HTTPConnectionPool(host='localhost', port=80): Max retries exceeded with url: /api/v1/mock/mock-swagger/api/v3/pet/findByTags?tags=1 (Caused by NewConnectionError(""HTTPConnection(host='localhost', port=80): Failed to establish a new connection: [Errno 111] Connection refused""))"
2026-09-24T15:01:07.058228,call_ep_get__pet_findByTags_eg92_scn_scn_ep_get__pet_findByTags_eg92_404,GET,http://localhost/api/v1/mock/mock-swagger/api/v3/pet/findByTags?tags=1&error=404,0,15.09,"HTTPConnectionPool(host='localhost', port=80): Max retries exceeded with url: /api/v1/mock/mock-swagger/api/v3/pet/findByTags?tags=1&error=404 (Caused by NewConnectionError(""HTTPConnection(host='localhost', port=80): Failed to establish a new connection: [Errno 111] Connection refused""))"
2026-09-24T15:01:07.058491,call_ep_get__pet_findByTags_eg92_scn_scn_ep_get__pet_findByTags_eg92_400,GET,http://localhost/api/v1/mock/mock-swagger/api/v3/pet/findByTags?tags=1,0,5.23,"HTTPConnectionPool(host='localhost', port=80): Max retries exceeded with url: /api/v1/mock/mock-swagger/api/v3/pet/findByTags?tags=1 (Caused by NewConnectionError(""HTTPConnection(host='localhost', port=80): Failed to establish a new connection: [Errno 111] Connection refused""))"
2026-09-24T15:01:07.058751,call_ep_get__pet_findByTags_eg92_scn_scn_ep_get__pet_findByTags_eg92_400,GET,http://localhost/api/v1/mock/mock-swagger/api/v3/pet/findByTags?tags=1,0,9.06,"HTTPConnectionPool(host='localhost', port=80): Max retries exceeded with url: /api/v1/mock/mock-swagger/api/v3/pet/findByTags?tags=1 (Caused by NewConnectionError(""HTTPConnection(host='localhost', port=80): Failed to establish a new connection: [Errno 111] Connection refused""))"
2026-09-24T15:01:07.059047,call_ep_get__pet_findByTags_eg92_scn_scn_ep_get__pet_findByTags_eg92_404,GET,http://localhost/api/v1/mock/mock-swagger/api/v3/pet/findByTags?tags=1&error=404,0,7.25,"HTTPConnectionPool(host='localhost', port=80): Max retries exceeded with url: /api/v1/mock/mock-swagger/api/v3/pet/findByTags?tags=1&error=404 (Caused by NewConnectionError(""HTTPConnection(host='localhost', port=80): Failed to establish a new connection: [Errno 111] Connection refused""))"
2026-09-24T15:01:07.059640,call_ep_get__pet_findByTags_eg92_scn_scn_ep_get__pet_findByTags_eg92_401,GET,http://localhost/api/v1/mock/mock-swagger/api/v3/pet/findByTags?tags=1,0,13.15,"HTTPConnectionPool(host='localhost', port=80): Max retries exceeded with url: /api/v1/mock/mock-swagger/api/v3/pet/findByTags?tags=1 (Caused by NewConnectionError(""HTTPConnection(host='localhost', port=80): Failed to establish a new connection: [Errno 111] Connection refused""))"
2026-09-24T15:01:07.060020,call_ep_get__pet_findByTags_eg92_scn_scn_ep_get__pet_findByTags_eg92_401,GET,http://localhost/api/v1/mock/mock-swagger/api/v3/pet/findByTags?tags=1,0,15.54,"HTTPConnectionPool(host='localhost', port=80): Max retries exceeded with url: /api/v1/mock/mock-swagger/api/v3/pet/findByTags?tags=1 (Caused by NewConnectionError(""HTTPConnection(host='localhost', port=80): Failed to establish a new connection: [Errno 111] Connection refused""))"
2026-09-24T15:01:07.169438,call_ep_get__pet_findByTags_eg92_scn_scn_ep_get__pet_findByTags_eg92_404,GET,http://localhost/api/v1/mock/mock-swagger/api/v3/pet/findByTags?tags=1&error=404,0,11.35,"HTTPConnectionPool(host='localhost', port=80): Max retries exceeded with url: /api/v1/mock/mock-swagger/api/v3/pet/findByTags?tags=1&error=404 (Caused by NewConnectionError(""HTTPConnection(host='localhost', port=80): Failed to establish a new connection: [Errno 111] Connection refused""))"
2026-09-24T15:01:07.170474,call_ep_get__pet_findByTags_eg92_scn_scn_ep_get__pet_findByTags_eg92_400,GET,http://localhost/api/v1/mock/mock-swagger/api/v3/pet/findByTags?tags=1,0,13.72,"HTTPConnectionPool(host='localhost', port=80): Max retries exceeded with url: /api/v1/mock/mock-swagger/api/v3/pet/findByTags?tags=1 (Caused by NewConnectionError(""HTTPConnection(host='localhost', port=80): Failed to establish a new connection: [Errno 111] Connection refused""))"
2026-09-24T15:01:07.171017,call_ep_get__pet_findByTags_eg92_scn_scn_ep_get__pet_findByTags_eg92_404,GET,http://localhost/api/v1/mock/mock-swagger/api/v3/pet/findByTags?tags=1&error=404,0,3.65,"HTTPConnectionPool(host='localhost', port=80): Max retries exceeded with url: /api/v1/mock/mock-swagger/api/v3/pet/findByTags?tags=1&error=404 (Caused by NewConnectionError(""HTTPConnection(host='localhost', port=80): Failed to establish a new connection: [Errno 111] Connection refused""))"
2026-09-24T15:01:07.171520,call_ep_get__pet_findByTags_eg92_scn_scn_ep_get__pet_findByTags_eg92_400,GET,http://localhost/api/v1/mock/mock-swagger/api/v3/pet/findByTags?tags=1,0,5.24,"HTTPConnectionPool(host='localhost', port=80): Max retries exceeded with url: /api/v1/mock/mock-swagger/api/v3/pet/findByTags?tags=1 (Caused by NewConnectionError(""HTTPConnection(host='localhost', port=80): Failed to establish a new connection: [Errno 111] Connection refused""))"
2026-09-24T15:01:07.171901,call_ep_get__pet_findByTags_eg92_scn_scn_ep_get__pet_findByTags_eg92_400,GET,http://localhost/api/v1/mock/mock-swagger/api/v3/pet/findByTags?tags=1,0,12.18,"HTTPConnectionPool(host='localhost', port=80): Max retries exceeded with url: /api/v1/mock/mock-swagger/api/v3/pet/findByTags?tags=1 (Caused by NewConnectionError(""HTTPConnection(host='localhost', port=80): Failed to establish a new connection: [Errno 111] Connection refused""))"
2026-09-24T15:01:07.172493,call_ep_get__pet__petId__mpbf_base,GET,http://localhost/api/v1/mock/mock-swagger/api/v3/pet/{petId},0,9.51,"HTTPConnectionPool(host='localhost', port=80): Max retries exceeded with url: /api/v1/mock/mock-swagger/api/v3/pet/%7BpetId%7D (Caused by NewConnectionError(""HTTPConnection(host='localhost', port=80): Failed to establish a new connection: [Errno 111] Connection refused""))"
2026-09-24T15:01:07.172815,call_ep_get__pet_findByTags_eg92_scn_scn_ep_get__pet_findByTags_eg92_404,GET,http://localhost/api/v1/mock/mock-swagger/api/v3/pet/findByTags?tags=1&error=404,0,7.64,"HTTPConnectionPool(host='localhost', port=80): Max retries exceeded with url: /api/v1/mock/mock-swagger/api/v3/pet/findByTags?tags=1&error=404 (Caused by NewConnectionError(""HTTPConnection(host='localhost', port=80): Failed to establish a new connection: [Errno 111] Connection refused""))"
2026-09-24T15:01:07.173494,call_ep_get__pet__petId__mpbf_base,GET,http://localhost/api/v1/mock/mock-swagger/api/v3/pet/{petId},0,11.6,"HTTPConnectionPool(host='localhost', port=80): Max retries exceeded with url: /api/v1/mock/mock-swagger/api/v3/pet/%7BpetId%7D (Caused by NewConnectionError(""HTTPConnection(host='localhost', port=80): Failed to establish a new connection: [Errno 111] Connection refused""))"
2026-09-24T15:01:07.173725,call_ep_get__pet_findByTags_eg92_scn_scn_ep_get__pet_findByTags_eg92_400,GET,http://localhost/api/v1/mock/mock-swagger/api/v3/pet/findByTags?tags=1,0,9.73,"HTTPConnectionPool(host='localhost', port=80): Max retries exceeded with url: /api/v1/mock/mock-swagger/api/v3/pet/findByTags?tags=1 (Caused by NewConnectionError(""HTTPConnection(host='localhost', port=80): Failed to establish a new connection: [Errno 111] Connection refused""))"
2026-09-24T15:01:07.173954,call_ep_get__pet_findByTags_eg92_scn_scn_ep_get__pet_findByTags_eg92_400,GET,http://localhost/api/v1/mock/mock-swagger/api/v3/pet/findByTags?tags=1,0,13.18,"HTTPConnectionPool(host='localhost', port=80): Max retries exceeded with url: /api/v1/mock/mock-swagger/api/v3/pet/findByTags?tags=1 (Caused by NewConnectionError(""HTTPConnection(host='localhost', port=80): Failed to establish a new connection: [Errno 111] Connection refused""))"
2026-09-24T15:01:07.282779,call_ep_get__pet_findByTags_eg92_scn_scn_ep_get__pet_findByTags_eg92_404,GET,http://localhost/api/v1/mock/mock-swagger/api/v3/pet/findByTags?tags=1&error=404,0,9.43,"HTTPConnectionPool(host='localhost', port=80): Max retries exceeded with url: /api/v1/mock/mock-swagger/api/v3/pet/findByTags?tags=1&error=404 (Caused by NewConnectionError(""HTTPConnection(host='localhost', port=80): Failed to establish a new connection: [Errno 111] Connection refused""))"
2026-09-24T15:01:07.283529,call_ep_get__pet__petId__mpbf_base,GET,http://localhost/api/v1/mock/mock-swagger/api/v3/pet/{petId},0,11.45,"HTTPConnectionPool(host='localhost', port=80): Max retries exceeded with url: /api/v1/mock/mock-swagger/api/v3/pet/%7BpetId%7D (Caused by NewConnectionError(""HTTPConnection(host='localhost', port=80): Failed to establish a new connection: [Errno 111] Connection refused""))"
2026-09-24T15:01:07.283909,call_ep_get__pet__petId__mpbf_base,GET,http://localhost/api/v1/mock/mock-swagger/api/v3/pet/{petId},0,14.26,"HTTPConnectionPool(host='localhost', port=80): Max retries exceeded with url: /api/v1/mock/mock-swagger/api/v3/pet/%7BpetId%7D (Caused by NewConnectionError(""HTTPConnection(host='localhost', port=80): Failed to establish a new connection: [Errno 111] Connection refused""))"
2026-09-24T15:01:07.284493,call_ep_get__pet_findByTags_eg92_scn_scn_ep_get__pet_findByTags_eg92_404,GET,http://localhost/api/v1/mock/mock-swagger/api/v3/pet/findByTags?tags=1&error=404,0,13.45,"HTTPConnectionPool(host='localhost', port=80): Max retries exceeded with url: /api/v1/mock/mock-swagger/api/v3/pet/findByTags?tags=1&error=404 (Caused by NewConnectionError(""HTTPConnection(host='localhost', port=80): Failed to establish a new connection: [Errno 111] Connection refused""))"
2026-09-24T15:01:07.285073,call_ep_get__pet__petId__mpbf_base,GET,http://localhost/api/v1/mock/mock-swagger/api/v3/pet/{petId},0,8.03,"HTTPConnectionPool(host='localhost', port=80): Max retries exceeded with url: /api/v1/mock/mock-swagger/api/v3/pet/%7BpetId%7D (Caused by NewConnectionError(""HTTPConnection(host='localhost', port=80): Failed to establish a new connection: [Errno 111] Connection refused""))"
2026-09-24T15:01:07.285627,call_ep_get__pet_findByTags_eg92_scn_scn_ep_get__pet_findByTags_eg92_404,GET,http://localhost/api/v1/mock/mock-swagger/api/v3/pet/findByTags?tags=1&error=404,0,7.42,"HTTPConnectionPool(host='localhost', port=80): Max retries exceeded with url: /api/v1/mock/mock-swagger/api/v3/pet/findByTags?tags=1&error=404 (Caused by NewConnectionError(""HTTPConnection(host='localhost', port=80): Failed to establish a new connection: [Errno 111] Connection refused""))"
2026-09-24T15:01:07.285844,call_ep_get__pet_findByTags_eg92_scn_scn_ep_get__pet_findByTags_eg92_404,GET,http://localhost/api/v1/mock/mock-swagger/api/v3/pet/findByTags?tags=1&error=404,0,10.94,"HTTPConnectionPool(host='localhost', port=80): Max retries exceeded with url: /api/v1/mock/mock-swagger/api/v3/pet/findByTags?tags=1&error=404 (Caused by NewConnectionError(""HTTPConnection(host='localhost', port=80): Failed to establish a new connection: [Errno 111] Connection refused""))"
2026-09-24T15:01:07.286312,call_ep_get__pet_findByTags_eg92_scn_scn_ep_get__pet_findByTags_eg92_404,GET,http://localhost/api/v1/mock/mock-swagger/api/v3/pet/findByTags?tags=1&error=404,0,5.32,"HTTPConnectionPool(host='localhost', port=80): Max retries exceeded with url: /api/v1/mock/mock-swagger/api/v3/pet/findByTags?tags=1&error=404 (Caused by NewConnectionError(""HTTPConnection(host='localhost', port=80): Failed to establish a new connection: [Errno 111] Connection refused""))"
2026-09-24T15:01:07.286528,call_ep_get__pet__petId__mpbf_scn_scn_ep_get__pet__petId__mpbf_401,GET,http://localhost/api/v1/mock/mock-swagger/api/v3/pet/{petId},0,10.53,"HTTPConnectionPool(host='localhost', port=80): Max retries exceeded with url: /api/v1/mock/mock-swagger/api/v3/pet/%7BpetId%7D (Caused by NewConnectionError(""HTTPConnection(host='localhost', port=80): Failed to establish a new connection: [Errno 111] Connection refused""))"
2026-09-24T15:01:07.286798,call_ep_get__pet__petId__mpbf_scn_scn_ep_get__pet__petId__mpbf_401,GET,http://localhost/api/v1/mock/mock-swagger/api/v3/pet/{petId},0,7.35,"HTTPConnectionPool(host='localhost', port=80): Max retries exceeded with url: /api/v1/mock/mock-swagger/api/v3/pet/%7BpetId%7D (Caused by NewConnectionError(""HTTPConnection(host='localhost', port=80): Failed to establish a new connection: [Errno 111] Connection refused""))"
2026-09-24T15:01:07.398504,call_ep_get__pet__petId__mpbf_scn_scn_ep_get__pet__petId__mpbf_401,GET,http://localhost/api/v1/mock/mock-swagger/api/v3/pet/{petId},0,11.26,"HTTPConnectionPool(host='localhost', port=80): Max retries exceeded with url: /api/v1/mock/mock-swagger/api/v3/pet/%7BpetId%7D (Caused by NewConnectionError(""HTTPConnection(host='localhost', port=80): Failed to establish a new connection: [Errno 111] Connection refused""))"
2026-09-24T15:01:07.398975,call_ep_get__pet__petId__mpbf_scn_scn_ep_get__pet__petId__mpbf_401,GET,http://localhost/api/v1/mock/mock-swagger/api/v3/pet/{petId},0,9.57,"HTTPConnectionPool(host='localhost', port=80): Max retries exceeded with url: /api/v1/mock/mock-swagger/api/v3/pet/%7BpetId%7D (Caused by NewConnectionError(""HTTPConnection(host='localhost', port=80): Failed to establish a new connection: [Errno 111] Connection refused""))"
2026-09-24T15:01:07.399616,call_ep_get__pet__petId__mpbf_base,GET,http://localhost/api/v1/mock/mock-swagger/api/v3/pet/{petId},0,8.01,"HTTPConnectionPool(host='localhost', port=80): Max retries exceeded with url: /api/v1/mock/mock-swagger/api/v3/pet/%7BpetId%7D (Caused by NewConnectionError(""HTTPConnection(host='localhost', port=80): Failed to establish a new connection: [Errno 111] Connection refused""))"
2026-09-24T15:01:07.400062,call_ep_get__pet__petId__mpbf_scn_scn_ep_get__pet__petId__mpbf_400,GET,http://localhost/api/v1/mock/mock-swagger/api/v3/pet/{petId},0,7.13,"HTTPConnectionPool(host='localhost', port=80): Max retries exceeded with url: /api/v1/mock/mock-swagger/api/v3/pet/%7BpetId%7D (Caused by NewConnectionError(""HTTPConnection(host='localhost', port=80): Failed to establish a new connection: [Errno 111] Connection refused""))"
2026-09-24T15:01:07.401432,call_ep_get__pet__petId__mpbf_scn_scn_ep_get__pet__petId__mpbf_401,GET,http://localhost/api/v1/mock/mock-swagger/api/v3/pet/{petId},0,15.3,"HTTPConnectionPool(host='localhost', port=80): Max retries exceeded with url: /api/v1/mock/mock-swagger/api/v3/pet/%7BpetId%7D (Caused by NewConnectionError(""HTTPConnection(host='localhost', port=80): Failed to establish a new connection: [Errno 111] Connection refused""))"
2026-09-24T15:01:07.401757,call_ep_get__pet__petId__mpbf_base,GET,http://localhost/api/v1/mock/mock-swagger/api/v3/pet/{petId},0,13.43,"HTTPConnectionPool(host='localhost', port=80): Max retries exceeded with url: /api/v1/mock/mock-swagger/api/v3/pet/%7BpetId%7D (Caused by NewConnectionError(""HTTPConnection(host='localhost', port=80): Failed to establish a new connection: [Errno 111] Connection refused""))"
2026-09-24T15:01:07.402942,call_ep_get__pet__petId__mpbf_scn_scn_ep_get__pet__petId__mpbf_400,GET,http://localhost/api/v1/mock/mock-swagger/api/v3/pet/{petId},0,8.96,"HTTPConnectionPool(host='localhost', port=80): Max retries exceeded with url: /api/v1/mock/mock-swagger/api/v3/pet/%7BpetId%7D (Caused by NewConnectionError(""HTTPConnection(host='localhost', port=80): Failed to establish a new connection: [Errno 111] Connection refused""))"
2026-09-24T15:01:07.403381,call_ep_get__pet__petId__mpbf_base,GET,http://localhost/api/v1/mock/mock-swagger/api/v3/pet/{petId},0,8.31,"HTTPConnectionPool(host='localhost', port=80): Max retries exceeded with url: /api/v1/mock/mock-swagger/api/v3/pet/%7BpetId%7D (Caused by NewConnectionError(""HTTPConnection(host='localhost', port=80): Failed to establish a new connection: [Errno 111] Connection refused""))"
2026-09-24T15:01:07.404132,call_ep_get__pet__petId__mpbf_base,GET,http://localhost/api/v1/mock/mock-swagger/api/v3/pet/{petId},0,19.39,"HTTPConnectionPool(host='localhost', port=80): Max retries exceeded with url: /api/v1/mock/mock-swagger/api/v3/pet/%7BpetId%7D (Caused by NewConnectionError(""HTTPConnection(host='localhost', port=80): Failed to establish a new connection: [Errno 111] Connection refused""))"
2026-09-24T15:01:07.404458,call_ep_get__pet__petId__mpbf_base,GET,http://localhost/api/v1/mock/mock-swagger/api/v3/pet/{petId},0,13.89,"HTTPConnectionPool(host='localhost', port=80): Max retries exceeded with url: /api/v1/mock/mock-swagger/api/v3/pet/%7BpetId%7D (Caused by NewConnectionError(""HTTPConnection(host='localhost', port=80): Failed to establish a new connection: [Errno 111] Connection refused""))"
