Timestamp,API ID,Method,URL,Status Code,Latency (ms),Error
2026-09-24T22:09:01.337776,call_ep_post__pet_b5ji_base,POST,http://localhost/api/v1/mock/mock-swagger/api/v3/pet,0,2.63,"HTTPConnectionPool(host='localhost', port=80): Max retries exceeded with url: /api/v1/mock/mock-swagger/api/v3/pet (Caused by NewConnectionError(""HTTPConnection(host='localhost', port=80): Failed to establish a new connection: [Errno 111] Connection refused""))"
2026-09-24T22:09:01.439246,call_ep_post__pet_b5ji_scn_scn_ep_post__pet_b5ji_401,POST,http://localhost/api/v1/mock/mock-swagger/api/v3/pet,0,1.16,"HTTPConnectionPool(host='localhost', port=80): Max retries exceeded with url: /api/v1/mock/mock-swagger/api/v3/pet (Caused by NewConnectionError(""HTTPConnection(host='localhost', port=80): Failed to establish a new connection: [Errno 111] Connection refused""))"
2026-09-24T22:09:01.540876,call_ep_post__pet_b5ji_scn_scn_ep_post__pet_b5ji_400,POST,http://localhost/api/v1/mock/mock-swagger/api/v3/pet,0,1.34,"HTTPConnectionPool(host='localhost', port=80): Max retries exceeded with url: /api/v1/mock/mock-swagger/api/v3/pet (Caused by NewConnectionError(""HTTPConnection(host='localhost', port=80): Failed to establish a new connection: [Errno 111] Connection refused""))"
2026-09-24T22:09:01.642866,call_ep_post__pet_b5ji_scn_scn_ep_post__pet_b5ji_404,POST,http://localhost/api/v1/mock/mock-swagger/api/v3/pet?error=404,0,1.67,"HTTPConnectionPool(host='localhost', port=80): Max retries exceeded with url: /api/v1/mock/mock-swagger/api/v3/pet?error=404 (Caused by NewConnectionError(""HTTPConnection(host='localhost', port=80): Failed to establish a new connection: [Errno 111] Connection refused""))"
2026-09-24T22:09:01.745659,call_ep_put__pet_jchf_base,PUT,http://localhost/api/v1/mock/mock-swagger/api/v3/pet,0,2.29,"HTTPConnectionPool(host='localhost', port=80): Max retries exceeded with url: /api/v1/mock/mock-swagger/api/v3/pet (Caused by NewConnectionError(""HTTPConnection(host='localhost', port=80): Failed to establish a new connection: [Errno 111] Connection refused""))"
2026-09-24T22:09:01.848233,call_ep_put__pet_jchf_scn_scn_ep_put__pet_jchf_401,PUT,http://localhost/api/v1/mock/mock-swagger/api/v3/pet,0,1.99,"HTTPConnectionPool(host='localhost', port=80): Max retries exceeded with url: /api/v1/mock/mock-swagger/api/v3/pet (Caused by NewConnectionError(""HTTPConnection(host='localhost', port=80): Failed to establish a new connection: [Errno 111] Connection refused""))"
2026-09-24T22:09:01.950195,call_ep_put__pet_jchf_scn_scn_ep_put__pet_jchf_400,PUT,http://localhost/api/v1/mock/mock-swagger/api/v3/pet,0,1.76,"HTTPConnectionPool(host='localhost', port=80): Max retries exceeded with url: /api/v1/mock/mock-swagger/api/v3/pet (Caused by NewConnectionError(""HTTPConnection(host='localhost', port=80): Failed to establish a new connection: [Errno 111] Connection refused""))"
2026-09-24T22:09:02.052105,call_ep_put__pet_jchf_scn_scn_ep_put__pet_jchf_404,PUT,http://localhost/api/v1/mock/mock-swagger/api/v3/pet?error=404,0,1.7,"HTTPConnectionPool(host='localhost', port=80): Max retries exceeded with url: /api/v1/mock/mock-swagger/api/v3/pet?error=404 (Caused by NewConnectionError(""HTTPConnection(host='localhost', port=80): Failed to establish a new connection: [Errno 111] Connection refused""))"
2026-09-24T22:09:02.153992,call_ep_get__pet_findByStatus_t14w_base,GET,http://localhost/api/v1/mock/mock-swagger/api/v3/pet/findByStatus?status=1,0,1.69,"HTTPConnectionPool(host='localhost', port=80): Max retries exceeded with url: /api/v1/mock/mock-swagger/api/v3/pet/findByStatus?status=1 (Caused by NewConnectionError(""HTTPConnection(host='localhost', port=80): Failed to establish a new connection: [Errno 111] Connection refused""))"
2026-09-24T22:09:02.255812,call_ep_get__pet_findByStatus_t14w_scn_scn_ep_get__pet_findByStatus_t14w_401,GET,http://localhost/api/v1/mock/mock-swagger/api/v3/pet/findByStatus?status=1,0,1.63,"HTTPConnectionPool(host='localhost', port=80): Max retries exceeded with url: /api/v1/mock/mock-swagger/api/v3/pet/findByStatus?status=1 (Caused by NewConnectionError(""HTTPConnection(host='localhost', port=80): Failed to establish a new connection: [Errno 111] Connection refused""))"
2026-09-24T22:09:02.357684,call_ep_get__pet_findByStatus_t14w_scn_scn_ep_get__pet_findByStatus_t14w_400,GET,http://localhost/api/v1/mock/mock-swagger/api/v3/pet/findByStatus?status=1,0,1.68,"HTTPConnectionPool(host='localhost', port=80): Max retries exceeded with url: /api/v1/mock/mock-swagger/api/v3/pet/findByStatus?status=1 (Caused by NewConnectionError(""HTTPConnection(host='localhost', port=80): Failed to establish a new connection: [Errno 111] Connection refused""))"
2026-09-24T22:09:02.449498,call_ep_post__pet_b5ji_base,POST,http://localhost/api/v1/mock/mock-swagger/api/v3/pet,0,1.19,"HTTPConnectionPool(host='localhost', port=80): Max retries exceeded with url: /api/v1/mock/mock-swagger/api/v3/pet (Caused by NewConnectionError(""HTTPConnection(host='localhost', port=80): Failed to establish a new connection: [Errno 111] Connection refused""))"
2026-09-24T22:09:02.459460,call_ep_get__pet_findByStatus_t14w_scn_scn_ep_get__pet_findByStatus_t14w_404,GET,http://localhost/api/v1/mock/mock-swagger/api/v3/pet/findByStatus?status=1&error=404,0,1.59,"HTTPConnectionPool(host='localhost', port=80): Max retries exceeded with url: /api/v1/mock/mock-swagger/api/v3/pet/findByStatus?status=1&error=404 (Caused by NewConnectionError(""HTTPConnection(host='localhost', port=80): Failed to establish a new connection: [Errno 111] Connection refused""))"
2026-09-24T22:09:02.550832,call_ep_post__pet_b5ji_scn_scn_ep_post__pet_b5ji_401,POST,http://localhost/api/v1/mock/mock-swagger/api/v3/pet,0,1.15,"HTTPConnectionPool(host='localhost', port=80): Max retries exceeded with url: /api/v1/mock/mock-swagger/api/v3/pet (Caused by NewConnectionError(""HTTPConnection(host='localhost', port=80): Failed to establish a new connection: [Errno 111] Connection refused""))"
2026-09-24T22:09:02.561229,call_ep_get__pet_findByTags_eg92_base,GET,http://localhost/api/v1/mock/mock-swagger/api/v3/pet/findByTags?tags=1,0,1.59,"HTTPConnectionPool(host='localhost', port=80): Max retries exceeded with url: /api/v1/mock/mock-swagger/api/v3/pet/findByTags?tags=1 (Caused by NewConnectionError(""HTTPConnection(host='localhost', port=80): Failed to establish a new connection: [Errno 111] Connection refused""))"
2026-09-24T22:09:02.652475,call_ep_post__pet_b5ji_scn_scn_ep_post__pet_b5ji_400,POST,http://localhost/api/v1/mock/mock-swagger/api/v3/pet,0,1.47,"HTTPConnectionPool(host='localhost', port=80): Max retries exceeded with url: /api/v1/mock/mock-swagger/api/v3/pet (Caused by NewConnectionError(""HTTPConnection(host='localhost', port=80): Failed to establish a new connection: [Errno 111] Connection refused""))"
2026-09-24T22:09:02.662974,call_ep_get__pet_findByTags_eg92_scn_scn_ep_get__pet_findByTags_eg92_401,GET,http://localhost/api/v1/mock/mock-swagger/api/v3/pet/findByTags?tags=1,0,1.56,"HTTPConnectionPool(host='localhost', port=80): Max retries exceeded with url: /api/v1/mock/mock-swagger/api/v3/pet/findByTags?tags=1 (Caused by NewConnectionError(""HTTPConnection(host='localhost', port=80): Failed to establish a new connection: [Errno 111] Connection refused""))"
2026-09-24T22:09:02.754438,call_ep_post__pet_b5ji_scn_scn_ep_post__pet_b5ji_404,POST,http://localhost/api/v1/mock/mock-swagger/api/v3/pet?error=404,0,1.77,"HTTPConnectionPool(host='localhost', port=80): Max retries exceeded with url: /api/v1/mock/mock-swagger/api/v3/pet?error=404 (Caused by NewConnectionError(""HTTPConnection(host='localhost', port=80): Failed to establish a new connection: [Errno 111] Connection refused""))"
2026-09-24T22:09:02.765320,call_ep_get__pet_findByTags_eg92_scn_scn_ep_get__pet_findByTags_eg92_400,GET,http://localhost/api/v1/mock/mock-swagger/api/v3/pet/findByTags?tags=1,0,2.16,"HTTPConnectionPool(host='localhost', port=80): Max retries exceeded with url: /api/v1/mock/mock-swagger/api/v3/pet/findByTags?tags=1 (Caused by NewConnectionError(""HTTPConnection(host='localhost', port=80): Failed to establish a new connection: [Errno 111] Connection refused""))"
2026-09-24T22:09:02.856253,call_ep_put__pet_jchf_base,PUT,http://localhost/api/v1/mock/mock-swagger/api/v3/pet,0,1.62,"HTTPConnectionPool(host='localhost', port=80): Max retries exceeded with url: /api/v1/mock/mock-swagger/api/v3/pet (Caused by NewConnectionError(""HTTPConnection(host='localhost', port=80): Failed to establish a new connection: [Errno 111] Connection refused""))"
2026-09-24T22:09:02.867149,call_ep_get__pet_findByTags_eg92_scn_scn_ep_get__pet_findByTags_eg92_404,GET,http://localhost/api/v1/mock/mock-swagger/api/v3/pet/findByTags?tags=1&error=404,0,1.64,"HTTPConnectionPool(host='localhost', port=80): Max retries exceeded with url: /api/v1/mock/mock-swagger/api/v3/pet/findByTags?tags=1&error=404 (Caused by NewConnectionError(""HTTPConnection(host='localhost', port=80): Failed to establish a new connection: [Errno 111] Connection refused""))"
2026-09-24T22:09:02.958260,call_ep_put__pet_jchf_scn_scn_ep_put__pet_jchf_401,PUT,http://localhost/api/v1/mock/mock-swagger/api/v3/pet,0,1.82,"HTTPConnectionPool(host='localhost', port=80): Max retries exceeded with url: /api/v1/mock/mock-swagger/api/v3/pet (Caused by NewConnectionError(""HTTPConnection(host='localhost', port=80): Failed to establish a new connection: [Errno 111] Connection refused""))"
2026-09-24T22:09:02.969122,call_ep_get__pet__petId__mpbf_base,GET,http://localhost/api/v1/mock/mock-swagger/api/v3/pet/{petId},0,1.78,"HTTPConnectionPool(host='localhost', port=80): Max retries exceeded with url: /api/v1/mock/mock-swagger/api/v3/pet/%7BpetId%7D (Caused by NewConnectionError(""HTTPConnection(host='localhost', port=80): Failed to establish a new connection: [Errno 111] Connection refused""))"
2026-09-24T22:09:03.060098,call_ep_put__pet_jchf_scn_scn_ep_put__pet_jchf_400,PUT,http://localhost/api/v1/mock/mock-swagger/api/v3/pet,0,1.65,"HTTPConnectionPool(host='localhost', port=80): Max retries exceeded with url: /api/v1/mock/mock-swagger/api/v3/pet (Caused by NewConnectionError(""HTTPConnection(host='localhost', port=80): Failed to establish a new connection: [Errno 111] Connection refused""))"
2026-09-24T22:09:03.071020,call_ep_get__pet__petId__mpbf_scn_scn_ep_get__pet__petId__mpbf_401,GET,http://localhost/api/v1/mock/mock-swagger/api/v3/pet/{petId},0,1.71,"HTTPConnectionPool(host='localhost', port=80): Max retries exceeded with url: /api/v1/mock/mock-swagger/api/v3/pet/%7BpetId%7D (Caused by NewConnectionError(""HTTPConnection(host='localhost', port=80): Failed to establish a new connection: [Errno 111] Connection refused""))"
2026-09-24T22:09:03.161982,call_ep_put__pet_jchf_scn_scn_ep_put__pet_jchf_404,PUT,http://localhost/api/v1/mock/mock-swagger/api/v3/pet?error=404,0,1.69,"HTTPConnectionPool(host='localhost', port=80): Max retries exceeded with url: /api/v1/mock/mock-swagger/api/v3/pet?error=404 (Caused by NewConnectionError(""HTTPConnection(host='localhost', port=80): Failed to establish a new connection: [Errno 111] Connection refused""))"
2026-09-24T22:09:03.172961,call_ep_get__pet__petId__mpbf_scn_scn_ep_get__pet__petId__mpbf_400,GET,http://localhost/api/v1/mock/mock-swagger/api/v3/pet/{petId},0,1.75,"HTTPConnectionPool(host='localhost', port=80): Max retries exceeded with url: /api/v1/mock/mock-swagger/api/v3/pet/%7BpetId%7D (Caused by NewConnectionError(""HTTPConnection(host='localhost', port=80): Failed to establish a new connection: [Errno 111] Connection refused""))"
2026-09-24T22:09:03.264044,call_ep_get__pet_findByStatus_t14w_base,GET,http://localhost/api/v1/mock/mock-swagger/api/v3/pet/findByStatus?status=1,0,1.87,"HTTPConnectionPool(host='localhost', port=80): Max retries exceeded with url: /api/v1/mock/mock-swagger/api/v3/pet/findByStatus?status=1 (Caused by NewConnectionError(""HTTPConnection(host='localhost', port=80): Failed to establish a new connection: [Errno 111] Connection refused""))"
2026-09-24T22:09:03.274137,call_ep_get__pet__petId__mpbf_scn_scn_ep_get__pet__petId__mpbf_404,GET,http://localhost/api/v1/mock/mock-swagger/api/v3/pet/999999999,0,1.04,"HTTPConnectionPool(host='localhost', port=80): Max retries exceeded with url: /api/v1/mock/mock-swagger/api/v3/pet/999999999 (Caused by NewConnectionError(""HTTPConnection(host='localhost', port=80): Failed to establish a new connection: [Errno 111] Connection refused""))"
2026-09-24T22:09:03.365929,call_ep_get__pet_findByStatus_t14w_scn_scn_ep_get__pet_findByStatus_t14w_401,GET,http://localhost/api/v1/mock/mock-swagger/api/v3/pet/findByStatus?status=1,0,1.69,"HTTPConnectionPool(host='localhost', port=80): Max retries exceeded with url: /api/v1/mock/mock-swagger/api/v3/pet/findByStatus?status=1 (Caused by NewConnectionError(""HTTPConnection(host='localhost', port=80): Failed to establish a new connection: [Errno 111] Connection refused""))"
2026-09-24T22:09:03.375997,call_ep_post__pet_b5ji_base,POST,http://localhost/api/v1/mock/mock-swagger/api/v3/pet,0,1.68,"HTTPConnectionPool(host='localhost', port=80): Max retries exceeded with url: /api/v1/mock/mock-swagger/api/v3/pet (Caused by NewConnectionError(""HTTPConnection(host='localhost', port=80): Failed to establish a new connection: [Errno 111] Connection refused""))"
2026-09-24T22:09:03.467654,call_ep_get__pet_findByStatus_t14w_scn_scn_ep_get__pet_findByStatus_t14w_400,GET,http://localhost/api/v1/mock/mock-swagger/api/v3/pet/findByStatus?status=1,0,1.54,"HTTPConnectionPool(host='localhost', port=80): Max retries exceeded with url: /api/v1/mock/mock-swagger/api/v3/pet/findByStatus?status=1 (Caused by NewConnectionError(""HTTPConnection(host='localhost', port=80): Failed to establish a new connection: [Errno 111] Connection refused""))"
2026-09-24T22:09:03.477731,call_ep_post__pet_b5ji_scn_scn_ep_post__pet_b5ji_401,POST,http://localhost/api/v1/mock/mock-swagger/api/v3/pet,0,1.55,"HTTPConnectionPool(host='localhost', port=80): Max retries exceeded with url: /api/v1/mock/mock-swagger/api/v3/pet (Caused by NewConnectionError(""HTTPConnection(host='localhost', port=80): Failed to establish a new connection: [Errno 111] Connection refused""))"
2026-09-24T22:09:03.561166,call_ep_post__pet_b5ji_base,POST,http://localhost/api/v1/mock/mock-swagger/api/v3/pet,0,1.34,"HTTPConnectionPool(host='localhost', port=80): Max retries exceeded with url: /api/v1/mock/mock-swagger/api/v3/pet (Caused by NewConnectionError(""HTTPConnection(host='localhost', port=80): Failed to establish a new connection: [Errno 111] Connection refused""))"
2026-09-24T22:09:03.569416,call_ep_get__pet_findByStatus_t14w_scn_scn_ep_get__pet_findByStatus_t14w_404,GET,http://localhost/api/v1/mock/mock-swagger/api/v3/pet/findByStatus?status=1&error=404,0,1.58,"HTTPConnectionPool(host='localhost', port=80): Max retries exceeded with url: /api/v1/mock/mock-swagger/api/v3/pet/findByStatus?status=1&error=404 (Caused by NewConnectionError(""HTTPConnection(host='localhost', port=80): Failed to establish a new connection: [Errno 111] Connection refused""))"
2026-09-24T22:09:03.579561,call_ep_post__pet_b5ji_scn_scn_ep_post__pet_b5ji_400,POST,http://localhost/api/v1/mock/mock-swagger/api/v3/pet,0,1.63,"HTTPConnectionPool(host='localhost', port=80): Max retries exceeded with url: /api/v1/mock/mock-swagger/api/v3/pet (Caused by NewConnectionError(""HTTPConnection(host='localhost', port=80): Failed to establish a new connection: [Errno 111] Connection refused""))"
2026-09-24T22:09:03.662696,call_ep_post__pet_b5ji_scn_scn_ep_post__pet_b5ji_401,POST,http://localhost/api/v1/mock/mock-swagger/api/v3/pet,0,1.37,"HTTPConnectionPool(host='localhost', port=80): Max retries exceeded with url: /api/v1/mock/mock-swagger/api/v3/pet (Caused by NewConnectionError(""HTTPConnection(host='localhost', port=80): Failed to establish a new connection: [Errno 111] Connection refused""))"
2026-09-24T22:09:03.671250,call_ep_get__pet_findByTags_eg92_base,GET,http://localhost/api/v1/mock/mock-swagger/api/v3/pet/findByTags?tags=1,0,1.64,"HTTPConnectionPool(host='localhost', port=80): Max retries exceeded with url: /api/v1/mock/mock-swagger/api/v3/pet/findByTags?tags=1 (Caused by NewConnectionError(""HTTPConnection(host='localhost', port=80): Failed to establish a new connection: [Errno 111] Connection refused""))"
2026-09-24T22:09:03.681465,call_ep_post__pet_b5ji_scn_scn_ep_post__pet_b5ji_404,POST,http://localhost/api/v1/mock/mock-swagger/api/v3/pet?error=404,0,1.71,"HTTPConnectionPool(host='localhost', port=80): Max retries exceeded with url: /api/v1/mock/mock-swagger/api/v3/pet?error=404 (Caused by NewConnectionError(""HTTPConnection(host='localhost', port=80): Failed to establish a new connection: [Errno 111] Connection refused""))"
2026-09-24T22:09:03.764519,call_ep_post__pet_b5ji_scn_scn_ep_post__pet_b5ji_400,POST,http://localhost/api/v1/mock/mock-swagger/api/v3/pet,0,1.63,"HTTPConnectionPool(host='localhost', port=80): Max retries exceeded with url: /api/v1/mock/mock-swagger/api/v3/pet (Caused by NewConnectionError(""HTTPConnection(host='localhost', port=80): Failed to establish a new connection: [Errno 111] Connection refused""))"
2026-09-24T22:09:03.773110,call_ep_get__pet_findByTags_eg92_scn_scn_ep_get__pet_findByTags_eg92_401,GET,http://localhost/api/v1/mock/mock-swagger/api/v3/pet/findByTags?tags=1,0,1.66,"HTTPConnectionPool(host='localhost', port=80): Max retries exceeded with url: /api/v1/mock/mock-swagger/api/v3/pet/findByTags?tags=1 (Caused by NewConnectionError(""HTTPConnection(host='localhost', port=80): Failed to establish a new connection: [Errno 111] Connection refused""))"
2026-09-24T22:09:03.783939,call_ep_put__pet_jchf_base,PUT,http://localhost/api/v1/mock/mock-swagger/api/v3/pet,0,2.28,"HTTPConnectionPool(host='localhost', port=80): Max retries exceeded with url: /api/v1/mock/mock-swagger/api/v3/pet (Caused by NewConnectionError(""HTTPConnection(host='localhost', port=80): Failed to establish a new connection: [Errno 111] Connection refused""))"
2026-09-24T22:09:03.866425,call_ep_post__pet_b5ji_scn_scn_ep_post__pet_b5ji_404,POST,http://localhost/api/v1/mock/mock-swagger/api/v3/pet?error=404,0,1.7,"HTTPConnectionPool(host='localhost', port=80): Max retries exceeded with url: /api/v1/mock/mock-swagger/api/v3/pet?error=404 (Caused by NewConnectionError(""HTTPConnection(host='localhost', port=80): Failed to establish a new connection: [Errno 111] Connection refused""))"
2026-09-24T22:09:03.874931,call_ep_get__pet_findByTags_eg92_scn_scn_ep_get__pet_findByTags_eg92_400,GET,http://localhost/api/v1/mock/mock-swagger/api/v3/pet/findByTags?tags=1,0,1.63,"HTTPConnectionPool(host='localhost', port=80): Max retries exceeded with url: /api/v1/mock/mock-swagger/api/v3/pet/findByTags?tags=1 (Caused by NewConnectionError(""HTTPConnection(host='localhost', port=80): Failed to establish a new connection: [Errno 111] Connection refused""))"
2026-09-24T22:09:03.885756,call_ep_put__pet_jchf_scn_scn_ep_put__pet_jchf_401,PUT,http://localhost/api/v1/mock/mock-swagger/api/v3/pet,0,1.62,"HTTPConnectionPool(host='localhost', port=80): Max retries exceeded with url: /api/v1/mock/mock-swagger/api/v3/pet (Caused by NewConnectionError(""HTTPConnection(host='localhost', port=80): Failed to establish a new connection: [Errno 111] Connection refused""))"
2026-09-24T22:09:03.968280,call_ep_put__pet_jchf_base,PUT,http://localhost/api/v1/mock/mock-swagger/api/v3/pet,0,1.66,"HTTPConnectionPool(host='localhost', port=80): Max retries exceeded with url: /api/v1/mock/mock-swagger/api/v3/pet (Caused by NewConnectionError(""HTTPConnection(host='localhost', port=80): Failed to establish a new connection: [Errno 111] Connection refused""))"
2026-09-24T22:09:03.976696,call_ep_get__pet_findByTags_eg92_scn_scn_ep_get__pet_findByTags_eg92_404,GET,http://localhost/api/v1/mock/mock-swagger/api/v3/pet/findByTags?tags=1&error=404,0,1.58,"HTTPConnectionPool(host='localhost', port=80): Max retries exceeded with url: /api/v1/mock/mock-swagger/api/v3/pet/findByTags?tags=1&error=404 (Caused by NewConnectionError(""HTTPConnection(host='localhost', port=80): Failed to establish a new connection: [Errno 111] Connection refused""))"
2026-09-24T22:09:03.987597,call_ep_put__pet_jchf_scn_scn_ep_put__pet_jchf_400,PUT,http://localhost/api/v1/mock/mock-swagger/api/v3/pet,0,1.65,"HTTPConnectionPool(host='localhost', port=80): Max retries exceeded with url: /api/v1/mock/mock-swagger/api/v3/pet (Caused by NewConnectionError(""HTTPConnection(host='localhost', port=80): Failed to establish a new connection: [Errno 111] Connection refused""))"
2026-09-24T22:09:04.070111,call_ep_put__pet_jchf_scn_scn_ep_put__pet_jchf_401,PUT,http://localhost/api/v1/mock/mock-swagger/api/v3/pet,0,1.64,"HTTPConnectionPool(host='localhost', port=80): Max retries exceeded with url: /api/v1/mock/mock-swagger/api/v3/pet (Caused by NewConnectionError(""HTTPConnection(host='localhost', port=80): Failed to establish a new connection: [Errno 111] Connection refused""))"
2026-09-24T22:09:04.078559,call_ep_get__pet__petId__mpbf_base,GET,http://localhost/api/v1/mock/mock-swagger/api/v3/pet/{petId},0,1.68,"HTTPConnectionPool(host='localhost', port=80): Max retries exceeded with url: /api/v1/mock/mock-swagger/api/v3/pet/%7BpetId%7D (Caused by NewConnectionError(""HTTPConnection(host='localhost', port=80): Failed to establish a new connection: [Errno 111] Connection refused""))"
2026-09-24T22:09:04.089474,call_ep_put__pet_jchf_scn_scn_ep_put__pet_jchf_404,PUT,http://localhost/api/v1/mock/mock-swagger/api/v3/pet?error=404,0,1.69,"HTTPConnectionPool(host='localhost', port=80): Max retries exceeded with url: /api/v1/mock/mock-swagger/api/v3/pet?error=404 (Caused by NewConnectionError(""HTTPConnection(host='localhost', port=80): Failed to establish a new connection: [Errno 111] Connection refused""))"
2026-09-24T22:09:04.171954,call_ep_put__pet_jchf_scn_scn_ep_put__pet_jchf_400,PUT,http://localhost/api/v1/mock/mock-swagger/api/v3/pet,0,1.65,"HTTPConnectionPool(host='localhost', port=80): Max retries exceeded with url: /api/v1/mock/mock-swagger/api/v3/pet (Caused by NewConnectionError(""HTTPConnection(host='localhost', port=80): Failed to establish a new connection: [Errno 111] Connection refused""))"
2026-09-24T22:09:04.180397,call_ep_get__pet__petId__mpbf_scn_scn_ep_get__pet__petId__mpbf_401,GET,http://localhost/api/v1/mock/mock-swagger/api/v3/pet/{petId},0,1.65,"HTTPConnectionPool(host='localhost', port=80): Max retries exceeded with url: /api/v1/mock/mock-swagger/api/v3/pet/%7BpetId%7D (Caused by NewConnectionError(""HTTPConnection(host='localhost', port=80): Failed to establish a new connection: [Errno 111] Connection refused""))"
2026-09-24T22:09:04.191294,call_ep_get__pet_findByStatus_t14w_base,GET,http://localhost/api/v1/mock/mock-swagger/api/v3/pet/findByStatus?status=1,0,1.63,"HTTPConnectionPool(host='localhost', port=80): Max retries exceeded with url: /api/v1/mock/mock-swagger/api/v3/pet/findByStatus?status=1 (Caused by NewConnectionError(""HTTPConnection(host='localhost', port=80): Failed to establish a new connection: [Errno 111] Connection refused""))"
2026-09-24T22:09:04.274428,call_ep_put__pet_jchf_scn_scn_ep_put__pet_jchf_404,PUT,http://localhost/api/v1/mock/mock-swagger/api/v3/pet?error=404,0,2.28,"HTTPConnectionPool(host='localhost', port=80): Max retries exceeded with url: /api/v1/mock/mock-swagger/api/v3/pet?error=404 (Caused by NewConnectionError(""HTTPConnection(host='localhost', port=80): Failed to establish a new connection: [Errno 111] Connection refused""))"
2026-09-24T22:09:04.282282,call_ep_get__pet__petId__mpbf_scn_scn_ep_get__pet__petId__mpbf_400,GET,http://localhost/api/v1/mock/mock-swagger/api/v3/pet/{petId},0,1.7,"HTTPConnectionPool(host='localhost', port=80): Max retries exceeded with url: /api/v1/mock/mock-swagger/api/v3/pet/%7BpetId%7D (Caused by NewConnectionError(""HTTPConnection(host='localhost', port=80): Failed to establish a new connection: [Errno 111] Connection refused""))"
2026-09-24T22:09:04.293112,call_ep_get__pet_findByStatus_t14w_scn_scn_ep_get__pet_findByStatus_t14w_401,GET,http://localhost/api/v1/mock/mock-swagger/api/v3/pet/findByStatus?status=1,0,1.63,"HTTPConnectionPool(host='localhost', port=80): Max retries exceeded with url: /api/v1/mock/mock-swagger/api/v3/pet/findByStatus?status=1 (Caused by NewConnectionError(""HTTPConnection(host='localhost', port=80): Failed to establish a new connection: [Errno 111] Connection refused""))"
2026-09-24T22:09:04.376235,call_ep_get__pet_findByStatus_t14w_base,GET,http://localhost/api/v1/mock/mock-swagger/api/v3/pet/findByStatus?status=1,0,1.62,"HTTPConnectionPool(host='localhost', port=80): Max retries exceeded with url: /api/v1/mock/mock-swagger/api/v3/pet/findByStatus?status=1 (Caused by NewConnectionError(""HTTPConnection(host='localhost', port=80): Failed to establish a new connection: [Errno 111] Connection refused""))"
2026-09-24T22:09:04.384056,call_ep_get__pet__petId__mpbf_scn_scn_ep_get__pet__petId__mpbf_404,GET,http://localhost/api/v1/mock/mock-swagger/api/v3/pet/999999999,0,1.58,"HTTPConnectionPool(host='localhost', port=80): Max retries exceeded with url: /api/v1/mock/mock-swagger/api/v3/pet/999999999 (Caused by NewConnectionError(""HTTPConnection(host='localhost', port=80): Failed to establish a new connection: [Errno 111] Connection refused""))"
2026-09-24T22:09:04.394937,call_ep_get__pet_findByStatus_t14w_scn_scn_ep_get__pet_findByStatus_t14w_400,GET,http://localhost/api/v1/mock/mock-swagger/api/v3/pet/findByStatus?status=1,0,1.63,"HTTPConnectionPool(host='localhost', port=80): Max retries exceeded with url: /api/v1/mock/mock-swagger/api/v3/pet/findByStatus?status=1 (Caused by NewConnectionError(""HTTPConnection(host='localhost', port=80): Failed to establish a new connection: [Errno 111] Connection refused""))"
2026-09-24T22:09:04.478365,call_ep_get__pet_findByStatus_t14w_scn_scn_ep_get__pet_findByStatus_t14w_401,GET,http://localhost/api/v1/mock/mock-swagger/api/v3/pet/findByStatus?status=1,0,1.92,"HTTPConnectionPool(host='localhost', port=80): Max retries exceeded with url: /api/v1/mock/mock-swagger/api/v3/pet/findByStatus?status=1 (Caused by NewConnectionError(""HTTPConnection(host='localhost', port=80): Failed to establish a new connection: [Errno 111] Connection refused""))"
2026-09-24T22:09:04.485807,call_ep_post__pet_b5ji_base,POST,http://localhost/api/v1/mock/mock-swagger/api/v3/pet,0,1.56,"HTTPConnectionPool(host='localhost', port=80): Max retries exceeded with url: /api/v1/mock/mock-swagger/api/v3/pet (Caused by NewConnectionError(""HTTPConnection(host='localhost', port=80): Failed to establish a new connection: [Errno 111] Connection refused""))"
2026-09-24T22:09:04.496711,call_ep_get__pet_findByStatus_t14w_scn_scn_ep_get__pet_findByStatus_t14w_404,GET,http://localhost/api/v1/mock/mock-swagger/api/v3/pet/findByStatus?status=1&error=404,0,1.59,"HTTPConnectionPool(host='localhost', port=80): Max retries exceeded with url: /api/v1/mock/mock-swagger/api/v3/pet/findByStatus?status=1&error=404 (Caused by NewConnectionError(""HTTPConnection(host='localhost', port=80): Failed to establish a new connection: [Errno 111] Connection refused""))"
2026-09-24T22:09:04.580165,call_ep_get__pet_findByStatus_t14w_scn_scn_ep_get__pet_findByStatus_t14w_400,GET,http://localhost/api/v1/mock/mock-swagger/api/v3/pet/findByStatus?status=1,0,1.61,"HTTPConnectionPool(host='localhost', port=80): Max retries exceeded with url: /api/v1/mock/mock-swagger/api/v3/pet/findByStatus?status=1 (Caused by NewConnectionError(""HTTPConnection(host='localhost', port=80): Failed to establish a new connection: [Errno 111] Connection refused""))"
2026-09-24T22:09:04.587563,call_ep_post__pet_b5ji_scn_scn_ep_post__pet_b5ji_401,POST,http://localhost/api/v1/mock/mock-swagger/api/v3/pet,0,1.56,"HTTPConnectionPool(host='localhost', port=80): Max retries exceeded with url: /api/v1/mock/mock-swagger/api/v3/pet (Caused by NewConnectionError(""HTTPConnection(host='localhost', port=80): Failed to establish a new connection: [Errno 111] Connection refused""))"
2026-09-24T22:09:04.598441,call_ep_get__pet_findByTags_eg92_base,GET,http://localhost/api/v1/mock/mock-swagger/api/v3/pet/findByTags?tags=1,0,1.55,"HTTPConnectionPool(host='localhost', port=80): Max retries exceeded with url: /api/v1/mock/mock-swagger/api/v3/pet/findByTags?tags=1 (Caused by NewConnectionError(""HTTPConnection(host='localhost', port=80): Failed to establish a new connection: [Errno 111] Connection refused""))"
2026-09-24T22:09:04.673476,call_ep_post__pet_b5ji_base,POST,http://localhost/api/v1/mock/mock-swagger/api/v3/pet,0,1.25,"HTTPConnectionPool(host='localhost', port=80): Max retries exceeded with url: /api/v1/mock/mock-swagger/api/v3/pet (Caused by NewConnectionError(""HTTPConnection(host='localhost', port=80): Failed to establish a new connection: [Errno 111] Connection refused""))"
2026-09-24T22:09:04.681866,call_ep_get__pet_findByStatus_t14w_scn_scn_ep_get__pet_findByStatus_t14w_404,GET,http://localhost/api/v1/mock/mock-swagger/api/v3/pet/findByStatus?status=1&error=404,0,1.51,"HTTPConnectionPool(host='localhost', port=80): Max retries exceeded with url: /api/v1/mock/mock-swagger/api/v3/pet/findByStatus?status=1&error=404 (Caused by NewConnectionError(""HTTPConnection(host='localhost', port=80): Failed to establish a new connection: [Errno 111] Connection refused""))"
2026-09-24T22:09:04.689290,call_ep_post__pet_b5ji_scn_scn_ep_post__pet_b5ji_400,POST,http://localhost/api/v1/mock/mock-swagger/api/v3/pet,0,1.54,"HTTPConnectionPool(host='localhost', port=80): Max retries exceeded with url: /api/v1/mock/mock-swagger/api/v3/pet (Caused by NewConnectionError(""HTTPConnection(host='localhost', port=80): Failed to establish a new connection: [Errno 111] Connection refused""))"
2026-09-24T22:09:04.700292,call_ep_get__pet_findByTags_eg92_scn_scn_ep_get__pet_findByTags_eg92_401,GET,http://localhost/api/v1/mock/mock-swagger/api/v3/pet/findByTags?tags=1,0,1.65,"HTTPConnectionPool(host='localhost', port=80): Max retries exceeded with url: /api/v1/mock/mock-swagger/api/v3/pet/findByTags?tags=1 (Caused by NewConnectionError(""HTTPConnection(host='localhost', port=80): Failed to establish a new connection: [Errno 111] Connection refused""))"
2026-09-24T22:09:04.774971,call_ep_post__pet_b5ji_scn_scn_ep_post__pet_b5ji_401,POST,http://localhost/api/v1/mock/mock-swagger/api/v3/pet,0,1.32,"HTTPConnectionPool(host='localhost', port=80): Max retries exceeded with url: /api/v1/mock/mock-swagger/api/v3/pet (Caused by NewConnectionError(""HTTPConnection(host='localhost', port=80): Failed to establish a new connection: [Errno 111] Connection refused""))"
2026-09-24T22:09:04.783607,call_ep_get__pet_findByTags_eg92_base,GET,http://localhost/api/v1/mock/mock-swagger/api/v3/pet/findByTags?tags=1,0,1.53,"HTTPConnectionPool(host='localhost', port=80): Max retries exceeded with url: /api/v1/mock/mock-swagger/api/v3/pet/findByTags?tags=1 (Caused by NewConnectionError(""HTTPConnection(host='localhost', port=80): Failed to establish a new connection: [Errno 111] Connection refused""))"
2026-09-24T22:09:04.791063,call_ep_post__pet_b5ji_scn_scn_ep_post__pet_b5ji_404,POST,http://localhost/api/v1/mock/mock-swagger/api/v3/pet?error=404,0,1.59,"HTTPConnectionPool(host='localhost', port=80): Max retries exceeded with url: /api/v1/mock/mock-swagger/api/v3/pet?error=404 (Caused by NewConnectionError(""HTTPConnection(host='localhost', port=80): Failed to establish a new connection: [Errno 111] Connection refused""))"
2026-09-24T22:09:04.802077,call_ep_get__pet_findByTags_eg92_scn_scn_ep_get__pet_findByTags_eg92_400,GET,http://localhost/api/v1/mock/mock-swagger/api/v3/pet/findByTags?tags=1,0,1.63,"HTTPConnectionPool(host='localhost', port=80): Max retries exceeded with url: /api/v1/mock/mock-swagger/api/v3/pet/findByTags?tags=1 (Caused by NewConnectionError(""HTTPConnection(host='localhost', port=80): Failed to establish a new connection: [Errno 111] Connection refused""))"
2026-09-24T22:09:04.876609,call_ep_post__pet_b5ji_scn_scn_ep_post__pet_b5ji_400,POST,http://localhost/api/v1/mock/mock-swagger/api/v3/pet,0,1.47,"HTTPConnectionPool(host='localhost', port=80): Max retries exceeded with url: /api/v1/mock/mock-swagger/api/v3/pet (Caused by NewConnectionError(""HTTPConnection(host='localhost', port=80): Failed to establish a new connection: [Errno 111] Connection refused""))"
2026-09-24T22:09:04.885330,call_ep_get__pet_findByTags_eg92_scn_scn_ep_get__pet_findByTags_eg92_401,GET,http://localhost/api/v1/mock/mock-swagger/api/v3/pet/findByTags?tags=1,0,1.54,"HTTPConnectionPool(host='localhost', port=80): Max retries exceeded with url: /api/v1/mock/mock-swagger/api/v3/pet/findByTags?tags=1 (Caused by NewConnectionError(""HTTPConnection(host='localhost', port=80): Failed to establish a new connection: [Errno 111] Connection refused""))"
2026-09-24T22:09:04.892844,call_ep_put__pet_jchf_base,PUT,http://localhost/api/v1/mock/mock-swagger/api/v3/pet,0,1.58,"HTTPConnectionPool(host='localhost', port=80): Max retries exceeded with url: /api/v1/mock/mock-swagger/api/v3/pet (Caused by NewConnectionError(""HTTPConnection(host='localhost', port=80): Failed to establish a new connection: [Errno 111] Connection refused""))"
2026-09-24T22:09:04.903814,call_ep_get__pet_findByTags_eg92_scn_scn_ep_get__pet_findByTags_eg92_404,GET,http://localhost/api/v1/mock/mock-swagger/api/v3/pet/findByTags?tags=1&error=404,0,1.55,"HTTPConnectionPool(host='localhost', port=80): Max retries exceeded with url: /api/v1/mock/mock-swagger/api/v3/pet/findByTags?tags=1&error=404 (Caused by NewConnectionError(""HTTPConnection(host='localhost', port=80): Failed to establish a new connection: [Errno 111] Connection refused""))"
2026-09-24T22:09:04.979024,call_ep_post__pet_b5ji_scn_scn_ep_post__pet_b5ji_404,POST,http://localhost/api/v1/mock/mock-swagger/api/v3/pet?error=404,0,2.23,"HTTPConnectionPool(host='localhost', port=80): Max retries exceeded with url: /api/v1/mock/mock-swagger/api/v3/pet?error=404 (Caused by NewConnectionError(""HTTPConnection(host='localhost', port=80): Failed to establish a new connection: [Errno 111] Connection refused""))"
2026-09-24T22:09:04.987027,call_ep_get__pet_findByTags_eg92_scn_scn_ep_get__pet_findByTags_eg92_400,GET,http://localhost/api/v1/mock/mock-swagger/api/v3/pet/findByTags?tags=1,0,1.54,"HTTPConnectionPool(host='localhost', port=80): Max retries exceeded with url: /api/v1/mock/mock-swagger/api/v3/pet/findByTags?tags=1 (Caused by NewConnectionError(""HTTPConnection(host='localhost', port=80): Failed to establish a new connection: [Errno 111] Connection refused""))"
2026-09-24T22:09:04.994565,call_ep_put__pet_jchf_scn_scn_ep_put__pet_jchf_401,PUT,http://localhost/api/v1/mock/mock-swagger/api/v3/pet,0,1.53,"HTTPConnectionPool(host='localhost', port=80): Max retries exceeded with url: /api/v1/mock/mock-swagger/api/v3/pet (Caused by NewConnectionError(""HTTPConnection(host='localhost', port=80): Failed to establish a new connection: [Errno 111] Connection refused""))"
2026-09-24T22:09:05.005624,call_ep_get__pet__petId__mpbf_base,GET,http://localhost/api/v1/mock/mock-swagger/api/v3/pet/{petId},0,1.64,"HTTPConnectionPool(host='localhost', port=80): Max retries exceeded with url: /api/v1/mock/mock-swagger/api/v3/pet/%7BpetId%7D (Caused by NewConnectionError(""HTTPConnection(host='localhost', port=80): Failed to establish a new connection: [Errno 111] Connection refused""))"
2026-09-24T22:09:05.080822,call_ep_put__pet_jchf_base,PUT,http://localhost/api/v1/mock/mock-swagger/api/v3/pet,0,1.61,"HTTPConnectionPool(host='localhost', port=80): Max retries exceeded with url: /api/v1/mock/mock-swagger/api/v3/pet (Caused by NewConnectionError(""HTTPConnection(host='localhost', port=80): Failed to establish a new connection: [Errno 111] Connection refused""))"
2026-09-24T22:09:05.088809,call_ep_get__pet_findByTags_eg92_scn_scn_ep_get__pet_findByTags_eg92_404,GET,http://localhost/api/v1/mock/mock-swagger/api/v3/pet/findByTags?tags=1&error=404,0,1.59,"HTTPConnectionPool(host='localhost', port=80): Max retries exceeded with url: /api/v1/mock/mock-swagger/api/v3/pet/findByTags?tags=1&error=404 (Caused by NewConnectionError(""HTTPConnection(host='localhost', port=80): Failed to establish a new connection: [Errno 111] Connection refused""))"
2026-09-24T22:09:05.096603,call_ep_put__pet_jchf_scn_scn_ep_put__pet_jchf_400,PUT,http://localhost/api/v1/mock/mock-swagger/api/v3/pet,0,1.85,"HTTPConnectionPool(host='localhost', port=80): Max retries exceeded with url: /api/v1/mock/mock-swagger/api/v3/pet (Caused by NewConnectionError(""HTTPConnection(host='localhost', port=80): Failed to establish a new connection: [Errno 111] Connection refused""))"
2026-09-24T22:09:05.107548,call_ep_get__pet__petId__mpbf_scn_scn_ep_get__pet__petId__mpbf_401,GET,http://localhost/api/v1/mock/mock-swagger/api/v3/pet/{petId},0,1.73,"HTTPConnectionPool(host='localhost', port=80): Max retries exceeded with url: /api/v1/mock/mock-swagger/api/v3/pet/%7BpetId%7D (Caused by NewConnectionError(""HTTPConnection(host='localhost', port=80): Failed to establish a new connection: [Errno 111] Connection refused""))"
2026-09-24T22:09:05.182643,call_ep_put__pet_jchf_scn_scn_ep_put__pet_jchf_401,PUT,http://localhost/api/v1/mock/mock-swagger/api/v3/pet,0,1.63,"HTTPConnectionPool(host='localhost', port=80): Max retries exceeded with url: /api/v1/mock/mock-swagger/api/v3/pet (Caused by NewConnectionError(""HTTPConnection(host='localhost', port=80): Failed to establish a new connection: [Errno 111] Connection refused""))"
2026-09-24T22:09:05.190671,call_ep_get__pet__petId__mpbf_base,GET,http://localhost/api/v1/mock/mock-swagger/api/v3/pet/{petId},0,1.67,"HTTPConnectionPool(host='localhost', port=80): Max retries exceeded with url: /api/v1/mock/mock-swagger/api/v3/pet/%7BpetId%7D (Caused by NewConnectionError(""HTTPConnection(host='localhost', port=80): Failed to establish a new connection: [Errno 111] Connection refused""))"
2026-09-24T22:09:05.198444,call_ep_put__pet_jchf_scn_scn_ep_put__pet_jchf_404,PUT,http://localhost/api/v1/mock/mock-swagger/api/v3/pet?error=404,0,1.67,"HTTPConnectionPool(host='localhost', port=80): Max retries exceeded with url: /api/v1/mock/mock-swagger/api/v3/pet?error=404 (Caused by NewConnectionError(""HTTPConnection(host='localhost', port=80): Failed to establish a new connection: [Errno 111] Connection refused""))"
2026-09-24T22:09:05.209514,call_ep_get__pet__petId__mpbf_scn_scn_ep_get__pet__petId__mpbf_400,GET,http://localhost/api/v1/mock/mock-swagger/api/v3/pet/{petId},0,1.78,"HTTPConnectionPool(host='localhost', port=80): Max retries exceeded with url: /api/v1/mock/mock-swagger/api/v3/pet/%7BpetId%7D (Caused by NewConnectionError(""HTTPConnection(host='localhost', port=80): Failed to establish a new connection: [Errno 111] Connection refused""))"
2026-09-24T22:09:05.284493,call_ep_put__pet_jchf_scn_scn_ep_put__pet_jchf_400,PUT,http://localhost/api/v1/mock/mock-swagger/api/v3/pet,0,1.66,"HTTPConnectionPool(host='localhost', port=80): Max retries exceeded with url: /api/v1/mock/mock-swagger/api/v3/pet (Caused by NewConnectionError(""HTTPConnection(host='localhost', port=80): Failed to establish a new connection: [Errno 111] Connection refused""))"
2026-09-24T22:09:05.295052,call_ep_get__pet__petId__mpbf_scn_scn_ep_get__pet__petId__mpbf_401,GET,http://localhost/api/v1/mock/mock-swagger/api/v3/pet/{petId},0,4.19,"HTTPConnectionPool(host='localhost', port=80): Max retries exceeded with url: /api/v1/mock/mock-swagger/api/v3/pet/%7BpetId%7D (Caused by NewConnectionError(""HTTPConnection(host='localhost', port=80): Failed to establish a new connection: [Errno 111] Connection refused""))"
2026-09-24T22:09:05.300377,call_ep_get__pet_findByStatus_t14w_base,GET,http://localhost/api/v1/mock/mock-swagger/api/v3/pet/findByStatus?status=1,0,1.74,"HTTPConnectionPool(host='localhost', port=80): Max retries exceeded with url: /api/v1/mock/mock-swagger/api/v3/pet/findByStatus?status=1 (Caused by NewConnectionError(""HTTPConnection(host='localhost', port=80): Failed to establish a new connection: [Errno 111] Connection refused""))"
2026-09-24T22:09:05.311334,call_ep_get__pet__petId__mpbf_scn_scn_ep_get__pet__petId__mpbf_404,GET,http://localhost/api/v1/mock/mock-swagger/api/v3/pet/999999999,0,1.63,"HTTPConnectionPool(host='localhost', port=80): Max retries exceeded with url: /api/v1/mock/mock-swagger/api/v3/pet/999999999 (Caused by NewConnectionError(""HTTPConnection(host='localhost', port=80): Failed to establish a new connection: [Errno 111] Connection refused""))"
2026-09-24T22:09:05.386320,call_ep_put__pet_jchf_scn_scn_ep_put__pet_jchf_404,PUT,http://localhost/api/v1/mock/mock-swagger/api/v3/pet?error=404,0,1.64,"HTTPConnectionPool(host='localhost', port=80): Max retries exceeded with url: /api/v1/mock/mock-swagger/api/v3/pet?error=404 (Caused by NewConnectionError(""HTTPConnection(host='localhost', port=80): Failed to establish a new connection: [Errno 111] Connection refused""))"
2026-09-24T22:09:05.396863,call_ep_get__pet__petId__mpbf_scn_scn_ep_get__pet__petId__mpbf_400,GET,http://localhost/api/v1/mock/mock-swagger/api/v3/pet/{petId},0,1.63,"HTTPConnectionPool(host='localhost', port=80): Max retries exceeded with url: /api/v1/mock/mock-swagger/api/v3/pet/%7BpetId%7D (Caused by NewConnectionError(""HTTPConnection(host='localhost', port=80): Failed to establish a new connection: [Errno 111] Connection refused""))"
2026-09-24T22:09:05.402161,call_ep_get__pet_findByStatus_t14w_scn_scn_ep_get__pet_findByStatus_t14w_401,GET,http://localhost/api/v1/mock/mock-swagger/api/v3/pet/findByStatus?status=1,0,1.6,"HTTPConnectionPool(host='localhost', port=80): Max retries exceeded with url: /api/v1/mock/mock-swagger/api/v3/pet/findByStatus?status=1 (Caused by NewConnectionError(""HTTPConnection(host='localhost', port=80): Failed to establish a new connection: [Errno 111] Connection refused""))"
2026-09-24T22:09:05.413191,call_ep_post__pet_b5ji_base,POST,http://localhost/api/v1/mock/mock-swagger/api/v3/pet,0,1.67,"HTTPConnectionPool(host='localhost', port=80): Max retries exceeded with url: /api/v1/mock/mock-swagger/api/v3/pet (Caused by NewConnectionError(""HTTPConnection(host='localhost', port=80): Failed to establish a new connection: [Errno 111] Connection refused""))"
2026-09-24T22:09:05.488430,call_ep_get__pet_findByStatus_t14w_base,GET,http://localhost/api/v1/mock/mock-swagger/api/v3/pet/findByStatus?status=1,0,1.9,"HTTPConnectionPool(host='localhost', port=80): Max retries exceeded with url: /api/v1/mock/mock-swagger/api/v3/pet/findByStatus?status=1 (Caused by NewConnectionError(""HTTPConnection(host='localhost', port=80): Failed to establish a new connection: [Errno 111] Connection refused""))"
2026-09-24T22:09:05.498650,call_ep_get__pet__petId__mpbf_scn_scn_ep_get__pet__petId__mpbf_404,GET,http://localhost/api/v1/mock/mock-swagger/api/v3/pet/999999999,0,1.58,"HTTPConnectionPool(host='localhost', port=80): Max retries exceeded with url: /api/v1/mock/mock-swagger/api/v3/pet/999999999 (Caused by NewConnectionError(""HTTPConnection(host='localhost', port=80): Failed to establish a new connection: [Errno 111] Connection refused""))"
2026-09-24T22:09:05.503900,call_ep_get__pet_findByStatus_t14w_scn_scn_ep_get__pet_findByStatus_t14w_400,GET,http://localhost/api/v1/mock/mock-swagger/api/v3/pet/findByStatus?status=1,0,1.53,"HTTPConnectionPool(host='localhost', port=80): Max retries exceeded with url: /api/v1/mock/mock-swagger/api/v3/pet/findByStatus?status=1 (Caused by NewConnectionError(""HTTPConnection(host='localhost', port=80): Failed to establish a new connection: [Errno 111] Connection refused""))"
2026-09-24T22:09:05.514976,call_ep_post__pet_b5ji_scn_scn_ep_post__pet_b5ji_401,POST,http://localhost/api/v1/mock/mock-swagger/api/v3/pet,0,1.6,"HTTPConnectionPool(host='localhost', port=80): Max retries exceeded with url: /api/v1/mock/mock-swagger/api/v3/pet (Caused by NewConnectionError(""HTTPConnection(host='localhost', port=80): Failed to establish a new connection: [Errno 111] Connection refused""))"
2026-09-24T22:09:05.590707,call_ep_get__pet_findByStatus_t14w_scn_scn_ep_get__pet_findByStatus_t14w_401,GET,http://localhost/api/v1/mock/mock-swagger/api/v3/pet/findByStatus?status=1,0,2.09,"HTTPConnectionPool(host='localhost', port=80): Max retries exceeded with url: /api/v1/mock/mock-swagger/api/v3/pet/findByStatus?status=1 (Caused by NewConnectionError(""HTTPConnection(host='localhost', port=80): Failed to establish a new connection: [Errno 111] Connection refused""))"
2026-09-24T22:09:05.600404,call_ep_post__pet_b5ji_base,POST,http://localhost/api/v1/mock/mock-swagger/api/v3/pet,0,1.57,"HTTPConnectionPool(host='localhost', port=80): Max retries exceeded with url: /api/v1/mock/mock-swagger/api/v3/pet (Caused by NewConnectionError(""HTTPConnection(host='localhost', port=80): Failed to establish a new connection: [Errno 111] Connection refused""))"
2026-09-24T22:09:05.605640,call_ep_get__pet_findByStatus_t14w_scn_scn_ep_get__pet_findByStatus_t14w_404,GET,http://localhost/api/v1/mock/mock-swagger/api/v3/pet/findByStatus?status=1&error=404,0,1.55,"HTTPConnectionPool(host='localhost', port=80): Max retries exceeded with url: /api/v1/mock/mock-swagger/api/v3/pet/findByStatus?status=1&error=404 (Caused by NewConnectionError(""HTTPConnection(host='localhost', port=80): Failed to establish a new connection: [Errno 111] Connection refused""))"
2026-09-24T22:09:05.616697,call_ep_post__pet_b5ji_scn_scn_ep_post__pet_b5ji_400,POST,http://localhost/api/v1/mock/mock-swagger/api/v3/pet,0,1.54,"HTTPConnectionPool(host='localhost', port=80): Max retries exceeded with url: /api/v1/mock/mock-swagger/api/v3/pet (Caused by NewConnectionError(""HTTPConnection(host='localhost', port=80): Failed to establish a new connection: [Errno 111] Connection refused""))"
2026-09-24T22:09:05.692495,call_ep_get__pet_findByStatus_t14w_scn_scn_ep_get__pet_findByStatus_t14w_400,GET,http://localhost/api/v1/mock/mock-swagger/api/v3/pet/findByStatus?status=1,0,1.6,"HTTPConnectionPool(host='localhost', port=80): Max retries exceeded with url: /api/v1/mock/mock-swagger/api/v3/pet/findByStatus?status=1 (Caused by NewConnectionError(""HTTPConnection(host='localhost', port=80): Failed to establish a new connection: [Errno 111] Connection refused""))"
2026-09-24T22:09:05.702169,call_ep_post__pet_b5ji_scn_scn_ep_post__pet_b5ji_401,POST,http://localhost/api/v1/mock/mock-swagger/api/v3/pet,0,1.58,"HTTPConnectionPool(host='localhost', port=80): Max retries exceeded with url: /api/v1/mock/mock-swagger/api/v3/pet (Caused by NewConnectionError(""HTTPConnection(host='localhost', port=80): Failed to establish a new connection: [Errno 111] Connection refused""))"
2026-09-24T22:09:05.707373,call_ep_get__pet_findByTags_eg92_base,GET,http://localhost/api/v1/mock/mock-swagger/api/v3/pet/findByTags?tags=1,0,1.55,"HTTPConnectionPool(host='localhost', port=80): Max retries exceeded with url: /api/v1/mock/mock-swagger/api/v3/pet/findByTags?tags=1 (Caused by NewConnectionError(""HTTPConnection(host='localhost', port=80): Failed to establish a new connection: [Errno 111] Connection refused""))"
2026-09-24T22:09:05.718473,call_ep_post__pet_b5ji_scn_scn_ep_post__pet_b5ji_404,POST,http://localhost/api/v1/mock/mock-swagger/api/v3/pet?error=404,0,1.62,"HTTPConnectionPool(host='localhost', port=80): Max retries exceeded with url: /api/v1/mock/mock-swagger/api/v3/pet?error=404 (Caused by NewConnectionError(""HTTPConnection(host='localhost', port=80): Failed to establish a new connection: [Errno 111] Connection refused""))"
2026-09-24T22:09:05.785295,call_ep_post__pet_b5ji_base,POST,http://localhost/api/v1/mock/mock-swagger/api/v3/pet,0,2.08,"HTTPConnectionPool(host='localhost', port=80): Max retries exceeded with url: /api/v1/mock/mock-swagger/api/v3/pet (Caused by NewConnectionError(""HTTPConnection(host='localhost', port=80): Failed to establish a new connection: [Errno 111] Connection refused""))"
2026-09-24T22:09:05.794235,call_ep_get__pet_findByStatus_t14w_scn_scn_ep_get__pet_findByStatus_t14w_404,GET,http://localhost/api/v1/mock/mock-swagger/api/v3/pet/findByStatus?status=1&error=404,0,1.55,"HTTPConnectionPool(host='localhost', port=80): Max retries exceeded with url: /api/v1/mock/mock-swagger/api/v3/pet/findByStatus?status=1&error=404 (Caused by NewConnectionError(""HTTPConnection(host='localhost', port=80): Failed to establish a new connection: [Errno 111] Connection refused""))"
2026-09-24T22:09:05.803917,call_ep_post__pet_b5ji_scn_scn_ep_post__pet_b5ji_400,POST,http://localhost/api/v1/mock/mock-swagger/api/v3/pet,0,1.57,"HTTPConnectionPool(host='localhost', port=80): Max retries exceeded with url: /api/v1/mock/mock-swagger/api/v3/pet (Caused by NewConnectionError(""HTTPConnection(host='localhost', port=80): Failed to establish a new connection: [Errno 111] Connection refused""))"
2026-09-24T22:09:05.809097,call_ep_get__pet_findByTags_eg92_scn_scn_ep_get__pet_findByTags_eg92_401,GET,http://localhost/api/v1/mock/mock-swagger/api/v3/pet/findByTags?tags=1,0,1.54,"HTTPConnectionPool(host='localhost', port=80): Max retries exceeded with url: /api/v1/mock/mock-swagger/api/v3/pet/findByTags?tags=1 (Caused by NewConnectionError(""HTTPConnection(host='localhost', port=80): Failed to establish a new connection: [Errno 111] Connection refused""))"
2026-09-24T22:09:05.820867,call_ep_put__pet_jchf_base,PUT,http://localhost/api/v1/mock/mock-swagger/api/v3/pet,0,2.2,"HTTPConnectionPool(host='localhost', port=80): Max retries exceeded with url: /api/v1/mock/mock-swagger/api/v3/pet (Caused by NewConnectionError(""HTTPConnection(host='localhost', port=80): Failed to establish a new connection: [Errno 111] Connection refused""))"
2026-09-24T22:09:05.886754,call_ep_post__pet_b5ji_scn_scn_ep_post__pet_b5ji_401,POST,http://localhost/api/v1/mock/mock-swagger/api/v3/pet,0,1.27,"HTTPConnectionPool(host='localhost', port=80): Max retries exceeded with url: /api/v1/mock/mock-swagger/api/v3/pet (Caused by NewConnectionError(""HTTPConnection(host='localhost', port=80): Failed to establish a new connection: [Errno 111] Connection refused""))"
2026-09-24T22:09:05.895946,call_ep_get__pet_findByTags_eg92_base,GET,http://localhost/api/v1/mock/mock-swagger/api/v3/pet/findByTags?tags=1,0,1.53,"HTTPConnectionPool(host='localhost', port=80): Max retries exceeded with url: /api/v1/mock/mock-swagger/api/v3/pet/findByTags?tags=1 (Caused by NewConnectionError(""HTTPConnection(host='localhost', port=80): Failed to establish a new connection: [Errno 111] Connection refused""))"
2026-09-24T22:09:05.905665,call_ep_post__pet_b5ji_scn_scn_ep_post__pet_b5ji_404,POST,http://localhost/api/v1/mock/mock-swagger/api/v3/pet?error=404,0,1.56,"HTTPConnectionPool(host='localhost', port=80): Max retries exceeded with url: /api/v1/mock/mock-swagger/api/v3/pet?error=404 (Caused by NewConnectionError(""HTTPConnection(host='localhost', port=80): Failed to establish a new connection: [Errno 111] Connection refused""))"
2026-09-24T22:09:05.910836,call_ep_get__pet_findByTags_eg92_scn_scn_ep_get__pet_findByTags_eg92_400,GET,http://localhost/api/v1/mock/mock-swagger/api/v3/pet/findByTags?tags=1,0,1.54,"HTTPConnectionPool(host='localhost', port=80): Max retries exceeded with url: /api/v1/mock/mock-swagger/api/v3/pet/findByTags?tags=1 (Caused by NewConnectionError(""HTTPConnection(host='localhost', port=80): Failed to establish a new connection: [Errno 111] Connection refused""))"
2026-09-24T22:09:05.922670,call_ep_put__pet_jchf_scn_scn_ep_put__pet_jchf_401,PUT,http://localhost/api/v1/mock/mock-swagger/api/v3/pet,0,1.6,"HTTPConnectionPool(host='localhost', port=80): Max retries exceeded with url: /api/v1/mock/mock-swagger/api/v3/pet (Caused by NewConnectionError(""HTTPConnection(host='localhost', port=80): Failed to establish a new connection: [Errno 111] Connection refused""))"
2026-09-24T22:09:05.988261,call_ep_post__pet_b5ji_scn_scn_ep_post__pet_b5ji_400,POST,http://localhost/api/v1/mock/mock-swagger/api/v3/pet,0,1.32,"HTTPConnectionPool(host='localhost', port=80): Max retries exceeded with url: /api/v1/mock/mock-swagger/api/v3/pet (Caused by NewConnectionError(""HTTPConnection(host='localhost', port=80): Failed to establish a new connection: [Errno 111] Connection refused""))"
2026-09-24T22:09:05.997682,call_ep_get__pet_findByTags_eg92_scn_scn_ep_get__pet_findByTags_eg92_401,GET,http://localhost/api/v1/mock/mock-swagger/api/v3/pet/findByTags?tags=1,0,1.55,"HTTPConnectionPool(host='localhost', port=80): Max retries exceeded with url: /api/v1/mock/mock-swagger/api/v3/pet/findByTags?tags=1 (Caused by NewConnectionError(""HTTPConnection(host='localhost', port=80): Failed to establish a new connection: [Errno 111] Connection refused""))"
2026-09-24T22:09:06.007428,call_ep_put__pet_jchf_base,PUT,http://localhost/api/v1/mock/mock-swagger/api/v3/pet,0,1.58,"HTTPConnectionPool(host='localhost', port=80): Max retries exceeded with url: /api/v1/mock/mock-swagger/api/v3/pet (Caused by NewConnectionError(""HTTPConnection(host='localhost', port=80): Failed to establish a new connection: [Errno 111] Connection refused""))"
2026-09-24T22:09:06.012559,call_ep_get__pet_findByTags_eg92_scn_scn_ep_get__pet_findByTags_eg92_404,GET,http://localhost/api/v1/mock/mock-swagger/api/v3/pet/findByTags?tags=1&error=404,0,1.52,"HTTPConnectionPool(host='localhost', port=80): Max retries exceeded with url: /api/v1/mock/mock-swagger/api/v3/pet/findByTags?tags=1&error=404 (Caused by NewConnectionError(""HTTPConnection(host='localhost', port=80): Failed to establish a new connection: [Errno 111] Connection refused""))"
2026-09-24T22:09:06.024565,call_ep_put__pet_jchf_scn_scn_ep_put__pet_jchf_400,PUT,http://localhost/api/v1/mock/mock-swagger/api/v3/pet,0,1.69,"HTTPConnectionPool(host='localhost', port=80): Max retries exceeded with url: /api/v1/mock/mock-swagger/api/v3/pet (Caused by NewConnectionError(""HTTPConnection(host='localhost', port=80): Failed to establish a new connection: [Errno 111] Connection refused""))"
2026-09-24T22:09:06.090470,call_ep_post__pet_b5ji_scn_scn_ep_post__pet_b5ji_404,POST,http://localhost/api/v1/mock/mock-swagger/api/v3/pet?error=404,0,2.0,"HTTPConnectionPool(host='localhost', port=80): Max retries exceeded with url: /api/v1/mock/mock-swagger/api/v3/pet?error=404 (Caused by NewConnectionError(""HTTPConnection(host='localhost', port=80): Failed to establish a new connection: [Errno 111] Connection refused""))"
2026-09-24T22:09:06.099418,call_ep_get__pet_findByTags_eg92_scn_scn_ep_get__pet_findByTags_eg92_400,GET,http://localhost/api/v1/mock/mock-swagger/api/v3/pet/findByTags?tags=1,0,1.55,"HTTPConnectionPool(host='localhost', port=80): Max retries exceeded with url: /api/v1/mock/mock-swagger/api/v3/pet/findByTags?tags=1 (Caused by NewConnectionError(""HTTPConnection(host='localhost', port=80): Failed to establish a new connection: [Errno 111] Connection refused""))"
2026-09-24T22:09:06.109769,call_ep_put__pet_jchf_scn_scn_ep_put__pet_jchf_401,PUT,http://localhost/api/v1/mock/mock-swagger/api/v3/pet,0,2.16,"HTTPConnectionPool(host='localhost', port=80): Max retries exceeded with url: /api/v1/mock/mock-swagger/api/v3/pet (Caused by NewConnectionError(""HTTPConnection(host='localhost', port=80): Failed to establish a new connection: [Errno 111] Connection refused""))"
2026-09-24T22:09:06.114354,call_ep_get__pet__petId__mpbf_base,GET,http://localhost/api/v1/mock/mock-swagger/api/v3/pet/{petId},0,1.61,"HTTPConnectionPool(host='localhost', port=80): Max retries exceeded with url: /api/v1/mock/mock-swagger/api/v3/pet/%7BpetId%7D (Caused by NewConnectionError(""HTTPConnection(host='localhost', port=80): Failed to establish a new connection: [Errno 111] Connection refused""))"
2026-09-24T22:09:06.126338,call_ep_put__pet_jchf_scn_scn_ep_put__pet_jchf_404,PUT,http://localhost/api/v1/mock/mock-swagger/api/v3/pet?error=404,0,1.58,"HTTPConnectionPool(host='localhost', port=80): Max retries exceeded with url: /api/v1/mock/mock-swagger/api/v3/pet?error=404 (Caused by NewConnectionError(""HTTPConnection(host='localhost', port=80): Failed to establish a new connection: [Errno 111] Connection refused""))"
2026-09-24T22:09:06.192361,call_ep_put__pet_jchf_base,PUT,http://localhost/api/v1/mock/mock-swagger/api/v3/pet,0,1.7,"HTTPConnectionPool(host='localhost', port=80): Max retries exceeded with url: /api/v1/mock/mock-swagger/api/v3/pet (Caused by NewConnectionError(""HTTPConnection(host='localhost', port=80): Failed to establish a new connection: [Errno 111] Connection refused""))"
2026-09-24T22:09:06.201122,call_ep_get__pet_findByTags_eg92_scn_scn_ep_get__pet_findByTags_eg92_404,GET,http://localhost/api/v1/mock/mock-swagger/api/v3/pet/findByTags?tags=1&error=404,0,1.52,"HTTPConnectionPool(host='localhost', port=80): Max retries exceeded with url: /api/v1/mock/mock-swagger/api/v3/pet/findByTags?tags=1&error=404 (Caused by NewConnectionError(""HTTPConnection(host='localhost', port=80): Failed to establish a new connection: [Errno 111] Connection refused""))"
2026-09-24T22:09:06.211484,call_ep_put__pet_jchf_scn_scn_ep_put__pet_jchf_400,PUT,http://localhost/api/v1/mock/mock-swagger/api/v3/pet,0,1.53,"HTTPConnectionPool(host='localhost', port=80): Max retries exceeded with url: /api/v1/mock/mock-swagger/api/v3/pet (Caused by NewConnectionError(""HTTPConnection(host='localhost', port=80): Failed to establish a new connection: [Errno 111] Connection refused""))"
2026-09-24T22:09:06.216154,call_ep_get__pet__petId__mpbf_scn_scn_ep_get__pet__petId__mpbf_401,GET,http://localhost/api/v1/mock/mock-swagger/api/v3/pet/{petId},0,1.61,"HTTPConnectionPool(host='localhost', port=80): Max retries exceeded with url: /api/v1/mock/mock-swagger/api/v3/pet/%7BpetId%7D (Caused by NewConnectionError(""HTTPConnection(host='localhost', port=80): Failed to establish a new connection: [Errno 111] Connection refused""))"
2026-09-24T22:09:06.228182,call_ep_get__pet_findByStatus_t14w_base,GET,http://localhost/api/v1/mock/mock-swagger/api/v3/pet/findByStatus?status=1,0,1.65,"HTTPConnectionPool(host='localhost', port=80): Max retries exceeded with url: /api/v1/mock/mock-swagger/api/v3/pet/findByStatus?status=1 (Caused by NewConnectionError(""HTTPConnection(host='localhost', port=80): Failed to establish a new connection: [Errno 111] Connection refused""))"
2026-09-24T22:09:06.294154,call_ep_put__pet_jchf_scn_scn_ep_put__pet_jchf_401,PUT,http://localhost/api/v1/mock/mock-swagger/api/v3/pet,0,1.61,"HTTPConnectionPool(host='localhost', port=80): Max retries exceeded with url: /api/v1/mock/mock-swagger/api/v3/pet (Caused by NewConnectionError(""HTTPConnection(host='localhost', port=80): Failed to establish a new connection: [Errno 111] Connection refused""))"
2026-09-24T22:09:06.303022,call_ep_get__pet__petId__mpbf_base,GET,http://localhost/api/v1/mock/mock-swagger/api/v3/pet/{petId},0,1.72,"HTTPConnectionPool(host='localhost', port=80): Max retries exceeded with url: /api/v1/mock/mock-swagger/api/v3/pet/%7BpetId%7D (Caused by NewConnectionError(""HTTPConnection(host='localhost', port=80): Failed to establish a new connection: [Errno 111] Connection refused""))"
2026-09-24T22:09:06.313238,call_ep_put__pet_jchf_scn_scn_ep_put__pet_jchf_404,PUT,http://localhost/api/v1/mock/mock-swagger/api/v3/pet?error=404,0,1.6,"HTTPConnectionPool(host='localhost', port=80): Max retries exceeded with url: /api/v1/mock/mock-swagger/api/v3/pet?error=404 (Caused by NewConnectionError(""HTTPConnection(host='localhost', port=80): Failed to establish a new connection: [Errno 111] Connection refused""))"
2026-09-24T22:09:06.317957,call_ep_get__pet__petId__mpbf_scn_scn_ep_get__pet__petId__mpbf_400,GET,http://localhost/api/v1/mock/mock-swagger/api/v3/pet/{petId},0,1.62,"HTTPConnectionPool(host='localhost', port=80): Max retries exceeded with url: /api/v1/mock/mock-swagger/api/v3/pet/%7BpetId%7D (Caused by NewConnectionError(""HTTPConnection(host='localhost', port=80): Failed to establish a new connection: [Errno 111] Connection refused""))"
2026-09-24T22:09:06.329926,call_ep_get__pet_findByStatus_t14w_scn_scn_ep_get__pet_findByStatus_t14w_401,GET,http://localhost/api/v1/mock/mock-swagger/api/v3/pet/findByStatus?status=1,0,1.54,"HTTPConnectionPool(host='localhost', port=80): Max retries exceeded with url: /api/v1/mock/mock-swagger/api/v3/pet/findByStatus?status=1 (Caused by NewConnectionError(""HTTPConnection(host='localhost', port=80): Failed to establish a new connection: [Errno 111] Connection refused""))"
2026-09-24T22:09:06.396607,call_ep_put__pet_jchf_scn_scn_ep_put__pet_jchf_400,PUT,http://localhost/api/v1/mock/mock-swagger/api/v3/pet,0,2.27,"HTTPConnectionPool(host='localhost', port=80): Max retries exceeded with url: /api/v1/mock/mock-swagger/api/v3/pet (Caused by NewConnectionError(""HTTPConnection(host='localhost', port=80): Failed to establish a new connection: [Errno 111] Connection refused""))"
2026-09-24T22:09:06.404742,call_ep_get__pet__petId__mpbf_scn_scn_ep_get__pet__petId__mpbf_401,GET,http://localhost/api/v1/mock/mock-swagger/api/v3/pet/{petId},0,1.57,"HTTPConnectionPool(host='localhost', port=80): Max retries exceeded with url: /api/v1/mock/mock-swagger/api/v3/pet/%7BpetId%7D (Caused by NewConnectionError(""HTTPConnection(host='localhost', port=80): Failed to establish a new connection: [Errno 111] Connection refused""))"
2026-09-24T22:09:06.414929,call_ep_get__pet_findByStatus_t14w_base,GET,http://localhost/api/v1/mock/mock-swagger/api/v3/pet/findByStatus?status=1,0,1.53,"HTTPConnectionPool(host='localhost', port=80): Max retries exceeded with url: /api/v1/mock/mock-swagger/api/v3/pet/findByStatus?status=1 (Caused by NewConnectionError(""HTTPConnection(host='localhost', port=80): Failed to establish a new connection: [Errno 111] Connection refused""))"
2026-09-24T22:09:06.419654,call_ep_get__pet__petId__mpbf_scn_scn_ep_get__pet__petId__mpbf_404,GET,http://localhost/api/v1/mock/mock-swagger/api/v3/pet/999999999,0,1.51,"HTTPConnectionPool(host='localhost', port=80): Max retries exceeded with url: /api/v1/mock/mock-swagger/api/v3/pet/999999999 (Caused by NewConnectionError(""HTTPConnection(host='localhost', port=80): Failed to establish a new connection: [Errno 111] Connection refused""))"
2026-09-24T22:09:06.431657,call_ep_get__pet_findByStatus_t14w_scn_scn_ep_get__pet_findByStatus_t14w_400,GET,http://localhost/api/v1/mock/mock-swagger/api/v3/pet/findByStatus?status=1,0,1.55,"HTTPConnectionPool(host='localhost', port=80): Max retries exceeded with url: /api/v1/mock/mock-swagger/api/v3/pet/findByStatus?status=1 (Caused by NewConnectionError(""HTTPConnection(host='localhost', port=80): Failed to establish a new connection: [Errno 111] Connection refused""))"
2026-09-24T22:09:06.498731,call_ep_put__pet_jchf_scn_scn_ep_put__pet_jchf_404,PUT,http://localhost/api/v1/mock/mock-swagger/api/v3/pet?error=404,0,1.92,"HTTPConnectionPool(host='localhost', port=80): Max retries exceeded with url: /api/v1/mock/mock-swagger/api/v3/pet?error=404 (Caused by NewConnectionError(""HTTPConnection(host='localhost', port=80): Failed to establish a new connection: [Errno 111] Connection refused""))"
2026-09-24T22:09:06.506547,call_ep_get__pet__petId__mpbf_scn_scn_ep_get__pet__petId__mpbf_400,GET,http://localhost/api/v1/mock/mock-swagger/api/v3/pet/{petId},0,1.61,"HTTPConnectionPool(host='localhost', port=80): Max retries exceeded with url: /api/v1/mock/mock-swagger/api/v3/pet/%7BpetId%7D (Caused by NewConnectionError(""HTTPConnection(host='localhost', port=80): Failed to establish a new connection: [Errno 111] Connection refused""))"
2026-09-24T22:09:06.516696,call_ep_get__pet_findByStatus_t14w_scn_scn_ep_get__pet_findByStatus_t14w_401,GET,http://localhost/api/v1/mock/mock-swagger/api/v3/pet/findByStatus?status=1,0,1.58,"HTTPConnectionPool(host='localhost', port=80): Max retries exceeded with url: /api/v1/mock/mock-swagger/api/v3/pet/findByStatus?status=1 (Caused by NewConnectionError(""HTTPConnection(host='localhost', port=80): Failed to establish a new connection: [Errno 111] Connection refused""))"
2026-09-24T22:09:06.521484,call_ep_post__pet_b5ji_base,POST,http://localhost/api/v1/mock/mock-swagger/api/v3/pet,0,1.64,"HTTPConnectionPool(host='localhost', port=80): Max retries exceeded with url: /api/v1/mock/mock-swagger/api/v3/pet (Caused by NewConnectionError(""HTTPConnection(host='localhost', port=80): Failed to establish a new connection: [Errno 111] Connection refused""))"
2026-09-24T22:09:06.533406,call_ep_get__pet_findByStatus_t14w_scn_scn_ep_get__pet_findByStatus_t14w_404,GET,http://localhost/api/v1/mock/mock-swagger/api/v3/pet/findByStatus?status=1&error=404,0,1.56,"HTTPConnectionPool(host='localhost', port=80): Max retries exceeded with url: /api/v1/mock/mock-swagger/api/v3/pet/findByStatus?status=1&error=404 (Caused by NewConnectionError(""HTTPConnection(host='localhost', port=80): Failed to establish a new connection: [Errno 111] Connection refused""))"
2026-09-24T22:09:06.600455,call_ep_get__pet_findByStatus_t14w_base,GET,http://localhost/api/v1/mock/mock-swagger/api/v3/pet/findByStatus?status=1,0,1.52,"HTTPConnectionPool(host='localhost', port=80): Max retries exceeded with url: /api/v1/mock/mock-swagger/api/v3/pet/findByStatus?status=1 (Caused by NewConnectionError(""HTTPConnection(host='localhost', port=80): Failed to establish a new connection: [Errno 111] Connection refused""))"
2026-09-24T22:09:06.608797,call_ep_get__pet__petId__mpbf_scn_scn_ep_get__pet__petId__mpbf_404,GET,http://localhost/api/v1/mock/mock-swagger/api/v3/pet/999999999,0,2.07,"HTTPConnectionPool(host='localhost', port=80): Max retries exceeded with url: /api/v1/mock/mock-swagger/api/v3/pet/999999999 (Caused by NewConnectionError(""HTTPConnection(host='localhost', port=80): Failed to establish a new connection: [Errno 111] Connection refused""))"
2026-09-24T22:09:06.618439,call_ep_get__pet_findByStatus_t14w_scn_scn_ep_get__pet_findByStatus_t14w_400,GET,http://localhost/api/v1/mock/mock-swagger/api/v3/pet/findByStatus?status=1,0,1.56,"HTTPConnectionPool(host='localhost', port=80): Max retries exceeded with url: /api/v1/mock/mock-swagger/api/v3/pet/findByStatus?status=1 (Caused by NewConnectionError(""HTTPConnection(host='localhost', port=80): Failed to establish a new connection: [Errno 111] Connection refused""))"
2026-09-24T22:09:06.623257,call_ep_post__pet_b5ji_scn_scn_ep_post__pet_b5ji_401,POST,http://localhost/api/v1/mock/mock-swagger/api/v3/pet,0,1.59,"HTTPConnectionPool(host='localhost', port=80): Max retries exceeded with url: /api/v1/mock/mock-swagger/api/v3/pet (Caused by NewConnectionError(""HTTPConnection(host='localhost', port=80): Failed to establish a new connection: [Errno 111] Connection refused""))"
2026-09-24T22:09:06.635128,call_ep_get__pet_findByTags_eg92_base,GET,http://localhost/api/v1/mock/mock-swagger/api/v3/pet/findByTags?tags=1,0,1.54,"HTTPConnectionPool(host='localhost', port=80): Max retries exceeded with url: /api/v1/mock/mock-swagger/api/v3/pet/findByTags?tags=1 (Caused by NewConnectionError(""HTTPConnection(host='localhost', port=80): Failed to establish a new connection: [Errno 111] Connection refused""))"
2026-09-24T22:09:06.702335,call_ep_get__pet_findByStatus_t14w_scn_scn_ep_get__pet_findByStatus_t14w_401,GET,http://localhost/api/v1/mock/mock-swagger/api/v3/pet/findByStatus?status=1,0,1.69,"HTTPConnectionPool(host='localhost', port=80): Max retries exceeded with url: /api/v1/mock/mock-swagger/api/v3/pet/findByStatus?status=1 (Caused by NewConnectionError(""HTTPConnection(host='localhost', port=80): Failed to establish a new connection: [Errno 111] Connection refused""))"
2026-09-24T22:09:06.710608,call_ep_post__pet_b5ji_base,POST,http://localhost/api/v1/mock/mock-swagger/api/v3/pet,0,1.62,"HTTPConnectionPool(host='localhost', port=80): Max retries exceeded with url: /api/v1/mock/mock-swagger/api/v3/pet (Caused by NewConnectionError(""HTTPConnection(host='localhost', port=80): Failed to establish a new connection: [Errno 111] Connection refused""))"
2026-09-24T22:09:06.720190,call_ep_get__pet_findByStatus_t14w_scn_scn_ep_get__pet_findByStatus_t14w_404,GET,http://localhost/api/v1/mock/mock-swagger/api/v3/pet/findByStatus?status=1&error=404,0,1.57,"HTTPConnectionPool(host='localhost', port=80): Max retries exceeded with url: /api/v1/mock/mock-swagger/api/v3/pet/findByStatus?status=1&error=404 (Caused by NewConnectionError(""HTTPConnection(host='localhost', port=80): Failed to establish a new connection: [Errno 111] Connection refused""))"
2026-09-24T22:09:06.725046,call_ep_post__pet_b5ji_scn_scn_ep_post__pet_b5ji_400,POST,http://localhost/api/v1/mock/mock-swagger/api/v3/pet,0,1.6,"HTTPConnectionPool(host='localhost', port=80): Max retries exceeded with url: /api/v1/mock/mock-swagger/api/v3/pet (Caused by NewConnectionError(""HTTPConnection(host='localhost', port=80): Failed to establish a new connection: [Errno 111] Connection refused""))"
2026-09-24T22:09:06.736868,call_ep_get__pet_findByTags_eg92_scn_scn_ep_get__pet_findByTags_eg92_401,GET,http://localhost/api/v1/mock/mock-swagger/api/v3/pet/findByTags?tags=1,0,1.55,"HTTPConnectionPool(host='localhost', port=80): Max retries exceeded with url: /api/v1/mock/mock-swagger/api/v3/pet/findByTags?tags=1 (Caused by NewConnectionError(""HTTPConnection(host='localhost', port=80): Failed to establish a new connection: [Errno 111] Connection refused""))"
2026-09-24T22:09:06.804563,call_ep_get__pet_findByStatus_t14w_scn_scn_ep_get__pet_findByStatus_t14w_400,GET,http://localhost/api/v1/mock/mock-swagger/api/v3/pet/findByStatus?status=1,0,2.02,"HTTPConnectionPool(host='localhost', port=80): Max retries exceeded with url: /api/v1/mock/mock-swagger/api/v3/pet/findByStatus?status=1 (Caused by NewConnectionError(""HTTPConnection(host='localhost', port=80): Failed to establish a new connection: [Errno 111] Connection refused""))"
2026-09-24T22:09:06.812389,call_ep_post__pet_b5ji_scn_scn_ep_post__pet_b5ji_401,POST,http://localhost/api/v1/mock/mock-swagger/api/v3/pet,0,1.6,"HTTPConnectionPool(host='localhost', port=80): Max retries exceeded with url: /api/v1/mock/mock-swagger/api/v3/pet (Caused by NewConnectionError(""HTTPConnection(host='localhost', port=80): Failed to establish a new connection: [Errno 111] Connection refused""))"
2026-09-24T22:09:06.821876,call_ep_get__pet_findByTags_eg92_base,GET,http://localhost/api/v1/mock/mock-swagger/api/v3/pet/findByTags?tags=1,0,1.53,"HTTPConnectionPool(host='localhost', port=80): Max retries exceeded with url: /api/v1/mock/mock-swagger/api/v3/pet/findByTags?tags=1 (Caused by NewConnectionError(""HTTPConnection(host='localhost', port=80): Failed to establish a new connection: [Errno 111] Connection refused""))"
2026-09-24T22:09:06.826845,call_ep_post__pet_b5ji_scn_scn_ep_post__pet_b5ji_404,POST,http://localhost/api/v1/mock/mock-swagger/api/v3/pet?error=404,0,1.6,"HTTPConnectionPool(host='localhost', port=80): Max retries exceeded with url: /api/v1/mock/mock-swagger/api/v3/pet?error=404 (Caused by NewConnectionError(""HTTPConnection(host='localhost', port=80): Failed to establish a new connection: [Errno 111] Connection refused""))"
2026-09-24T22:09:06.839214,call_ep_get__pet_findByTags_eg92_scn_scn_ep_get__pet_findByTags_eg92_400,GET,http://localhost/api/v1/mock/mock-swagger/api/v3/pet/findByTags?tags=1,0,2.14,"HTTPConnectionPool(host='localhost', port=80): Max retries exceeded with url: /api/v1/mock/mock-swagger/api/v3/pet/findByTags?tags=1 (Caused by NewConnectionError(""HTTPConnection(host='localhost', port=80): Failed to establish a new connection: [Errno 111] Connection refused""))"
2026-09-24T22:09:06.895685,call_ep_post__pet_b5ji_base,POST,http://localhost/api/v1/mock/mock-swagger/api/v3/pet,0,1.07,"HTTPConnectionPool(host='localhost', port=80): Max retries exceeded with url: /api/v1/mock/mock-swagger/api/v3/pet (Caused by NewConnectionError(""HTTPConnection(host='localhost', port=80): Failed to establish a new connection: [Errno 111] Connection refused""))"
2026-09-24T22:09:06.906311,call_ep_get__pet_findByStatus_t14w_scn_scn_ep_get__pet_findByStatus_t14w_404,GET,http://localhost/api/v1/mock/mock-swagger/api/v3/pet/findByStatus?status=1&error=404,0,1.56,"HTTPConnectionPool(host='localhost', port=80): Max retries exceeded with url: /api/v1/mock/mock-swagger/api/v3/pet/findByStatus?status=1&error=404 (Caused by NewConnectionError(""HTTPConnection(host='localhost', port=80): Failed to establish a new connection: [Errno 111] Connection refused""))"
2026-09-24T22:09:06.914135,call_ep_post__pet_b5ji_scn_scn_ep_post__pet_b5ji_400,POST,http://localhost/api/v1/mock/mock-swagger/api/v3/pet,0,1.57,"HTTPConnectionPool(host='localhost', port=80): Max retries exceeded with url: /api/v1/mock/mock-swagger/api/v3/pet (Caused by NewConnectionError(""HTTPConnection(host='localhost', port=80): Failed to establish a new connection: [Errno 111] Connection refused""))"
2026-09-24T22:09:06.923562,call_ep_get__pet_findByTags_eg92_scn_scn_ep_get__pet_findByTags_eg92_401,GET,http://localhost/api/v1/mock/mock-swagger/api/v3/pet/findByTags?tags=1,0,1.52,"HTTPConnectionPool(host='localhost', port=80): Max retries exceeded with url: /api/v1/mock/mock-swagger/api/v3/pet/findByTags?tags=1 (Caused by NewConnectionError(""HTTPConnection(host='localhost', port=80): Failed to establish a new connection: [Errno 111] Connection refused""))"
2026-09-24T22:09:06.928619,call_ep_put__pet_jchf_base,PUT,http://localhost/api/v1/mock/mock-swagger/api/v3/pet,0,1.59,"HTTPConnectionPool(host='localhost', port=80): Max retries exceeded with url: /api/v1/mock/mock-swagger/api/v3/pet (Caused by NewConnectionError(""HTTPConnection(host='localhost', port=80): Failed to establish a new connection: [Errno 111] Connection refused""))"
2026-09-24T22:09:06.941084,call_ep_get__pet_findByTags_eg92_scn_scn_ep_get__pet_findByTags_eg92_404,GET,http://localhost/api/v1/mock/mock-swagger/api/v3/pet/findByTags?tags=1&error=404,0,1.68,"HTTPConnectionPool(host='localhost', port=80): Max retries exceeded with url: /api/v1/mock/mock-swagger/api/v3/pet/findByTags?tags=1&error=404 (Caused by NewConnectionError(""HTTPConnection(host='localhost', port=80): Failed to establish a new connection: [Errno 111] Connection refused""))"
2026-09-24T22:09:06.997019,call_ep_post__pet_b5ji_scn_scn_ep_post__pet_b5ji_401,POST,http://localhost/api/v1/mock/mock-swagger/api/v3/pet,0,1.15,"HTTPConnectionPool(host='localhost', port=80): Max retries exceeded with url: /api/v1/mock/mock-swagger/api/v3/pet (Caused by NewConnectionError(""HTTPConnection(host='localhost', port=80): Failed to establish a new connection: [Errno 111] Connection refused""))"
2026-09-24T22:09:07.008204,call_ep_get__pet_findByTags_eg92_base,GET,http://localhost/api/v1/mock/mock-swagger/api/v3/pet/findByTags?tags=1,0,1.72,"HTTPConnectionPool(host='localhost', port=80): Max retries exceeded with url: /api/v1/mock/mock-swagger/api/v3/pet/findByTags?tags=1 (Caused by NewConnectionError(""HTTPConnection(host='localhost', port=80): Failed to establish a new connection: [Errno 111] Connection refused""))"
2026-09-24T22:09:07.015963,call_ep_post__pet_b5ji_scn_scn_ep_post__pet_b5ji_404,POST,http://localhost/api/v1/mock/mock-swagger/api/v3/pet?error=404,0,1.66,"HTTPConnectionPool(host='localhost', port=80): Max retries exceeded with url: /api/v1/mock/mock-swagger/api/v3/pet?error=404 (Caused by NewConnectionError(""HTTPConnection(host='localhost', port=80): Failed to establish a new connection: [Errno 111] Connection refused""))"
2026-09-24T22:09:07.025419,call_ep_get__pet_findByTags_eg92_scn_scn_ep_get__pet_findByTags_eg92_400,GET,http://localhost/api/v1/mock/mock-swagger/api/v3/pet/findByTags?tags=1,0,1.67,"HTTPConnectionPool(host='localhost', port=80): Max retries exceeded with url: /api/v1/mock/mock-swagger/api/v3/pet/findByTags?tags=1 (Caused by NewConnectionError(""HTTPConnection(host='localhost', port=80): Failed to establish a new connection: [Errno 111] Connection refused""))"
2026-09-24T22:09:07.030540,call_ep_put__pet_jchf_scn_scn_ep_put__pet_jchf_401,PUT,http://localhost/api/v1/mock/mock-swagger/api/v3/pet,0,1.73,"HTTPConnectionPool(host='localhost', port=80): Max retries exceeded with url: /api/v1/mock/mock-swagger/api/v3/pet (Caused by NewConnectionError(""HTTPConnection(host='localhost', port=80): Failed to establish a new connection: [Errno 111] Connection refused""))"
2026-09-24T22:09:07.043534,call_ep_get__pet__petId__mpbf_base,GET,http://localhost/api/v1/mock/mock-swagger/api/v3/pet/{petId},0,2.26,"HTTPConnectionPool(host='localhost', port=80): Max retries exceeded with url: /api/v1/mock/mock-swagger/api/v3/pet/%7BpetId%7D (Caused by NewConnectionError(""HTTPConnection(host='localhost', port=80): Failed to establish a new connection: [Errno 111] Connection refused""))"
2026-09-24T22:09:07.098743,call_ep_post__pet_b5ji_scn_scn_ep_post__pet_b5ji_400,POST,http://localhost/api/v1/mock/mock-swagger/api/v3/pet,0,1.54,"HTTPConnectionPool(host='localhost', port=80): Max retries exceeded with url: /api/v1/mock/mock-swagger/api/v3/pet (Caused by NewConnectionError(""HTTPConnection(host='localhost', port=80): Failed to establish a new connection: [Errno 111] Connection refused""))"
2026-09-24T22:09:07.110005,call_ep_get__pet_findByTags_eg92_scn_scn_ep_get__pet_findByTags_eg92_401,GET,http://localhost/api/v1/mock/mock-swagger/api/v3/pet/findByTags?tags=1,0,1.61,"HTTPConnectionPool(host='localhost', port=80): Max retries exceeded with url: /api/v1/mock/mock-swagger/api/v3/pet/findByTags?tags=1 (Caused by NewConnectionError(""HTTPConnection(host='localhost', port=80): Failed to establish a new connection: [Errno 111] Connection refused""))"
2026-09-24T22:09:07.117724,call_ep_put__pet_jchf_base,PUT,http://localhost/api/v1/mock/mock-swagger/api/v3/pet,0,1.61,"HTTPConnectionPool(host='localhost', port=80): Max retries exceeded with url: /api/v1/mock/mock-swagger/api/v3/pet (Caused by NewConnectionError(""HTTPConnection(host='localhost', port=80): Failed to establish a new connection: [Errno 111] Connection refused""))"
2026-09-24T22:09:07.127219,call_ep_get__pet_findByTags_eg92_scn_scn_ep_get__pet_findByTags_eg92_404,GET,http://localhost/api/v1/mock/mock-swagger/api/v3/pet/findByTags?tags=1&error=404,0,1.61,"HTTPConnectionPool(host='localhost', port=80): Max retries exceeded with url: /api/v1/mock/mock-swagger/api/v3/pet/findByTags?tags=1&error=404 (Caused by NewConnectionError(""HTTPConnection(host='localhost', port=80): Failed to establish a new connection: [Errno 111] Connection refused""))"
2026-09-24T22:09:07.132401,call_ep_put__pet_jchf_scn_scn_ep_put__pet_jchf_400,PUT,http://localhost/api/v1/mock/mock-swagger/api/v3/pet,0,1.67,"HTTPConnectionPool(host='localhost', port=80): Max retries exceeded with url: /api/v1/mock/mock-swagger/api/v3/pet (Caused by NewConnectionError(""HTTPConnection(host='localhost', port=80): Failed to establish a new connection: [Errno 111] Connection refused""))"
2026-09-24T22:09:07.145443,call_ep_get__pet__petId__mpbf_scn_scn_ep_get__pet__petId__mpbf_401,GET,http://localhost/api/v1/mock/mock-swagger/api/v3/pet/{petId},0,1.71,"HTTPConnectionPool(host='localhost', port=80): Max retries exceeded with url: /api/v1/mock/mock-swagger/api/v3/pet/%7BpetId%7D (Caused by NewConnectionError(""HTTPConnection(host='localhost', port=80): Failed to establish a new connection: [Errno 111] Connection refused""))"
2026-09-24T22:09:07.200628,call_ep_post__pet_b5ji_scn_scn_ep_post__pet_b5ji_404,POST,http://localhost/api/v1/mock/mock-swagger/api/v3/pet?error=404,0,1.68,"HTTPConnectionPool(host='localhost', port=80): Max retries exceeded with url: /api/v1/mock/mock-swagger/api/v3/pet?error=404 (Caused by NewConnectionError(""HTTPConnection(host='localhost', port=80): Failed to establish a new connection: [Errno 111] Connection refused""))"
2026-09-24T22:09:07.211914,call_ep_get__pet_findByTags_eg92_scn_scn_ep_get__pet_findByTags_eg92_400,GET,http://localhost/api/v1/mock/mock-swagger/api/v3/pet/findByTags?tags=1,0,1.7,"HTTPConnectionPool(host='localhost', port=80): Max retries exceeded with url: /api/v1/mock/mock-swagger/api/v3/pet/findByTags?tags=1 (Caused by NewConnectionError(""HTTPConnection(host='localhost', port=80): Failed to establish a new connection: [Errno 111] Connection refused""))"
2026-09-24T22:09:07.219576,call_ep_put__pet_jchf_scn_scn_ep_put__pet_jchf_401,PUT,http://localhost/api/v1/mock/mock-swagger/api/v3/pet,0,1.65,"HTTPConnectionPool(host='localhost', port=80): Max retries exceeded with url: /api/v1/mock/mock-swagger/api/v3/pet (Caused by NewConnectionError(""HTTPConnection(host='localhost', port=80): Failed to establish a new connection: [Errno 111] Connection refused""))"
2026-09-24T22:09:07.229057,call_ep_get__pet__petId__mpbf_base,GET,http://localhost/api/v1/mock/mock-swagger/api/v3/pet/{petId},0,1.67,"HTTPConnectionPool(host='localhost', port=80): Max retries exceeded with url: /api/v1/mock/mock-swagger/api/v3/pet/%7BpetId%7D (Caused by NewConnectionError(""HTTPConnection(host='localhost', port=80): Failed to establish a new connection: [Errno 111] Connection refused""))"
2026-09-24T22:09:07.234315,call_ep_put__pet_jchf_scn_scn_ep_put__pet_jchf_404,PUT,http://localhost/api/v1/mock/mock-swagger/api/v3/pet?error=404,0,1.72,"HTTPConnectionPool(host='localhost', port=80): Max retries exceeded with url: /api/v1/mock/mock-swagger/api/v3/pet?error=404 (Caused by NewConnectionError(""HTTPConnection(host='localhost', port=80): Failed to establish a new connection: [Errno 111] Connection refused""))"
2026-09-24T22:09:07.247353,call_ep_get__pet__petId__mpbf_scn_scn_ep_get__pet__petId__mpbf_400,GET,http://localhost/api/v1/mock/mock-swagger/api/v3/pet/{petId},0,1.72,"HTTPConnectionPool(host='localhost', port=80): Max retries exceeded with url: /api/v1/mock/mock-swagger/api/v3/pet/%7BpetId%7D (Caused by NewConnectionError(""HTTPConnection(host='localhost', port=80): Failed to establish a new connection: [Errno 111] Connection refused""))"
2026-09-24T22:09:07.302981,call_ep_put__pet_jchf_base,PUT,http://localhost/api/v1/mock/mock-swagger/api/v3/pet,0,2.16,"HTTPConnectionPool(host='localhost', port=80): Max retries exceeded with url: /api/v1/mock/mock-swagger/api/v3/pet (Caused by NewConnectionError(""HTTPConnection(host='localhost', port=80): Failed to establish a new connection: [Errno 111] Connection refused""))"
2026-09-24T22:09:07.313711,call_ep_get__pet_findByTags_eg92_scn_scn_ep_get__pet_findByTags_eg92_404,GET,http://localhost/api/v1/mock/mock-swagger/api/v3/pet/findByTags?tags=1&error=404,0,1.61,"HTTPConnectionPool(host='localhost', port=80): Max retries exceeded with url: /api/v1/mock/mock-swagger/api/v3/pet/findByTags?tags=1&error=404 (Caused by NewConnectionError(""HTTPConnection(host='localhost', port=80): Failed to establish a new connection: [Errno 111] Connection refused""))"
2026-09-24T22:09:07.321373,call_ep_put__pet_jchf_scn_scn_ep_put__pet_jchf_400,PUT,http://localhost/api/v1/mock/mock-swagger/api/v3/pet,0,1.65,"HTTPConnectionPool(host='localhost', port=80): Max retries exceeded with url: /api/v1/mock/mock-swagger/api/v3/pet (Caused by NewConnectionError(""HTTPConnection(host='localhost', port=80): Failed to establish a new connection: [Errno 111] Connection refused""))"
2026-09-24T22:09:07.330860,call_ep_get__pet__petId__mpbf_scn_scn_ep_get__pet__petId__mpbf_401,GET,http://localhost/api/v1/mock/mock-swagger/api/v3/pet/{petId},0,1.63,"HTTPConnectionPool(host='localhost', port=80): Max retries exceeded with url: /api/v1/mock/mock-swagger/api/v3/pet/%7BpetId%7D (Caused by NewConnectionError(""HTTPConnection(host='localhost', port=80): Failed to establish a new connection: [Errno 111] Connection refused""))"
2026-09-24T22:09:07.336131,call_ep_get__pet_findByStatus_t14w_base,GET,http://localhost/api/v1/mock/mock-swagger/api/v3/pet/findByStatus?status=1,0,1.62,"HTTPConnectionPool(host='localhost', port=80): Max retries exceeded with url: /api/v1/mock/mock-swagger/api/v3/pet/findByStatus?status=1 (Caused by NewConnectionError(""HTTPConnection(host='localhost', port=80): Failed to establish a new connection: [Errno 111] Connection refused""))"
2026-09-24T22:09:07.349177,call_ep_get__pet__petId__mpbf_scn_scn_ep_get__pet__petId__mpbf_404,GET,http://localhost/api/v1/mock/mock-swagger/api/v3/pet/999999999,0,1.63,"HTTPConnectionPool(host='localhost', port=80): Max retries exceeded with url: /api/v1/mock/mock-swagger/api/v3/pet/999999999 (Caused by NewConnectionError(""HTTPConnection(host='localhost', port=80): Failed to establish a new connection: [Errno 111] Connection refused""))"
2026-09-24T22:09:07.405248,call_ep_put__pet_jchf_scn_scn_ep_put__pet_jchf_401,PUT,http://localhost/api/v1/mock/mock-swagger/api/v3/pet,0,2.04,"HTTPConnectionPool(host='localhost', port=80): Max retries exceeded with url: /api/v1/mock/mock-swagger/api/v3/pet (Caused by NewConnectionError(""HTTPConnection(host='localhost', port=80): Failed to establish a new connection: [Errno 111] Connection refused""))"
2026-09-24T22:09:07.415650,call_ep_get__pet__petId__mpbf_base,GET,http://localhost/api/v1/mock/mock-swagger/api/v3/pet/{petId},0,1.72,"HTTPConnectionPool(host='localhost', port=80): Max retries exceeded with url: /api/v1/mock/mock-swagger/api/v3/pet/%7BpetId%7D (Caused by NewConnectionError(""HTTPConnection(host='localhost', port=80): Failed to establish a new connection: [Errno 111] Connection refused""))"
2026-09-24T22:09:07.423287,call_ep_put__pet_jchf_scn_scn_ep_put__pet_jchf_404,PUT,http://localhost/api/v1/mock/mock-swagger/api/v3/pet?error=404,0,1.72,"HTTPConnectionPool(host='localhost', port=80): Max retries exceeded with url: /api/v1/mock/mock-swagger/api/v3/pet?error=404 (Caused by NewConnectionError(""HTTPConnection(host='localhost', port=80): Failed to establish a new connection: [Errno 111] Connection refused""))"
2026-09-24T22:09:07.432834,call_ep_get__pet__petId__mpbf_scn_scn_ep_get__pet__petId__mpbf_400,GET,http://localhost/api/v1/mock/mock-swagger/api/v3/pet/{petId},0,1.77,"HTTPConnectionPool(host='localhost', port=80): Max retries exceeded with url: /api/v1/mock/mock-swagger/api/v3/pet/%7BpetId%7D (Caused by NewConnectionError(""HTTPConnection(host='localhost', port=80): Failed to establish a new connection: [Errno 111] Connection refused""))"
2026-09-24T22:09:07.437993,call_ep_get__pet_findByStatus_t14w_scn_scn_ep_get__pet_findByStatus_t14w_401,GET,http://localhost/api/v1/mock/mock-swagger/api/v3/pet/findByStatus?status=1,0,1.69,"HTTPConnectionPool(host='localhost', port=80): Max retries exceeded with url: /api/v1/mock/mock-swagger/api/v3/pet/findByStatus?status=1 (Caused by NewConnectionError(""HTTPConnection(host='localhost', port=80): Failed to establish a new connection: [Errno 111] Connection refused""))"
2026-09-24T22:09:07.451183,call_ep_post__pet_b5ji_base,POST,http://localhost/api/v1/mock/mock-swagger/api/v3/pet,0,1.86,"HTTPConnectionPool(host='localhost', port=80): Max retries exceeded with url: /api/v1/mock/mock-swagger/api/v3/pet (Caused by NewConnectionError(""HTTPConnection(host='localhost', port=80): Failed to establish a new connection: [Errno 111] Connection refused""))"
2026-09-24T22:09:07.507241,call_ep_put__pet_jchf_scn_scn_ep_put__pet_jchf_400,PUT,http://localhost/api/v1/mock/mock-swagger/api/v3/pet,0,1.79,"HTTPConnectionPool(host='localhost', port=80): Max retries exceeded with url: /api/v1/mock/mock-swagger/api/v3/pet (Caused by NewConnectionError(""HTTPConnection(host='localhost', port=80): Failed to establish a new connection: [Errno 111] Connection refused""))"
2026-09-24T22:09:07.517535,call_ep_get__pet__petId__mpbf_scn_scn_ep_get__pet__petId__mpbf_401,GET,http://localhost/api/v1/mock/mock-swagger/api/v3/pet/{petId},0,1.71,"HTTPConnectionPool(host='localhost', port=80): Max retries exceeded with url: /api/v1/mock/mock-swagger/api/v3/pet/%7BpetId%7D (Caused by NewConnectionError(""HTTPConnection(host='localhost', port=80): Failed to establish a new connection: [Errno 111] Connection refused""))"
2026-09-24T22:09:07.525143,call_ep_get__pet_findByStatus_t14w_base,GET,http://localhost/api/v1/mock/mock-swagger/api/v3/pet/findByStatus?status=1,0,1.68,"HTTPConnectionPool(host='localhost', port=80): Max retries exceeded with url: /api/v1/mock/mock-swagger/api/v3/pet/findByStatus?status=1 (Caused by NewConnectionError(""HTTPConnection(host='localhost', port=80): Failed to establish a new connection: [Errno 111] Connection refused""))"
2026-09-24T22:09:07.534723,call_ep_get__pet__petId__mpbf_scn_scn_ep_get__pet__petId__mpbf_404,GET,http://localhost/api/v1/mock/mock-swagger/api/v3/pet/999999999,0,1.71,"HTTPConnectionPool(host='localhost', port=80): Max retries exceeded with url: /api/v1/mock/mock-swagger/api/v3/pet/999999999 (Caused by NewConnectionError(""HTTPConnection(host='localhost', port=80): Failed to establish a new connection: [Errno 111] Connection refused""))"
2026-09-24T22:09:07.539835,call_ep_get__pet_findByStatus_t14w_scn_scn_ep_get__pet_findByStatus_t14w_400,GET,http://localhost/api/v1/mock/mock-swagger/api/v3/pet/findByStatus?status=1,0,1.66,"HTTPConnectionPool(host='localhost', port=80): Max retries exceeded with url: /api/v1/mock/mock-swagger/api/v3/pet/findByStatus?status=1 (Caused by NewConnectionError(""HTTPConnection(host='localhost', port=80): Failed to establish a new connection: [Errno 111] Connection refused""))"
2026-09-24T22:09:07.553263,call_ep_post__pet_b5ji_scn_scn_ep_post__pet_b5ji_401,POST,http://localhost/api/v1/mock/mock-swagger/api/v3/pet,0,1.89,"HTTPConnectionPool(host='localhost', port=80): Max retries exceeded with url: /api/v1/mock/mock-swagger/api/v3/pet (Caused by NewConnectionError(""HTTPConnection(host='localhost', port=80): Failed to establish a new connection: [Errno 111] Connection refused""))"
2026-09-24T22:09:07.609361,call_ep_put__pet_jchf_scn_scn_ep_put__pet_jchf_404,PUT,http://localhost/api/v1/mock/mock-swagger/api/v3/pet?error=404,0,1.94,"HTTPConnectionPool(host='localhost', port=80): Max retries exceeded with url: /api/v1/mock/mock-swagger/api/v3/pet?error=404 (Caused by NewConnectionError(""HTTPConnection(host='localhost', port=80): Failed to establish a new connection: [Errno 111] Connection refused""))"
2026-09-24T22:09:07.619448,call_ep_get__pet__petId__mpbf_scn_scn_ep_get__pet__petId__mpbf_400,GET,http://localhost/api/v1/mock/mock-swagger/api/v3/pet/{petId},0,1.73,"HTTPConnectionPool(host='localhost', port=80): Max retries exceeded with url: /api/v1/mock/mock-swagger/api/v3/pet/%7BpetId%7D (Caused by NewConnectionError(""HTTPConnection(host='localhost', port=80): Failed to establish a new connection: [Errno 111] Connection refused""))"
2026-09-24T22:09:07.627015,call_ep_get__pet_findByStatus_t14w_scn_scn_ep_get__pet_findByStatus_t14w_401,GET,http://localhost/api/v1/mock/mock-swagger/api/v3/pet/findByStatus?status=1,0,1.68,"HTTPConnectionPool(host='localhost', port=80): Max retries exceeded with url: /api/v1/mock/mock-swagger/api/v3/pet/findByStatus?status=1 (Caused by NewConnectionError(""HTTPConnection(host='localhost', port=80): Failed to establish a new connection: [Errno 111] Connection refused""))"
2026-09-24T22:09:07.636587,call_ep_post__pet_b5ji_base,POST,http://localhost/api/v1/mock/mock-swagger/api/v3/pet,0,1.66,"HTTPConnectionPool(host='localhost', port=80): Max retries exceeded with url: /api/v1/mock/mock-swagger/api/v3/pet (Caused by NewConnectionError(""HTTPConnection(host='localhost', port=80): Failed to establish a new connection: [Errno 111] Connection refused""))"
2026-09-24T22:09:07.641703,call_ep_get__pet_findByStatus_t14w_scn_scn_ep_get__pet_findByStatus_t14w_404,GET,http://localhost/api/v1/mock/mock-swagger/api/v3/pet/findByStatus?status=1&error=404,0,1.68,"HTTPConnectionPool(host='localhost', port=80): Max retries exceeded with url: /api/v1/mock/mock-swagger/api/v3/pet/findByStatus?status=1&error=404 (Caused by NewConnectionError(""HTTPConnection(host='localhost', port=80): Failed to establish a new connection: [Errno 111] Connection refused""))"
2026-09-24T22:09:07.655238,call_ep_post__pet_b5ji_scn_scn_ep_post__pet_b5ji_400,POST,http://localhost/api/v1/mock/mock-swagger/api/v3/pet,0,1.79,"HTTPConnectionPool(host='localhost', port=80): Max retries exceeded with url: /api/v1/mock/mock-swagger/api/v3/pet (Caused by NewConnectionError(""HTTPConnection(host='localhost', port=80): Failed to establish a new connection: [Errno 111] Connection refused""))"
2026-09-24T22:09:07.711131,call_ep_get__pet_findByStatus_t14w_base,GET,http://localhost/api/v1/mock/mock-swagger/api/v3/pet/findByStatus?status=1,0,1.58,"HTTPConnectionPool(host='localhost', port=80): Max retries exceeded with url: /api/v1/mock/mock-swagger/api/v3/pet/findByStatus?status=1 (Caused by NewConnectionError(""HTTPConnection(host='localhost', port=80): Failed to establish a new connection: [Errno 111] Connection refused""))"
2026-09-24T22:09:07.721246,call_ep_get__pet__petId__mpbf_scn_scn_ep_get__pet__petId__mpbf_404,GET,http://localhost/api/v1/mock/mock-swagger/api/v3/pet/999999999,0,1.61,"HTTPConnectionPool(host='localhost', port=80): Max retries exceeded with url: /api/v1/mock/mock-swagger/api/v3/pet/999999999 (Caused by NewConnectionError(""HTTPConnection(host='localhost', port=80): Failed to establish a new connection: [Errno 111] Connection refused""))"
2026-09-24T22:09:07.728819,call_ep_get__pet_findByStatus_t14w_scn_scn_ep_get__pet_findByStatus_t14w_400,GET,http://localhost/api/v1/mock/mock-swagger/api/v3/pet/findByStatus?status=1,0,1.62,"HTTPConnectionPool(host='localhost', port=80): Max retries exceeded with url: /api/v1/mock/mock-swagger/api/v3/pet/findByStatus?status=1 (Caused by NewConnectionError(""HTTPConnection(host='localhost', port=80): Failed to establish a new connection: [Errno 111] Connection refused""))"
2026-09-24T22:09:07.738425,call_ep_post__pet_b5ji_scn_scn_ep_post__pet_b5ji_401,POST,http://localhost/api/v1/mock/mock-swagger/api/v3/pet,0,1.65,"HTTPConnectionPool(host='localhost', port=80): Max retries exceeded with url: /api/v1/mock/mock-swagger/api/v3/pet (Caused by NewConnectionError(""HTTPConnection(host='localhost', port=80): Failed to establish a new connection: [Errno 111] Connection refused""))"
2026-09-24T22:09:07.743500,call_ep_get__pet_findByTags_eg92_base,GET,http://localhost/api/v1/mock/mock-swagger/api/v3/pet/findByTags?tags=1,0,1.61,"HTTPConnectionPool(host='localhost', port=80): Max retries exceeded with url: /api/v1/mock/mock-swagger/api/v3/pet/findByTags?tags=1 (Caused by NewConnectionError(""HTTPConnection(host='localhost', port=80): Failed to establish a new connection: [Errno 111] Connection refused""))"
2026-09-24T22:09:07.757105,call_ep_post__pet_b5ji_scn_scn_ep_post__pet_b5ji_404,POST,http://localhost/api/v1/mock/mock-swagger/api/v3/pet?error=404,0,1.68,"HTTPConnectionPool(host='localhost', port=80): Max retries exceeded with url: /api/v1/mock/mock-swagger/api/v3/pet?error=404 (Caused by NewConnectionError(""HTTPConnection(host='localhost', port=80): Failed to establish a new connection: [Errno 111] Connection refused""))"
2026-09-24T22:09:07.813341,call_ep_get__pet_findByStatus_t14w_scn_scn_ep_get__pet_findByStatus_t14w_401,GET,http://localhost/api/v1/mock/mock-swagger/api/v3/pet/findByStatus?status=1,0,2.03,"HTTPConnectionPool(host='localhost', port=80): Max retries exceeded with url: /api/v1/mock/mock-swagger/api/v3/pet/findByStatus?status=1 (Caused by NewConnectionError(""HTTPConnection(host='localhost', port=80): Failed to establish a new connection: [Errno 111] Connection refused""))"
2026-09-24T22:09:07.823098,call_ep_post__pet_b5ji_base,POST,http://localhost/api/v1/mock/mock-swagger/api/v3/pet,0,1.66,"HTTPConnectionPool(host='localhost', port=80): Max retries exceeded with url: /api/v1/mock/mock-swagger/api/v3/pet (Caused by NewConnectionError(""HTTPConnection(host='localhost', port=80): Failed to establish a new connection: [Errno 111] Connection refused""))"
2026-09-24T22:09:07.830596,call_ep_get__pet_findByStatus_t14w_scn_scn_ep_get__pet_findByStatus_t14w_404,GET,http://localhost/api/v1/mock/mock-swagger/api/v3/pet/findByStatus?status=1&error=404,0,1.59,"HTTPConnectionPool(host='localhost', port=80): Max retries exceeded with url: /api/v1/mock/mock-swagger/api/v3/pet/findByStatus?status=1&error=404 (Caused by NewConnectionError(""HTTPConnection(host='localhost', port=80): Failed to establish a new connection: [Errno 111] Connection refused""))"
2026-09-24T22:09:07.840251,call_ep_post__pet_b5ji_scn_scn_ep_post__pet_b5ji_400,POST,http://localhost/api/v1/mock/mock-swagger/api/v3/pet,0,1.65,"HTTPConnectionPool(host='localhost', port=80): Max retries exceeded with url: /api/v1/mock/mock-swagger/api/v3/pet (Caused by NewConnectionError(""HTTPConnection(host='localhost', port=80): Failed to establish a new connection: [Errno 111] Connection refused""))"
2026-09-24T22:09:07.845309,call_ep_get__pet_findByTags_eg92_scn_scn_ep_get__pet_findByTags_eg92_401,GET,http://localhost/api/v1/mock/mock-swagger/api/v3/pet/findByTags?tags=1,0,1.62,"HTTPConnectionPool(host='localhost', port=80): Max retries exceeded with url: /api/v1/mock/mock-swagger/api/v3/pet/findByTags?tags=1 (Caused by NewConnectionError(""HTTPConnection(host='localhost', port=80): Failed to establish a new connection: [Errno 111] Connection refused""))"
2026-09-24T22:09:07.858965,call_ep_put__pet_jchf_base,PUT,http://localhost/api/v1/mock/mock-swagger/api/v3/pet,0,1.67,"HTTPConnectionPool(host='localhost', port=80): Max retries exceeded with url: /api/v1/mock/mock-swagger/api/v3/pet (Caused by NewConnectionError(""HTTPConnection(host='localhost', port=80): Failed to establish a new connection: [Errno 111] Connection refused""))"
2026-09-24T22:09:07.915172,call_ep_get__pet_findByStatus_t14w_scn_scn_ep_get__pet_findByStatus_t14w_400,GET,http://localhost/api/v1/mock/mock-swagger/api/v3/pet/findByStatus?status=1,0,1.65,"HTTPConnectionPool(host='localhost', port=80): Max retries exceeded with url: /api/v1/mock/mock-swagger/api/v3/pet/findByStatus?status=1 (Caused by NewConnectionError(""HTTPConnection(host='localhost', port=80): Failed to establish a new connection: [Errno 111] Connection refused""))"
2026-09-24T22:09:07.924976,call_ep_post__pet_b5ji_scn_scn_ep_post__pet_b5ji_401,POST,http://localhost/api/v1/mock/mock-swagger/api/v3/pet,0,1.69,"HTTPConnectionPool(host='localhost', port=80): Max retries exceeded with url: /api/v1/mock/mock-swagger/api/v3/pet (Caused by NewConnectionError(""HTTPConnection(host='localhost', port=80): Failed to establish a new connection: [Errno 111] Connection refused""))"
2026-09-24T22:09:07.932506,call_ep_get__pet_findByTags_eg92_base,GET,http://localhost/api/v1/mock/mock-swagger/api/v3/pet/findByTags?tags=1,0,1.73,"HTTPConnectionPool(host='localhost', port=80): Max retries exceeded with url: /api/v1/mock/mock-swagger/api/v3/pet/findByTags?tags=1 (Caused by NewConnectionError(""HTTPConnection(host='localhost', port=80): Failed to establish a new connection: [Errno 111] Connection refused""))"
2026-09-24T22:09:07.942149,call_ep_post__pet_b5ji_scn_scn_ep_post__pet_b5ji_404,POST,http://localhost/api/v1/mock/mock-swagger/api/v3/pet?error=404,0,1.71,"HTTPConnectionPool(host='localhost', port=80): Max retries exceeded with url: /api/v1/mock/mock-swagger/api/v3/pet?error=404 (Caused by NewConnectionError(""HTTPConnection(host='localhost', port=80): Failed to establish a new connection: [Errno 111] Connection refused""))"
2026-09-24T22:09:07.947195,call_ep_get__pet_findByTags_eg92_scn_scn_ep_get__pet_findByTags_eg92_400,GET,http://localhost/api/v1/mock/mock-swagger/api/v3/pet/findByTags?tags=1,0,1.7,"HTTPConnectionPool(host='localhost', port=80): Max retries exceeded with url: /api/v1/mock/mock-swagger/api/v3/pet/findByTags?tags=1 (Caused by NewConnectionError(""HTTPConnection(host='localhost', port=80): Failed to establish a new connection: [Errno 111] Connection refused""))"
2026-09-24T22:09:07.960798,call_ep_put__pet_jchf_scn_scn_ep_put__pet_jchf_401,PUT,http://localhost/api/v1/mock/mock-swagger/api/v3/pet,0,1.65,"HTTPConnectionPool(host='localhost', port=80): Max retries exceeded with url: /api/v1/mock/mock-swagger/api/v3/pet (Caused by NewConnectionError(""HTTPConnection(host='localhost', port=80): Failed to establish a new connection: [Errno 111] Connection refused""))"
2026-09-24T22:09:08.010140,call_ep_post__pet_b5ji_base,POST,http://localhost/api/v1/mock/mock-swagger/api/v3/pet,0,3.65,"HTTPConnectionPool(host='localhost', port=80): Max retries exceeded with url: /api/v1/mock/mock-swagger/api/v3/pet (Caused by NewConnectionError(""HTTPConnection(host='localhost', port=80): Failed to establish a new connection: [Errno 111] Connection refused""))"
2026-09-24T22:09:08.016971,call_ep_get__pet_findByStatus_t14w_scn_scn_ep_get__pet_findByStatus_t14w_404,GET,http://localhost/api/v1/mock/mock-swagger/api/v3/pet/findByStatus?status=1&error=404,0,1.62,"HTTPConnectionPool(host='localhost', port=80): Max retries exceeded with url: /api/v1/mock/mock-swagger/api/v3/pet/findByStatus?status=1&error=404 (Caused by NewConnectionError(""HTTPConnection(host='localhost', port=80): Failed to establish a new connection: [Errno 111] Connection refused""))"
2026-09-24T22:09:08.026786,call_ep_post__pet_b5ji_scn_scn_ep_post__pet_b5ji_400,POST,http://localhost/api/v1/mock/mock-swagger/api/v3/pet,0,1.63,"HTTPConnectionPool(host='localhost', port=80): Max retries exceeded with url: /api/v1/mock/mock-swagger/api/v3/pet (Caused by NewConnectionError(""HTTPConnection(host='localhost', port=80): Failed to establish a new connection: [Errno 111] Connection refused""))"
2026-09-24T22:09:08.034294,call_ep_get__pet_findByTags_eg92_scn_scn_ep_get__pet_findByTags_eg92_401,GET,http://localhost/api/v1/mock/mock-swagger/api/v3/pet/findByTags?tags=1,0,1.6,"HTTPConnectionPool(host='localhost', port=80): Max retries exceeded with url: /api/v1/mock/mock-swagger/api/v3/pet/findByTags?tags=1 (Caused by NewConnectionError(""HTTPConnection(host='localhost', port=80): Failed to establish a new connection: [Errno 111] Connection refused""))"
2026-09-24T22:09:08.043992,call_ep_put__pet_jchf_base,PUT,http://localhost/api/v1/mock/mock-swagger/api/v3/pet,0,1.66,"HTTPConnectionPool(host='localhost', port=80): Max retries exceeded with url: /api/v1/mock/mock-swagger/api/v3/pet (Caused by NewConnectionError(""HTTPConnection(host='localhost', port=80): Failed to establish a new connection: [Errno 111] Connection refused""))"
2026-09-24T22:09:08.048962,call_ep_get__pet_findByTags_eg92_scn_scn_ep_get__pet_findByTags_eg92_404,GET,http://localhost/api/v1/mock/mock-swagger/api/v3/pet/findByTags?tags=1&error=404,0,1.62,"HTTPConnectionPool(host='localhost', port=80): Max retries exceeded with url: /api/v1/mock/mock-swagger/api/v3/pet/findByTags?tags=1&error=404 (Caused by NewConnectionError(""HTTPConnection(host='localhost', port=80): Failed to establish a new connection: [Errno 111] Connection refused""))"
2026-09-24T22:09:08.062636,call_ep_put__pet_jchf_scn_scn_ep_put__pet_jchf_400,PUT,http://localhost/api/v1/mock/mock-swagger/api/v3/pet,0,1.65,"HTTPConnectionPool(host='localhost', port=80): Max retries exceeded with url: /api/v1/mock/mock-swagger/api/v3/pet (Caused by NewConnectionError(""HTTPConnection(host='localhost', port=80): Failed to establish a new connection: [Errno 111] Connection refused""))"
2026-09-24T22:09:08.111601,call_ep_post__pet_b5ji_scn_scn_ep_post__pet_b5ji_401,POST,http://localhost/api/v1/mock/mock-swagger/api/v3/pet,0,1.29,"HTTPConnectionPool(host='localhost', port=80): Max retries exceeded with url: /api/v1/mock/mock-swagger/api/v3/pet (Caused by NewConnectionError(""HTTPConnection(host='localhost', port=80): Failed to establish a new connection: [Errno 111] Connection refused""))"
2026-09-24T22:09:08.118721,call_ep_get__pet_findByTags_eg92_base,GET,http://localhost/api/v1/mock/mock-swagger/api/v3/pet/findByTags?tags=1,0,1.56,"HTTPConnectionPool(host='localhost', port=80): Max retries exceeded with url: /api/v1/mock/mock-swagger/api/v3/pet/findByTags?tags=1 (Caused by NewConnectionError(""HTTPConnection(host='localhost', port=80): Failed to establish a new connection: [Errno 111] Connection refused""))"
2026-09-24T22:09:08.128608,call_ep_post__pet_b5ji_scn_scn_ep_post__pet_b5ji_404,POST,http://localhost/api/v1/mock/mock-swagger/api/v3/pet?error=404,0,1.63,"HTTPConnectionPool(host='localhost', port=80): Max retries exceeded with url: /api/v1/mock/mock-swagger/api/v3/pet?error=404 (Caused by NewConnectionError(""HTTPConnection(host='localhost', port=80): Failed to establish a new connection: [Errno 111] Connection refused""))"
2026-09-24T22:09:08.136118,call_ep_get__pet_findByTags_eg92_scn_scn_ep_get__pet_findByTags_eg92_400,GET,http://localhost/api/v1/mock/mock-swagger/api/v3/pet/findByTags?tags=1,0,1.64,"HTTPConnectionPool(host='localhost', port=80): Max retries exceeded with url: /api/v1/mock/mock-swagger/api/v3/pet/findByTags?tags=1 (Caused by NewConnectionError(""HTTPConnection(host='localhost', port=80): Failed to establish a new connection: [Errno 111] Connection refused""))"
2026-09-24T22:09:08.145805,call_ep_put__pet_jchf_scn_scn_ep_put__pet_jchf_401,PUT,http://localhost/api/v1/mock/mock-swagger/api/v3/pet,0,1.63,"HTTPConnectionPool(host='localhost', port=80): Max retries exceeded with url: /api/v1/mock/mock-swagger/api/v3/pet (Caused by NewConnectionError(""HTTPConnection(host='localhost', port=80): Failed to establish a new connection: [Errno 111] Connection refused""))"
2026-09-24T22:09:08.150789,call_ep_get__pet__petId__mpbf_base,GET,http://localhost/api/v1/mock/mock-swagger/api/v3/pet/{petId},0,1.64,"HTTPConnectionPool(host='localhost', port=80): Max retries exceeded with url: /api/v1/mock/mock-swagger/api/v3/pet/%7BpetId%7D (Caused by NewConnectionError(""HTTPConnection(host='localhost', port=80): Failed to establish a new connection: [Errno 111] Connection refused""))"
2026-09-24T22:09:08.164954,call_ep_put__pet_jchf_scn_scn_ep_put__pet_jchf_404,PUT,http://localhost/api/v1/mock/mock-swagger/api/v3/pet?error=404,0,2.14,"HTTPConnectionPool(host='localhost', port=80): Max retries exceeded with url: /api/v1/mock/mock-swagger/api/v3/pet?error=404 (Caused by NewConnectionError(""HTTPConnection(host='localhost', port=80): Failed to establish a new connection: [Errno 111] Connection refused""))"
2026-09-24T22:09:08.213436,call_ep_post__pet_b5ji_scn_scn_ep_post__pet_b5ji_400,POST,http://localhost/api/v1/mock/mock-swagger/api/v3/pet,0,1.66,"HTTPConnectionPool(host='localhost', port=80): Max retries exceeded with url: /api/v1/mock/mock-swagger/api/v3/pet (Caused by NewConnectionError(""HTTPConnection(host='localhost', port=80): Failed to establish a new connection: [Errno 111] Connection refused""))"
2026-09-24T22:09:08.220488,call_ep_get__pet_findByTags_eg92_scn_scn_ep_get__pet_findByTags_eg92_401,GET,http://localhost/api/v1/mock/mock-swagger/api/v3/pet/findByTags?tags=1,0,1.57,"HTTPConnectionPool(host='localhost', port=80): Max retries exceeded with url: /api/v1/mock/mock-swagger/api/v3/pet/findByTags?tags=1 (Caused by NewConnectionError(""HTTPConnection(host='localhost', port=80): Failed to establish a new connection: [Errno 111] Connection refused""))"
2026-09-24T22:09:08.230014,call_ep_put__pet_jchf_base,PUT,http://localhost/api/v1/mock/mock-swagger/api/v3/pet,0,1.23,"HTTPConnectionPool(host='localhost', port=80): Max retries exceeded with url: /api/v1/mock/mock-swagger/api/v3/pet (Caused by NewConnectionError(""HTTPConnection(host='localhost', port=80): Failed to establish a new connection: [Errno 111] Connection refused""))"
2026-09-24T22:09:08.237947,call_ep_get__pet_findByTags_eg92_scn_scn_ep_get__pet_findByTags_eg92_404,GET,http://localhost/api/v1/mock/mock-swagger/api/v3/pet/findByTags?tags=1&error=404,0,1.63,"HTTPConnectionPool(host='localhost', port=80): Max retries exceeded with url: /api/v1/mock/mock-swagger/api/v3/pet/findByTags?tags=1&error=404 (Caused by NewConnectionError(""HTTPConnection(host='localhost', port=80): Failed to establish a new connection: [Errno 111] Connection refused""))"
2026-09-24T22:09:08.247475,call_ep_put__pet_jchf_scn_scn_ep_put__pet_jchf_400,PUT,http://localhost/api/v1/mock/mock-swagger/api/v3/pet,0,1.5,"HTTPConnectionPool(host='localhost', port=80): Max retries exceeded with url: /api/v1/mock/mock-swagger/api/v3/pet (Caused by NewConnectionError(""HTTPConnection(host='localhost', port=80): Failed to establish a new connection: [Errno 111] Connection refused""))"
2026-09-24T22:09:08.252029,call_ep_get__pet__petId__mpbf_scn_scn_ep_get__pet__petId__mpbf_401,GET,http://localhost/api/v1/mock/mock-swagger/api/v3/pet/{petId},0,1.07,"HTTPConnectionPool(host='localhost', port=80): Max retries exceeded with url: /api/v1/mock/mock-swagger/api/v3/pet/%7BpetId%7D (Caused by NewConnectionError(""HTTPConnection(host='localhost', port=80): Failed to establish a new connection: [Errno 111] Connection refused""))"
2026-09-24T22:09:08.266448,call_ep_get__pet_findByStatus_t14w_base,GET,http://localhost/api/v1/mock/mock-swagger/api/v3/pet/findByStatus?status=1,0,1.32,"HTTPConnectionPool(host='localhost', port=80): Max retries exceeded with url: /api/v1/mock/mock-swagger/api/v3/pet/findByStatus?status=1 (Caused by NewConnectionError(""HTTPConnection(host='localhost', port=80): Failed to establish a new connection: [Errno 111] Connection refused""))"
2026-09-24T22:09:08.315348,call_ep_post__pet_b5ji_scn_scn_ep_post__pet_b5ji_404,POST,http://localhost/api/v1/mock/mock-swagger/api/v3/pet?error=404,0,1.71,"HTTPConnectionPool(host='localhost', port=80): Max retries exceeded with url: /api/v1/mock/mock-swagger/api/v3/pet?error=404 (Caused by NewConnectionError(""HTTPConnection(host='localhost', port=80): Failed to establish a new connection: [Errno 111] Connection refused""))"
2026-09-24T22:09:08.322032,call_ep_get__pet_findByTags_eg92_scn_scn_ep_get__pet_findByTags_eg92_400,GET,http://localhost/api/v1/mock/mock-swagger/api/v3/pet/findByTags?tags=1,0,1.38,"HTTPConnectionPool(host='localhost', port=80): Max retries exceeded with url: /api/v1/mock/mock-swagger/api/v3/pet/findByTags?tags=1 (Caused by NewConnectionError(""HTTPConnection(host='localhost', port=80): Failed to establish a new connection: [Errno 111] Connection refused""))"
2026-09-24T22:09:08.331854,call_ep_put__pet_jchf_scn_scn_ep_put__pet_jchf_401,PUT,http://localhost/api/v1/mock/mock-swagger/api/v3/pet,0,1.66,"HTTPConnectionPool(host='localhost', port=80): Max retries exceeded with url: /api/v1/mock/mock-swagger/api/v3/pet (Caused by NewConnectionError(""HTTPConnection(host='localhost', port=80): Failed to establish a new connection: [Errno 111] Connection refused""))"
2026-09-24T22:09:08.339755,call_ep_get__pet__petId__mpbf_base,GET,http://localhost/api/v1/mock/mock-swagger/api/v3/pet/{petId},0,1.66,"HTTPConnectionPool(host='localhost', port=80): Max retries exceeded with url: /api/v1/mock/mock-swagger/api/v3/pet/%7BpetId%7D (Caused by NewConnectionError(""HTTPConnection(host='localhost', port=80): Failed to establish a new connection: [Errno 111] Connection refused""))"
2026-09-24T22:09:08.349348,call_ep_put__pet_jchf_scn_scn_ep_put__pet_jchf_404,PUT,http://localhost/api/v1/mock/mock-swagger/api/v3/pet?error=404,0,1.69,"HTTPConnectionPool(host='localhost', port=80): Max retries exceeded with url: /api/v1/mock/mock-swagger/api/v3/pet?error=404 (Caused by NewConnectionError(""HTTPConnection(host='localhost', port=80): Failed to establish a new connection: [Errno 111] Connection refused""))"
2026-09-24T22:09:08.354412,call_ep_get__pet__petId__mpbf_scn_scn_ep_get__pet__petId__mpbf_400,GET,http://localhost/api/v1/mock/mock-swagger/api/v3/pet/{petId},0,1.73,"HTTPConnectionPool(host='localhost', port=80): Max retries exceeded with url: /api/v1/mock/mock-swagger/api/v3/pet/%7BpetId%7D (Caused by NewConnectionError(""HTTPConnection(host='localhost', port=80): Failed to establish a new connection: [Errno 111] Connection refused""))"
2026-09-24T22:09:08.368293,call_ep_get__pet_findByStatus_t14w_scn_scn_ep_get__pet_findByStatus_t14w_401,GET,http://localhost/api/v1/mock/mock-swagger/api/v3/pet/findByStatus?status=1,0,1.66,"HTTPConnectionPool(host='localhost', port=80): Max retries exceeded with url: /api/v1/mock/mock-swagger/api/v3/pet/findByStatus?status=1 (Caused by NewConnectionError(""HTTPConnection(host='localhost', port=80): Failed to establish a new connection: [Errno 111] Connection refused""))"
2026-09-24T22:09:08.417246,call_ep_put__pet_jchf_base,PUT,http://localhost/api/v1/mock/mock-swagger/api/v3/pet,0,1.71,"HTTPConnectionPool(host='localhost', port=80): Max retries exceeded with url: /api/v1/mock/mock-swagger/api/v3/pet (Caused by NewConnectionError(""HTTPConnection(host='localhost', port=80): Failed to establish a new connection: [Errno 111] Connection refused""))"
2026-09-24T22:09:08.423834,call_ep_get__pet_findByTags_eg92_scn_scn_ep_get__pet_findByTags_eg92_404,GET,http://localhost/api/v1/mock/mock-swagger/api/v3/pet/findByTags?tags=1&error=404,0,1.62,"HTTPConnectionPool(host='localhost', port=80): Max retries exceeded with url: /api/v1/mock/mock-swagger/api/v3/pet/findByTags?tags=1&error=404 (Caused by NewConnectionError(""HTTPConnection(host='localhost', port=80): Failed to establish a new connection: [Errno 111] Connection refused""))"
2026-09-24T22:09:08.433665,call_ep_put__pet_jchf_scn_scn_ep_put__pet_jchf_400,PUT,http://localhost/api/v1/mock/mock-swagger/api/v3/pet,0,1.61,"HTTPConnectionPool(host='localhost', port=80): Max retries exceeded with url: /api/v1/mock/mock-swagger/api/v3/pet (Caused by NewConnectionError(""HTTPConnection(host='localhost', port=80): Failed to establish a new connection: [Errno 111] Connection refused""))"
2026-09-24T22:09:08.441585,call_ep_get__pet__petId__mpbf_scn_scn_ep_get__pet__petId__mpbf_401,GET,http://localhost/api/v1/mock/mock-swagger/api/v3/pet/{petId},0,1.65,"HTTPConnectionPool(host='localhost', port=80): Max retries exceeded with url: /api/v1/mock/mock-swagger/api/v3/pet/%7BpetId%7D (Caused by NewConnectionError(""HTTPConnection(host='localhost', port=80): Failed to establish a new connection: [Errno 111] Connection refused""))"
2026-09-24T22:09:08.451182,call_ep_get__pet_findByStatus_t14w_base,GET,http://localhost/api/v1/mock/mock-swagger/api/v3/pet/findByStatus?status=1,0,1.64,"HTTPConnectionPool(host='localhost', port=80): Max retries exceeded with url: /api/v1/mock/mock-swagger/api/v3/pet/findByStatus?status=1 (Caused by NewConnectionError(""HTTPConnection(host='localhost', port=80): Failed to establish a new connection: [Errno 111] Connection refused""))"
2026-09-24T22:09:08.456228,call_ep_get__pet__petId__mpbf_scn_scn_ep_get__pet__petId__mpbf_404,GET,http://localhost/api/v1/mock/mock-swagger/api/v3/pet/999999999,0,1.62,"HTTPConnectionPool(host='localhost', port=80): Max retries exceeded with url: /api/v1/mock/mock-swagger/api/v3/pet/999999999 (Caused by NewConnectionError(""HTTPConnection(host='localhost', port=80): Failed to establish a new connection: [Errno 111] Connection refused""))"
2026-09-24T22:09:08.470159,call_ep_get__pet_findByStatus_t14w_scn_scn_ep_get__pet_findByStatus_t14w_400,GET,http://localhost/api/v1/mock/mock-swagger/api/v3/pet/findByStatus?status=1,0,1.69,"HTTPConnectionPool(host='localhost', port=80): Max retries exceeded with url: /api/v1/mock/mock-swagger/api/v3/pet/findByStatus?status=1 (Caused by NewConnectionError(""HTTPConnection(host='localhost', port=80): Failed to establish a new connection: [Errno 111] Connection refused""))"
2026-09-24T22:09:08.519151,call_ep_put__pet_jchf_scn_scn_ep_put__pet_jchf_401,PUT,http://localhost/api/v1/mock/mock-swagger/api/v3/pet,0,1.72,"HTTPConnectionPool(host='localhost', port=80): Max retries exceeded with url: /api/v1/mock/mock-swagger/api/v3/pet (Caused by NewConnectionError(""HTTPConnection(host='localhost', port=80): Failed to establish a new connection: [Errno 111] Connection refused""))"
2026-09-24T22:09:08.525670,call_ep_get__pet__petId__mpbf_base,GET,http://localhost/api/v1/mock/mock-swagger/api/v3/pet/{petId},0,1.65,"HTTPConnectionPool(host='localhost', port=80): Max retries exceeded with url: /api/v1/mock/mock-swagger/api/v3/pet/%7BpetId%7D (Caused by NewConnectionError(""HTTPConnection(host='localhost', port=80): Failed to establish a new connection: [Errno 111] Connection refused""))"
2026-09-24T22:09:08.535511,call_ep_put__pet_jchf_scn_scn_ep_put__pet_jchf_404,PUT,http://localhost/api/v1/mock/mock-swagger/api/v3/pet?error=404,0,1.66,"HTTPConnectionPool(host='localhost', port=80): Max retries exceeded with url: /api/v1/mock/mock-swagger/api/v3/pet?error=404 (Caused by NewConnectionError(""HTTPConnection(host='localhost', port=80): Failed to establish a new connection: [Errno 111] Connection refused""))"
2026-09-24T22:09:08.543465,call_ep_get__pet__petId__mpbf_scn_scn_ep_get__pet__petId__mpbf_400,GET,http://localhost/api/v1/mock/mock-swagger/api/v3/pet/{petId},0,1.7,"HTTPConnectionPool(host='localhost', port=80): Max retries exceeded with url: /api/v1/mock/mock-swagger/api/v3/pet/%7BpetId%7D (Caused by NewConnectionError(""HTTPConnection(host='localhost', port=80): Failed to establish a new connection: [Errno 111] Connection refused""))"
2026-09-24T22:09:08.553558,call_ep_get__pet_findByStatus_t14w_scn_scn_ep_get__pet_findByStatus_t14w_401,GET,http://localhost/api/v1/mock/mock-swagger/api/v3/pet/findByStatus?status=1,0,2.22,"HTTPConnectionPool(host='localhost', port=80): Max retries exceeded with url: /api/v1/mock/mock-swagger/api/v3/pet/findByStatus?status=1 (Caused by NewConnectionError(""HTTPConnection(host='localhost', port=80): Failed to establish a new connection: [Errno 111] Connection refused""))"
2026-09-24T22:09:08.558132,call_ep_post__pet_b5ji_base,POST,http://localhost/api/v1/mock/mock-swagger/api/v3/pet,0,1.72,"HTTPConnectionPool(host='localhost', port=80): Max retries exceeded with url: /api/v1/mock/mock-swagger/api/v3/pet (Caused by NewConnectionError(""HTTPConnection(host='localhost', port=80): Failed to establish a new connection: [Errno 111] Connection refused""))"
2026-09-24T22:09:08.572010,call_ep_get__pet_findByStatus_t14w_scn_scn_ep_get__pet_findByStatus_t14w_404,GET,http://localhost/api/v1/mock/mock-swagger/api/v3/pet/findByStatus?status=1&error=404,0,1.67,"HTTPConnectionPool(host='localhost', port=80): Max retries exceeded with url: /api/v1/mock/mock-swagger/api/v3/pet/findByStatus?status=1&error=404 (Caused by NewConnectionError(""HTTPConnection(host='localhost', port=80): Failed to establish a new connection: [Errno 111] Connection refused""))"
2026-09-24T22:09:08.621019,call_ep_put__pet_jchf_scn_scn_ep_put__pet_jchf_400,PUT,http://localhost/api/v1/mock/mock-swagger/api/v3/pet,0,1.68,"HTTPConnectionPool(host='localhost', port=80): Max retries exceeded with url: /api/v1/mock/mock-swagger/api/v3/pet (Caused by NewConnectionError(""HTTPConnection(host='localhost', port=80): Failed to establish a new connection: [Errno 111] Connection refused""))"
2026-09-24T22:09:08.627503,call_ep_get__pet__petId__mpbf_scn_scn_ep_get__pet__petId__mpbf_401,GET,http://localhost/api/v1/mock/mock-swagger/api/v3/pet/{petId},0,1.65,"HTTPConnectionPool(host='localhost', port=80): Max retries exceeded with url: /api/v1/mock/mock-swagger/api/v3/pet/%7BpetId%7D (Caused by NewConnectionError(""HTTPConnection(host='localhost', port=80): Failed to establish a new connection: [Errno 111] Connection refused""))"
2026-09-24T22:09:08.637307,call_ep_get__pet_findByStatus_t14w_base,GET,http://localhost/api/v1/mock/mock-swagger/api/v3/pet/findByStatus?status=1,0,1.61,"HTTPConnectionPool(host='localhost', port=80): Max retries exceeded with url: /api/v1/mock/mock-swagger/api/v3/pet/findByStatus?status=1 (Caused by NewConnectionError(""HTTPConnection(host='localhost', port=80): Failed to establish a new connection: [Errno 111] Connection refused""))"
2026-09-24T22:09:08.645253,call_ep_get__pet__petId__mpbf_scn_scn_ep_get__pet__petId__mpbf_404,GET,http://localhost/api/v1/mock/mock-swagger/api/v3/pet/999999999,0,1.61,"HTTPConnectionPool(host='localhost', port=80): Max retries exceeded with url: /api/v1/mock/mock-swagger/api/v3/pet/999999999 (Caused by NewConnectionError(""HTTPConnection(host='localhost', port=80): Failed to establish a new connection: [Errno 111] Connection refused""))"
2026-09-24T22:09:08.655269,call_ep_get__pet_findByStatus_t14w_scn_scn_ep_get__pet_findByStatus_t14w_400,GET,http://localhost/api/v1/mock/mock-swagger/api/v3/pet/findByStatus?status=1,0,1.55,"HTTPConnectionPool(host='localhost', port=80): Max retries exceeded with url: /api/v1/mock/mock-swagger/api/v3/pet/findByStatus?status=1 (Caused by NewConnectionError(""HTTPConnection(host='localhost', port=80): Failed to establish a new connection: [Errno 111] Connection refused""))"
2026-09-24T22:09:08.659973,call_ep_post__pet_b5ji_scn_scn_ep_post__pet_b5ji_401,POST,http://localhost/api/v1/mock/mock-swagger/api/v3/pet,0,1.65,"HTTPConnectionPool(host='localhost', port=80): Max retries exceeded with url: /api/v1/mock/mock-swagger/api/v3/pet (Caused by NewConnectionError(""HTTPConnection(host='localhost', port=80): Failed to establish a new connection: [Errno 111] Connection refused""))"
2026-09-24T22:09:08.673822,call_ep_get__pet_findByTags_eg92_base,GET,http://localhost/api/v1/mock/mock-swagger/api/v3/pet/findByTags?tags=1,0,1.63,"HTTPConnectionPool(host='localhost', port=80): Max retries exceeded with url: /api/v1/mock/mock-swagger/api/v3/pet/findByTags?tags=1 (Caused by NewConnectionError(""HTTPConnection(host='localhost', port=80): Failed to establish a new connection: [Errno 111] Connection refused""))"
2026-09-24T22:09:08.722875,call_ep_put__pet_jchf_scn_scn_ep_put__pet_jchf_404,PUT,http://localhost/api/v1/mock/mock-swagger/api/v3/pet?error=404,0,1.66,"HTTPConnectionPool(host='localhost', port=80): Max retries exceeded with url: /api/v1/mock/mock-swagger/api/v3/pet?error=404 (Caused by NewConnectionError(""HTTPConnection(host='localhost', port=80): Failed to establish a new connection: [Errno 111] Connection refused""))"
2026-09-24T22:09:08.729367,call_ep_get__pet__petId__mpbf_scn_scn_ep_get__pet__petId__mpbf_400,GET,http://localhost/api/v1/mock/mock-swagger/api/v3/pet/{petId},0,1.68,"HTTPConnectionPool(host='localhost', port=80): Max retries exceeded with url: /api/v1/mock/mock-swagger/api/v3/pet/%7BpetId%7D (Caused by NewConnectionError(""HTTPConnection(host='localhost', port=80): Failed to establish a new connection: [Errno 111] Connection refused""))"
2026-09-24T22:09:08.739111,call_ep_get__pet_findByStatus_t14w_scn_scn_ep_get__pet_findByStatus_t14w_401,GET,http://localhost/api/v1/mock/mock-swagger/api/v3/pet/findByStatus?status=1,0,1.62,"HTTPConnectionPool(host='localhost', port=80): Max retries exceeded with url: /api/v1/mock/mock-swagger/api/v3/pet/findByStatus?status=1 (Caused by NewConnectionError(""HTTPConnection(host='localhost', port=80): Failed to establish a new connection: [Errno 111] Connection refused""))"
2026-09-24T22:09:08.747553,call_ep_post__pet_b5ji_base,POST,http://localhost/api/v1/mock/mock-swagger/api/v3/pet,0,2.12,"HTTPConnectionPool(host='localhost', port=80): Max retries exceeded with url: /api/v1/mock/mock-swagger/api/v3/pet (Caused by NewConnectionError(""HTTPConnection(host='localhost', port=80): Failed to establish a new connection: [Errno 111] Connection refused""))"
2026-09-24T22:09:08.757002,call_ep_get__pet_findByStatus_t14w_scn_scn_ep_get__pet_findByStatus_t14w_404,GET,http://localhost/api/v1/mock/mock-swagger/api/v3/pet/findByStatus?status=1&error=404,0,1.57,"HTTPConnectionPool(host='localhost', port=80): Max retries exceeded with url: /api/v1/mock/mock-swagger/api/v3/pet/findByStatus?status=1&error=404 (Caused by NewConnectionError(""HTTPConnection(host='localhost', port=80): Failed to establish a new connection: [Errno 111] Connection refused""))"
2026-09-24T22:09:08.761813,call_ep_post__pet_b5ji_scn_scn_ep_post__pet_b5ji_400,POST,http://localhost/api/v1/mock/mock-swagger/api/v3/pet,0,1.65,"HTTPConnectionPool(host='localhost', port=80): Max retries exceeded with url: /api/v1/mock/mock-swagger/api/v3/pet (Caused by NewConnectionError(""HTTPConnection(host='localhost', port=80): Failed to establish a new connection: [Errno 111] Connection refused""))"
2026-09-24T22:09:08.775623,call_ep_get__pet_findByTags_eg92_scn_scn_ep_get__pet_findByTags_eg92_401,GET,http://localhost/api/v1/mock/mock-swagger/api/v3/pet/findByTags?tags=1,0,1.62,"HTTPConnectionPool(host='localhost', port=80): Max retries exceeded with url: /api/v1/mock/mock-swagger/api/v3/pet/findByTags?tags=1 (Caused by NewConnectionError(""HTTPConnection(host='localhost', port=80): Failed to establish a new connection: [Errno 111] Connection refused""))"
2026-09-24T22:09:08.824707,call_ep_get__pet_findByStatus_t14w_base,GET,http://localhost/api/v1/mock/mock-swagger/api/v3/pet/findByStatus?status=1,0,1.62,"HTTPConnectionPool(host='localhost', port=80): Max retries exceeded with url: /api/v1/mock/mock-swagger/api/v3/pet/findByStatus?status=1 (Caused by NewConnectionError(""HTTPConnection(host='localhost', port=80): Failed to establish a new connection: [Errno 111] Connection refused""))"
2026-09-24T22:09:08.831158,call_ep_get__pet__petId__mpbf_scn_scn_ep_get__pet__petId__mpbf_404,GET,http://localhost/api/v1/mock/mock-swagger/api/v3/pet/999999999,0,1.61,"HTTPConnectionPool(host='localhost', port=80): Max retries exceeded with url: /api/v1/mock/mock-swagger/api/v3/pet/999999999 (Caused by NewConnectionError(""HTTPConnection(host='localhost', port=80): Failed to establish a new connection: [Errno 111] Connection refused""))"
2026-09-24T22:09:08.840947,call_ep_get__pet_findByStatus_t14w_scn_scn_ep_get__pet_findByStatus_t14w_400,GET,http://localhost/api/v1/mock/mock-swagger/api/v3/pet/findByStatus?status=1,0,1.65,"HTTPConnectionPool(host='localhost', port=80): Max retries exceeded with url: /api/v1/mock/mock-swagger/api/v3/pet/findByStatus?status=1 (Caused by NewConnectionError(""HTTPConnection(host='localhost', port=80): Failed to establish a new connection: [Errno 111] Connection refused""))"
2026-09-24T22:09:08.849399,call_ep_post__pet_b5ji_scn_scn_ep_post__pet_b5ji_401,POST,http://localhost/api/v1/mock/mock-swagger/api/v3/pet,0,1.66,"HTTPConnectionPool(host='localhost', port=80): Max retries exceeded with url: /api/v1/mock/mock-swagger/api/v3/pet (Caused by NewConnectionError(""HTTPConnection(host='localhost', port=80): Failed to establish a new connection: [Errno 111] Connection refused""))"
2026-09-24T22:09:08.858796,call_ep_get__pet_findByTags_eg92_base,GET,http://localhost/api/v1/mock/mock-swagger/api/v3/pet/findByTags?tags=1,0,1.61,"HTTPConnectionPool(host='localhost', port=80): Max retries exceeded with url: /api/v1/mock/mock-swagger/api/v3/pet/findByTags?tags=1 (Caused by NewConnectionError(""HTTPConnection(host='localhost', port=80): Failed to establish a new connection: [Errno 111] Connection refused""))"
2026-09-24T22:09:08.863660,call_ep_post__pet_b5ji_scn_scn_ep_post__pet_b5ji_404,POST,http://localhost/api/v1/mock/mock-swagger/api/v3/pet?error=404,0,1.66,"HTTPConnectionPool(host='localhost', port=80): Max retries exceeded with url: /api/v1/mock/mock-swagger/api/v3/pet?error=404 (Caused by NewConnectionError(""HTTPConnection(host='localhost', port=80): Failed to establish a new connection: [Errno 111] Connection refused""))"
2026-09-24T22:09:08.877478,call_ep_get__pet_findByTags_eg92_scn_scn_ep_get__pet_findByTags_eg92_400,GET,http://localhost/api/v1/mock/mock-swagger/api/v3/pet/findByTags?tags=1,0,1.67,"HTTPConnectionPool(host='localhost', port=80): Max retries exceeded with url: /api/v1/mock/mock-swagger/api/v3/pet/findByTags?tags=1 (Caused by NewConnectionError(""HTTPConnection(host='localhost', port=80): Failed to establish a new connection: [Errno 111] Connection refused""))"
2026-09-24T22:09:08.926523,call_ep_get__pet_findByStatus_t14w_scn_scn_ep_get__pet_findByStatus_t14w_401,GET,http://localhost/api/v1/mock/mock-swagger/api/v3/pet/findByStatus?status=1,0,1.61,"HTTPConnectionPool(host='localhost', port=80): Max retries exceeded with url: /api/v1/mock/mock-swagger/api/v3/pet/findByStatus?status=1 (Caused by NewConnectionError(""HTTPConnection(host='localhost', port=80): Failed to establish a new connection: [Errno 111] Connection refused""))"
2026-09-24T22:09:08.933007,call_ep_post__pet_b5ji_base,POST,http://localhost/api/v1/mock/mock-swagger/api/v3/pet,0,1.66,"HTTPConnectionPool(host='localhost', port=80): Max retries exceeded with url: /api/v1/mock/mock-swagger/api/v3/pet (Caused by NewConnectionError(""HTTPConnection(host='localhost', port=80): Failed to establish a new connection: [Errno 111] Connection refused""))"
2026-09-24T22:09:08.943241,call_ep_get__pet_findByStatus_t14w_scn_scn_ep_get__pet_findByStatus_t14w_404,GET,http://localhost/api/v1/mock/mock-swagger/api/v3/pet/findByStatus?status=1&error=404,0,2.11,"HTTPConnectionPool(host='localhost', port=80): Max retries exceeded with url: /api/v1/mock/mock-swagger/api/v3/pet/findByStatus?status=1&error=404 (Caused by NewConnectionError(""HTTPConnection(host='localhost', port=80): Failed to establish a new connection: [Errno 111] Connection refused""))"
2026-09-24T22:09:08.951242,call_ep_post__pet_b5ji_scn_scn_ep_post__pet_b5ji_400,POST,http://localhost/api/v1/mock/mock-swagger/api/v3/pet,0,1.66,"HTTPConnectionPool(host='localhost', port=80): Max retries exceeded with url: /api/v1/mock/mock-swagger/api/v3/pet (Caused by NewConnectionError(""HTTPConnection(host='localhost', port=80): Failed to establish a new connection: [Errno 111] Connection refused""))"
2026-09-24T22:09:08.960512,call_ep_get__pet_findByTags_eg92_scn_scn_ep_get__pet_findByTags_eg92_401,GET,http://localhost/api/v1/mock/mock-swagger/api/v3/pet/findByTags?tags=1,0,1.52,"HTTPConnectionPool(host='localhost', port=80): Max retries exceeded with url: /api/v1/mock/mock-swagger/api/v3/pet/findByTags?tags=1 (Caused by NewConnectionError(""HTTPConnection(host='localhost', port=80): Failed to establish a new connection: [Errno 111] Connection refused""))"
2026-09-24T22:09:08.965516,call_ep_put__pet_jchf_base,PUT,http://localhost/api/v1/mock/mock-swagger/api/v3/pet,0,1.66,"HTTPConnectionPool(host='localhost', port=80): Max retries exceeded with url: /api/v1/mock/mock-swagger/api/v3/pet (Caused by NewConnectionError(""HTTPConnection(host='localhost', port=80): Failed to establish a new connection: [Errno 111] Connection refused""))"
2026-09-24T22:09:08.979308,call_ep_get__pet_findByTags_eg92_scn_scn_ep_get__pet_findByTags_eg92_404,GET,http://localhost/api/v1/mock/mock-swagger/api/v3/pet/findByTags?tags=1&error=404,0,1.64,"HTTPConnectionPool(host='localhost', port=80): Max retries exceeded with url: /api/v1/mock/mock-swagger/api/v3/pet/findByTags?tags=1&error=404 (Caused by NewConnectionError(""HTTPConnection(host='localhost', port=80): Failed to establish a new connection: [Errno 111] Connection refused""))"
2026-09-24T22:09:09.028373,call_ep_get__pet_findByStatus_t14w_scn_scn_ep_get__pet_findByStatus_t14w_400,GET,http://localhost/api/v1/mock/mock-swagger/api/v3/pet/findByStatus?status=1,0,1.66,"HTTPConnectionPool(host='localhost', port=80): Max retries exceeded with url: /api/v1/mock/mock-swagger/api/v3/pet/findByStatus?status=1 (Caused by NewConnectionError(""HTTPConnection(host='localhost', port=80): Failed to establish a new connection: [Errno 111] Connection refused""))"
2026-09-24T22:09:09.034804,call_ep_post__pet_b5ji_scn_scn_ep_post__pet_b5ji_401,POST,http://localhost/api/v1/mock/mock-swagger/api/v3/pet,0,1.62,"HTTPConnectionPool(host='localhost', port=80): Max retries exceeded with url: /api/v1/mock/mock-swagger/api/v3/pet (Caused by NewConnectionError(""HTTPConnection(host='localhost', port=80): Failed to establish a new connection: [Errno 111] Connection refused""))"
2026-09-24T22:09:09.045050,call_ep_get__pet_findByTags_eg92_base,GET,http://localhost/api/v1/mock/mock-swagger/api/v3/pet/findByTags?tags=1,0,1.62,"HTTPConnectionPool(host='localhost', port=80): Max retries exceeded with url: /api/v1/mock/mock-swagger/api/v3/pet/findByTags?tags=1 (Caused by NewConnectionError(""HTTPConnection(host='localhost', port=80): Failed to establish a new connection: [Errno 111] Connection refused""))"
2026-09-24T22:09:09.053145,call_ep_post__pet_b5ji_scn_scn_ep_post__pet_b5ji_404,POST,http://localhost/api/v1/mock/mock-swagger/api/v3/pet?error=404,0,1.72,"HTTPConnectionPool(host='localhost', port=80): Max retries exceeded with url: /api/v1/mock/mock-swagger/api/v3/pet?error=404 (Caused by NewConnectionError(""HTTPConnection(host='localhost', port=80): Failed to establish a new connection: [Errno 111] Connection refused""))"
2026-09-24T22:09:09.062338,call_ep_get__pet_findByTags_eg92_scn_scn_ep_get__pet_findByTags_eg92_400,GET,http://localhost/api/v1/mock/mock-swagger/api/v3/pet/findByTags?tags=1,0,1.64,"HTTPConnectionPool(host='localhost', port=80): Max retries exceeded with url: /api/v1/mock/mock-swagger/api/v3/pet/findByTags?tags=1 (Caused by NewConnectionError(""HTTPConnection(host='localhost', port=80): Failed to establish a new connection: [Errno 111] Connection refused""))"
2026-09-24T22:09:09.067554,call_ep_put__pet_jchf_scn_scn_ep_put__pet_jchf_401,PUT,http://localhost/api/v1/mock/mock-swagger/api/v3/pet,0,1.85,"HTTPConnectionPool(host='localhost', port=80): Max retries exceeded with url: /api/v1/mock/mock-swagger/api/v3/pet (Caused by NewConnectionError(""HTTPConnection(host='localhost', port=80): Failed to establish a new connection: [Errno 111] Connection refused""))"
2026-09-24T22:09:09.081203,call_ep_get__pet__petId__mpbf_base,GET,http://localhost/api/v1/mock/mock-swagger/api/v3/pet/{petId},0,1.71,"HTTPConnectionPool(host='localhost', port=80): Max retries exceeded with url: /api/v1/mock/mock-swagger/api/v3/pet/%7BpetId%7D (Caused by NewConnectionError(""HTTPConnection(host='localhost', port=80): Failed to establish a new connection: [Errno 111] Connection refused""))"
2026-09-24T22:09:09.119483,call_ep_post__pet_b5ji_base,POST,http://localhost/api/v1/mock/mock-swagger/api/v3/pet,0,1.55,"HTTPConnectionPool(host='localhost', port=80): Max retries exceeded with url: /api/v1/mock/mock-swagger/api/v3/pet (Caused by NewConnectionError(""HTTPConnection(host='localhost', port=80): Failed to establish a new connection: [Errno 111] Connection refused""))"
2026-09-24T22:09:09.130186,call_ep_get__pet_findByStatus_t14w_scn_scn_ep_get__pet_findByStatus_t14w_404,GET,http://localhost/api/v1/mock/mock-swagger/api/v3/pet/findByStatus?status=1&error=404,0,1.63,"HTTPConnectionPool(host='localhost', port=80): Max retries exceeded with url: /api/v1/mock/mock-swagger/api/v3/pet/findByStatus?status=1&error=404 (Caused by NewConnectionError(""HTTPConnection(host='localhost', port=80): Failed to establish a new connection: [Errno 111] Connection refused""))"
2026-09-24T22:09:09.136619,call_ep_post__pet_b5ji_scn_scn_ep_post__pet_b5ji_400,POST,http://localhost/api/v1/mock/mock-swagger/api/v3/pet,0,1.63,"HTTPConnectionPool(host='localhost', port=80): Max retries exceeded with url: /api/v1/mock/mock-swagger/api/v3/pet (Caused by NewConnectionError(""HTTPConnection(host='localhost', port=80): Failed to establish a new connection: [Errno 111] Connection refused""))"
2026-09-24T22:09:09.146841,call_ep_get__pet_findByTags_eg92_scn_scn_ep_get__pet_findByTags_eg92_401,GET,http://localhost/api/v1/mock/mock-swagger/api/v3/pet/findByTags?tags=1,0,1.61,"HTTPConnectionPool(host='localhost', port=80): Max retries exceeded with url: /api/v1/mock/mock-swagger/api/v3/pet/findByTags?tags=1 (Caused by NewConnectionError(""HTTPConnection(host='localhost', port=80): Failed to establish a new connection: [Errno 111] Connection refused""))"
2026-09-24T22:09:09.154999,call_ep_put__pet_jchf_base,PUT,http://localhost/api/v1/mock/mock-swagger/api/v3/pet,0,1.67,"HTTPConnectionPool(host='localhost', port=80): Max retries exceeded with url: /api/v1/mock/mock-swagger/api/v3/pet (Caused by NewConnectionError(""HTTPConnection(host='localhost', port=80): Failed to establish a new connection: [Errno 111] Connection refused""))"
2026-09-24T22:09:09.164158,call_ep_get__pet_findByTags_eg92_scn_scn_ep_get__pet_findByTags_eg92_404,GET,http://localhost/api/v1/mock/mock-swagger/api/v3/pet/findByTags?tags=1&error=404,0,1.64,"HTTPConnectionPool(host='localhost', port=80): Max retries exceeded with url: /api/v1/mock/mock-swagger/api/v3/pet/findByTags?tags=1&error=404 (Caused by NewConnectionError(""HTTPConnection(host='localhost', port=80): Failed to establish a new connection: [Errno 111] Connection refused""))"
2026-09-24T22:09:09.169414,call_ep_put__pet_jchf_scn_scn_ep_put__pet_jchf_400,PUT,http://localhost/api/v1/mock/mock-swagger/api/v3/pet,0,1.68,"HTTPConnectionPool(host='localhost', port=80): Max retries exceeded with url: /api/v1/mock/mock-swagger/api/v3/pet (Caused by NewConnectionError(""HTTPConnection(host='localhost', port=80): Failed to establish a new connection: [Errno 111] Connection refused""))"
2026-09-24T22:09:09.183078,call_ep_get__pet__petId__mpbf_scn_scn_ep_get__pet__petId__mpbf_401,GET,http://localhost/api/v1/mock/mock-swagger/api/v3/pet/{petId},0,1.69,"HTTPConnectionPool(host='localhost', port=80): Max retries exceeded with url: /api/v1/mock/mock-swagger/api/v3/pet/%7BpetId%7D (Caused by NewConnectionError(""HTTPConnection(host='localhost', port=80): Failed to establish a new connection: [Errno 111] Connection refused""))"
2026-09-24T22:09:09.220931,call_ep_post__pet_b5ji_scn_scn_ep_post__pet_b5ji_401,POST,http://localhost/api/v1/mock/mock-swagger/api/v3/pet,0,1.26,"HTTPConnectionPool(host='localhost', port=80): Max retries exceeded with url: /api/v1/mock/mock-swagger/api/v3/pet (Caused by NewConnectionError(""HTTPConnection(host='localhost', port=80): Failed to establish a new connection: [Errno 111] Connection refused""))"
2026-09-24T22:09:09.232018,call_ep_get__pet_findByTags_eg92_base,GET,http://localhost/api/v1/mock/mock-swagger/api/v3/pet/findByTags?tags=1,0,1.64,"HTTPConnectionPool(host='localhost', port=80): Max retries exceeded with url: /api/v1/mock/mock-swagger/api/v3/pet/findByTags?tags=1 (Caused by NewConnectionError(""HTTPConnection(host='localhost', port=80): Failed to establish a new connection: [Errno 111] Connection refused""))"
2026-09-24T22:09:09.238453,call_ep_post__pet_b5ji_scn_scn_ep_post__pet_b5ji_404,POST,http://localhost/api/v1/mock/mock-swagger/api/v3/pet?error=404,0,1.65,"HTTPConnectionPool(host='localhost', port=80): Max retries exceeded with url: /api/v1/mock/mock-swagger/api/v3/pet?error=404 (Caused by NewConnectionError(""HTTPConnection(host='localhost', port=80): Failed to establish a new connection: [Errno 111] Connection refused""))"
2026-09-24T22:09:09.248656,call_ep_get__pet_findByTags_eg92_scn_scn_ep_get__pet_findByTags_eg92_400,GET,http://localhost/api/v1/mock/mock-swagger/api/v3/pet/findByTags?tags=1,0,1.61,"HTTPConnectionPool(host='localhost', port=80): Max retries exceeded with url: /api/v1/mock/mock-swagger/api/v3/pet/findByTags?tags=1 (Caused by NewConnectionError(""HTTPConnection(host='localhost', port=80): Failed to establish a new connection: [Errno 111] Connection refused""))"
2026-09-24T22:09:09.256814,call_ep_put__pet_jchf_scn_scn_ep_put__pet_jchf_401,PUT,http://localhost/api/v1/mock/mock-swagger/api/v3/pet,0,1.63,"HTTPConnectionPool(host='localhost', port=80): Max retries exceeded with url: /api/v1/mock/mock-swagger/api/v3/pet (Caused by NewConnectionError(""HTTPConnection(host='localhost', port=80): Failed to establish a new connection: [Errno 111] Connection refused""))"
2026-09-24T22:09:09.266490,call_ep_get__pet__petId__mpbf_base,GET,http://localhost/api/v1/mock/mock-swagger/api/v3/pet/{petId},0,2.15,"HTTPConnectionPool(host='localhost', port=80): Max retries exceeded with url: /api/v1/mock/mock-swagger/api/v3/pet/%7BpetId%7D (Caused by NewConnectionError(""HTTPConnection(host='localhost', port=80): Failed to establish a new connection: [Errno 111] Connection refused""))"
2026-09-24T22:09:09.271272,call_ep_put__pet_jchf_scn_scn_ep_put__pet_jchf_404,PUT,http://localhost/api/v1/mock/mock-swagger/api/v3/pet?error=404,0,1.67,"HTTPConnectionPool(host='localhost', port=80): Max retries exceeded with url: /api/v1/mock/mock-swagger/api/v3/pet?error=404 (Caused by NewConnectionError(""HTTPConnection(host='localhost', port=80): Failed to establish a new connection: [Errno 111] Connection refused""))"
2026-09-24T22:09:09.285035,call_ep_get__pet__petId__mpbf_scn_scn_ep_get__pet__petId__mpbf_400,GET,http://localhost/api/v1/mock/mock-swagger/api/v3/pet/{petId},0,1.76,"HTTPConnectionPool(host='localhost', port=80): Max retries exceeded with url: /api/v1/mock/mock-swagger/api/v3/pet/%7BpetId%7D (Caused by NewConnectionError(""HTTPConnection(host='localhost', port=80): Failed to establish a new connection: [Errno 111] Connection refused""))"
2026-09-24T22:09:09.322666,call_ep_post__pet_b5ji_scn_scn_ep_post__pet_b5ji_400,POST,http://localhost/api/v1/mock/mock-swagger/api/v3/pet,0,1.56,"HTTPConnectionPool(host='localhost', port=80): Max retries exceeded with url: /api/v1/mock/mock-swagger/api/v3/pet (Caused by NewConnectionError(""HTTPConnection(host='localhost', port=80): Failed to establish a new connection: [Errno 111] Connection refused""))"
2026-09-24T22:09:09.333830,call_ep_get__pet_findByTags_eg92_scn_scn_ep_get__pet_findByTags_eg92_401,GET,http://localhost/api/v1/mock/mock-swagger/api/v3/pet/findByTags?tags=1,0,1.62,"HTTPConnectionPool(host='localhost', port=80): Max retries exceeded with url: /api/v1/mock/mock-swagger/api/v3/pet/findByTags?tags=1 (Caused by NewConnectionError(""HTTPConnection(host='localhost', port=80): Failed to establish a new connection: [Errno 111] Connection refused""))"
2026-09-24T22:09:09.340279,call_ep_put__pet_jchf_base,PUT,http://localhost/api/v1/mock/mock-swagger/api/v3/pet,0,1.64,"HTTPConnectionPool(host='localhost', port=80): Max retries exceeded with url: /api/v1/mock/mock-swagger/api/v3/pet (Caused by NewConnectionError(""HTTPConnection(host='localhost', port=80): Failed to establish a new connection: [Errno 111] Connection refused""))"
2026-09-24T22:09:09.350571,call_ep_get__pet_findByTags_eg92_scn_scn_ep_get__pet_findByTags_eg92_404,GET,http://localhost/api/v1/mock/mock-swagger/api/v3/pet/findByTags?tags=1&error=404,0,1.73,"HTTPConnectionPool(host='localhost', port=80): Max retries exceeded with url: /api/v1/mock/mock-swagger/api/v3/pet/findByTags?tags=1&error=404 (Caused by NewConnectionError(""HTTPConnection(host='localhost', port=80): Failed to establish a new connection: [Errno 111] Connection refused""))"
2026-09-24T22:09:09.358630,call_ep_put__pet_jchf_scn_scn_ep_put__pet_jchf_400,PUT,http://localhost/api/v1/mock/mock-swagger/api/v3/pet,0,1.63,"HTTPConnectionPool(host='localhost', port=80): Max retries exceeded with url: /api/v1/mock/mock-swagger/api/v3/pet (Caused by NewConnectionError(""HTTPConnection(host='localhost', port=80): Failed to establish a new connection: [Errno 111] Connection refused""))"
2026-09-24T22:09:09.368375,call_ep_get__pet__petId__mpbf_scn_scn_ep_get__pet__petId__mpbf_401,GET,http://localhost/api/v1/mock/mock-swagger/api/v3/pet/{petId},0,1.69,"HTTPConnectionPool(host='localhost', port=80): Max retries exceeded with url: /api/v1/mock/mock-swagger/api/v3/pet/%7BpetId%7D (Caused by NewConnectionError(""HTTPConnection(host='localhost', port=80): Failed to establish a new connection: [Errno 111] Connection refused""))"
2026-09-24T22:09:09.373088,call_ep_get__pet_findByStatus_t14w_base,GET,http://localhost/api/v1/mock/mock-swagger/api/v3/pet/findByStatus?status=1,0,1.63,"HTTPConnectionPool(host='localhost', port=80): Max retries exceeded with url: /api/v1/mock/mock-swagger/api/v3/pet/findByStatus?status=1 (Caused by NewConnectionError(""HTTPConnection(host='localhost', port=80): Failed to establish a new connection: [Errno 111] Connection refused""))"
2026-09-24T22:09:09.386849,call_ep_get__pet__petId__mpbf_scn_scn_ep_get__pet__petId__mpbf_404,GET,http://localhost/api/v1/mock/mock-swagger/api/v3/pet/999999999,0,1.63,"HTTPConnectionPool(host='localhost', port=80): Max retries exceeded with url: /api/v1/mock/mock-swagger/api/v3/pet/999999999 (Caused by NewConnectionError(""HTTPConnection(host='localhost', port=80): Failed to establish a new connection: [Errno 111] Connection refused""))"
2026-09-24T22:09:09.424544,call_ep_post__pet_b5ji_scn_scn_ep_post__pet_b5ji_404,POST,http://localhost/api/v1/mock/mock-swagger/api/v3/pet?error=404,0,1.69,"HTTPConnectionPool(host='localhost', port=80): Max retries exceeded with url: /api/v1/mock/mock-swagger/api/v3/pet?error=404 (Caused by NewConnectionError(""HTTPConnection(host='localhost', port=80): Failed to establish a new connection: [Errno 111] Connection refused""))"
2026-09-24T22:09:09.435767,call_ep_get__pet_findByTags_eg92_scn_scn_ep_get__pet_findByTags_eg92_400,GET,http://localhost/api/v1/mock/mock-swagger/api/v3/pet/findByTags?tags=1,0,1.71,"HTTPConnectionPool(host='localhost', port=80): Max retries exceeded with url: /api/v1/mock/mock-swagger/api/v3/pet/findByTags?tags=1 (Caused by NewConnectionError(""HTTPConnection(host='localhost', port=80): Failed to establish a new connection: [Errno 111] Connection refused""))"
2026-09-24T22:09:09.442682,call_ep_put__pet_jchf_scn_scn_ep_put__pet_jchf_401,PUT,http://localhost/api/v1/mock/mock-swagger/api/v3/pet,0,2.21,"HTTPConnectionPool(host='localhost', port=80): Max retries exceeded with url: /api/v1/mock/mock-swagger/api/v3/pet (Caused by NewConnectionError(""HTTPConnection(host='localhost', port=80): Failed to establish a new connection: [Errno 111] Connection refused""))"
2026-09-24T22:09:09.452424,call_ep_get__pet__petId__mpbf_base,GET,http://localhost/api/v1/mock/mock-swagger/api/v3/pet/{petId},0,1.66,"HTTPConnectionPool(host='localhost', port=80): Max retries exceeded with url: /api/v1/mock/mock-swagger/api/v3/pet/%7BpetId%7D (Caused by NewConnectionError(""HTTPConnection(host='localhost', port=80): Failed to establish a new connection: [Errno 111] Connection refused""))"
2026-09-24T22:09:09.460480,call_ep_put__pet_jchf_scn_scn_ep_put__pet_jchf_404,PUT,http://localhost/api/v1/mock/mock-swagger/api/v3/pet?error=404,0,1.67,"HTTPConnectionPool(host='localhost', port=80): Max retries exceeded with url: /api/v1/mock/mock-swagger/api/v3/pet?error=404 (Caused by NewConnectionError(""HTTPConnection(host='localhost', port=80): Failed to establish a new connection: [Errno 111] Connection refused""))"
2026-09-24T22:09:09.470313,call_ep_get__pet__petId__mpbf_scn_scn_ep_get__pet__petId__mpbf_400,GET,http://localhost/api/v1/mock/mock-swagger/api/v3/pet/{petId},0,1.74,"HTTPConnectionPool(host='localhost', port=80): Max retries exceeded with url: /api/v1/mock/mock-swagger/api/v3/pet/%7BpetId%7D (Caused by NewConnectionError(""HTTPConnection(host='localhost', port=80): Failed to establish a new connection: [Errno 111] Connection refused""))"
2026-09-24T22:09:09.474905,call_ep_get__pet_findByStatus_t14w_scn_scn_ep_get__pet_findByStatus_t14w_401,GET,http://localhost/api/v1/mock/mock-swagger/api/v3/pet/findByStatus?status=1,0,1.61,"HTTPConnectionPool(host='localhost', port=80): Max retries exceeded with url: /api/v1/mock/mock-swagger/api/v3/pet/findByStatus?status=1 (Caused by NewConnectionError(""HTTPConnection(host='localhost', port=80): Failed to establish a new connection: [Errno 111] Connection refused""))"
2026-09-24T22:09:09.488716,call_ep_post__pet_b5ji_base,POST,http://localhost/api/v1/mock/mock-swagger/api/v3/pet,0,1.66,"HTTPConnectionPool(host='localhost', port=80): Max retries exceeded with url: /api/v1/mock/mock-swagger/api/v3/pet (Caused by NewConnectionError(""HTTPConnection(host='localhost', port=80): Failed to establish a new connection: [Errno 111] Connection refused""))"
2026-09-24T22:09:09.526416,call_ep_put__pet_jchf_base,PUT,http://localhost/api/v1/mock/mock-swagger/api/v3/pet,0,1.69,"HTTPConnectionPool(host='localhost', port=80): Max retries exceeded with url: /api/v1/mock/mock-swagger/api/v3/pet (Caused by NewConnectionError(""HTTPConnection(host='localhost', port=80): Failed to establish a new connection: [Errno 111] Connection refused""))"
2026-09-24T22:09:09.537539,call_ep_get__pet_findByTags_eg92_scn_scn_ep_get__pet_findByTags_eg92_404,GET,http://localhost/api/v1/mock/mock-swagger/api/v3/pet/findByTags?tags=1&error=404,0,1.6,"HTTPConnectionPool(host='localhost', port=80): Max retries exceeded with url: /api/v1/mock/mock-swagger/api/v3/pet/findByTags?tags=1&error=404 (Caused by NewConnectionError(""HTTPConnection(host='localhost', port=80): Failed to establish a new connection: [Errno 111] Connection refused""))"
2026-09-24T22:09:09.544489,call_ep_put__pet_jchf_scn_scn_ep_put__pet_jchf_400,PUT,http://localhost/api/v1/mock/mock-swagger/api/v3/pet,0,1.62,"HTTPConnectionPool(host='localhost', port=80): Max retries exceeded with url: /api/v1/mock/mock-swagger/api/v3/pet (Caused by NewConnectionError(""HTTPConnection(host='localhost', port=80): Failed to establish a new connection: [Errno 111] Connection refused""))"
2026-09-24T22:09:09.554292,call_ep_get__pet__petId__mpbf_scn_scn_ep_get__pet__petId__mpbf_401,GET,http://localhost/api/v1/mock/mock-swagger/api/v3/pet/{petId},0,1.68,"HTTPConnectionPool(host='localhost', port=80): Max retries exceeded with url: /api/v1/mock/mock-swagger/api/v3/pet/%7BpetId%7D (Caused by NewConnectionError(""HTTPConnection(host='localhost', port=80): Failed to establish a new connection: [Errno 111] Connection refused""))"
2026-09-24T22:09:09.562294,call_ep_get__pet_findByStatus_t14w_base,GET,http://localhost/api/v1/mock/mock-swagger/api/v3/pet/findByStatus?status=1,0,1.63,"HTTPConnectionPool(host='localhost', port=80): Max retries exceeded with url: /api/v1/mock/mock-swagger/api/v3/pet/findByStatus?status=1 (Caused by NewConnectionError(""HTTPConnection(host='localhost', port=80): Failed to establish a new connection: [Errno 111] Connection refused""))"
2026-09-24T22:09:09.572164,call_ep_get__pet__petId__mpbf_scn_scn_ep_get__pet__petId__mpbf_404,GET,http://localhost/api/v1/mock/mock-swagger/api/v3/pet/999999999,0,1.67,"HTTPConnectionPool(host='localhost', port=80): Max retries exceeded with url: /api/v1/mock/mock-swagger/api/v3/pet/999999999 (Caused by NewConnectionError(""HTTPConnection(host='localhost', port=80): Failed to establish a new connection: [Errno 111] Connection refused""))"
2026-09-24T22:09:09.577296,call_ep_get__pet_findByStatus_t14w_scn_scn_ep_get__pet_findByStatus_t14w_400,GET,http://localhost/api/v1/mock/mock-swagger/api/v3/pet/findByStatus?status=1,0,2.19,"HTTPConnectionPool(host='localhost', port=80): Max retries exceeded with url: /api/v1/mock/mock-swagger/api/v3/pet/findByStatus?status=1 (Caused by NewConnectionError(""HTTPConnection(host='localhost', port=80): Failed to establish a new connection: [Errno 111] Connection refused""))"
2026-09-24T22:09:09.590582,call_ep_post__pet_b5ji_scn_scn_ep_post__pet_b5ji_401,POST,http://localhost/api/v1/mock/mock-swagger/api/v3/pet,0,1.67,"HTTPConnectionPool(host='localhost', port=80): Max retries exceeded with url: /api/v1/mock/mock-swagger/api/v3/pet (Caused by NewConnectionError(""HTTPConnection(host='localhost', port=80): Failed to establish a new connection: [Errno 111] Connection refused""))"
2026-09-24T22:09:09.628306,call_ep_put__pet_jchf_scn_scn_ep_put__pet_jchf_401,PUT,http://localhost/api/v1/mock/mock-swagger/api/v3/pet,0,1.7,"HTTPConnectionPool(host='localhost', port=80): Max retries exceeded with url: /api/v1/mock/mock-swagger/api/v3/pet (Caused by NewConnectionError(""HTTPConnection(host='localhost', port=80): Failed to establish a new connection: [Errno 111] Connection refused""))"
2026-09-24T22:09:09.639448,call_ep_get__pet__petId__mpbf_base,GET,http://localhost/api/v1/mock/mock-swagger/api/v3/pet/{petId},0,1.73,"HTTPConnectionPool(host='localhost', port=80): Max retries exceeded with url: /api/v1/mock/mock-swagger/api/v3/pet/%7BpetId%7D (Caused by NewConnectionError(""HTTPConnection(host='localhost', port=80): Failed to establish a new connection: [Errno 111] Connection refused""))"
2026-09-24T22:09:09.646377,call_ep_put__pet_jchf_scn_scn_ep_put__pet_jchf_404,PUT,http://localhost/api/v1/mock/mock-swagger/api/v3/pet?error=404,0,1.7,"HTTPConnectionPool(host='localhost', port=80): Max retries exceeded with url: /api/v1/mock/mock-swagger/api/v3/pet?error=404 (Caused by NewConnectionError(""HTTPConnection(host='localhost', port=80): Failed to establish a new connection: [Errno 111] Connection refused""))"
2026-09-24T22:09:09.656201,call_ep_get__pet__petId__mpbf_scn_scn_ep_get__pet__petId__mpbf_400,GET,http://localhost/api/v1/mock/mock-swagger/api/v3/pet/{petId},0,1.71,"HTTPConnectionPool(host='localhost', port=80): Max retries exceeded with url: /api/v1/mock/mock-swagger/api/v3/pet/%7BpetId%7D (Caused by NewConnectionError(""HTTPConnection(host='localhost', port=80): Failed to establish a new connection: [Errno 111] Connection refused""))"
2026-09-24T22:09:09.664192,call_ep_get__pet_findByStatus_t14w_scn_scn_ep_get__pet_findByStatus_t14w_401,GET,http://localhost/api/v1/mock/mock-swagger/api/v3/pet/findByStatus?status=1,0,1.72,"HTTPConnectionPool(host='localhost', port=80): Max retries exceeded with url: /api/v1/mock/mock-swagger/api/v3/pet/findByStatus?status=1 (Caused by NewConnectionError(""HTTPConnection(host='localhost', port=80): Failed to establish a new connection: [Errno 111] Connection refused""))"
2026-09-24T22:09:09.674005,call_ep_post__pet_b5ji_base,POST,http://localhost/api/v1/mock/mock-swagger/api/v3/pet,0,1.65,"HTTPConnectionPool(host='localhost', port=80): Max retries exceeded with url: /api/v1/mock/mock-swagger/api/v3/pet (Caused by NewConnectionError(""HTTPConnection(host='localhost', port=80): Failed to establish a new connection: [Errno 111] Connection refused""))"
2026-09-24T22:09:09.679132,call_ep_get__pet_findByStatus_t14w_scn_scn_ep_get__pet_findByStatus_t14w_404,GET,http://localhost/api/v1/mock/mock-swagger/api/v3/pet/findByStatus?status=1&error=404,0,1.65,"HTTPConnectionPool(host='localhost', port=80): Max retries exceeded with url: /api/v1/mock/mock-swagger/api/v3/pet/findByStatus?status=1&error=404 (Caused by NewConnectionError(""HTTPConnection(host='localhost', port=80): Failed to establish a new connection: [Errno 111] Connection refused""))"
2026-09-24T22:09:09.692593,call_ep_post__pet_b5ji_scn_scn_ep_post__pet_b5ji_400,POST,http://localhost/api/v1/mock/mock-swagger/api/v3/pet,0,1.83,"HTTPConnectionPool(host='localhost', port=80): Max retries exceeded with url: /api/v1/mock/mock-swagger/api/v3/pet (Caused by NewConnectionError(""HTTPConnection(host='localhost', port=80): Failed to establish a new connection: [Errno 111] Connection refused""))"
2026-09-24T22:09:09.730139,call_ep_put__pet_jchf_scn_scn_ep_put__pet_jchf_400,PUT,http://localhost/api/v1/mock/mock-swagger/api/v3/pet,0,1.64,"HTTPConnectionPool(host='localhost', port=80): Max retries exceeded with url: /api/v1/mock/mock-swagger/api/v3/pet (Caused by NewConnectionError(""HTTPConnection(host='localhost', port=80): Failed to establish a new connection: [Errno 111] Connection refused""))"
2026-09-24T22:09:09.741371,call_ep_get__pet__petId__mpbf_scn_scn_ep_get__pet__petId__mpbf_401,GET,http://localhost/api/v1/mock/mock-swagger/api/v3/pet/{petId},0,1.73,"HTTPConnectionPool(host='localhost', port=80): Max retries exceeded with url: /api/v1/mock/mock-swagger/api/v3/pet/%7BpetId%7D (Caused by NewConnectionError(""HTTPConnection(host='localhost', port=80): Failed to establish a new connection: [Errno 111] Connection refused""))"
2026-09-24T22:09:09.748706,call_ep_get__pet_findByStatus_t14w_base,GET,http://localhost/api/v1/mock/mock-swagger/api/v3/pet/findByStatus?status=1,0,2.15,"HTTPConnectionPool(host='localhost', port=80): Max retries exceeded with url: /api/v1/mock/mock-swagger/api/v3/pet/findByStatus?status=1 (Caused by NewConnectionError(""HTTPConnection(host='localhost', port=80): Failed to establish a new connection: [Errno 111] Connection refused""))"
2026-09-24T22:09:09.758006,call_ep_get__pet__petId__mpbf_scn_scn_ep_get__pet__petId__mpbf_404,GET,http://localhost/api/v1/mock/mock-swagger/api/v3/pet/999999999,0,1.62,"HTTPConnectionPool(host='localhost', port=80): Max retries exceeded with url: /api/v1/mock/mock-swagger/api/v3/pet/999999999 (Caused by NewConnectionError(""HTTPConnection(host='localhost', port=80): Failed to establish a new connection: [Errno 111] Connection refused""))"
2026-09-24T22:09:09.766030,call_ep_get__pet_findByStatus_t14w_scn_scn_ep_get__pet_findByStatus_t14w_400,GET,http://localhost/api/v1/mock/mock-swagger/api/v3/pet/findByStatus?status=1,0,1.66,"HTTPConnectionPool(host='localhost', port=80): Max retries exceeded with url: /api/v1/mock/mock-swagger/api/v3/pet/findByStatus?status=1 (Caused by NewConnectionError(""HTTPConnection(host='localhost', port=80): Failed to establish a new connection: [Errno 111] Connection refused""))"
2026-09-24T22:09:09.775833,call_ep_post__pet_b5ji_scn_scn_ep_post__pet_b5ji_401,POST,http://localhost/api/v1/mock/mock-swagger/api/v3/pet,0,1.64,"HTTPConnectionPool(host='localhost', port=80): Max retries exceeded with url: /api/v1/mock/mock-swagger/api/v3/pet (Caused by NewConnectionError(""HTTPConnection(host='localhost', port=80): Failed to establish a new connection: [Errno 111] Connection refused""))"
2026-09-24T22:09:09.780963,call_ep_get__pet_findByTags_eg92_base,GET,http://localhost/api/v1/mock/mock-swagger/api/v3/pet/findByTags?tags=1,0,1.64,"HTTPConnectionPool(host='localhost', port=80): Max retries exceeded with url: /api/v1/mock/mock-swagger/api/v3/pet/findByTags?tags=1 (Caused by NewConnectionError(""HTTPConnection(host='localhost', port=80): Failed to establish a new connection: [Errno 111] Connection refused""))"
2026-09-24T22:09:09.794474,call_ep_post__pet_b5ji_scn_scn_ep_post__pet_b5ji_404,POST,http://localhost/api/v1/mock/mock-swagger/api/v3/pet?error=404,0,1.69,"HTTPConnectionPool(host='localhost', port=80): Max retries exceeded with url: /api/v1/mock/mock-swagger/api/v3/pet?error=404 (Caused by NewConnectionError(""HTTPConnection(host='localhost', port=80): Failed to establish a new connection: [Errno 111] Connection refused""))"
2026-09-24T22:09:09.832048,call_ep_put__pet_jchf_scn_scn_ep_put__pet_jchf_404,PUT,http://localhost/api/v1/mock/mock-swagger/api/v3/pet?error=404,0,1.73,"HTTPConnectionPool(host='localhost', port=80): Max retries exceeded with url: /api/v1/mock/mock-swagger/api/v3/pet?error=404 (Caused by NewConnectionError(""HTTPConnection(host='localhost', port=80): Failed to establish a new connection: [Errno 111] Connection refused""))"
2026-09-24T22:09:09.843302,call_ep_get__pet__petId__mpbf_scn_scn_ep_get__pet__petId__mpbf_400,GET,http://localhost/api/v1/mock/mock-swagger/api/v3/pet/{petId},0,1.74,"HTTPConnectionPool(host='localhost', port=80): Max retries exceeded with url: /api/v1/mock/mock-swagger/api/v3/pet/%7BpetId%7D (Caused by NewConnectionError(""HTTPConnection(host='localhost', port=80): Failed to establish a new connection: [Errno 111] Connection refused""))"
2026-09-24T22:09:09.850487,call_ep_get__pet_findByStatus_t14w_scn_scn_ep_get__pet_findByStatus_t14w_401,GET,http://localhost/api/v1/mock/mock-swagger/api/v3/pet/findByStatus?status=1,0,1.58,"HTTPConnectionPool(host='localhost', port=80): Max retries exceeded with url: /api/v1/mock/mock-swagger/api/v3/pet/findByStatus?status=1 (Caused by NewConnectionError(""HTTPConnection(host='localhost', port=80): Failed to establish a new connection: [Errno 111] Connection refused""))"
2026-09-24T22:09:09.859838,call_ep_post__pet_b5ji_base,POST,http://localhost/api/v1/mock/mock-swagger/api/v3/pet,0,1.64,"HTTPConnectionPool(host='localhost', port=80): Max retries exceeded with url: /api/v1/mock/mock-swagger/api/v3/pet (Caused by NewConnectionError(""HTTPConnection(host='localhost', port=80): Failed to establish a new connection: [Errno 111] Connection refused""))"
2026-09-24T22:09:09.867842,call_ep_get__pet_findByStatus_t14w_scn_scn_ep_get__pet_findByStatus_t14w_404,GET,http://localhost/api/v1/mock/mock-swagger/api/v3/pet/findByStatus?status=1&error=404,0,1.63,"HTTPConnectionPool(host='localhost', port=80): Max retries exceeded with url: /api/v1/mock/mock-swagger/api/v3/pet/findByStatus?status=1&error=404 (Caused by NewConnectionError(""HTTPConnection(host='localhost', port=80): Failed to establish a new connection: [Errno 111] Connection refused""))"
2026-09-24T22:09:09.878088,call_ep_post__pet_b5ji_scn_scn_ep_post__pet_b5ji_400,POST,http://localhost/api/v1/mock/mock-swagger/api/v3/pet,0,2.07,"HTTPConnectionPool(host='localhost', port=80): Max retries exceeded with url: /api/v1/mock/mock-swagger/api/v3/pet (Caused by NewConnectionError(""HTTPConnection(host='localhost', port=80): Failed to establish a new connection: [Errno 111] Connection refused""))"
2026-09-24T22:09:09.882764,call_ep_get__pet_findByTags_eg92_scn_scn_ep_get__pet_findByTags_eg92_401,GET,http://localhost/api/v1/mock/mock-swagger/api/v3/pet/findByTags?tags=1,0,1.61,"HTTPConnectionPool(host='localhost', port=80): Max retries exceeded with url: /api/v1/mock/mock-swagger/api/v3/pet/findByTags?tags=1 (Caused by NewConnectionError(""HTTPConnection(host='localhost', port=80): Failed to establish a new connection: [Errno 111] Connection refused""))"
2026-09-24T22:09:09.896348,call_ep_put__pet_jchf_base,PUT,http://localhost/api/v1/mock/mock-swagger/api/v3/pet,0,1.69,"HTTPConnectionPool(host='localhost', port=80): Max retries exceeded with url: /api/v1/mock/mock-swagger/api/v3/pet (Caused by NewConnectionError(""HTTPConnection(host='localhost', port=80): Failed to establish a new connection: [Errno 111] Connection refused""))"
2026-09-24T22:09:09.933838,call_ep_get__pet_findByStatus_t14w_base,GET,http://localhost/api/v1/mock/mock-swagger/api/v3/pet/findByStatus?status=1,0,1.61,"HTTPConnectionPool(host='localhost', port=80): Max retries exceeded with url: /api/v1/mock/mock-swagger/api/v3/pet/findByStatus?status=1 (Caused by NewConnectionError(""HTTPConnection(host='localhost', port=80): Failed to establish a new connection: [Errno 111] Connection refused""))"
2026-09-24T22:09:09.945130,call_ep_get__pet__petId__mpbf_scn_scn_ep_get__pet__petId__mpbf_404,GET,http://localhost/api/v1/mock/mock-swagger/api/v3/pet/999999999,0,1.64,"HTTPConnectionPool(host='localhost', port=80): Max retries exceeded with url: /api/v1/mock/mock-swagger/api/v3/pet/999999999 (Caused by NewConnectionError(""HTTPConnection(host='localhost', port=80): Failed to establish a new connection: [Errno 111] Connection refused""))"
2026-09-24T22:09:09.952320,call_ep_get__pet_findByStatus_t14w_scn_scn_ep_get__pet_findByStatus_t14w_400,GET,http://localhost/api/v1/mock/mock-swagger/api/v3/pet/findByStatus?status=1,0,1.65,"HTTPConnectionPool(host='localhost', port=80): Max retries exceeded with url: /api/v1/mock/mock-swagger/api/v3/pet/findByStatus?status=1 (Caused by NewConnectionError(""HTTPConnection(host='localhost', port=80): Failed to establish a new connection: [Errno 111] Connection refused""))"
2026-09-24T22:09:09.961676,call_ep_post__pet_b5ji_scn_scn_ep_post__pet_b5ji_401,POST,http://localhost/api/v1/mock/mock-swagger/api/v3/pet,0,1.65,"HTTPConnectionPool(host='localhost', port=80): Max retries exceeded with url: /api/v1/mock/mock-swagger/api/v3/pet (Caused by NewConnectionError(""HTTPConnection(host='localhost', port=80): Failed to establish a new connection: [Errno 111] Connection refused""))"
2026-09-24T22:09:09.969643,call_ep_get__pet_findByTags_eg92_base,GET,http://localhost/api/v1/mock/mock-swagger/api/v3/pet/findByTags?tags=1,0,1.59,"HTTPConnectionPool(host='localhost', port=80): Max retries exceeded with url: /api/v1/mock/mock-swagger/api/v3/pet/findByTags?tags=1 (Caused by NewConnectionError(""HTTPConnection(host='localhost', port=80): Failed to establish a new connection: [Errno 111] Connection refused""))"
2026-09-24T22:09:09.979996,call_ep_post__pet_b5ji_scn_scn_ep_post__pet_b5ji_404,POST,http://localhost/api/v1/mock/mock-swagger/api/v3/pet?error=404,0,1.72,"HTTPConnectionPool(host='localhost', port=80): Max retries exceeded with url: /api/v1/mock/mock-swagger/api/v3/pet?error=404 (Caused by NewConnectionError(""HTTPConnection(host='localhost', port=80): Failed to establish a new connection: [Errno 111] Connection refused""))"
2026-09-24T22:09:09.984618,call_ep_get__pet_findByTags_eg92_scn_scn_ep_get__pet_findByTags_eg92_400,GET,http://localhost/api/v1/mock/mock-swagger/api/v3/pet/findByTags?tags=1,0,1.67,"HTTPConnectionPool(host='localhost', port=80): Max retries exceeded with url: /api/v1/mock/mock-swagger/api/v3/pet/findByTags?tags=1 (Caused by NewConnectionError(""HTTPConnection(host='localhost', port=80): Failed to establish a new connection: [Errno 111] Connection refused""))"
2026-09-24T22:09:09.998274,call_ep_put__pet_jchf_scn_scn_ep_put__pet_jchf_401,PUT,http://localhost/api/v1/mock/mock-swagger/api/v3/pet,0,1.74,"HTTPConnectionPool(host='localhost', port=80): Max retries exceeded with url: /api/v1/mock/mock-swagger/api/v3/pet (Caused by NewConnectionError(""HTTPConnection(host='localhost', port=80): Failed to establish a new connection: [Errno 111] Connection refused""))"
2026-09-24T22:09:10.039504,call_ep_get__pet_findByStatus_t14w_scn_scn_ep_get__pet_findByStatus_t14w_401,GET,http://localhost/api/v1/mock/mock-swagger/api/v3/pet/findByStatus?status=1,0,5.48,"HTTPConnectionPool(host='localhost', port=80): Max retries exceeded with url: /api/v1/mock/mock-swagger/api/v3/pet/findByStatus?status=1 (Caused by NewConnectionError(""HTTPConnection(host='localhost', port=80): Failed to establish a new connection: [Errno 111] Connection refused""))"
2026-09-24T22:09:10.046991,call_ep_post__pet_b5ji_base,POST,http://localhost/api/v1/mock/mock-swagger/api/v3/pet,0,1.67,"HTTPConnectionPool(host='localhost', port=80): Max retries exceeded with url: /api/v1/mock/mock-swagger/api/v3/pet (Caused by NewConnectionError(""HTTPConnection(host='localhost', port=80): Failed to establish a new connection: [Errno 111] Connection refused""))"
2026-09-24T22:09:10.054131,call_ep_get__pet_findByStatus_t14w_scn_scn_ep_get__pet_findByStatus_t14w_404,GET,http://localhost/api/v1/mock/mock-swagger/api/v3/pet/findByStatus?status=1&error=404,0,1.62,"HTTPConnectionPool(host='localhost', port=80): Max retries exceeded with url: /api/v1/mock/mock-swagger/api/v3/pet/findByStatus?status=1&error=404 (Caused by NewConnectionError(""HTTPConnection(host='localhost', port=80): Failed to establish a new connection: [Errno 111] Connection refused""))"
2026-09-24T22:09:10.063494,call_ep_post__pet_b5ji_scn_scn_ep_post__pet_b5ji_400,POST,http://localhost/api/v1/mock/mock-swagger/api/v3/pet,0,1.63,"HTTPConnectionPool(host='localhost', port=80): Max retries exceeded with url: /api/v1/mock/mock-swagger/api/v3/pet (Caused by NewConnectionError(""HTTPConnection(host='localhost', port=80): Failed to establish a new connection: [Errno 111] Connection refused""))"
2026-09-24T22:09:10.071442,call_ep_get__pet_findByTags_eg92_scn_scn_ep_get__pet_findByTags_eg92_401,GET,http://localhost/api/v1/mock/mock-swagger/api/v3/pet/findByTags?tags=1,0,1.61,"HTTPConnectionPool(host='localhost', port=80): Max retries exceeded with url: /api/v1/mock/mock-swagger/api/v3/pet/findByTags?tags=1 (Caused by NewConnectionError(""HTTPConnection(host='localhost', port=80): Failed to establish a new connection: [Errno 111] Connection refused""))"
2026-09-24T22:09:10.081798,call_ep_put__pet_jchf_base,PUT,http://localhost/api/v1/mock/mock-swagger/api/v3/pet,0,1.62,"HTTPConnectionPool(host='localhost', port=80): Max retries exceeded with url: /api/v1/mock/mock-swagger/api/v3/pet (Caused by NewConnectionError(""HTTPConnection(host='localhost', port=80): Failed to establish a new connection: [Errno 111] Connection refused""))"
2026-09-24T22:09:10.086597,call_ep_get__pet_findByTags_eg92_scn_scn_ep_get__pet_findByTags_eg92_404,GET,http://localhost/api/v1/mock/mock-swagger/api/v3/pet/findByTags?tags=1&error=404,0,1.8,"HTTPConnectionPool(host='localhost', port=80): Max retries exceeded with url: /api/v1/mock/mock-swagger/api/v3/pet/findByTags?tags=1&error=404 (Caused by NewConnectionError(""HTTPConnection(host='localhost', port=80): Failed to establish a new connection: [Errno 111] Connection refused""))"
2026-09-24T22:09:10.100120,call_ep_put__pet_jchf_scn_scn_ep_put__pet_jchf_400,PUT,http://localhost/api/v1/mock/mock-swagger/api/v3/pet,0,1.66,"HTTPConnectionPool(host='localhost', port=80): Max retries exceeded with url: /api/v1/mock/mock-swagger/api/v3/pet (Caused by NewConnectionError(""HTTPConnection(host='localhost', port=80): Failed to establish a new connection: [Errno 111] Connection refused""))"
2026-09-24T22:09:10.141327,call_ep_get__pet_findByStatus_t14w_scn_scn_ep_get__pet_findByStatus_t14w_400,GET,http://localhost/api/v1/mock/mock-swagger/api/v3/pet/findByStatus?status=1,0,1.63,"HTTPConnectionPool(host='localhost', port=80): Max retries exceeded with url: /api/v1/mock/mock-swagger/api/v3/pet/findByStatus?status=1 (Caused by NewConnectionError(""HTTPConnection(host='localhost', port=80): Failed to establish a new connection: [Errno 111] Connection refused""))"
2026-09-24T22:09:10.148812,call_ep_post__pet_b5ji_scn_scn_ep_post__pet_b5ji_401,POST,http://localhost/api/v1/mock/mock-swagger/api/v3/pet,0,1.64,"HTTPConnectionPool(host='localhost', port=80): Max retries exceeded with url: /api/v1/mock/mock-swagger/api/v3/pet (Caused by NewConnectionError(""HTTPConnection(host='localhost', port=80): Failed to establish a new connection: [Errno 111] Connection refused""))"
2026-09-24T22:09:10.155902,call_ep_get__pet_findByTags_eg92_base,GET,http://localhost/api/v1/mock/mock-swagger/api/v3/pet/findByTags?tags=1,0,1.56,"HTTPConnectionPool(host='localhost', port=80): Max retries exceeded with url: /api/v1/mock/mock-swagger/api/v3/pet/findByTags?tags=1 (Caused by NewConnectionError(""HTTPConnection(host='localhost', port=80): Failed to establish a new connection: [Errno 111] Connection refused""))"
2026-09-24T22:09:10.165326,call_ep_post__pet_b5ji_scn_scn_ep_post__pet_b5ji_404,POST,http://localhost/api/v1/mock/mock-swagger/api/v3/pet?error=404,0,1.65,"HTTPConnectionPool(host='localhost', port=80): Max retries exceeded with url: /api/v1/mock/mock-swagger/api/v3/pet?error=404 (Caused by NewConnectionError(""HTTPConnection(host='localhost', port=80): Failed to establish a new connection: [Errno 111] Connection refused""))"
2026-09-24T22:09:10.173269,call_ep_get__pet_findByTags_eg92_scn_scn_ep_get__pet_findByTags_eg92_400,GET,http://localhost/api/v1/mock/mock-swagger/api/v3/pet/findByTags?tags=1,0,1.65,"HTTPConnectionPool(host='localhost', port=80): Max retries exceeded with url: /api/v1/mock/mock-swagger/api/v3/pet/findByTags?tags=1 (Caused by NewConnectionError(""HTTPConnection(host='localhost', port=80): Failed to establish a new connection: [Errno 111] Connection refused""))"
2026-09-24T22:09:10.184064,call_ep_put__pet_jchf_scn_scn_ep_put__pet_jchf_401,PUT,http://localhost/api/v1/mock/mock-swagger/api/v3/pet,0,2.08,"HTTPConnectionPool(host='localhost', port=80): Max retries exceeded with url: /api/v1/mock/mock-swagger/api/v3/pet (Caused by NewConnectionError(""HTTPConnection(host='localhost', port=80): Failed to establish a new connection: [Errno 111] Connection refused""))"
2026-09-24T22:09:10.188445,call_ep_get__pet__petId__mpbf_base,GET,http://localhost/api/v1/mock/mock-swagger/api/v3/pet/{petId},0,1.66,"HTTPConnectionPool(host='localhost', port=80): Max retries exceeded with url: /api/v1/mock/mock-swagger/api/v3/pet/%7BpetId%7D (Caused by NewConnectionError(""HTTPConnection(host='localhost', port=80): Failed to establish a new connection: [Errno 111] Connection refused""))"
2026-09-24T22:09:10.201988,call_ep_put__pet_jchf_scn_scn_ep_put__pet_jchf_404,PUT,http://localhost/api/v1/mock/mock-swagger/api/v3/pet?error=404,0,1.68,"HTTPConnectionPool(host='localhost', port=80): Max retries exceeded with url: /api/v1/mock/mock-swagger/api/v3/pet?error=404 (Caused by NewConnectionError(""HTTPConnection(host='localhost', port=80): Failed to establish a new connection: [Errno 111] Connection refused""))"
2026-09-24T22:09:10.230663,call_ep_post__pet_b5ji_base,POST,http://localhost/api/v1/mock/mock-swagger/api/v3/pet,0,1.25,"HTTPConnectionPool(host='localhost', port=80): Max retries exceeded with url: /api/v1/mock/mock-swagger/api/v3/pet (Caused by NewConnectionError(""HTTPConnection(host='localhost', port=80): Failed to establish a new connection: [Errno 111] Connection refused""))"
2026-09-24T22:09:10.243136,call_ep_get__pet_findByStatus_t14w_scn_scn_ep_get__pet_findByStatus_t14w_404,GET,http://localhost/api/v1/mock/mock-swagger/api/v3/pet/findByStatus?status=1&error=404,0,1.62,"HTTPConnectionPool(host='localhost', port=80): Max retries exceeded with url: /api/v1/mock/mock-swagger/api/v3/pet/findByStatus?status=1&error=404 (Caused by NewConnectionError(""HTTPConnection(host='localhost', port=80): Failed to establish a new connection: [Errno 111] Connection refused""))"
2026-09-24T22:09:10.250625,call_ep_post__pet_b5ji_scn_scn_ep_post__pet_b5ji_400,POST,http://localhost/api/v1/mock/mock-swagger/api/v3/pet,0,1.63,"HTTPConnectionPool(host='localhost', port=80): Max retries exceeded with url: /api/v1/mock/mock-swagger/api/v3/pet (Caused by NewConnectionError(""HTTPConnection(host='localhost', port=80): Failed to establish a new connection: [Errno 111] Connection refused""))"
2026-09-24T22:09:10.257656,call_ep_get__pet_findByTags_eg92_scn_scn_ep_get__pet_findByTags_eg92_401,GET,http://localhost/api/v1/mock/mock-swagger/api/v3/pet/findByTags?tags=1,0,1.57,"HTTPConnectionPool(host='localhost', port=80): Max retries exceeded with url: /api/v1/mock/mock-swagger/api/v3/pet/findByTags?tags=1 (Caused by NewConnectionError(""HTTPConnection(host='localhost', port=80): Failed to establish a new connection: [Errno 111] Connection refused""))"
2026-09-24T22:09:10.267152,call_ep_put__pet_jchf_base,PUT,http://localhost/api/v1/mock/mock-swagger/api/v3/pet,0,1.64,"HTTPConnectionPool(host='localhost', port=80): Max retries exceeded with url: /api/v1/mock/mock-swagger/api/v3/pet (Caused by NewConnectionError(""HTTPConnection(host='localhost', port=80): Failed to establish a new connection: [Errno 111] Connection refused""))"
2026-09-24T22:09:10.275074,call_ep_get__pet_findByTags_eg92_scn_scn_ep_get__pet_findByTags_eg92_404,GET,http://localhost/api/v1/mock/mock-swagger/api/v3/pet/findByTags?tags=1&error=404,0,1.62,"HTTPConnectionPool(host='localhost', port=80): Max retries exceeded with url: /api/v1/mock/mock-swagger/api/v3/pet/findByTags?tags=1&error=404 (Caused by NewConnectionError(""HTTPConnection(host='localhost', port=80): Failed to establish a new connection: [Errno 111] Connection refused""))"
2026-09-24T22:09:10.285901,call_ep_put__pet_jchf_scn_scn_ep_put__pet_jchf_400,PUT,http://localhost/api/v1/mock/mock-swagger/api/v3/pet,0,1.63,"HTTPConnectionPool(host='localhost', port=80): Max retries exceeded with url: /api/v1/mock/mock-swagger/api/v3/pet (Caused by NewConnectionError(""HTTPConnection(host='localhost', port=80): Failed to establish a new connection: [Errno 111] Connection refused""))"
2026-09-24T22:09:10.290315,call_ep_get__pet__petId__mpbf_scn_scn_ep_get__pet__petId__mpbf_401,GET,http://localhost/api/v1/mock/mock-swagger/api/v3/pet/{petId},0,1.68,"HTTPConnectionPool(host='localhost', port=80): Max retries exceeded with url: /api/v1/mock/mock-swagger/api/v3/pet/%7BpetId%7D (Caused by NewConnectionError(""HTTPConnection(host='localhost', port=80): Failed to establish a new connection: [Errno 111] Connection refused""))"
2026-09-24T22:09:10.303906,call_ep_get__pet_findByStatus_t14w_base,GET,http://localhost/api/v1/mock/mock-swagger/api/v3/pet/findByStatus?status=1,0,1.7,"HTTPConnectionPool(host='localhost', port=80): Max retries exceeded with url: /api/v1/mock/mock-swagger/api/v3/pet/findByStatus?status=1 (Caused by NewConnectionError(""HTTPConnection(host='localhost', port=80): Failed to establish a new connection: [Errno 111] Connection refused""))"
2026-09-24T22:09:10.332457,call_ep_post__pet_b5ji_scn_scn_ep_post__pet_b5ji_401,POST,http://localhost/api/v1/mock/mock-swagger/api/v3/pet,0,1.62,"HTTPConnectionPool(host='localhost', port=80): Max retries exceeded with url: /api/v1/mock/mock-swagger/api/v3/pet (Caused by NewConnectionError(""HTTPConnection(host='localhost', port=80): Failed to establish a new connection: [Errno 111] Connection refused""))"
2026-09-24T22:09:10.344928,call_ep_get__pet_findByTags_eg92_base,GET,http://localhost/api/v1/mock/mock-swagger/api/v3/pet/findByTags?tags=1,0,1.61,"HTTPConnectionPool(host='localhost', port=80): Max retries exceeded with url: /api/v1/mock/mock-swagger/api/v3/pet/findByTags?tags=1 (Caused by NewConnectionError(""HTTPConnection(host='localhost', port=80): Failed to establish a new connection: [Errno 111] Connection refused""))"
2026-09-24T22:09:10.352461,call_ep_post__pet_b5ji_scn_scn_ep_post__pet_b5ji_404,POST,http://localhost/api/v1/mock/mock-swagger/api/v3/pet?error=404,0,1.65,"HTTPConnectionPool(host='localhost', port=80): Max retries exceeded with url: /api/v1/mock/mock-swagger/api/v3/pet?error=404 (Caused by NewConnectionError(""HTTPConnection(host='localhost', port=80): Failed to establish a new connection: [Errno 111] Connection refused""))"
2026-09-24T22:09:10.359465,call_ep_get__pet_findByTags_eg92_scn_scn_ep_get__pet_findByTags_eg92_400,GET,http://localhost/api/v1/mock/mock-swagger/api/v3/pet/findByTags?tags=1,0,1.63,"HTTPConnectionPool(host='localhost', port=80): Max retries exceeded with url: /api/v1/mock/mock-swagger/api/v3/pet/findByTags?tags=1 (Caused by NewConnectionError(""HTTPConnection(host='localhost', port=80): Failed to establish a new connection: [Errno 111] Connection refused""))"
2026-09-24T22:09:10.368986,call_ep_put__pet_jchf_scn_scn_ep_put__pet_jchf_401,PUT,http://localhost/api/v1/mock/mock-swagger/api/v3/pet,0,1.65,"HTTPConnectionPool(host='localhost', port=80): Max retries exceeded with url: /api/v1/mock/mock-swagger/api/v3/pet (Caused by NewConnectionError(""HTTPConnection(host='localhost', port=80): Failed to establish a new connection: [Errno 111] Connection refused""))"
2026-09-24T22:09:10.376862,call_ep_get__pet__petId__mpbf_base,GET,http://localhost/api/v1/mock/mock-swagger/api/v3/pet/{petId},0,1.63,"HTTPConnectionPool(host='localhost', port=80): Max retries exceeded with url: /api/v1/mock/mock-swagger/api/v3/pet/%7BpetId%7D (Caused by NewConnectionError(""HTTPConnection(host='localhost', port=80): Failed to establish a new connection: [Errno 111] Connection refused""))"
2026-09-24T22:09:10.387720,call_ep_put__pet_jchf_scn_scn_ep_put__pet_jchf_404,PUT,http://localhost/api/v1/mock/mock-swagger/api/v3/pet?error=404,0,1.63,"HTTPConnectionPool(host='localhost', port=80): Max retries exceeded with url: /api/v1/mock/mock-swagger/api/v3/pet?error=404 (Caused by NewConnectionError(""HTTPConnection(host='localhost', port=80): Failed to establish a new connection: [Errno 111] Connection refused""))"
2026-09-24T22:09:10.392195,call_ep_get__pet__petId__mpbf_scn_scn_ep_get__pet__petId__mpbf_400,GET,http://localhost/api/v1/mock/mock-swagger/api/v3/pet/{petId},0,1.69,"HTTPConnectionPool(host='localhost', port=80): Max retries exceeded with url: /api/v1/mock/mock-swagger/api/v3/pet/%7BpetId%7D (Caused by NewConnectionError(""HTTPConnection(host='localhost', port=80): Failed to establish a new connection: [Errno 111] Connection refused""))"
2026-09-24T22:09:10.405709,call_ep_get__pet_findByStatus_t14w_scn_scn_ep_get__pet_findByStatus_t14w_401,GET,http://localhost/api/v1/mock/mock-swagger/api/v3/pet/findByStatus?status=1,0,1.61,"HTTPConnectionPool(host='localhost', port=80): Max retries exceeded with url: /api/v1/mock/mock-swagger/api/v3/pet/findByStatus?status=1 (Caused by NewConnectionError(""HTTPConnection(host='localhost', port=80): Failed to establish a new connection: [Errno 111] Connection refused""))"
2026-09-24T22:09:10.434200,call_ep_post__pet_b5ji_scn_scn_ep_post__pet_b5ji_400,POST,http://localhost/api/v1/mock/mock-swagger/api/v3/pet,0,1.56,"HTTPConnectionPool(host='localhost', port=80): Max retries exceeded with url: /api/v1/mock/mock-swagger/api/v3/pet (Caused by NewConnectionError(""HTTPConnection(host='localhost', port=80): Failed to establish a new connection: [Errno 111] Connection refused""))"
2026-09-24T22:09:10.446707,call_ep_get__pet_findByTags_eg92_scn_scn_ep_get__pet_findByTags_eg92_401,GET,http://localhost/api/v1/mock/mock-swagger/api/v3/pet/findByTags?tags=1,0,1.59,"HTTPConnectionPool(host='localhost', port=80): Max retries exceeded with url: /api/v1/mock/mock-swagger/api/v3/pet/findByTags?tags=1 (Caused by NewConnectionError(""HTTPConnection(host='localhost', port=80): Failed to establish a new connection: [Errno 111] Connection refused""))"
2026-09-24T22:09:10.454346,call_ep_put__pet_jchf_base,PUT,http://localhost/api/v1/mock/mock-swagger/api/v3/pet,0,1.68,"HTTPConnectionPool(host='localhost', port=80): Max retries exceeded with url: /api/v1/mock/mock-swagger/api/v3/pet (Caused by NewConnectionError(""HTTPConnection(host='localhost', port=80): Failed to establish a new connection: [Errno 111] Connection refused""))"
2026-09-24T22:09:10.461642,call_ep_get__pet_findByTags_eg92_scn_scn_ep_get__pet_findByTags_eg92_404,GET,http://localhost/api/v1/mock/mock-swagger/api/v3/pet/findByTags?tags=1&error=404,0,2.0,"HTTPConnectionPool(host='localhost', port=80): Max retries exceeded with url: /api/v1/mock/mock-swagger/api/v3/pet/findByTags?tags=1&error=404 (Caused by NewConnectionError(""HTTPConnection(host='localhost', port=80): Failed to establish a new connection: [Errno 111] Connection refused""))"
2026-09-24T22:09:10.470809,call_ep_put__pet_jchf_scn_scn_ep_put__pet_jchf_400,PUT,http://localhost/api/v1/mock/mock-swagger/api/v3/pet,0,1.64,"HTTPConnectionPool(host='localhost', port=80): Max retries exceeded with url: /api/v1/mock/mock-swagger/api/v3/pet (Caused by NewConnectionError(""HTTPConnection(host='localhost', port=80): Failed to establish a new connection: [Errno 111] Connection refused""))"
2026-09-24T22:09:10.478667,call_ep_get__pet__petId__mpbf_scn_scn_ep_get__pet__petId__mpbf_401,GET,http://localhost/api/v1/mock/mock-swagger/api/v3/pet/{petId},0,1.64,"HTTPConnectionPool(host='localhost', port=80): Max retries exceeded with url: /api/v1/mock/mock-swagger/api/v3/pet/%7BpetId%7D (Caused by NewConnectionError(""HTTPConnection(host='localhost', port=80): Failed to establish a new connection: [Errno 111] Connection refused""))"
2026-09-24T22:09:10.489553,call_ep_get__pet_findByStatus_t14w_base,GET,http://localhost/api/v1/mock/mock-swagger/api/v3/pet/findByStatus?status=1,0,1.61,"HTTPConnectionPool(host='localhost', port=80): Max retries exceeded with url: /api/v1/mock/mock-swagger/api/v3/pet/findByStatus?status=1 (Caused by NewConnectionError(""HTTPConnection(host='localhost', port=80): Failed to establish a new connection: [Errno 111] Connection refused""))"
2026-09-24T22:09:10.493998,call_ep_get__pet__petId__mpbf_scn_scn_ep_get__pet__petId__mpbf_404,GET,http://localhost/api/v1/mock/mock-swagger/api/v3/pet/999999999,0,1.62,"HTTPConnectionPool(host='localhost', port=80): Max retries exceeded with url: /api/v1/mock/mock-swagger/api/v3/pet/999999999 (Caused by NewConnectionError(""HTTPConnection(host='localhost', port=80): Failed to establish a new connection: [Errno 111] Connection refused""))"
2026-09-24T22:09:10.507539,call_ep_get__pet_findByStatus_t14w_scn_scn_ep_get__pet_findByStatus_t14w_400,GET,http://localhost/api/v1/mock/mock-swagger/api/v3/pet/findByStatus?status=1,0,1.64,"HTTPConnectionPool(host='localhost', port=80): Max retries exceeded with url: /api/v1/mock/mock-swagger/api/v3/pet/findByStatus?status=1 (Caused by NewConnectionError(""HTTPConnection(host='localhost', port=80): Failed to establish a new connection: [Errno 111] Connection refused""))"
2026-09-24T22:09:10.536205,call_ep_post__pet_b5ji_scn_scn_ep_post__pet_b5ji_404,POST,http://localhost/api/v1/mock/mock-swagger/api/v3/pet?error=404,0,1.7,"HTTPConnectionPool(host='localhost', port=80): Max retries exceeded with url: /api/v1/mock/mock-swagger/api/v3/pet?error=404 (Caused by NewConnectionError(""HTTPConnection(host='localhost', port=80): Failed to establish a new connection: [Errno 111] Connection refused""))"
2026-09-24T22:09:10.548552,call_ep_get__pet_findByTags_eg92_scn_scn_ep_get__pet_findByTags_eg92_400,GET,http://localhost/api/v1/mock/mock-swagger/api/v3/pet/findByTags?tags=1,0,1.62,"HTTPConnectionPool(host='localhost', port=80): Max retries exceeded with url: /api/v1/mock/mock-swagger/api/v3/pet/findByTags?tags=1 (Caused by NewConnectionError(""HTTPConnection(host='localhost', port=80): Failed to establish a new connection: [Errno 111] Connection refused""))"
2026-09-24T22:09:10.556193,call_ep_put__pet_jchf_scn_scn_ep_put__pet_jchf_401,PUT,http://localhost/api/v1/mock/mock-swagger/api/v3/pet,0,1.66,"HTTPConnectionPool(host='localhost', port=80): Max retries exceeded with url: /api/v1/mock/mock-swagger/api/v3/pet (Caused by NewConnectionError(""HTTPConnection(host='localhost', port=80): Failed to establish a new connection: [Errno 111] Connection refused""))"
2026-09-24T22:09:10.563473,call_ep_get__pet__petId__mpbf_base,GET,http://localhost/api/v1/mock/mock-swagger/api/v3/pet/{petId},0,1.65,"HTTPConnectionPool(host='localhost', port=80): Max retries exceeded with url: /api/v1/mock/mock-swagger/api/v3/pet/%7BpetId%7D (Caused by NewConnectionError(""HTTPConnection(host='localhost', port=80): Failed to establish a new connection: [Errno 111] Connection refused""))"
2026-09-24T22:09:10.572628,call_ep_put__pet_jchf_scn_scn_ep_put__pet_jchf_404,PUT,http://localhost/api/v1/mock/mock-swagger/api/v3/pet?error=404,0,1.63,"HTTPConnectionPool(host='localhost', port=80): Max retries exceeded with url: /api/v1/mock/mock-swagger/api/v3/pet?error=404 (Caused by NewConnectionError(""HTTPConnection(host='localhost', port=80): Failed to establish a new connection: [Errno 111] Connection refused""))"
2026-09-24T22:09:10.580998,call_ep_get__pet__petId__mpbf_scn_scn_ep_get__pet__petId__mpbf_400,GET,http://localhost/api/v1/mock/mock-swagger/api/v3/pet/{petId},0,2.15,"HTTPConnectionPool(host='localhost', port=80): Max retries exceeded with url: /api/v1/mock/mock-swagger/api/v3/pet/%7BpetId%7D (Caused by NewConnectionError(""HTTPConnection(host='localhost', port=80): Failed to establish a new connection: [Errno 111] Connection refused""))"
2026-09-24T22:09:10.591360,call_ep_get__pet_findByStatus_t14w_scn_scn_ep_get__pet_findByStatus_t14w_401,GET,http://localhost/api/v1/mock/mock-swagger/api/v3/pet/findByStatus?status=1,0,1.62,"HTTPConnectionPool(host='localhost', port=80): Max retries exceeded with url: /api/v1/mock/mock-swagger/api/v3/pet/findByStatus?status=1 (Caused by NewConnectionError(""HTTPConnection(host='localhost', port=80): Failed to establish a new connection: [Errno 111] Connection refused""))"
2026-09-24T22:09:10.595869,call_ep_post__pet_b5ji_base,POST,http://localhost/api/v1/mock/mock-swagger/api/v3/pet,0,1.68,"HTTPConnectionPool(host='localhost', port=80): Max retries exceeded with url: /api/v1/mock/mock-swagger/api/v3/pet (Caused by NewConnectionError(""HTTPConnection(host='localhost', port=80): Failed to establish a new connection: [Errno 111] Connection refused""))"
2026-09-24T22:09:10.609369,call_ep_get__pet_findByStatus_t14w_scn_scn_ep_get__pet_findByStatus_t14w_404,GET,http://localhost/api/v1/mock/mock-swagger/api/v3/pet/findByStatus?status=1&error=404,0,1.64,"HTTPConnectionPool(host='localhost', port=80): Max retries exceeded with url: /api/v1/mock/mock-swagger/api/v3/pet/findByStatus?status=1&error=404 (Caused by NewConnectionError(""HTTPConnection(host='localhost', port=80): Failed to establish a new connection: [Errno 111] Connection refused""))"
2026-09-24T22:09:10.638032,call_ep_put__pet_jchf_base,PUT,http://localhost/api/v1/mock/mock-swagger/api/v3/pet,0,1.64,"HTTPConnectionPool(host='localhost', port=80): Max retries exceeded with url: /api/v1/mock/mock-swagger/api/v3/pet (Caused by NewConnectionError(""HTTPConnection(host='localhost', port=80): Failed to establish a new connection: [Errno 111] Connection refused""))"
2026-09-24T22:09:10.650341,call_ep_get__pet_findByTags_eg92_scn_scn_ep_get__pet_findByTags_eg92_404,GET,http://localhost/api/v1/mock/mock-swagger/api/v3/pet/findByTags?tags=1&error=404,0,1.6,"HTTPConnectionPool(host='localhost', port=80): Max retries exceeded with url: /api/v1/mock/mock-swagger/api/v3/pet/findByTags?tags=1&error=404 (Caused by NewConnectionError(""HTTPConnection(host='localhost', port=80): Failed to establish a new connection: [Errno 111] Connection refused""))"
2026-09-24T22:09:10.657993,call_ep_put__pet_jchf_scn_scn_ep_put__pet_jchf_400,PUT,http://localhost/api/v1/mock/mock-swagger/api/v3/pet,0,1.64,"HTTPConnectionPool(host='localhost', port=80): Max retries exceeded with url: /api/v1/mock/mock-swagger/api/v3/pet (Caused by NewConnectionError(""HTTPConnection(host='localhost', port=80): Failed to establish a new connection: [Errno 111] Connection refused""))"
2026-09-24T22:09:10.665306,call_ep_get__pet__petId__mpbf_scn_scn_ep_get__pet__petId__mpbf_401,GET,http://localhost/api/v1/mock/mock-swagger/api/v3/pet/{petId},0,1.64,"HTTPConnectionPool(host='localhost', port=80): Max retries exceeded with url: /api/v1/mock/mock-swagger/api/v3/pet/%7BpetId%7D (Caused by NewConnectionError(""HTTPConnection(host='localhost', port=80): Failed to establish a new connection: [Errno 111] Connection refused""))"
2026-09-24T22:09:10.674410,call_ep_get__pet_findByStatus_t14w_base,GET,http://localhost/api/v1/mock/mock-swagger/api/v3/pet/findByStatus?status=1,0,1.6,"HTTPConnectionPool(host='localhost', port=80): Max retries exceeded with url: /api/v1/mock/mock-swagger/api/v3/pet/findByStatus?status=1 (Caused by NewConnectionError(""HTTPConnection(host='localhost', port=80): Failed to establish a new connection: [Errno 111] Connection refused""))"
2026-09-24T22:09:10.682717,call_ep_get__pet__petId__mpbf_scn_scn_ep_get__pet__petId__mpbf_404,GET,http://localhost/api/v1/mock/mock-swagger/api/v3/pet/999999999,0,1.58,"HTTPConnectionPool(host='localhost', port=80): Max retries exceeded with url: /api/v1/mock/mock-swagger/api/v3/pet/999999999 (Caused by NewConnectionError(""HTTPConnection(host='localhost', port=80): Failed to establish a new connection: [Errno 111] Connection refused""))"
2026-09-24T22:09:10.693192,call_ep_get__pet_findByStatus_t14w_scn_scn_ep_get__pet_findByStatus_t14w_400,GET,http://localhost/api/v1/mock/mock-swagger/api/v3/pet/findByStatus?status=1,0,1.65,"HTTPConnectionPool(host='localhost', port=80): Max retries exceeded with url: /api/v1/mock/mock-swagger/api/v3/pet/findByStatus?status=1 (Caused by NewConnectionError(""HTTPConnection(host='localhost', port=80): Failed to establish a new connection: [Errno 111] Connection refused""))"
2026-09-24T22:09:10.697709,call_ep_post__pet_b5ji_scn_scn_ep_post__pet_b5ji_401,POST,http://localhost/api/v1/mock/mock-swagger/api/v3/pet,0,1.63,"HTTPConnectionPool(host='localhost', port=80): Max retries exceeded with url: /api/v1/mock/mock-swagger/api/v3/pet (Caused by NewConnectionError(""HTTPConnection(host='localhost', port=80): Failed to establish a new connection: [Errno 111] Connection refused""))"
2026-09-24T22:09:10.711196,call_ep_get__pet_findByTags_eg92_base,GET,http://localhost/api/v1/mock/mock-swagger/api/v3/pet/findByTags?tags=1,0,1.64,"HTTPConnectionPool(host='localhost', port=80): Max retries exceeded with url: /api/v1/mock/mock-swagger/api/v3/pet/findByTags?tags=1 (Caused by NewConnectionError(""HTTPConnection(host='localhost', port=80): Failed to establish a new connection: [Errno 111] Connection refused""))"
2026-09-24T22:09:10.740268,call_ep_put__pet_jchf_scn_scn_ep_put__pet_jchf_401,PUT,http://localhost/api/v1/mock/mock-swagger/api/v3/pet,0,2.05,"HTTPConnectionPool(host='localhost', port=80): Max retries exceeded with url: /api/v1/mock/mock-swagger/api/v3/pet (Caused by NewConnectionError(""HTTPConnection(host='localhost', port=80): Failed to establish a new connection: [Errno 111] Connection refused""))"
2026-09-24T22:09:10.752244,call_ep_get__pet__petId__mpbf_base,GET,http://localhost/api/v1/mock/mock-swagger/api/v3/pet/{petId},0,1.73,"HTTPConnectionPool(host='localhost', port=80): Max retries exceeded with url: /api/v1/mock/mock-swagger/api/v3/pet/%7BpetId%7D (Caused by NewConnectionError(""HTTPConnection(host='localhost', port=80): Failed to establish a new connection: [Errno 111] Connection refused""))"
2026-09-24T22:09:10.759780,call_ep_put__pet_jchf_scn_scn_ep_put__pet_jchf_404,PUT,http://localhost/api/v1/mock/mock-swagger/api/v3/pet?error=404,0,1.63,"HTTPConnectionPool(host='localhost', port=80): Max retries exceeded with url: /api/v1/mock/mock-swagger/api/v3/pet?error=404 (Caused by NewConnectionError(""HTTPConnection(host='localhost', port=80): Failed to establish a new connection: [Errno 111] Connection refused""))"
2026-09-24T22:09:10.767174,call_ep_get__pet__petId__mpbf_scn_scn_ep_get__pet__petId__mpbf_400,GET,http://localhost/api/v1/mock/mock-swagger/api/v3/pet/{petId},0,1.69,"HTTPConnectionPool(host='localhost', port=80): Max retries exceeded with url: /api/v1/mock/mock-swagger/api/v3/pet/%7BpetId%7D (Caused by NewConnectionError(""HTTPConnection(host='localhost', port=80): Failed to establish a new connection: [Errno 111] Connection refused""))"
2026-09-24T22:09:10.776197,call_ep_get__pet_findByStatus_t14w_scn_scn_ep_get__pet_findByStatus_t14w_401,GET,http://localhost/api/v1/mock/mock-swagger/api/v3/pet/findByStatus?status=1,0,1.61,"HTTPConnectionPool(host='localhost', port=80): Max retries exceeded with url: /api/v1/mock/mock-swagger/api/v3/pet/findByStatus?status=1 (Caused by NewConnectionError(""HTTPConnection(host='localhost', port=80): Failed to establish a new connection: [Errno 111] Connection refused""))"
2026-09-24T22:09:10.784531,call_ep_post__pet_b5ji_base,POST,http://localhost/api/v1/mock/mock-swagger/api/v3/pet,0,1.61,"HTTPConnectionPool(host='localhost', port=80): Max retries exceeded with url: /api/v1/mock/mock-swagger/api/v3/pet (Caused by NewConnectionError(""HTTPConnection(host='localhost', port=80): Failed to establish a new connection: [Errno 111] Connection refused""))"
2026-09-24T22:09:10.794996,call_ep_get__pet_findByStatus_t14w_scn_scn_ep_get__pet_findByStatus_t14w_404,GET,http://localhost/api/v1/mock/mock-swagger/api/v3/pet/findByStatus?status=1&error=404,0,1.62,"HTTPConnectionPool(host='localhost', port=80): Max retries exceeded with url: /api/v1/mock/mock-swagger/api/v3/pet/findByStatus?status=1&error=404 (Caused by NewConnectionError(""HTTPConnection(host='localhost', port=80): Failed to establish a new connection: [Errno 111] Connection refused""))"
2026-09-24T22:09:10.799547,call_ep_post__pet_b5ji_scn_scn_ep_post__pet_b5ji_400,POST,http://localhost/api/v1/mock/mock-swagger/api/v3/pet,0,1.64,"HTTPConnectionPool(host='localhost', port=80): Max retries exceeded with url: /api/v1/mock/mock-swagger/api/v3/pet (Caused by NewConnectionError(""HTTPConnection(host='localhost', port=80): Failed to establish a new connection: [Errno 111] Connection refused""))"
2026-09-24T22:09:10.813028,call_ep_get__pet_findByTags_eg92_scn_scn_ep_get__pet_findByTags_eg92_401,GET,http://localhost/api/v1/mock/mock-swagger/api/v3/pet/findByTags?tags=1,0,1.64,"HTTPConnectionPool(host='localhost', port=80): Max retries exceeded with url: /api/v1/mock/mock-swagger/api/v3/pet/findByTags?tags=1 (Caused by NewConnectionError(""HTTPConnection(host='localhost', port=80): Failed to establish a new connection: [Errno 111] Connection refused""))"
2026-09-24T22:09:10.842092,call_ep_put__pet_jchf_scn_scn_ep_put__pet_jchf_400,PUT,http://localhost/api/v1/mock/mock-swagger/api/v3/pet,0,1.64,"HTTPConnectionPool(host='localhost', port=80): Max retries exceeded with url: /api/v1/mock/mock-swagger/api/v3/pet (Caused by NewConnectionError(""HTTPConnection(host='localhost', port=80): Failed to establish a new connection: [Errno 111] Connection refused""))"
2026-09-24T22:09:10.854171,call_ep_get__pet__petId__mpbf_scn_scn_ep_get__pet__petId__mpbf_401,GET,http://localhost/api/v1/mock/mock-swagger/api/v3/pet/{petId},0,1.74,"HTTPConnectionPool(host='localhost', port=80): Max retries exceeded with url: /api/v1/mock/mock-swagger/api/v3/pet/%7BpetId%7D (Caused by NewConnectionError(""HTTPConnection(host='localhost', port=80): Failed to establish a new connection: [Errno 111] Connection refused""))"
2026-09-24T22:09:10.861584,call_ep_get__pet_findByStatus_t14w_base,GET,http://localhost/api/v1/mock/mock-swagger/api/v3/pet/findByStatus?status=1,0,1.61,"HTTPConnectionPool(host='localhost', port=80): Max retries exceeded with url: /api/v1/mock/mock-swagger/api/v3/pet/findByStatus?status=1 (Caused by NewConnectionError(""HTTPConnection(host='localhost', port=80): Failed to establish a new connection: [Errno 111] Connection refused""))"
2026-09-24T22:09:10.869365,call_ep_get__pet__petId__mpbf_scn_scn_ep_get__pet__petId__mpbf_404,GET,http://localhost/api/v1/mock/mock-swagger/api/v3/pet/999999999,0,2.01,"HTTPConnectionPool(host='localhost', port=80): Max retries exceeded with url: /api/v1/mock/mock-swagger/api/v3/pet/999999999 (Caused by NewConnectionError(""HTTPConnection(host='localhost', port=80): Failed to establish a new connection: [Errno 111] Connection refused""))"
2026-09-24T22:09:10.878013,call_ep_get__pet_findByStatus_t14w_scn_scn_ep_get__pet_findByStatus_t14w_400,GET,http://localhost/api/v1/mock/mock-swagger/api/v3/pet/findByStatus?status=1,0,1.63,"HTTPConnectionPool(host='localhost', port=80): Max retries exceeded with url: /api/v1/mock/mock-swagger/api/v3/pet/findByStatus?status=1 (Caused by NewConnectionError(""HTTPConnection(host='localhost', port=80): Failed to establish a new connection: [Errno 111] Connection refused""))"
2026-09-24T22:09:10.886374,call_ep_post__pet_b5ji_scn_scn_ep_post__pet_b5ji_401,POST,http://localhost/api/v1/mock/mock-swagger/api/v3/pet,0,1.66,"HTTPConnectionPool(host='localhost', port=80): Max retries exceeded with url: /api/v1/mock/mock-swagger/api/v3/pet (Caused by NewConnectionError(""HTTPConnection(host='localhost', port=80): Failed to establish a new connection: [Errno 111] Connection refused""))"
2026-09-24T22:09:10.896796,call_ep_get__pet_findByTags_eg92_base,GET,http://localhost/api/v1/mock/mock-swagger/api/v3/pet/findByTags?tags=1,0,1.61,"HTTPConnectionPool(host='localhost', port=80): Max retries exceeded with url: /api/v1/mock/mock-swagger/api/v3/pet/findByTags?tags=1 (Caused by NewConnectionError(""HTTPConnection(host='localhost', port=80): Failed to establish a new connection: [Errno 111] Connection refused""))"
2026-09-24T22:09:10.901406,call_ep_post__pet_b5ji_scn_scn_ep_post__pet_b5ji_404,POST,http://localhost/api/v1/mock/mock-swagger/api/v3/pet?error=404,0,1.67,"HTTPConnectionPool(host='localhost', port=80): Max retries exceeded with url: /api/v1/mock/mock-swagger/api/v3/pet?error=404 (Caused by NewConnectionError(""HTTPConnection(host='localhost', port=80): Failed to establish a new connection: [Errno 111] Connection refused""))"
2026-09-24T22:09:10.914942,call_ep_get__pet_findByTags_eg92_scn_scn_ep_get__pet_findByTags_eg92_400,GET,http://localhost/api/v1/mock/mock-swagger/api/v3/pet/findByTags?tags=1,0,1.72,"HTTPConnectionPool(host='localhost', port=80): Max retries exceeded with url: /api/v1/mock/mock-swagger/api/v3/pet/findByTags?tags=1 (Caused by NewConnectionError(""HTTPConnection(host='localhost', port=80): Failed to establish a new connection: [Errno 111] Connection refused""))"
2026-09-24T22:09:10.943936,call_ep_put__pet_jchf_scn_scn_ep_put__pet_jchf_404,PUT,http://localhost/api/v1/mock/mock-swagger/api/v3/pet?error=404,0,1.66,"HTTPConnectionPool(host='localhost', port=80): Max retries exceeded with url: /api/v1/mock/mock-swagger/api/v3/pet?error=404 (Caused by NewConnectionError(""HTTPConnection(host='localhost', port=80): Failed to establish a new connection: [Errno 111] Connection refused""))"
2026-09-24T22:09:10.956055,call_ep_get__pet__petId__mpbf_scn_scn_ep_get__pet__petId__mpbf_400,GET,http://localhost/api/v1/mock/mock-swagger/api/v3/pet/{petId},0,1.7,"HTTPConnectionPool(host='localhost', port=80): Max retries exceeded with url: /api/v1/mock/mock-swagger/api/v3/pet/%7BpetId%7D (Caused by NewConnectionError(""HTTPConnection(host='localhost', port=80): Failed to establish a new connection: [Errno 111] Connection refused""))"
2026-09-24T22:09:10.963368,call_ep_get__pet_findByStatus_t14w_scn_scn_ep_get__pet_findByStatus_t14w_401,GET,http://localhost/api/v1/mock/mock-swagger/api/v3/pet/findByStatus?status=1,0,1.6,"HTTPConnectionPool(host='localhost', port=80): Max retries exceeded with url: /api/v1/mock/mock-swagger/api/v3/pet/findByStatus?status=1 (Caused by NewConnectionError(""HTTPConnection(host='localhost', port=80): Failed to establish a new connection: [Errno 111] Connection refused""))"
2026-09-24T22:09:10.971209,call_ep_post__pet_b5ji_base,POST,http://localhost/api/v1/mock/mock-swagger/api/v3/pet,0,1.65,"HTTPConnectionPool(host='localhost', port=80): Max retries exceeded with url: /api/v1/mock/mock-swagger/api/v3/pet (Caused by NewConnectionError(""HTTPConnection(host='localhost', port=80): Failed to establish a new connection: [Errno 111] Connection refused""))"
2026-09-24T22:09:10.979813,call_ep_get__pet_findByStatus_t14w_scn_scn_ep_get__pet_findByStatus_t14w_404,GET,http://localhost/api/v1/mock/mock-swagger/api/v3/pet/findByStatus?status=1&error=404,0,1.62,"HTTPConnectionPool(host='localhost', port=80): Max retries exceeded with url: /api/v1/mock/mock-swagger/api/v3/pet/findByStatus?status=1&error=404 (Caused by NewConnectionError(""HTTPConnection(host='localhost', port=80): Failed to establish a new connection: [Errno 111] Connection refused""))"
2026-09-24T22:09:10.988216,call_ep_post__pet_b5ji_scn_scn_ep_post__pet_b5ji_400,POST,http://localhost/api/v1/mock/mock-swagger/api/v3/pet,0,1.66,"HTTPConnectionPool(host='localhost', port=80): Max retries exceeded with url: /api/v1/mock/mock-swagger/api/v3/pet (Caused by NewConnectionError(""HTTPConnection(host='localhost', port=80): Failed to establish a new connection: [Errno 111] Connection refused""))"
2026-09-24T22:09:10.998590,call_ep_get__pet_findByTags_eg92_scn_scn_ep_get__pet_findByTags_eg92_401,GET,http://localhost/api/v1/mock/mock-swagger/api/v3/pet/findByTags?tags=1,0,1.6,"HTTPConnectionPool(host='localhost', port=80): Max retries exceeded with url: /api/v1/mock/mock-swagger/api/v3/pet/findByTags?tags=1 (Caused by NewConnectionError(""HTTPConnection(host='localhost', port=80): Failed to establish a new connection: [Errno 111] Connection refused""))"
2026-09-24T22:09:11.003736,call_ep_put__pet_jchf_base,PUT,http://localhost/api/v1/mock/mock-swagger/api/v3/pet,0,2.14,"HTTPConnectionPool(host='localhost', port=80): Max retries exceeded with url: /api/v1/mock/mock-swagger/api/v3/pet (Caused by NewConnectionError(""HTTPConnection(host='localhost', port=80): Failed to establish a new connection: [Errno 111] Connection refused""))"
2026-09-24T22:09:11.016746,call_ep_get__pet_findByTags_eg92_scn_scn_ep_get__pet_findByTags_eg92_404,GET,http://localhost/api/v1/mock/mock-swagger/api/v3/pet/findByTags?tags=1&error=404,0,1.67,"HTTPConnectionPool(host='localhost', port=80): Max retries exceeded with url: /api/v1/mock/mock-swagger/api/v3/pet/findByTags?tags=1&error=404 (Caused by NewConnectionError(""HTTPConnection(host='localhost', port=80): Failed to establish a new connection: [Errno 111] Connection refused""))"
2026-09-24T22:09:11.045731,call_ep_get__pet_findByStatus_t14w_base,GET,http://localhost/api/v1/mock/mock-swagger/api/v3/pet/findByStatus?status=1,0,1.61,"HTTPConnectionPool(host='localhost', port=80): Max retries exceeded with url: /api/v1/mock/mock-swagger/api/v3/pet/findByStatus?status=1 (Caused by NewConnectionError(""HTTPConnection(host='localhost', port=80): Failed to establish a new connection: [Errno 111] Connection refused""))"
2026-09-24T22:09:11.057835,call_ep_get__pet__petId__mpbf_scn_scn_ep_get__pet__petId__mpbf_404,GET,http://localhost/api/v1/mock/mock-swagger/api/v3/pet/999999999,0,1.6,"HTTPConnectionPool(host='localhost', port=80): Max retries exceeded with url: /api/v1/mock/mock-swagger/api/v3/pet/999999999 (Caused by NewConnectionError(""HTTPConnection(host='localhost', port=80): Failed to establish a new connection: [Errno 111] Connection refused""))"
2026-09-24T22:09:11.065191,call_ep_get__pet_findByStatus_t14w_scn_scn_ep_get__pet_findByStatus_t14w_400,GET,http://localhost/api/v1/mock/mock-swagger/api/v3/pet/findByStatus?status=1,0,1.64,"HTTPConnectionPool(host='localhost', port=80): Max retries exceeded with url: /api/v1/mock/mock-swagger/api/v3/pet/findByStatus?status=1 (Caused by NewConnectionError(""HTTPConnection(host='localhost', port=80): Failed to establish a new connection: [Errno 111] Connection refused""))"
2026-09-24T22:09:11.073032,call_ep_post__pet_b5ji_scn_scn_ep_post__pet_b5ji_401,POST,http://localhost/api/v1/mock/mock-swagger/api/v3/pet,0,1.64,"HTTPConnectionPool(host='localhost', port=80): Max retries exceeded with url: /api/v1/mock/mock-swagger/api/v3/pet (Caused by NewConnectionError(""HTTPConnection(host='localhost', port=80): Failed to establish a new connection: [Errno 111] Connection refused""))"
2026-09-24T22:09:11.081593,call_ep_get__pet_findByTags_eg92_base,GET,http://localhost/api/v1/mock/mock-swagger/api/v3/pet/findByTags?tags=1,0,1.6,"HTTPConnectionPool(host='localhost', port=80): Max retries exceeded with url: /api/v1/mock/mock-swagger/api/v3/pet/findByTags?tags=1 (Caused by NewConnectionError(""HTTPConnection(host='localhost', port=80): Failed to establish a new connection: [Errno 111] Connection refused""))"
2026-09-24T22:09:11.090027,call_ep_post__pet_b5ji_scn_scn_ep_post__pet_b5ji_404,POST,http://localhost/api/v1/mock/mock-swagger/api/v3/pet?error=404,0,1.65,"HTTPConnectionPool(host='localhost', port=80): Max retries exceeded with url: /api/v1/mock/mock-swagger/api/v3/pet?error=404 (Caused by NewConnectionError(""HTTPConnection(host='localhost', port=80): Failed to establish a new connection: [Errno 111] Connection refused""))"
2026-09-24T22:09:11.100428,call_ep_get__pet_findByTags_eg92_scn_scn_ep_get__pet_findByTags_eg92_400,GET,http://localhost/api/v1/mock/mock-swagger/api/v3/pet/findByTags?tags=1,0,1.65,"HTTPConnectionPool(host='localhost', port=80): Max retries exceeded with url: /api/v1/mock/mock-swagger/api/v3/pet/findByTags?tags=1 (Caused by NewConnectionError(""HTTPConnection(host='localhost', port=80): Failed to establish a new connection: [Errno 111] Connection refused""))"
2026-09-24T22:09:11.105649,call_ep_put__pet_jchf_scn_scn_ep_put__pet_jchf_401,PUT,http://localhost/api/v1/mock/mock-swagger/api/v3/pet,0,1.71,"HTTPConnectionPool(host='localhost', port=80): Max retries exceeded with url: /api/v1/mock/mock-swagger/api/v3/pet (Caused by NewConnectionError(""HTTPConnection(host='localhost', port=80): Failed to establish a new connection: [Errno 111] Connection refused""))"
2026-09-24T22:09:11.118617,call_ep_get__pet__petId__mpbf_base,GET,http://localhost/api/v1/mock/mock-swagger/api/v3/pet/{petId},0,1.67,"HTTPConnectionPool(host='localhost', port=80): Max retries exceeded with url: /api/v1/mock/mock-swagger/api/v3/pet/%7BpetId%7D (Caused by NewConnectionError(""HTTPConnection(host='localhost', port=80): Failed to establish a new connection: [Errno 111] Connection refused""))"
2026-09-24T22:09:11.147508,call_ep_get__pet_findByStatus_t14w_scn_scn_ep_get__pet_findByStatus_t14w_401,GET,http://localhost/api/v1/mock/mock-swagger/api/v3/pet/findByStatus?status=1,0,1.58,"HTTPConnectionPool(host='localhost', port=80): Max retries exceeded with url: /api/v1/mock/mock-swagger/api/v3/pet/findByStatus?status=1 (Caused by NewConnectionError(""HTTPConnection(host='localhost', port=80): Failed to establish a new connection: [Errno 111] Connection refused""))"
2026-09-24T22:09:11.159663,call_ep_post__pet_b5ji_base,POST,http://localhost/api/v1/mock/mock-swagger/api/v3/pet,0,1.64,"HTTPConnectionPool(host='localhost', port=80): Max retries exceeded with url: /api/v1/mock/mock-swagger/api/v3/pet (Caused by NewConnectionError(""HTTPConnection(host='localhost', port=80): Failed to establish a new connection: [Errno 111] Connection refused""))"
2026-09-24T22:09:11.167444,call_ep_get__pet_findByStatus_t14w_scn_scn_ep_get__pet_findByStatus_t14w_404,GET,http://localhost/api/v1/mock/mock-swagger/api/v3/pet/findByStatus?status=1&error=404,0,2.07,"HTTPConnectionPool(host='localhost', port=80): Max retries exceeded with url: /api/v1/mock/mock-swagger/api/v3/pet/findByStatus?status=1&error=404 (Caused by NewConnectionError(""HTTPConnection(host='localhost', port=80): Failed to establish a new connection: [Errno 111] Connection refused""))"
2026-09-24T22:09:11.174830,call_ep_post__pet_b5ji_scn_scn_ep_post__pet_b5ji_400,POST,http://localhost/api/v1/mock/mock-swagger/api/v3/pet,0,1.62,"HTTPConnectionPool(host='localhost', port=80): Max retries exceeded with url: /api/v1/mock/mock-swagger/api/v3/pet (Caused by NewConnectionError(""HTTPConnection(host='localhost', port=80): Failed to establish a new connection: [Errno 111] Connection refused""))"
2026-09-24T22:09:11.183386,call_ep_get__pet_findByTags_eg92_scn_scn_ep_get__pet_findByTags_eg92_401,GET,http://localhost/api/v1/mock/mock-swagger/api/v3/pet/findByTags?tags=1,0,1.61,"HTTPConnectionPool(host='localhost', port=80): Max retries exceeded with url: /api/v1/mock/mock-swagger/api/v3/pet/findByTags?tags=1 (Caused by NewConnectionError(""HTTPConnection(host='localhost', port=80): Failed to establish a new connection: [Errno 111] Connection refused""))"
2026-09-24T22:09:11.191801,call_ep_put__pet_jchf_base,PUT,http://localhost/api/v1/mock/mock-swagger/api/v3/pet,0,1.63,"HTTPConnectionPool(host='localhost', port=80): Max retries exceeded with url: /api/v1/mock/mock-swagger/api/v3/pet (Caused by NewConnectionError(""HTTPConnection(host='localhost', port=80): Failed to establish a new connection: [Errno 111] Connection refused""))"
2026-09-24T22:09:11.202243,call_ep_get__pet_findByTags_eg92_scn_scn_ep_get__pet_findByTags_eg92_404,GET,http://localhost/api/v1/mock/mock-swagger/api/v3/pet/findByTags?tags=1&error=404,0,1.63,"HTTPConnectionPool(host='localhost', port=80): Max retries exceeded with url: /api/v1/mock/mock-swagger/api/v3/pet/findByTags?tags=1&error=404 (Caused by NewConnectionError(""HTTPConnection(host='localhost', port=80): Failed to establish a new connection: [Errno 111] Connection refused""))"
2026-09-24T22:09:11.207493,call_ep_put__pet_jchf_scn_scn_ep_put__pet_jchf_400,PUT,http://localhost/api/v1/mock/mock-swagger/api/v3/pet,0,1.66,"HTTPConnectionPool(host='localhost', port=80): Max retries exceeded with url: /api/v1/mock/mock-swagger/api/v3/pet (Caused by NewConnectionError(""HTTPConnection(host='localhost', port=80): Failed to establish a new connection: [Errno 111] Connection refused""))"
2026-09-24T22:09:11.220538,call_ep_get__pet__petId__mpbf_scn_scn_ep_get__pet__petId__mpbf_401,GET,http://localhost/api/v1/mock/mock-swagger/api/v3/pet/{petId},0,1.73,"HTTPConnectionPool(host='localhost', port=80): Max retries exceeded with url: /api/v1/mock/mock-swagger/api/v3/pet/%7BpetId%7D (Caused by NewConnectionError(""HTTPConnection(host='localhost', port=80): Failed to establish a new connection: [Errno 111] Connection refused""))"
2026-09-24T22:09:11.249372,call_ep_get__pet_findByStatus_t14w_scn_scn_ep_get__pet_findByStatus_t14w_400,GET,http://localhost/api/v1/mock/mock-swagger/api/v3/pet/findByStatus?status=1,0,1.68,"HTTPConnectionPool(host='localhost', port=80): Max retries exceeded with url: /api/v1/mock/mock-swagger/api/v3/pet/findByStatus?status=1 (Caused by NewConnectionError(""HTTPConnection(host='localhost', port=80): Failed to establish a new connection: [Errno 111] Connection refused""))"
2026-09-24T22:09:11.261561,call_ep_post__pet_b5ji_scn_scn_ep_post__pet_b5ji_401,POST,http://localhost/api/v1/mock/mock-swagger/api/v3/pet,0,1.71,"HTTPConnectionPool(host='localhost', port=80): Max retries exceeded with url: /api/v1/mock/mock-swagger/api/v3/pet (Caused by NewConnectionError(""HTTPConnection(host='localhost', port=80): Failed to establish a new connection: [Errno 111] Connection refused""))"
2026-09-24T22:09:11.269242,call_ep_get__pet_findByTags_eg92_base,GET,http://localhost/api/v1/mock/mock-swagger/api/v3/pet/findByTags?tags=1,0,1.62,"HTTPConnectionPool(host='localhost', port=80): Max retries exceeded with url: /api/v1/mock/mock-swagger/api/v3/pet/findByTags?tags=1 (Caused by NewConnectionError(""HTTPConnection(host='localhost', port=80): Failed to establish a new connection: [Errno 111] Connection refused""))"
2026-09-24T22:09:11.276648,call_ep_post__pet_b5ji_scn_scn_ep_post__pet_b5ji_404,POST,http://localhost/api/v1/mock/mock-swagger/api/v3/pet?error=404,0,1.63,"HTTPConnectionPool(host='localhost', port=80): Max retries exceeded with url: /api/v1/mock/mock-swagger/api/v3/pet?error=404 (Caused by NewConnectionError(""HTTPConnection(host='localhost', port=80): Failed to establish a new connection: [Errno 111] Connection refused""))"
2026-09-24T22:09:11.285217,call_ep_get__pet_findByTags_eg92_scn_scn_ep_get__pet_findByTags_eg92_400,GET,http://localhost/api/v1/mock/mock-swagger/api/v3/pet/findByTags?tags=1,0,1.65,"HTTPConnectionPool(host='localhost', port=80): Max retries exceeded with url: /api/v1/mock/mock-swagger/api/v3/pet/findByTags?tags=1 (Caused by NewConnectionError(""HTTPConnection(host='localhost', port=80): Failed to establish a new connection: [Errno 111] Connection refused""))"
2026-09-24T22:09:11.294086,call_ep_put__pet_jchf_scn_scn_ep_put__pet_jchf_401,PUT,http://localhost/api/v1/mock/mock-swagger/api/v3/pet,0,2.11,"HTTPConnectionPool(host='localhost', port=80): Max retries exceeded with url: /api/v1/mock/mock-swagger/api/v3/pet (Caused by NewConnectionError(""HTTPConnection(host='localhost', port=80): Failed to establish a new connection: [Errno 111] Connection refused""))"
2026-09-24T22:09:11.304086,call_ep_get__pet__petId__mpbf_base,GET,http://localhost/api/v1/mock/mock-swagger/api/v3/pet/{petId},0,1.69,"HTTPConnectionPool(host='localhost', port=80): Max retries exceeded with url: /api/v1/mock/mock-swagger/api/v3/pet/%7BpetId%7D (Caused by NewConnectionError(""HTTPConnection(host='localhost', port=80): Failed to establish a new connection: [Errno 111] Connection refused""))"
2026-09-24T22:09:11.309354,call_ep_put__pet_jchf_scn_scn_ep_put__pet_jchf_404,PUT,http://localhost/api/v1/mock/mock-swagger/api/v3/pet?error=404,0,1.68,"HTTPConnectionPool(host='localhost', port=80): Max retries exceeded with url: /api/v1/mock/mock-swagger/api/v3/pet?error=404 (Caused by NewConnectionError(""HTTPConnection(host='localhost', port=80): Failed to establish a new connection: [Errno 111] Connection refused""))"
2026-09-24T22:09:11.322516,call_ep_get__pet__petId__mpbf_scn_scn_ep_get__pet__petId__mpbf_400,GET,http://localhost/api/v1/mock/mock-swagger/api/v3/pet/{petId},0,1.79,"HTTPConnectionPool(host='localhost', port=80): Max retries exceeded with url: /api/v1/mock/mock-swagger/api/v3/pet/%7BpetId%7D (Caused by NewConnectionError(""HTTPConnection(host='localhost', port=80): Failed to establish a new connection: [Errno 111] Connection refused""))"
