Timestamp,API ID,Method,URL,Status Code,Latency (ms),Error
2026-09-18T15:08:47.831835,call_1,POST,http://localhost/api/v1/mock/mock-swagger/api/v3/pet,0,4.18,"HTTPConnectionPool(host='localhost', port=80): Max retries exceeded with url: /api/v1/mock/mock-swagger/api/v3/pet (Caused by NewConnectionError(""HTTPConnection(host='localhost', port=80): Failed to establish a new connection: [Errno 111] Connection refused""))"
2026-09-18T15:08:47.933522,call_2,PUT,http://localhost/api/v1/mock/mock-swagger/api/v3/pet,0,1.41,"HTTPConnectionPool(host='localhost', port=80): Max retries exceeded with url: /api/v1/mock/mock-swagger/api/v3/pet (Caused by NewConnectionError(""HTTPConnection(host='localhost', port=80): Failed to establish a new connection: [Errno 111] Connection refused""))"
2026-09-18T15:08:48.035869,call_3,GET,http://localhost/api/v1/mock/mock-swagger/api/v3/store/inventory,0,1.98,"HTTPConnectionPool(host='localhost', port=80): Max retries exceeded with url: /api/v1/mock/mock-swagger/api/v3/store/inventory (Caused by NewConnectionError(""HTTPConnection(host='localhost', port=80): Failed to establish a new connection: [Errno 111] Connection refused""))"
2026-09-18T15:08:48.138915,call_4,POST,http://localhost/api/v1/mock/mock-swagger/api/v3/user/createWithList,0,2.55,"HTTPConnectionPool(host='localhost', port=80): Max retries exceeded with url: /api/v1/mock/mock-swagger/api/v3/user/createWithList (Caused by NewConnectionError(""HTTPConnection(host='localhost', port=80): Failed to establish a new connection: [Errno 111] Connection refused""))"
2026-09-18T15:08:48.241542,call_5,DELETE,http://localhost/api/v1/mock/mock-swagger/api/v3/user/{username},0,2.27,"HTTPConnectionPool(host='localhost', port=80): Max retries exceeded with url: /api/v1/mock/mock-swagger/api/v3/user/%7Busername%7D (Caused by NewConnectionError(""HTTPConnection(host='localhost', port=80): Failed to establish a new connection: [Errno 111] Connection refused""))"
2026-09-18T15:08:48.344105,call_1,POST,http://localhost/api/v1/mock/mock-swagger/api/v3/pet,0,2.05,"HTTPConnectionPool(host='localhost', port=80): Max retries exceeded with url: /api/v1/mock/mock-swagger/api/v3/pet (Caused by NewConnectionError(""HTTPConnection(host='localhost', port=80): Failed to establish a new connection: [Errno 111] Connection refused""))"
2026-09-18T15:08:48.446341,call_2,PUT,http://localhost/api/v1/mock/mock-swagger/api/v3/pet,0,2.03,"HTTPConnectionPool(host='localhost', port=80): Max retries exceeded with url: /api/v1/mock/mock-swagger/api/v3/pet (Caused by NewConnectionError(""HTTPConnection(host='localhost', port=80): Failed to establish a new connection: [Errno 111] Connection refused""))"
2026-09-18T15:08:48.548620,call_3,GET,http://localhost/api/v1/mock/mock-swagger/api/v3/store/inventory,0,2.11,"HTTPConnectionPool(host='localhost', port=80): Max retries exceeded with url: /api/v1/mock/mock-swagger/api/v3/store/inventory (Caused by NewConnectionError(""HTTPConnection(host='localhost', port=80): Failed to establish a new connection: [Errno 111] Connection refused""))"
2026-09-18T15:08:48.650710,call_4,POST,http://localhost/api/v1/mock/mock-swagger/api/v3/user/createWithList,0,1.9,"HTTPConnectionPool(host='localhost', port=80): Max retries exceeded with url: /api/v1/mock/mock-swagger/api/v3/user/createWithList (Caused by NewConnectionError(""HTTPConnection(host='localhost', port=80): Failed to establish a new connection: [Errno 111] Connection refused""))"
2026-09-18T15:08:48.752937,call_5,DELETE,http://localhost/api/v1/mock/mock-swagger/api/v3/user/{username},0,2.04,"HTTPConnectionPool(host='localhost', port=80): Max retries exceeded with url: /api/v1/mock/mock-swagger/api/v3/user/%7Busername%7D (Caused by NewConnectionError(""HTTPConnection(host='localhost', port=80): Failed to establish a new connection: [Errno 111] Connection refused""))"
2026-09-18T15:08:48.855217,call_1,POST,http://localhost/api/v1/mock/mock-swagger/api/v3/pet,0,2.09,"HTTPConnectionPool(host='localhost', port=80): Max retries exceeded with url: /api/v1/mock/mock-swagger/api/v3/pet (Caused by NewConnectionError(""HTTPConnection(host='localhost', port=80): Failed to establish a new connection: [Errno 111] Connection refused""))"
2026-09-18T15:08:48.957253,call_2,PUT,http://localhost/api/v1/mock/mock-swagger/api/v3/pet,0,1.86,"HTTPConnectionPool(host='localhost', port=80): Max retries exceeded with url: /api/v1/mock/mock-swagger/api/v3/pet (Caused by NewConnectionError(""HTTPConnection(host='localhost', port=80): Failed to establish a new connection: [Errno 111] Connection refused""))"
2026-09-18T15:08:49.059205,call_3,GET,http://localhost/api/v1/mock/mock-swagger/api/v3/store/inventory,0,1.77,"HTTPConnectionPool(host='localhost', port=80): Max retries exceeded with url: /api/v1/mock/mock-swagger/api/v3/store/inventory (Caused by NewConnectionError(""HTTPConnection(host='localhost', port=80): Failed to establish a new connection: [Errno 111] Connection refused""))"
2026-09-18T15:08:49.161894,call_4,POST,http://localhost/api/v1/mock/mock-swagger/api/v3/user/createWithList,0,2.48,"HTTPConnectionPool(host='localhost', port=80): Max retries exceeded with url: /api/v1/mock/mock-swagger/api/v3/user/createWithList (Caused by NewConnectionError(""HTTPConnection(host='localhost', port=80): Failed to establish a new connection: [Errno 111] Connection refused""))"
2026-09-18T15:08:49.264056,call_5,DELETE,http://localhost/api/v1/mock/mock-swagger/api/v3/user/{username},0,1.97,"HTTPConnectionPool(host='localhost', port=80): Max retries exceeded with url: /api/v1/mock/mock-swagger/api/v3/user/%7Busername%7D (Caused by NewConnectionError(""HTTPConnection(host='localhost', port=80): Failed to establish a new connection: [Errno 111] Connection refused""))"
2026-09-18T15:08:49.366047,call_1,POST,http://localhost/api/v1/mock/mock-swagger/api/v3/pet,0,1.83,"HTTPConnectionPool(host='localhost', port=80): Max retries exceeded with url: /api/v1/mock/mock-swagger/api/v3/pet (Caused by NewConnectionError(""HTTPConnection(host='localhost', port=80): Failed to establish a new connection: [Errno 111] Connection refused""))"
2026-09-18T15:08:49.468075,call_2,PUT,http://localhost/api/v1/mock/mock-swagger/api/v3/pet,0,1.83,"HTTPConnectionPool(host='localhost', port=80): Max retries exceeded with url: /api/v1/mock/mock-swagger/api/v3/pet (Caused by NewConnectionError(""HTTPConnection(host='localhost', port=80): Failed to establish a new connection: [Errno 111] Connection refused""))"
2026-09-18T15:08:49.570022,call_3,GET,http://localhost/api/v1/mock/mock-swagger/api/v3/store/inventory,0,1.76,"HTTPConnectionPool(host='localhost', port=80): Max retries exceeded with url: /api/v1/mock/mock-swagger/api/v3/store/inventory (Caused by NewConnectionError(""HTTPConnection(host='localhost', port=80): Failed to establish a new connection: [Errno 111] Connection refused""))"
2026-09-18T15:08:49.672115,call_4,POST,http://localhost/api/v1/mock/mock-swagger/api/v3/user/createWithList,0,1.9,"HTTPConnectionPool(host='localhost', port=80): Max retries exceeded with url: /api/v1/mock/mock-swagger/api/v3/user/createWithList (Caused by NewConnectionError(""HTTPConnection(host='localhost', port=80): Failed to establish a new connection: [Errno 111] Connection refused""))"
2026-09-18T15:08:49.774187,call_5,DELETE,http://localhost/api/v1/mock/mock-swagger/api/v3/user/{username},0,1.83,"HTTPConnectionPool(host='localhost', port=80): Max retries exceeded with url: /api/v1/mock/mock-swagger/api/v3/user/%7Busername%7D (Caused by NewConnectionError(""HTTPConnection(host='localhost', port=80): Failed to establish a new connection: [Errno 111] Connection refused""))"
2026-09-18T15:08:49.876140,call_1,POST,http://localhost/api/v1/mock/mock-swagger/api/v3/pet,0,1.79,"HTTPConnectionPool(host='localhost', port=80): Max retries exceeded with url: /api/v1/mock/mock-swagger/api/v3/pet (Caused by NewConnectionError(""HTTPConnection(host='localhost', port=80): Failed to establish a new connection: [Errno 111] Connection refused""))"
2026-09-18T15:08:49.978134,call_2,PUT,http://localhost/api/v1/mock/mock-swagger/api/v3/pet,0,1.77,"HTTPConnectionPool(host='localhost', port=80): Max retries exceeded with url: /api/v1/mock/mock-swagger/api/v3/pet (Caused by NewConnectionError(""HTTPConnection(host='localhost', port=80): Failed to establish a new connection: [Errno 111] Connection refused""))"
2026-09-18T15:08:50.055386,call_1,POST,http://localhost/api/v1/mock/mock-swagger/api/v3/pet,0,1.52,"HTTPConnectionPool(host='localhost', port=80): Max retries exceeded with url: /api/v1/mock/mock-swagger/api/v3/pet (Caused by NewConnectionError(""HTTPConnection(host='localhost', port=80): Failed to establish a new connection: [Errno 111] Connection refused""))"
2026-09-18T15:08:50.080083,call_3,GET,http://localhost/api/v1/mock/mock-swagger/api/v3/store/inventory,0,1.74,"HTTPConnectionPool(host='localhost', port=80): Max retries exceeded with url: /api/v1/mock/mock-swagger/api/v3/store/inventory (Caused by NewConnectionError(""HTTPConnection(host='localhost', port=80): Failed to establish a new connection: [Errno 111] Connection refused""))"
2026-09-18T15:08:50.157222,call_2,PUT,http://localhost/api/v1/mock/mock-swagger/api/v3/pet,0,1.7,"HTTPConnectionPool(host='localhost', port=80): Max retries exceeded with url: /api/v1/mock/mock-swagger/api/v3/pet (Caused by NewConnectionError(""HTTPConnection(host='localhost', port=80): Failed to establish a new connection: [Errno 111] Connection refused""))"
2026-09-18T15:08:50.181962,call_4,POST,http://localhost/api/v1/mock/mock-swagger/api/v3/user/createWithList,0,1.7,"HTTPConnectionPool(host='localhost', port=80): Max retries exceeded with url: /api/v1/mock/mock-swagger/api/v3/user/createWithList (Caused by NewConnectionError(""HTTPConnection(host='localhost', port=80): Failed to establish a new connection: [Errno 111] Connection refused""))"
2026-09-18T15:08:50.258503,call_3,GET,http://localhost/api/v1/mock/mock-swagger/api/v3/store/inventory,0,1.14,"HTTPConnectionPool(host='localhost', port=80): Max retries exceeded with url: /api/v1/mock/mock-swagger/api/v3/store/inventory (Caused by NewConnectionError(""HTTPConnection(host='localhost', port=80): Failed to establish a new connection: [Errno 111] Connection refused""))"
2026-09-18T15:08:50.283985,call_5,DELETE,http://localhost/api/v1/mock/mock-swagger/api/v3/user/{username},0,1.84,"HTTPConnectionPool(host='localhost', port=80): Max retries exceeded with url: /api/v1/mock/mock-swagger/api/v3/user/%7Busername%7D (Caused by NewConnectionError(""HTTPConnection(host='localhost', port=80): Failed to establish a new connection: [Errno 111] Connection refused""))"
2026-09-18T15:08:50.360498,call_4,POST,http://localhost/api/v1/mock/mock-swagger/api/v3/user/createWithList,0,1.82,"HTTPConnectionPool(host='localhost', port=80): Max retries exceeded with url: /api/v1/mock/mock-swagger/api/v3/user/createWithList (Caused by NewConnectionError(""HTTPConnection(host='localhost', port=80): Failed to establish a new connection: [Errno 111] Connection refused""))"
2026-09-18T15:08:50.386867,call_1,POST,http://localhost/api/v1/mock/mock-swagger/api/v3/pet,0,2.7,"HTTPConnectionPool(host='localhost', port=80): Max retries exceeded with url: /api/v1/mock/mock-swagger/api/v3/pet (Caused by NewConnectionError(""HTTPConnection(host='localhost', port=80): Failed to establish a new connection: [Errno 111] Connection refused""))"
2026-09-18T15:08:50.462509,call_5,DELETE,http://localhost/api/v1/mock/mock-swagger/api/v3/user/{username},0,1.82,"HTTPConnectionPool(host='localhost', port=80): Max retries exceeded with url: /api/v1/mock/mock-swagger/api/v3/user/%7Busername%7D (Caused by NewConnectionError(""HTTPConnection(host='localhost', port=80): Failed to establish a new connection: [Errno 111] Connection refused""))"
2026-09-18T15:08:50.488880,call_2,PUT,http://localhost/api/v1/mock/mock-swagger/api/v3/pet,0,1.83,"HTTPConnectionPool(host='localhost', port=80): Max retries exceeded with url: /api/v1/mock/mock-swagger/api/v3/pet (Caused by NewConnectionError(""HTTPConnection(host='localhost', port=80): Failed to establish a new connection: [Errno 111] Connection refused""))"
2026-09-18T15:08:50.564493,call_1,POST,http://localhost/api/v1/mock/mock-swagger/api/v3/pet,0,1.79,"HTTPConnectionPool(host='localhost', port=80): Max retries exceeded with url: /api/v1/mock/mock-swagger/api/v3/pet (Caused by NewConnectionError(""HTTPConnection(host='localhost', port=80): Failed to establish a new connection: [Errno 111] Connection refused""))"
2026-09-18T15:08:50.590834,call_3,GET,http://localhost/api/v1/mock/mock-swagger/api/v3/store/inventory,0,1.77,"HTTPConnectionPool(host='localhost', port=80): Max retries exceeded with url: /api/v1/mock/mock-swagger/api/v3/store/inventory (Caused by NewConnectionError(""HTTPConnection(host='localhost', port=80): Failed to establish a new connection: [Errno 111] Connection refused""))"
2026-09-18T15:08:50.666497,call_2,PUT,http://localhost/api/v1/mock/mock-swagger/api/v3/pet,0,1.84,"HTTPConnectionPool(host='localhost', port=80): Max retries exceeded with url: /api/v1/mock/mock-swagger/api/v3/pet (Caused by NewConnectionError(""HTTPConnection(host='localhost', port=80): Failed to establish a new connection: [Errno 111] Connection refused""))"
2026-09-18T15:08:50.692803,call_4,POST,http://localhost/api/v1/mock/mock-swagger/api/v3/user/createWithList,0,1.78,"HTTPConnectionPool(host='localhost', port=80): Max retries exceeded with url: /api/v1/mock/mock-swagger/api/v3/user/createWithList (Caused by NewConnectionError(""HTTPConnection(host='localhost', port=80): Failed to establish a new connection: [Errno 111] Connection refused""))"
2026-09-18T15:08:50.768412,call_3,GET,http://localhost/api/v1/mock/mock-swagger/api/v3/store/inventory,0,1.75,"HTTPConnectionPool(host='localhost', port=80): Max retries exceeded with url: /api/v1/mock/mock-swagger/api/v3/store/inventory (Caused by NewConnectionError(""HTTPConnection(host='localhost', port=80): Failed to establish a new connection: [Errno 111] Connection refused""))"
2026-09-18T15:08:50.795431,call_5,DELETE,http://localhost/api/v1/mock/mock-swagger/api/v3/user/{username},0,2.44,"HTTPConnectionPool(host='localhost', port=80): Max retries exceeded with url: /api/v1/mock/mock-swagger/api/v3/user/%7Busername%7D (Caused by NewConnectionError(""HTTPConnection(host='localhost', port=80): Failed to establish a new connection: [Errno 111] Connection refused""))"
2026-09-18T15:08:50.870515,call_4,POST,http://localhost/api/v1/mock/mock-swagger/api/v3/user/createWithList,0,1.92,"HTTPConnectionPool(host='localhost', port=80): Max retries exceeded with url: /api/v1/mock/mock-swagger/api/v3/user/createWithList (Caused by NewConnectionError(""HTTPConnection(host='localhost', port=80): Failed to establish a new connection: [Errno 111] Connection refused""))"
2026-09-18T15:08:50.897529,call_1,POST,http://localhost/api/v1/mock/mock-swagger/api/v3/pet,0,1.91,"HTTPConnectionPool(host='localhost', port=80): Max retries exceeded with url: /api/v1/mock/mock-swagger/api/v3/pet (Caused by NewConnectionError(""HTTPConnection(host='localhost', port=80): Failed to establish a new connection: [Errno 111] Connection refused""))"
2026-09-18T15:08:50.972728,call_5,DELETE,http://localhost/api/v1/mock/mock-swagger/api/v3/user/{username},0,2.0,"HTTPConnectionPool(host='localhost', port=80): Max retries exceeded with url: /api/v1/mock/mock-swagger/api/v3/user/%7Busername%7D (Caused by NewConnectionError(""HTTPConnection(host='localhost', port=80): Failed to establish a new connection: [Errno 111] Connection refused""))"
2026-09-18T15:08:50.999526,call_2,PUT,http://localhost/api/v1/mock/mock-swagger/api/v3/pet,0,1.81,"HTTPConnectionPool(host='localhost', port=80): Max retries exceeded with url: /api/v1/mock/mock-swagger/api/v3/pet (Caused by NewConnectionError(""HTTPConnection(host='localhost', port=80): Failed to establish a new connection: [Errno 111] Connection refused""))"
2026-09-18T15:08:51.074906,call_1,POST,http://localhost/api/v1/mock/mock-swagger/api/v3/pet,0,2.01,"HTTPConnectionPool(host='localhost', port=80): Max retries exceeded with url: /api/v1/mock/mock-swagger/api/v3/pet (Caused by NewConnectionError(""HTTPConnection(host='localhost', port=80): Failed to establish a new connection: [Errno 111] Connection refused""))"
2026-09-18T15:08:51.101558,call_3,GET,http://localhost/api/v1/mock/mock-swagger/api/v3/store/inventory,0,1.85,"HTTPConnectionPool(host='localhost', port=80): Max retries exceeded with url: /api/v1/mock/mock-swagger/api/v3/store/inventory (Caused by NewConnectionError(""HTTPConnection(host='localhost', port=80): Failed to establish a new connection: [Errno 111] Connection refused""))"
2026-09-18T15:08:51.176840,call_2,PUT,http://localhost/api/v1/mock/mock-swagger/api/v3/pet,0,1.75,"HTTPConnectionPool(host='localhost', port=80): Max retries exceeded with url: /api/v1/mock/mock-swagger/api/v3/pet (Caused by NewConnectionError(""HTTPConnection(host='localhost', port=80): Failed to establish a new connection: [Errno 111] Connection refused""))"
2026-09-18T15:08:51.203521,call_4,POST,http://localhost/api/v1/mock/mock-swagger/api/v3/user/createWithList,0,1.78,"HTTPConnectionPool(host='localhost', port=80): Max retries exceeded with url: /api/v1/mock/mock-swagger/api/v3/user/createWithList (Caused by NewConnectionError(""HTTPConnection(host='localhost', port=80): Failed to establish a new connection: [Errno 111] Connection refused""))"
2026-09-18T15:08:51.278760,call_3,GET,http://localhost/api/v1/mock/mock-swagger/api/v3/store/inventory,0,1.73,"HTTPConnectionPool(host='localhost', port=80): Max retries exceeded with url: /api/v1/mock/mock-swagger/api/v3/store/inventory (Caused by NewConnectionError(""HTTPConnection(host='localhost', port=80): Failed to establish a new connection: [Errno 111] Connection refused""))"
2026-09-18T15:08:51.305484,call_5,DELETE,http://localhost/api/v1/mock/mock-swagger/api/v3/user/{username},0,1.78,"HTTPConnectionPool(host='localhost', port=80): Max retries exceeded with url: /api/v1/mock/mock-swagger/api/v3/user/%7Busername%7D (Caused by NewConnectionError(""HTTPConnection(host='localhost', port=80): Failed to establish a new connection: [Errno 111] Connection refused""))"
2026-09-18T15:08:51.380765,call_4,POST,http://localhost/api/v1/mock/mock-swagger/api/v3/user/createWithList,0,1.81,"HTTPConnectionPool(host='localhost', port=80): Max retries exceeded with url: /api/v1/mock/mock-swagger/api/v3/user/createWithList (Caused by NewConnectionError(""HTTPConnection(host='localhost', port=80): Failed to establish a new connection: [Errno 111] Connection refused""))"
2026-09-18T15:08:51.408031,call_1,POST,http://localhost/api/v1/mock/mock-swagger/api/v3/pet,0,2.39,"HTTPConnectionPool(host='localhost', port=80): Max retries exceeded with url: /api/v1/mock/mock-swagger/api/v3/pet (Caused by NewConnectionError(""HTTPConnection(host='localhost', port=80): Failed to establish a new connection: [Errno 111] Connection refused""))"
2026-09-18T15:08:51.482811,call_5,DELETE,http://localhost/api/v1/mock/mock-swagger/api/v3/user/{username},0,1.86,"HTTPConnectionPool(host='localhost', port=80): Max retries exceeded with url: /api/v1/mock/mock-swagger/api/v3/user/%7Busername%7D (Caused by NewConnectionError(""HTTPConnection(host='localhost', port=80): Failed to establish a new connection: [Errno 111] Connection refused""))"
2026-09-18T15:08:51.509997,call_2,PUT,http://localhost/api/v1/mock/mock-swagger/api/v3/pet,0,1.77,"HTTPConnectionPool(host='localhost', port=80): Max retries exceeded with url: /api/v1/mock/mock-swagger/api/v3/pet (Caused by NewConnectionError(""HTTPConnection(host='localhost', port=80): Failed to establish a new connection: [Errno 111] Connection refused""))"
2026-09-18T15:08:51.584725,call_1,POST,http://localhost/api/v1/mock/mock-swagger/api/v3/pet,0,1.77,"HTTPConnectionPool(host='localhost', port=80): Max retries exceeded with url: /api/v1/mock/mock-swagger/api/v3/pet (Caused by NewConnectionError(""HTTPConnection(host='localhost', port=80): Failed to establish a new connection: [Errno 111] Connection refused""))"
2026-09-18T15:08:51.611935,call_3,GET,http://localhost/api/v1/mock/mock-swagger/api/v3/store/inventory,0,1.74,"HTTPConnectionPool(host='localhost', port=80): Max retries exceeded with url: /api/v1/mock/mock-swagger/api/v3/store/inventory (Caused by NewConnectionError(""HTTPConnection(host='localhost', port=80): Failed to establish a new connection: [Errno 111] Connection refused""))"
2026-09-18T15:08:51.686653,call_2,PUT,http://localhost/api/v1/mock/mock-swagger/api/v3/pet,0,1.75,"HTTPConnectionPool(host='localhost', port=80): Max retries exceeded with url: /api/v1/mock/mock-swagger/api/v3/pet (Caused by NewConnectionError(""HTTPConnection(host='localhost', port=80): Failed to establish a new connection: [Errno 111] Connection refused""))"
2026-09-18T15:08:51.714000,call_4,POST,http://localhost/api/v1/mock/mock-swagger/api/v3/user/createWithList,0,1.88,"HTTPConnectionPool(host='localhost', port=80): Max retries exceeded with url: /api/v1/mock/mock-swagger/api/v3/user/createWithList (Caused by NewConnectionError(""HTTPConnection(host='localhost', port=80): Failed to establish a new connection: [Errno 111] Connection refused""))"
2026-09-18T15:08:51.788738,call_3,GET,http://localhost/api/v1/mock/mock-swagger/api/v3/store/inventory,0,1.88,"HTTPConnectionPool(host='localhost', port=80): Max retries exceeded with url: /api/v1/mock/mock-swagger/api/v3/store/inventory (Caused by NewConnectionError(""HTTPConnection(host='localhost', port=80): Failed to establish a new connection: [Errno 111] Connection refused""))"
2026-09-18T15:08:51.815967,call_5,DELETE,http://localhost/api/v1/mock/mock-swagger/api/v3/user/{username},0,1.82,"HTTPConnectionPool(host='localhost', port=80): Max retries exceeded with url: /api/v1/mock/mock-swagger/api/v3/user/%7Busername%7D (Caused by NewConnectionError(""HTTPConnection(host='localhost', port=80): Failed to establish a new connection: [Errno 111] Connection refused""))"
2026-09-18T15:08:51.894179,call_4,POST,http://localhost/api/v1/mock/mock-swagger/api/v3/user/createWithList,0,5.24,"HTTPConnectionPool(host='localhost', port=80): Max retries exceeded with url: /api/v1/mock/mock-swagger/api/v3/user/createWithList (Caused by NewConnectionError(""HTTPConnection(host='localhost', port=80): Failed to establish a new connection: [Errno 111] Connection refused""))"
2026-09-18T15:08:51.919948,call_1,POST,http://localhost/api/v1/mock/mock-swagger/api/v3/pet,0,2.81,"HTTPConnectionPool(host='localhost', port=80): Max retries exceeded with url: /api/v1/mock/mock-swagger/api/v3/pet (Caused by NewConnectionError(""HTTPConnection(host='localhost', port=80): Failed to establish a new connection: [Errno 111] Connection refused""))"
2026-09-18T15:08:51.996300,call_5,DELETE,http://localhost/api/v1/mock/mock-swagger/api/v3/user/{username},0,1.9,"HTTPConnectionPool(host='localhost', port=80): Max retries exceeded with url: /api/v1/mock/mock-swagger/api/v3/user/%7Busername%7D (Caused by NewConnectionError(""HTTPConnection(host='localhost', port=80): Failed to establish a new connection: [Errno 111] Connection refused""))"
2026-09-18T15:08:52.022178,call_2,PUT,http://localhost/api/v1/mock/mock-swagger/api/v3/pet,0,2.01,"HTTPConnectionPool(host='localhost', port=80): Max retries exceeded with url: /api/v1/mock/mock-swagger/api/v3/pet (Caused by NewConnectionError(""HTTPConnection(host='localhost', port=80): Failed to establish a new connection: [Errno 111] Connection refused""))"
2026-09-18T15:08:52.098401,call_1,POST,http://localhost/api/v1/mock/mock-swagger/api/v3/pet,0,1.85,"HTTPConnectionPool(host='localhost', port=80): Max retries exceeded with url: /api/v1/mock/mock-swagger/api/v3/pet (Caused by NewConnectionError(""HTTPConnection(host='localhost', port=80): Failed to establish a new connection: [Errno 111] Connection refused""))"
2026-09-18T15:08:52.124192,call_3,GET,http://localhost/api/v1/mock/mock-swagger/api/v3/store/inventory,0,1.82,"HTTPConnectionPool(host='localhost', port=80): Max retries exceeded with url: /api/v1/mock/mock-swagger/api/v3/store/inventory (Caused by NewConnectionError(""HTTPConnection(host='localhost', port=80): Failed to establish a new connection: [Errno 111] Connection refused""))"
2026-09-18T15:08:52.200398,call_2,PUT,http://localhost/api/v1/mock/mock-swagger/api/v3/pet,0,1.81,"HTTPConnectionPool(host='localhost', port=80): Max retries exceeded with url: /api/v1/mock/mock-swagger/api/v3/pet (Caused by NewConnectionError(""HTTPConnection(host='localhost', port=80): Failed to establish a new connection: [Errno 111] Connection refused""))"
2026-09-18T15:08:52.226107,call_4,POST,http://localhost/api/v1/mock/mock-swagger/api/v3/user/createWithList,0,1.76,"HTTPConnectionPool(host='localhost', port=80): Max retries exceeded with url: /api/v1/mock/mock-swagger/api/v3/user/createWithList (Caused by NewConnectionError(""HTTPConnection(host='localhost', port=80): Failed to establish a new connection: [Errno 111] Connection refused""))"
2026-09-18T15:08:52.278340,call_1,POST,http://localhost/api/v1/mock/mock-swagger/api/v3/pet,0,1.42,"HTTPConnectionPool(host='localhost', port=80): Max retries exceeded with url: /api/v1/mock/mock-swagger/api/v3/pet (Caused by NewConnectionError(""HTTPConnection(host='localhost', port=80): Failed to establish a new connection: [Errno 111] Connection refused""))"
2026-09-18T15:08:52.302700,call_3,GET,http://localhost/api/v1/mock/mock-swagger/api/v3/store/inventory,0,2.1,"HTTPConnectionPool(host='localhost', port=80): Max retries exceeded with url: /api/v1/mock/mock-swagger/api/v3/store/inventory (Caused by NewConnectionError(""HTTPConnection(host='localhost', port=80): Failed to establish a new connection: [Errno 111] Connection refused""))"
2026-09-18T15:08:52.327959,call_5,DELETE,http://localhost/api/v1/mock/mock-swagger/api/v3/user/{username},0,1.7,"HTTPConnectionPool(host='localhost', port=80): Max retries exceeded with url: /api/v1/mock/mock-swagger/api/v3/user/%7Busername%7D (Caused by NewConnectionError(""HTTPConnection(host='localhost', port=80): Failed to establish a new connection: [Errno 111] Connection refused""))"
2026-09-18T15:08:52.379993,call_2,PUT,http://localhost/api/v1/mock/mock-swagger/api/v3/pet,0,1.47,"HTTPConnectionPool(host='localhost', port=80): Max retries exceeded with url: /api/v1/mock/mock-swagger/api/v3/pet (Caused by NewConnectionError(""HTTPConnection(host='localhost', port=80): Failed to establish a new connection: [Errno 111] Connection refused""))"
2026-09-18T15:08:52.404614,call_4,POST,http://localhost/api/v1/mock/mock-swagger/api/v3/user/createWithList,0,1.72,"HTTPConnectionPool(host='localhost', port=80): Max retries exceeded with url: /api/v1/mock/mock-swagger/api/v3/user/createWithList (Caused by NewConnectionError(""HTTPConnection(host='localhost', port=80): Failed to establish a new connection: [Errno 111] Connection refused""))"
2026-09-18T15:08:52.429920,call_1,POST,http://localhost/api/v1/mock/mock-swagger/api/v3/pet,0,1.78,"HTTPConnectionPool(host='localhost', port=80): Max retries exceeded with url: /api/v1/mock/mock-swagger/api/v3/pet (Caused by NewConnectionError(""HTTPConnection(host='localhost', port=80): Failed to establish a new connection: [Errno 111] Connection refused""))"
2026-09-18T15:08:52.481872,call_3,GET,http://localhost/api/v1/mock/mock-swagger/api/v3/store/inventory,0,1.68,"HTTPConnectionPool(host='localhost', port=80): Max retries exceeded with url: /api/v1/mock/mock-swagger/api/v3/store/inventory (Caused by NewConnectionError(""HTTPConnection(host='localhost', port=80): Failed to establish a new connection: [Errno 111] Connection refused""))"
2026-09-18T15:08:52.506529,call_5,DELETE,http://localhost/api/v1/mock/mock-swagger/api/v3/user/{username},0,1.73,"HTTPConnectionPool(host='localhost', port=80): Max retries exceeded with url: /api/v1/mock/mock-swagger/api/v3/user/%7Busername%7D (Caused by NewConnectionError(""HTTPConnection(host='localhost', port=80): Failed to establish a new connection: [Errno 111] Connection refused""))"
2026-09-18T15:08:52.531816,call_2,PUT,http://localhost/api/v1/mock/mock-swagger/api/v3/pet,0,1.71,"HTTPConnectionPool(host='localhost', port=80): Max retries exceeded with url: /api/v1/mock/mock-swagger/api/v3/pet (Caused by NewConnectionError(""HTTPConnection(host='localhost', port=80): Failed to establish a new connection: [Errno 111] Connection refused""))"
2026-09-18T15:08:52.583884,call_4,POST,http://localhost/api/v1/mock/mock-swagger/api/v3/user/createWithList,0,1.83,"HTTPConnectionPool(host='localhost', port=80): Max retries exceeded with url: /api/v1/mock/mock-swagger/api/v3/user/createWithList (Caused by NewConnectionError(""HTTPConnection(host='localhost', port=80): Failed to establish a new connection: [Errno 111] Connection refused""))"
2026-09-18T15:08:52.608975,call_1,POST,http://localhost/api/v1/mock/mock-swagger/api/v3/pet,0,2.26,"HTTPConnectionPool(host='localhost', port=80): Max retries exceeded with url: /api/v1/mock/mock-swagger/api/v3/pet (Caused by NewConnectionError(""HTTPConnection(host='localhost', port=80): Failed to establish a new connection: [Errno 111] Connection refused""))"
2026-09-18T15:08:52.633642,call_3,GET,http://localhost/api/v1/mock/mock-swagger/api/v3/store/inventory,0,1.65,"HTTPConnectionPool(host='localhost', port=80): Max retries exceeded with url: /api/v1/mock/mock-swagger/api/v3/store/inventory (Caused by NewConnectionError(""HTTPConnection(host='localhost', port=80): Failed to establish a new connection: [Errno 111] Connection refused""))"
2026-09-18T15:08:52.685901,call_5,DELETE,http://localhost/api/v1/mock/mock-swagger/api/v3/user/{username},0,1.83,"HTTPConnectionPool(host='localhost', port=80): Max retries exceeded with url: /api/v1/mock/mock-swagger/api/v3/user/%7Busername%7D (Caused by NewConnectionError(""HTTPConnection(host='localhost', port=80): Failed to establish a new connection: [Errno 111] Connection refused""))"
2026-09-18T15:08:52.710839,call_2,PUT,http://localhost/api/v1/mock/mock-swagger/api/v3/pet,0,1.68,"HTTPConnectionPool(host='localhost', port=80): Max retries exceeded with url: /api/v1/mock/mock-swagger/api/v3/pet (Caused by NewConnectionError(""HTTPConnection(host='localhost', port=80): Failed to establish a new connection: [Errno 111] Connection refused""))"
2026-09-18T15:08:52.735726,call_4,POST,http://localhost/api/v1/mock/mock-swagger/api/v3/user/createWithList,0,1.9,"HTTPConnectionPool(host='localhost', port=80): Max retries exceeded with url: /api/v1/mock/mock-swagger/api/v3/user/createWithList (Caused by NewConnectionError(""HTTPConnection(host='localhost', port=80): Failed to establish a new connection: [Errno 111] Connection refused""))"
2026-09-18T15:08:52.788063,call_1,POST,http://localhost/api/v1/mock/mock-swagger/api/v3/pet,0,1.96,"HTTPConnectionPool(host='localhost', port=80): Max retries exceeded with url: /api/v1/mock/mock-swagger/api/v3/pet (Caused by NewConnectionError(""HTTPConnection(host='localhost', port=80): Failed to establish a new connection: [Errno 111] Connection refused""))"
2026-09-18T15:08:52.812682,call_3,GET,http://localhost/api/v1/mock/mock-swagger/api/v3/store/inventory,0,1.66,"HTTPConnectionPool(host='localhost', port=80): Max retries exceeded with url: /api/v1/mock/mock-swagger/api/v3/store/inventory (Caused by NewConnectionError(""HTTPConnection(host='localhost', port=80): Failed to establish a new connection: [Errno 111] Connection refused""))"
2026-09-18T15:08:52.837715,call_5,DELETE,http://localhost/api/v1/mock/mock-swagger/api/v3/user/{username},0,1.81,"HTTPConnectionPool(host='localhost', port=80): Max retries exceeded with url: /api/v1/mock/mock-swagger/api/v3/user/%7Busername%7D (Caused by NewConnectionError(""HTTPConnection(host='localhost', port=80): Failed to establish a new connection: [Errno 111] Connection refused""))"
2026-09-18T15:08:52.890089,call_2,PUT,http://localhost/api/v1/mock/mock-swagger/api/v3/pet,0,1.82,"HTTPConnectionPool(host='localhost', port=80): Max retries exceeded with url: /api/v1/mock/mock-swagger/api/v3/pet (Caused by NewConnectionError(""HTTPConnection(host='localhost', port=80): Failed to establish a new connection: [Errno 111] Connection refused""))"
2026-09-18T15:08:52.914576,call_4,POST,http://localhost/api/v1/mock/mock-swagger/api/v3/user/createWithList,0,1.71,"HTTPConnectionPool(host='localhost', port=80): Max retries exceeded with url: /api/v1/mock/mock-swagger/api/v3/user/createWithList (Caused by NewConnectionError(""HTTPConnection(host='localhost', port=80): Failed to establish a new connection: [Errno 111] Connection refused""))"
2026-09-18T15:08:52.939833,call_1,POST,http://localhost/api/v1/mock/mock-swagger/api/v3/pet,0,1.93,"HTTPConnectionPool(host='localhost', port=80): Max retries exceeded with url: /api/v1/mock/mock-swagger/api/v3/pet (Caused by NewConnectionError(""HTTPConnection(host='localhost', port=80): Failed to establish a new connection: [Errno 111] Connection refused""))"
2026-09-18T15:08:52.992027,call_3,GET,http://localhost/api/v1/mock/mock-swagger/api/v3/store/inventory,0,1.81,"HTTPConnectionPool(host='localhost', port=80): Max retries exceeded with url: /api/v1/mock/mock-swagger/api/v3/store/inventory (Caused by NewConnectionError(""HTTPConnection(host='localhost', port=80): Failed to establish a new connection: [Errno 111] Connection refused""))"
2026-09-18T15:08:53.016480,call_5,DELETE,http://localhost/api/v1/mock/mock-swagger/api/v3/user/{username},0,1.72,"HTTPConnectionPool(host='localhost', port=80): Max retries exceeded with url: /api/v1/mock/mock-swagger/api/v3/user/%7Busername%7D (Caused by NewConnectionError(""HTTPConnection(host='localhost', port=80): Failed to establish a new connection: [Errno 111] Connection refused""))"
2026-09-18T15:08:53.041818,call_2,PUT,http://localhost/api/v1/mock/mock-swagger/api/v3/pet,0,1.8,"HTTPConnectionPool(host='localhost', port=80): Max retries exceeded with url: /api/v1/mock/mock-swagger/api/v3/pet (Caused by NewConnectionError(""HTTPConnection(host='localhost', port=80): Failed to establish a new connection: [Errno 111] Connection refused""))"
2026-09-18T15:08:53.094023,call_4,POST,http://localhost/api/v1/mock/mock-swagger/api/v3/user/createWithList,0,1.8,"HTTPConnectionPool(host='localhost', port=80): Max retries exceeded with url: /api/v1/mock/mock-swagger/api/v3/user/createWithList (Caused by NewConnectionError(""HTTPConnection(host='localhost', port=80): Failed to establish a new connection: [Errno 111] Connection refused""))"
2026-09-18T15:08:53.118372,call_1,POST,http://localhost/api/v1/mock/mock-swagger/api/v3/pet,0,1.71,"HTTPConnectionPool(host='localhost', port=80): Max retries exceeded with url: /api/v1/mock/mock-swagger/api/v3/pet (Caused by NewConnectionError(""HTTPConnection(host='localhost', port=80): Failed to establish a new connection: [Errno 111] Connection refused""))"
2026-09-18T15:08:53.143786,call_3,GET,http://localhost/api/v1/mock/mock-swagger/api/v3/store/inventory,0,1.79,"HTTPConnectionPool(host='localhost', port=80): Max retries exceeded with url: /api/v1/mock/mock-swagger/api/v3/store/inventory (Caused by NewConnectionError(""HTTPConnection(host='localhost', port=80): Failed to establish a new connection: [Errno 111] Connection refused""))"
2026-09-18T15:08:53.196024,call_5,DELETE,http://localhost/api/v1/mock/mock-swagger/api/v3/user/{username},0,1.8,"HTTPConnectionPool(host='localhost', port=80): Max retries exceeded with url: /api/v1/mock/mock-swagger/api/v3/user/%7Busername%7D (Caused by NewConnectionError(""HTTPConnection(host='localhost', port=80): Failed to establish a new connection: [Errno 111] Connection refused""))"
2026-09-18T15:08:53.220293,call_2,PUT,http://localhost/api/v1/mock/mock-swagger/api/v3/pet,0,1.73,"HTTPConnectionPool(host='localhost', port=80): Max retries exceeded with url: /api/v1/mock/mock-swagger/api/v3/pet (Caused by NewConnectionError(""HTTPConnection(host='localhost', port=80): Failed to establish a new connection: [Errno 111] Connection refused""))"
2026-09-18T15:08:53.245787,call_4,POST,http://localhost/api/v1/mock/mock-swagger/api/v3/user/createWithList,0,1.81,"HTTPConnectionPool(host='localhost', port=80): Max retries exceeded with url: /api/v1/mock/mock-swagger/api/v3/user/createWithList (Caused by NewConnectionError(""HTTPConnection(host='localhost', port=80): Failed to establish a new connection: [Errno 111] Connection refused""))"
2026-09-18T15:08:53.298064,call_1,POST,http://localhost/api/v1/mock/mock-swagger/api/v3/pet,0,1.84,"HTTPConnectionPool(host='localhost', port=80): Max retries exceeded with url: /api/v1/mock/mock-swagger/api/v3/pet (Caused by NewConnectionError(""HTTPConnection(host='localhost', port=80): Failed to establish a new connection: [Errno 111] Connection refused""))"
2026-09-18T15:08:53.322194,call_3,GET,http://localhost/api/v1/mock/mock-swagger/api/v3/store/inventory,0,1.71,"HTTPConnectionPool(host='localhost', port=80): Max retries exceeded with url: /api/v1/mock/mock-swagger/api/v3/store/inventory (Caused by NewConnectionError(""HTTPConnection(host='localhost', port=80): Failed to establish a new connection: [Errno 111] Connection refused""))"
2026-09-18T15:08:53.347795,call_5,DELETE,http://localhost/api/v1/mock/mock-swagger/api/v3/user/{username},0,1.82,"HTTPConnectionPool(host='localhost', port=80): Max retries exceeded with url: /api/v1/mock/mock-swagger/api/v3/user/%7Busername%7D (Caused by NewConnectionError(""HTTPConnection(host='localhost', port=80): Failed to establish a new connection: [Errno 111] Connection refused""))"
2026-09-18T15:08:53.400104,call_2,PUT,http://localhost/api/v1/mock/mock-swagger/api/v3/pet,0,1.85,"HTTPConnectionPool(host='localhost', port=80): Max retries exceeded with url: /api/v1/mock/mock-swagger/api/v3/pet (Caused by NewConnectionError(""HTTPConnection(host='localhost', port=80): Failed to establish a new connection: [Errno 111] Connection refused""))"
2026-09-18T15:08:53.424089,call_4,POST,http://localhost/api/v1/mock/mock-swagger/api/v3/user/createWithList,0,1.71,"HTTPConnectionPool(host='localhost', port=80): Max retries exceeded with url: /api/v1/mock/mock-swagger/api/v3/user/createWithList (Caused by NewConnectionError(""HTTPConnection(host='localhost', port=80): Failed to establish a new connection: [Errno 111] Connection refused""))"
2026-09-18T15:08:53.449798,call_1,POST,http://localhost/api/v1/mock/mock-swagger/api/v3/pet,0,1.81,"HTTPConnectionPool(host='localhost', port=80): Max retries exceeded with url: /api/v1/mock/mock-swagger/api/v3/pet (Caused by NewConnectionError(""HTTPConnection(host='localhost', port=80): Failed to establish a new connection: [Errno 111] Connection refused""))"
2026-09-18T15:08:53.502617,call_3,GET,http://localhost/api/v1/mock/mock-swagger/api/v3/store/inventory,0,2.36,"HTTPConnectionPool(host='localhost', port=80): Max retries exceeded with url: /api/v1/mock/mock-swagger/api/v3/store/inventory (Caused by NewConnectionError(""HTTPConnection(host='localhost', port=80): Failed to establish a new connection: [Errno 111] Connection refused""))"
2026-09-18T15:08:53.525974,call_5,DELETE,http://localhost/api/v1/mock/mock-swagger/api/v3/user/{username},0,1.69,"HTTPConnectionPool(host='localhost', port=80): Max retries exceeded with url: /api/v1/mock/mock-swagger/api/v3/user/%7Busername%7D (Caused by NewConnectionError(""HTTPConnection(host='localhost', port=80): Failed to establish a new connection: [Errno 111] Connection refused""))"
2026-09-18T15:08:53.551793,call_2,PUT,http://localhost/api/v1/mock/mock-swagger/api/v3/pet,0,1.81,"HTTPConnectionPool(host='localhost', port=80): Max retries exceeded with url: /api/v1/mock/mock-swagger/api/v3/pet (Caused by NewConnectionError(""HTTPConnection(host='localhost', port=80): Failed to establish a new connection: [Errno 111] Connection refused""))"
2026-09-18T15:08:53.604767,call_4,POST,http://localhost/api/v1/mock/mock-swagger/api/v3/user/createWithList,0,1.96,"HTTPConnectionPool(host='localhost', port=80): Max retries exceeded with url: /api/v1/mock/mock-swagger/api/v3/user/createWithList (Caused by NewConnectionError(""HTTPConnection(host='localhost', port=80): Failed to establish a new connection: [Errno 111] Connection refused""))"
2026-09-18T15:08:53.627845,call_1,POST,http://localhost/api/v1/mock/mock-swagger/api/v3/pet,0,1.69,"HTTPConnectionPool(host='localhost', port=80): Max retries exceeded with url: /api/v1/mock/mock-swagger/api/v3/pet (Caused by NewConnectionError(""HTTPConnection(host='localhost', port=80): Failed to establish a new connection: [Errno 111] Connection refused""))"
2026-09-18T15:08:53.653788,call_3,GET,http://localhost/api/v1/mock/mock-swagger/api/v3/store/inventory,0,1.81,"HTTPConnectionPool(host='localhost', port=80): Max retries exceeded with url: /api/v1/mock/mock-swagger/api/v3/store/inventory (Caused by NewConnectionError(""HTTPConnection(host='localhost', port=80): Failed to establish a new connection: [Errno 111] Connection refused""))"
2026-09-18T15:08:53.706735,call_5,DELETE,http://localhost/api/v1/mock/mock-swagger/api/v3/user/{username},0,1.82,"HTTPConnectionPool(host='localhost', port=80): Max retries exceeded with url: /api/v1/mock/mock-swagger/api/v3/user/%7Busername%7D (Caused by NewConnectionError(""HTTPConnection(host='localhost', port=80): Failed to establish a new connection: [Errno 111] Connection refused""))"
2026-09-18T15:08:53.729739,call_2,PUT,http://localhost/api/v1/mock/mock-swagger/api/v3/pet,0,1.71,"HTTPConnectionPool(host='localhost', port=80): Max retries exceeded with url: /api/v1/mock/mock-swagger/api/v3/pet (Caused by NewConnectionError(""HTTPConnection(host='localhost', port=80): Failed to establish a new connection: [Errno 111] Connection refused""))"
2026-09-18T15:08:53.755831,call_4,POST,http://localhost/api/v1/mock/mock-swagger/api/v3/user/createWithList,0,1.86,"HTTPConnectionPool(host='localhost', port=80): Max retries exceeded with url: /api/v1/mock/mock-swagger/api/v3/user/createWithList (Caused by NewConnectionError(""HTTPConnection(host='localhost', port=80): Failed to establish a new connection: [Errno 111] Connection refused""))"
2026-09-18T15:08:53.808729,call_1,POST,http://localhost/api/v1/mock/mock-swagger/api/v3/pet,0,1.85,"HTTPConnectionPool(host='localhost', port=80): Max retries exceeded with url: /api/v1/mock/mock-swagger/api/v3/pet (Caused by NewConnectionError(""HTTPConnection(host='localhost', port=80): Failed to establish a new connection: [Errno 111] Connection refused""))"
2026-09-18T15:08:53.832160,call_3,GET,http://localhost/api/v1/mock/mock-swagger/api/v3/store/inventory,0,2.22,"HTTPConnectionPool(host='localhost', port=80): Max retries exceeded with url: /api/v1/mock/mock-swagger/api/v3/store/inventory (Caused by NewConnectionError(""HTTPConnection(host='localhost', port=80): Failed to establish a new connection: [Errno 111] Connection refused""))"
2026-09-18T15:08:53.857901,call_5,DELETE,http://localhost/api/v1/mock/mock-swagger/api/v3/user/{username},0,1.88,"HTTPConnectionPool(host='localhost', port=80): Max retries exceeded with url: /api/v1/mock/mock-swagger/api/v3/user/%7Busername%7D (Caused by NewConnectionError(""HTTPConnection(host='localhost', port=80): Failed to establish a new connection: [Errno 111] Connection refused""))"
2026-09-18T15:08:53.910757,call_2,PUT,http://localhost/api/v1/mock/mock-swagger/api/v3/pet,0,1.84,"HTTPConnectionPool(host='localhost', port=80): Max retries exceeded with url: /api/v1/mock/mock-swagger/api/v3/pet (Caused by NewConnectionError(""HTTPConnection(host='localhost', port=80): Failed to establish a new connection: [Errno 111] Connection refused""))"
2026-09-18T15:08:53.934050,call_4,POST,http://localhost/api/v1/mock/mock-swagger/api/v3/user/createWithList,0,1.7,"HTTPConnectionPool(host='localhost', port=80): Max retries exceeded with url: /api/v1/mock/mock-swagger/api/v3/user/createWithList (Caused by NewConnectionError(""HTTPConnection(host='localhost', port=80): Failed to establish a new connection: [Errno 111] Connection refused""))"
2026-09-18T15:08:53.959880,call_1,POST,http://localhost/api/v1/mock/mock-swagger/api/v3/pet,0,1.78,"HTTPConnectionPool(host='localhost', port=80): Max retries exceeded with url: /api/v1/mock/mock-swagger/api/v3/pet (Caused by NewConnectionError(""HTTPConnection(host='localhost', port=80): Failed to establish a new connection: [Errno 111] Connection refused""))"
2026-09-18T15:08:54.012622,call_3,GET,http://localhost/api/v1/mock/mock-swagger/api/v3/store/inventory,0,1.68,"HTTPConnectionPool(host='localhost', port=80): Max retries exceeded with url: /api/v1/mock/mock-swagger/api/v3/store/inventory (Caused by NewConnectionError(""HTTPConnection(host='localhost', port=80): Failed to establish a new connection: [Errno 111] Connection refused""))"
2026-09-18T15:08:54.035837,call_5,DELETE,http://localhost/api/v1/mock/mock-swagger/api/v3/user/{username},0,1.61,"HTTPConnectionPool(host='localhost', port=80): Max retries exceeded with url: /api/v1/mock/mock-swagger/api/v3/user/%7Busername%7D (Caused by NewConnectionError(""HTTPConnection(host='localhost', port=80): Failed to establish a new connection: [Errno 111] Connection refused""))"
2026-09-18T15:08:54.061775,call_2,PUT,http://localhost/api/v1/mock/mock-swagger/api/v3/pet,0,1.71,"HTTPConnectionPool(host='localhost', port=80): Max retries exceeded with url: /api/v1/mock/mock-swagger/api/v3/pet (Caused by NewConnectionError(""HTTPConnection(host='localhost', port=80): Failed to establish a new connection: [Errno 111] Connection refused""))"
2026-09-18T15:08:54.114459,call_4,POST,http://localhost/api/v1/mock/mock-swagger/api/v3/user/createWithList,0,1.66,"HTTPConnectionPool(host='localhost', port=80): Max retries exceeded with url: /api/v1/mock/mock-swagger/api/v3/user/createWithList (Caused by NewConnectionError(""HTTPConnection(host='localhost', port=80): Failed to establish a new connection: [Errno 111] Connection refused""))"
2026-09-18T15:08:54.138099,call_1,POST,http://localhost/api/v1/mock/mock-swagger/api/v3/pet,0,2.09,"HTTPConnectionPool(host='localhost', port=80): Max retries exceeded with url: /api/v1/mock/mock-swagger/api/v3/pet (Caused by NewConnectionError(""HTTPConnection(host='localhost', port=80): Failed to establish a new connection: [Errno 111] Connection refused""))"
2026-09-18T15:08:54.163616,call_3,GET,http://localhost/api/v1/mock/mock-swagger/api/v3/store/inventory,0,1.67,"HTTPConnectionPool(host='localhost', port=80): Max retries exceeded with url: /api/v1/mock/mock-swagger/api/v3/store/inventory (Caused by NewConnectionError(""HTTPConnection(host='localhost', port=80): Failed to establish a new connection: [Errno 111] Connection refused""))"
2026-09-18T15:08:54.216388,call_5,DELETE,http://localhost/api/v1/mock/mock-swagger/api/v3/user/{username},0,1.77,"HTTPConnectionPool(host='localhost', port=80): Max retries exceeded with url: /api/v1/mock/mock-swagger/api/v3/user/%7Busername%7D (Caused by NewConnectionError(""HTTPConnection(host='localhost', port=80): Failed to establish a new connection: [Errno 111] Connection refused""))"
2026-09-18T15:08:54.239905,call_2,PUT,http://localhost/api/v1/mock/mock-swagger/api/v3/pet,0,1.62,"HTTPConnectionPool(host='localhost', port=80): Max retries exceeded with url: /api/v1/mock/mock-swagger/api/v3/pet (Caused by NewConnectionError(""HTTPConnection(host='localhost', port=80): Failed to establish a new connection: [Errno 111] Connection refused""))"
2026-09-18T15:08:54.265516,call_4,POST,http://localhost/api/v1/mock/mock-swagger/api/v3/user/createWithList,0,1.72,"HTTPConnectionPool(host='localhost', port=80): Max retries exceeded with url: /api/v1/mock/mock-swagger/api/v3/user/createWithList (Caused by NewConnectionError(""HTTPConnection(host='localhost', port=80): Failed to establish a new connection: [Errno 111] Connection refused""))"
2026-09-18T15:08:54.318429,call_1,POST,http://localhost/api/v1/mock/mock-swagger/api/v3/pet,0,1.85,"HTTPConnectionPool(host='localhost', port=80): Max retries exceeded with url: /api/v1/mock/mock-swagger/api/v3/pet (Caused by NewConnectionError(""HTTPConnection(host='localhost', port=80): Failed to establish a new connection: [Errno 111] Connection refused""))"
2026-09-18T15:08:54.341817,call_3,GET,http://localhost/api/v1/mock/mock-swagger/api/v3/store/inventory,0,1.73,"HTTPConnectionPool(host='localhost', port=80): Max retries exceeded with url: /api/v1/mock/mock-swagger/api/v3/store/inventory (Caused by NewConnectionError(""HTTPConnection(host='localhost', port=80): Failed to establish a new connection: [Errno 111] Connection refused""))"
2026-09-18T15:08:54.367403,call_5,DELETE,http://localhost/api/v1/mock/mock-swagger/api/v3/user/{username},0,1.72,"HTTPConnectionPool(host='localhost', port=80): Max retries exceeded with url: /api/v1/mock/mock-swagger/api/v3/user/%7Busername%7D (Caused by NewConnectionError(""HTTPConnection(host='localhost', port=80): Failed to establish a new connection: [Errno 111] Connection refused""))"
2026-09-18T15:08:54.420500,call_2,PUT,http://localhost/api/v1/mock/mock-swagger/api/v3/pet,0,1.88,"HTTPConnectionPool(host='localhost', port=80): Max retries exceeded with url: /api/v1/mock/mock-swagger/api/v3/pet (Caused by NewConnectionError(""HTTPConnection(host='localhost', port=80): Failed to establish a new connection: [Errno 111] Connection refused""))"
2026-09-18T15:08:54.443768,call_4,POST,http://localhost/api/v1/mock/mock-swagger/api/v3/user/createWithList,0,1.76,"HTTPConnectionPool(host='localhost', port=80): Max retries exceeded with url: /api/v1/mock/mock-swagger/api/v3/user/createWithList (Caused by NewConnectionError(""HTTPConnection(host='localhost', port=80): Failed to establish a new connection: [Errno 111] Connection refused""))"
2026-09-18T15:08:54.469314,call_1,POST,http://localhost/api/v1/mock/mock-swagger/api/v3/pet,0,1.75,"HTTPConnectionPool(host='localhost', port=80): Max retries exceeded with url: /api/v1/mock/mock-swagger/api/v3/pet (Caused by NewConnectionError(""HTTPConnection(host='localhost', port=80): Failed to establish a new connection: [Errno 111] Connection refused""))"
2026-09-18T15:08:54.500893,call_1,POST,http://localhost/api/v1/mock/mock-swagger/api/v3/pet,0,1.46,"HTTPConnectionPool(host='localhost', port=80): Max retries exceeded with url: /api/v1/mock/mock-swagger/api/v3/pet (Caused by NewConnectionError(""HTTPConnection(host='localhost', port=80): Failed to establish a new connection: [Errno 111] Connection refused""))"
2026-09-18T15:08:54.522690,call_3,GET,http://localhost/api/v1/mock/mock-swagger/api/v3/store/inventory,0,2.02,"HTTPConnectionPool(host='localhost', port=80): Max retries exceeded with url: /api/v1/mock/mock-swagger/api/v3/store/inventory (Caused by NewConnectionError(""HTTPConnection(host='localhost', port=80): Failed to establish a new connection: [Errno 111] Connection refused""))"
2026-09-18T15:08:54.545806,call_5,DELETE,http://localhost/api/v1/mock/mock-swagger/api/v3/user/{username},0,1.85,"HTTPConnectionPool(host='localhost', port=80): Max retries exceeded with url: /api/v1/mock/mock-swagger/api/v3/user/%7Busername%7D (Caused by NewConnectionError(""HTTPConnection(host='localhost', port=80): Failed to establish a new connection: [Errno 111] Connection refused""))"
2026-09-18T15:08:54.571282,call_2,PUT,http://localhost/api/v1/mock/mock-swagger/api/v3/pet,0,1.8,"HTTPConnectionPool(host='localhost', port=80): Max retries exceeded with url: /api/v1/mock/mock-swagger/api/v3/pet (Caused by NewConnectionError(""HTTPConnection(host='localhost', port=80): Failed to establish a new connection: [Errno 111] Connection refused""))"
2026-09-18T15:08:54.602603,call_2,PUT,http://localhost/api/v1/mock/mock-swagger/api/v3/pet,0,1.53,"HTTPConnectionPool(host='localhost', port=80): Max retries exceeded with url: /api/v1/mock/mock-swagger/api/v3/pet (Caused by NewConnectionError(""HTTPConnection(host='localhost', port=80): Failed to establish a new connection: [Errno 111] Connection refused""))"
2026-09-18T15:08:54.624650,call_4,POST,http://localhost/api/v1/mock/mock-swagger/api/v3/user/createWithList,0,1.81,"HTTPConnectionPool(host='localhost', port=80): Max retries exceeded with url: /api/v1/mock/mock-swagger/api/v3/user/createWithList (Caused by NewConnectionError(""HTTPConnection(host='localhost', port=80): Failed to establish a new connection: [Errno 111] Connection refused""))"
2026-09-18T15:08:54.647605,call_1,POST,http://localhost/api/v1/mock/mock-swagger/api/v3/pet,0,1.62,"HTTPConnectionPool(host='localhost', port=80): Max retries exceeded with url: /api/v1/mock/mock-swagger/api/v3/pet (Caused by NewConnectionError(""HTTPConnection(host='localhost', port=80): Failed to establish a new connection: [Errno 111] Connection refused""))"
2026-09-18T15:08:54.673429,call_3,GET,http://localhost/api/v1/mock/mock-swagger/api/v3/store/inventory,0,1.99,"HTTPConnectionPool(host='localhost', port=80): Max retries exceeded with url: /api/v1/mock/mock-swagger/api/v3/store/inventory (Caused by NewConnectionError(""HTTPConnection(host='localhost', port=80): Failed to establish a new connection: [Errno 111] Connection refused""))"
2026-09-18T15:08:54.704591,call_3,GET,http://localhost/api/v1/mock/mock-swagger/api/v3/store/inventory,0,1.8,"HTTPConnectionPool(host='localhost', port=80): Max retries exceeded with url: /api/v1/mock/mock-swagger/api/v3/store/inventory (Caused by NewConnectionError(""HTTPConnection(host='localhost', port=80): Failed to establish a new connection: [Errno 111] Connection refused""))"
2026-09-18T15:08:54.726623,call_5,DELETE,http://localhost/api/v1/mock/mock-swagger/api/v3/user/{username},0,1.79,"HTTPConnectionPool(host='localhost', port=80): Max retries exceeded with url: /api/v1/mock/mock-swagger/api/v3/user/%7Busername%7D (Caused by NewConnectionError(""HTTPConnection(host='localhost', port=80): Failed to establish a new connection: [Errno 111] Connection refused""))"
2026-09-18T15:08:54.749541,call_2,PUT,http://localhost/api/v1/mock/mock-swagger/api/v3/pet,0,1.74,"HTTPConnectionPool(host='localhost', port=80): Max retries exceeded with url: /api/v1/mock/mock-swagger/api/v3/pet (Caused by NewConnectionError(""HTTPConnection(host='localhost', port=80): Failed to establish a new connection: [Errno 111] Connection refused""))"
2026-09-18T15:08:54.775898,call_4,POST,http://localhost/api/v1/mock/mock-swagger/api/v3/user/createWithList,0,2.32,"HTTPConnectionPool(host='localhost', port=80): Max retries exceeded with url: /api/v1/mock/mock-swagger/api/v3/user/createWithList (Caused by NewConnectionError(""HTTPConnection(host='localhost', port=80): Failed to establish a new connection: [Errno 111] Connection refused""))"
2026-09-18T15:08:54.806720,call_4,POST,http://localhost/api/v1/mock/mock-swagger/api/v3/user/createWithList,0,1.93,"HTTPConnectionPool(host='localhost', port=80): Max retries exceeded with url: /api/v1/mock/mock-swagger/api/v3/user/createWithList (Caused by NewConnectionError(""HTTPConnection(host='localhost', port=80): Failed to establish a new connection: [Errno 111] Connection refused""))"
2026-09-18T15:08:54.828491,call_1,POST,http://localhost/api/v1/mock/mock-swagger/api/v3/pet,0,1.7,"HTTPConnectionPool(host='localhost', port=80): Max retries exceeded with url: /api/v1/mock/mock-swagger/api/v3/pet (Caused by NewConnectionError(""HTTPConnection(host='localhost', port=80): Failed to establish a new connection: [Errno 111] Connection refused""))"
2026-09-18T15:08:54.851381,call_3,GET,http://localhost/api/v1/mock/mock-swagger/api/v3/store/inventory,0,1.68,"HTTPConnectionPool(host='localhost', port=80): Max retries exceeded with url: /api/v1/mock/mock-swagger/api/v3/store/inventory (Caused by NewConnectionError(""HTTPConnection(host='localhost', port=80): Failed to establish a new connection: [Errno 111] Connection refused""))"
2026-09-18T15:08:54.877815,call_5,DELETE,http://localhost/api/v1/mock/mock-swagger/api/v3/user/{username},0,1.73,"HTTPConnectionPool(host='localhost', port=80): Max retries exceeded with url: /api/v1/mock/mock-swagger/api/v3/user/%7Busername%7D (Caused by NewConnectionError(""HTTPConnection(host='localhost', port=80): Failed to establish a new connection: [Errno 111] Connection refused""))"
2026-09-18T15:08:54.910371,call_5,DELETE,http://localhost/api/v1/mock/mock-swagger/api/v3/user/{username},0,2.49,"HTTPConnectionPool(host='localhost', port=80): Max retries exceeded with url: /api/v1/mock/mock-swagger/api/v3/user/%7Busername%7D (Caused by NewConnectionError(""HTTPConnection(host='localhost', port=80): Failed to establish a new connection: [Errno 111] Connection refused""))"
2026-09-18T15:08:54.930463,call_2,PUT,http://localhost/api/v1/mock/mock-swagger/api/v3/pet,0,1.78,"HTTPConnectionPool(host='localhost', port=80): Max retries exceeded with url: /api/v1/mock/mock-swagger/api/v3/pet (Caused by NewConnectionError(""HTTPConnection(host='localhost', port=80): Failed to establish a new connection: [Errno 111] Connection refused""))"
2026-09-18T15:08:54.957702,call_4,POST,http://localhost/api/v1/mock/mock-swagger/api/v3/user/createWithList,0,5.88,"HTTPConnectionPool(host='localhost', port=80): Max retries exceeded with url: /api/v1/mock/mock-swagger/api/v3/user/createWithList (Caused by NewConnectionError(""HTTPConnection(host='localhost', port=80): Failed to establish a new connection: [Errno 111] Connection refused""))"
2026-09-18T15:08:54.979761,call_1,POST,http://localhost/api/v1/mock/mock-swagger/api/v3/pet,0,1.76,"HTTPConnectionPool(host='localhost', port=80): Max retries exceeded with url: /api/v1/mock/mock-swagger/api/v3/pet (Caused by NewConnectionError(""HTTPConnection(host='localhost', port=80): Failed to establish a new connection: [Errno 111] Connection refused""))"
2026-09-18T15:08:55.012271,call_1,POST,http://localhost/api/v1/mock/mock-swagger/api/v3/pet,0,1.71,"HTTPConnectionPool(host='localhost', port=80): Max retries exceeded with url: /api/v1/mock/mock-swagger/api/v3/pet (Caused by NewConnectionError(""HTTPConnection(host='localhost', port=80): Failed to establish a new connection: [Errno 111] Connection refused""))"
2026-09-18T15:08:55.032319,call_3,GET,http://localhost/api/v1/mock/mock-swagger/api/v3/store/inventory,0,1.71,"HTTPConnectionPool(host='localhost', port=80): Max retries exceeded with url: /api/v1/mock/mock-swagger/api/v3/store/inventory (Caused by NewConnectionError(""HTTPConnection(host='localhost', port=80): Failed to establish a new connection: [Errno 111] Connection refused""))"
2026-09-18T15:08:55.059515,call_5,DELETE,http://localhost/api/v1/mock/mock-swagger/api/v3/user/{username},0,1.63,"HTTPConnectionPool(host='localhost', port=80): Max retries exceeded with url: /api/v1/mock/mock-swagger/api/v3/user/%7Busername%7D (Caused by NewConnectionError(""HTTPConnection(host='localhost', port=80): Failed to establish a new connection: [Errno 111] Connection refused""))"
2026-09-18T15:08:55.081580,call_2,PUT,http://localhost/api/v1/mock/mock-swagger/api/v3/pet,0,1.64,"HTTPConnectionPool(host='localhost', port=80): Max retries exceeded with url: /api/v1/mock/mock-swagger/api/v3/pet (Caused by NewConnectionError(""HTTPConnection(host='localhost', port=80): Failed to establish a new connection: [Errno 111] Connection refused""))"
2026-09-18T15:08:55.114209,call_2,PUT,http://localhost/api/v1/mock/mock-swagger/api/v3/pet,0,1.75,"HTTPConnectionPool(host='localhost', port=80): Max retries exceeded with url: /api/v1/mock/mock-swagger/api/v3/pet (Caused by NewConnectionError(""HTTPConnection(host='localhost', port=80): Failed to establish a new connection: [Errno 111] Connection refused""))"
2026-09-18T15:08:55.134123,call_4,POST,http://localhost/api/v1/mock/mock-swagger/api/v3/user/createWithList,0,1.67,"HTTPConnectionPool(host='localhost', port=80): Max retries exceeded with url: /api/v1/mock/mock-swagger/api/v3/user/createWithList (Caused by NewConnectionError(""HTTPConnection(host='localhost', port=80): Failed to establish a new connection: [Errno 111] Connection refused""))"
2026-09-18T15:08:55.161899,call_1,POST,http://localhost/api/v1/mock/mock-swagger/api/v3/pet,0,2.2,"HTTPConnectionPool(host='localhost', port=80): Max retries exceeded with url: /api/v1/mock/mock-swagger/api/v3/pet (Caused by NewConnectionError(""HTTPConnection(host='localhost', port=80): Failed to establish a new connection: [Errno 111] Connection refused""))"
2026-09-18T15:08:55.183413,call_3,GET,http://localhost/api/v1/mock/mock-swagger/api/v3/store/inventory,0,1.66,"HTTPConnectionPool(host='localhost', port=80): Max retries exceeded with url: /api/v1/mock/mock-swagger/api/v3/store/inventory (Caused by NewConnectionError(""HTTPConnection(host='localhost', port=80): Failed to establish a new connection: [Errno 111] Connection refused""))"
2026-09-18T15:08:55.216174,call_3,GET,http://localhost/api/v1/mock/mock-swagger/api/v3/store/inventory,0,1.76,"HTTPConnectionPool(host='localhost', port=80): Max retries exceeded with url: /api/v1/mock/mock-swagger/api/v3/store/inventory (Caused by NewConnectionError(""HTTPConnection(host='localhost', port=80): Failed to establish a new connection: [Errno 111] Connection refused""))"
2026-09-18T15:08:55.235953,call_5,DELETE,http://localhost/api/v1/mock/mock-swagger/api/v3/user/{username},0,1.7,"HTTPConnectionPool(host='localhost', port=80): Max retries exceeded with url: /api/v1/mock/mock-swagger/api/v3/user/%7Busername%7D (Caused by NewConnectionError(""HTTPConnection(host='localhost', port=80): Failed to establish a new connection: [Errno 111] Connection refused""))"
2026-09-18T15:08:55.263827,call_2,PUT,http://localhost/api/v1/mock/mock-swagger/api/v3/pet,0,1.75,"HTTPConnectionPool(host='localhost', port=80): Max retries exceeded with url: /api/v1/mock/mock-swagger/api/v3/pet (Caused by NewConnectionError(""HTTPConnection(host='localhost', port=80): Failed to establish a new connection: [Errno 111] Connection refused""))"
2026-09-18T15:08:55.285387,call_4,POST,http://localhost/api/v1/mock/mock-swagger/api/v3/user/createWithList,0,1.79,"HTTPConnectionPool(host='localhost', port=80): Max retries exceeded with url: /api/v1/mock/mock-swagger/api/v3/user/createWithList (Caused by NewConnectionError(""HTTPConnection(host='localhost', port=80): Failed to establish a new connection: [Errno 111] Connection refused""))"
2026-09-18T15:08:55.318195,call_4,POST,http://localhost/api/v1/mock/mock-swagger/api/v3/user/createWithList,0,1.83,"HTTPConnectionPool(host='localhost', port=80): Max retries exceeded with url: /api/v1/mock/mock-swagger/api/v3/user/createWithList (Caused by NewConnectionError(""HTTPConnection(host='localhost', port=80): Failed to establish a new connection: [Errno 111] Connection refused""))"
2026-09-18T15:08:55.338223,call_1,POST,http://localhost/api/v1/mock/mock-swagger/api/v3/pet,0,2.08,"HTTPConnectionPool(host='localhost', port=80): Max retries exceeded with url: /api/v1/mock/mock-swagger/api/v3/pet (Caused by NewConnectionError(""HTTPConnection(host='localhost', port=80): Failed to establish a new connection: [Errno 111] Connection refused""))"
2026-09-18T15:08:55.365695,call_3,GET,http://localhost/api/v1/mock/mock-swagger/api/v3/store/inventory,0,1.68,"HTTPConnectionPool(host='localhost', port=80): Max retries exceeded with url: /api/v1/mock/mock-swagger/api/v3/store/inventory (Caused by NewConnectionError(""HTTPConnection(host='localhost', port=80): Failed to establish a new connection: [Errno 111] Connection refused""))"
2026-09-18T15:08:55.387325,call_5,DELETE,http://localhost/api/v1/mock/mock-swagger/api/v3/user/{username},0,1.78,"HTTPConnectionPool(host='localhost', port=80): Max retries exceeded with url: /api/v1/mock/mock-swagger/api/v3/user/%7Busername%7D (Caused by NewConnectionError(""HTTPConnection(host='localhost', port=80): Failed to establish a new connection: [Errno 111] Connection refused""))"
2026-09-18T15:08:55.420259,call_5,DELETE,http://localhost/api/v1/mock/mock-swagger/api/v3/user/{username},0,1.87,"HTTPConnectionPool(host='localhost', port=80): Max retries exceeded with url: /api/v1/mock/mock-swagger/api/v3/user/%7Busername%7D (Caused by NewConnectionError(""HTTPConnection(host='localhost', port=80): Failed to establish a new connection: [Errno 111] Connection refused""))"
2026-09-18T15:08:55.440370,call_2,PUT,http://localhost/api/v1/mock/mock-swagger/api/v3/pet,0,2.0,"HTTPConnectionPool(host='localhost', port=80): Max retries exceeded with url: /api/v1/mock/mock-swagger/api/v3/pet (Caused by NewConnectionError(""HTTPConnection(host='localhost', port=80): Failed to establish a new connection: [Errno 111] Connection refused""))"
2026-09-18T15:08:55.467644,call_4,POST,http://localhost/api/v1/mock/mock-swagger/api/v3/user/createWithList,0,1.76,"HTTPConnectionPool(host='localhost', port=80): Max retries exceeded with url: /api/v1/mock/mock-swagger/api/v3/user/createWithList (Caused by NewConnectionError(""HTTPConnection(host='localhost', port=80): Failed to establish a new connection: [Errno 111] Connection refused""))"
2026-09-18T15:08:55.489337,call_1,POST,http://localhost/api/v1/mock/mock-swagger/api/v3/pet,0,1.85,"HTTPConnectionPool(host='localhost', port=80): Max retries exceeded with url: /api/v1/mock/mock-swagger/api/v3/pet (Caused by NewConnectionError(""HTTPConnection(host='localhost', port=80): Failed to establish a new connection: [Errno 111] Connection refused""))"
2026-09-18T15:08:55.522336,call_1,POST,http://localhost/api/v1/mock/mock-swagger/api/v3/pet,0,1.88,"HTTPConnectionPool(host='localhost', port=80): Max retries exceeded with url: /api/v1/mock/mock-swagger/api/v3/pet (Caused by NewConnectionError(""HTTPConnection(host='localhost', port=80): Failed to establish a new connection: [Errno 111] Connection refused""))"
2026-09-18T15:08:55.542226,call_3,GET,http://localhost/api/v1/mock/mock-swagger/api/v3/store/inventory,0,1.71,"HTTPConnectionPool(host='localhost', port=80): Max retries exceeded with url: /api/v1/mock/mock-swagger/api/v3/store/inventory (Caused by NewConnectionError(""HTTPConnection(host='localhost', port=80): Failed to establish a new connection: [Errno 111] Connection refused""))"
2026-09-18T15:08:55.569614,call_5,DELETE,http://localhost/api/v1/mock/mock-swagger/api/v3/user/{username},0,1.78,"HTTPConnectionPool(host='localhost', port=80): Max retries exceeded with url: /api/v1/mock/mock-swagger/api/v3/user/%7Busername%7D (Caused by NewConnectionError(""HTTPConnection(host='localhost', port=80): Failed to establish a new connection: [Errno 111] Connection refused""))"
2026-09-18T15:08:55.591764,call_2,PUT,http://localhost/api/v1/mock/mock-swagger/api/v3/pet,0,2.24,"HTTPConnectionPool(host='localhost', port=80): Max retries exceeded with url: /api/v1/mock/mock-swagger/api/v3/pet (Caused by NewConnectionError(""HTTPConnection(host='localhost', port=80): Failed to establish a new connection: [Errno 111] Connection refused""))"
2026-09-18T15:08:55.624357,call_2,PUT,http://localhost/api/v1/mock/mock-swagger/api/v3/pet,0,1.88,"HTTPConnectionPool(host='localhost', port=80): Max retries exceeded with url: /api/v1/mock/mock-swagger/api/v3/pet (Caused by NewConnectionError(""HTTPConnection(host='localhost', port=80): Failed to establish a new connection: [Errno 111] Connection refused""))"
2026-09-18T15:08:55.644101,call_4,POST,http://localhost/api/v1/mock/mock-swagger/api/v3/user/createWithList,0,1.73,"HTTPConnectionPool(host='localhost', port=80): Max retries exceeded with url: /api/v1/mock/mock-swagger/api/v3/user/createWithList (Caused by NewConnectionError(""HTTPConnection(host='localhost', port=80): Failed to establish a new connection: [Errno 111] Connection refused""))"
2026-09-18T15:08:55.671564,call_1,POST,http://localhost/api/v1/mock/mock-swagger/api/v3/pet,0,1.76,"HTTPConnectionPool(host='localhost', port=80): Max retries exceeded with url: /api/v1/mock/mock-swagger/api/v3/pet (Caused by NewConnectionError(""HTTPConnection(host='localhost', port=80): Failed to establish a new connection: [Errno 111] Connection refused""))"
2026-09-18T15:08:55.693631,call_3,GET,http://localhost/api/v1/mock/mock-swagger/api/v3/store/inventory,0,1.68,"HTTPConnectionPool(host='localhost', port=80): Max retries exceeded with url: /api/v1/mock/mock-swagger/api/v3/store/inventory (Caused by NewConnectionError(""HTTPConnection(host='localhost', port=80): Failed to establish a new connection: [Errno 111] Connection refused""))"
2026-09-18T15:08:55.726401,call_3,GET,http://localhost/api/v1/mock/mock-swagger/api/v3/store/inventory,0,1.85,"HTTPConnectionPool(host='localhost', port=80): Max retries exceeded with url: /api/v1/mock/mock-swagger/api/v3/store/inventory (Caused by NewConnectionError(""HTTPConnection(host='localhost', port=80): Failed to establish a new connection: [Errno 111] Connection refused""))"
2026-09-18T15:08:55.746010,call_5,DELETE,http://localhost/api/v1/mock/mock-swagger/api/v3/user/{username},0,1.72,"HTTPConnectionPool(host='localhost', port=80): Max retries exceeded with url: /api/v1/mock/mock-swagger/api/v3/user/%7Busername%7D (Caused by NewConnectionError(""HTTPConnection(host='localhost', port=80): Failed to establish a new connection: [Errno 111] Connection refused""))"
2026-09-18T15:08:55.773533,call_2,PUT,http://localhost/api/v1/mock/mock-swagger/api/v3/pet,0,1.78,"HTTPConnectionPool(host='localhost', port=80): Max retries exceeded with url: /api/v1/mock/mock-swagger/api/v3/pet (Caused by NewConnectionError(""HTTPConnection(host='localhost', port=80): Failed to establish a new connection: [Errno 111] Connection refused""))"
2026-09-18T15:08:55.795541,call_4,POST,http://localhost/api/v1/mock/mock-swagger/api/v3/user/createWithList,0,1.72,"HTTPConnectionPool(host='localhost', port=80): Max retries exceeded with url: /api/v1/mock/mock-swagger/api/v3/user/createWithList (Caused by NewConnectionError(""HTTPConnection(host='localhost', port=80): Failed to establish a new connection: [Errno 111] Connection refused""))"
2026-09-18T15:08:55.828499,call_4,POST,http://localhost/api/v1/mock/mock-swagger/api/v3/user/createWithList,0,1.9,"HTTPConnectionPool(host='localhost', port=80): Max retries exceeded with url: /api/v1/mock/mock-swagger/api/v3/user/createWithList (Caused by NewConnectionError(""HTTPConnection(host='localhost', port=80): Failed to establish a new connection: [Errno 111] Connection refused""))"
2026-09-18T15:08:55.847952,call_1,POST,http://localhost/api/v1/mock/mock-swagger/api/v3/pet,0,1.74,"HTTPConnectionPool(host='localhost', port=80): Max retries exceeded with url: /api/v1/mock/mock-swagger/api/v3/pet (Caused by NewConnectionError(""HTTPConnection(host='localhost', port=80): Failed to establish a new connection: [Errno 111] Connection refused""))"
2026-09-18T15:08:55.875472,call_3,GET,http://localhost/api/v1/mock/mock-swagger/api/v3/store/inventory,0,1.75,"HTTPConnectionPool(host='localhost', port=80): Max retries exceeded with url: /api/v1/mock/mock-swagger/api/v3/store/inventory (Caused by NewConnectionError(""HTTPConnection(host='localhost', port=80): Failed to establish a new connection: [Errno 111] Connection refused""))"
2026-09-18T15:08:55.897503,call_5,DELETE,http://localhost/api/v1/mock/mock-swagger/api/v3/user/{username},0,1.77,"HTTPConnectionPool(host='localhost', port=80): Max retries exceeded with url: /api/v1/mock/mock-swagger/api/v3/user/%7Busername%7D (Caused by NewConnectionError(""HTTPConnection(host='localhost', port=80): Failed to establish a new connection: [Errno 111] Connection refused""))"
2026-09-18T15:08:55.930793,call_5,DELETE,http://localhost/api/v1/mock/mock-swagger/api/v3/user/{username},0,1.96,"HTTPConnectionPool(host='localhost', port=80): Max retries exceeded with url: /api/v1/mock/mock-swagger/api/v3/user/%7Busername%7D (Caused by NewConnectionError(""HTTPConnection(host='localhost', port=80): Failed to establish a new connection: [Errno 111] Connection refused""))"
2026-09-18T15:08:55.949949,call_2,PUT,http://localhost/api/v1/mock/mock-swagger/api/v3/pet,0,1.81,"HTTPConnectionPool(host='localhost', port=80): Max retries exceeded with url: /api/v1/mock/mock-swagger/api/v3/pet (Caused by NewConnectionError(""HTTPConnection(host='localhost', port=80): Failed to establish a new connection: [Errno 111] Connection refused""))"
2026-09-18T15:08:55.977431,call_4,POST,http://localhost/api/v1/mock/mock-swagger/api/v3/user/createWithList,0,1.8,"HTTPConnectionPool(host='localhost', port=80): Max retries exceeded with url: /api/v1/mock/mock-swagger/api/v3/user/createWithList (Caused by NewConnectionError(""HTTPConnection(host='localhost', port=80): Failed to establish a new connection: [Errno 111] Connection refused""))"
2026-09-18T15:08:55.999362,call_1,POST,http://localhost/api/v1/mock/mock-swagger/api/v3/pet,0,1.67,"HTTPConnectionPool(host='localhost', port=80): Max retries exceeded with url: /api/v1/mock/mock-swagger/api/v3/pet (Caused by NewConnectionError(""HTTPConnection(host='localhost', port=80): Failed to establish a new connection: [Errno 111] Connection refused""))"
2026-09-18T15:08:56.032668,call_1,POST,http://localhost/api/v1/mock/mock-swagger/api/v3/pet,0,1.69,"HTTPConnectionPool(host='localhost', port=80): Max retries exceeded with url: /api/v1/mock/mock-swagger/api/v3/pet (Caused by NewConnectionError(""HTTPConnection(host='localhost', port=80): Failed to establish a new connection: [Errno 111] Connection refused""))"
2026-09-18T15:08:56.051862,call_3,GET,http://localhost/api/v1/mock/mock-swagger/api/v3/store/inventory,0,1.72,"HTTPConnectionPool(host='localhost', port=80): Max retries exceeded with url: /api/v1/mock/mock-swagger/api/v3/store/inventory (Caused by NewConnectionError(""HTTPConnection(host='localhost', port=80): Failed to establish a new connection: [Errno 111] Connection refused""))"
2026-09-18T15:08:56.079267,call_5,DELETE,http://localhost/api/v1/mock/mock-swagger/api/v3/user/{username},0,1.68,"HTTPConnectionPool(host='localhost', port=80): Max retries exceeded with url: /api/v1/mock/mock-swagger/api/v3/user/%7Busername%7D (Caused by NewConnectionError(""HTTPConnection(host='localhost', port=80): Failed to establish a new connection: [Errno 111] Connection refused""))"
2026-09-18T15:08:56.101098,call_2,PUT,http://localhost/api/v1/mock/mock-swagger/api/v3/pet,0,1.6,"HTTPConnectionPool(host='localhost', port=80): Max retries exceeded with url: /api/v1/mock/mock-swagger/api/v3/pet (Caused by NewConnectionError(""HTTPConnection(host='localhost', port=80): Failed to establish a new connection: [Errno 111] Connection refused""))"
2026-09-18T15:08:56.134572,call_2,PUT,http://localhost/api/v1/mock/mock-swagger/api/v3/pet,0,1.74,"HTTPConnectionPool(host='localhost', port=80): Max retries exceeded with url: /api/v1/mock/mock-swagger/api/v3/pet (Caused by NewConnectionError(""HTTPConnection(host='localhost', port=80): Failed to establish a new connection: [Errno 111] Connection refused""))"
2026-09-18T15:08:56.153746,call_4,POST,http://localhost/api/v1/mock/mock-swagger/api/v3/user/createWithList,0,1.69,"HTTPConnectionPool(host='localhost', port=80): Max retries exceeded with url: /api/v1/mock/mock-swagger/api/v3/user/createWithList (Caused by NewConnectionError(""HTTPConnection(host='localhost', port=80): Failed to establish a new connection: [Errno 111] Connection refused""))"
2026-09-18T15:08:56.181208,call_1,POST,http://localhost/api/v1/mock/mock-swagger/api/v3/pet,0,1.78,"HTTPConnectionPool(host='localhost', port=80): Max retries exceeded with url: /api/v1/mock/mock-swagger/api/v3/pet (Caused by NewConnectionError(""HTTPConnection(host='localhost', port=80): Failed to establish a new connection: [Errno 111] Connection refused""))"
2026-09-18T15:08:56.202884,call_3,GET,http://localhost/api/v1/mock/mock-swagger/api/v3/store/inventory,0,1.63,"HTTPConnectionPool(host='localhost', port=80): Max retries exceeded with url: /api/v1/mock/mock-swagger/api/v3/store/inventory (Caused by NewConnectionError(""HTTPConnection(host='localhost', port=80): Failed to establish a new connection: [Errno 111] Connection refused""))"
2026-09-18T15:08:56.237108,call_3,GET,http://localhost/api/v1/mock/mock-swagger/api/v3/store/inventory,0,2.36,"HTTPConnectionPool(host='localhost', port=80): Max retries exceeded with url: /api/v1/mock/mock-swagger/api/v3/store/inventory (Caused by NewConnectionError(""HTTPConnection(host='localhost', port=80): Failed to establish a new connection: [Errno 111] Connection refused""))"
2026-09-18T15:08:56.255643,call_5,DELETE,http://localhost/api/v1/mock/mock-swagger/api/v3/user/{username},0,1.73,"HTTPConnectionPool(host='localhost', port=80): Max retries exceeded with url: /api/v1/mock/mock-swagger/api/v3/user/%7Busername%7D (Caused by NewConnectionError(""HTTPConnection(host='localhost', port=80): Failed to establish a new connection: [Errno 111] Connection refused""))"
2026-09-18T15:08:56.283101,call_2,PUT,http://localhost/api/v1/mock/mock-swagger/api/v3/pet,0,1.72,"HTTPConnectionPool(host='localhost', port=80): Max retries exceeded with url: /api/v1/mock/mock-swagger/api/v3/pet (Caused by NewConnectionError(""HTTPConnection(host='localhost', port=80): Failed to establish a new connection: [Errno 111] Connection refused""))"
2026-09-18T15:08:56.304726,call_4,POST,http://localhost/api/v1/mock/mock-swagger/api/v3/user/createWithList,0,1.67,"HTTPConnectionPool(host='localhost', port=80): Max retries exceeded with url: /api/v1/mock/mock-swagger/api/v3/user/createWithList (Caused by NewConnectionError(""HTTPConnection(host='localhost', port=80): Failed to establish a new connection: [Errno 111] Connection refused""))"
2026-09-18T15:08:56.339130,call_4,POST,http://localhost/api/v1/mock/mock-swagger/api/v3/user/createWithList,0,1.82,"HTTPConnectionPool(host='localhost', port=80): Max retries exceeded with url: /api/v1/mock/mock-swagger/api/v3/user/createWithList (Caused by NewConnectionError(""HTTPConnection(host='localhost', port=80): Failed to establish a new connection: [Errno 111] Connection refused""))"
2026-09-18T15:08:56.357553,call_1,POST,http://localhost/api/v1/mock/mock-swagger/api/v3/pet,0,1.73,"HTTPConnectionPool(host='localhost', port=80): Max retries exceeded with url: /api/v1/mock/mock-swagger/api/v3/pet (Caused by NewConnectionError(""HTTPConnection(host='localhost', port=80): Failed to establish a new connection: [Errno 111] Connection refused""))"
2026-09-18T15:08:56.384980,call_3,GET,http://localhost/api/v1/mock/mock-swagger/api/v3/store/inventory,0,1.69,"HTTPConnectionPool(host='localhost', port=80): Max retries exceeded with url: /api/v1/mock/mock-swagger/api/v3/store/inventory (Caused by NewConnectionError(""HTTPConnection(host='localhost', port=80): Failed to establish a new connection: [Errno 111] Connection refused""))"
2026-09-18T15:08:56.407062,call_5,DELETE,http://localhost/api/v1/mock/mock-swagger/api/v3/user/{username},0,2.16,"HTTPConnectionPool(host='localhost', port=80): Max retries exceeded with url: /api/v1/mock/mock-swagger/api/v3/user/%7Busername%7D (Caused by NewConnectionError(""HTTPConnection(host='localhost', port=80): Failed to establish a new connection: [Errno 111] Connection refused""))"
2026-09-18T15:08:56.441181,call_5,DELETE,http://localhost/api/v1/mock/mock-swagger/api/v3/user/{username},0,1.85,"HTTPConnectionPool(host='localhost', port=80): Max retries exceeded with url: /api/v1/mock/mock-swagger/api/v3/user/%7Busername%7D (Caused by NewConnectionError(""HTTPConnection(host='localhost', port=80): Failed to establish a new connection: [Errno 111] Connection refused""))"
2026-09-18T15:08:56.459389,call_2,PUT,http://localhost/api/v1/mock/mock-swagger/api/v3/pet,0,1.7,"HTTPConnectionPool(host='localhost', port=80): Max retries exceeded with url: /api/v1/mock/mock-swagger/api/v3/pet (Caused by NewConnectionError(""HTTPConnection(host='localhost', port=80): Failed to establish a new connection: [Errno 111] Connection refused""))"
2026-09-18T15:08:56.486866,call_4,POST,http://localhost/api/v1/mock/mock-swagger/api/v3/user/createWithList,0,1.69,"HTTPConnectionPool(host='localhost', port=80): Max retries exceeded with url: /api/v1/mock/mock-swagger/api/v3/user/createWithList (Caused by NewConnectionError(""HTTPConnection(host='localhost', port=80): Failed to establish a new connection: [Errno 111] Connection refused""))"
2026-09-18T15:08:56.509238,call_1,POST,http://localhost/api/v1/mock/mock-swagger/api/v3/pet,0,1.97,"HTTPConnectionPool(host='localhost', port=80): Max retries exceeded with url: /api/v1/mock/mock-swagger/api/v3/pet (Caused by NewConnectionError(""HTTPConnection(host='localhost', port=80): Failed to establish a new connection: [Errno 111] Connection refused""))"
2026-09-18T15:08:56.543212,call_1,POST,http://localhost/api/v1/mock/mock-swagger/api/v3/pet,0,1.84,"HTTPConnectionPool(host='localhost', port=80): Max retries exceeded with url: /api/v1/mock/mock-swagger/api/v3/pet (Caused by NewConnectionError(""HTTPConnection(host='localhost', port=80): Failed to establish a new connection: [Errno 111] Connection refused""))"
2026-09-18T15:08:56.561204,call_3,GET,http://localhost/api/v1/mock/mock-swagger/api/v3/store/inventory,0,1.66,"HTTPConnectionPool(host='localhost', port=80): Max retries exceeded with url: /api/v1/mock/mock-swagger/api/v3/store/inventory (Caused by NewConnectionError(""HTTPConnection(host='localhost', port=80): Failed to establish a new connection: [Errno 111] Connection refused""))"
2026-09-18T15:08:56.588746,call_5,DELETE,http://localhost/api/v1/mock/mock-swagger/api/v3/user/{username},0,1.69,"HTTPConnectionPool(host='localhost', port=80): Max retries exceeded with url: /api/v1/mock/mock-swagger/api/v3/user/%7Busername%7D (Caused by NewConnectionError(""HTTPConnection(host='localhost', port=80): Failed to establish a new connection: [Errno 111] Connection refused""))"
2026-09-18T15:08:56.611041,call_2,PUT,http://localhost/api/v1/mock/mock-swagger/api/v3/pet,0,1.67,"HTTPConnectionPool(host='localhost', port=80): Max retries exceeded with url: /api/v1/mock/mock-swagger/api/v3/pet (Caused by NewConnectionError(""HTTPConnection(host='localhost', port=80): Failed to establish a new connection: [Errno 111] Connection refused""))"
2026-09-18T15:08:56.645215,call_2,PUT,http://localhost/api/v1/mock/mock-swagger/api/v3/pet,0,1.82,"HTTPConnectionPool(host='localhost', port=80): Max retries exceeded with url: /api/v1/mock/mock-swagger/api/v3/pet (Caused by NewConnectionError(""HTTPConnection(host='localhost', port=80): Failed to establish a new connection: [Errno 111] Connection refused""))"
2026-09-18T15:08:56.663053,call_4,POST,http://localhost/api/v1/mock/mock-swagger/api/v3/user/createWithList,0,1.71,"HTTPConnectionPool(host='localhost', port=80): Max retries exceeded with url: /api/v1/mock/mock-swagger/api/v3/user/createWithList (Caused by NewConnectionError(""HTTPConnection(host='localhost', port=80): Failed to establish a new connection: [Errno 111] Connection refused""))"
2026-09-18T15:08:56.690621,call_1,POST,http://localhost/api/v1/mock/mock-swagger/api/v3/pet,0,1.7,"HTTPConnectionPool(host='localhost', port=80): Max retries exceeded with url: /api/v1/mock/mock-swagger/api/v3/pet (Caused by NewConnectionError(""HTTPConnection(host='localhost', port=80): Failed to establish a new connection: [Errno 111] Connection refused""))"
2026-09-18T15:08:56.712931,call_3,GET,http://localhost/api/v1/mock/mock-swagger/api/v3/store/inventory,0,1.71,"HTTPConnectionPool(host='localhost', port=80): Max retries exceeded with url: /api/v1/mock/mock-swagger/api/v3/store/inventory (Caused by NewConnectionError(""HTTPConnection(host='localhost', port=80): Failed to establish a new connection: [Errno 111] Connection refused""))"
2026-09-18T15:08:56.724197,call_1,POST,http://localhost/api/v1/mock/mock-swagger/api/v3/pet,0,2.01,"HTTPConnectionPool(host='localhost', port=80): Max retries exceeded with url: /api/v1/mock/mock-swagger/api/v3/pet (Caused by NewConnectionError(""HTTPConnection(host='localhost', port=80): Failed to establish a new connection: [Errno 111] Connection refused""))"
2026-09-18T15:08:56.747117,call_3,GET,http://localhost/api/v1/mock/mock-swagger/api/v3/store/inventory,0,1.71,"HTTPConnectionPool(host='localhost', port=80): Max retries exceeded with url: /api/v1/mock/mock-swagger/api/v3/store/inventory (Caused by NewConnectionError(""HTTPConnection(host='localhost', port=80): Failed to establish a new connection: [Errno 111] Connection refused""))"
2026-09-18T15:08:56.764925,call_5,DELETE,http://localhost/api/v1/mock/mock-swagger/api/v3/user/{username},0,1.7,"HTTPConnectionPool(host='localhost', port=80): Max retries exceeded with url: /api/v1/mock/mock-swagger/api/v3/user/%7Busername%7D (Caused by NewConnectionError(""HTTPConnection(host='localhost', port=80): Failed to establish a new connection: [Errno 111] Connection refused""))"
2026-09-18T15:08:56.792551,call_2,PUT,http://localhost/api/v1/mock/mock-swagger/api/v3/pet,0,1.74,"HTTPConnectionPool(host='localhost', port=80): Max retries exceeded with url: /api/v1/mock/mock-swagger/api/v3/pet (Caused by NewConnectionError(""HTTPConnection(host='localhost', port=80): Failed to establish a new connection: [Errno 111] Connection refused""))"
2026-09-18T15:08:56.815101,call_4,POST,http://localhost/api/v1/mock/mock-swagger/api/v3/user/createWithList,0,1.99,"HTTPConnectionPool(host='localhost', port=80): Max retries exceeded with url: /api/v1/mock/mock-swagger/api/v3/user/createWithList (Caused by NewConnectionError(""HTTPConnection(host='localhost', port=80): Failed to establish a new connection: [Errno 111] Connection refused""))"
2026-09-18T15:08:56.827316,call_2,PUT,http://localhost/api/v1/mock/mock-swagger/api/v3/pet,0,2.26,"HTTPConnectionPool(host='localhost', port=80): Max retries exceeded with url: /api/v1/mock/mock-swagger/api/v3/pet (Caused by NewConnectionError(""HTTPConnection(host='localhost', port=80): Failed to establish a new connection: [Errno 111] Connection refused""))"
2026-09-18T15:08:56.849114,call_4,POST,http://localhost/api/v1/mock/mock-swagger/api/v3/user/createWithList,0,1.79,"HTTPConnectionPool(host='localhost', port=80): Max retries exceeded with url: /api/v1/mock/mock-swagger/api/v3/user/createWithList (Caused by NewConnectionError(""HTTPConnection(host='localhost', port=80): Failed to establish a new connection: [Errno 111] Connection refused""))"
2026-09-18T15:08:56.866895,call_1,POST,http://localhost/api/v1/mock/mock-swagger/api/v3/pet,0,1.79,"HTTPConnectionPool(host='localhost', port=80): Max retries exceeded with url: /api/v1/mock/mock-swagger/api/v3/pet (Caused by NewConnectionError(""HTTPConnection(host='localhost', port=80): Failed to establish a new connection: [Errno 111] Connection refused""))"
2026-09-18T15:08:56.894374,call_3,GET,http://localhost/api/v1/mock/mock-swagger/api/v3/store/inventory,0,1.66,"HTTPConnectionPool(host='localhost', port=80): Max retries exceeded with url: /api/v1/mock/mock-swagger/api/v3/store/inventory (Caused by NewConnectionError(""HTTPConnection(host='localhost', port=80): Failed to establish a new connection: [Errno 111] Connection refused""))"
2026-09-18T15:08:56.917485,call_5,DELETE,http://localhost/api/v1/mock/mock-swagger/api/v3/user/{username},0,2.22,"HTTPConnectionPool(host='localhost', port=80): Max retries exceeded with url: /api/v1/mock/mock-swagger/api/v3/user/%7Busername%7D (Caused by NewConnectionError(""HTTPConnection(host='localhost', port=80): Failed to establish a new connection: [Errno 111] Connection refused""))"
2026-09-18T15:08:56.934163,call_3,GET,http://localhost/api/v1/mock/mock-swagger/api/v3/store/inventory,0,5.87,"HTTPConnectionPool(host='localhost', port=80): Max retries exceeded with url: /api/v1/mock/mock-swagger/api/v3/store/inventory (Caused by NewConnectionError(""HTTPConnection(host='localhost', port=80): Failed to establish a new connection: [Errno 111] Connection refused""))"
2026-09-18T15:08:56.951186,call_5,DELETE,http://localhost/api/v1/mock/mock-swagger/api/v3/user/{username},0,1.86,"HTTPConnectionPool(host='localhost', port=80): Max retries exceeded with url: /api/v1/mock/mock-swagger/api/v3/user/%7Busername%7D (Caused by NewConnectionError(""HTTPConnection(host='localhost', port=80): Failed to establish a new connection: [Errno 111] Connection refused""))"
2026-09-18T15:08:56.971231,call_2,PUT,http://localhost/api/v1/mock/mock-swagger/api/v3/pet,0,4.15,"HTTPConnectionPool(host='localhost', port=80): Max retries exceeded with url: /api/v1/mock/mock-swagger/api/v3/pet (Caused by NewConnectionError(""HTTPConnection(host='localhost', port=80): Failed to establish a new connection: [Errno 111] Connection refused""))"
2026-09-18T15:08:56.996250,call_4,POST,http://localhost/api/v1/mock/mock-swagger/api/v3/user/createWithList,0,1.69,"HTTPConnectionPool(host='localhost', port=80): Max retries exceeded with url: /api/v1/mock/mock-swagger/api/v3/user/createWithList (Caused by NewConnectionError(""HTTPConnection(host='localhost', port=80): Failed to establish a new connection: [Errno 111] Connection refused""))"
2026-09-18T15:08:57.019275,call_1,POST,http://localhost/api/v1/mock/mock-swagger/api/v3/pet,0,1.66,"HTTPConnectionPool(host='localhost', port=80): Max retries exceeded with url: /api/v1/mock/mock-swagger/api/v3/pet (Caused by NewConnectionError(""HTTPConnection(host='localhost', port=80): Failed to establish a new connection: [Errno 111] Connection refused""))"
2026-09-18T15:08:57.037434,call_4,POST,http://localhost/api/v1/mock/mock-swagger/api/v3/user/createWithList,0,2.17,"HTTPConnectionPool(host='localhost', port=80): Max retries exceeded with url: /api/v1/mock/mock-swagger/api/v3/user/createWithList (Caused by NewConnectionError(""HTTPConnection(host='localhost', port=80): Failed to establish a new connection: [Errno 111] Connection refused""))"
2026-09-18T15:08:57.052974,call_1,POST,http://localhost/api/v1/mock/mock-swagger/api/v3/pet,0,1.59,"HTTPConnectionPool(host='localhost', port=80): Max retries exceeded with url: /api/v1/mock/mock-swagger/api/v3/pet (Caused by NewConnectionError(""HTTPConnection(host='localhost', port=80): Failed to establish a new connection: [Errno 111] Connection refused""))"
2026-09-18T15:08:57.072944,call_3,GET,http://localhost/api/v1/mock/mock-swagger/api/v3/store/inventory,0,1.58,"HTTPConnectionPool(host='localhost', port=80): Max retries exceeded with url: /api/v1/mock/mock-swagger/api/v3/store/inventory (Caused by NewConnectionError(""HTTPConnection(host='localhost', port=80): Failed to establish a new connection: [Errno 111] Connection refused""))"
2026-09-18T15:08:57.101679,call_5,DELETE,http://localhost/api/v1/mock/mock-swagger/api/v3/user/{username},0,5.25,"HTTPConnectionPool(host='localhost', port=80): Max retries exceeded with url: /api/v1/mock/mock-swagger/api/v3/user/%7Busername%7D (Caused by NewConnectionError(""HTTPConnection(host='localhost', port=80): Failed to establish a new connection: [Errno 111] Connection refused""))"
2026-09-18T15:08:57.121009,call_2,PUT,http://localhost/api/v1/mock/mock-swagger/api/v3/pet,0,1.6,"HTTPConnectionPool(host='localhost', port=80): Max retries exceeded with url: /api/v1/mock/mock-swagger/api/v3/pet (Caused by NewConnectionError(""HTTPConnection(host='localhost', port=80): Failed to establish a new connection: [Errno 111] Connection refused""))"
2026-09-18T15:08:57.140567,call_5,DELETE,http://localhost/api/v1/mock/mock-swagger/api/v3/user/{username},0,2.1,"HTTPConnectionPool(host='localhost', port=80): Max retries exceeded with url: /api/v1/mock/mock-swagger/api/v3/user/%7Busername%7D (Caused by NewConnectionError(""HTTPConnection(host='localhost', port=80): Failed to establish a new connection: [Errno 111] Connection refused""))"
2026-09-18T15:08:57.154819,call_2,PUT,http://localhost/api/v1/mock/mock-swagger/api/v3/pet,0,1.65,"HTTPConnectionPool(host='localhost', port=80): Max retries exceeded with url: /api/v1/mock/mock-swagger/api/v3/pet (Caused by NewConnectionError(""HTTPConnection(host='localhost', port=80): Failed to establish a new connection: [Errno 111] Connection refused""))"
2026-09-18T15:08:57.174859,call_4,POST,http://localhost/api/v1/mock/mock-swagger/api/v3/user/createWithList,0,1.76,"HTTPConnectionPool(host='localhost', port=80): Max retries exceeded with url: /api/v1/mock/mock-swagger/api/v3/user/createWithList (Caused by NewConnectionError(""HTTPConnection(host='localhost', port=80): Failed to establish a new connection: [Errno 111] Connection refused""))"
2026-09-18T15:08:57.203567,call_1,POST,http://localhost/api/v1/mock/mock-swagger/api/v3/pet,0,1.7,"HTTPConnectionPool(host='localhost', port=80): Max retries exceeded with url: /api/v1/mock/mock-swagger/api/v3/pet (Caused by NewConnectionError(""HTTPConnection(host='localhost', port=80): Failed to establish a new connection: [Errno 111] Connection refused""))"
2026-09-18T15:08:57.222933,call_3,GET,http://localhost/api/v1/mock/mock-swagger/api/v3/store/inventory,0,1.73,"HTTPConnectionPool(host='localhost', port=80): Max retries exceeded with url: /api/v1/mock/mock-swagger/api/v3/store/inventory (Caused by NewConnectionError(""HTTPConnection(host='localhost', port=80): Failed to establish a new connection: [Errno 111] Connection refused""))"
2026-09-18T15:08:57.243822,call_1,POST,http://localhost/api/v1/mock/mock-swagger/api/v3/pet,0,2.26,"HTTPConnectionPool(host='localhost', port=80): Max retries exceeded with url: /api/v1/mock/mock-swagger/api/v3/pet (Caused by NewConnectionError(""HTTPConnection(host='localhost', port=80): Failed to establish a new connection: [Errno 111] Connection refused""))"
2026-09-18T15:08:57.257219,call_3,GET,http://localhost/api/v1/mock/mock-swagger/api/v3/store/inventory,0,2.22,"HTTPConnectionPool(host='localhost', port=80): Max retries exceeded with url: /api/v1/mock/mock-swagger/api/v3/store/inventory (Caused by NewConnectionError(""HTTPConnection(host='localhost', port=80): Failed to establish a new connection: [Errno 111] Connection refused""))"
2026-09-18T15:08:57.276757,call_5,DELETE,http://localhost/api/v1/mock/mock-swagger/api/v3/user/{username},0,1.74,"HTTPConnectionPool(host='localhost', port=80): Max retries exceeded with url: /api/v1/mock/mock-swagger/api/v3/user/%7Busername%7D (Caused by NewConnectionError(""HTTPConnection(host='localhost', port=80): Failed to establish a new connection: [Errno 111] Connection refused""))"
2026-09-18T15:08:57.306132,call_2,PUT,http://localhost/api/v1/mock/mock-swagger/api/v3/pet,0,2.38,"HTTPConnectionPool(host='localhost', port=80): Max retries exceeded with url: /api/v1/mock/mock-swagger/api/v3/pet (Caused by NewConnectionError(""HTTPConnection(host='localhost', port=80): Failed to establish a new connection: [Errno 111] Connection refused""))"
2026-09-18T15:08:57.324930,call_4,POST,http://localhost/api/v1/mock/mock-swagger/api/v3/user/createWithList,0,1.85,"HTTPConnectionPool(host='localhost', port=80): Max retries exceeded with url: /api/v1/mock/mock-swagger/api/v3/user/createWithList (Caused by NewConnectionError(""HTTPConnection(host='localhost', port=80): Failed to establish a new connection: [Errno 111] Connection refused""))"
2026-09-18T15:08:57.346884,call_2,PUT,http://localhost/api/v1/mock/mock-swagger/api/v3/pet,0,2.08,"HTTPConnectionPool(host='localhost', port=80): Max retries exceeded with url: /api/v1/mock/mock-swagger/api/v3/pet (Caused by NewConnectionError(""HTTPConnection(host='localhost', port=80): Failed to establish a new connection: [Errno 111] Connection refused""))"
2026-09-18T15:08:57.359264,call_4,POST,http://localhost/api/v1/mock/mock-swagger/api/v3/user/createWithList,0,1.88,"HTTPConnectionPool(host='localhost', port=80): Max retries exceeded with url: /api/v1/mock/mock-swagger/api/v3/user/createWithList (Caused by NewConnectionError(""HTTPConnection(host='localhost', port=80): Failed to establish a new connection: [Errno 111] Connection refused""))"
2026-09-18T15:08:57.378654,call_1,POST,http://localhost/api/v1/mock/mock-swagger/api/v3/pet,0,1.72,"HTTPConnectionPool(host='localhost', port=80): Max retries exceeded with url: /api/v1/mock/mock-swagger/api/v3/pet (Caused by NewConnectionError(""HTTPConnection(host='localhost', port=80): Failed to establish a new connection: [Errno 111] Connection refused""))"
2026-09-18T15:08:57.408010,call_3,GET,http://localhost/api/v1/mock/mock-swagger/api/v3/store/inventory,0,1.66,"HTTPConnectionPool(host='localhost', port=80): Max retries exceeded with url: /api/v1/mock/mock-swagger/api/v3/store/inventory (Caused by NewConnectionError(""HTTPConnection(host='localhost', port=80): Failed to establish a new connection: [Errno 111] Connection refused""))"
2026-09-18T15:08:57.427522,call_5,DELETE,http://localhost/api/v1/mock/mock-swagger/api/v3/user/{username},0,2.41,"HTTPConnectionPool(host='localhost', port=80): Max retries exceeded with url: /api/v1/mock/mock-swagger/api/v3/user/%7Busername%7D (Caused by NewConnectionError(""HTTPConnection(host='localhost', port=80): Failed to establish a new connection: [Errno 111] Connection refused""))"
2026-09-18T15:08:57.449936,call_3,GET,http://localhost/api/v1/mock/mock-swagger/api/v3/store/inventory,0,2.0,"HTTPConnectionPool(host='localhost', port=80): Max retries exceeded with url: /api/v1/mock/mock-swagger/api/v3/store/inventory (Caused by NewConnectionError(""HTTPConnection(host='localhost', port=80): Failed to establish a new connection: [Errno 111] Connection refused""))"
2026-09-18T15:08:57.461478,call_5,DELETE,http://localhost/api/v1/mock/mock-swagger/api/v3/user/{username},0,2.02,"HTTPConnectionPool(host='localhost', port=80): Max retries exceeded with url: /api/v1/mock/mock-swagger/api/v3/user/%7Busername%7D (Caused by NewConnectionError(""HTTPConnection(host='localhost', port=80): Failed to establish a new connection: [Errno 111] Connection refused""))"
2026-09-18T15:08:57.480533,call_2,PUT,http://localhost/api/v1/mock/mock-swagger/api/v3/pet,0,1.74,"HTTPConnectionPool(host='localhost', port=80): Max retries exceeded with url: /api/v1/mock/mock-swagger/api/v3/pet (Caused by NewConnectionError(""HTTPConnection(host='localhost', port=80): Failed to establish a new connection: [Errno 111] Connection refused""))"
2026-09-18T15:08:57.509940,call_4,POST,http://localhost/api/v1/mock/mock-swagger/api/v3/user/createWithList,0,1.75,"HTTPConnectionPool(host='localhost', port=80): Max retries exceeded with url: /api/v1/mock/mock-swagger/api/v3/user/createWithList (Caused by NewConnectionError(""HTTPConnection(host='localhost', port=80): Failed to establish a new connection: [Errno 111] Connection refused""))"
2026-09-18T15:08:57.529549,call_1,POST,http://localhost/api/v1/mock/mock-swagger/api/v3/pet,0,1.84,"HTTPConnectionPool(host='localhost', port=80): Max retries exceeded with url: /api/v1/mock/mock-swagger/api/v3/pet (Caused by NewConnectionError(""HTTPConnection(host='localhost', port=80): Failed to establish a new connection: [Errno 111] Connection refused""))"
2026-09-18T15:08:57.553275,call_4,POST,http://localhost/api/v1/mock/mock-swagger/api/v3/user/createWithList,0,2.16,"HTTPConnectionPool(host='localhost', port=80): Max retries exceeded with url: /api/v1/mock/mock-swagger/api/v3/user/createWithList (Caused by NewConnectionError(""HTTPConnection(host='localhost', port=80): Failed to establish a new connection: [Errno 111] Connection refused""))"
2026-09-18T15:08:57.563604,call_1,POST,http://localhost/api/v1/mock/mock-swagger/api/v3/pet,0,1.92,"HTTPConnectionPool(host='localhost', port=80): Max retries exceeded with url: /api/v1/mock/mock-swagger/api/v3/pet (Caused by NewConnectionError(""HTTPConnection(host='localhost', port=80): Failed to establish a new connection: [Errno 111] Connection refused""))"
2026-09-18T15:08:57.582382,call_3,GET,http://localhost/api/v1/mock/mock-swagger/api/v3/store/inventory,0,1.69,"HTTPConnectionPool(host='localhost', port=80): Max retries exceeded with url: /api/v1/mock/mock-swagger/api/v3/store/inventory (Caused by NewConnectionError(""HTTPConnection(host='localhost', port=80): Failed to establish a new connection: [Errno 111] Connection refused""))"
2026-09-18T15:08:57.611831,call_5,DELETE,http://localhost/api/v1/mock/mock-swagger/api/v3/user/{username},0,1.71,"HTTPConnectionPool(host='localhost', port=80): Max retries exceeded with url: /api/v1/mock/mock-swagger/api/v3/user/%7Busername%7D (Caused by NewConnectionError(""HTTPConnection(host='localhost', port=80): Failed to establish a new connection: [Errno 111] Connection refused""))"
2026-09-18T15:08:57.631492,call_2,PUT,http://localhost/api/v1/mock/mock-swagger/api/v3/pet,0,1.76,"HTTPConnectionPool(host='localhost', port=80): Max retries exceeded with url: /api/v1/mock/mock-swagger/api/v3/pet (Caused by NewConnectionError(""HTTPConnection(host='localhost', port=80): Failed to establish a new connection: [Errno 111] Connection refused""))"
2026-09-18T15:08:57.656284,call_5,DELETE,http://localhost/api/v1/mock/mock-swagger/api/v3/user/{username},0,2.06,"HTTPConnectionPool(host='localhost', port=80): Max retries exceeded with url: /api/v1/mock/mock-swagger/api/v3/user/%7Busername%7D (Caused by NewConnectionError(""HTTPConnection(host='localhost', port=80): Failed to establish a new connection: [Errno 111] Connection refused""))"
2026-09-18T15:08:57.665588,call_2,PUT,http://localhost/api/v1/mock/mock-swagger/api/v3/pet,0,1.8,"HTTPConnectionPool(host='localhost', port=80): Max retries exceeded with url: /api/v1/mock/mock-swagger/api/v3/pet (Caused by NewConnectionError(""HTTPConnection(host='localhost', port=80): Failed to establish a new connection: [Errno 111] Connection refused""))"
2026-09-18T15:08:57.684289,call_4,POST,http://localhost/api/v1/mock/mock-swagger/api/v3/user/createWithList,0,1.75,"HTTPConnectionPool(host='localhost', port=80): Max retries exceeded with url: /api/v1/mock/mock-swagger/api/v3/user/createWithList (Caused by NewConnectionError(""HTTPConnection(host='localhost', port=80): Failed to establish a new connection: [Errno 111] Connection refused""))"
2026-09-18T15:08:57.713739,call_1,POST,http://localhost/api/v1/mock/mock-swagger/api/v3/pet,0,1.73,"HTTPConnectionPool(host='localhost', port=80): Max retries exceeded with url: /api/v1/mock/mock-swagger/api/v3/pet (Caused by NewConnectionError(""HTTPConnection(host='localhost', port=80): Failed to establish a new connection: [Errno 111] Connection refused""))"
2026-09-18T15:08:57.733410,call_3,GET,http://localhost/api/v1/mock/mock-swagger/api/v3/store/inventory,0,1.74,"HTTPConnectionPool(host='localhost', port=80): Max retries exceeded with url: /api/v1/mock/mock-swagger/api/v3/store/inventory (Caused by NewConnectionError(""HTTPConnection(host='localhost', port=80): Failed to establish a new connection: [Errno 111] Connection refused""))"
2026-09-18T15:08:57.759939,call_1,POST,http://localhost/api/v1/mock/mock-swagger/api/v3/pet,0,2.71,"HTTPConnectionPool(host='localhost', port=80): Max retries exceeded with url: /api/v1/mock/mock-swagger/api/v3/pet (Caused by NewConnectionError(""HTTPConnection(host='localhost', port=80): Failed to establish a new connection: [Errno 111] Connection refused""))"
2026-09-18T15:08:57.767592,call_3,GET,http://localhost/api/v1/mock/mock-swagger/api/v3/store/inventory,0,1.82,"HTTPConnectionPool(host='localhost', port=80): Max retries exceeded with url: /api/v1/mock/mock-swagger/api/v3/store/inventory (Caused by NewConnectionError(""HTTPConnection(host='localhost', port=80): Failed to establish a new connection: [Errno 111] Connection refused""))"
2026-09-18T15:08:57.786702,call_5,DELETE,http://localhost/api/v1/mock/mock-swagger/api/v3/user/{username},0,2.26,"HTTPConnectionPool(host='localhost', port=80): Max retries exceeded with url: /api/v1/mock/mock-swagger/api/v3/user/%7Busername%7D (Caused by NewConnectionError(""HTTPConnection(host='localhost', port=80): Failed to establish a new connection: [Errno 111] Connection refused""))"
2026-09-18T15:08:57.815583,call_2,PUT,http://localhost/api/v1/mock/mock-swagger/api/v3/pet,0,1.67,"HTTPConnectionPool(host='localhost', port=80): Max retries exceeded with url: /api/v1/mock/mock-swagger/api/v3/pet (Caused by NewConnectionError(""HTTPConnection(host='localhost', port=80): Failed to establish a new connection: [Errno 111] Connection refused""))"
2026-09-18T15:08:57.835732,call_4,POST,http://localhost/api/v1/mock/mock-swagger/api/v3/user/createWithList,0,2.17,"HTTPConnectionPool(host='localhost', port=80): Max retries exceeded with url: /api/v1/mock/mock-swagger/api/v3/user/createWithList (Caused by NewConnectionError(""HTTPConnection(host='localhost', port=80): Failed to establish a new connection: [Errno 111] Connection refused""))"
2026-09-18T15:08:57.862279,call_2,PUT,http://localhost/api/v1/mock/mock-swagger/api/v3/pet,0,2.02,"HTTPConnectionPool(host='localhost', port=80): Max retries exceeded with url: /api/v1/mock/mock-swagger/api/v3/pet (Caused by NewConnectionError(""HTTPConnection(host='localhost', port=80): Failed to establish a new connection: [Errno 111] Connection refused""))"
2026-09-18T15:08:57.869553,call_4,POST,http://localhost/api/v1/mock/mock-swagger/api/v3/user/createWithList,0,1.81,"HTTPConnectionPool(host='localhost', port=80): Max retries exceeded with url: /api/v1/mock/mock-swagger/api/v3/user/createWithList (Caused by NewConnectionError(""HTTPConnection(host='localhost', port=80): Failed to establish a new connection: [Errno 111] Connection refused""))"
2026-09-18T15:08:57.888592,call_1,POST,http://localhost/api/v1/mock/mock-swagger/api/v3/pet,0,1.71,"HTTPConnectionPool(host='localhost', port=80): Max retries exceeded with url: /api/v1/mock/mock-swagger/api/v3/pet (Caused by NewConnectionError(""HTTPConnection(host='localhost', port=80): Failed to establish a new connection: [Errno 111] Connection refused""))"
2026-09-18T15:08:57.917391,call_3,GET,http://localhost/api/v1/mock/mock-swagger/api/v3/store/inventory,0,1.63,"HTTPConnectionPool(host='localhost', port=80): Max retries exceeded with url: /api/v1/mock/mock-swagger/api/v3/store/inventory (Caused by NewConnectionError(""HTTPConnection(host='localhost', port=80): Failed to establish a new connection: [Errno 111] Connection refused""))"
2026-09-18T15:08:57.937721,call_5,DELETE,http://localhost/api/v1/mock/mock-swagger/api/v3/user/{username},0,1.79,"HTTPConnectionPool(host='localhost', port=80): Max retries exceeded with url: /api/v1/mock/mock-swagger/api/v3/user/%7Busername%7D (Caused by NewConnectionError(""HTTPConnection(host='localhost', port=80): Failed to establish a new connection: [Errno 111] Connection refused""))"
2026-09-18T15:08:57.965483,call_3,GET,http://localhost/api/v1/mock/mock-swagger/api/v3/store/inventory,0,2.07,"HTTPConnectionPool(host='localhost', port=80): Max retries exceeded with url: /api/v1/mock/mock-swagger/api/v3/store/inventory (Caused by NewConnectionError(""HTTPConnection(host='localhost', port=80): Failed to establish a new connection: [Errno 111] Connection refused""))"
2026-09-18T15:08:57.971638,call_5,DELETE,http://localhost/api/v1/mock/mock-swagger/api/v3/user/{username},0,1.9,"HTTPConnectionPool(host='localhost', port=80): Max retries exceeded with url: /api/v1/mock/mock-swagger/api/v3/user/%7Busername%7D (Caused by NewConnectionError(""HTTPConnection(host='localhost', port=80): Failed to establish a new connection: [Errno 111] Connection refused""))"
2026-09-18T15:08:57.991050,call_2,PUT,http://localhost/api/v1/mock/mock-swagger/api/v3/pet,0,2.31,"HTTPConnectionPool(host='localhost', port=80): Max retries exceeded with url: /api/v1/mock/mock-swagger/api/v3/pet (Caused by NewConnectionError(""HTTPConnection(host='localhost', port=80): Failed to establish a new connection: [Errno 111] Connection refused""))"
2026-09-18T15:08:58.019224,call_4,POST,http://localhost/api/v1/mock/mock-swagger/api/v3/user/createWithList,0,1.66,"HTTPConnectionPool(host='localhost', port=80): Max retries exceeded with url: /api/v1/mock/mock-swagger/api/v3/user/createWithList (Caused by NewConnectionError(""HTTPConnection(host='localhost', port=80): Failed to establish a new connection: [Errno 111] Connection refused""))"
2026-09-18T15:08:58.039696,call_1,POST,http://localhost/api/v1/mock/mock-swagger/api/v3/pet,0,1.83,"HTTPConnectionPool(host='localhost', port=80): Max retries exceeded with url: /api/v1/mock/mock-swagger/api/v3/pet (Caused by NewConnectionError(""HTTPConnection(host='localhost', port=80): Failed to establish a new connection: [Errno 111] Connection refused""))"
2026-09-18T15:08:58.068590,call_4,POST,http://localhost/api/v1/mock/mock-swagger/api/v3/user/createWithList,0,2.05,"HTTPConnectionPool(host='localhost', port=80): Max retries exceeded with url: /api/v1/mock/mock-swagger/api/v3/user/createWithList (Caused by NewConnectionError(""HTTPConnection(host='localhost', port=80): Failed to establish a new connection: [Errno 111] Connection refused""))"
2026-09-18T15:08:58.073464,call_1,POST,http://localhost/api/v1/mock/mock-swagger/api/v3/pet,0,1.65,"HTTPConnectionPool(host='localhost', port=80): Max retries exceeded with url: /api/v1/mock/mock-swagger/api/v3/pet (Caused by NewConnectionError(""HTTPConnection(host='localhost', port=80): Failed to establish a new connection: [Errno 111] Connection refused""))"
2026-09-18T15:08:58.092802,call_3,GET,http://localhost/api/v1/mock/mock-swagger/api/v3/store/inventory,0,1.57,"HTTPConnectionPool(host='localhost', port=80): Max retries exceeded with url: /api/v1/mock/mock-swagger/api/v3/store/inventory (Caused by NewConnectionError(""HTTPConnection(host='localhost', port=80): Failed to establish a new connection: [Errno 111] Connection refused""))"
2026-09-18T15:08:58.121849,call_5,DELETE,http://localhost/api/v1/mock/mock-swagger/api/v3/user/{username},0,2.45,"HTTPConnectionPool(host='localhost', port=80): Max retries exceeded with url: /api/v1/mock/mock-swagger/api/v3/user/%7Busername%7D (Caused by NewConnectionError(""HTTPConnection(host='localhost', port=80): Failed to establish a new connection: [Errno 111] Connection refused""))"
2026-09-18T15:08:58.141544,call_2,PUT,http://localhost/api/v1/mock/mock-swagger/api/v3/pet,0,1.71,"HTTPConnectionPool(host='localhost', port=80): Max retries exceeded with url: /api/v1/mock/mock-swagger/api/v3/pet (Caused by NewConnectionError(""HTTPConnection(host='localhost', port=80): Failed to establish a new connection: [Errno 111] Connection refused""))"
2026-09-18T15:08:58.171668,call_5,DELETE,http://localhost/api/v1/mock/mock-swagger/api/v3/user/{username},0,1.93,"HTTPConnectionPool(host='localhost', port=80): Max retries exceeded with url: /api/v1/mock/mock-swagger/api/v3/user/%7Busername%7D (Caused by NewConnectionError(""HTTPConnection(host='localhost', port=80): Failed to establish a new connection: [Errno 111] Connection refused""))"
2026-09-18T15:08:58.176162,call_2,PUT,http://localhost/api/v1/mock/mock-swagger/api/v3/pet,0,2.54,"HTTPConnectionPool(host='localhost', port=80): Max retries exceeded with url: /api/v1/mock/mock-swagger/api/v3/pet (Caused by NewConnectionError(""HTTPConnection(host='localhost', port=80): Failed to establish a new connection: [Errno 111] Connection refused""))"
2026-09-18T15:08:58.194611,call_4,POST,http://localhost/api/v1/mock/mock-swagger/api/v3/user/createWithList,0,1.64,"HTTPConnectionPool(host='localhost', port=80): Max retries exceeded with url: /api/v1/mock/mock-swagger/api/v3/user/createWithList (Caused by NewConnectionError(""HTTPConnection(host='localhost', port=80): Failed to establish a new connection: [Errno 111] Connection refused""))"
2026-09-18T15:08:58.224477,call_1,POST,http://localhost/api/v1/mock/mock-swagger/api/v3/pet,0,2.45,"HTTPConnectionPool(host='localhost', port=80): Max retries exceeded with url: /api/v1/mock/mock-swagger/api/v3/pet (Caused by NewConnectionError(""HTTPConnection(host='localhost', port=80): Failed to establish a new connection: [Errno 111] Connection refused""))"
2026-09-18T15:08:58.243357,call_3,GET,http://localhost/api/v1/mock/mock-swagger/api/v3/store/inventory,0,1.66,"HTTPConnectionPool(host='localhost', port=80): Max retries exceeded with url: /api/v1/mock/mock-swagger/api/v3/store/inventory (Caused by NewConnectionError(""HTTPConnection(host='localhost', port=80): Failed to establish a new connection: [Errno 111] Connection refused""))"
2026-09-18T15:08:58.274806,call_1,POST,http://localhost/api/v1/mock/mock-swagger/api/v3/pet,0,1.98,"HTTPConnectionPool(host='localhost', port=80): Max retries exceeded with url: /api/v1/mock/mock-swagger/api/v3/pet (Caused by NewConnectionError(""HTTPConnection(host='localhost', port=80): Failed to establish a new connection: [Errno 111] Connection refused""))"
2026-09-18T15:08:58.277906,call_3,GET,http://localhost/api/v1/mock/mock-swagger/api/v3/store/inventory,0,1.61,"HTTPConnectionPool(host='localhost', port=80): Max retries exceeded with url: /api/v1/mock/mock-swagger/api/v3/store/inventory (Caused by NewConnectionError(""HTTPConnection(host='localhost', port=80): Failed to establish a new connection: [Errno 111] Connection refused""))"
2026-09-18T15:08:58.296399,call_5,DELETE,http://localhost/api/v1/mock/mock-swagger/api/v3/user/{username},0,1.62,"HTTPConnectionPool(host='localhost', port=80): Max retries exceeded with url: /api/v1/mock/mock-swagger/api/v3/user/%7Busername%7D (Caused by NewConnectionError(""HTTPConnection(host='localhost', port=80): Failed to establish a new connection: [Errno 111] Connection refused""))"
2026-09-18T15:08:58.326260,call_2,PUT,http://localhost/api/v1/mock/mock-swagger/api/v3/pet,0,1.61,"HTTPConnectionPool(host='localhost', port=80): Max retries exceeded with url: /api/v1/mock/mock-swagger/api/v3/pet (Caused by NewConnectionError(""HTTPConnection(host='localhost', port=80): Failed to establish a new connection: [Errno 111] Connection refused""))"
2026-09-18T15:08:58.345587,call_4,POST,http://localhost/api/v1/mock/mock-swagger/api/v3/user/createWithList,0,2.09,"HTTPConnectionPool(host='localhost', port=80): Max retries exceeded with url: /api/v1/mock/mock-swagger/api/v3/user/createWithList (Caused by NewConnectionError(""HTTPConnection(host='localhost', port=80): Failed to establish a new connection: [Errno 111] Connection refused""))"
2026-09-18T15:08:58.377824,call_2,PUT,http://localhost/api/v1/mock/mock-swagger/api/v3/pet,0,1.98,"HTTPConnectionPool(host='localhost', port=80): Max retries exceeded with url: /api/v1/mock/mock-swagger/api/v3/pet (Caused by NewConnectionError(""HTTPConnection(host='localhost', port=80): Failed to establish a new connection: [Errno 111] Connection refused""))"
2026-09-18T15:08:58.379736,call_4,POST,http://localhost/api/v1/mock/mock-swagger/api/v3/user/createWithList,0,1.66,"HTTPConnectionPool(host='localhost', port=80): Max retries exceeded with url: /api/v1/mock/mock-swagger/api/v3/user/createWithList (Caused by NewConnectionError(""HTTPConnection(host='localhost', port=80): Failed to establish a new connection: [Errno 111] Connection refused""))"
2026-09-18T15:08:58.398163,call_1,POST,http://localhost/api/v1/mock/mock-swagger/api/v3/pet,0,1.6,"HTTPConnectionPool(host='localhost', port=80): Max retries exceeded with url: /api/v1/mock/mock-swagger/api/v3/pet (Caused by NewConnectionError(""HTTPConnection(host='localhost', port=80): Failed to establish a new connection: [Errno 111] Connection refused""))"
2026-09-18T15:08:58.428011,call_3,GET,http://localhost/api/v1/mock/mock-swagger/api/v3/store/inventory,0,1.58,"HTTPConnectionPool(host='localhost', port=80): Max retries exceeded with url: /api/v1/mock/mock-swagger/api/v3/store/inventory (Caused by NewConnectionError(""HTTPConnection(host='localhost', port=80): Failed to establish a new connection: [Errno 111] Connection refused""))"
2026-09-18T15:08:58.447419,call_5,DELETE,http://localhost/api/v1/mock/mock-swagger/api/v3/user/{username},0,1.66,"HTTPConnectionPool(host='localhost', port=80): Max retries exceeded with url: /api/v1/mock/mock-swagger/api/v3/user/%7Busername%7D (Caused by NewConnectionError(""HTTPConnection(host='localhost', port=80): Failed to establish a new connection: [Errno 111] Connection refused""))"
2026-09-18T15:08:58.482370,call_3,GET,http://localhost/api/v1/mock/mock-swagger/api/v3/store/inventory,0,3.46,"HTTPConnectionPool(host='localhost', port=80): Max retries exceeded with url: /api/v1/mock/mock-swagger/api/v3/store/inventory (Caused by NewConnectionError(""HTTPConnection(host='localhost', port=80): Failed to establish a new connection: [Errno 111] Connection refused""))"
2026-09-18T15:08:58.482819,call_5,DELETE,http://localhost/api/v1/mock/mock-swagger/api/v3/user/{username},0,2.72,"HTTPConnectionPool(host='localhost', port=80): Max retries exceeded with url: /api/v1/mock/mock-swagger/api/v3/user/%7Busername%7D (Caused by NewConnectionError(""HTTPConnection(host='localhost', port=80): Failed to establish a new connection: [Errno 111] Connection refused""))"
2026-09-18T15:08:58.500369,call_2,PUT,http://localhost/api/v1/mock/mock-swagger/api/v3/pet,0,2.07,"HTTPConnectionPool(host='localhost', port=80): Max retries exceeded with url: /api/v1/mock/mock-swagger/api/v3/pet (Caused by NewConnectionError(""HTTPConnection(host='localhost', port=80): Failed to establish a new connection: [Errno 111] Connection refused""))"
2026-09-18T15:08:58.529817,call_4,POST,http://localhost/api/v1/mock/mock-swagger/api/v3/user/createWithList,0,1.63,"HTTPConnectionPool(host='localhost', port=80): Max retries exceeded with url: /api/v1/mock/mock-swagger/api/v3/user/createWithList (Caused by NewConnectionError(""HTTPConnection(host='localhost', port=80): Failed to establish a new connection: [Errno 111] Connection refused""))"
2026-09-18T15:08:58.549238,call_1,POST,http://localhost/api/v1/mock/mock-swagger/api/v3/pet,0,1.65,"HTTPConnectionPool(host='localhost', port=80): Max retries exceeded with url: /api/v1/mock/mock-swagger/api/v3/pet (Caused by NewConnectionError(""HTTPConnection(host='localhost', port=80): Failed to establish a new connection: [Errno 111] Connection refused""))"
2026-09-18T15:08:58.586728,call_4,POST,http://localhost/api/v1/mock/mock-swagger/api/v3/user/createWithList,0,3.38,"HTTPConnectionPool(host='localhost', port=80): Max retries exceeded with url: /api/v1/mock/mock-swagger/api/v3/user/createWithList (Caused by NewConnectionError(""HTTPConnection(host='localhost', port=80): Failed to establish a new connection: [Errno 111] Connection refused""))"
2026-09-18T15:08:58.586975,call_1,POST,http://localhost/api/v1/mock/mock-swagger/api/v3/pet,0,2.51,"HTTPConnectionPool(host='localhost', port=80): Max retries exceeded with url: /api/v1/mock/mock-swagger/api/v3/pet (Caused by NewConnectionError(""HTTPConnection(host='localhost', port=80): Failed to establish a new connection: [Errno 111] Connection refused""))"
2026-09-18T15:08:58.602164,call_3,GET,http://localhost/api/v1/mock/mock-swagger/api/v3/store/inventory,0,1.65,"HTTPConnectionPool(host='localhost', port=80): Max retries exceeded with url: /api/v1/mock/mock-swagger/api/v3/store/inventory (Caused by NewConnectionError(""HTTPConnection(host='localhost', port=80): Failed to establish a new connection: [Errno 111] Connection refused""))"
2026-09-18T15:08:58.631668,call_5,DELETE,http://localhost/api/v1/mock/mock-swagger/api/v3/user/{username},0,1.67,"HTTPConnectionPool(host='localhost', port=80): Max retries exceeded with url: /api/v1/mock/mock-swagger/api/v3/user/%7Busername%7D (Caused by NewConnectionError(""HTTPConnection(host='localhost', port=80): Failed to establish a new connection: [Errno 111] Connection refused""))"
2026-09-18T15:08:58.651017,call_2,PUT,http://localhost/api/v1/mock/mock-swagger/api/v3/pet,0,1.64,"HTTPConnectionPool(host='localhost', port=80): Max retries exceeded with url: /api/v1/mock/mock-swagger/api/v3/pet (Caused by NewConnectionError(""HTTPConnection(host='localhost', port=80): Failed to establish a new connection: [Errno 111] Connection refused""))"
2026-09-18T15:08:58.691525,call_5,DELETE,http://localhost/api/v1/mock/mock-swagger/api/v3/user/{username},0,3.62,"HTTPConnectionPool(host='localhost', port=80): Max retries exceeded with url: /api/v1/mock/mock-swagger/api/v3/user/%7Busername%7D (Caused by NewConnectionError(""HTTPConnection(host='localhost', port=80): Failed to establish a new connection: [Errno 111] Connection refused""))"
2026-09-18T15:08:58.691744,call_2,PUT,http://localhost/api/v1/mock/mock-swagger/api/v3/pet,0,2.69,"HTTPConnectionPool(host='localhost', port=80): Max retries exceeded with url: /api/v1/mock/mock-swagger/api/v3/pet (Caused by NewConnectionError(""HTTPConnection(host='localhost', port=80): Failed to establish a new connection: [Errno 111] Connection refused""))"
2026-09-18T15:08:58.703956,call_4,POST,http://localhost/api/v1/mock/mock-swagger/api/v3/user/createWithList,0,1.66,"HTTPConnectionPool(host='localhost', port=80): Max retries exceeded with url: /api/v1/mock/mock-swagger/api/v3/user/createWithList (Caused by NewConnectionError(""HTTPConnection(host='localhost', port=80): Failed to establish a new connection: [Errno 111] Connection refused""))"
2026-09-18T15:08:58.734017,call_1,POST,http://localhost/api/v1/mock/mock-swagger/api/v3/pet,0,2.16,"HTTPConnectionPool(host='localhost', port=80): Max retries exceeded with url: /api/v1/mock/mock-swagger/api/v3/pet (Caused by NewConnectionError(""HTTPConnection(host='localhost', port=80): Failed to establish a new connection: [Errno 111] Connection refused""))"
2026-09-18T15:08:58.752070,call_3,GET,http://localhost/api/v1/mock/mock-swagger/api/v3/store/inventory,0,0.92,"HTTPConnectionPool(host='localhost', port=80): Max retries exceeded with url: /api/v1/mock/mock-swagger/api/v3/store/inventory (Caused by NewConnectionError(""HTTPConnection(host='localhost', port=80): Failed to establish a new connection: [Errno 111] Connection refused""))"
2026-09-18T15:08:58.796083,call_1,POST,http://localhost/api/v1/mock/mock-swagger/api/v3/pet,0,3.59,"HTTPConnectionPool(host='localhost', port=80): Max retries exceeded with url: /api/v1/mock/mock-swagger/api/v3/pet (Caused by NewConnectionError(""HTTPConnection(host='localhost', port=80): Failed to establish a new connection: [Errno 111] Connection refused""))"
2026-09-18T15:08:58.796478,call_3,GET,http://localhost/api/v1/mock/mock-swagger/api/v3/store/inventory,0,2.83,"HTTPConnectionPool(host='localhost', port=80): Max retries exceeded with url: /api/v1/mock/mock-swagger/api/v3/store/inventory (Caused by NewConnectionError(""HTTPConnection(host='localhost', port=80): Failed to establish a new connection: [Errno 111] Connection refused""))"
2026-09-18T15:08:58.805835,call_5,DELETE,http://localhost/api/v1/mock/mock-swagger/api/v3/user/{username},0,1.71,"HTTPConnectionPool(host='localhost', port=80): Max retries exceeded with url: /api/v1/mock/mock-swagger/api/v3/user/%7Busername%7D (Caused by NewConnectionError(""HTTPConnection(host='localhost', port=80): Failed to establish a new connection: [Errno 111] Connection refused""))"
2026-09-18T15:08:58.835869,call_2,PUT,http://localhost/api/v1/mock/mock-swagger/api/v3/pet,0,1.67,"HTTPConnectionPool(host='localhost', port=80): Max retries exceeded with url: /api/v1/mock/mock-swagger/api/v3/pet (Caused by NewConnectionError(""HTTPConnection(host='localhost', port=80): Failed to establish a new connection: [Errno 111] Connection refused""))"
2026-09-18T15:08:58.853873,call_4,POST,http://localhost/api/v1/mock/mock-swagger/api/v3/user/createWithList,0,1.64,"HTTPConnectionPool(host='localhost', port=80): Max retries exceeded with url: /api/v1/mock/mock-swagger/api/v3/user/createWithList (Caused by NewConnectionError(""HTTPConnection(host='localhost', port=80): Failed to establish a new connection: [Errno 111] Connection refused""))"
2026-09-18T15:08:58.901379,call_2,PUT,http://localhost/api/v1/mock/mock-swagger/api/v3/pet,0,4.32,"HTTPConnectionPool(host='localhost', port=80): Max retries exceeded with url: /api/v1/mock/mock-swagger/api/v3/pet (Caused by NewConnectionError(""HTTPConnection(host='localhost', port=80): Failed to establish a new connection: [Errno 111] Connection refused""))"
2026-09-18T15:08:58.902159,call_4,POST,http://localhost/api/v1/mock/mock-swagger/api/v3/user/createWithList,0,3.96,"HTTPConnectionPool(host='localhost', port=80): Max retries exceeded with url: /api/v1/mock/mock-swagger/api/v3/user/createWithList (Caused by NewConnectionError(""HTTPConnection(host='localhost', port=80): Failed to establish a new connection: [Errno 111] Connection refused""))"
2026-09-18T15:08:58.907628,call_1,POST,http://localhost/api/v1/mock/mock-swagger/api/v3/pet,0,1.62,"HTTPConnectionPool(host='localhost', port=80): Max retries exceeded with url: /api/v1/mock/mock-swagger/api/v3/pet (Caused by NewConnectionError(""HTTPConnection(host='localhost', port=80): Failed to establish a new connection: [Errno 111] Connection refused""))"
2026-09-18T15:08:58.937707,call_3,GET,http://localhost/api/v1/mock/mock-swagger/api/v3/store/inventory,0,1.66,"HTTPConnectionPool(host='localhost', port=80): Max retries exceeded with url: /api/v1/mock/mock-swagger/api/v3/store/inventory (Caused by NewConnectionError(""HTTPConnection(host='localhost', port=80): Failed to establish a new connection: [Errno 111] Connection refused""))"
2026-09-18T15:08:58.946900,call_1,POST,http://localhost/api/v1/mock/mock-swagger/api/v3/pet,0,1.63,"HTTPConnectionPool(host='localhost', port=80): Max retries exceeded with url: /api/v1/mock/mock-swagger/api/v3/pet (Caused by NewConnectionError(""HTTPConnection(host='localhost', port=80): Failed to establish a new connection: [Errno 111] Connection refused""))"
2026-09-18T15:08:58.955677,call_5,DELETE,http://localhost/api/v1/mock/mock-swagger/api/v3/user/{username},0,1.64,"HTTPConnectionPool(host='localhost', port=80): Max retries exceeded with url: /api/v1/mock/mock-swagger/api/v3/user/%7Busername%7D (Caused by NewConnectionError(""HTTPConnection(host='localhost', port=80): Failed to establish a new connection: [Errno 111] Connection refused""))"
2026-09-18T15:08:59.084850,call_1,POST,http://localhost/api/v1/mock/mock-swagger/api/v3/pet,0,18.98,"HTTPConnectionPool(host='localhost', port=80): Max retries exceeded with url: /api/v1/mock/mock-swagger/api/v3/pet (Caused by NewConnectionError(""HTTPConnection(host='localhost', port=80): Failed to establish a new connection: [Errno 111] Connection refused""))"
2026-09-18T15:08:59.086416,call_4,POST,http://localhost/api/v1/mock/mock-swagger/api/v3/user/createWithList,0,18.12,"HTTPConnectionPool(host='localhost', port=80): Max retries exceeded with url: /api/v1/mock/mock-swagger/api/v3/user/createWithList (Caused by NewConnectionError(""HTTPConnection(host='localhost', port=80): Failed to establish a new connection: [Errno 111] Connection refused""))"
2026-09-18T15:08:59.087210,call_5,DELETE,http://localhost/api/v1/mock/mock-swagger/api/v3/user/{username},0,13.45,"HTTPConnectionPool(host='localhost', port=80): Max retries exceeded with url: /api/v1/mock/mock-swagger/api/v3/user/%7Busername%7D (Caused by NewConnectionError(""HTTPConnection(host='localhost', port=80): Failed to establish a new connection: [Errno 111] Connection refused""))"
2026-09-18T15:08:59.087475,call_3,GET,http://localhost/api/v1/mock/mock-swagger/api/v3/store/inventory,0,10.38,"HTTPConnectionPool(host='localhost', port=80): Max retries exceeded with url: /api/v1/mock/mock-swagger/api/v3/store/inventory (Caused by NewConnectionError(""HTTPConnection(host='localhost', port=80): Failed to establish a new connection: [Errno 111] Connection refused""))"
2026-09-18T15:08:59.088077,call_2,PUT,http://localhost/api/v1/mock/mock-swagger/api/v3/pet,0,15.43,"HTTPConnectionPool(host='localhost', port=80): Max retries exceeded with url: /api/v1/mock/mock-swagger/api/v3/pet (Caused by NewConnectionError(""HTTPConnection(host='localhost', port=80): Failed to establish a new connection: [Errno 111] Connection refused""))"
2026-09-18T15:08:59.088814,call_2,PUT,http://localhost/api/v1/mock/mock-swagger/api/v3/pet,0,8.94,"HTTPConnectionPool(host='localhost', port=80): Max retries exceeded with url: /api/v1/mock/mock-swagger/api/v3/pet (Caused by NewConnectionError(""HTTPConnection(host='localhost', port=80): Failed to establish a new connection: [Errno 111] Connection refused""))"
2026-09-18T15:08:59.200055,call_2,PUT,http://localhost/api/v1/mock/mock-swagger/api/v3/pet,0,15.02,"HTTPConnectionPool(host='localhost', port=80): Max retries exceeded with url: /api/v1/mock/mock-swagger/api/v3/pet (Caused by NewConnectionError(""HTTPConnection(host='localhost', port=80): Failed to establish a new connection: [Errno 111] Connection refused""))"
2026-09-18T15:08:59.200429,call_3,GET,http://localhost/api/v1/mock/mock-swagger/api/v3/store/inventory,0,6.9,"HTTPConnectionPool(host='localhost', port=80): Max retries exceeded with url: /api/v1/mock/mock-swagger/api/v3/store/inventory (Caused by NewConnectionError(""HTTPConnection(host='localhost', port=80): Failed to establish a new connection: [Errno 111] Connection refused""))"
2026-09-18T15:08:59.200865,call_4,POST,http://localhost/api/v1/mock/mock-swagger/api/v3/user/createWithList,0,3.94,"HTTPConnectionPool(host='localhost', port=80): Max retries exceeded with url: /api/v1/mock/mock-swagger/api/v3/user/createWithList (Caused by NewConnectionError(""HTTPConnection(host='localhost', port=80): Failed to establish a new connection: [Errno 111] Connection refused""))"
2026-09-18T15:08:59.201393,call_5,DELETE,http://localhost/api/v1/mock/mock-swagger/api/v3/user/{username},0,13.9,"HTTPConnectionPool(host='localhost', port=80): Max retries exceeded with url: /api/v1/mock/mock-swagger/api/v3/user/%7Busername%7D (Caused by NewConnectionError(""HTTPConnection(host='localhost', port=80): Failed to establish a new connection: [Errno 111] Connection refused""))"
2026-09-18T15:08:59.202227,call_1,POST,http://localhost/api/v1/mock/mock-swagger/api/v3/pet,0,13.14,"HTTPConnectionPool(host='localhost', port=80): Max retries exceeded with url: /api/v1/mock/mock-swagger/api/v3/pet (Caused by NewConnectionError(""HTTPConnection(host='localhost', port=80): Failed to establish a new connection: [Errno 111] Connection refused""))"
2026-09-18T15:08:59.202939,call_3,GET,http://localhost/api/v1/mock/mock-swagger/api/v3/store/inventory,0,11.52,"HTTPConnectionPool(host='localhost', port=80): Max retries exceeded with url: /api/v1/mock/mock-swagger/api/v3/store/inventory (Caused by NewConnectionError(""HTTPConnection(host='localhost', port=80): Failed to establish a new connection: [Errno 111] Connection refused""))"
2026-09-18T15:08:59.313606,call_5,DELETE,http://localhost/api/v1/mock/mock-swagger/api/v3/user/{username},0,12.59,"HTTPConnectionPool(host='localhost', port=80): Max retries exceeded with url: /api/v1/mock/mock-swagger/api/v3/user/%7Busername%7D (Caused by NewConnectionError(""HTTPConnection(host='localhost', port=80): Failed to establish a new connection: [Errno 111] Connection refused""))"
2026-09-18T15:08:59.313903,call_4,POST,http://localhost/api/v1/mock/mock-swagger/api/v3/user/createWithList,0,7.54,"HTTPConnectionPool(host='localhost', port=80): Max retries exceeded with url: /api/v1/mock/mock-swagger/api/v3/user/createWithList (Caused by NewConnectionError(""HTTPConnection(host='localhost', port=80): Failed to establish a new connection: [Errno 111] Connection refused""))"
2026-09-18T15:08:59.314620,call_1,POST,http://localhost/api/v1/mock/mock-swagger/api/v3/pet,0,3.94,"HTTPConnectionPool(host='localhost', port=80): Max retries exceeded with url: /api/v1/mock/mock-swagger/api/v3/pet (Caused by NewConnectionError(""HTTPConnection(host='localhost', port=80): Failed to establish a new connection: [Errno 111] Connection refused""))"
2026-09-18T15:08:59.315719,call_2,PUT,http://localhost/api/v1/mock/mock-swagger/api/v3/pet,0,13.32,"HTTPConnectionPool(host='localhost', port=80): Max retries exceeded with url: /api/v1/mock/mock-swagger/api/v3/pet (Caused by NewConnectionError(""HTTPConnection(host='localhost', port=80): Failed to establish a new connection: [Errno 111] Connection refused""))"
2026-09-18T15:08:59.316083,call_4,POST,http://localhost/api/v1/mock/mock-swagger/api/v3/user/createWithList,0,12.53,"HTTPConnectionPool(host='localhost', port=80): Max retries exceeded with url: /api/v1/mock/mock-swagger/api/v3/user/createWithList (Caused by NewConnectionError(""HTTPConnection(host='localhost', port=80): Failed to establish a new connection: [Errno 111] Connection refused""))"
2026-09-18T15:08:59.316894,call_3,GET,http://localhost/api/v1/mock/mock-swagger/api/v3/store/inventory,0,9.25,"HTTPConnectionPool(host='localhost', port=80): Max retries exceeded with url: /api/v1/mock/mock-swagger/api/v3/store/inventory (Caused by NewConnectionError(""HTTPConnection(host='localhost', port=80): Failed to establish a new connection: [Errno 111] Connection refused""))"
2026-09-18T15:08:59.428066,call_5,DELETE,http://localhost/api/v1/mock/mock-swagger/api/v3/user/{username},0,11.76,"HTTPConnectionPool(host='localhost', port=80): Max retries exceeded with url: /api/v1/mock/mock-swagger/api/v3/user/%7Busername%7D (Caused by NewConnectionError(""HTTPConnection(host='localhost', port=80): Failed to establish a new connection: [Errno 111] Connection refused""))"
2026-09-18T15:08:59.429356,call_2,PUT,http://localhost/api/v1/mock/mock-swagger/api/v3/pet,0,11.84,"HTTPConnectionPool(host='localhost', port=80): Max retries exceeded with url: /api/v1/mock/mock-swagger/api/v3/pet (Caused by NewConnectionError(""HTTPConnection(host='localhost', port=80): Failed to establish a new connection: [Errno 111] Connection refused""))"
2026-09-18T15:08:59.429817,call_1,POST,http://localhost/api/v1/mock/mock-swagger/api/v3/pet,0,14.63,"HTTPConnectionPool(host='localhost', port=80): Max retries exceeded with url: /api/v1/mock/mock-swagger/api/v3/pet (Caused by NewConnectionError(""HTTPConnection(host='localhost', port=80): Failed to establish a new connection: [Errno 111] Connection refused""))"
2026-09-18T15:08:59.430214,call_4,POST,http://localhost/api/v1/mock/mock-swagger/api/v3/user/createWithList,0,7.69,"HTTPConnectionPool(host='localhost', port=80): Max retries exceeded with url: /api/v1/mock/mock-swagger/api/v3/user/createWithList (Caused by NewConnectionError(""HTTPConnection(host='localhost', port=80): Failed to establish a new connection: [Errno 111] Connection refused""))"
2026-09-18T15:08:59.430511,call_5,DELETE,http://localhost/api/v1/mock/mock-swagger/api/v3/user/{username},0,10.68,"HTTPConnectionPool(host='localhost', port=80): Max retries exceeded with url: /api/v1/mock/mock-swagger/api/v3/user/%7Busername%7D (Caused by NewConnectionError(""HTTPConnection(host='localhost', port=80): Failed to establish a new connection: [Errno 111] Connection refused""))"
2026-09-18T15:08:59.431259,call_3,GET,http://localhost/api/v1/mock/mock-swagger/api/v3/store/inventory,0,12.62,"HTTPConnectionPool(host='localhost', port=80): Max retries exceeded with url: /api/v1/mock/mock-swagger/api/v3/store/inventory (Caused by NewConnectionError(""HTTPConnection(host='localhost', port=80): Failed to establish a new connection: [Errno 111] Connection refused""))"
2026-09-18T15:08:59.542272,call_2,PUT,http://localhost/api/v1/mock/mock-swagger/api/v3/pet,0,9.42,"HTTPConnectionPool(host='localhost', port=80): Max retries exceeded with url: /api/v1/mock/mock-swagger/api/v3/pet (Caused by NewConnectionError(""HTTPConnection(host='localhost', port=80): Failed to establish a new connection: [Errno 111] Connection refused""))"
2026-09-18T15:08:59.543315,call_1,POST,http://localhost/api/v1/mock/mock-swagger/api/v3/pet,0,8.22,"HTTPConnectionPool(host='localhost', port=80): Max retries exceeded with url: /api/v1/mock/mock-swagger/api/v3/pet (Caused by NewConnectionError(""HTTPConnection(host='localhost', port=80): Failed to establish a new connection: [Errno 111] Connection refused""))"
2026-09-18T15:08:59.544284,call_3,GET,http://localhost/api/v1/mock/mock-swagger/api/v3/store/inventory,0,6.37,"HTTPConnectionPool(host='localhost', port=80): Max retries exceeded with url: /api/v1/mock/mock-swagger/api/v3/store/inventory (Caused by NewConnectionError(""HTTPConnection(host='localhost', port=80): Failed to establish a new connection: [Errno 111] Connection refused""))"
2026-09-18T15:08:59.544898,call_4,POST,http://localhost/api/v1/mock/mock-swagger/api/v3/user/createWithList,0,4.61,"HTTPConnectionPool(host='localhost', port=80): Max retries exceeded with url: /api/v1/mock/mock-swagger/api/v3/user/createWithList (Caused by NewConnectionError(""HTTPConnection(host='localhost', port=80): Failed to establish a new connection: [Errno 111] Connection refused""))"
2026-09-18T15:08:59.545671,call_5,DELETE,http://localhost/api/v1/mock/mock-swagger/api/v3/user/{username},0,11.71,"HTTPConnectionPool(host='localhost', port=80): Max retries exceeded with url: /api/v1/mock/mock-swagger/api/v3/user/%7Busername%7D (Caused by NewConnectionError(""HTTPConnection(host='localhost', port=80): Failed to establish a new connection: [Errno 111] Connection refused""))"
2026-09-18T15:08:59.546600,call_1,POST,http://localhost/api/v1/mock/mock-swagger/api/v3/pet,0,18.35,"HTTPConnectionPool(host='localhost', port=80): Max retries exceeded with url: /api/v1/mock/mock-swagger/api/v3/pet (Caused by NewConnectionError(""HTTPConnection(host='localhost', port=80): Failed to establish a new connection: [Errno 111] Connection refused""))"
2026-09-18T15:08:59.656808,call_3,GET,http://localhost/api/v1/mock/mock-swagger/api/v3/store/inventory,0,14.36,"HTTPConnectionPool(host='localhost', port=80): Max retries exceeded with url: /api/v1/mock/mock-swagger/api/v3/store/inventory (Caused by NewConnectionError(""HTTPConnection(host='localhost', port=80): Failed to establish a new connection: [Errno 111] Connection refused""))"
2026-09-18T15:08:59.657079,call_1,POST,http://localhost/api/v1/mock/mock-swagger/api/v3/pet,0,8.74,"HTTPConnectionPool(host='localhost', port=80): Max retries exceeded with url: /api/v1/mock/mock-swagger/api/v3/pet (Caused by NewConnectionError(""HTTPConnection(host='localhost', port=80): Failed to establish a new connection: [Errno 111] Connection refused""))"
2026-09-18T15:08:59.657377,call_2,PUT,http://localhost/api/v1/mock/mock-swagger/api/v3/pet,0,5.63,"HTTPConnectionPool(host='localhost', port=80): Max retries exceeded with url: /api/v1/mock/mock-swagger/api/v3/pet (Caused by NewConnectionError(""HTTPConnection(host='localhost', port=80): Failed to establish a new connection: [Errno 111] Connection refused""))"
2026-09-18T15:08:59.658842,call_5,DELETE,http://localhost/api/v1/mock/mock-swagger/api/v3/user/{username},0,5.4,"HTTPConnectionPool(host='localhost', port=80): Max retries exceeded with url: /api/v1/mock/mock-swagger/api/v3/user/%7Busername%7D (Caused by NewConnectionError(""HTTPConnection(host='localhost', port=80): Failed to establish a new connection: [Errno 111] Connection refused""))"
2026-09-18T15:08:59.659077,call_2,PUT,http://localhost/api/v1/mock/mock-swagger/api/v3/pet,0,14.37,"HTTPConnectionPool(host='localhost', port=80): Max retries exceeded with url: /api/v1/mock/mock-swagger/api/v3/pet (Caused by NewConnectionError(""HTTPConnection(host='localhost', port=80): Failed to establish a new connection: [Errno 111] Connection refused""))"
2026-09-18T15:08:59.659555,call_4,POST,http://localhost/api/v1/mock/mock-swagger/api/v3/user/createWithList,0,10.07,"HTTPConnectionPool(host='localhost', port=80): Max retries exceeded with url: /api/v1/mock/mock-swagger/api/v3/user/createWithList (Caused by NewConnectionError(""HTTPConnection(host='localhost', port=80): Failed to establish a new connection: [Errno 111] Connection refused""))"
2026-09-18T15:08:59.771848,call_4,POST,http://localhost/api/v1/mock/mock-swagger/api/v3/user/createWithList,0,13.86,"HTTPConnectionPool(host='localhost', port=80): Max retries exceeded with url: /api/v1/mock/mock-swagger/api/v3/user/createWithList (Caused by NewConnectionError(""HTTPConnection(host='localhost', port=80): Failed to establish a new connection: [Errno 111] Connection refused""))"
2026-09-18T15:08:59.772280,call_5,DELETE,http://localhost/api/v1/mock/mock-swagger/api/v3/user/{username},0,8.42,"HTTPConnectionPool(host='localhost', port=80): Max retries exceeded with url: /api/v1/mock/mock-swagger/api/v3/user/%7Busername%7D (Caused by NewConnectionError(""HTTPConnection(host='localhost', port=80): Failed to establish a new connection: [Errno 111] Connection refused""))"
2026-09-18T15:08:59.772657,call_2,PUT,http://localhost/api/v1/mock/mock-swagger/api/v3/pet,0,13.51,"HTTPConnectionPool(host='localhost', port=80): Max retries exceeded with url: /api/v1/mock/mock-swagger/api/v3/pet (Caused by NewConnectionError(""HTTPConnection(host='localhost', port=80): Failed to establish a new connection: [Errno 111] Connection refused""))"
2026-09-18T15:08:59.773227,call_3,GET,http://localhost/api/v1/mock/mock-swagger/api/v3/store/inventory,0,12.95,"HTTPConnectionPool(host='localhost', port=80): Max retries exceeded with url: /api/v1/mock/mock-swagger/api/v3/store/inventory (Caused by NewConnectionError(""HTTPConnection(host='localhost', port=80): Failed to establish a new connection: [Errno 111] Connection refused""))"
2026-09-18T15:08:59.773534,call_3,GET,http://localhost/api/v1/mock/mock-swagger/api/v3/store/inventory,0,8.21,"HTTPConnectionPool(host='localhost', port=80): Max retries exceeded with url: /api/v1/mock/mock-swagger/api/v3/store/inventory (Caused by NewConnectionError(""HTTPConnection(host='localhost', port=80): Failed to establish a new connection: [Errno 111] Connection refused""))"
2026-09-18T15:08:59.773957,call_1,POST,http://localhost/api/v1/mock/mock-swagger/api/v3/pet,0,7.54,"HTTPConnectionPool(host='localhost', port=80): Max retries exceeded with url: /api/v1/mock/mock-swagger/api/v3/pet (Caused by NewConnectionError(""HTTPConnection(host='localhost', port=80): Failed to establish a new connection: [Errno 111] Connection refused""))"
2026-09-18T15:08:59.884676,call_1,POST,http://localhost/api/v1/mock/mock-swagger/api/v3/pet,0,9.89,"HTTPConnectionPool(host='localhost', port=80): Max retries exceeded with url: /api/v1/mock/mock-swagger/api/v3/pet (Caused by NewConnectionError(""HTTPConnection(host='localhost', port=80): Failed to establish a new connection: [Errno 111] Connection refused""))"
2026-09-18T15:08:59.885959,call_4,POST,http://localhost/api/v1/mock/mock-swagger/api/v3/user/createWithList,0,10.07,"HTTPConnectionPool(host='localhost', port=80): Max retries exceeded with url: /api/v1/mock/mock-swagger/api/v3/user/createWithList (Caused by NewConnectionError(""HTTPConnection(host='localhost', port=80): Failed to establish a new connection: [Errno 111] Connection refused""))"
2026-09-18T15:08:59.886267,call_4,POST,http://localhost/api/v1/mock/mock-swagger/api/v3/user/createWithList,0,9.19,"HTTPConnectionPool(host='localhost', port=80): Max retries exceeded with url: /api/v1/mock/mock-swagger/api/v3/user/createWithList (Caused by NewConnectionError(""HTTPConnection(host='localhost', port=80): Failed to establish a new connection: [Errno 111] Connection refused""))"
2026-09-18T15:08:59.887440,call_3,GET,http://localhost/api/v1/mock/mock-swagger/api/v3/store/inventory,0,7.83,"HTTPConnectionPool(host='localhost', port=80): Max retries exceeded with url: /api/v1/mock/mock-swagger/api/v3/store/inventory (Caused by NewConnectionError(""HTTPConnection(host='localhost', port=80): Failed to establish a new connection: [Errno 111] Connection refused""))"
2026-09-18T15:08:59.888257,call_2,PUT,http://localhost/api/v1/mock/mock-swagger/api/v3/pet,0,5.99,"HTTPConnectionPool(host='localhost', port=80): Max retries exceeded with url: /api/v1/mock/mock-swagger/api/v3/pet (Caused by NewConnectionError(""HTTPConnection(host='localhost', port=80): Failed to establish a new connection: [Errno 111] Connection refused""))"
2026-09-18T15:08:59.888743,call_5,DELETE,http://localhost/api/v1/mock/mock-swagger/api/v3/user/{username},0,15.2,"HTTPConnectionPool(host='localhost', port=80): Max retries exceeded with url: /api/v1/mock/mock-swagger/api/v3/user/%7Busername%7D (Caused by NewConnectionError(""HTTPConnection(host='localhost', port=80): Failed to establish a new connection: [Errno 111] Connection refused""))"
2026-09-18T15:08:59.998855,call_2,PUT,http://localhost/api/v1/mock/mock-swagger/api/v3/pet,0,14.0,"HTTPConnectionPool(host='localhost', port=80): Max retries exceeded with url: /api/v1/mock/mock-swagger/api/v3/pet (Caused by NewConnectionError(""HTTPConnection(host='localhost', port=80): Failed to establish a new connection: [Errno 111] Connection refused""))"
2026-09-18T15:09:00.000419,call_5,DELETE,http://localhost/api/v1/mock/mock-swagger/api/v3/user/{username},0,8.06,"HTTPConnectionPool(host='localhost', port=80): Max retries exceeded with url: /api/v1/mock/mock-swagger/api/v3/user/%7Busername%7D (Caused by NewConnectionError(""HTTPConnection(host='localhost', port=80): Failed to establish a new connection: [Errno 111] Connection refused""))"
2026-09-18T15:09:00.000898,call_4,POST,http://localhost/api/v1/mock/mock-swagger/api/v3/user/createWithList,0,4.45,"HTTPConnectionPool(host='localhost', port=80): Max retries exceeded with url: /api/v1/mock/mock-swagger/api/v3/user/createWithList (Caused by NewConnectionError(""HTTPConnection(host='localhost', port=80): Failed to establish a new connection: [Errno 111] Connection refused""))"
2026-09-18T15:09:00.001392,call_3,GET,http://localhost/api/v1/mock/mock-swagger/api/v3/store/inventory,0,10.11,"HTTPConnectionPool(host='localhost', port=80): Max retries exceeded with url: /api/v1/mock/mock-swagger/api/v3/store/inventory (Caused by NewConnectionError(""HTTPConnection(host='localhost', port=80): Failed to establish a new connection: [Errno 111] Connection refused""))"
2026-09-18T15:09:00.001870,call_1,POST,http://localhost/api/v1/mock/mock-swagger/api/v3/pet,0,6.59,"HTTPConnectionPool(host='localhost', port=80): Max retries exceeded with url: /api/v1/mock/mock-swagger/api/v3/pet (Caused by NewConnectionError(""HTTPConnection(host='localhost', port=80): Failed to establish a new connection: [Errno 111] Connection refused""))"
2026-09-18T15:09:00.002891,call_5,DELETE,http://localhost/api/v1/mock/mock-swagger/api/v3/user/{username},0,15.34,"HTTPConnectionPool(host='localhost', port=80): Max retries exceeded with url: /api/v1/mock/mock-swagger/api/v3/user/%7Busername%7D (Caused by NewConnectionError(""HTTPConnection(host='localhost', port=80): Failed to establish a new connection: [Errno 111] Connection refused""))"
2026-09-18T15:09:00.114319,call_1,POST,http://localhost/api/v1/mock/mock-swagger/api/v3/pet,0,9.44,"HTTPConnectionPool(host='localhost', port=80): Max retries exceeded with url: /api/v1/mock/mock-swagger/api/v3/pet (Caused by NewConnectionError(""HTTPConnection(host='localhost', port=80): Failed to establish a new connection: [Errno 111] Connection refused""))"
2026-09-18T15:09:00.114557,call_2,PUT,http://localhost/api/v1/mock/mock-swagger/api/v3/pet,0,7.51,"HTTPConnectionPool(host='localhost', port=80): Max retries exceeded with url: /api/v1/mock/mock-swagger/api/v3/pet (Caused by NewConnectionError(""HTTPConnection(host='localhost', port=80): Failed to establish a new connection: [Errno 111] Connection refused""))"
2026-09-18T15:09:00.114914,call_1,POST,http://localhost/api/v1/mock/mock-swagger/api/v3/pet,0,6.77,"HTTPConnectionPool(host='localhost', port=80): Max retries exceeded with url: /api/v1/mock/mock-swagger/api/v3/pet (Caused by NewConnectionError(""HTTPConnection(host='localhost', port=80): Failed to establish a new connection: [Errno 111] Connection refused""))"
2026-09-18T15:09:00.115422,call_4,POST,http://localhost/api/v1/mock/mock-swagger/api/v3/user/createWithList,0,13.82,"HTTPConnectionPool(host='localhost', port=80): Max retries exceeded with url: /api/v1/mock/mock-swagger/api/v3/user/createWithList (Caused by NewConnectionError(""HTTPConnection(host='localhost', port=80): Failed to establish a new connection: [Errno 111] Connection refused""))"
2026-09-18T15:09:00.115688,call_3,GET,http://localhost/api/v1/mock/mock-swagger/api/v3/store/inventory,0,16.65,"HTTPConnectionPool(host='localhost', port=80): Max retries exceeded with url: /api/v1/mock/mock-swagger/api/v3/store/inventory (Caused by NewConnectionError(""HTTPConnection(host='localhost', port=80): Failed to establish a new connection: [Errno 111] Connection refused""))"
2026-09-18T15:09:00.116500,call_5,DELETE,http://localhost/api/v1/mock/mock-swagger/api/v3/user/{username},0,10.52,"HTTPConnectionPool(host='localhost', port=80): Max retries exceeded with url: /api/v1/mock/mock-swagger/api/v3/user/%7Busername%7D (Caused by NewConnectionError(""HTTPConnection(host='localhost', port=80): Failed to establish a new connection: [Errno 111] Connection refused""))"
2026-09-18T15:09:00.224637,call_3,GET,http://localhost/api/v1/mock/mock-swagger/api/v3/store/inventory,0,9.13,"HTTPConnectionPool(host='localhost', port=80): Max retries exceeded with url: /api/v1/mock/mock-swagger/api/v3/store/inventory (Caused by NewConnectionError(""HTTPConnection(host='localhost', port=80): Failed to establish a new connection: [Errno 111] Connection refused""))"
2026-09-18T15:09:00.225787,call_4,POST,http://localhost/api/v1/mock/mock-swagger/api/v3/user/createWithList,0,6.01,"HTTPConnectionPool(host='localhost', port=80): Max retries exceeded with url: /api/v1/mock/mock-swagger/api/v3/user/createWithList (Caused by NewConnectionError(""HTTPConnection(host='localhost', port=80): Failed to establish a new connection: [Errno 111] Connection refused""))"
2026-09-18T15:09:00.226622,call_2,PUT,http://localhost/api/v1/mock/mock-swagger/api/v3/pet,0,12.16,"HTTPConnectionPool(host='localhost', port=80): Max retries exceeded with url: /api/v1/mock/mock-swagger/api/v3/pet (Caused by NewConnectionError(""HTTPConnection(host='localhost', port=80): Failed to establish a new connection: [Errno 111] Connection refused""))"
2026-09-18T15:09:00.226873,call_5,DELETE,http://localhost/api/v1/mock/mock-swagger/api/v3/user/{username},0,8.27,"HTTPConnectionPool(host='localhost', port=80): Max retries exceeded with url: /api/v1/mock/mock-swagger/api/v3/user/%7Busername%7D (Caused by NewConnectionError(""HTTPConnection(host='localhost', port=80): Failed to establish a new connection: [Errno 111] Connection refused""))"
2026-09-18T15:09:00.227272,call_2,PUT,http://localhost/api/v1/mock/mock-swagger/api/v3/pet,0,10.8,"HTTPConnectionPool(host='localhost', port=80): Max retries exceeded with url: /api/v1/mock/mock-swagger/api/v3/pet (Caused by NewConnectionError(""HTTPConnection(host='localhost', port=80): Failed to establish a new connection: [Errno 111] Connection refused""))"
2026-09-18T15:09:00.227489,call_1,POST,http://localhost/api/v1/mock/mock-swagger/api/v3/pet,0,6.19,"HTTPConnectionPool(host='localhost', port=80): Max retries exceeded with url: /api/v1/mock/mock-swagger/api/v3/pet (Caused by NewConnectionError(""HTTPConnection(host='localhost', port=80): Failed to establish a new connection: [Errno 111] Connection refused""))"
2026-09-18T15:09:00.341351,call_4,POST,http://localhost/api/v1/mock/mock-swagger/api/v3/user/createWithList,0,16.54,"HTTPConnectionPool(host='localhost', port=80): Max retries exceeded with url: /api/v1/mock/mock-swagger/api/v3/user/createWithList (Caused by NewConnectionError(""HTTPConnection(host='localhost', port=80): Failed to establish a new connection: [Errno 111] Connection refused""))"
2026-09-18T15:09:00.341847,call_3,GET,http://localhost/api/v1/mock/mock-swagger/api/v3/store/inventory,0,9.68,"HTTPConnectionPool(host='localhost', port=80): Max retries exceeded with url: /api/v1/mock/mock-swagger/api/v3/store/inventory (Caused by NewConnectionError(""HTTPConnection(host='localhost', port=80): Failed to establish a new connection: [Errno 111] Connection refused""))"
2026-09-18T15:09:00.344302,call_1,POST,http://localhost/api/v1/mock/mock-swagger/api/v3/pet,0,15.9,"HTTPConnectionPool(host='localhost', port=80): Max retries exceeded with url: /api/v1/mock/mock-swagger/api/v3/pet (Caused by NewConnectionError(""HTTPConnection(host='localhost', port=80): Failed to establish a new connection: [Errno 111] Connection refused""))"
2026-09-18T15:09:00.344541,call_2,PUT,http://localhost/api/v1/mock/mock-swagger/api/v3/pet,0,7.46,"HTTPConnectionPool(host='localhost', port=80): Max retries exceeded with url: /api/v1/mock/mock-swagger/api/v3/pet (Caused by NewConnectionError(""HTTPConnection(host='localhost', port=80): Failed to establish a new connection: [Errno 111] Connection refused""))"
2026-09-18T15:09:00.346344,call_3,GET,http://localhost/api/v1/mock/mock-swagger/api/v3/store/inventory,0,15.38,"HTTPConnectionPool(host='localhost', port=80): Max retries exceeded with url: /api/v1/mock/mock-swagger/api/v3/store/inventory (Caused by NewConnectionError(""HTTPConnection(host='localhost', port=80): Failed to establish a new connection: [Errno 111] Connection refused""))"
2026-09-18T15:09:00.346774,call_5,DELETE,http://localhost/api/v1/mock/mock-swagger/api/v3/user/{username},0,20.78,"HTTPConnectionPool(host='localhost', port=80): Max retries exceeded with url: /api/v1/mock/mock-swagger/api/v3/user/%7Busername%7D (Caused by NewConnectionError(""HTTPConnection(host='localhost', port=80): Failed to establish a new connection: [Errno 111] Connection refused""))"
2026-09-18T15:09:00.444321,call_5,DELETE,http://localhost/api/v1/mock/mock-swagger/api/v3/user/{username},0,2.79,"HTTPConnectionPool(host='localhost', port=80): Max retries exceeded with url: /api/v1/mock/mock-swagger/api/v3/user/%7Busername%7D (Caused by NewConnectionError(""HTTPConnection(host='localhost', port=80): Failed to establish a new connection: [Errno 111] Connection refused""))"
2026-09-18T15:09:00.449500,call_4,POST,http://localhost/api/v1/mock/mock-swagger/api/v3/user/createWithList,0,6.83,"HTTPConnectionPool(host='localhost', port=80): Max retries exceeded with url: /api/v1/mock/mock-swagger/api/v3/user/createWithList (Caused by NewConnectionError(""HTTPConnection(host='localhost', port=80): Failed to establish a new connection: [Errno 111] Connection refused""))"
2026-09-18T15:09:00.456898,call_4,POST,http://localhost/api/v1/mock/mock-swagger/api/v3/user/createWithList,0,5.98,"HTTPConnectionPool(host='localhost', port=80): Max retries exceeded with url: /api/v1/mock/mock-swagger/api/v3/user/createWithList (Caused by NewConnectionError(""HTTPConnection(host='localhost', port=80): Failed to establish a new connection: [Errno 111] Connection refused""))"
2026-09-18T15:09:00.457412,call_3,GET,http://localhost/api/v1/mock/mock-swagger/api/v3/store/inventory,0,10.5,"HTTPConnectionPool(host='localhost', port=80): Max retries exceeded with url: /api/v1/mock/mock-swagger/api/v3/store/inventory (Caused by NewConnectionError(""HTTPConnection(host='localhost', port=80): Failed to establish a new connection: [Errno 111] Connection refused""))"
2026-09-18T15:09:00.457787,call_1,POST,http://localhost/api/v1/mock/mock-swagger/api/v3/pet,0,5.77,"HTTPConnectionPool(host='localhost', port=80): Max retries exceeded with url: /api/v1/mock/mock-swagger/api/v3/pet (Caused by NewConnectionError(""HTTPConnection(host='localhost', port=80): Failed to establish a new connection: [Errno 111] Connection refused""))"
2026-09-18T15:09:00.458900,call_2,PUT,http://localhost/api/v1/mock/mock-swagger/api/v3/pet,0,14.34,"HTTPConnectionPool(host='localhost', port=80): Max retries exceeded with url: /api/v1/mock/mock-swagger/api/v3/pet (Caused by NewConnectionError(""HTTPConnection(host='localhost', port=80): Failed to establish a new connection: [Errno 111] Connection refused""))"
2026-09-18T15:09:00.546297,call_1,POST,http://localhost/api/v1/mock/mock-swagger/api/v3/pet,0,1.8,"HTTPConnectionPool(host='localhost', port=80): Max retries exceeded with url: /api/v1/mock/mock-swagger/api/v3/pet (Caused by NewConnectionError(""HTTPConnection(host='localhost', port=80): Failed to establish a new connection: [Errno 111] Connection refused""))"
2026-09-18T15:09:00.551355,call_5,DELETE,http://localhost/api/v1/mock/mock-swagger/api/v3/user/{username},0,1.68,"HTTPConnectionPool(host='localhost', port=80): Max retries exceeded with url: /api/v1/mock/mock-swagger/api/v3/user/%7Busername%7D (Caused by NewConnectionError(""HTTPConnection(host='localhost', port=80): Failed to establish a new connection: [Errno 111] Connection refused""))"
2026-09-18T15:09:00.568730,call_2,PUT,http://localhost/api/v1/mock/mock-swagger/api/v3/pet,0,9.39,"HTTPConnectionPool(host='localhost', port=80): Max retries exceeded with url: /api/v1/mock/mock-swagger/api/v3/pet (Caused by NewConnectionError(""HTTPConnection(host='localhost', port=80): Failed to establish a new connection: [Errno 111] Connection refused""))"
2026-09-18T15:09:00.569031,call_3,GET,http://localhost/api/v1/mock/mock-swagger/api/v3/store/inventory,0,3.5,"HTTPConnectionPool(host='localhost', port=80): Max retries exceeded with url: /api/v1/mock/mock-swagger/api/v3/store/inventory (Caused by NewConnectionError(""HTTPConnection(host='localhost', port=80): Failed to establish a new connection: [Errno 111] Connection refused""))"
2026-09-18T15:09:00.569525,call_5,DELETE,http://localhost/api/v1/mock/mock-swagger/api/v3/user/{username},0,12.46,"HTTPConnectionPool(host='localhost', port=80): Max retries exceeded with url: /api/v1/mock/mock-swagger/api/v3/user/%7Busername%7D (Caused by NewConnectionError(""HTTPConnection(host='localhost', port=80): Failed to establish a new connection: [Errno 111] Connection refused""))"
2026-09-18T15:09:00.571749,call_4,POST,http://localhost/api/v1/mock/mock-swagger/api/v3/user/createWithList,0,13.54,"HTTPConnectionPool(host='localhost', port=80): Max retries exceeded with url: /api/v1/mock/mock-swagger/api/v3/user/createWithList (Caused by NewConnectionError(""HTTPConnection(host='localhost', port=80): Failed to establish a new connection: [Errno 111] Connection refused""))"
2026-09-18T15:09:00.648125,call_2,PUT,http://localhost/api/v1/mock/mock-swagger/api/v3/pet,0,1.68,"HTTPConnectionPool(host='localhost', port=80): Max retries exceeded with url: /api/v1/mock/mock-swagger/api/v3/pet (Caused by NewConnectionError(""HTTPConnection(host='localhost', port=80): Failed to establish a new connection: [Errno 111] Connection refused""))"
2026-09-18T15:09:00.653188,call_1,POST,http://localhost/api/v1/mock/mock-swagger/api/v3/pet,0,1.65,"HTTPConnectionPool(host='localhost', port=80): Max retries exceeded with url: /api/v1/mock/mock-swagger/api/v3/pet (Caused by NewConnectionError(""HTTPConnection(host='localhost', port=80): Failed to establish a new connection: [Errno 111] Connection refused""))"
2026-09-18T15:09:00.677506,call_3,GET,http://localhost/api/v1/mock/mock-swagger/api/v3/store/inventory,0,8.49,"HTTPConnectionPool(host='localhost', port=80): Max retries exceeded with url: /api/v1/mock/mock-swagger/api/v3/store/inventory (Caused by NewConnectionError(""HTTPConnection(host='localhost', port=80): Failed to establish a new connection: [Errno 111] Connection refused""))"
2026-09-18T15:09:00.680211,call_4,POST,http://localhost/api/v1/mock/mock-swagger/api/v3/user/createWithList,0,10.1,"HTTPConnectionPool(host='localhost', port=80): Max retries exceeded with url: /api/v1/mock/mock-swagger/api/v3/user/createWithList (Caused by NewConnectionError(""HTTPConnection(host='localhost', port=80): Failed to establish a new connection: [Errno 111] Connection refused""))"
2026-09-18T15:09:00.681729,call_5,DELETE,http://localhost/api/v1/mock/mock-swagger/api/v3/user/{username},0,3.42,"HTTPConnectionPool(host='localhost', port=80): Max retries exceeded with url: /api/v1/mock/mock-swagger/api/v3/user/%7Busername%7D (Caused by NewConnectionError(""HTTPConnection(host='localhost', port=80): Failed to establish a new connection: [Errno 111] Connection refused""))"
2026-09-18T15:09:00.682070,call_1,POST,http://localhost/api/v1/mock/mock-swagger/api/v3/pet,0,10.75,"HTTPConnectionPool(host='localhost', port=80): Max retries exceeded with url: /api/v1/mock/mock-swagger/api/v3/pet (Caused by NewConnectionError(""HTTPConnection(host='localhost', port=80): Failed to establish a new connection: [Errno 111] Connection refused""))"
2026-09-18T15:09:00.749956,call_3,GET,http://localhost/api/v1/mock/mock-swagger/api/v3/store/inventory,0,1.64,"HTTPConnectionPool(host='localhost', port=80): Max retries exceeded with url: /api/v1/mock/mock-swagger/api/v3/store/inventory (Caused by NewConnectionError(""HTTPConnection(host='localhost', port=80): Failed to establish a new connection: [Errno 111] Connection refused""))"
2026-09-18T15:09:00.755008,call_2,PUT,http://localhost/api/v1/mock/mock-swagger/api/v3/pet,0,1.64,"HTTPConnectionPool(host='localhost', port=80): Max retries exceeded with url: /api/v1/mock/mock-swagger/api/v3/pet (Caused by NewConnectionError(""HTTPConnection(host='localhost', port=80): Failed to establish a new connection: [Errno 111] Connection refused""))"
2026-09-18T15:09:00.788944,call_4,POST,http://localhost/api/v1/mock/mock-swagger/api/v3/user/createWithList,0,11.26,"HTTPConnectionPool(host='localhost', port=80): Max retries exceeded with url: /api/v1/mock/mock-swagger/api/v3/user/createWithList (Caused by NewConnectionError(""HTTPConnection(host='localhost', port=80): Failed to establish a new connection: [Errno 111] Connection refused""))"
2026-09-18T15:09:00.790300,call_1,POST,http://localhost/api/v1/mock/mock-swagger/api/v3/pet,0,6.25,"HTTPConnectionPool(host='localhost', port=80): Max retries exceeded with url: /api/v1/mock/mock-swagger/api/v3/pet (Caused by NewConnectionError(""HTTPConnection(host='localhost', port=80): Failed to establish a new connection: [Errno 111] Connection refused""))"
2026-09-18T15:09:00.791293,call_2,PUT,http://localhost/api/v1/mock/mock-swagger/api/v3/pet,0,5.63,"HTTPConnectionPool(host='localhost', port=80): Max retries exceeded with url: /api/v1/mock/mock-swagger/api/v3/pet (Caused by NewConnectionError(""HTTPConnection(host='localhost', port=80): Failed to establish a new connection: [Errno 111] Connection refused""))"
2026-09-18T15:09:00.792216,call_5,DELETE,http://localhost/api/v1/mock/mock-swagger/api/v3/user/{username},0,11.47,"HTTPConnectionPool(host='localhost', port=80): Max retries exceeded with url: /api/v1/mock/mock-swagger/api/v3/user/%7Busername%7D (Caused by NewConnectionError(""HTTPConnection(host='localhost', port=80): Failed to establish a new connection: [Errno 111] Connection refused""))"
2026-09-18T15:09:00.851960,call_4,POST,http://localhost/api/v1/mock/mock-swagger/api/v3/user/createWithList,0,1.82,"HTTPConnectionPool(host='localhost', port=80): Max retries exceeded with url: /api/v1/mock/mock-swagger/api/v3/user/createWithList (Caused by NewConnectionError(""HTTPConnection(host='localhost', port=80): Failed to establish a new connection: [Errno 111] Connection refused""))"
2026-09-18T15:09:00.856214,call_3,GET,http://localhost/api/v1/mock/mock-swagger/api/v3/store/inventory,0,1.04,"HTTPConnectionPool(host='localhost', port=80): Max retries exceeded with url: /api/v1/mock/mock-swagger/api/v3/store/inventory (Caused by NewConnectionError(""HTTPConnection(host='localhost', port=80): Failed to establish a new connection: [Errno 111] Connection refused""))"
2026-09-18T15:09:00.901954,call_2,PUT,http://localhost/api/v1/mock/mock-swagger/api/v3/pet,0,9.31,"HTTPConnectionPool(host='localhost', port=80): Max retries exceeded with url: /api/v1/mock/mock-swagger/api/v3/pet (Caused by NewConnectionError(""HTTPConnection(host='localhost', port=80): Failed to establish a new connection: [Errno 111] Connection refused""))"
2026-09-18T15:09:00.902572,call_5,DELETE,http://localhost/api/v1/mock/mock-swagger/api/v3/user/{username},0,13.46,"HTTPConnectionPool(host='localhost', port=80): Max retries exceeded with url: /api/v1/mock/mock-swagger/api/v3/user/%7Busername%7D (Caused by NewConnectionError(""HTTPConnection(host='localhost', port=80): Failed to establish a new connection: [Errno 111] Connection refused""))"
2026-09-18T15:09:00.903591,call_3,GET,http://localhost/api/v1/mock/mock-swagger/api/v3/store/inventory,0,8.45,"HTTPConnectionPool(host='localhost', port=80): Max retries exceeded with url: /api/v1/mock/mock-swagger/api/v3/store/inventory (Caused by NewConnectionError(""HTTPConnection(host='localhost', port=80): Failed to establish a new connection: [Errno 111] Connection refused""))"
2026-09-18T15:09:00.904177,call_1,POST,http://localhost/api/v1/mock/mock-swagger/api/v3/pet,0,7.89,"HTTPConnectionPool(host='localhost', port=80): Max retries exceeded with url: /api/v1/mock/mock-swagger/api/v3/pet (Caused by NewConnectionError(""HTTPConnection(host='localhost', port=80): Failed to establish a new connection: [Errno 111] Connection refused""))"
2026-09-18T15:09:00.953919,call_5,DELETE,http://localhost/api/v1/mock/mock-swagger/api/v3/user/{username},0,1.77,"HTTPConnectionPool(host='localhost', port=80): Max retries exceeded with url: /api/v1/mock/mock-swagger/api/v3/user/%7Busername%7D (Caused by NewConnectionError(""HTTPConnection(host='localhost', port=80): Failed to establish a new connection: [Errno 111] Connection refused""))"
2026-09-18T15:09:00.957335,call_4,POST,http://localhost/api/v1/mock/mock-swagger/api/v3/user/createWithList,0,1.01,"HTTPConnectionPool(host='localhost', port=80): Max retries exceeded with url: /api/v1/mock/mock-swagger/api/v3/user/createWithList (Caused by NewConnectionError(""HTTPConnection(host='localhost', port=80): Failed to establish a new connection: [Errno 111] Connection refused""))"
2026-09-18T15:09:01.013993,call_3,GET,http://localhost/api/v1/mock/mock-swagger/api/v3/store/inventory,0,11.23,"HTTPConnectionPool(host='localhost', port=80): Max retries exceeded with url: /api/v1/mock/mock-swagger/api/v3/store/inventory (Caused by NewConnectionError(""HTTPConnection(host='localhost', port=80): Failed to establish a new connection: [Errno 111] Connection refused""))"
2026-09-18T15:09:01.014334,call_4,POST,http://localhost/api/v1/mock/mock-swagger/api/v3/user/createWithList,0,5.51,"HTTPConnectionPool(host='localhost', port=80): Max retries exceeded with url: /api/v1/mock/mock-swagger/api/v3/user/createWithList (Caused by NewConnectionError(""HTTPConnection(host='localhost', port=80): Failed to establish a new connection: [Errno 111] Connection refused""))"
2026-09-18T15:09:01.016200,call_1,POST,http://localhost/api/v1/mock/mock-swagger/api/v3/pet,0,12.28,"HTTPConnectionPool(host='localhost', port=80): Max retries exceeded with url: /api/v1/mock/mock-swagger/api/v3/pet (Caused by NewConnectionError(""HTTPConnection(host='localhost', port=80): Failed to establish a new connection: [Errno 111] Connection refused""))"
2026-09-18T15:09:01.017007,call_2,PUT,http://localhost/api/v1/mock/mock-swagger/api/v3/pet,0,9.98,"HTTPConnectionPool(host='localhost', port=80): Max retries exceeded with url: /api/v1/mock/mock-swagger/api/v3/pet (Caused by NewConnectionError(""HTTPConnection(host='localhost', port=80): Failed to establish a new connection: [Errno 111] Connection refused""))"
2026-09-18T15:09:01.055703,call_1,POST,http://localhost/api/v1/mock/mock-swagger/api/v3/pet,0,1.61,"HTTPConnectionPool(host='localhost', port=80): Max retries exceeded with url: /api/v1/mock/mock-swagger/api/v3/pet (Caused by NewConnectionError(""HTTPConnection(host='localhost', port=80): Failed to establish a new connection: [Errno 111] Connection refused""))"
2026-09-18T15:09:01.059116,call_5,DELETE,http://localhost/api/v1/mock/mock-swagger/api/v3/user/{username},0,1.62,"HTTPConnectionPool(host='localhost', port=80): Max retries exceeded with url: /api/v1/mock/mock-swagger/api/v3/user/%7Busername%7D (Caused by NewConnectionError(""HTTPConnection(host='localhost', port=80): Failed to establish a new connection: [Errno 111] Connection refused""))"
2026-09-18T15:09:01.128732,call_5,DELETE,http://localhost/api/v1/mock/mock-swagger/api/v3/user/{username},0,13.12,"HTTPConnectionPool(host='localhost', port=80): Max retries exceeded with url: /api/v1/mock/mock-swagger/api/v3/user/%7Busername%7D (Caused by NewConnectionError(""HTTPConnection(host='localhost', port=80): Failed to establish a new connection: [Errno 111] Connection refused""))"
2026-09-18T15:09:01.129093,call_4,POST,http://localhost/api/v1/mock/mock-swagger/api/v3/user/createWithList,0,14.88,"HTTPConnectionPool(host='localhost', port=80): Max retries exceeded with url: /api/v1/mock/mock-swagger/api/v3/user/createWithList (Caused by NewConnectionError(""HTTPConnection(host='localhost', port=80): Failed to establish a new connection: [Errno 111] Connection refused""))"
2026-09-18T15:09:01.129421,call_3,GET,http://localhost/api/v1/mock/mock-swagger/api/v3/store/inventory,0,9.08,"HTTPConnectionPool(host='localhost', port=80): Max retries exceeded with url: /api/v1/mock/mock-swagger/api/v3/store/inventory (Caused by NewConnectionError(""HTTPConnection(host='localhost', port=80): Failed to establish a new connection: [Errno 111] Connection refused""))"
2026-09-18T15:09:01.130981,call_2,PUT,http://localhost/api/v1/mock/mock-swagger/api/v3/pet,0,8.27,"HTTPConnectionPool(host='localhost', port=80): Max retries exceeded with url: /api/v1/mock/mock-swagger/api/v3/pet (Caused by NewConnectionError(""HTTPConnection(host='localhost', port=80): Failed to establish a new connection: [Errno 111] Connection refused""))"
2026-09-18T15:09:01.157520,call_2,PUT,http://localhost/api/v1/mock/mock-swagger/api/v3/pet,0,1.64,"HTTPConnectionPool(host='localhost', port=80): Max retries exceeded with url: /api/v1/mock/mock-swagger/api/v3/pet (Caused by NewConnectionError(""HTTPConnection(host='localhost', port=80): Failed to establish a new connection: [Errno 111] Connection refused""))"
2026-09-18T15:09:01.160817,call_1,POST,http://localhost/api/v1/mock/mock-swagger/api/v3/pet,0,1.58,"HTTPConnectionPool(host='localhost', port=80): Max retries exceeded with url: /api/v1/mock/mock-swagger/api/v3/pet (Caused by NewConnectionError(""HTTPConnection(host='localhost', port=80): Failed to establish a new connection: [Errno 111] Connection refused""))"
2026-09-18T15:09:01.170588,call_1,POST,http://localhost/api/v1/mock/mock-swagger/api/v3/pet,0,1.87,"HTTPConnectionPool(host='localhost', port=80): Max retries exceeded with url: /api/v1/mock/mock-swagger/api/v3/pet (Caused by NewConnectionError(""HTTPConnection(host='localhost', port=80): Failed to establish a new connection: [Errno 111] Connection refused""))"
2026-09-18T15:09:01.241929,call_5,DELETE,http://localhost/api/v1/mock/mock-swagger/api/v3/user/{username},0,11.97,"HTTPConnectionPool(host='localhost', port=80): Max retries exceeded with url: /api/v1/mock/mock-swagger/api/v3/user/%7Busername%7D (Caused by NewConnectionError(""HTTPConnection(host='localhost', port=80): Failed to establish a new connection: [Errno 111] Connection refused""))"
2026-09-18T15:09:01.242704,call_3,GET,http://localhost/api/v1/mock/mock-swagger/api/v3/store/inventory,0,11.53,"HTTPConnectionPool(host='localhost', port=80): Max retries exceeded with url: /api/v1/mock/mock-swagger/api/v3/store/inventory (Caused by NewConnectionError(""HTTPConnection(host='localhost', port=80): Failed to establish a new connection: [Errno 111] Connection refused""))"
2026-09-18T15:09:01.243059,call_1,POST,http://localhost/api/v1/mock/mock-swagger/api/v3/pet,0,14.0,"HTTPConnectionPool(host='localhost', port=80): Max retries exceeded with url: /api/v1/mock/mock-swagger/api/v3/pet (Caused by NewConnectionError(""HTTPConnection(host='localhost', port=80): Failed to establish a new connection: [Errno 111] Connection refused""))"
2026-09-18T15:09:01.244122,call_4,POST,http://localhost/api/v1/mock/mock-swagger/api/v3/user/createWithList,0,11.82,"HTTPConnectionPool(host='localhost', port=80): Max retries exceeded with url: /api/v1/mock/mock-swagger/api/v3/user/createWithList (Caused by NewConnectionError(""HTTPConnection(host='localhost', port=80): Failed to establish a new connection: [Errno 111] Connection refused""))"
2026-09-18T15:09:01.259304,call_3,GET,http://localhost/api/v1/mock/mock-swagger/api/v3/store/inventory,0,1.6,"HTTPConnectionPool(host='localhost', port=80): Max retries exceeded with url: /api/v1/mock/mock-swagger/api/v3/store/inventory (Caused by NewConnectionError(""HTTPConnection(host='localhost', port=80): Failed to establish a new connection: [Errno 111] Connection refused""))"
2026-09-18T15:09:01.262691,call_2,PUT,http://localhost/api/v1/mock/mock-swagger/api/v3/pet,0,1.7,"HTTPConnectionPool(host='localhost', port=80): Max retries exceeded with url: /api/v1/mock/mock-swagger/api/v3/pet (Caused by NewConnectionError(""HTTPConnection(host='localhost', port=80): Failed to establish a new connection: [Errno 111] Connection refused""))"
2026-09-18T15:09:01.272411,call_2,PUT,http://localhost/api/v1/mock/mock-swagger/api/v3/pet,0,1.66,"HTTPConnectionPool(host='localhost', port=80): Max retries exceeded with url: /api/v1/mock/mock-swagger/api/v3/pet (Caused by NewConnectionError(""HTTPConnection(host='localhost', port=80): Failed to establish a new connection: [Errno 111] Connection refused""))"
2026-09-18T15:09:01.355702,call_4,POST,http://localhost/api/v1/mock/mock-swagger/api/v3/user/createWithList,0,11.25,"HTTPConnectionPool(host='localhost', port=80): Max retries exceeded with url: /api/v1/mock/mock-swagger/api/v3/user/createWithList (Caused by NewConnectionError(""HTTPConnection(host='localhost', port=80): Failed to establish a new connection: [Errno 111] Connection refused""))"
2026-09-18T15:09:01.357549,call_5,DELETE,http://localhost/api/v1/mock/mock-swagger/api/v3/user/{username},0,8.17,"HTTPConnectionPool(host='localhost', port=80): Max retries exceeded with url: /api/v1/mock/mock-swagger/api/v3/user/%7Busername%7D (Caused by NewConnectionError(""HTTPConnection(host='localhost', port=80): Failed to establish a new connection: [Errno 111] Connection refused""))"
2026-09-18T15:09:01.357908,call_1,POST,http://localhost/api/v1/mock/mock-swagger/api/v3/pet,0,15.79,"HTTPConnectionPool(host='localhost', port=80): Max retries exceeded with url: /api/v1/mock/mock-swagger/api/v3/pet (Caused by NewConnectionError(""HTTPConnection(host='localhost', port=80): Failed to establish a new connection: [Errno 111] Connection refused""))"
2026-09-18T15:09:01.358178,call_2,PUT,http://localhost/api/v1/mock/mock-swagger/api/v3/pet,0,12.51,"HTTPConnectionPool(host='localhost', port=80): Max retries exceeded with url: /api/v1/mock/mock-swagger/api/v3/pet (Caused by NewConnectionError(""HTTPConnection(host='localhost', port=80): Failed to establish a new connection: [Errno 111] Connection refused""))"
2026-09-18T15:09:01.361114,call_4,POST,http://localhost/api/v1/mock/mock-swagger/api/v3/user/createWithList,0,1.64,"HTTPConnectionPool(host='localhost', port=80): Max retries exceeded with url: /api/v1/mock/mock-swagger/api/v3/user/createWithList (Caused by NewConnectionError(""HTTPConnection(host='localhost', port=80): Failed to establish a new connection: [Errno 111] Connection refused""))"
2026-09-18T15:09:01.364415,call_3,GET,http://localhost/api/v1/mock/mock-swagger/api/v3/store/inventory,0,1.58,"HTTPConnectionPool(host='localhost', port=80): Max retries exceeded with url: /api/v1/mock/mock-swagger/api/v3/store/inventory (Caused by NewConnectionError(""HTTPConnection(host='localhost', port=80): Failed to establish a new connection: [Errno 111] Connection refused""))"
2026-09-18T15:09:01.374198,call_3,GET,http://localhost/api/v1/mock/mock-swagger/api/v3/store/inventory,0,1.61,"HTTPConnectionPool(host='localhost', port=80): Max retries exceeded with url: /api/v1/mock/mock-swagger/api/v3/store/inventory (Caused by NewConnectionError(""HTTPConnection(host='localhost', port=80): Failed to establish a new connection: [Errno 111] Connection refused""))"
2026-09-18T15:09:01.471310,call_5,DELETE,http://localhost/api/v1/mock/mock-swagger/api/v3/user/{username},0,15.47,"HTTPConnectionPool(host='localhost', port=80): Max retries exceeded with url: /api/v1/mock/mock-swagger/api/v3/user/%7Busername%7D (Caused by NewConnectionError(""HTTPConnection(host='localhost', port=80): Failed to establish a new connection: [Errno 111] Connection refused""))"
2026-09-18T15:09:01.472080,call_5,DELETE,http://localhost/api/v1/mock/mock-swagger/api/v3/user/{username},0,6.28,"HTTPConnectionPool(host='localhost', port=80): Max retries exceeded with url: /api/v1/mock/mock-swagger/api/v3/user/%7Busername%7D (Caused by NewConnectionError(""HTTPConnection(host='localhost', port=80): Failed to establish a new connection: [Errno 111] Connection refused""))"
2026-09-18T15:09:01.473850,call_3,GET,http://localhost/api/v1/mock/mock-swagger/api/v3/store/inventory,0,5.35,"HTTPConnectionPool(host='localhost', port=80): Max retries exceeded with url: /api/v1/mock/mock-swagger/api/v3/store/inventory (Caused by NewConnectionError(""HTTPConnection(host='localhost', port=80): Failed to establish a new connection: [Errno 111] Connection refused""))"
2026-09-18T15:09:01.474502,call_2,PUT,http://localhost/api/v1/mock/mock-swagger/api/v3/pet,0,12.28,"HTTPConnectionPool(host='localhost', port=80): Max retries exceeded with url: /api/v1/mock/mock-swagger/api/v3/pet (Caused by NewConnectionError(""HTTPConnection(host='localhost', port=80): Failed to establish a new connection: [Errno 111] Connection refused""))"
2026-09-18T15:09:01.475230,call_4,POST,http://localhost/api/v1/mock/mock-swagger/api/v3/user/createWithList,0,10.61,"HTTPConnectionPool(host='localhost', port=80): Max retries exceeded with url: /api/v1/mock/mock-swagger/api/v3/user/createWithList (Caused by NewConnectionError(""HTTPConnection(host='localhost', port=80): Failed to establish a new connection: [Errno 111] Connection refused""))"
2026-09-18T15:09:01.476951,call_1,POST,http://localhost/api/v1/mock/mock-swagger/api/v3/pet,0,15.97,"HTTPConnectionPool(host='localhost', port=80): Max retries exceeded with url: /api/v1/mock/mock-swagger/api/v3/pet (Caused by NewConnectionError(""HTTPConnection(host='localhost', port=80): Failed to establish a new connection: [Errno 111] Connection refused""))"
2026-09-18T15:09:01.478222,call_4,POST,http://localhost/api/v1/mock/mock-swagger/api/v3/user/createWithList,0,2.87,"HTTPConnectionPool(host='localhost', port=80): Max retries exceeded with url: /api/v1/mock/mock-swagger/api/v3/user/createWithList (Caused by NewConnectionError(""HTTPConnection(host='localhost', port=80): Failed to establish a new connection: [Errno 111] Connection refused""))"
2026-09-18T15:09:01.590194,call_1,POST,http://localhost/api/v1/mock/mock-swagger/api/v3/pet,0,16.89,"HTTPConnectionPool(host='localhost', port=80): Max retries exceeded with url: /api/v1/mock/mock-swagger/api/v3/pet (Caused by NewConnectionError(""HTTPConnection(host='localhost', port=80): Failed to establish a new connection: [Errno 111] Connection refused""))"
2026-09-18T15:09:01.591062,call_1,POST,http://localhost/api/v1/mock/mock-swagger/api/v3/pet,0,19.58,"HTTPConnectionPool(host='localhost', port=80): Max retries exceeded with url: /api/v1/mock/mock-swagger/api/v3/pet (Caused by NewConnectionError(""HTTPConnection(host='localhost', port=80): Failed to establish a new connection: [Errno 111] Connection refused""))"
2026-09-18T15:09:01.591945,call_4,POST,http://localhost/api/v1/mock/mock-swagger/api/v3/user/createWithList,0,12.74,"HTTPConnectionPool(host='localhost', port=80): Max retries exceeded with url: /api/v1/mock/mock-swagger/api/v3/user/createWithList (Caused by NewConnectionError(""HTTPConnection(host='localhost', port=80): Failed to establish a new connection: [Errno 111] Connection refused""))"
2026-09-18T15:09:01.593066,call_3,GET,http://localhost/api/v1/mock/mock-swagger/api/v3/store/inventory,0,12.72,"HTTPConnectionPool(host='localhost', port=80): Max retries exceeded with url: /api/v1/mock/mock-swagger/api/v3/store/inventory (Caused by NewConnectionError(""HTTPConnection(host='localhost', port=80): Failed to establish a new connection: [Errno 111] Connection refused""))"
2026-09-18T15:09:01.593707,call_5,DELETE,http://localhost/api/v1/mock/mock-swagger/api/v3/user/{username},0,7.2,"HTTPConnectionPool(host='localhost', port=80): Max retries exceeded with url: /api/v1/mock/mock-swagger/api/v3/user/%7Busername%7D (Caused by NewConnectionError(""HTTPConnection(host='localhost', port=80): Failed to establish a new connection: [Errno 111] Connection refused""))"
2026-09-18T15:09:01.594040,call_2,PUT,http://localhost/api/v1/mock/mock-swagger/api/v3/pet,0,12.56,"HTTPConnectionPool(host='localhost', port=80): Max retries exceeded with url: /api/v1/mock/mock-swagger/api/v3/pet (Caused by NewConnectionError(""HTTPConnection(host='localhost', port=80): Failed to establish a new connection: [Errno 111] Connection refused""))"
2026-09-18T15:09:01.594277,call_5,DELETE,http://localhost/api/v1/mock/mock-swagger/api/v3/user/{username},0,9.9,"HTTPConnectionPool(host='localhost', port=80): Max retries exceeded with url: /api/v1/mock/mock-swagger/api/v3/user/%7Busername%7D (Caused by NewConnectionError(""HTTPConnection(host='localhost', port=80): Failed to establish a new connection: [Errno 111] Connection refused""))"
2026-09-18T15:09:01.706784,call_2,PUT,http://localhost/api/v1/mock/mock-swagger/api/v3/pet,0,14.21,"HTTPConnectionPool(host='localhost', port=80): Max retries exceeded with url: /api/v1/mock/mock-swagger/api/v3/pet (Caused by NewConnectionError(""HTTPConnection(host='localhost', port=80): Failed to establish a new connection: [Errno 111] Connection refused""))"
2026-09-18T15:09:01.707352,call_2,PUT,http://localhost/api/v1/mock/mock-swagger/api/v3/pet,0,17.02,"HTTPConnectionPool(host='localhost', port=80): Max retries exceeded with url: /api/v1/mock/mock-swagger/api/v3/pet (Caused by NewConnectionError(""HTTPConnection(host='localhost', port=80): Failed to establish a new connection: [Errno 111] Connection refused""))"
2026-09-18T15:09:01.709376,call_5,DELETE,http://localhost/api/v1/mock/mock-swagger/api/v3/user/{username},0,12.09,"HTTPConnectionPool(host='localhost', port=80): Max retries exceeded with url: /api/v1/mock/mock-swagger/api/v3/user/%7Busername%7D (Caused by NewConnectionError(""HTTPConnection(host='localhost', port=80): Failed to establish a new connection: [Errno 111] Connection refused""))"
2026-09-18T15:09:01.710939,call_1,POST,http://localhost/api/v1/mock/mock-swagger/api/v3/pet,0,9.81,"HTTPConnectionPool(host='localhost', port=80): Max retries exceeded with url: /api/v1/mock/mock-swagger/api/v3/pet (Caused by NewConnectionError(""HTTPConnection(host='localhost', port=80): Failed to establish a new connection: [Errno 111] Connection refused""))"
2026-09-18T15:09:01.711192,call_3,GET,http://localhost/api/v1/mock/mock-swagger/api/v3/store/inventory,0,12.51,"HTTPConnectionPool(host='localhost', port=80): Max retries exceeded with url: /api/v1/mock/mock-swagger/api/v3/store/inventory (Caused by NewConnectionError(""HTTPConnection(host='localhost', port=80): Failed to establish a new connection: [Errno 111] Connection refused""))"
2026-09-18T15:09:01.712429,call_1,POST,http://localhost/api/v1/mock/mock-swagger/api/v3/pet,0,10.05,"HTTPConnectionPool(host='localhost', port=80): Max retries exceeded with url: /api/v1/mock/mock-swagger/api/v3/pet (Caused by NewConnectionError(""HTTPConnection(host='localhost', port=80): Failed to establish a new connection: [Errno 111] Connection refused""))"
2026-09-18T15:09:01.712668,call_4,POST,http://localhost/api/v1/mock/mock-swagger/api/v3/user/createWithList,0,16.53,"HTTPConnectionPool(host='localhost', port=80): Max retries exceeded with url: /api/v1/mock/mock-swagger/api/v3/user/createWithList (Caused by NewConnectionError(""HTTPConnection(host='localhost', port=80): Failed to establish a new connection: [Errno 111] Connection refused""))"
2026-09-18T15:09:01.821834,call_1,POST,http://localhost/api/v1/mock/mock-swagger/api/v3/pet,0,12.31,"HTTPConnectionPool(host='localhost', port=80): Max retries exceeded with url: /api/v1/mock/mock-swagger/api/v3/pet (Caused by NewConnectionError(""HTTPConnection(host='localhost', port=80): Failed to establish a new connection: [Errno 111] Connection refused""))"
2026-09-18T15:09:01.824290,call_3,GET,http://localhost/api/v1/mock/mock-swagger/api/v3/store/inventory,0,15.83,"HTTPConnectionPool(host='localhost', port=80): Max retries exceeded with url: /api/v1/mock/mock-swagger/api/v3/store/inventory (Caused by NewConnectionError(""HTTPConnection(host='localhost', port=80): Failed to establish a new connection: [Errno 111] Connection refused""))"
2026-09-18T15:09:01.824602,call_3,GET,http://localhost/api/v1/mock/mock-swagger/api/v3/store/inventory,0,17.66,"HTTPConnectionPool(host='localhost', port=80): Max retries exceeded with url: /api/v1/mock/mock-swagger/api/v3/store/inventory (Caused by NewConnectionError(""HTTPConnection(host='localhost', port=80): Failed to establish a new connection: [Errno 111] Connection refused""))"
2026-09-18T15:09:01.825196,call_4,POST,http://localhost/api/v1/mock/mock-swagger/api/v3/user/createWithList,0,13.57,"HTTPConnectionPool(host='localhost', port=80): Max retries exceeded with url: /api/v1/mock/mock-swagger/api/v3/user/createWithList (Caused by NewConnectionError(""HTTPConnection(host='localhost', port=80): Failed to establish a new connection: [Errno 111] Connection refused""))"
2026-09-18T15:09:01.830878,call_5,DELETE,http://localhost/api/v1/mock/mock-swagger/api/v3/user/{username},0,18.07,"HTTPConnectionPool(host='localhost', port=80): Max retries exceeded with url: /api/v1/mock/mock-swagger/api/v3/user/%7Busername%7D (Caused by NewConnectionError(""HTTPConnection(host='localhost', port=80): Failed to establish a new connection: [Errno 111] Connection refused""))"
2026-09-18T15:09:01.831426,call_2,PUT,http://localhost/api/v1/mock/mock-swagger/api/v3/pet,0,16.15,"HTTPConnectionPool(host='localhost', port=80): Max retries exceeded with url: /api/v1/mock/mock-swagger/api/v3/pet (Caused by NewConnectionError(""HTTPConnection(host='localhost', port=80): Failed to establish a new connection: [Errno 111] Connection refused""))"
2026-09-18T15:09:01.831804,call_2,PUT,http://localhost/api/v1/mock/mock-swagger/api/v3/pet,0,12.4,"HTTPConnectionPool(host='localhost', port=80): Max retries exceeded with url: /api/v1/mock/mock-swagger/api/v3/pet (Caused by NewConnectionError(""HTTPConnection(host='localhost', port=80): Failed to establish a new connection: [Errno 111] Connection refused""))"
2026-09-18T15:09:01.923704,call_2,PUT,http://localhost/api/v1/mock/mock-swagger/api/v3/pet,0,1.7,"HTTPConnectionPool(host='localhost', port=80): Max retries exceeded with url: /api/v1/mock/mock-swagger/api/v3/pet (Caused by NewConnectionError(""HTTPConnection(host='localhost', port=80): Failed to establish a new connection: [Errno 111] Connection refused""))"
2026-09-18T15:09:01.928526,call_4,POST,http://localhost/api/v1/mock/mock-swagger/api/v3/user/createWithList,0,4.1,"HTTPConnectionPool(host='localhost', port=80): Max retries exceeded with url: /api/v1/mock/mock-swagger/api/v3/user/createWithList (Caused by NewConnectionError(""HTTPConnection(host='localhost', port=80): Failed to establish a new connection: [Errno 111] Connection refused""))"
2026-09-18T15:09:01.928879,call_5,DELETE,http://localhost/api/v1/mock/mock-swagger/api/v3/user/{username},0,2.18,"HTTPConnectionPool(host='localhost', port=80): Max retries exceeded with url: /api/v1/mock/mock-swagger/api/v3/user/%7Busername%7D (Caused by NewConnectionError(""HTTPConnection(host='localhost', port=80): Failed to establish a new connection: [Errno 111] Connection refused""))"
2026-09-18T15:09:01.929139,call_4,POST,http://localhost/api/v1/mock/mock-swagger/api/v3/user/createWithList,0,3.59,"HTTPConnectionPool(host='localhost', port=80): Max retries exceeded with url: /api/v1/mock/mock-swagger/api/v3/user/createWithList (Caused by NewConnectionError(""HTTPConnection(host='localhost', port=80): Failed to establish a new connection: [Errno 111] Connection refused""))"
2026-09-18T15:09:01.941273,call_3,GET,http://localhost/api/v1/mock/mock-swagger/api/v3/store/inventory,0,8.0,"HTTPConnectionPool(host='localhost', port=80): Max retries exceeded with url: /api/v1/mock/mock-swagger/api/v3/store/inventory (Caused by NewConnectionError(""HTTPConnection(host='localhost', port=80): Failed to establish a new connection: [Errno 111] Connection refused""))"
2026-09-18T15:09:01.943229,call_1,POST,http://localhost/api/v1/mock/mock-swagger/api/v3/pet,0,11.14,"HTTPConnectionPool(host='localhost', port=80): Max retries exceeded with url: /api/v1/mock/mock-swagger/api/v3/pet (Caused by NewConnectionError(""HTTPConnection(host='localhost', port=80): Failed to establish a new connection: [Errno 111] Connection refused""))"
2026-09-18T15:09:01.943459,call_3,GET,http://localhost/api/v1/mock/mock-swagger/api/v3/store/inventory,0,9.03,"HTTPConnectionPool(host='localhost', port=80): Max retries exceeded with url: /api/v1/mock/mock-swagger/api/v3/store/inventory (Caused by NewConnectionError(""HTTPConnection(host='localhost', port=80): Failed to establish a new connection: [Errno 111] Connection refused""))"
2026-09-18T15:09:02.025389,call_3,GET,http://localhost/api/v1/mock/mock-swagger/api/v3/store/inventory,0,1.52,"HTTPConnectionPool(host='localhost', port=80): Max retries exceeded with url: /api/v1/mock/mock-swagger/api/v3/store/inventory (Caused by NewConnectionError(""HTTPConnection(host='localhost', port=80): Failed to establish a new connection: [Errno 111] Connection refused""))"
2026-09-18T15:09:02.032716,call_5,DELETE,http://localhost/api/v1/mock/mock-swagger/api/v3/user/{username},0,1.82,"HTTPConnectionPool(host='localhost', port=80): Max retries exceeded with url: /api/v1/mock/mock-swagger/api/v3/user/%7Busername%7D (Caused by NewConnectionError(""HTTPConnection(host='localhost', port=80): Failed to establish a new connection: [Errno 111] Connection refused""))"
2026-09-18T15:09:02.033066,call_1,POST,http://localhost/api/v1/mock/mock-swagger/api/v3/pet,0,3.27,"HTTPConnectionPool(host='localhost', port=80): Max retries exceeded with url: /api/v1/mock/mock-swagger/api/v3/pet (Caused by NewConnectionError(""HTTPConnection(host='localhost', port=80): Failed to establish a new connection: [Errno 111] Connection refused""))"
2026-09-18T15:09:02.033339,call_5,DELETE,http://localhost/api/v1/mock/mock-swagger/api/v3/user/{username},0,4.67,"HTTPConnectionPool(host='localhost', port=80): Max retries exceeded with url: /api/v1/mock/mock-swagger/api/v3/user/%7Busername%7D (Caused by NewConnectionError(""HTTPConnection(host='localhost', port=80): Failed to establish a new connection: [Errno 111] Connection refused""))"
2026-09-18T15:09:02.052356,call_4,POST,http://localhost/api/v1/mock/mock-swagger/api/v3/user/createWithList,0,10.63,"HTTPConnectionPool(host='localhost', port=80): Max retries exceeded with url: /api/v1/mock/mock-swagger/api/v3/user/createWithList (Caused by NewConnectionError(""HTTPConnection(host='localhost', port=80): Failed to establish a new connection: [Errno 111] Connection refused""))"
2026-09-18T15:09:02.053032,call_2,PUT,http://localhost/api/v1/mock/mock-swagger/api/v3/pet,0,6.42,"HTTPConnectionPool(host='localhost', port=80): Max retries exceeded with url: /api/v1/mock/mock-swagger/api/v3/pet (Caused by NewConnectionError(""HTTPConnection(host='localhost', port=80): Failed to establish a new connection: [Errno 111] Connection refused""))"
2026-09-18T15:09:02.053620,call_4,POST,http://localhost/api/v1/mock/mock-swagger/api/v3/user/createWithList,0,8.23,"HTTPConnectionPool(host='localhost', port=80): Max retries exceeded with url: /api/v1/mock/mock-swagger/api/v3/user/createWithList (Caused by NewConnectionError(""HTTPConnection(host='localhost', port=80): Failed to establish a new connection: [Errno 111] Connection refused""))"
2026-09-18T15:09:02.127201,call_4,POST,http://localhost/api/v1/mock/mock-swagger/api/v3/user/createWithList,0,1.64,"HTTPConnectionPool(host='localhost', port=80): Max retries exceeded with url: /api/v1/mock/mock-swagger/api/v3/user/createWithList (Caused by NewConnectionError(""HTTPConnection(host='localhost', port=80): Failed to establish a new connection: [Errno 111] Connection refused""))"
2026-09-18T15:09:02.136888,call_1,POST,http://localhost/api/v1/mock/mock-swagger/api/v3/pet,0,4.0,"HTTPConnectionPool(host='localhost', port=80): Max retries exceeded with url: /api/v1/mock/mock-swagger/api/v3/pet (Caused by NewConnectionError(""HTTPConnection(host='localhost', port=80): Failed to establish a new connection: [Errno 111] Connection refused""))"
2026-09-18T15:09:02.137225,call_2,PUT,http://localhost/api/v1/mock/mock-swagger/api/v3/pet,0,3.21,"HTTPConnectionPool(host='localhost', port=80): Max retries exceeded with url: /api/v1/mock/mock-swagger/api/v3/pet (Caused by NewConnectionError(""HTTPConnection(host='localhost', port=80): Failed to establish a new connection: [Errno 111] Connection refused""))"
2026-09-18T15:09:02.137531,call_1,POST,http://localhost/api/v1/mock/mock-swagger/api/v3/pet,0,2.43,"HTTPConnectionPool(host='localhost', port=80): Max retries exceeded with url: /api/v1/mock/mock-swagger/api/v3/pet (Caused by NewConnectionError(""HTTPConnection(host='localhost', port=80): Failed to establish a new connection: [Errno 111] Connection refused""))"
2026-09-18T15:09:02.161813,call_5,DELETE,http://localhost/api/v1/mock/mock-swagger/api/v3/user/{username},0,6.14,"HTTPConnectionPool(host='localhost', port=80): Max retries exceeded with url: /api/v1/mock/mock-swagger/api/v3/user/%7Busername%7D (Caused by NewConnectionError(""HTTPConnection(host='localhost', port=80): Failed to establish a new connection: [Errno 111] Connection refused""))"
2026-09-18T15:09:02.162906,call_3,GET,http://localhost/api/v1/mock/mock-swagger/api/v3/store/inventory,0,8.54,"HTTPConnectionPool(host='localhost', port=80): Max retries exceeded with url: /api/v1/mock/mock-swagger/api/v3/store/inventory (Caused by NewConnectionError(""HTTPConnection(host='localhost', port=80): Failed to establish a new connection: [Errno 111] Connection refused""))"
2026-09-18T15:09:02.164281,call_5,DELETE,http://localhost/api/v1/mock/mock-swagger/api/v3/user/{username},0,11.08,"HTTPConnectionPool(host='localhost', port=80): Max retries exceeded with url: /api/v1/mock/mock-swagger/api/v3/user/%7Busername%7D (Caused by NewConnectionError(""HTTPConnection(host='localhost', port=80): Failed to establish a new connection: [Errno 111] Connection refused""))"
2026-09-18T15:09:02.229053,call_5,DELETE,http://localhost/api/v1/mock/mock-swagger/api/v3/user/{username},0,1.68,"HTTPConnectionPool(host='localhost', port=80): Max retries exceeded with url: /api/v1/mock/mock-swagger/api/v3/user/%7Busername%7D (Caused by NewConnectionError(""HTTPConnection(host='localhost', port=80): Failed to establish a new connection: [Errno 111] Connection refused""))"
2026-09-18T15:09:02.241247,call_2,PUT,http://localhost/api/v1/mock/mock-swagger/api/v3/pet,0,1.92,"HTTPConnectionPool(host='localhost', port=80): Max retries exceeded with url: /api/v1/mock/mock-swagger/api/v3/pet (Caused by NewConnectionError(""HTTPConnection(host='localhost', port=80): Failed to establish a new connection: [Errno 111] Connection refused""))"
2026-09-18T15:09:02.241450,call_3,GET,http://localhost/api/v1/mock/mock-swagger/api/v3/store/inventory,0,3.26,"HTTPConnectionPool(host='localhost', port=80): Max retries exceeded with url: /api/v1/mock/mock-swagger/api/v3/store/inventory (Caused by NewConnectionError(""HTTPConnection(host='localhost', port=80): Failed to establish a new connection: [Errno 111] Connection refused""))"
2026-09-18T15:09:02.241714,call_2,PUT,http://localhost/api/v1/mock/mock-swagger/api/v3/pet,0,4.65,"HTTPConnectionPool(host='localhost', port=80): Max retries exceeded with url: /api/v1/mock/mock-swagger/api/v3/pet (Caused by NewConnectionError(""HTTPConnection(host='localhost', port=80): Failed to establish a new connection: [Errno 111] Connection refused""))"
2026-09-18T15:09:02.272860,call_1,POST,http://localhost/api/v1/mock/mock-swagger/api/v3/pet,0,10.88,"HTTPConnectionPool(host='localhost', port=80): Max retries exceeded with url: /api/v1/mock/mock-swagger/api/v3/pet (Caused by NewConnectionError(""HTTPConnection(host='localhost', port=80): Failed to establish a new connection: [Errno 111] Connection refused""))"
2026-09-18T15:09:02.273531,call_4,POST,http://localhost/api/v1/mock/mock-swagger/api/v3/user/createWithList,0,8.14,"HTTPConnectionPool(host='localhost', port=80): Max retries exceeded with url: /api/v1/mock/mock-swagger/api/v3/user/createWithList (Caused by NewConnectionError(""HTTPConnection(host='localhost', port=80): Failed to establish a new connection: [Errno 111] Connection refused""))"
2026-09-18T15:09:02.273897,call_1,POST,http://localhost/api/v1/mock/mock-swagger/api/v3/pet,0,4.28,"HTTPConnectionPool(host='localhost', port=80): Max retries exceeded with url: /api/v1/mock/mock-swagger/api/v3/pet (Caused by NewConnectionError(""HTTPConnection(host='localhost', port=80): Failed to establish a new connection: [Errno 111] Connection refused""))"
2026-09-18T15:09:02.330847,call_1,POST,http://localhost/api/v1/mock/mock-swagger/api/v3/pet,0,1.61,"HTTPConnectionPool(host='localhost', port=80): Max retries exceeded with url: /api/v1/mock/mock-swagger/api/v3/pet (Caused by NewConnectionError(""HTTPConnection(host='localhost', port=80): Failed to establish a new connection: [Errno 111] Connection refused""))"
2026-09-18T15:09:02.345252,call_3,GET,http://localhost/api/v1/mock/mock-swagger/api/v3/store/inventory,0,3.87,"HTTPConnectionPool(host='localhost', port=80): Max retries exceeded with url: /api/v1/mock/mock-swagger/api/v3/store/inventory (Caused by NewConnectionError(""HTTPConnection(host='localhost', port=80): Failed to establish a new connection: [Errno 111] Connection refused""))"
2026-09-18T15:09:02.345603,call_3,GET,http://localhost/api/v1/mock/mock-swagger/api/v3/store/inventory,0,2.09,"HTTPConnectionPool(host='localhost', port=80): Max retries exceeded with url: /api/v1/mock/mock-swagger/api/v3/store/inventory (Caused by NewConnectionError(""HTTPConnection(host='localhost', port=80): Failed to establish a new connection: [Errno 111] Connection refused""))"
2026-09-18T15:09:02.345919,call_4,POST,http://localhost/api/v1/mock/mock-swagger/api/v3/user/createWithList,0,3.48,"HTTPConnectionPool(host='localhost', port=80): Max retries exceeded with url: /api/v1/mock/mock-swagger/api/v3/user/createWithList (Caused by NewConnectionError(""HTTPConnection(host='localhost', port=80): Failed to establish a new connection: [Errno 111] Connection refused""))"
2026-09-18T15:09:02.383452,call_2,PUT,http://localhost/api/v1/mock/mock-swagger/api/v3/pet,0,6.86,"HTTPConnectionPool(host='localhost', port=80): Max retries exceeded with url: /api/v1/mock/mock-swagger/api/v3/pet (Caused by NewConnectionError(""HTTPConnection(host='localhost', port=80): Failed to establish a new connection: [Errno 111] Connection refused""))"
2026-09-18T15:09:02.383786,call_2,PUT,http://localhost/api/v1/mock/mock-swagger/api/v3/pet,0,8.46,"HTTPConnectionPool(host='localhost', port=80): Max retries exceeded with url: /api/v1/mock/mock-swagger/api/v3/pet (Caused by NewConnectionError(""HTTPConnection(host='localhost', port=80): Failed to establish a new connection: [Errno 111] Connection refused""))"
2026-09-18T15:09:02.384221,call_5,DELETE,http://localhost/api/v1/mock/mock-swagger/api/v3/user/{username},0,4.68,"HTTPConnectionPool(host='localhost', port=80): Max retries exceeded with url: /api/v1/mock/mock-swagger/api/v3/user/%7Busername%7D (Caused by NewConnectionError(""HTTPConnection(host='localhost', port=80): Failed to establish a new connection: [Errno 111] Connection refused""))"
2026-09-18T15:09:02.432765,call_2,PUT,http://localhost/api/v1/mock/mock-swagger/api/v3/pet,0,1.73,"HTTPConnectionPool(host='localhost', port=80): Max retries exceeded with url: /api/v1/mock/mock-swagger/api/v3/pet (Caused by NewConnectionError(""HTTPConnection(host='localhost', port=80): Failed to establish a new connection: [Errno 111] Connection refused""))"
2026-09-18T15:09:02.449563,call_4,POST,http://localhost/api/v1/mock/mock-swagger/api/v3/user/createWithList,0,4.12,"HTTPConnectionPool(host='localhost', port=80): Max retries exceeded with url: /api/v1/mock/mock-swagger/api/v3/user/createWithList (Caused by NewConnectionError(""HTTPConnection(host='localhost', port=80): Failed to establish a new connection: [Errno 111] Connection refused""))"
2026-09-18T15:09:02.449790,call_5,DELETE,http://localhost/api/v1/mock/mock-swagger/api/v3/user/{username},0,2.03,"HTTPConnectionPool(host='localhost', port=80): Max retries exceeded with url: /api/v1/mock/mock-swagger/api/v3/user/%7Busername%7D (Caused by NewConnectionError(""HTTPConnection(host='localhost', port=80): Failed to establish a new connection: [Errno 111] Connection refused""))"
2026-09-18T15:09:02.450119,call_4,POST,http://localhost/api/v1/mock/mock-swagger/api/v3/user/createWithList,0,3.49,"HTTPConnectionPool(host='localhost', port=80): Max retries exceeded with url: /api/v1/mock/mock-swagger/api/v3/user/createWithList (Caused by NewConnectionError(""HTTPConnection(host='localhost', port=80): Failed to establish a new connection: [Errno 111] Connection refused""))"
2026-09-18T15:09:02.493324,call_3,GET,http://localhost/api/v1/mock/mock-swagger/api/v3/store/inventory,0,3.65,"HTTPConnectionPool(host='localhost', port=80): Max retries exceeded with url: /api/v1/mock/mock-swagger/api/v3/store/inventory (Caused by NewConnectionError(""HTTPConnection(host='localhost', port=80): Failed to establish a new connection: [Errno 111] Connection refused""))"
2026-09-18T15:09:02.494163,call_3,GET,http://localhost/api/v1/mock/mock-swagger/api/v3/store/inventory,0,5.84,"HTTPConnectionPool(host='localhost', port=80): Max retries exceeded with url: /api/v1/mock/mock-swagger/api/v3/store/inventory (Caused by NewConnectionError(""HTTPConnection(host='localhost', port=80): Failed to establish a new connection: [Errno 111] Connection refused""))"
2026-09-18T15:09:02.494627,call_1,POST,http://localhost/api/v1/mock/mock-swagger/api/v3/pet,0,7.75,"HTTPConnectionPool(host='localhost', port=80): Max retries exceeded with url: /api/v1/mock/mock-swagger/api/v3/pet (Caused by NewConnectionError(""HTTPConnection(host='localhost', port=80): Failed to establish a new connection: [Errno 111] Connection refused""))"
2026-09-18T15:09:02.534490,call_3,GET,http://localhost/api/v1/mock/mock-swagger/api/v3/store/inventory,0,1.59,"HTTPConnectionPool(host='localhost', port=80): Max retries exceeded with url: /api/v1/mock/mock-swagger/api/v3/store/inventory (Caused by NewConnectionError(""HTTPConnection(host='localhost', port=80): Failed to establish a new connection: [Errno 111] Connection refused""))"
2026-09-18T15:09:02.553759,call_5,DELETE,http://localhost/api/v1/mock/mock-swagger/api/v3/user/{username},0,4.03,"HTTPConnectionPool(host='localhost', port=80): Max retries exceeded with url: /api/v1/mock/mock-swagger/api/v3/user/%7Busername%7D (Caused by NewConnectionError(""HTTPConnection(host='localhost', port=80): Failed to establish a new connection: [Errno 111] Connection refused""))"
2026-09-18T15:09:02.554195,call_1,POST,http://localhost/api/v1/mock/mock-swagger/api/v3/pet,0,3.34,"HTTPConnectionPool(host='localhost', port=80): Max retries exceeded with url: /api/v1/mock/mock-swagger/api/v3/pet (Caused by NewConnectionError(""HTTPConnection(host='localhost', port=80): Failed to establish a new connection: [Errno 111] Connection refused""))"
2026-09-18T15:09:02.554431,call_5,DELETE,http://localhost/api/v1/mock/mock-swagger/api/v3/user/{username},0,2.48,"HTTPConnectionPool(host='localhost', port=80): Max retries exceeded with url: /api/v1/mock/mock-swagger/api/v3/user/%7Busername%7D (Caused by NewConnectionError(""HTTPConnection(host='localhost', port=80): Failed to establish a new connection: [Errno 111] Connection refused""))"
2026-09-18T15:09:02.601616,call_4,POST,http://localhost/api/v1/mock/mock-swagger/api/v3/user/createWithList,0,2.61,"HTTPConnectionPool(host='localhost', port=80): Max retries exceeded with url: /api/v1/mock/mock-swagger/api/v3/user/createWithList (Caused by NewConnectionError(""HTTPConnection(host='localhost', port=80): Failed to establish a new connection: [Errno 111] Connection refused""))"
2026-09-18T15:09:02.602010,call_4,POST,http://localhost/api/v1/mock/mock-swagger/api/v3/user/createWithList,0,6.91,"HTTPConnectionPool(host='localhost', port=80): Max retries exceeded with url: /api/v1/mock/mock-swagger/api/v3/user/createWithList (Caused by NewConnectionError(""HTTPConnection(host='localhost', port=80): Failed to establish a new connection: [Errno 111] Connection refused""))"
2026-09-18T15:09:02.603162,call_2,PUT,http://localhost/api/v1/mock/mock-swagger/api/v3/pet,0,5.6,"HTTPConnectionPool(host='localhost', port=80): Max retries exceeded with url: /api/v1/mock/mock-swagger/api/v3/pet (Caused by NewConnectionError(""HTTPConnection(host='localhost', port=80): Failed to establish a new connection: [Errno 111] Connection refused""))"
2026-09-18T15:09:02.636342,call_4,POST,http://localhost/api/v1/mock/mock-swagger/api/v3/user/createWithList,0,1.68,"HTTPConnectionPool(host='localhost', port=80): Max retries exceeded with url: /api/v1/mock/mock-swagger/api/v3/user/createWithList (Caused by NewConnectionError(""HTTPConnection(host='localhost', port=80): Failed to establish a new connection: [Errno 111] Connection refused""))"
2026-09-18T15:09:02.658244,call_1,POST,http://localhost/api/v1/mock/mock-swagger/api/v3/pet,0,4.31,"HTTPConnectionPool(host='localhost', port=80): Max retries exceeded with url: /api/v1/mock/mock-swagger/api/v3/pet (Caused by NewConnectionError(""HTTPConnection(host='localhost', port=80): Failed to establish a new connection: [Errno 111] Connection refused""))"
2026-09-18T15:09:02.658635,call_2,PUT,http://localhost/api/v1/mock/mock-swagger/api/v3/pet,0,3.58,"HTTPConnectionPool(host='localhost', port=80): Max retries exceeded with url: /api/v1/mock/mock-swagger/api/v3/pet (Caused by NewConnectionError(""HTTPConnection(host='localhost', port=80): Failed to establish a new connection: [Errno 111] Connection refused""))"
2026-09-18T15:09:02.658931,call_1,POST,http://localhost/api/v1/mock/mock-swagger/api/v3/pet,0,2.73,"HTTPConnectionPool(host='localhost', port=80): Max retries exceeded with url: /api/v1/mock/mock-swagger/api/v3/pet (Caused by NewConnectionError(""HTTPConnection(host='localhost', port=80): Failed to establish a new connection: [Errno 111] Connection refused""))"
2026-09-18T15:09:02.710343,call_5,DELETE,http://localhost/api/v1/mock/mock-swagger/api/v3/user/{username},0,8.2,"HTTPConnectionPool(host='localhost', port=80): Max retries exceeded with url: /api/v1/mock/mock-swagger/api/v3/user/%7Busername%7D (Caused by NewConnectionError(""HTTPConnection(host='localhost', port=80): Failed to establish a new connection: [Errno 111] Connection refused""))"
2026-09-18T15:09:02.711527,call_3,GET,http://localhost/api/v1/mock/mock-swagger/api/v3/store/inventory,0,4.69,"HTTPConnectionPool(host='localhost', port=80): Max retries exceeded with url: /api/v1/mock/mock-swagger/api/v3/store/inventory (Caused by NewConnectionError(""HTTPConnection(host='localhost', port=80): Failed to establish a new connection: [Errno 111] Connection refused""))"
2026-09-18T15:09:02.713079,call_5,DELETE,http://localhost/api/v1/mock/mock-swagger/api/v3/user/{username},0,8.72,"HTTPConnectionPool(host='localhost', port=80): Max retries exceeded with url: /api/v1/mock/mock-swagger/api/v3/user/%7Busername%7D (Caused by NewConnectionError(""HTTPConnection(host='localhost', port=80): Failed to establish a new connection: [Errno 111] Connection refused""))"
2026-09-18T15:09:02.738230,call_5,DELETE,http://localhost/api/v1/mock/mock-swagger/api/v3/user/{username},0,1.71,"HTTPConnectionPool(host='localhost', port=80): Max retries exceeded with url: /api/v1/mock/mock-swagger/api/v3/user/%7Busername%7D (Caused by NewConnectionError(""HTTPConnection(host='localhost', port=80): Failed to establish a new connection: [Errno 111] Connection refused""))"
2026-09-18T15:09:02.762370,call_2,PUT,http://localhost/api/v1/mock/mock-swagger/api/v3/pet,0,4.0,"HTTPConnectionPool(host='localhost', port=80): Max retries exceeded with url: /api/v1/mock/mock-swagger/api/v3/pet (Caused by NewConnectionError(""HTTPConnection(host='localhost', port=80): Failed to establish a new connection: [Errno 111] Connection refused""))"
2026-09-18T15:09:02.762745,call_3,GET,http://localhost/api/v1/mock/mock-swagger/api/v3/store/inventory,0,3.29,"HTTPConnectionPool(host='localhost', port=80): Max retries exceeded with url: /api/v1/mock/mock-swagger/api/v3/store/inventory (Caused by NewConnectionError(""HTTPConnection(host='localhost', port=80): Failed to establish a new connection: [Errno 111] Connection refused""))"
2026-09-18T15:09:02.763947,call_2,PUT,http://localhost/api/v1/mock/mock-swagger/api/v3/pet,0,3.41,"HTTPConnectionPool(host='localhost', port=80): Max retries exceeded with url: /api/v1/mock/mock-swagger/api/v3/pet (Caused by NewConnectionError(""HTTPConnection(host='localhost', port=80): Failed to establish a new connection: [Errno 111] Connection refused""))"
2026-09-18T15:09:02.821951,call_4,POST,http://localhost/api/v1/mock/mock-swagger/api/v3/user/createWithList,0,9.36,"HTTPConnectionPool(host='localhost', port=80): Max retries exceeded with url: /api/v1/mock/mock-swagger/api/v3/user/createWithList (Caused by NewConnectionError(""HTTPConnection(host='localhost', port=80): Failed to establish a new connection: [Errno 111] Connection refused""))"
2026-09-18T15:09:02.822843,call_1,POST,http://localhost/api/v1/mock/mock-swagger/api/v3/pet,0,12.35,"HTTPConnectionPool(host='localhost', port=80): Max retries exceeded with url: /api/v1/mock/mock-swagger/api/v3/pet (Caused by NewConnectionError(""HTTPConnection(host='localhost', port=80): Failed to establish a new connection: [Errno 111] Connection refused""))"
2026-09-18T15:09:02.823271,call_1,POST,http://localhost/api/v1/mock/mock-swagger/api/v3/pet,0,6.86,"HTTPConnectionPool(host='localhost', port=80): Max retries exceeded with url: /api/v1/mock/mock-swagger/api/v3/pet (Caused by NewConnectionError(""HTTPConnection(host='localhost', port=80): Failed to establish a new connection: [Errno 111] Connection refused""))"
2026-09-18T15:09:02.840234,call_1,POST,http://localhost/api/v1/mock/mock-swagger/api/v3/pet,0,1.83,"HTTPConnectionPool(host='localhost', port=80): Max retries exceeded with url: /api/v1/mock/mock-swagger/api/v3/pet (Caused by NewConnectionError(""HTTPConnection(host='localhost', port=80): Failed to establish a new connection: [Errno 111] Connection refused""))"
2026-09-18T15:09:02.867891,call_3,GET,http://localhost/api/v1/mock/mock-swagger/api/v3/store/inventory,0,5.35,"HTTPConnectionPool(host='localhost', port=80): Max retries exceeded with url: /api/v1/mock/mock-swagger/api/v3/store/inventory (Caused by NewConnectionError(""HTTPConnection(host='localhost', port=80): Failed to establish a new connection: [Errno 111] Connection refused""))"
2026-09-18T15:09:02.868771,call_4,POST,http://localhost/api/v1/mock/mock-swagger/api/v3/user/createWithList,0,5.12,"HTTPConnectionPool(host='localhost', port=80): Max retries exceeded with url: /api/v1/mock/mock-swagger/api/v3/user/createWithList (Caused by NewConnectionError(""HTTPConnection(host='localhost', port=80): Failed to establish a new connection: [Errno 111] Connection refused""))"
2026-09-18T15:09:02.869050,call_3,GET,http://localhost/api/v1/mock/mock-swagger/api/v3/store/inventory,0,3.07,"HTTPConnectionPool(host='localhost', port=80): Max retries exceeded with url: /api/v1/mock/mock-swagger/api/v3/store/inventory (Caused by NewConnectionError(""HTTPConnection(host='localhost', port=80): Failed to establish a new connection: [Errno 111] Connection refused""))"
2026-09-18T15:09:02.931839,call_5,DELETE,http://localhost/api/v1/mock/mock-swagger/api/v3/user/{username},0,6.85,"HTTPConnectionPool(host='localhost', port=80): Max retries exceeded with url: /api/v1/mock/mock-swagger/api/v3/user/%7Busername%7D (Caused by NewConnectionError(""HTTPConnection(host='localhost', port=80): Failed to establish a new connection: [Errno 111] Connection refused""))"
2026-09-18T15:09:02.932088,call_2,PUT,http://localhost/api/v1/mock/mock-swagger/api/v3/pet,0,4.61,"HTTPConnectionPool(host='localhost', port=80): Max retries exceeded with url: /api/v1/mock/mock-swagger/api/v3/pet (Caused by NewConnectionError(""HTTPConnection(host='localhost', port=80): Failed to establish a new connection: [Errno 111] Connection refused""))"
2026-09-18T15:09:02.932595,call_2,PUT,http://localhost/api/v1/mock/mock-swagger/api/v3/pet,0,9.15,"HTTPConnectionPool(host='localhost', port=80): Max retries exceeded with url: /api/v1/mock/mock-swagger/api/v3/pet (Caused by NewConnectionError(""HTTPConnection(host='localhost', port=80): Failed to establish a new connection: [Errno 111] Connection refused""))"
2026-09-18T15:09:02.942106,call_2,PUT,http://localhost/api/v1/mock/mock-swagger/api/v3/pet,0,1.7,"HTTPConnectionPool(host='localhost', port=80): Max retries exceeded with url: /api/v1/mock/mock-swagger/api/v3/pet (Caused by NewConnectionError(""HTTPConnection(host='localhost', port=80): Failed to establish a new connection: [Errno 111] Connection refused""))"
2026-09-18T15:09:02.973333,call_4,POST,http://localhost/api/v1/mock/mock-swagger/api/v3/user/createWithList,0,5.3,"HTTPConnectionPool(host='localhost', port=80): Max retries exceeded with url: /api/v1/mock/mock-swagger/api/v3/user/createWithList (Caused by NewConnectionError(""HTTPConnection(host='localhost', port=80): Failed to establish a new connection: [Errno 111] Connection refused""))"
2026-09-18T15:09:02.981097,call_5,DELETE,http://localhost/api/v1/mock/mock-swagger/api/v3/user/{username},0,10.98,"HTTPConnectionPool(host='localhost', port=80): Max retries exceeded with url: /api/v1/mock/mock-swagger/api/v3/user/%7Busername%7D (Caused by NewConnectionError(""HTTPConnection(host='localhost', port=80): Failed to establish a new connection: [Errno 111] Connection refused""))"
2026-09-18T15:09:02.981337,call_4,POST,http://localhost/api/v1/mock/mock-swagger/api/v3/user/createWithList,0,9.98,"HTTPConnectionPool(host='localhost', port=80): Max retries exceeded with url: /api/v1/mock/mock-swagger/api/v3/user/createWithList (Caused by NewConnectionError(""HTTPConnection(host='localhost', port=80): Failed to establish a new connection: [Errno 111] Connection refused""))"
2026-09-18T15:09:03.044600,call_1,POST,http://localhost/api/v1/mock/mock-swagger/api/v3/pet,0,11.72,"HTTPConnectionPool(host='localhost', port=80): Max retries exceeded with url: /api/v1/mock/mock-swagger/api/v3/pet (Caused by NewConnectionError(""HTTPConnection(host='localhost', port=80): Failed to establish a new connection: [Errno 111] Connection refused""))"
2026-09-18T15:09:03.046654,call_3,GET,http://localhost/api/v1/mock/mock-swagger/api/v3/store/inventory,0,3.35,"HTTPConnectionPool(host='localhost', port=80): Max retries exceeded with url: /api/v1/mock/mock-swagger/api/v3/store/inventory (Caused by NewConnectionError(""HTTPConnection(host='localhost', port=80): Failed to establish a new connection: [Errno 111] Connection refused""))"
2026-09-18T15:09:03.047308,call_3,GET,http://localhost/api/v1/mock/mock-swagger/api/v3/store/inventory,0,12.1,"HTTPConnectionPool(host='localhost', port=80): Max retries exceeded with url: /api/v1/mock/mock-swagger/api/v3/store/inventory (Caused by NewConnectionError(""HTTPConnection(host='localhost', port=80): Failed to establish a new connection: [Errno 111] Connection refused""))"
2026-09-18T15:09:03.047961,call_3,GET,http://localhost/api/v1/mock/mock-swagger/api/v3/store/inventory,0,6.15,"HTTPConnectionPool(host='localhost', port=80): Max retries exceeded with url: /api/v1/mock/mock-swagger/api/v3/store/inventory (Caused by NewConnectionError(""HTTPConnection(host='localhost', port=80): Failed to establish a new connection: [Errno 111] Connection refused""))"
2026-09-18T15:09:03.075202,call_5,DELETE,http://localhost/api/v1/mock/mock-swagger/api/v3/user/{username},0,1.73,"HTTPConnectionPool(host='localhost', port=80): Max retries exceeded with url: /api/v1/mock/mock-swagger/api/v3/user/%7Busername%7D (Caused by NewConnectionError(""HTTPConnection(host='localhost', port=80): Failed to establish a new connection: [Errno 111] Connection refused""))"
2026-09-18T15:09:03.085629,call_1,POST,http://localhost/api/v1/mock/mock-swagger/api/v3/pet,0,4.36,"HTTPConnectionPool(host='localhost', port=80): Max retries exceeded with url: /api/v1/mock/mock-swagger/api/v3/pet (Caused by NewConnectionError(""HTTPConnection(host='localhost', port=80): Failed to establish a new connection: [Errno 111] Connection refused""))"
2026-09-18T15:09:03.086217,call_5,DELETE,http://localhost/api/v1/mock/mock-swagger/api/v3/user/{username},0,3.84,"HTTPConnectionPool(host='localhost', port=80): Max retries exceeded with url: /api/v1/mock/mock-swagger/api/v3/user/%7Busername%7D (Caused by NewConnectionError(""HTTPConnection(host='localhost', port=80): Failed to establish a new connection: [Errno 111] Connection refused""))"
2026-09-18T15:09:03.156919,call_4,POST,http://localhost/api/v1/mock/mock-swagger/api/v3/user/createWithList,0,7.5,"HTTPConnectionPool(host='localhost', port=80): Max retries exceeded with url: /api/v1/mock/mock-swagger/api/v3/user/createWithList (Caused by NewConnectionError(""HTTPConnection(host='localhost', port=80): Failed to establish a new connection: [Errno 111] Connection refused""))"
2026-09-18T15:09:03.158266,call_4,POST,http://localhost/api/v1/mock/mock-swagger/api/v3/user/createWithList,0,10.14,"HTTPConnectionPool(host='localhost', port=80): Max retries exceeded with url: /api/v1/mock/mock-swagger/api/v3/user/createWithList (Caused by NewConnectionError(""HTTPConnection(host='localhost', port=80): Failed to establish a new connection: [Errno 111] Connection refused""))"
2026-09-18T15:09:03.159081,call_2,PUT,http://localhost/api/v1/mock/mock-swagger/api/v3/pet,0,14.29,"HTTPConnectionPool(host='localhost', port=80): Max retries exceeded with url: /api/v1/mock/mock-swagger/api/v3/pet (Caused by NewConnectionError(""HTTPConnection(host='localhost', port=80): Failed to establish a new connection: [Errno 111] Connection refused""))"
2026-09-18T15:09:03.159329,call_4,POST,http://localhost/api/v1/mock/mock-swagger/api/v3/user/createWithList,0,5.91,"HTTPConnectionPool(host='localhost', port=80): Max retries exceeded with url: /api/v1/mock/mock-swagger/api/v3/user/createWithList (Caused by NewConnectionError(""HTTPConnection(host='localhost', port=80): Failed to establish a new connection: [Errno 111] Connection refused""))"
2026-09-18T15:09:03.177297,call_1,POST,http://localhost/api/v1/mock/mock-swagger/api/v3/pet,0,1.96,"HTTPConnectionPool(host='localhost', port=80): Max retries exceeded with url: /api/v1/mock/mock-swagger/api/v3/pet (Caused by NewConnectionError(""HTTPConnection(host='localhost', port=80): Failed to establish a new connection: [Errno 111] Connection refused""))"
2026-09-18T15:09:03.193079,call_2,PUT,http://localhost/api/v1/mock/mock-swagger/api/v3/pet,0,7.3,"HTTPConnectionPool(host='localhost', port=80): Max retries exceeded with url: /api/v1/mock/mock-swagger/api/v3/pet (Caused by NewConnectionError(""HTTPConnection(host='localhost', port=80): Failed to establish a new connection: [Errno 111] Connection refused""))"
2026-09-18T15:09:03.193311,call_1,POST,http://localhost/api/v1/mock/mock-swagger/api/v3/pet,0,4.8,"HTTPConnectionPool(host='localhost', port=80): Max retries exceeded with url: /api/v1/mock/mock-swagger/api/v3/pet (Caused by NewConnectionError(""HTTPConnection(host='localhost', port=80): Failed to establish a new connection: [Errno 111] Connection refused""))"
2026-09-18T15:09:03.270845,call_5,DELETE,http://localhost/api/v1/mock/mock-swagger/api/v3/user/{username},0,13.75,"HTTPConnectionPool(host='localhost', port=80): Max retries exceeded with url: /api/v1/mock/mock-swagger/api/v3/user/%7Busername%7D (Caused by NewConnectionError(""HTTPConnection(host='localhost', port=80): Failed to establish a new connection: [Errno 111] Connection refused""))"
2026-09-18T15:09:03.271863,call_5,DELETE,http://localhost/api/v1/mock/mock-swagger/api/v3/user/{username},0,8.91,"HTTPConnectionPool(host='localhost', port=80): Max retries exceeded with url: /api/v1/mock/mock-swagger/api/v3/user/%7Busername%7D (Caused by NewConnectionError(""HTTPConnection(host='localhost', port=80): Failed to establish a new connection: [Errno 111] Connection refused""))"
2026-09-18T15:09:03.272208,call_3,GET,http://localhost/api/v1/mock/mock-swagger/api/v3/store/inventory,0,4.15,"HTTPConnectionPool(host='localhost', port=80): Max retries exceeded with url: /api/v1/mock/mock-swagger/api/v3/store/inventory (Caused by NewConnectionError(""HTTPConnection(host='localhost', port=80): Failed to establish a new connection: [Errno 111] Connection refused""))"
2026-09-18T15:09:03.273433,call_5,DELETE,http://localhost/api/v1/mock/mock-swagger/api/v3/user/{username},0,12.9,"HTTPConnectionPool(host='localhost', port=80): Max retries exceeded with url: /api/v1/mock/mock-swagger/api/v3/user/%7Busername%7D (Caused by NewConnectionError(""HTTPConnection(host='localhost', port=80): Failed to establish a new connection: [Errno 111] Connection refused""))"
2026-09-18T15:09:03.279122,call_2,PUT,http://localhost/api/v1/mock/mock-swagger/api/v3/pet,0,1.64,"HTTPConnectionPool(host='localhost', port=80): Max retries exceeded with url: /api/v1/mock/mock-swagger/api/v3/pet (Caused by NewConnectionError(""HTTPConnection(host='localhost', port=80): Failed to establish a new connection: [Errno 111] Connection refused""))"
2026-09-18T15:09:03.297243,call_3,GET,http://localhost/api/v1/mock/mock-swagger/api/v3/store/inventory,0,3.32,"HTTPConnectionPool(host='localhost', port=80): Max retries exceeded with url: /api/v1/mock/mock-swagger/api/v3/store/inventory (Caused by NewConnectionError(""HTTPConnection(host='localhost', port=80): Failed to establish a new connection: [Errno 111] Connection refused""))"
2026-09-18T15:09:03.297477,call_2,PUT,http://localhost/api/v1/mock/mock-swagger/api/v3/pet,0,2.42,"HTTPConnectionPool(host='localhost', port=80): Max retries exceeded with url: /api/v1/mock/mock-swagger/api/v3/pet (Caused by NewConnectionError(""HTTPConnection(host='localhost', port=80): Failed to establish a new connection: [Errno 111] Connection refused""))"
2026-09-18T15:09:03.385418,call_1,POST,http://localhost/api/v1/mock/mock-swagger/api/v3/pet,0,7.8,"HTTPConnectionPool(host='localhost', port=80): Max retries exceeded with url: /api/v1/mock/mock-swagger/api/v3/pet (Caused by NewConnectionError(""HTTPConnection(host='localhost', port=80): Failed to establish a new connection: [Errno 111] Connection refused""))"
2026-09-18T15:09:03.386918,call_3,GET,http://localhost/api/v1/mock/mock-swagger/api/v3/store/inventory,0,4.63,"HTTPConnectionPool(host='localhost', port=80): Max retries exceeded with url: /api/v1/mock/mock-swagger/api/v3/store/inventory (Caused by NewConnectionError(""HTTPConnection(host='localhost', port=80): Failed to establish a new connection: [Errno 111] Connection refused""))"
2026-09-18T15:09:03.387201,call_1,POST,http://localhost/api/v1/mock/mock-swagger/api/v3/pet,0,12.5,"HTTPConnectionPool(host='localhost', port=80): Max retries exceeded with url: /api/v1/mock/mock-swagger/api/v3/pet (Caused by NewConnectionError(""HTTPConnection(host='localhost', port=80): Failed to establish a new connection: [Errno 111] Connection refused""))"
2026-09-18T15:09:03.387475,call_1,POST,http://localhost/api/v1/mock/mock-swagger/api/v3/pet,0,16.45,"HTTPConnectionPool(host='localhost', port=80): Max retries exceeded with url: /api/v1/mock/mock-swagger/api/v3/pet (Caused by NewConnectionError(""HTTPConnection(host='localhost', port=80): Failed to establish a new connection: [Errno 111] Connection refused""))"
2026-09-18T15:09:03.387792,call_4,POST,http://localhost/api/v1/mock/mock-swagger/api/v3/user/createWithList,0,8.79,"HTTPConnectionPool(host='localhost', port=80): Max retries exceeded with url: /api/v1/mock/mock-swagger/api/v3/user/createWithList (Caused by NewConnectionError(""HTTPConnection(host='localhost', port=80): Failed to establish a new connection: [Errno 111] Connection refused""))"
2026-09-18T15:09:03.390625,call_1,POST,http://localhost/api/v1/mock/mock-swagger/api/v3/pet,0,1.14,"HTTPConnectionPool(host='localhost', port=80): Max retries exceeded with url: /api/v1/mock/mock-swagger/api/v3/pet (Caused by NewConnectionError(""HTTPConnection(host='localhost', port=80): Failed to establish a new connection: [Errno 111] Connection refused""))"
2026-09-18T15:09:03.401741,call_4,POST,http://localhost/api/v1/mock/mock-swagger/api/v3/user/createWithList,0,3.53,"HTTPConnectionPool(host='localhost', port=80): Max retries exceeded with url: /api/v1/mock/mock-swagger/api/v3/user/createWithList (Caused by NewConnectionError(""HTTPConnection(host='localhost', port=80): Failed to establish a new connection: [Errno 111] Connection refused""))"
2026-09-18T15:09:03.402406,call_3,GET,http://localhost/api/v1/mock/mock-swagger/api/v3/store/inventory,0,2.99,"HTTPConnectionPool(host='localhost', port=80): Max retries exceeded with url: /api/v1/mock/mock-swagger/api/v3/store/inventory (Caused by NewConnectionError(""HTTPConnection(host='localhost', port=80): Failed to establish a new connection: [Errno 111] Connection refused""))"
2026-09-18T15:09:03.500280,call_2,PUT,http://localhost/api/v1/mock/mock-swagger/api/v3/pet,0,9.68,"HTTPConnectionPool(host='localhost', port=80): Max retries exceeded with url: /api/v1/mock/mock-swagger/api/v3/pet (Caused by NewConnectionError(""HTTPConnection(host='localhost', port=80): Failed to establish a new connection: [Errno 111] Connection refused""))"
2026-09-18T15:09:03.501093,call_5,DELETE,http://localhost/api/v1/mock/mock-swagger/api/v3/user/{username},0,8.21,"HTTPConnectionPool(host='localhost', port=80): Max retries exceeded with url: /api/v1/mock/mock-swagger/api/v3/user/%7Busername%7D (Caused by NewConnectionError(""HTTPConnection(host='localhost', port=80): Failed to establish a new connection: [Errno 111] Connection refused""))"
2026-09-18T15:09:03.506397,call_2,PUT,http://localhost/api/v1/mock/mock-swagger/api/v3/pet,0,10.66,"HTTPConnectionPool(host='localhost', port=80): Max retries exceeded with url: /api/v1/mock/mock-swagger/api/v3/pet (Caused by NewConnectionError(""HTTPConnection(host='localhost', port=80): Failed to establish a new connection: [Errno 111] Connection refused""))"
2026-09-18T15:09:03.506901,call_2,PUT,http://localhost/api/v1/mock/mock-swagger/api/v3/pet,0,20.05,"HTTPConnectionPool(host='localhost', port=80): Max retries exceeded with url: /api/v1/mock/mock-swagger/api/v3/pet (Caused by NewConnectionError(""HTTPConnection(host='localhost', port=80): Failed to establish a new connection: [Errno 111] Connection refused""))"
2026-09-18T15:09:03.508205,call_2,PUT,http://localhost/api/v1/mock/mock-swagger/api/v3/pet,0,16.44,"HTTPConnectionPool(host='localhost', port=80): Max retries exceeded with url: /api/v1/mock/mock-swagger/api/v3/pet (Caused by NewConnectionError(""HTTPConnection(host='localhost', port=80): Failed to establish a new connection: [Errno 111] Connection refused""))"
2026-09-18T15:09:03.510269,call_4,POST,http://localhost/api/v1/mock/mock-swagger/api/v3/user/createWithList,0,6.58,"HTTPConnectionPool(host='localhost', port=80): Max retries exceeded with url: /api/v1/mock/mock-swagger/api/v3/user/createWithList (Caused by NewConnectionError(""HTTPConnection(host='localhost', port=80): Failed to establish a new connection: [Errno 111] Connection refused""))"
2026-09-18T15:09:03.510514,call_4,POST,http://localhost/api/v1/mock/mock-swagger/api/v3/user/createWithList,0,21.14,"HTTPConnectionPool(host='localhost', port=80): Max retries exceeded with url: /api/v1/mock/mock-swagger/api/v3/user/createWithList (Caused by NewConnectionError(""HTTPConnection(host='localhost', port=80): Failed to establish a new connection: [Errno 111] Connection refused""))"
2026-09-18T15:09:03.510715,call_5,DELETE,http://localhost/api/v1/mock/mock-swagger/api/v3/user/{username},0,5.67,"HTTPConnectionPool(host='localhost', port=80): Max retries exceeded with url: /api/v1/mock/mock-swagger/api/v3/user/%7Busername%7D (Caused by NewConnectionError(""HTTPConnection(host='localhost', port=80): Failed to establish a new connection: [Errno 111] Connection refused""))"
2026-09-18T15:09:03.606489,call_3,GET,http://localhost/api/v1/mock/mock-swagger/api/v3/store/inventory,0,6.02,"HTTPConnectionPool(host='localhost', port=80): Max retries exceeded with url: /api/v1/mock/mock-swagger/api/v3/store/inventory (Caused by NewConnectionError(""HTTPConnection(host='localhost', port=80): Failed to establish a new connection: [Errno 111] Connection refused""))"
2026-09-18T15:09:03.611892,call_1,POST,http://localhost/api/v1/mock/mock-swagger/api/v3/pet,0,10.17,"HTTPConnectionPool(host='localhost', port=80): Max retries exceeded with url: /api/v1/mock/mock-swagger/api/v3/pet (Caused by NewConnectionError(""HTTPConnection(host='localhost', port=80): Failed to establish a new connection: [Errno 111] Connection refused""))"
2026-09-18T15:09:03.620517,call_3,GET,http://localhost/api/v1/mock/mock-swagger/api/v3/store/inventory,0,13.85,"HTTPConnectionPool(host='localhost', port=80): Max retries exceeded with url: /api/v1/mock/mock-swagger/api/v3/store/inventory (Caused by NewConnectionError(""HTTPConnection(host='localhost', port=80): Failed to establish a new connection: [Errno 111] Connection refused""))"
2026-09-18T15:09:03.623493,call_3,GET,http://localhost/api/v1/mock/mock-swagger/api/v3/store/inventory,0,12.93,"HTTPConnectionPool(host='localhost', port=80): Max retries exceeded with url: /api/v1/mock/mock-swagger/api/v3/store/inventory (Caused by NewConnectionError(""HTTPConnection(host='localhost', port=80): Failed to establish a new connection: [Errno 111] Connection refused""))"
2026-09-18T15:09:03.623763,call_1,POST,http://localhost/api/v1/mock/mock-swagger/api/v3/pet,0,10.41,"HTTPConnectionPool(host='localhost', port=80): Max retries exceeded with url: /api/v1/mock/mock-swagger/api/v3/pet (Caused by NewConnectionError(""HTTPConnection(host='localhost', port=80): Failed to establish a new connection: [Errno 111] Connection refused""))"
2026-09-18T15:09:03.624308,call_5,DELETE,http://localhost/api/v1/mock/mock-swagger/api/v3/user/{username},0,6.54,"HTTPConnectionPool(host='localhost', port=80): Max retries exceeded with url: /api/v1/mock/mock-swagger/api/v3/user/%7Busername%7D (Caused by NewConnectionError(""HTTPConnection(host='localhost', port=80): Failed to establish a new connection: [Errno 111] Connection refused""))"
2026-09-18T15:09:03.624715,call_3,GET,http://localhost/api/v1/mock/mock-swagger/api/v3/store/inventory,0,10.17,"HTTPConnectionPool(host='localhost', port=80): Max retries exceeded with url: /api/v1/mock/mock-swagger/api/v3/store/inventory (Caused by NewConnectionError(""HTTPConnection(host='localhost', port=80): Failed to establish a new connection: [Errno 111] Connection refused""))"
2026-09-18T15:09:03.625084,call_5,DELETE,http://localhost/api/v1/mock/mock-swagger/api/v3/user/{username},0,12.89,"HTTPConnectionPool(host='localhost', port=80): Max retries exceeded with url: /api/v1/mock/mock-swagger/api/v3/user/%7Busername%7D (Caused by NewConnectionError(""HTTPConnection(host='localhost', port=80): Failed to establish a new connection: [Errno 111] Connection refused""))"
2026-09-18T15:09:03.709299,call_4,POST,http://localhost/api/v1/mock/mock-swagger/api/v3/user/createWithList,0,2.18,"HTTPConnectionPool(host='localhost', port=80): Max retries exceeded with url: /api/v1/mock/mock-swagger/api/v3/user/createWithList (Caused by NewConnectionError(""HTTPConnection(host='localhost', port=80): Failed to establish a new connection: [Errno 111] Connection refused""))"
2026-09-18T15:09:03.713800,call_2,PUT,http://localhost/api/v1/mock/mock-swagger/api/v3/pet,0,1.73,"HTTPConnectionPool(host='localhost', port=80): Max retries exceeded with url: /api/v1/mock/mock-swagger/api/v3/pet (Caused by NewConnectionError(""HTTPConnection(host='localhost', port=80): Failed to establish a new connection: [Errno 111] Connection refused""))"
2026-09-18T15:09:03.734372,call_4,POST,http://localhost/api/v1/mock/mock-swagger/api/v3/user/createWithList,0,13.66,"HTTPConnectionPool(host='localhost', port=80): Max retries exceeded with url: /api/v1/mock/mock-swagger/api/v3/user/createWithList (Caused by NewConnectionError(""HTTPConnection(host='localhost', port=80): Failed to establish a new connection: [Errno 111] Connection refused""))"
2026-09-18T15:09:03.735999,call_4,POST,http://localhost/api/v1/mock/mock-swagger/api/v3/user/createWithList,0,4.86,"HTTPConnectionPool(host='localhost', port=80): Max retries exceeded with url: /api/v1/mock/mock-swagger/api/v3/user/createWithList (Caused by NewConnectionError(""HTTPConnection(host='localhost', port=80): Failed to establish a new connection: [Errno 111] Connection refused""))"
2026-09-18T15:09:03.736414,call_1,POST,http://localhost/api/v1/mock/mock-swagger/api/v3/pet,0,11.9,"HTTPConnectionPool(host='localhost', port=80): Max retries exceeded with url: /api/v1/mock/mock-swagger/api/v3/pet (Caused by NewConnectionError(""HTTPConnection(host='localhost', port=80): Failed to establish a new connection: [Errno 111] Connection refused""))"
2026-09-18T15:09:03.737067,call_2,PUT,http://localhost/api/v1/mock/mock-swagger/api/v3/pet,0,9.97,"HTTPConnectionPool(host='localhost', port=80): Max retries exceeded with url: /api/v1/mock/mock-swagger/api/v3/pet (Caused by NewConnectionError(""HTTPConnection(host='localhost', port=80): Failed to establish a new connection: [Errno 111] Connection refused""))"
2026-09-18T15:09:03.737389,call_4,POST,http://localhost/api/v1/mock/mock-swagger/api/v3/user/createWithList,0,9.01,"HTTPConnectionPool(host='localhost', port=80): Max retries exceeded with url: /api/v1/mock/mock-swagger/api/v3/user/createWithList (Caused by NewConnectionError(""HTTPConnection(host='localhost', port=80): Failed to establish a new connection: [Errno 111] Connection refused""))"
2026-09-18T15:09:03.737597,call_1,POST,http://localhost/api/v1/mock/mock-swagger/api/v3/pet,0,11.62,"HTTPConnectionPool(host='localhost', port=80): Max retries exceeded with url: /api/v1/mock/mock-swagger/api/v3/pet (Caused by NewConnectionError(""HTTPConnection(host='localhost', port=80): Failed to establish a new connection: [Errno 111] Connection refused""))"
2026-09-18T15:09:03.812496,call_5,DELETE,http://localhost/api/v1/mock/mock-swagger/api/v3/user/{username},0,2.3,"HTTPConnectionPool(host='localhost', port=80): Max retries exceeded with url: /api/v1/mock/mock-swagger/api/v3/user/%7Busername%7D (Caused by NewConnectionError(""HTTPConnection(host='localhost', port=80): Failed to establish a new connection: [Errno 111] Connection refused""))"
2026-09-18T15:09:03.815672,call_3,GET,http://localhost/api/v1/mock/mock-swagger/api/v3/store/inventory,0,1.69,"HTTPConnectionPool(host='localhost', port=80): Max retries exceeded with url: /api/v1/mock/mock-swagger/api/v3/store/inventory (Caused by NewConnectionError(""HTTPConnection(host='localhost', port=80): Failed to establish a new connection: [Errno 111] Connection refused""))"
2026-09-18T15:09:03.847470,call_5,DELETE,http://localhost/api/v1/mock/mock-swagger/api/v3/user/{username},0,7.58,"HTTPConnectionPool(host='localhost', port=80): Max retries exceeded with url: /api/v1/mock/mock-swagger/api/v3/user/%7Busername%7D (Caused by NewConnectionError(""HTTPConnection(host='localhost', port=80): Failed to establish a new connection: [Errno 111] Connection refused""))"
2026-09-18T15:09:03.848305,call_2,PUT,http://localhost/api/v1/mock/mock-swagger/api/v3/pet,0,7.19,"HTTPConnectionPool(host='localhost', port=80): Max retries exceeded with url: /api/v1/mock/mock-swagger/api/v3/pet (Caused by NewConnectionError(""HTTPConnection(host='localhost', port=80): Failed to establish a new connection: [Errno 111] Connection refused""))"
2026-09-18T15:09:03.848680,call_5,DELETE,http://localhost/api/v1/mock/mock-swagger/api/v3/user/{username},0,11.14,"HTTPConnectionPool(host='localhost', port=80): Max retries exceeded with url: /api/v1/mock/mock-swagger/api/v3/user/%7Busername%7D (Caused by NewConnectionError(""HTTPConnection(host='localhost', port=80): Failed to establish a new connection: [Errno 111] Connection refused""))"
2026-09-18T15:09:03.849045,call_3,GET,http://localhost/api/v1/mock/mock-swagger/api/v3/store/inventory,0,4.14,"HTTPConnectionPool(host='localhost', port=80): Max retries exceeded with url: /api/v1/mock/mock-swagger/api/v3/store/inventory (Caused by NewConnectionError(""HTTPConnection(host='localhost', port=80): Failed to establish a new connection: [Errno 111] Connection refused""))"
2026-09-18T15:09:03.849922,call_5,DELETE,http://localhost/api/v1/mock/mock-swagger/api/v3/user/{username},0,14.68,"HTTPConnectionPool(host='localhost', port=80): Max retries exceeded with url: /api/v1/mock/mock-swagger/api/v3/user/%7Busername%7D (Caused by NewConnectionError(""HTTPConnection(host='localhost', port=80): Failed to establish a new connection: [Errno 111] Connection refused""))"
2026-09-18T15:09:03.850189,call_2,PUT,http://localhost/api/v1/mock/mock-swagger/api/v3/pet,0,6.92,"HTTPConnectionPool(host='localhost', port=80): Max retries exceeded with url: /api/v1/mock/mock-swagger/api/v3/pet (Caused by NewConnectionError(""HTTPConnection(host='localhost', port=80): Failed to establish a new connection: [Errno 111] Connection refused""))"
2026-09-18T15:09:03.915603,call_1,POST,http://localhost/api/v1/mock/mock-swagger/api/v3/pet,0,2.29,"HTTPConnectionPool(host='localhost', port=80): Max retries exceeded with url: /api/v1/mock/mock-swagger/api/v3/pet (Caused by NewConnectionError(""HTTPConnection(host='localhost', port=80): Failed to establish a new connection: [Errno 111] Connection refused""))"
2026-09-18T15:09:03.917544,call_4,POST,http://localhost/api/v1/mock/mock-swagger/api/v3/user/createWithList,0,1.72,"HTTPConnectionPool(host='localhost', port=80): Max retries exceeded with url: /api/v1/mock/mock-swagger/api/v3/user/createWithList (Caused by NewConnectionError(""HTTPConnection(host='localhost', port=80): Failed to establish a new connection: [Errno 111] Connection refused""))"
2026-09-18T15:09:03.961455,call_1,POST,http://localhost/api/v1/mock/mock-swagger/api/v3/pet,0,13.8,"HTTPConnectionPool(host='localhost', port=80): Max retries exceeded with url: /api/v1/mock/mock-swagger/api/v3/pet (Caused by NewConnectionError(""HTTPConnection(host='localhost', port=80): Failed to establish a new connection: [Errno 111] Connection refused""))"
2026-09-18T15:09:03.963081,call_1,POST,http://localhost/api/v1/mock/mock-swagger/api/v3/pet,0,13.08,"HTTPConnectionPool(host='localhost', port=80): Max retries exceeded with url: /api/v1/mock/mock-swagger/api/v3/pet (Caused by NewConnectionError(""HTTPConnection(host='localhost', port=80): Failed to establish a new connection: [Errno 111] Connection refused""))"
2026-09-18T15:09:03.963412,call_3,GET,http://localhost/api/v1/mock/mock-swagger/api/v3/store/inventory,0,8.1,"HTTPConnectionPool(host='localhost', port=80): Max retries exceeded with url: /api/v1/mock/mock-swagger/api/v3/store/inventory (Caused by NewConnectionError(""HTTPConnection(host='localhost', port=80): Failed to establish a new connection: [Errno 111] Connection refused""))"
2026-09-18T15:09:03.963715,call_3,GET,http://localhost/api/v1/mock/mock-swagger/api/v3/store/inventory,0,14.79,"HTTPConnectionPool(host='localhost', port=80): Max retries exceeded with url: /api/v1/mock/mock-swagger/api/v3/store/inventory (Caused by NewConnectionError(""HTTPConnection(host='localhost', port=80): Failed to establish a new connection: [Errno 111] Connection refused""))"
2026-09-18T15:09:03.964410,call_1,POST,http://localhost/api/v1/mock/mock-swagger/api/v3/pet,0,10.26,"HTTPConnectionPool(host='localhost', port=80): Max retries exceeded with url: /api/v1/mock/mock-swagger/api/v3/pet (Caused by NewConnectionError(""HTTPConnection(host='localhost', port=80): Failed to establish a new connection: [Errno 111] Connection refused""))"
2026-09-18T15:09:03.964863,call_4,POST,http://localhost/api/v1/mock/mock-swagger/api/v3/user/createWithList,0,7.3,"HTTPConnectionPool(host='localhost', port=80): Max retries exceeded with url: /api/v1/mock/mock-swagger/api/v3/user/createWithList (Caused by NewConnectionError(""HTTPConnection(host='localhost', port=80): Failed to establish a new connection: [Errno 111] Connection refused""))"
2026-09-18T15:09:04.019992,call_2,PUT,http://localhost/api/v1/mock/mock-swagger/api/v3/pet,0,3.62,"HTTPConnectionPool(host='localhost', port=80): Max retries exceeded with url: /api/v1/mock/mock-swagger/api/v3/pet (Caused by NewConnectionError(""HTTPConnection(host='localhost', port=80): Failed to establish a new connection: [Errno 111] Connection refused""))"
2026-09-18T15:09:04.020362,call_5,DELETE,http://localhost/api/v1/mock/mock-swagger/api/v3/user/{username},0,2.64,"HTTPConnectionPool(host='localhost', port=80): Max retries exceeded with url: /api/v1/mock/mock-swagger/api/v3/user/%7Busername%7D (Caused by NewConnectionError(""HTTPConnection(host='localhost', port=80): Failed to establish a new connection: [Errno 111] Connection refused""))"
2026-09-18T15:09:04.074916,call_2,PUT,http://localhost/api/v1/mock/mock-swagger/api/v3/pet,0,6.66,"HTTPConnectionPool(host='localhost', port=80): Max retries exceeded with url: /api/v1/mock/mock-swagger/api/v3/pet (Caused by NewConnectionError(""HTTPConnection(host='localhost', port=80): Failed to establish a new connection: [Errno 111] Connection refused""))"
2026-09-18T15:09:04.076053,call_4,POST,http://localhost/api/v1/mock/mock-swagger/api/v3/user/createWithList,0,10.13,"HTTPConnectionPool(host='localhost', port=80): Max retries exceeded with url: /api/v1/mock/mock-swagger/api/v3/user/createWithList (Caused by NewConnectionError(""HTTPConnection(host='localhost', port=80): Failed to establish a new connection: [Errno 111] Connection refused""))"
2026-09-18T15:09:04.076609,call_2,PUT,http://localhost/api/v1/mock/mock-swagger/api/v3/pet,0,14.96,"HTTPConnectionPool(host='localhost', port=80): Max retries exceeded with url: /api/v1/mock/mock-swagger/api/v3/pet (Caused by NewConnectionError(""HTTPConnection(host='localhost', port=80): Failed to establish a new connection: [Errno 111] Connection refused""))"
2026-09-18T15:09:04.076936,call_2,PUT,http://localhost/api/v1/mock/mock-swagger/api/v3/pet,0,6.34,"HTTPConnectionPool(host='localhost', port=80): Max retries exceeded with url: /api/v1/mock/mock-swagger/api/v3/pet (Caused by NewConnectionError(""HTTPConnection(host='localhost', port=80): Failed to establish a new connection: [Errno 111] Connection refused""))"
2026-09-18T15:09:04.077509,call_4,POST,http://localhost/api/v1/mock/mock-swagger/api/v3/user/createWithList,0,4.98,"HTTPConnectionPool(host='localhost', port=80): Max retries exceeded with url: /api/v1/mock/mock-swagger/api/v3/user/createWithList (Caused by NewConnectionError(""HTTPConnection(host='localhost', port=80): Failed to establish a new connection: [Errno 111] Connection refused""))"
2026-09-18T15:09:04.077918,call_5,DELETE,http://localhost/api/v1/mock/mock-swagger/api/v3/user/{username},0,8.48,"HTTPConnectionPool(host='localhost', port=80): Max retries exceeded with url: /api/v1/mock/mock-swagger/api/v3/user/%7Busername%7D (Caused by NewConnectionError(""HTTPConnection(host='localhost', port=80): Failed to establish a new connection: [Errno 111] Connection refused""))"
2026-09-18T15:09:04.124093,call_3,GET,http://localhost/api/v1/mock/mock-swagger/api/v3/store/inventory,0,3.3,"HTTPConnectionPool(host='localhost', port=80): Max retries exceeded with url: /api/v1/mock/mock-swagger/api/v3/store/inventory (Caused by NewConnectionError(""HTTPConnection(host='localhost', port=80): Failed to establish a new connection: [Errno 111] Connection refused""))"
2026-09-18T15:09:04.130003,call_1,POST,http://localhost/api/v1/mock/mock-swagger/api/v3/pet,0,8.07,"HTTPConnectionPool(host='localhost', port=80): Max retries exceeded with url: /api/v1/mock/mock-swagger/api/v3/pet (Caused by NewConnectionError(""HTTPConnection(host='localhost', port=80): Failed to establish a new connection: [Errno 111] Connection refused""))"
2026-09-18T15:09:04.188440,call_3,GET,http://localhost/api/v1/mock/mock-swagger/api/v3/store/inventory,0,13.34,"HTTPConnectionPool(host='localhost', port=80): Max retries exceeded with url: /api/v1/mock/mock-swagger/api/v3/store/inventory (Caused by NewConnectionError(""HTTPConnection(host='localhost', port=80): Failed to establish a new connection: [Errno 111] Connection refused""))"
2026-09-18T15:09:04.190653,call_5,DELETE,http://localhost/api/v1/mock/mock-swagger/api/v3/user/{username},0,9.68,"HTTPConnectionPool(host='localhost', port=80): Max retries exceeded with url: /api/v1/mock/mock-swagger/api/v3/user/%7Busername%7D (Caused by NewConnectionError(""HTTPConnection(host='localhost', port=80): Failed to establish a new connection: [Errno 111] Connection refused""))"
2026-09-18T15:09:04.191046,call_5,DELETE,http://localhost/api/v1/mock/mock-swagger/api/v3/user/{username},0,12.44,"HTTPConnectionPool(host='localhost', port=80): Max retries exceeded with url: /api/v1/mock/mock-swagger/api/v3/user/%7Busername%7D (Caused by NewConnectionError(""HTTPConnection(host='localhost', port=80): Failed to establish a new connection: [Errno 111] Connection refused""))"
2026-09-18T15:09:04.192061,call_1,POST,http://localhost/api/v1/mock/mock-swagger/api/v3/pet,0,7.76,"HTTPConnectionPool(host='localhost', port=80): Max retries exceeded with url: /api/v1/mock/mock-swagger/api/v3/pet (Caused by NewConnectionError(""HTTPConnection(host='localhost', port=80): Failed to establish a new connection: [Errno 111] Connection refused""))"
2026-09-18T15:09:04.192271,call_3,GET,http://localhost/api/v1/mock/mock-swagger/api/v3/store/inventory,0,9.21,"HTTPConnectionPool(host='localhost', port=80): Max retries exceeded with url: /api/v1/mock/mock-swagger/api/v3/store/inventory (Caused by NewConnectionError(""HTTPConnection(host='localhost', port=80): Failed to establish a new connection: [Errno 111] Connection refused""))"
2026-09-18T15:09:04.192632,call_3,GET,http://localhost/api/v1/mock/mock-swagger/api/v3/store/inventory,0,10.37,"HTTPConnectionPool(host='localhost', port=80): Max retries exceeded with url: /api/v1/mock/mock-swagger/api/v3/store/inventory (Caused by NewConnectionError(""HTTPConnection(host='localhost', port=80): Failed to establish a new connection: [Errno 111] Connection refused""))"
2026-09-18T15:09:04.227318,call_4,POST,http://localhost/api/v1/mock/mock-swagger/api/v3/user/createWithList,0,2.08,"HTTPConnectionPool(host='localhost', port=80): Max retries exceeded with url: /api/v1/mock/mock-swagger/api/v3/user/createWithList (Caused by NewConnectionError(""HTTPConnection(host='localhost', port=80): Failed to establish a new connection: [Errno 111] Connection refused""))"
2026-09-18T15:09:04.231870,call_2,PUT,http://localhost/api/v1/mock/mock-swagger/api/v3/pet,0,1.67,"HTTPConnectionPool(host='localhost', port=80): Max retries exceeded with url: /api/v1/mock/mock-swagger/api/v3/pet (Caused by NewConnectionError(""HTTPConnection(host='localhost', port=80): Failed to establish a new connection: [Errno 111] Connection refused""))"
2026-09-18T15:09:04.300033,call_4,POST,http://localhost/api/v1/mock/mock-swagger/api/v3/user/createWithList,0,11.41,"HTTPConnectionPool(host='localhost', port=80): Max retries exceeded with url: /api/v1/mock/mock-swagger/api/v3/user/createWithList (Caused by NewConnectionError(""HTTPConnection(host='localhost', port=80): Failed to establish a new connection: [Errno 111] Connection refused""))"
2026-09-18T15:09:04.301573,call_1,POST,http://localhost/api/v1/mock/mock-swagger/api/v3/pet,0,4.39,"HTTPConnectionPool(host='localhost', port=80): Max retries exceeded with url: /api/v1/mock/mock-swagger/api/v3/pet (Caused by NewConnectionError(""HTTPConnection(host='localhost', port=80): Failed to establish a new connection: [Errno 111] Connection refused""))"
2026-09-18T15:09:04.303270,call_2,PUT,http://localhost/api/v1/mock/mock-swagger/api/v3/pet,0,11.0,"HTTPConnectionPool(host='localhost', port=80): Max retries exceeded with url: /api/v1/mock/mock-swagger/api/v3/pet (Caused by NewConnectionError(""HTTPConnection(host='localhost', port=80): Failed to establish a new connection: [Errno 111] Connection refused""))"
2026-09-18T15:09:04.304456,call_4,POST,http://localhost/api/v1/mock/mock-swagger/api/v3/user/createWithList,0,10.91,"HTTPConnectionPool(host='localhost', port=80): Max retries exceeded with url: /api/v1/mock/mock-swagger/api/v3/user/createWithList (Caused by NewConnectionError(""HTTPConnection(host='localhost', port=80): Failed to establish a new connection: [Errno 111] Connection refused""))"
2026-09-18T15:09:04.304791,call_1,POST,http://localhost/api/v1/mock/mock-swagger/api/v3/pet,0,8.94,"HTTPConnectionPool(host='localhost', port=80): Max retries exceeded with url: /api/v1/mock/mock-swagger/api/v3/pet (Caused by NewConnectionError(""HTTPConnection(host='localhost', port=80): Failed to establish a new connection: [Errno 111] Connection refused""))"
2026-09-18T15:09:04.305021,call_4,POST,http://localhost/api/v1/mock/mock-swagger/api/v3/user/createWithList,0,10.32,"HTTPConnectionPool(host='localhost', port=80): Max retries exceeded with url: /api/v1/mock/mock-swagger/api/v3/user/createWithList (Caused by NewConnectionError(""HTTPConnection(host='localhost', port=80): Failed to establish a new connection: [Errno 111] Connection refused""))"
2026-09-18T15:09:04.330520,call_5,DELETE,http://localhost/api/v1/mock/mock-swagger/api/v3/user/{username},0,2.24,"HTTPConnectionPool(host='localhost', port=80): Max retries exceeded with url: /api/v1/mock/mock-swagger/api/v3/user/%7Busername%7D (Caused by NewConnectionError(""HTTPConnection(host='localhost', port=80): Failed to establish a new connection: [Errno 111] Connection refused""))"
2026-09-18T15:09:04.333736,call_3,GET,http://localhost/api/v1/mock/mock-swagger/api/v3/store/inventory,0,1.68,"HTTPConnectionPool(host='localhost', port=80): Max retries exceeded with url: /api/v1/mock/mock-swagger/api/v3/store/inventory (Caused by NewConnectionError(""HTTPConnection(host='localhost', port=80): Failed to establish a new connection: [Errno 111] Connection refused""))"
2026-09-18T15:09:04.412565,call_2,PUT,http://localhost/api/v1/mock/mock-swagger/api/v3/pet,0,10.75,"HTTPConnectionPool(host='localhost', port=80): Max retries exceeded with url: /api/v1/mock/mock-swagger/api/v3/pet (Caused by NewConnectionError(""HTTPConnection(host='localhost', port=80): Failed to establish a new connection: [Errno 111] Connection refused""))"
2026-09-18T15:09:04.414448,call_5,DELETE,http://localhost/api/v1/mock/mock-swagger/api/v3/user/{username},0,7.93,"HTTPConnectionPool(host='localhost', port=80): Max retries exceeded with url: /api/v1/mock/mock-swagger/api/v3/user/%7Busername%7D (Caused by NewConnectionError(""HTTPConnection(host='localhost', port=80): Failed to establish a new connection: [Errno 111] Connection refused""))"
2026-09-18T15:09:04.415365,call_5,DELETE,http://localhost/api/v1/mock/mock-swagger/api/v3/user/{username},0,15.14,"HTTPConnectionPool(host='localhost', port=80): Max retries exceeded with url: /api/v1/mock/mock-swagger/api/v3/user/%7Busername%7D (Caused by NewConnectionError(""HTTPConnection(host='localhost', port=80): Failed to establish a new connection: [Errno 111] Connection refused""))"
2026-09-18T15:09:04.415661,call_3,GET,http://localhost/api/v1/mock/mock-swagger/api/v3/store/inventory,0,7.65,"HTTPConnectionPool(host='localhost', port=80): Max retries exceeded with url: /api/v1/mock/mock-swagger/api/v3/store/inventory (Caused by NewConnectionError(""HTTPConnection(host='localhost', port=80): Failed to establish a new connection: [Errno 111] Connection refused""))"
2026-09-18T15:09:04.415912,call_2,PUT,http://localhost/api/v1/mock/mock-swagger/api/v3/pet,0,6.73,"HTTPConnectionPool(host='localhost', port=80): Max retries exceeded with url: /api/v1/mock/mock-swagger/api/v3/pet (Caused by NewConnectionError(""HTTPConnection(host='localhost', port=80): Failed to establish a new connection: [Errno 111] Connection refused""))"
2026-09-18T15:09:04.416781,call_5,DELETE,http://localhost/api/v1/mock/mock-swagger/api/v3/user/{username},0,11.64,"HTTPConnectionPool(host='localhost', port=80): Max retries exceeded with url: /api/v1/mock/mock-swagger/api/v3/user/%7Busername%7D (Caused by NewConnectionError(""HTTPConnection(host='localhost', port=80): Failed to establish a new connection: [Errno 111] Connection refused""))"
2026-09-18T15:09:04.433328,call_1,POST,http://localhost/api/v1/mock/mock-swagger/api/v3/pet,0,2.11,"HTTPConnectionPool(host='localhost', port=80): Max retries exceeded with url: /api/v1/mock/mock-swagger/api/v3/pet (Caused by NewConnectionError(""HTTPConnection(host='localhost', port=80): Failed to establish a new connection: [Errno 111] Connection refused""))"
2026-09-18T15:09:04.435617,call_4,POST,http://localhost/api/v1/mock/mock-swagger/api/v3/user/createWithList,0,1.7,"HTTPConnectionPool(host='localhost', port=80): Max retries exceeded with url: /api/v1/mock/mock-swagger/api/v3/user/createWithList (Caused by NewConnectionError(""HTTPConnection(host='localhost', port=80): Failed to establish a new connection: [Errno 111] Connection refused""))"
2026-09-18T15:09:04.526492,call_3,GET,http://localhost/api/v1/mock/mock-swagger/api/v3/store/inventory,0,13.72,"HTTPConnectionPool(host='localhost', port=80): Max retries exceeded with url: /api/v1/mock/mock-swagger/api/v3/store/inventory (Caused by NewConnectionError(""HTTPConnection(host='localhost', port=80): Failed to establish a new connection: [Errno 111] Connection refused""))"
2026-09-18T15:09:04.526898,call_4,POST,http://localhost/api/v1/mock/mock-swagger/api/v3/user/createWithList,0,10.19,"HTTPConnectionPool(host='localhost', port=80): Max retries exceeded with url: /api/v1/mock/mock-swagger/api/v3/user/createWithList (Caused by NewConnectionError(""HTTPConnection(host='localhost', port=80): Failed to establish a new connection: [Errno 111] Connection refused""))"
2026-09-18T15:09:04.527663,call_1,POST,http://localhost/api/v1/mock/mock-swagger/api/v3/pet,0,12.33,"HTTPConnectionPool(host='localhost', port=80): Max retries exceeded with url: /api/v1/mock/mock-swagger/api/v3/pet (Caused by NewConnectionError(""HTTPConnection(host='localhost', port=80): Failed to establish a new connection: [Errno 111] Connection refused""))"
2026-09-18T15:09:04.527897,call_1,POST,http://localhost/api/v1/mock/mock-swagger/api/v3/pet,0,9.94,"HTTPConnectionPool(host='localhost', port=80): Max retries exceeded with url: /api/v1/mock/mock-swagger/api/v3/pet (Caused by NewConnectionError(""HTTPConnection(host='localhost', port=80): Failed to establish a new connection: [Errno 111] Connection refused""))"
2026-09-18T15:09:04.528321,call_1,POST,http://localhost/api/v1/mock/mock-swagger/api/v3/pet,0,7.89,"HTTPConnectionPool(host='localhost', port=80): Max retries exceeded with url: /api/v1/mock/mock-swagger/api/v3/pet (Caused by NewConnectionError(""HTTPConnection(host='localhost', port=80): Failed to establish a new connection: [Errno 111] Connection refused""))"
2026-09-18T15:09:04.529730,call_3,GET,http://localhost/api/v1/mock/mock-swagger/api/v3/store/inventory,0,5.6,"HTTPConnectionPool(host='localhost', port=80): Max retries exceeded with url: /api/v1/mock/mock-swagger/api/v3/store/inventory (Caused by NewConnectionError(""HTTPConnection(host='localhost', port=80): Failed to establish a new connection: [Errno 111] Connection refused""))"
2026-09-18T15:09:04.537562,call_2,PUT,http://localhost/api/v1/mock/mock-swagger/api/v3/pet,0,3.35,"HTTPConnectionPool(host='localhost', port=80): Max retries exceeded with url: /api/v1/mock/mock-swagger/api/v3/pet (Caused by NewConnectionError(""HTTPConnection(host='localhost', port=80): Failed to establish a new connection: [Errno 111] Connection refused""))"
2026-09-18T15:09:04.538137,call_5,DELETE,http://localhost/api/v1/mock/mock-swagger/api/v3/user/{username},0,2.03,"HTTPConnectionPool(host='localhost', port=80): Max retries exceeded with url: /api/v1/mock/mock-swagger/api/v3/user/%7Busername%7D (Caused by NewConnectionError(""HTTPConnection(host='localhost', port=80): Failed to establish a new connection: [Errno 111] Connection refused""))"
2026-09-18T15:09:04.643487,call_5,DELETE,http://localhost/api/v1/mock/mock-swagger/api/v3/user/{username},0,13.19,"HTTPConnectionPool(host='localhost', port=80): Max retries exceeded with url: /api/v1/mock/mock-swagger/api/v3/user/%7Busername%7D (Caused by NewConnectionError(""HTTPConnection(host='localhost', port=80): Failed to establish a new connection: [Errno 111] Connection refused""))"
2026-09-18T15:09:04.645003,call_2,PUT,http://localhost/api/v1/mock/mock-swagger/api/v3/pet,0,16.94,"HTTPConnectionPool(host='localhost', port=80): Max retries exceeded with url: /api/v1/mock/mock-swagger/api/v3/pet (Caused by NewConnectionError(""HTTPConnection(host='localhost', port=80): Failed to establish a new connection: [Errno 111] Connection refused""))"
2026-09-18T15:09:04.646949,call_4,POST,http://localhost/api/v1/mock/mock-swagger/api/v3/user/createWithList,0,12.62,"HTTPConnectionPool(host='localhost', port=80): Max retries exceeded with url: /api/v1/mock/mock-swagger/api/v3/user/createWithList (Caused by NewConnectionError(""HTTPConnection(host='localhost', port=80): Failed to establish a new connection: [Errno 111] Connection refused""))"
2026-09-18T15:09:04.647302,call_4,POST,http://localhost/api/v1/mock/mock-swagger/api/v3/user/createWithList,0,20.61,"HTTPConnectionPool(host='localhost', port=80): Max retries exceeded with url: /api/v1/mock/mock-swagger/api/v3/user/createWithList (Caused by NewConnectionError(""HTTPConnection(host='localhost', port=80): Failed to establish a new connection: [Errno 111] Connection refused""))"
2026-09-18T15:09:04.648886,call_2,PUT,http://localhost/api/v1/mock/mock-swagger/api/v3/pet,0,19.71,"HTTPConnectionPool(host='localhost', port=80): Max retries exceeded with url: /api/v1/mock/mock-swagger/api/v3/pet (Caused by NewConnectionError(""HTTPConnection(host='localhost', port=80): Failed to establish a new connection: [Errno 111] Connection refused""))"
2026-09-18T15:09:04.650000,call_1,POST,http://localhost/api/v1/mock/mock-swagger/api/v3/pet,0,10.3,"HTTPConnectionPool(host='localhost', port=80): Max retries exceeded with url: /api/v1/mock/mock-swagger/api/v3/pet (Caused by NewConnectionError(""HTTPConnection(host='localhost', port=80): Failed to establish a new connection: [Errno 111] Connection refused""))"
2026-09-18T15:09:04.650868,call_3,GET,http://localhost/api/v1/mock/mock-swagger/api/v3/store/inventory,0,12.28,"HTTPConnectionPool(host='localhost', port=80): Max retries exceeded with url: /api/v1/mock/mock-swagger/api/v3/store/inventory (Caused by NewConnectionError(""HTTPConnection(host='localhost', port=80): Failed to establish a new connection: [Errno 111] Connection refused""))"
2026-09-18T15:09:04.651374,call_2,PUT,http://localhost/api/v1/mock/mock-swagger/api/v3/pet,0,19.89,"HTTPConnectionPool(host='localhost', port=80): Max retries exceeded with url: /api/v1/mock/mock-swagger/api/v3/pet (Caused by NewConnectionError(""HTTPConnection(host='localhost', port=80): Failed to establish a new connection: [Errno 111] Connection refused""))"
2026-09-18T15:09:04.747234,call_1,POST,http://localhost/api/v1/mock/mock-swagger/api/v3/pet,0,3.54,"HTTPConnectionPool(host='localhost', port=80): Max retries exceeded with url: /api/v1/mock/mock-swagger/api/v3/pet (Caused by NewConnectionError(""HTTPConnection(host='localhost', port=80): Failed to establish a new connection: [Errno 111] Connection refused""))"
2026-09-18T15:09:04.761712,call_3,GET,http://localhost/api/v1/mock/mock-swagger/api/v3/store/inventory,0,16.58,"HTTPConnectionPool(host='localhost', port=80): Max retries exceeded with url: /api/v1/mock/mock-swagger/api/v3/store/inventory (Caused by NewConnectionError(""HTTPConnection(host='localhost', port=80): Failed to establish a new connection: [Errno 111] Connection refused""))"
2026-09-18T15:09:04.764070,call_4,POST,http://localhost/api/v1/mock/mock-swagger/api/v3/user/createWithList,0,13.03,"HTTPConnectionPool(host='localhost', port=80): Max retries exceeded with url: /api/v1/mock/mock-swagger/api/v3/user/createWithList (Caused by NewConnectionError(""HTTPConnection(host='localhost', port=80): Failed to establish a new connection: [Errno 111] Connection refused""))"
2026-09-18T15:09:04.765762,call_5,DELETE,http://localhost/api/v1/mock/mock-swagger/api/v3/user/{username},0,18.31,"HTTPConnectionPool(host='localhost', port=80): Max retries exceeded with url: /api/v1/mock/mock-swagger/api/v3/user/%7Busername%7D (Caused by NewConnectionError(""HTTPConnection(host='localhost', port=80): Failed to establish a new connection: [Errno 111] Connection refused""))"
2026-09-18T15:09:04.767221,call_5,DELETE,http://localhost/api/v1/mock/mock-swagger/api/v3/user/{username},0,17.31,"HTTPConnectionPool(host='localhost', port=80): Max retries exceeded with url: /api/v1/mock/mock-swagger/api/v3/user/%7Busername%7D (Caused by NewConnectionError(""HTTPConnection(host='localhost', port=80): Failed to establish a new connection: [Errno 111] Connection refused""))"
2026-09-18T15:09:04.767800,call_3,GET,http://localhost/api/v1/mock/mock-swagger/api/v3/store/inventory,0,10.75,"HTTPConnectionPool(host='localhost', port=80): Max retries exceeded with url: /api/v1/mock/mock-swagger/api/v3/store/inventory (Caused by NewConnectionError(""HTTPConnection(host='localhost', port=80): Failed to establish a new connection: [Errno 111] Connection refused""))"
2026-09-18T15:09:04.768610,call_2,PUT,http://localhost/api/v1/mock/mock-swagger/api/v3/pet,0,9.61,"HTTPConnectionPool(host='localhost', port=80): Max retries exceeded with url: /api/v1/mock/mock-swagger/api/v3/pet (Caused by NewConnectionError(""HTTPConnection(host='localhost', port=80): Failed to establish a new connection: [Errno 111] Connection refused""))"
2026-09-18T15:09:04.769737,call_3,GET,http://localhost/api/v1/mock/mock-swagger/api/v3/store/inventory,0,16.07,"HTTPConnectionPool(host='localhost', port=80): Max retries exceeded with url: /api/v1/mock/mock-swagger/api/v3/store/inventory (Caused by NewConnectionError(""HTTPConnection(host='localhost', port=80): Failed to establish a new connection: [Errno 111] Connection refused""))"
2026-09-18T15:09:04.849334,call_2,PUT,http://localhost/api/v1/mock/mock-swagger/api/v3/pet,0,1.9,"HTTPConnectionPool(host='localhost', port=80): Max retries exceeded with url: /api/v1/mock/mock-swagger/api/v3/pet (Caused by NewConnectionError(""HTTPConnection(host='localhost', port=80): Failed to establish a new connection: [Errno 111] Connection refused""))"
2026-09-18T15:09:04.863579,call_4,POST,http://localhost/api/v1/mock/mock-swagger/api/v3/user/createWithList,0,1.7,"HTTPConnectionPool(host='localhost', port=80): Max retries exceeded with url: /api/v1/mock/mock-swagger/api/v3/user/createWithList (Caused by NewConnectionError(""HTTPConnection(host='localhost', port=80): Failed to establish a new connection: [Errno 111] Connection refused""))"
2026-09-18T15:09:04.865851,call_5,DELETE,http://localhost/api/v1/mock/mock-swagger/api/v3/user/{username},0,1.6,"HTTPConnectionPool(host='localhost', port=80): Max retries exceeded with url: /api/v1/mock/mock-swagger/api/v3/user/%7Busername%7D (Caused by NewConnectionError(""HTTPConnection(host='localhost', port=80): Failed to establish a new connection: [Errno 111] Connection refused""))"
2026-09-18T15:09:04.882191,call_4,POST,http://localhost/api/v1/mock/mock-swagger/api/v3/user/createWithList,0,10.44,"HTTPConnectionPool(host='localhost', port=80): Max retries exceeded with url: /api/v1/mock/mock-swagger/api/v3/user/createWithList (Caused by NewConnectionError(""HTTPConnection(host='localhost', port=80): Failed to establish a new connection: [Errno 111] Connection refused""))"
2026-09-18T15:09:04.882656,call_3,GET,http://localhost/api/v1/mock/mock-swagger/api/v3/store/inventory,0,7.89,"HTTPConnectionPool(host='localhost', port=80): Max retries exceeded with url: /api/v1/mock/mock-swagger/api/v3/store/inventory (Caused by NewConnectionError(""HTTPConnection(host='localhost', port=80): Failed to establish a new connection: [Errno 111] Connection refused""))"
2026-09-18T15:09:04.883116,call_1,POST,http://localhost/api/v1/mock/mock-swagger/api/v3/pet,0,17.18,"HTTPConnectionPool(host='localhost', port=80): Max retries exceeded with url: /api/v1/mock/mock-swagger/api/v3/pet (Caused by NewConnectionError(""HTTPConnection(host='localhost', port=80): Failed to establish a new connection: [Errno 111] Connection refused""))"
2026-09-18T15:09:04.884282,call_4,POST,http://localhost/api/v1/mock/mock-swagger/api/v3/user/createWithList,0,7.37,"HTTPConnectionPool(host='localhost', port=80): Max retries exceeded with url: /api/v1/mock/mock-swagger/api/v3/user/createWithList (Caused by NewConnectionError(""HTTPConnection(host='localhost', port=80): Failed to establish a new connection: [Errno 111] Connection refused""))"
2026-09-18T15:09:04.885560,call_1,POST,http://localhost/api/v1/mock/mock-swagger/api/v3/pet,0,14.93,"HTTPConnectionPool(host='localhost', port=80): Max retries exceeded with url: /api/v1/mock/mock-swagger/api/v3/pet (Caused by NewConnectionError(""HTTPConnection(host='localhost', port=80): Failed to establish a new connection: [Errno 111] Connection refused""))"
2026-09-18T15:09:04.951317,call_3,GET,http://localhost/api/v1/mock/mock-swagger/api/v3/store/inventory,0,1.79,"HTTPConnectionPool(host='localhost', port=80): Max retries exceeded with url: /api/v1/mock/mock-swagger/api/v3/store/inventory (Caused by NewConnectionError(""HTTPConnection(host='localhost', port=80): Failed to establish a new connection: [Errno 111] Connection refused""))"
2026-09-18T15:09:04.965352,call_5,DELETE,http://localhost/api/v1/mock/mock-swagger/api/v3/user/{username},0,1.64,"HTTPConnectionPool(host='localhost', port=80): Max retries exceeded with url: /api/v1/mock/mock-swagger/api/v3/user/%7Busername%7D (Caused by NewConnectionError(""HTTPConnection(host='localhost', port=80): Failed to establish a new connection: [Errno 111] Connection refused""))"
2026-09-18T15:09:04.967621,call_1,POST,http://localhost/api/v1/mock/mock-swagger/api/v3/pet,0,1.6,"HTTPConnectionPool(host='localhost', port=80): Max retries exceeded with url: /api/v1/mock/mock-swagger/api/v3/pet (Caused by NewConnectionError(""HTTPConnection(host='localhost', port=80): Failed to establish a new connection: [Errno 111] Connection refused""))"
2026-09-18T15:09:04.997991,call_5,DELETE,http://localhost/api/v1/mock/mock-swagger/api/v3/user/{username},0,14.44,"HTTPConnectionPool(host='localhost', port=80): Max retries exceeded with url: /api/v1/mock/mock-swagger/api/v3/user/%7Busername%7D (Caused by NewConnectionError(""HTTPConnection(host='localhost', port=80): Failed to establish a new connection: [Errno 111] Connection refused""))"
2026-09-18T15:09:04.999452,call_4,POST,http://localhost/api/v1/mock/mock-swagger/api/v3/user/createWithList,0,14.6,"HTTPConnectionPool(host='localhost', port=80): Max retries exceeded with url: /api/v1/mock/mock-swagger/api/v3/user/createWithList (Caused by NewConnectionError(""HTTPConnection(host='localhost', port=80): Failed to establish a new connection: [Errno 111] Connection refused""))"
2026-09-18T15:09:05.000889,call_2,PUT,http://localhost/api/v1/mock/mock-swagger/api/v3/pet,0,6.37,"HTTPConnectionPool(host='localhost', port=80): Max retries exceeded with url: /api/v1/mock/mock-swagger/api/v3/pet (Caused by NewConnectionError(""HTTPConnection(host='localhost', port=80): Failed to establish a new connection: [Errno 111] Connection refused""))"
2026-09-18T15:09:05.001223,call_2,PUT,http://localhost/api/v1/mock/mock-swagger/api/v3/pet,0,13.03,"HTTPConnectionPool(host='localhost', port=80): Max retries exceeded with url: /api/v1/mock/mock-swagger/api/v3/pet (Caused by NewConnectionError(""HTTPConnection(host='localhost', port=80): Failed to establish a new connection: [Errno 111] Connection refused""))"
2026-09-18T15:09:05.001476,call_5,DELETE,http://localhost/api/v1/mock/mock-swagger/api/v3/user/{username},0,14.42,"HTTPConnectionPool(host='localhost', port=80): Max retries exceeded with url: /api/v1/mock/mock-swagger/api/v3/user/%7Busername%7D (Caused by NewConnectionError(""HTTPConnection(host='localhost', port=80): Failed to establish a new connection: [Errno 111] Connection refused""))"
2026-09-18T15:09:05.053424,call_4,POST,http://localhost/api/v1/mock/mock-swagger/api/v3/user/createWithList,0,1.91,"HTTPConnectionPool(host='localhost', port=80): Max retries exceeded with url: /api/v1/mock/mock-swagger/api/v3/user/createWithList (Caused by NewConnectionError(""HTTPConnection(host='localhost', port=80): Failed to establish a new connection: [Errno 111] Connection refused""))"
2026-09-18T15:09:05.067167,call_1,POST,http://localhost/api/v1/mock/mock-swagger/api/v3/pet,0,1.66,"HTTPConnectionPool(host='localhost', port=80): Max retries exceeded with url: /api/v1/mock/mock-swagger/api/v3/pet (Caused by NewConnectionError(""HTTPConnection(host='localhost', port=80): Failed to establish a new connection: [Errno 111] Connection refused""))"
2026-09-18T15:09:05.069430,call_2,PUT,http://localhost/api/v1/mock/mock-swagger/api/v3/pet,0,1.64,"HTTPConnectionPool(host='localhost', port=80): Max retries exceeded with url: /api/v1/mock/mock-swagger/api/v3/pet (Caused by NewConnectionError(""HTTPConnection(host='localhost', port=80): Failed to establish a new connection: [Errno 111] Connection refused""))"
2026-09-18T15:09:05.111355,call_3,GET,http://localhost/api/v1/mock/mock-swagger/api/v3/store/inventory,0,4.87,"HTTPConnectionPool(host='localhost', port=80): Max retries exceeded with url: /api/v1/mock/mock-swagger/api/v3/store/inventory (Caused by NewConnectionError(""HTTPConnection(host='localhost', port=80): Failed to establish a new connection: [Errno 111] Connection refused""))"
2026-09-18T15:09:05.112705,call_1,POST,http://localhost/api/v1/mock/mock-swagger/api/v3/pet,0,4.87,"HTTPConnectionPool(host='localhost', port=80): Max retries exceeded with url: /api/v1/mock/mock-swagger/api/v3/pet (Caused by NewConnectionError(""HTTPConnection(host='localhost', port=80): Failed to establish a new connection: [Errno 111] Connection refused""))"
2026-09-18T15:09:05.113864,call_5,DELETE,http://localhost/api/v1/mock/mock-swagger/api/v3/user/{username},0,4.97,"HTTPConnectionPool(host='localhost', port=80): Max retries exceeded with url: /api/v1/mock/mock-swagger/api/v3/user/%7Busername%7D (Caused by NewConnectionError(""HTTPConnection(host='localhost', port=80): Failed to establish a new connection: [Errno 111] Connection refused""))"
2026-09-18T15:09:05.114502,call_1,POST,http://localhost/api/v1/mock/mock-swagger/api/v3/pet,0,14.68,"HTTPConnectionPool(host='localhost', port=80): Max retries exceeded with url: /api/v1/mock/mock-swagger/api/v3/pet (Caused by NewConnectionError(""HTTPConnection(host='localhost', port=80): Failed to establish a new connection: [Errno 111] Connection refused""))"
2026-09-18T15:09:05.115043,call_3,GET,http://localhost/api/v1/mock/mock-swagger/api/v3/store/inventory,0,10.23,"HTTPConnectionPool(host='localhost', port=80): Max retries exceeded with url: /api/v1/mock/mock-swagger/api/v3/store/inventory (Caused by NewConnectionError(""HTTPConnection(host='localhost', port=80): Failed to establish a new connection: [Errno 111] Connection refused""))"
2026-09-18T15:09:05.155291,call_5,DELETE,http://localhost/api/v1/mock/mock-swagger/api/v3/user/{username},0,1.69,"HTTPConnectionPool(host='localhost', port=80): Max retries exceeded with url: /api/v1/mock/mock-swagger/api/v3/user/%7Busername%7D (Caused by NewConnectionError(""HTTPConnection(host='localhost', port=80): Failed to establish a new connection: [Errno 111] Connection refused""))"
2026-09-18T15:09:05.168950,call_2,PUT,http://localhost/api/v1/mock/mock-swagger/api/v3/pet,0,1.65,"HTTPConnectionPool(host='localhost', port=80): Max retries exceeded with url: /api/v1/mock/mock-swagger/api/v3/pet (Caused by NewConnectionError(""HTTPConnection(host='localhost', port=80): Failed to establish a new connection: [Errno 111] Connection refused""))"
2026-09-18T15:09:05.171189,call_3,GET,http://localhost/api/v1/mock/mock-swagger/api/v3/store/inventory,0,1.59,"HTTPConnectionPool(host='localhost', port=80): Max retries exceeded with url: /api/v1/mock/mock-swagger/api/v3/store/inventory (Caused by NewConnectionError(""HTTPConnection(host='localhost', port=80): Failed to establish a new connection: [Errno 111] Connection refused""))"
2026-09-18T15:09:05.233039,call_4,POST,http://localhost/api/v1/mock/mock-swagger/api/v3/user/createWithList,0,21.47,"HTTPConnectionPool(host='localhost', port=80): Max retries exceeded with url: /api/v1/mock/mock-swagger/api/v3/user/createWithList (Caused by NewConnectionError(""HTTPConnection(host='localhost', port=80): Failed to establish a new connection: [Errno 111] Connection refused""))"
2026-09-18T15:09:05.234540,call_2,PUT,http://localhost/api/v1/mock/mock-swagger/api/v3/pet,0,19.85,"HTTPConnectionPool(host='localhost', port=80): Max retries exceeded with url: /api/v1/mock/mock-swagger/api/v3/pet (Caused by NewConnectionError(""HTTPConnection(host='localhost', port=80): Failed to establish a new connection: [Errno 111] Connection refused""))"
2026-09-18T15:09:05.235988,call_1,POST,http://localhost/api/v1/mock/mock-swagger/api/v3/pet,0,17.74,"HTTPConnectionPool(host='localhost', port=80): Max retries exceeded with url: /api/v1/mock/mock-swagger/api/v3/pet (Caused by NewConnectionError(""HTTPConnection(host='localhost', port=80): Failed to establish a new connection: [Errno 111] Connection refused""))"
2026-09-18T15:09:05.240505,call_2,PUT,http://localhost/api/v1/mock/mock-swagger/api/v3/pet,0,12.29,"HTTPConnectionPool(host='localhost', port=80): Max retries exceeded with url: /api/v1/mock/mock-swagger/api/v3/pet (Caused by NewConnectionError(""HTTPConnection(host='localhost', port=80): Failed to establish a new connection: [Errno 111] Connection refused""))"
2026-09-18T15:09:05.250035,call_4,POST,http://localhost/api/v1/mock/mock-swagger/api/v3/user/createWithList,0,26.87,"HTTPConnectionPool(host='localhost', port=80): Max retries exceeded with url: /api/v1/mock/mock-swagger/api/v3/user/createWithList (Caused by NewConnectionError(""HTTPConnection(host='localhost', port=80): Failed to establish a new connection: [Errno 111] Connection refused""))"
2026-09-18T15:09:05.257065,call_1,POST,http://localhost/api/v1/mock/mock-swagger/api/v3/pet,0,1.64,"HTTPConnectionPool(host='localhost', port=80): Max retries exceeded with url: /api/v1/mock/mock-swagger/api/v3/pet (Caused by NewConnectionError(""HTTPConnection(host='localhost', port=80): Failed to establish a new connection: [Errno 111] Connection refused""))"
2026-09-18T15:09:05.270702,call_3,GET,http://localhost/api/v1/mock/mock-swagger/api/v3/store/inventory,0,1.58,"HTTPConnectionPool(host='localhost', port=80): Max retries exceeded with url: /api/v1/mock/mock-swagger/api/v3/store/inventory (Caused by NewConnectionError(""HTTPConnection(host='localhost', port=80): Failed to establish a new connection: [Errno 111] Connection refused""))"
2026-09-18T15:09:05.272987,call_4,POST,http://localhost/api/v1/mock/mock-swagger/api/v3/user/createWithList,0,1.63,"HTTPConnectionPool(host='localhost', port=80): Max retries exceeded with url: /api/v1/mock/mock-swagger/api/v3/user/createWithList (Caused by NewConnectionError(""HTTPConnection(host='localhost', port=80): Failed to establish a new connection: [Errno 111] Connection refused""))"
2026-09-18T15:09:05.335979,call_5,DELETE,http://localhost/api/v1/mock/mock-swagger/api/v3/user/{username},0,2.76,"HTTPConnectionPool(host='localhost', port=80): Max retries exceeded with url: /api/v1/mock/mock-swagger/api/v3/user/%7Busername%7D (Caused by NewConnectionError(""HTTPConnection(host='localhost', port=80): Failed to establish a new connection: [Errno 111] Connection refused""))"
2026-09-18T15:09:05.344268,call_2,PUT,http://localhost/api/v1/mock/mock-swagger/api/v3/pet,0,8.01,"HTTPConnectionPool(host='localhost', port=80): Max retries exceeded with url: /api/v1/mock/mock-swagger/api/v3/pet (Caused by NewConnectionError(""HTTPConnection(host='localhost', port=80): Failed to establish a new connection: [Errno 111] Connection refused""))"
2026-09-18T15:09:05.346302,call_3,GET,http://localhost/api/v1/mock/mock-swagger/api/v3/store/inventory,0,11.59,"HTTPConnectionPool(host='localhost', port=80): Max retries exceeded with url: /api/v1/mock/mock-swagger/api/v3/store/inventory (Caused by NewConnectionError(""HTTPConnection(host='localhost', port=80): Failed to establish a new connection: [Errno 111] Connection refused""))"
2026-09-18T15:09:05.348473,call_3,GET,http://localhost/api/v1/mock/mock-swagger/api/v3/store/inventory,0,5.75,"HTTPConnectionPool(host='localhost', port=80): Max retries exceeded with url: /api/v1/mock/mock-swagger/api/v3/store/inventory (Caused by NewConnectionError(""HTTPConnection(host='localhost', port=80): Failed to establish a new connection: [Errno 111] Connection refused""))"
2026-09-18T15:09:05.351870,call_5,DELETE,http://localhost/api/v1/mock/mock-swagger/api/v3/user/{username},0,1.65,"HTTPConnectionPool(host='localhost', port=80): Max retries exceeded with url: /api/v1/mock/mock-swagger/api/v3/user/%7Busername%7D (Caused by NewConnectionError(""HTTPConnection(host='localhost', port=80): Failed to establish a new connection: [Errno 111] Connection refused""))"
2026-09-18T15:09:05.358853,call_2,PUT,http://localhost/api/v1/mock/mock-swagger/api/v3/pet,0,1.6,"HTTPConnectionPool(host='localhost', port=80): Max retries exceeded with url: /api/v1/mock/mock-swagger/api/v3/pet (Caused by NewConnectionError(""HTTPConnection(host='localhost', port=80): Failed to establish a new connection: [Errno 111] Connection refused""))"
2026-09-18T15:09:05.372477,call_4,POST,http://localhost/api/v1/mock/mock-swagger/api/v3/user/createWithList,0,1.61,"HTTPConnectionPool(host='localhost', port=80): Max retries exceeded with url: /api/v1/mock/mock-swagger/api/v3/user/createWithList (Caused by NewConnectionError(""HTTPConnection(host='localhost', port=80): Failed to establish a new connection: [Errno 111] Connection refused""))"
2026-09-18T15:09:05.374755,call_5,DELETE,http://localhost/api/v1/mock/mock-swagger/api/v3/user/{username},0,1.59,"HTTPConnectionPool(host='localhost', port=80): Max retries exceeded with url: /api/v1/mock/mock-swagger/api/v3/user/%7Busername%7D (Caused by NewConnectionError(""HTTPConnection(host='localhost', port=80): Failed to establish a new connection: [Errno 111] Connection refused""))"
2026-09-18T15:09:05.437988,call_1,POST,http://localhost/api/v1/mock/mock-swagger/api/v3/pet,0,1.8,"HTTPConnectionPool(host='localhost', port=80): Max retries exceeded with url: /api/v1/mock/mock-swagger/api/v3/pet (Caused by NewConnectionError(""HTTPConnection(host='localhost', port=80): Failed to establish a new connection: [Errno 111] Connection refused""))"
2026-09-18T15:09:05.446070,call_3,GET,http://localhost/api/v1/mock/mock-swagger/api/v3/store/inventory,0,1.62,"HTTPConnectionPool(host='localhost', port=80): Max retries exceeded with url: /api/v1/mock/mock-swagger/api/v3/store/inventory (Caused by NewConnectionError(""HTTPConnection(host='localhost', port=80): Failed to establish a new connection: [Errno 111] Connection refused""))"
2026-09-18T15:09:05.458565,call_4,POST,http://localhost/api/v1/mock/mock-swagger/api/v3/user/createWithList,0,12.1,"HTTPConnectionPool(host='localhost', port=80): Max retries exceeded with url: /api/v1/mock/mock-swagger/api/v3/user/createWithList (Caused by NewConnectionError(""HTTPConnection(host='localhost', port=80): Failed to establish a new connection: [Errno 111] Connection refused""))"
2026-09-18T15:09:05.460837,call_1,POST,http://localhost/api/v1/mock/mock-swagger/api/v3/pet,0,5.18,"HTTPConnectionPool(host='localhost', port=80): Max retries exceeded with url: /api/v1/mock/mock-swagger/api/v3/pet (Caused by NewConnectionError(""HTTPConnection(host='localhost', port=80): Failed to establish a new connection: [Errno 111] Connection refused""))"
2026-09-18T15:09:05.462155,call_4,POST,http://localhost/api/v1/mock/mock-swagger/api/v3/user/createWithList,0,8.89,"HTTPConnectionPool(host='localhost', port=80): Max retries exceeded with url: /api/v1/mock/mock-swagger/api/v3/user/createWithList (Caused by NewConnectionError(""HTTPConnection(host='localhost', port=80): Failed to establish a new connection: [Errno 111] Connection refused""))"
2026-09-18T15:09:05.462764,call_3,GET,http://localhost/api/v1/mock/mock-swagger/api/v3/store/inventory,0,3.41,"HTTPConnectionPool(host='localhost', port=80): Max retries exceeded with url: /api/v1/mock/mock-swagger/api/v3/store/inventory (Caused by NewConnectionError(""HTTPConnection(host='localhost', port=80): Failed to establish a new connection: [Errno 111] Connection refused""))"
2026-09-18T15:09:05.474285,call_5,DELETE,http://localhost/api/v1/mock/mock-swagger/api/v3/user/{username},0,1.64,"HTTPConnectionPool(host='localhost', port=80): Max retries exceeded with url: /api/v1/mock/mock-swagger/api/v3/user/%7Busername%7D (Caused by NewConnectionError(""HTTPConnection(host='localhost', port=80): Failed to establish a new connection: [Errno 111] Connection refused""))"
2026-09-18T15:09:05.475759,call_1,POST,http://localhost/api/v1/mock/mock-swagger/api/v3/pet,0,0.86,"HTTPConnectionPool(host='localhost', port=80): Max retries exceeded with url: /api/v1/mock/mock-swagger/api/v3/pet (Caused by NewConnectionError(""HTTPConnection(host='localhost', port=80): Failed to establish a new connection: [Errno 111] Connection refused""))"
2026-09-18T15:09:05.539975,call_2,PUT,http://localhost/api/v1/mock/mock-swagger/api/v3/pet,0,1.79,"HTTPConnectionPool(host='localhost', port=80): Max retries exceeded with url: /api/v1/mock/mock-swagger/api/v3/pet (Caused by NewConnectionError(""HTTPConnection(host='localhost', port=80): Failed to establish a new connection: [Errno 111] Connection refused""))"
2026-09-18T15:09:05.547963,call_4,POST,http://localhost/api/v1/mock/mock-swagger/api/v3/user/createWithList,0,1.71,"HTTPConnectionPool(host='localhost', port=80): Max retries exceeded with url: /api/v1/mock/mock-swagger/api/v3/user/createWithList (Caused by NewConnectionError(""HTTPConnection(host='localhost', port=80): Failed to establish a new connection: [Errno 111] Connection refused""))"
2026-09-18T15:09:05.570768,call_5,DELETE,http://localhost/api/v1/mock/mock-swagger/api/v3/user/{username},0,10.35,"HTTPConnectionPool(host='localhost', port=80): Max retries exceeded with url: /api/v1/mock/mock-swagger/api/v3/user/%7Busername%7D (Caused by NewConnectionError(""HTTPConnection(host='localhost', port=80): Failed to establish a new connection: [Errno 111] Connection refused""))"
2026-09-18T15:09:05.574621,call_4,POST,http://localhost/api/v1/mock/mock-swagger/api/v3/user/createWithList,0,8.21,"HTTPConnectionPool(host='localhost', port=80): Max retries exceeded with url: /api/v1/mock/mock-swagger/api/v3/user/createWithList (Caused by NewConnectionError(""HTTPConnection(host='localhost', port=80): Failed to establish a new connection: [Errno 111] Connection refused""))"
2026-09-18T15:09:05.575032,call_5,DELETE,http://localhost/api/v1/mock/mock-swagger/api/v3/user/{username},0,12.0,"HTTPConnectionPool(host='localhost', port=80): Max retries exceeded with url: /api/v1/mock/mock-swagger/api/v3/user/%7Busername%7D (Caused by NewConnectionError(""HTTPConnection(host='localhost', port=80): Failed to establish a new connection: [Errno 111] Connection refused""))"
2026-09-18T15:09:05.579139,call_2,PUT,http://localhost/api/v1/mock/mock-swagger/api/v3/pet,0,11.3,"HTTPConnectionPool(host='localhost', port=80): Max retries exceeded with url: /api/v1/mock/mock-swagger/api/v3/pet (Caused by NewConnectionError(""HTTPConnection(host='localhost', port=80): Failed to establish a new connection: [Errno 111] Connection refused""))"
2026-09-18T15:09:05.579683,call_1,POST,http://localhost/api/v1/mock/mock-swagger/api/v3/pet,0,4.32,"HTTPConnectionPool(host='localhost', port=80): Max retries exceeded with url: /api/v1/mock/mock-swagger/api/v3/pet (Caused by NewConnectionError(""HTTPConnection(host='localhost', port=80): Failed to establish a new connection: [Errno 111] Connection refused""))"
2026-09-18T15:09:05.580030,call_2,PUT,http://localhost/api/v1/mock/mock-swagger/api/v3/pet,0,3.1,"HTTPConnectionPool(host='localhost', port=80): Max retries exceeded with url: /api/v1/mock/mock-swagger/api/v3/pet (Caused by NewConnectionError(""HTTPConnection(host='localhost', port=80): Failed to establish a new connection: [Errno 111] Connection refused""))"
2026-09-18T15:09:05.613370,call_1,POST,http://localhost/api/v1/mock/mock-swagger/api/v3/pet,0,1.35,"HTTPConnectionPool(host='localhost', port=80): Max retries exceeded with url: /api/v1/mock/mock-swagger/api/v3/pet (Caused by NewConnectionError(""HTTPConnection(host='localhost', port=80): Failed to establish a new connection: [Errno 111] Connection refused""))"
2026-09-18T15:09:05.641873,call_3,GET,http://localhost/api/v1/mock/mock-swagger/api/v3/store/inventory,0,1.69,"HTTPConnectionPool(host='localhost', port=80): Max retries exceeded with url: /api/v1/mock/mock-swagger/api/v3/store/inventory (Caused by NewConnectionError(""HTTPConnection(host='localhost', port=80): Failed to establish a new connection: [Errno 111] Connection refused""))"
2026-09-18T15:09:05.649915,call_5,DELETE,http://localhost/api/v1/mock/mock-swagger/api/v3/user/{username},0,1.74,"HTTPConnectionPool(host='localhost', port=80): Max retries exceeded with url: /api/v1/mock/mock-swagger/api/v3/user/%7Busername%7D (Caused by NewConnectionError(""HTTPConnection(host='localhost', port=80): Failed to establish a new connection: [Errno 111] Connection refused""))"
2026-09-18T15:09:05.689425,call_1,POST,http://localhost/api/v1/mock/mock-swagger/api/v3/pet,0,18.47,"HTTPConnectionPool(host='localhost', port=80): Max retries exceeded with url: /api/v1/mock/mock-swagger/api/v3/pet (Caused by NewConnectionError(""HTTPConnection(host='localhost', port=80): Failed to establish a new connection: [Errno 111] Connection refused""))"
2026-09-18T15:09:05.690542,call_2,PUT,http://localhost/api/v1/mock/mock-swagger/api/v3/pet,0,9.35,"HTTPConnectionPool(host='localhost', port=80): Max retries exceeded with url: /api/v1/mock/mock-swagger/api/v3/pet (Caused by NewConnectionError(""HTTPConnection(host='localhost', port=80): Failed to establish a new connection: [Errno 111] Connection refused""))"
2026-09-18T15:09:05.691446,call_3,GET,http://localhost/api/v1/mock/mock-swagger/api/v3/store/inventory,0,4.49,"HTTPConnectionPool(host='localhost', port=80): Max retries exceeded with url: /api/v1/mock/mock-swagger/api/v3/store/inventory (Caused by NewConnectionError(""HTTPConnection(host='localhost', port=80): Failed to establish a new connection: [Errno 111] Connection refused""))"
2026-09-18T15:09:05.692222,call_5,DELETE,http://localhost/api/v1/mock/mock-swagger/api/v3/user/{username},0,14.01,"HTTPConnectionPool(host='localhost', port=80): Max retries exceeded with url: /api/v1/mock/mock-swagger/api/v3/user/%7Busername%7D (Caused by NewConnectionError(""HTTPConnection(host='localhost', port=80): Failed to establish a new connection: [Errno 111] Connection refused""))"
2026-09-18T15:09:05.692771,call_1,POST,http://localhost/api/v1/mock/mock-swagger/api/v3/pet,0,7.93,"HTTPConnectionPool(host='localhost', port=80): Max retries exceeded with url: /api/v1/mock/mock-swagger/api/v3/pet (Caused by NewConnectionError(""HTTPConnection(host='localhost', port=80): Failed to establish a new connection: [Errno 111] Connection refused""))"
2026-09-18T15:09:05.693257,call_3,GET,http://localhost/api/v1/mock/mock-swagger/api/v3/store/inventory,0,13.47,"HTTPConnectionPool(host='localhost', port=80): Max retries exceeded with url: /api/v1/mock/mock-swagger/api/v3/store/inventory (Caused by NewConnectionError(""HTTPConnection(host='localhost', port=80): Failed to establish a new connection: [Errno 111] Connection refused""))"
2026-09-18T15:09:05.715349,call_2,PUT,http://localhost/api/v1/mock/mock-swagger/api/v3/pet,0,1.81,"HTTPConnectionPool(host='localhost', port=80): Max retries exceeded with url: /api/v1/mock/mock-swagger/api/v3/pet (Caused by NewConnectionError(""HTTPConnection(host='localhost', port=80): Failed to establish a new connection: [Errno 111] Connection refused""))"
2026-09-18T15:09:05.743780,call_4,POST,http://localhost/api/v1/mock/mock-swagger/api/v3/user/createWithList,0,1.73,"HTTPConnectionPool(host='localhost', port=80): Max retries exceeded with url: /api/v1/mock/mock-swagger/api/v3/user/createWithList (Caused by NewConnectionError(""HTTPConnection(host='localhost', port=80): Failed to establish a new connection: [Errno 111] Connection refused""))"
2026-09-18T15:09:05.751370,call_1,POST,http://localhost/api/v1/mock/mock-swagger/api/v3/pet,0,1.26,"HTTPConnectionPool(host='localhost', port=80): Max retries exceeded with url: /api/v1/mock/mock-swagger/api/v3/pet (Caused by NewConnectionError(""HTTPConnection(host='localhost', port=80): Failed to establish a new connection: [Errno 111] Connection refused""))"
2026-09-18T15:09:05.805412,call_1,POST,http://localhost/api/v1/mock/mock-swagger/api/v3/pet,0,7.03,"HTTPConnectionPool(host='localhost', port=80): Max retries exceeded with url: /api/v1/mock/mock-swagger/api/v3/pet (Caused by NewConnectionError(""HTTPConnection(host='localhost', port=80): Failed to establish a new connection: [Errno 111] Connection refused""))"
2026-09-18T15:09:05.805800,call_2,PUT,http://localhost/api/v1/mock/mock-swagger/api/v3/pet,0,15.88,"HTTPConnectionPool(host='localhost', port=80): Max retries exceeded with url: /api/v1/mock/mock-swagger/api/v3/pet (Caused by NewConnectionError(""HTTPConnection(host='localhost', port=80): Failed to establish a new connection: [Errno 111] Connection refused""))"
2026-09-18T15:09:05.807195,call_3,GET,http://localhost/api/v1/mock/mock-swagger/api/v3/store/inventory,0,14.39,"HTTPConnectionPool(host='localhost', port=80): Max retries exceeded with url: /api/v1/mock/mock-swagger/api/v3/store/inventory (Caused by NewConnectionError(""HTTPConnection(host='localhost', port=80): Failed to establish a new connection: [Errno 111] Connection refused""))"
2026-09-18T15:09:05.808160,call_2,PUT,http://localhost/api/v1/mock/mock-swagger/api/v3/pet,0,7.86,"HTTPConnectionPool(host='localhost', port=80): Max retries exceeded with url: /api/v1/mock/mock-swagger/api/v3/pet (Caused by NewConnectionError(""HTTPConnection(host='localhost', port=80): Failed to establish a new connection: [Errno 111] Connection refused""))"
2026-09-18T15:09:05.810174,call_4,POST,http://localhost/api/v1/mock/mock-swagger/api/v3/user/createWithList,0,14.21,"HTTPConnectionPool(host='localhost', port=80): Max retries exceeded with url: /api/v1/mock/mock-swagger/api/v3/user/createWithList (Caused by NewConnectionError(""HTTPConnection(host='localhost', port=80): Failed to establish a new connection: [Errno 111] Connection refused""))"
2026-09-18T15:09:05.810979,call_4,POST,http://localhost/api/v1/mock/mock-swagger/api/v3/user/createWithList,0,13.7,"HTTPConnectionPool(host='localhost', port=80): Max retries exceeded with url: /api/v1/mock/mock-swagger/api/v3/user/createWithList (Caused by NewConnectionError(""HTTPConnection(host='localhost', port=80): Failed to establish a new connection: [Errno 111] Connection refused""))"
2026-09-18T15:09:05.817138,call_3,GET,http://localhost/api/v1/mock/mock-swagger/api/v3/store/inventory,0,1.6,"HTTPConnectionPool(host='localhost', port=80): Max retries exceeded with url: /api/v1/mock/mock-swagger/api/v3/store/inventory (Caused by NewConnectionError(""HTTPConnection(host='localhost', port=80): Failed to establish a new connection: [Errno 111] Connection refused""))"
2026-09-18T15:09:05.845704,call_5,DELETE,http://localhost/api/v1/mock/mock-swagger/api/v3/user/{username},0,1.73,"HTTPConnectionPool(host='localhost', port=80): Max retries exceeded with url: /api/v1/mock/mock-swagger/api/v3/user/%7Busername%7D (Caused by NewConnectionError(""HTTPConnection(host='localhost', port=80): Failed to establish a new connection: [Errno 111] Connection refused""))"
2026-09-18T15:09:05.853031,call_2,PUT,http://localhost/api/v1/mock/mock-swagger/api/v3/pet,0,1.5,"HTTPConnectionPool(host='localhost', port=80): Max retries exceeded with url: /api/v1/mock/mock-swagger/api/v3/pet (Caused by NewConnectionError(""HTTPConnection(host='localhost', port=80): Failed to establish a new connection: [Errno 111] Connection refused""))"
2026-09-18T15:09:05.924133,call_3,GET,http://localhost/api/v1/mock/mock-swagger/api/v3/store/inventory,0,15.77,"HTTPConnectionPool(host='localhost', port=80): Max retries exceeded with url: /api/v1/mock/mock-swagger/api/v3/store/inventory (Caused by NewConnectionError(""HTTPConnection(host='localhost', port=80): Failed to establish a new connection: [Errno 111] Connection refused""))"
2026-09-18T15:09:05.924591,call_5,DELETE,http://localhost/api/v1/mock/mock-swagger/api/v3/user/{username},0,10.21,"HTTPConnectionPool(host='localhost', port=80): Max retries exceeded with url: /api/v1/mock/mock-swagger/api/v3/user/%7Busername%7D (Caused by NewConnectionError(""HTTPConnection(host='localhost', port=80): Failed to establish a new connection: [Errno 111] Connection refused""))"
2026-09-18T15:09:05.925452,call_4,POST,http://localhost/api/v1/mock/mock-swagger/api/v3/user/createWithList,0,12.5,"HTTPConnectionPool(host='localhost', port=80): Max retries exceeded with url: /api/v1/mock/mock-swagger/api/v3/user/createWithList (Caused by NewConnectionError(""HTTPConnection(host='localhost', port=80): Failed to establish a new connection: [Errno 111] Connection refused""))"
2026-09-18T15:09:05.926296,call_3,GET,http://localhost/api/v1/mock/mock-swagger/api/v3/store/inventory,0,14.44,"HTTPConnectionPool(host='localhost', port=80): Max retries exceeded with url: /api/v1/mock/mock-swagger/api/v3/store/inventory (Caused by NewConnectionError(""HTTPConnection(host='localhost', port=80): Failed to establish a new connection: [Errno 111] Connection refused""))"
2026-09-18T15:09:05.928116,call_2,PUT,http://localhost/api/v1/mock/mock-swagger/api/v3/pet,0,21.05,"HTTPConnectionPool(host='localhost', port=80): Max retries exceeded with url: /api/v1/mock/mock-swagger/api/v3/pet (Caused by NewConnectionError(""HTTPConnection(host='localhost', port=80): Failed to establish a new connection: [Errno 111] Connection refused""))"
2026-09-18T15:09:05.930001,call_4,POST,http://localhost/api/v1/mock/mock-swagger/api/v3/user/createWithList,0,10.58,"HTTPConnectionPool(host='localhost', port=80): Max retries exceeded with url: /api/v1/mock/mock-swagger/api/v3/user/createWithList (Caused by NewConnectionError(""HTTPConnection(host='localhost', port=80): Failed to establish a new connection: [Errno 111] Connection refused""))"
2026-09-18T15:09:05.930259,call_5,DELETE,http://localhost/api/v1/mock/mock-swagger/api/v3/user/{username},0,8.72,"HTTPConnectionPool(host='localhost', port=80): Max retries exceeded with url: /api/v1/mock/mock-swagger/api/v3/user/%7Busername%7D (Caused by NewConnectionError(""HTTPConnection(host='localhost', port=80): Failed to establish a new connection: [Errno 111] Connection refused""))"
2026-09-18T15:09:05.947588,call_1,POST,http://localhost/api/v1/mock/mock-swagger/api/v3/pet,0,1.7,"HTTPConnectionPool(host='localhost', port=80): Max retries exceeded with url: /api/v1/mock/mock-swagger/api/v3/pet (Caused by NewConnectionError(""HTTPConnection(host='localhost', port=80): Failed to establish a new connection: [Errno 111] Connection refused""))"
2026-09-18T15:09:05.954892,call_3,GET,http://localhost/api/v1/mock/mock-swagger/api/v3/store/inventory,0,1.69,"HTTPConnectionPool(host='localhost', port=80): Max retries exceeded with url: /api/v1/mock/mock-swagger/api/v3/store/inventory (Caused by NewConnectionError(""HTTPConnection(host='localhost', port=80): Failed to establish a new connection: [Errno 111] Connection refused""))"
2026-09-18T15:09:06.043139,call_5,DELETE,http://localhost/api/v1/mock/mock-swagger/api/v3/user/{username},0,8.13,"HTTPConnectionPool(host='localhost', port=80): Max retries exceeded with url: /api/v1/mock/mock-swagger/api/v3/user/%7Busername%7D (Caused by NewConnectionError(""HTTPConnection(host='localhost', port=80): Failed to establish a new connection: [Errno 111] Connection refused""))"
2026-09-18T15:09:06.044796,call_3,GET,http://localhost/api/v1/mock/mock-swagger/api/v3/store/inventory,0,7.01,"HTTPConnectionPool(host='localhost', port=80): Max retries exceeded with url: /api/v1/mock/mock-swagger/api/v3/store/inventory (Caused by NewConnectionError(""HTTPConnection(host='localhost', port=80): Failed to establish a new connection: [Errno 111] Connection refused""))"
2026-09-18T15:09:06.045183,call_5,DELETE,http://localhost/api/v1/mock/mock-swagger/api/v3/user/{username},0,17.48,"HTTPConnectionPool(host='localhost', port=80): Max retries exceeded with url: /api/v1/mock/mock-swagger/api/v3/user/%7Busername%7D (Caused by NewConnectionError(""HTTPConnection(host='localhost', port=80): Failed to establish a new connection: [Errno 111] Connection refused""))"
2026-09-18T15:09:06.047115,call_4,POST,http://localhost/api/v1/mock/mock-swagger/api/v3/user/createWithList,0,22.32,"HTTPConnectionPool(host='localhost', port=80): Max retries exceeded with url: /api/v1/mock/mock-swagger/api/v3/user/createWithList (Caused by NewConnectionError(""HTTPConnection(host='localhost', port=80): Failed to establish a new connection: [Errno 111] Connection refused""))"
2026-09-18T15:09:06.048103,call_1,POST,http://localhost/api/v1/mock/mock-swagger/api/v3/pet,0,7.14,"HTTPConnectionPool(host='localhost', port=80): Max retries exceeded with url: /api/v1/mock/mock-swagger/api/v3/pet (Caused by NewConnectionError(""HTTPConnection(host='localhost', port=80): Failed to establish a new connection: [Errno 111] Connection refused""))"
2026-09-18T15:09:06.050507,call_4,POST,http://localhost/api/v1/mock/mock-swagger/api/v3/user/createWithList,0,20.5,"HTTPConnectionPool(host='localhost', port=80): Max retries exceeded with url: /api/v1/mock/mock-swagger/api/v3/user/createWithList (Caused by NewConnectionError(""HTTPConnection(host='localhost', port=80): Failed to establish a new connection: [Errno 111] Connection refused""))"
2026-09-18T15:09:06.051045,call_1,POST,http://localhost/api/v1/mock/mock-swagger/api/v3/pet,0,24.64,"HTTPConnectionPool(host='localhost', port=80): Max retries exceeded with url: /api/v1/mock/mock-swagger/api/v3/pet (Caused by NewConnectionError(""HTTPConnection(host='localhost', port=80): Failed to establish a new connection: [Errno 111] Connection refused""))"
2026-09-18T15:09:06.051685,call_2,PUT,http://localhost/api/v1/mock/mock-swagger/api/v3/pet,0,3.15,"HTTPConnectionPool(host='localhost', port=80): Max retries exceeded with url: /api/v1/mock/mock-swagger/api/v3/pet (Caused by NewConnectionError(""HTTPConnection(host='localhost', port=80): Failed to establish a new connection: [Errno 111] Connection refused""))"
2026-09-18T15:09:06.056844,call_4,POST,http://localhost/api/v1/mock/mock-swagger/api/v3/user/createWithList,0,1.78,"HTTPConnectionPool(host='localhost', port=80): Max retries exceeded with url: /api/v1/mock/mock-swagger/api/v3/user/createWithList (Caused by NewConnectionError(""HTTPConnection(host='localhost', port=80): Failed to establish a new connection: [Errno 111] Connection refused""))"
2026-09-18T15:09:06.165121,call_5,DELETE,http://localhost/api/v1/mock/mock-swagger/api/v3/user/{username},0,4.85,"HTTPConnectionPool(host='localhost', port=80): Max retries exceeded with url: /api/v1/mock/mock-swagger/api/v3/user/%7Busername%7D (Caused by NewConnectionError(""HTTPConnection(host='localhost', port=80): Failed to establish a new connection: [Errno 111] Connection refused""))"
2026-09-18T15:09:06.165459,call_4,POST,http://localhost/api/v1/mock/mock-swagger/api/v3/user/createWithList,0,19.47,"HTTPConnectionPool(host='localhost', port=80): Max retries exceeded with url: /api/v1/mock/mock-swagger/api/v3/user/createWithList (Caused by NewConnectionError(""HTTPConnection(host='localhost', port=80): Failed to establish a new connection: [Errno 111] Connection refused""))"
2026-09-18T15:09:06.165790,call_1,POST,http://localhost/api/v1/mock/mock-swagger/api/v3/pet,0,22.43,"HTTPConnectionPool(host='localhost', port=80): Max retries exceeded with url: /api/v1/mock/mock-swagger/api/v3/pet (Caused by NewConnectionError(""HTTPConnection(host='localhost', port=80): Failed to establish a new connection: [Errno 111] Connection refused""))"
2026-09-18T15:09:06.166755,call_1,POST,http://localhost/api/v1/mock/mock-swagger/api/v3/pet,0,18.12,"HTTPConnectionPool(host='localhost', port=80): Max retries exceeded with url: /api/v1/mock/mock-swagger/api/v3/pet (Caused by NewConnectionError(""HTTPConnection(host='localhost', port=80): Failed to establish a new connection: [Errno 111] Connection refused""))"
2026-09-18T15:09:06.167811,call_3,GET,http://localhost/api/v1/mock/mock-swagger/api/v3/store/inventory,0,15.94,"HTTPConnectionPool(host='localhost', port=80): Max retries exceeded with url: /api/v1/mock/mock-swagger/api/v3/store/inventory (Caused by NewConnectionError(""HTTPConnection(host='localhost', port=80): Failed to establish a new connection: [Errno 111] Connection refused""))"
2026-09-18T15:09:06.168505,call_5,DELETE,http://localhost/api/v1/mock/mock-swagger/api/v3/user/{username},0,15.08,"HTTPConnectionPool(host='localhost', port=80): Max retries exceeded with url: /api/v1/mock/mock-swagger/api/v3/user/%7Busername%7D (Caused by NewConnectionError(""HTTPConnection(host='localhost', port=80): Failed to establish a new connection: [Errno 111] Connection refused""))"
2026-09-18T15:09:06.168920,call_2,PUT,http://localhost/api/v1/mock/mock-swagger/api/v3/pet,0,9.72,"HTTPConnectionPool(host='localhost', port=80): Max retries exceeded with url: /api/v1/mock/mock-swagger/api/v3/pet (Caused by NewConnectionError(""HTTPConnection(host='localhost', port=80): Failed to establish a new connection: [Errno 111] Connection refused""))"
2026-09-18T15:09:06.175662,call_5,DELETE,http://localhost/api/v1/mock/mock-swagger/api/v3/user/{username},0,17.77,"HTTPConnectionPool(host='localhost', port=80): Max retries exceeded with url: /api/v1/mock/mock-swagger/api/v3/user/%7Busername%7D (Caused by NewConnectionError(""HTTPConnection(host='localhost', port=80): Failed to establish a new connection: [Errno 111] Connection refused""))"
2026-09-18T15:09:06.175954,call_2,PUT,http://localhost/api/v1/mock/mock-swagger/api/v3/pet,0,19.76,"HTTPConnectionPool(host='localhost', port=80): Max retries exceeded with url: /api/v1/mock/mock-swagger/api/v3/pet (Caused by NewConnectionError(""HTTPConnection(host='localhost', port=80): Failed to establish a new connection: [Errno 111] Connection refused""))"
2026-09-18T15:09:06.281531,call_3,GET,http://localhost/api/v1/mock/mock-swagger/api/v3/store/inventory,0,10.26,"HTTPConnectionPool(host='localhost', port=80): Max retries exceeded with url: /api/v1/mock/mock-swagger/api/v3/store/inventory (Caused by NewConnectionError(""HTTPConnection(host='localhost', port=80): Failed to establish a new connection: [Errno 111] Connection refused""))"
2026-09-18T15:09:06.284343,call_5,DELETE,http://localhost/api/v1/mock/mock-swagger/api/v3/user/{username},0,17.23,"HTTPConnectionPool(host='localhost', port=80): Max retries exceeded with url: /api/v1/mock/mock-swagger/api/v3/user/%7Busername%7D (Caused by NewConnectionError(""HTTPConnection(host='localhost', port=80): Failed to establish a new connection: [Errno 111] Connection refused""))"
2026-09-18T15:09:06.284718,call_2,PUT,http://localhost/api/v1/mock/mock-swagger/api/v3/pet,0,18.75,"HTTPConnectionPool(host='localhost', port=80): Max retries exceeded with url: /api/v1/mock/mock-swagger/api/v3/pet (Caused by NewConnectionError(""HTTPConnection(host='localhost', port=80): Failed to establish a new connection: [Errno 111] Connection refused""))"
2026-09-18T15:09:06.286230,call_1,POST,http://localhost/api/v1/mock/mock-swagger/api/v3/pet,0,17.86,"HTTPConnectionPool(host='localhost', port=80): Max retries exceeded with url: /api/v1/mock/mock-swagger/api/v3/pet (Caused by NewConnectionError(""HTTPConnection(host='localhost', port=80): Failed to establish a new connection: [Errno 111] Connection refused""))"
2026-09-18T15:09:06.286472,call_4,POST,http://localhost/api/v1/mock/mock-swagger/api/v3/user/createWithList,0,17.25,"HTTPConnectionPool(host='localhost', port=80): Max retries exceeded with url: /api/v1/mock/mock-swagger/api/v3/user/createWithList (Caused by NewConnectionError(""HTTPConnection(host='localhost', port=80): Failed to establish a new connection: [Errno 111] Connection refused""))"
2026-09-18T15:09:06.287242,call_1,POST,http://localhost/api/v1/mock/mock-swagger/api/v3/pet,0,17.14,"HTTPConnectionPool(host='localhost', port=80): Max retries exceeded with url: /api/v1/mock/mock-swagger/api/v3/pet (Caused by NewConnectionError(""HTTPConnection(host='localhost', port=80): Failed to establish a new connection: [Errno 111] Connection refused""))"
2026-09-18T15:09:06.288255,call_1,POST,http://localhost/api/v1/mock/mock-swagger/api/v3/pet,0,9.54,"HTTPConnectionPool(host='localhost', port=80): Max retries exceeded with url: /api/v1/mock/mock-swagger/api/v3/pet (Caused by NewConnectionError(""HTTPConnection(host='localhost', port=80): Failed to establish a new connection: [Errno 111] Connection refused""))"
2026-09-18T15:09:06.288543,call_2,PUT,http://localhost/api/v1/mock/mock-swagger/api/v3/pet,0,13.04,"HTTPConnectionPool(host='localhost', port=80): Max retries exceeded with url: /api/v1/mock/mock-swagger/api/v3/pet (Caused by NewConnectionError(""HTTPConnection(host='localhost', port=80): Failed to establish a new connection: [Errno 111] Connection refused""))"
2026-09-18T15:09:06.289362,call_3,GET,http://localhost/api/v1/mock/mock-swagger/api/v3/store/inventory,0,12.43,"HTTPConnectionPool(host='localhost', port=80): Max retries exceeded with url: /api/v1/mock/mock-swagger/api/v3/store/inventory (Caused by NewConnectionError(""HTTPConnection(host='localhost', port=80): Failed to establish a new connection: [Errno 111] Connection refused""))"
2026-09-18T15:09:06.387437,call_4,POST,http://localhost/api/v1/mock/mock-swagger/api/v3/user/createWithList,0,5.06,"HTTPConnectionPool(host='localhost', port=80): Max retries exceeded with url: /api/v1/mock/mock-swagger/api/v3/user/createWithList (Caused by NewConnectionError(""HTTPConnection(host='localhost', port=80): Failed to establish a new connection: [Errno 111] Connection refused""))"
2026-09-18T15:09:06.402185,call_1,POST,http://localhost/api/v1/mock/mock-swagger/api/v3/pet,0,17.39,"HTTPConnectionPool(host='localhost', port=80): Max retries exceeded with url: /api/v1/mock/mock-swagger/api/v3/pet (Caused by NewConnectionError(""HTTPConnection(host='localhost', port=80): Failed to establish a new connection: [Errno 111] Connection refused""))"
2026-09-18T15:09:06.404368,call_2,PUT,http://localhost/api/v1/mock/mock-swagger/api/v3/pet,0,16.76,"HTTPConnectionPool(host='localhost', port=80): Max retries exceeded with url: /api/v1/mock/mock-swagger/api/v3/pet (Caused by NewConnectionError(""HTTPConnection(host='localhost', port=80): Failed to establish a new connection: [Errno 111] Connection refused""))"
2026-09-18T15:09:06.405112,call_2,PUT,http://localhost/api/v1/mock/mock-swagger/api/v3/pet,0,9.97,"HTTPConnectionPool(host='localhost', port=80): Max retries exceeded with url: /api/v1/mock/mock-swagger/api/v3/pet (Caused by NewConnectionError(""HTTPConnection(host='localhost', port=80): Failed to establish a new connection: [Errno 111] Connection refused""))"
2026-09-18T15:09:06.405356,call_3,GET,http://localhost/api/v1/mock/mock-swagger/api/v3/store/inventory,0,12.75,"HTTPConnectionPool(host='localhost', port=80): Max retries exceeded with url: /api/v1/mock/mock-swagger/api/v3/store/inventory (Caused by NewConnectionError(""HTTPConnection(host='localhost', port=80): Failed to establish a new connection: [Errno 111] Connection refused""))"
2026-09-18T15:09:06.405671,call_5,DELETE,http://localhost/api/v1/mock/mock-swagger/api/v3/user/{username},0,16.92,"HTTPConnectionPool(host='localhost', port=80): Max retries exceeded with url: /api/v1/mock/mock-swagger/api/v3/user/%7Busername%7D (Caused by NewConnectionError(""HTTPConnection(host='localhost', port=80): Failed to establish a new connection: [Errno 111] Connection refused""))"
2026-09-18T15:09:06.406358,call_3,GET,http://localhost/api/v1/mock/mock-swagger/api/v3/store/inventory,0,20.33,"HTTPConnectionPool(host='localhost', port=80): Max retries exceeded with url: /api/v1/mock/mock-swagger/api/v3/store/inventory (Caused by NewConnectionError(""HTTPConnection(host='localhost', port=80): Failed to establish a new connection: [Errno 111] Connection refused""))"
2026-09-18T15:09:06.407192,call_2,PUT,http://localhost/api/v1/mock/mock-swagger/api/v3/pet,0,10.27,"HTTPConnectionPool(host='localhost', port=80): Max retries exceeded with url: /api/v1/mock/mock-swagger/api/v3/pet (Caused by NewConnectionError(""HTTPConnection(host='localhost', port=80): Failed to establish a new connection: [Errno 111] Connection refused""))"
2026-09-18T15:09:06.407406,call_4,POST,http://localhost/api/v1/mock/mock-swagger/api/v3/user/createWithList,0,8.37,"HTTPConnectionPool(host='localhost', port=80): Max retries exceeded with url: /api/v1/mock/mock-swagger/api/v3/user/createWithList (Caused by NewConnectionError(""HTTPConnection(host='localhost', port=80): Failed to establish a new connection: [Errno 111] Connection refused""))"
2026-09-18T15:09:06.489277,call_5,DELETE,http://localhost/api/v1/mock/mock-swagger/api/v3/user/{username},0,1.65,"HTTPConnectionPool(host='localhost', port=80): Max retries exceeded with url: /api/v1/mock/mock-swagger/api/v3/user/%7Busername%7D (Caused by NewConnectionError(""HTTPConnection(host='localhost', port=80): Failed to establish a new connection: [Errno 111] Connection refused""))"
2026-09-18T15:09:06.517506,call_4,POST,http://localhost/api/v1/mock/mock-swagger/api/v3/user/createWithList,0,7.93,"HTTPConnectionPool(host='localhost', port=80): Max retries exceeded with url: /api/v1/mock/mock-swagger/api/v3/user/createWithList (Caused by NewConnectionError(""HTTPConnection(host='localhost', port=80): Failed to establish a new connection: [Errno 111] Connection refused""))"
2026-09-18T15:09:06.517872,call_1,POST,http://localhost/api/v1/mock/mock-swagger/api/v3/pet,0,10.82,"HTTPConnectionPool(host='localhost', port=80): Max retries exceeded with url: /api/v1/mock/mock-swagger/api/v3/pet (Caused by NewConnectionError(""HTTPConnection(host='localhost', port=80): Failed to establish a new connection: [Errno 111] Connection refused""))"
2026-09-18T15:09:06.518118,call_2,PUT,http://localhost/api/v1/mock/mock-swagger/api/v3/pet,0,15.06,"HTTPConnectionPool(host='localhost', port=80): Max retries exceeded with url: /api/v1/mock/mock-swagger/api/v3/pet (Caused by NewConnectionError(""HTTPConnection(host='localhost', port=80): Failed to establish a new connection: [Errno 111] Connection refused""))"
2026-09-18T15:09:06.518403,call_3,GET,http://localhost/api/v1/mock/mock-swagger/api/v3/store/inventory,0,12.29,"HTTPConnectionPool(host='localhost', port=80): Max retries exceeded with url: /api/v1/mock/mock-swagger/api/v3/store/inventory (Caused by NewConnectionError(""HTTPConnection(host='localhost', port=80): Failed to establish a new connection: [Errno 111] Connection refused""))"
2026-09-18T15:09:06.518568,call_3,GET,http://localhost/api/v1/mock/mock-swagger/api/v3/store/inventory,0,13.74,"HTTPConnectionPool(host='localhost', port=80): Max retries exceeded with url: /api/v1/mock/mock-swagger/api/v3/store/inventory (Caused by NewConnectionError(""HTTPConnection(host='localhost', port=80): Failed to establish a new connection: [Errno 111] Connection refused""))"
2026-09-18T15:09:06.518847,call_3,GET,http://localhost/api/v1/mock/mock-swagger/api/v3/store/inventory,0,5.29,"HTTPConnectionPool(host='localhost', port=80): Max retries exceeded with url: /api/v1/mock/mock-swagger/api/v3/store/inventory (Caused by NewConnectionError(""HTTPConnection(host='localhost', port=80): Failed to establish a new connection: [Errno 111] Connection refused""))"
2026-09-18T15:09:06.520095,call_5,DELETE,http://localhost/api/v1/mock/mock-swagger/api/v3/user/{username},0,8.88,"HTTPConnectionPool(host='localhost', port=80): Max retries exceeded with url: /api/v1/mock/mock-swagger/api/v3/user/%7Busername%7D (Caused by NewConnectionError(""HTTPConnection(host='localhost', port=80): Failed to establish a new connection: [Errno 111] Connection refused""))"
2026-09-18T15:09:06.520414,call_4,POST,http://localhost/api/v1/mock/mock-swagger/api/v3/user/createWithList,0,12.38,"HTTPConnectionPool(host='localhost', port=80): Max retries exceeded with url: /api/v1/mock/mock-swagger/api/v3/user/createWithList (Caused by NewConnectionError(""HTTPConnection(host='localhost', port=80): Failed to establish a new connection: [Errno 111] Connection refused""))"
2026-09-18T15:09:06.591028,call_1,POST,http://localhost/api/v1/mock/mock-swagger/api/v3/pet,0,1.6,"HTTPConnectionPool(host='localhost', port=80): Max retries exceeded with url: /api/v1/mock/mock-swagger/api/v3/pet (Caused by NewConnectionError(""HTTPConnection(host='localhost', port=80): Failed to establish a new connection: [Errno 111] Connection refused""))"
2026-09-18T15:09:06.629312,call_5,DELETE,http://localhost/api/v1/mock/mock-swagger/api/v3/user/{username},0,11.68,"HTTPConnectionPool(host='localhost', port=80): Max retries exceeded with url: /api/v1/mock/mock-swagger/api/v3/user/%7Busername%7D (Caused by NewConnectionError(""HTTPConnection(host='localhost', port=80): Failed to establish a new connection: [Errno 111] Connection refused""))"
2026-09-18T15:09:06.630941,call_4,POST,http://localhost/api/v1/mock/mock-swagger/api/v3/user/createWithList,0,4.79,"HTTPConnectionPool(host='localhost', port=80): Max retries exceeded with url: /api/v1/mock/mock-swagger/api/v3/user/createWithList (Caused by NewConnectionError(""HTTPConnection(host='localhost', port=80): Failed to establish a new connection: [Errno 111] Connection refused""))"
2026-09-18T15:09:06.631736,call_5,DELETE,http://localhost/api/v1/mock/mock-swagger/api/v3/user/{username},0,7.59,"HTTPConnectionPool(host='localhost', port=80): Max retries exceeded with url: /api/v1/mock/mock-swagger/api/v3/user/%7Busername%7D (Caused by NewConnectionError(""HTTPConnection(host='localhost', port=80): Failed to establish a new connection: [Errno 111] Connection refused""))"
2026-09-18T15:09:06.632032,call_2,PUT,http://localhost/api/v1/mock/mock-swagger/api/v3/pet,0,13.75,"HTTPConnectionPool(host='localhost', port=80): Max retries exceeded with url: /api/v1/mock/mock-swagger/api/v3/pet (Caused by NewConnectionError(""HTTPConnection(host='localhost', port=80): Failed to establish a new connection: [Errno 111] Connection refused""))"
2026-09-18T15:09:06.632362,call_3,GET,http://localhost/api/v1/mock/mock-swagger/api/v3/store/inventory,0,12.77,"HTTPConnectionPool(host='localhost', port=80): Max retries exceeded with url: /api/v1/mock/mock-swagger/api/v3/store/inventory (Caused by NewConnectionError(""HTTPConnection(host='localhost', port=80): Failed to establish a new connection: [Errno 111] Connection refused""))"
2026-09-18T15:09:06.632514,call_4,POST,http://localhost/api/v1/mock/mock-swagger/api/v3/user/createWithList,0,11.84,"HTTPConnectionPool(host='localhost', port=80): Max retries exceeded with url: /api/v1/mock/mock-swagger/api/v3/user/createWithList (Caused by NewConnectionError(""HTTPConnection(host='localhost', port=80): Failed to establish a new connection: [Errno 111] Connection refused""))"
2026-09-18T15:09:06.633028,call_4,POST,http://localhost/api/v1/mock/mock-swagger/api/v3/user/createWithList,0,5.66,"HTTPConnectionPool(host='localhost', port=80): Max retries exceeded with url: /api/v1/mock/mock-swagger/api/v3/user/createWithList (Caused by NewConnectionError(""HTTPConnection(host='localhost', port=80): Failed to establish a new connection: [Errno 111] Connection refused""))"
2026-09-18T15:09:06.633581,call_1,POST,http://localhost/api/v1/mock/mock-swagger/api/v3/pet,0,8.13,"HTTPConnectionPool(host='localhost', port=80): Max retries exceeded with url: /api/v1/mock/mock-swagger/api/v3/pet (Caused by NewConnectionError(""HTTPConnection(host='localhost', port=80): Failed to establish a new connection: [Errno 111] Connection refused""))"
2026-09-18T15:09:06.692595,call_2,PUT,http://localhost/api/v1/mock/mock-swagger/api/v3/pet,0,1.4,"HTTPConnectionPool(host='localhost', port=80): Max retries exceeded with url: /api/v1/mock/mock-swagger/api/v3/pet (Caused by NewConnectionError(""HTTPConnection(host='localhost', port=80): Failed to establish a new connection: [Errno 111] Connection refused""))"
2026-09-18T15:09:06.744836,call_2,PUT,http://localhost/api/v1/mock/mock-swagger/api/v3/pet,0,3.48,"HTTPConnectionPool(host='localhost', port=80): Max retries exceeded with url: /api/v1/mock/mock-swagger/api/v3/pet (Caused by NewConnectionError(""HTTPConnection(host='localhost', port=80): Failed to establish a new connection: [Errno 111] Connection refused""))"
2026-09-18T15:09:06.745514,call_1,POST,http://localhost/api/v1/mock/mock-swagger/api/v3/pet,0,16.04,"HTTPConnectionPool(host='localhost', port=80): Max retries exceeded with url: /api/v1/mock/mock-swagger/api/v3/pet (Caused by NewConnectionError(""HTTPConnection(host='localhost', port=80): Failed to establish a new connection: [Errno 111] Connection refused""))"
2026-09-18T15:09:06.745712,call_1,POST,http://localhost/api/v1/mock/mock-swagger/api/v3/pet,0,11.89,"HTTPConnectionPool(host='localhost', port=80): Max retries exceeded with url: /api/v1/mock/mock-swagger/api/v3/pet (Caused by NewConnectionError(""HTTPConnection(host='localhost', port=80): Failed to establish a new connection: [Errno 111] Connection refused""))"
2026-09-18T15:09:06.746437,call_3,GET,http://localhost/api/v1/mock/mock-swagger/api/v3/store/inventory,0,11.73,"HTTPConnectionPool(host='localhost', port=80): Max retries exceeded with url: /api/v1/mock/mock-swagger/api/v3/store/inventory (Caused by NewConnectionError(""HTTPConnection(host='localhost', port=80): Failed to establish a new connection: [Errno 111] Connection refused""))"
2026-09-18T15:09:06.746759,call_5,DELETE,http://localhost/api/v1/mock/mock-swagger/api/v3/user/{username},0,9.71,"HTTPConnectionPool(host='localhost', port=80): Max retries exceeded with url: /api/v1/mock/mock-swagger/api/v3/user/%7Busername%7D (Caused by NewConnectionError(""HTTPConnection(host='localhost', port=80): Failed to establish a new connection: [Errno 111] Connection refused""))"
2026-09-18T15:09:06.747441,call_5,DELETE,http://localhost/api/v1/mock/mock-swagger/api/v3/user/{username},0,7.31,"HTTPConnectionPool(host='localhost', port=80): Max retries exceeded with url: /api/v1/mock/mock-swagger/api/v3/user/%7Busername%7D (Caused by NewConnectionError(""HTTPConnection(host='localhost', port=80): Failed to establish a new connection: [Errno 111] Connection refused""))"
2026-09-18T15:09:06.748521,call_5,DELETE,http://localhost/api/v1/mock/mock-swagger/api/v3/user/{username},0,17.39,"HTTPConnectionPool(host='localhost', port=80): Max retries exceeded with url: /api/v1/mock/mock-swagger/api/v3/user/%7Busername%7D (Caused by NewConnectionError(""HTTPConnection(host='localhost', port=80): Failed to establish a new connection: [Errno 111] Connection refused""))"
2026-09-18T15:09:06.749265,call_4,POST,http://localhost/api/v1/mock/mock-swagger/api/v3/user/createWithList,0,13.35,"HTTPConnectionPool(host='localhost', port=80): Max retries exceeded with url: /api/v1/mock/mock-swagger/api/v3/user/createWithList (Caused by NewConnectionError(""HTTPConnection(host='localhost', port=80): Failed to establish a new connection: [Errno 111] Connection refused""))"
2026-09-18T15:09:06.793799,call_3,GET,http://localhost/api/v1/mock/mock-swagger/api/v3/store/inventory,0,1.08,"HTTPConnectionPool(host='localhost', port=80): Max retries exceeded with url: /api/v1/mock/mock-swagger/api/v3/store/inventory (Caused by NewConnectionError(""HTTPConnection(host='localhost', port=80): Failed to establish a new connection: [Errno 111] Connection refused""))"
2026-09-18T15:09:06.858122,call_5,DELETE,http://localhost/api/v1/mock/mock-swagger/api/v3/user/{username},0,4.98,"HTTPConnectionPool(host='localhost', port=80): Max retries exceeded with url: /api/v1/mock/mock-swagger/api/v3/user/%7Busername%7D (Caused by NewConnectionError(""HTTPConnection(host='localhost', port=80): Failed to establish a new connection: [Errno 111] Connection refused""))"
2026-09-18T15:09:06.858263,call_3,GET,http://localhost/api/v1/mock/mock-swagger/api/v3/store/inventory,0,12.61,"HTTPConnectionPool(host='localhost', port=80): Max retries exceeded with url: /api/v1/mock/mock-swagger/api/v3/store/inventory (Caused by NewConnectionError(""HTTPConnection(host='localhost', port=80): Failed to establish a new connection: [Errno 111] Connection refused""))"
2026-09-18T15:09:06.858432,call_2,PUT,http://localhost/api/v1/mock/mock-swagger/api/v3/pet,0,11.47,"HTTPConnectionPool(host='localhost', port=80): Max retries exceeded with url: /api/v1/mock/mock-swagger/api/v3/pet (Caused by NewConnectionError(""HTTPConnection(host='localhost', port=80): Failed to establish a new connection: [Errno 111] Connection refused""))"
2026-09-18T15:09:06.859274,call_2,PUT,http://localhost/api/v1/mock/mock-swagger/api/v3/pet,0,9.08,"HTTPConnectionPool(host='localhost', port=80): Max retries exceeded with url: /api/v1/mock/mock-swagger/api/v3/pet (Caused by NewConnectionError(""HTTPConnection(host='localhost', port=80): Failed to establish a new connection: [Errno 111] Connection refused""))"
2026-09-18T15:09:06.859401,call_1,POST,http://localhost/api/v1/mock/mock-swagger/api/v3/pet,0,4.96,"HTTPConnectionPool(host='localhost', port=80): Max retries exceeded with url: /api/v1/mock/mock-swagger/api/v3/pet (Caused by NewConnectionError(""HTTPConnection(host='localhost', port=80): Failed to establish a new connection: [Errno 111] Connection refused""))"
2026-09-18T15:09:06.859736,call_1,POST,http://localhost/api/v1/mock/mock-swagger/api/v3/pet,0,12.04,"HTTPConnectionPool(host='localhost', port=80): Max retries exceeded with url: /api/v1/mock/mock-swagger/api/v3/pet (Caused by NewConnectionError(""HTTPConnection(host='localhost', port=80): Failed to establish a new connection: [Errno 111] Connection refused""))"
2026-09-18T15:09:06.859927,call_4,POST,http://localhost/api/v1/mock/mock-swagger/api/v3/user/createWithList,0,8.73,"HTTPConnectionPool(host='localhost', port=80): Max retries exceeded with url: /api/v1/mock/mock-swagger/api/v3/user/createWithList (Caused by NewConnectionError(""HTTPConnection(host='localhost', port=80): Failed to establish a new connection: [Errno 111] Connection refused""))"
2026-09-18T15:09:06.860328,call_1,POST,http://localhost/api/v1/mock/mock-swagger/api/v3/pet,0,10.99,"HTTPConnectionPool(host='localhost', port=80): Max retries exceeded with url: /api/v1/mock/mock-swagger/api/v3/pet (Caused by NewConnectionError(""HTTPConnection(host='localhost', port=80): Failed to establish a new connection: [Errno 111] Connection refused""))"
2026-09-18T15:09:06.894825,call_4,POST,http://localhost/api/v1/mock/mock-swagger/api/v3/user/createWithList,0,0.88,"HTTPConnectionPool(host='localhost', port=80): Max retries exceeded with url: /api/v1/mock/mock-swagger/api/v3/user/createWithList (Caused by NewConnectionError(""HTTPConnection(host='localhost', port=80): Failed to establish a new connection: [Errno 111] Connection refused""))"
2026-09-18T15:09:06.973933,call_4,POST,http://localhost/api/v1/mock/mock-swagger/api/v3/user/createWithList,0,13.69,"HTTPConnectionPool(host='localhost', port=80): Max retries exceeded with url: /api/v1/mock/mock-swagger/api/v3/user/createWithList (Caused by NewConnectionError(""HTTPConnection(host='localhost', port=80): Failed to establish a new connection: [Errno 111] Connection refused""))"
2026-09-18T15:09:06.976136,call_5,DELETE,http://localhost/api/v1/mock/mock-swagger/api/v3/user/{username},0,8.53,"HTTPConnectionPool(host='localhost', port=80): Max retries exceeded with url: /api/v1/mock/mock-swagger/api/v3/user/%7Busername%7D (Caused by NewConnectionError(""HTTPConnection(host='localhost', port=80): Failed to establish a new connection: [Errno 111] Connection refused""))"
2026-09-18T15:09:06.976915,call_2,PUT,http://localhost/api/v1/mock/mock-swagger/api/v3/pet,0,10.55,"HTTPConnectionPool(host='localhost', port=80): Max retries exceeded with url: /api/v1/mock/mock-swagger/api/v3/pet (Caused by NewConnectionError(""HTTPConnection(host='localhost', port=80): Failed to establish a new connection: [Errno 111] Connection refused""))"
2026-09-18T15:09:06.977473,call_1,POST,http://localhost/api/v1/mock/mock-swagger/api/v3/pet,0,18.33,"HTTPConnectionPool(host='localhost', port=80): Max retries exceeded with url: /api/v1/mock/mock-swagger/api/v3/pet (Caused by NewConnectionError(""HTTPConnection(host='localhost', port=80): Failed to establish a new connection: [Errno 111] Connection refused""))"
2026-09-18T15:09:06.978166,call_2,PUT,http://localhost/api/v1/mock/mock-swagger/api/v3/pet,0,13.48,"HTTPConnectionPool(host='localhost', port=80): Max retries exceeded with url: /api/v1/mock/mock-swagger/api/v3/pet (Caused by NewConnectionError(""HTTPConnection(host='localhost', port=80): Failed to establish a new connection: [Errno 111] Connection refused""))"
2026-09-18T15:09:06.978720,call_2,PUT,http://localhost/api/v1/mock/mock-swagger/api/v3/pet,0,8.63,"HTTPConnectionPool(host='localhost', port=80): Max retries exceeded with url: /api/v1/mock/mock-swagger/api/v3/pet (Caused by NewConnectionError(""HTTPConnection(host='localhost', port=80): Failed to establish a new connection: [Errno 111] Connection refused""))"
2026-09-18T15:09:06.979724,call_3,GET,http://localhost/api/v1/mock/mock-swagger/api/v3/store/inventory,0,17.82,"HTTPConnectionPool(host='localhost', port=80): Max retries exceeded with url: /api/v1/mock/mock-swagger/api/v3/store/inventory (Caused by NewConnectionError(""HTTPConnection(host='localhost', port=80): Failed to establish a new connection: [Errno 111] Connection refused""))"
2026-09-18T15:09:06.980319,call_3,GET,http://localhost/api/v1/mock/mock-swagger/api/v3/store/inventory,0,9.07,"HTTPConnectionPool(host='localhost', port=80): Max retries exceeded with url: /api/v1/mock/mock-swagger/api/v3/store/inventory (Caused by NewConnectionError(""HTTPConnection(host='localhost', port=80): Failed to establish a new connection: [Errno 111] Connection refused""))"
2026-09-18T15:09:06.995817,call_5,DELETE,http://localhost/api/v1/mock/mock-swagger/api/v3/user/{username},0,0.86,"HTTPConnectionPool(host='localhost', port=80): Max retries exceeded with url: /api/v1/mock/mock-swagger/api/v3/user/%7Busername%7D (Caused by NewConnectionError(""HTTPConnection(host='localhost', port=80): Failed to establish a new connection: [Errno 111] Connection refused""))"
2026-09-18T15:09:07.076114,call_5,DELETE,http://localhost/api/v1/mock/mock-swagger/api/v3/user/{username},0,1.98,"HTTPConnectionPool(host='localhost', port=80): Max retries exceeded with url: /api/v1/mock/mock-swagger/api/v3/user/%7Busername%7D (Caused by NewConnectionError(""HTTPConnection(host='localhost', port=80): Failed to establish a new connection: [Errno 111] Connection refused""))"
2026-09-18T15:09:07.090518,call_2,PUT,http://localhost/api/v1/mock/mock-swagger/api/v3/pet,0,11.91,"HTTPConnectionPool(host='localhost', port=80): Max retries exceeded with url: /api/v1/mock/mock-swagger/api/v3/pet (Caused by NewConnectionError(""HTTPConnection(host='localhost', port=80): Failed to establish a new connection: [Errno 111] Connection refused""))"
2026-09-18T15:09:07.091747,call_1,POST,http://localhost/api/v1/mock/mock-swagger/api/v3/pet,0,15.49,"HTTPConnectionPool(host='localhost', port=80): Max retries exceeded with url: /api/v1/mock/mock-swagger/api/v3/pet (Caused by NewConnectionError(""HTTPConnection(host='localhost', port=80): Failed to establish a new connection: [Errno 111] Connection refused""))"
2026-09-18T15:09:07.092350,call_3,GET,http://localhost/api/v1/mock/mock-swagger/api/v3/store/inventory,0,14.85,"HTTPConnectionPool(host='localhost', port=80): Max retries exceeded with url: /api/v1/mock/mock-swagger/api/v3/store/inventory (Caused by NewConnectionError(""HTTPConnection(host='localhost', port=80): Failed to establish a new connection: [Errno 111] Connection refused""))"
2026-09-18T15:09:07.092613,call_4,POST,http://localhost/api/v1/mock/mock-swagger/api/v3/user/createWithList,0,6.69,"HTTPConnectionPool(host='localhost', port=80): Max retries exceeded with url: /api/v1/mock/mock-swagger/api/v3/user/createWithList (Caused by NewConnectionError(""HTTPConnection(host='localhost', port=80): Failed to establish a new connection: [Errno 111] Connection refused""))"
2026-09-18T15:09:07.096222,call_4,POST,http://localhost/api/v1/mock/mock-swagger/api/v3/user/createWithList,0,9.1,"HTTPConnectionPool(host='localhost', port=80): Max retries exceeded with url: /api/v1/mock/mock-swagger/api/v3/user/createWithList (Caused by NewConnectionError(""HTTPConnection(host='localhost', port=80): Failed to establish a new connection: [Errno 111] Connection refused""))"
2026-09-18T15:09:07.097443,call_3,GET,http://localhost/api/v1/mock/mock-swagger/api/v3/store/inventory,0,16.59,"HTTPConnectionPool(host='localhost', port=80): Max retries exceeded with url: /api/v1/mock/mock-swagger/api/v3/store/inventory (Caused by NewConnectionError(""HTTPConnection(host='localhost', port=80): Failed to establish a new connection: [Errno 111] Connection refused""))"
2026-09-18T15:09:07.098945,call_1,POST,http://localhost/api/v1/mock/mock-swagger/api/v3/pet,0,2.64,"HTTPConnectionPool(host='localhost', port=80): Max retries exceeded with url: /api/v1/mock/mock-swagger/api/v3/pet (Caused by NewConnectionError(""HTTPConnection(host='localhost', port=80): Failed to establish a new connection: [Errno 111] Connection refused""))"
2026-09-18T15:09:07.100038,call_3,GET,http://localhost/api/v1/mock/mock-swagger/api/v3/store/inventory,0,11.19,"HTTPConnectionPool(host='localhost', port=80): Max retries exceeded with url: /api/v1/mock/mock-swagger/api/v3/store/inventory (Caused by NewConnectionError(""HTTPConnection(host='localhost', port=80): Failed to establish a new connection: [Errno 111] Connection refused""))"
2026-09-18T15:09:07.178794,call_1,POST,http://localhost/api/v1/mock/mock-swagger/api/v3/pet,0,2.48,"HTTPConnectionPool(host='localhost', port=80): Max retries exceeded with url: /api/v1/mock/mock-swagger/api/v3/pet (Caused by NewConnectionError(""HTTPConnection(host='localhost', port=80): Failed to establish a new connection: [Errno 111] Connection refused""))"
2026-09-18T15:09:07.215389,call_3,GET,http://localhost/api/v1/mock/mock-swagger/api/v3/store/inventory,0,24.72,"HTTPConnectionPool(host='localhost', port=80): Max retries exceeded with url: /api/v1/mock/mock-swagger/api/v3/store/inventory (Caused by NewConnectionError(""HTTPConnection(host='localhost', port=80): Failed to establish a new connection: [Errno 111] Connection refused""))"
2026-09-18T15:09:07.215868,call_2,PUT,http://localhost/api/v1/mock/mock-swagger/api/v3/pet,0,6.53,"HTTPConnectionPool(host='localhost', port=80): Max retries exceeded with url: /api/v1/mock/mock-swagger/api/v3/pet (Caused by NewConnectionError(""HTTPConnection(host='localhost', port=80): Failed to establish a new connection: [Errno 111] Connection refused""))"
2026-09-18T15:09:07.216980,call_5,DELETE,http://localhost/api/v1/mock/mock-swagger/api/v3/user/{username},0,15.58,"HTTPConnectionPool(host='localhost', port=80): Max retries exceeded with url: /api/v1/mock/mock-swagger/api/v3/user/%7Busername%7D (Caused by NewConnectionError(""HTTPConnection(host='localhost', port=80): Failed to establish a new connection: [Errno 111] Connection refused""))"
2026-09-18T15:09:07.217321,call_4,POST,http://localhost/api/v1/mock/mock-swagger/api/v3/user/createWithList,0,15.23,"HTTPConnectionPool(host='localhost', port=80): Max retries exceeded with url: /api/v1/mock/mock-swagger/api/v3/user/createWithList (Caused by NewConnectionError(""HTTPConnection(host='localhost', port=80): Failed to establish a new connection: [Errno 111] Connection refused""))"
2026-09-18T15:09:07.220232,call_4,POST,http://localhost/api/v1/mock/mock-swagger/api/v3/user/createWithList,0,25.89,"HTTPConnectionPool(host='localhost', port=80): Max retries exceeded with url: /api/v1/mock/mock-swagger/api/v3/user/createWithList (Caused by NewConnectionError(""HTTPConnection(host='localhost', port=80): Failed to establish a new connection: [Errno 111] Connection refused""))"
2026-09-18T15:09:07.221007,call_4,POST,http://localhost/api/v1/mock/mock-swagger/api/v3/user/createWithList,0,16.26,"HTTPConnectionPool(host='localhost', port=80): Max retries exceeded with url: /api/v1/mock/mock-swagger/api/v3/user/createWithList (Caused by NewConnectionError(""HTTPConnection(host='localhost', port=80): Failed to establish a new connection: [Errno 111] Connection refused""))"
2026-09-18T15:09:07.221354,call_5,DELETE,http://localhost/api/v1/mock/mock-swagger/api/v3/user/{username},0,13.13,"HTTPConnectionPool(host='localhost', port=80): Max retries exceeded with url: /api/v1/mock/mock-swagger/api/v3/user/%7Busername%7D (Caused by NewConnectionError(""HTTPConnection(host='localhost', port=80): Failed to establish a new connection: [Errno 111] Connection refused""))"
2026-09-18T15:09:07.221736,call_2,PUT,http://localhost/api/v1/mock/mock-swagger/api/v3/pet,0,29.79,"HTTPConnectionPool(host='localhost', port=80): Max retries exceeded with url: /api/v1/mock/mock-swagger/api/v3/pet (Caused by NewConnectionError(""HTTPConnection(host='localhost', port=80): Failed to establish a new connection: [Errno 111] Connection refused""))"
2026-09-18T15:09:07.280980,call_2,PUT,http://localhost/api/v1/mock/mock-swagger/api/v3/pet,0,1.99,"HTTPConnectionPool(host='localhost', port=80): Max retries exceeded with url: /api/v1/mock/mock-swagger/api/v3/pet (Caused by NewConnectionError(""HTTPConnection(host='localhost', port=80): Failed to establish a new connection: [Errno 111] Connection refused""))"
2026-09-18T15:09:07.334894,call_4,POST,http://localhost/api/v1/mock/mock-swagger/api/v3/user/createWithList,0,19.32,"HTTPConnectionPool(host='localhost', port=80): Max retries exceeded with url: /api/v1/mock/mock-swagger/api/v3/user/createWithList (Caused by NewConnectionError(""HTTPConnection(host='localhost', port=80): Failed to establish a new connection: [Errno 111] Connection refused""))"
2026-09-18T15:09:07.338807,call_5,DELETE,http://localhost/api/v1/mock/mock-swagger/api/v3/user/{username},0,16.83,"HTTPConnectionPool(host='localhost', port=80): Max retries exceeded with url: /api/v1/mock/mock-swagger/api/v3/user/%7Busername%7D (Caused by NewConnectionError(""HTTPConnection(host='localhost', port=80): Failed to establish a new connection: [Errno 111] Connection refused""))"
2026-09-18T15:09:07.340092,call_5,DELETE,http://localhost/api/v1/mock/mock-swagger/api/v3/user/{username},0,7.6,"HTTPConnectionPool(host='localhost', port=80): Max retries exceeded with url: /api/v1/mock/mock-swagger/api/v3/user/%7Busername%7D (Caused by NewConnectionError(""HTTPConnection(host='localhost', port=80): Failed to establish a new connection: [Errno 111] Connection refused""))"
2026-09-18T15:09:07.340700,call_3,GET,http://localhost/api/v1/mock/mock-swagger/api/v3/store/inventory,0,22.55,"HTTPConnectionPool(host='localhost', port=80): Max retries exceeded with url: /api/v1/mock/mock-swagger/api/v3/store/inventory (Caused by NewConnectionError(""HTTPConnection(host='localhost', port=80): Failed to establish a new connection: [Errno 111] Connection refused""))"
2026-09-18T15:09:07.340897,call_1,POST,http://localhost/api/v1/mock/mock-swagger/api/v3/pet,0,10.3,"HTTPConnectionPool(host='localhost', port=80): Max retries exceeded with url: /api/v1/mock/mock-swagger/api/v3/pet (Caused by NewConnectionError(""HTTPConnection(host='localhost', port=80): Failed to establish a new connection: [Errno 111] Connection refused""))"
2026-09-18T15:09:07.341227,call_5,DELETE,http://localhost/api/v1/mock/mock-swagger/api/v3/user/{username},0,18.11,"HTTPConnectionPool(host='localhost', port=80): Max retries exceeded with url: /api/v1/mock/mock-swagger/api/v3/user/%7Busername%7D (Caused by NewConnectionError(""HTTPConnection(host='localhost', port=80): Failed to establish a new connection: [Errno 111] Connection refused""))"
2026-09-18T15:09:07.341816,call_3,GET,http://localhost/api/v1/mock/mock-swagger/api/v3/store/inventory,0,14.84,"HTTPConnectionPool(host='localhost', port=80): Max retries exceeded with url: /api/v1/mock/mock-swagger/api/v3/store/inventory (Caused by NewConnectionError(""HTTPConnection(host='localhost', port=80): Failed to establish a new connection: [Errno 111] Connection refused""))"
2026-09-18T15:09:07.342904,call_1,POST,http://localhost/api/v1/mock/mock-swagger/api/v3/pet,0,23.65,"HTTPConnectionPool(host='localhost', port=80): Max retries exceeded with url: /api/v1/mock/mock-swagger/api/v3/pet (Caused by NewConnectionError(""HTTPConnection(host='localhost', port=80): Failed to establish a new connection: [Errno 111] Connection refused""))"
2026-09-18T15:09:07.383221,call_3,GET,http://localhost/api/v1/mock/mock-swagger/api/v3/store/inventory,0,2.03,"HTTPConnectionPool(host='localhost', port=80): Max retries exceeded with url: /api/v1/mock/mock-swagger/api/v3/store/inventory (Caused by NewConnectionError(""HTTPConnection(host='localhost', port=80): Failed to establish a new connection: [Errno 111] Connection refused""))"
2026-09-18T15:09:07.437076,call_5,DELETE,http://localhost/api/v1/mock/mock-swagger/api/v3/user/{username},0,1.98,"HTTPConnectionPool(host='localhost', port=80): Max retries exceeded with url: /api/v1/mock/mock-swagger/api/v3/user/%7Busername%7D (Caused by NewConnectionError(""HTTPConnection(host='localhost', port=80): Failed to establish a new connection: [Errno 111] Connection refused""))"
2026-09-18T15:09:07.456291,call_1,POST,http://localhost/api/v1/mock/mock-swagger/api/v3/pet,0,13.0,"HTTPConnectionPool(host='localhost', port=80): Max retries exceeded with url: /api/v1/mock/mock-swagger/api/v3/pet (Caused by NewConnectionError(""HTTPConnection(host='localhost', port=80): Failed to establish a new connection: [Errno 111] Connection refused""))"
2026-09-18T15:09:07.458528,call_1,POST,http://localhost/api/v1/mock/mock-swagger/api/v3/pet,0,9.39,"HTTPConnectionPool(host='localhost', port=80): Max retries exceeded with url: /api/v1/mock/mock-swagger/api/v3/pet (Caused by NewConnectionError(""HTTPConnection(host='localhost', port=80): Failed to establish a new connection: [Errno 111] Connection refused""))"
2026-09-18T15:09:07.459306,call_4,POST,http://localhost/api/v1/mock/mock-swagger/api/v3/user/createWithList,0,18.47,"HTTPConnectionPool(host='localhost', port=80): Max retries exceeded with url: /api/v1/mock/mock-swagger/api/v3/user/createWithList (Caused by NewConnectionError(""HTTPConnection(host='localhost', port=80): Failed to establish a new connection: [Errno 111] Connection refused""))"
2026-09-18T15:09:07.459885,call_2,PUT,http://localhost/api/v1/mock/mock-swagger/api/v3/pet,0,15.43,"HTTPConnectionPool(host='localhost', port=80): Max retries exceeded with url: /api/v1/mock/mock-swagger/api/v3/pet (Caused by NewConnectionError(""HTTPConnection(host='localhost', port=80): Failed to establish a new connection: [Errno 111] Connection refused""))"
2026-09-18T15:09:07.461022,call_4,POST,http://localhost/api/v1/mock/mock-swagger/api/v3/user/createWithList,0,19.03,"HTTPConnectionPool(host='localhost', port=80): Max retries exceeded with url: /api/v1/mock/mock-swagger/api/v3/user/createWithList (Caused by NewConnectionError(""HTTPConnection(host='localhost', port=80): Failed to establish a new connection: [Errno 111] Connection refused""))"
2026-09-18T15:09:07.462375,call_1,POST,http://localhost/api/v1/mock/mock-swagger/api/v3/pet,0,14.39,"HTTPConnectionPool(host='localhost', port=80): Max retries exceeded with url: /api/v1/mock/mock-swagger/api/v3/pet (Caused by NewConnectionError(""HTTPConnection(host='localhost', port=80): Failed to establish a new connection: [Errno 111] Connection refused""))"
2026-09-18T15:09:07.462936,call_2,PUT,http://localhost/api/v1/mock/mock-swagger/api/v3/pet,0,8.24,"HTTPConnectionPool(host='localhost', port=80): Max retries exceeded with url: /api/v1/mock/mock-swagger/api/v3/pet (Caused by NewConnectionError(""HTTPConnection(host='localhost', port=80): Failed to establish a new connection: [Errno 111] Connection refused""))"
2026-09-18T15:09:07.486565,call_4,POST,http://localhost/api/v1/mock/mock-swagger/api/v3/user/createWithList,0,3.17,"HTTPConnectionPool(host='localhost', port=80): Max retries exceeded with url: /api/v1/mock/mock-swagger/api/v3/user/createWithList (Caused by NewConnectionError(""HTTPConnection(host='localhost', port=80): Failed to establish a new connection: [Errno 111] Connection refused""))"
2026-09-18T15:09:07.539258,call_1,POST,http://localhost/api/v1/mock/mock-swagger/api/v3/pet,0,1.97,"HTTPConnectionPool(host='localhost', port=80): Max retries exceeded with url: /api/v1/mock/mock-swagger/api/v3/pet (Caused by NewConnectionError(""HTTPConnection(host='localhost', port=80): Failed to establish a new connection: [Errno 111] Connection refused""))"
2026-09-18T15:09:07.575679,call_2,PUT,http://localhost/api/v1/mock/mock-swagger/api/v3/pet,0,19.2,"HTTPConnectionPool(host='localhost', port=80): Max retries exceeded with url: /api/v1/mock/mock-swagger/api/v3/pet (Caused by NewConnectionError(""HTTPConnection(host='localhost', port=80): Failed to establish a new connection: [Errno 111] Connection refused""))"
2026-09-18T15:09:07.578856,call_5,DELETE,http://localhost/api/v1/mock/mock-swagger/api/v3/user/{username},0,15.13,"HTTPConnectionPool(host='localhost', port=80): Max retries exceeded with url: /api/v1/mock/mock-swagger/api/v3/user/%7Busername%7D (Caused by NewConnectionError(""HTTPConnection(host='localhost', port=80): Failed to establish a new connection: [Errno 111] Connection refused""))"
2026-09-18T15:09:07.579328,call_3,GET,http://localhost/api/v1/mock/mock-swagger/api/v3/store/inventory,0,8.87,"HTTPConnectionPool(host='localhost', port=80): Max retries exceeded with url: /api/v1/mock/mock-swagger/api/v3/store/inventory (Caused by NewConnectionError(""HTTPConnection(host='localhost', port=80): Failed to establish a new connection: [Errno 111] Connection refused""))"
2026-09-18T15:09:07.580167,call_2,PUT,http://localhost/api/v1/mock/mock-swagger/api/v3/pet,0,20.14,"HTTPConnectionPool(host='localhost', port=80): Max retries exceeded with url: /api/v1/mock/mock-swagger/api/v3/pet (Caused by NewConnectionError(""HTTPConnection(host='localhost', port=80): Failed to establish a new connection: [Errno 111] Connection refused""))"
2026-09-18T15:09:07.580881,call_3,GET,http://localhost/api/v1/mock/mock-swagger/api/v3/store/inventory,0,15.62,"HTTPConnectionPool(host='localhost', port=80): Max retries exceeded with url: /api/v1/mock/mock-swagger/api/v3/store/inventory (Caused by NewConnectionError(""HTTPConnection(host='localhost', port=80): Failed to establish a new connection: [Errno 111] Connection refused""))"
2026-09-18T15:09:07.581272,call_2,PUT,http://localhost/api/v1/mock/mock-swagger/api/v3/pet,0,9.41,"HTTPConnectionPool(host='localhost', port=80): Max retries exceeded with url: /api/v1/mock/mock-swagger/api/v3/pet (Caused by NewConnectionError(""HTTPConnection(host='localhost', port=80): Failed to establish a new connection: [Errno 111] Connection refused""))"
2026-09-18T15:09:07.581678,call_5,DELETE,http://localhost/api/v1/mock/mock-swagger/api/v3/user/{username},0,8.02,"HTTPConnectionPool(host='localhost', port=80): Max retries exceeded with url: /api/v1/mock/mock-swagger/api/v3/user/%7Busername%7D (Caused by NewConnectionError(""HTTPConnection(host='localhost', port=80): Failed to establish a new connection: [Errno 111] Connection refused""))"
2026-09-18T15:09:07.589658,call_5,DELETE,http://localhost/api/v1/mock/mock-swagger/api/v3/user/{username},0,2.91,"HTTPConnectionPool(host='localhost', port=80): Max retries exceeded with url: /api/v1/mock/mock-swagger/api/v3/user/%7Busername%7D (Caused by NewConnectionError(""HTTPConnection(host='localhost', port=80): Failed to establish a new connection: [Errno 111] Connection refused""))"
2026-09-18T15:09:07.641437,call_2,PUT,http://localhost/api/v1/mock/mock-swagger/api/v3/pet,0,2.01,"HTTPConnectionPool(host='localhost', port=80): Max retries exceeded with url: /api/v1/mock/mock-swagger/api/v3/pet (Caused by NewConnectionError(""HTTPConnection(host='localhost', port=80): Failed to establish a new connection: [Errno 111] Connection refused""))"
2026-09-18T15:09:07.695076,call_3,GET,http://localhost/api/v1/mock/mock-swagger/api/v3/store/inventory,0,19.2,"HTTPConnectionPool(host='localhost', port=80): Max retries exceeded with url: /api/v1/mock/mock-swagger/api/v3/store/inventory (Caused by NewConnectionError(""HTTPConnection(host='localhost', port=80): Failed to establish a new connection: [Errno 111] Connection refused""))"
2026-09-18T15:09:07.697717,call_1,POST,http://localhost/api/v1/mock/mock-swagger/api/v3/pet,0,7.82,"HTTPConnectionPool(host='localhost', port=80): Max retries exceeded with url: /api/v1/mock/mock-swagger/api/v3/pet (Caused by NewConnectionError(""HTTPConnection(host='localhost', port=80): Failed to establish a new connection: [Errno 111] Connection refused""))"
2026-09-18T15:09:07.698129,call_3,GET,http://localhost/api/v1/mock/mock-swagger/api/v3/store/inventory,0,9.74,"HTTPConnectionPool(host='localhost', port=80): Max retries exceeded with url: /api/v1/mock/mock-swagger/api/v3/store/inventory (Caused by NewConnectionError(""HTTPConnection(host='localhost', port=80): Failed to establish a new connection: [Errno 111] Connection refused""))"
2026-09-18T15:09:07.699564,call_1,POST,http://localhost/api/v1/mock/mock-swagger/api/v3/pet,0,17.17,"HTTPConnectionPool(host='localhost', port=80): Max retries exceeded with url: /api/v1/mock/mock-swagger/api/v3/pet (Caused by NewConnectionError(""HTTPConnection(host='localhost', port=80): Failed to establish a new connection: [Errno 111] Connection refused""))"
2026-09-18T15:09:07.700830,call_4,POST,http://localhost/api/v1/mock/mock-swagger/api/v3/user/createWithList,0,15.09,"HTTPConnectionPool(host='localhost', port=80): Max retries exceeded with url: /api/v1/mock/mock-swagger/api/v3/user/createWithList (Caused by NewConnectionError(""HTTPConnection(host='localhost', port=80): Failed to establish a new connection: [Errno 111] Connection refused""))"
2026-09-18T15:09:07.701943,call_1,POST,http://localhost/api/v1/mock/mock-swagger/api/v3/pet,0,15.04,"HTTPConnectionPool(host='localhost', port=80): Max retries exceeded with url: /api/v1/mock/mock-swagger/api/v3/pet (Caused by NewConnectionError(""HTTPConnection(host='localhost', port=80): Failed to establish a new connection: [Errno 111] Connection refused""))"
2026-09-18T15:09:07.703368,call_3,GET,http://localhost/api/v1/mock/mock-swagger/api/v3/store/inventory,0,12.13,"HTTPConnectionPool(host='localhost', port=80): Max retries exceeded with url: /api/v1/mock/mock-swagger/api/v3/store/inventory (Caused by NewConnectionError(""HTTPConnection(host='localhost', port=80): Failed to establish a new connection: [Errno 111] Connection refused""))"
2026-09-18T15:09:07.703841,call_4,POST,http://localhost/api/v1/mock/mock-swagger/api/v3/user/createWithList,0,24.35,"HTTPConnectionPool(host='localhost', port=80): Max retries exceeded with url: /api/v1/mock/mock-swagger/api/v3/user/createWithList (Caused by NewConnectionError(""HTTPConnection(host='localhost', port=80): Failed to establish a new connection: [Errno 111] Connection refused""))"
2026-09-18T15:09:07.743530,call_3,GET,http://localhost/api/v1/mock/mock-swagger/api/v3/store/inventory,0,1.88,"HTTPConnectionPool(host='localhost', port=80): Max retries exceeded with url: /api/v1/mock/mock-swagger/api/v3/store/inventory (Caused by NewConnectionError(""HTTPConnection(host='localhost', port=80): Failed to establish a new connection: [Errno 111] Connection refused""))"
2026-09-18T15:09:07.797269,call_4,POST,http://localhost/api/v1/mock/mock-swagger/api/v3/user/createWithList,0,1.99,"HTTPConnectionPool(host='localhost', port=80): Max retries exceeded with url: /api/v1/mock/mock-swagger/api/v3/user/createWithList (Caused by NewConnectionError(""HTTPConnection(host='localhost', port=80): Failed to establish a new connection: [Errno 111] Connection refused""))"
2026-09-18T15:09:07.816619,call_2,PUT,http://localhost/api/v1/mock/mock-swagger/api/v3/pet,0,16.22,"HTTPConnectionPool(host='localhost', port=80): Max retries exceeded with url: /api/v1/mock/mock-swagger/api/v3/pet (Caused by NewConnectionError(""HTTPConnection(host='localhost', port=80): Failed to establish a new connection: [Errno 111] Connection refused""))"
2026-09-18T15:09:07.817527,call_4,POST,http://localhost/api/v1/mock/mock-swagger/api/v3/user/createWithList,0,18.82,"HTTPConnectionPool(host='localhost', port=80): Max retries exceeded with url: /api/v1/mock/mock-swagger/api/v3/user/createWithList (Caused by NewConnectionError(""HTTPConnection(host='localhost', port=80): Failed to establish a new connection: [Errno 111] Connection refused""))"
2026-09-18T15:09:07.820673,call_2,PUT,http://localhost/api/v1/mock/mock-swagger/api/v3/pet,0,17.95,"HTTPConnectionPool(host='localhost', port=80): Max retries exceeded with url: /api/v1/mock/mock-swagger/api/v3/pet (Caused by NewConnectionError(""HTTPConnection(host='localhost', port=80): Failed to establish a new connection: [Errno 111] Connection refused""))"
2026-09-18T15:09:07.821370,call_5,DELETE,http://localhost/api/v1/mock/mock-swagger/api/v3/user/{username},0,16.24,"HTTPConnectionPool(host='localhost', port=80): Max retries exceeded with url: /api/v1/mock/mock-swagger/api/v3/user/%7Busername%7D (Caused by NewConnectionError(""HTTPConnection(host='localhost', port=80): Failed to establish a new connection: [Errno 111] Connection refused""))"
2026-09-18T15:09:07.822192,call_2,PUT,http://localhost/api/v1/mock/mock-swagger/api/v3/pet,0,6.9,"HTTPConnectionPool(host='localhost', port=80): Max retries exceeded with url: /api/v1/mock/mock-swagger/api/v3/pet (Caused by NewConnectionError(""HTTPConnection(host='localhost', port=80): Failed to establish a new connection: [Errno 111] Connection refused""))"
2026-09-18T15:09:07.823821,call_4,POST,http://localhost/api/v1/mock/mock-swagger/api/v3/user/createWithList,0,15.25,"HTTPConnectionPool(host='localhost', port=80): Max retries exceeded with url: /api/v1/mock/mock-swagger/api/v3/user/createWithList (Caused by NewConnectionError(""HTTPConnection(host='localhost', port=80): Failed to establish a new connection: [Errno 111] Connection refused""))"
2026-09-18T15:09:07.824576,call_5,DELETE,http://localhost/api/v1/mock/mock-swagger/api/v3/user/{username},0,12.36,"HTTPConnectionPool(host='localhost', port=80): Max retries exceeded with url: /api/v1/mock/mock-swagger/api/v3/user/%7Busername%7D (Caused by NewConnectionError(""HTTPConnection(host='localhost', port=80): Failed to establish a new connection: [Errno 111] Connection refused""))"
2026-09-18T15:09:07.835503,call_1,POST,http://localhost/api/v1/mock/mock-swagger/api/v3/pet,0,1.08,"HTTPConnectionPool(host='localhost', port=80): Max retries exceeded with url: /api/v1/mock/mock-swagger/api/v3/pet (Caused by NewConnectionError(""HTTPConnection(host='localhost', port=80): Failed to establish a new connection: [Errno 111] Connection refused""))"
2026-09-18T15:09:07.845403,call_4,POST,http://localhost/api/v1/mock/mock-swagger/api/v3/user/createWithList,0,1.68,"HTTPConnectionPool(host='localhost', port=80): Max retries exceeded with url: /api/v1/mock/mock-swagger/api/v3/user/createWithList (Caused by NewConnectionError(""HTTPConnection(host='localhost', port=80): Failed to establish a new connection: [Errno 111] Connection refused""))"
2026-09-18T15:09:07.900040,call_5,DELETE,http://localhost/api/v1/mock/mock-swagger/api/v3/user/{username},0,2.57,"HTTPConnectionPool(host='localhost', port=80): Max retries exceeded with url: /api/v1/mock/mock-swagger/api/v3/user/%7Busername%7D (Caused by NewConnectionError(""HTTPConnection(host='localhost', port=80): Failed to establish a new connection: [Errno 111] Connection refused""))"
2026-09-18T15:09:07.938483,call_1,POST,http://localhost/api/v1/mock/mock-swagger/api/v3/pet,0,8.62,"HTTPConnectionPool(host='localhost', port=80): Max retries exceeded with url: /api/v1/mock/mock-swagger/api/v3/pet (Caused by NewConnectionError(""HTTPConnection(host='localhost', port=80): Failed to establish a new connection: [Errno 111] Connection refused""))"
2026-09-18T15:09:07.938856,call_3,GET,http://localhost/api/v1/mock/mock-swagger/api/v3/store/inventory,0,13.21,"HTTPConnectionPool(host='localhost', port=80): Max retries exceeded with url: /api/v1/mock/mock-swagger/api/v3/store/inventory (Caused by NewConnectionError(""HTTPConnection(host='localhost', port=80): Failed to establish a new connection: [Errno 111] Connection refused""))"
2026-09-18T15:09:07.940380,call_3,GET,http://localhost/api/v1/mock/mock-swagger/api/v3/store/inventory,0,6.26,"HTTPConnectionPool(host='localhost', port=80): Max retries exceeded with url: /api/v1/mock/mock-swagger/api/v3/store/inventory (Caused by NewConnectionError(""HTTPConnection(host='localhost', port=80): Failed to establish a new connection: [Errno 111] Connection refused""))"
2026-09-18T15:09:07.942061,call_5,DELETE,http://localhost/api/v1/mock/mock-swagger/api/v3/user/{username},0,24.19,"HTTPConnectionPool(host='localhost', port=80): Max retries exceeded with url: /api/v1/mock/mock-swagger/api/v3/user/%7Busername%7D (Caused by NewConnectionError(""HTTPConnection(host='localhost', port=80): Failed to establish a new connection: [Errno 111] Connection refused""))"
2026-09-18T15:09:07.942679,call_2,PUT,http://localhost/api/v1/mock/mock-swagger/api/v3/pet,0,6.7,"HTTPConnectionPool(host='localhost', port=80): Max retries exceeded with url: /api/v1/mock/mock-swagger/api/v3/pet (Caused by NewConnectionError(""HTTPConnection(host='localhost', port=80): Failed to establish a new connection: [Errno 111] Connection refused""))"
2026-09-18T15:09:07.943975,call_5,DELETE,http://localhost/api/v1/mock/mock-swagger/api/v3/user/{username},0,11.64,"HTTPConnectionPool(host='localhost', port=80): Max retries exceeded with url: /api/v1/mock/mock-swagger/api/v3/user/%7Busername%7D (Caused by NewConnectionError(""HTTPConnection(host='localhost', port=80): Failed to establish a new connection: [Errno 111] Connection refused""))"
2026-09-18T15:09:07.944807,call_3,GET,http://localhost/api/v1/mock/mock-swagger/api/v3/store/inventory,0,28.01,"HTTPConnectionPool(host='localhost', port=80): Max retries exceeded with url: /api/v1/mock/mock-swagger/api/v3/store/inventory (Caused by NewConnectionError(""HTTPConnection(host='localhost', port=80): Failed to establish a new connection: [Errno 111] Connection refused""))"
2026-09-18T15:09:07.945026,call_1,POST,http://localhost/api/v1/mock/mock-swagger/api/v3/pet,0,13.83,"HTTPConnectionPool(host='localhost', port=80): Max retries exceeded with url: /api/v1/mock/mock-swagger/api/v3/pet (Caused by NewConnectionError(""HTTPConnection(host='localhost', port=80): Failed to establish a new connection: [Errno 111] Connection refused""))"
2026-09-18T15:09:07.947239,call_5,DELETE,http://localhost/api/v1/mock/mock-swagger/api/v3/user/{username},0,1.66,"HTTPConnectionPool(host='localhost', port=80): Max retries exceeded with url: /api/v1/mock/mock-swagger/api/v3/user/%7Busername%7D (Caused by NewConnectionError(""HTTPConnection(host='localhost', port=80): Failed to establish a new connection: [Errno 111] Connection refused""))"
2026-09-18T15:09:08.002422,call_1,POST,http://localhost/api/v1/mock/mock-swagger/api/v3/pet,0,2.17,"HTTPConnectionPool(host='localhost', port=80): Max retries exceeded with url: /api/v1/mock/mock-swagger/api/v3/pet (Caused by NewConnectionError(""HTTPConnection(host='localhost', port=80): Failed to establish a new connection: [Errno 111] Connection refused""))"
2026-09-18T15:09:08.059609,call_2,PUT,http://localhost/api/v1/mock/mock-swagger/api/v3/pet,0,20.94,"HTTPConnectionPool(host='localhost', port=80): Max retries exceeded with url: /api/v1/mock/mock-swagger/api/v3/pet (Caused by NewConnectionError(""HTTPConnection(host='localhost', port=80): Failed to establish a new connection: [Errno 111] Connection refused""))"
2026-09-18T15:09:08.062786,call_4,POST,http://localhost/api/v1/mock/mock-swagger/api/v3/user/createWithList,0,22.96,"HTTPConnectionPool(host='localhost', port=80): Max retries exceeded with url: /api/v1/mock/mock-swagger/api/v3/user/createWithList (Caused by NewConnectionError(""HTTPConnection(host='localhost', port=80): Failed to establish a new connection: [Errno 111] Connection refused""))"
2026-09-18T15:09:08.064133,call_1,POST,http://localhost/api/v1/mock/mock-swagger/api/v3/pet,0,16.89,"HTTPConnectionPool(host='localhost', port=80): Max retries exceeded with url: /api/v1/mock/mock-swagger/api/v3/pet (Caused by NewConnectionError(""HTTPConnection(host='localhost', port=80): Failed to establish a new connection: [Errno 111] Connection refused""))"
2026-09-18T15:09:08.064456,call_4,POST,http://localhost/api/v1/mock/mock-swagger/api/v3/user/createWithList,0,13.51,"HTTPConnectionPool(host='localhost', port=80): Max retries exceeded with url: /api/v1/mock/mock-swagger/api/v3/user/createWithList (Caused by NewConnectionError(""HTTPConnection(host='localhost', port=80): Failed to establish a new connection: [Errno 111] Connection refused""))"
2026-09-18T15:09:08.065243,call_1,POST,http://localhost/api/v1/mock/mock-swagger/api/v3/pet,0,11.11,"HTTPConnectionPool(host='localhost', port=80): Max retries exceeded with url: /api/v1/mock/mock-swagger/api/v3/pet (Caused by NewConnectionError(""HTTPConnection(host='localhost', port=80): Failed to establish a new connection: [Errno 111] Connection refused""))"
2026-09-18T15:09:08.065645,call_2,PUT,http://localhost/api/v1/mock/mock-swagger/api/v3/pet,0,15.8,"HTTPConnectionPool(host='localhost', port=80): Max retries exceeded with url: /api/v1/mock/mock-swagger/api/v3/pet (Caused by NewConnectionError(""HTTPConnection(host='localhost', port=80): Failed to establish a new connection: [Errno 111] Connection refused""))"
2026-09-18T15:09:08.065977,call_4,POST,http://localhost/api/v1/mock/mock-swagger/api/v3/user/createWithList,0,17.43,"HTTPConnectionPool(host='localhost', port=80): Max retries exceeded with url: /api/v1/mock/mock-swagger/api/v3/user/createWithList (Caused by NewConnectionError(""HTTPConnection(host='localhost', port=80): Failed to establish a new connection: [Errno 111] Connection refused""))"
2026-09-18T15:09:08.066431,call_1,POST,http://localhost/api/v1/mock/mock-swagger/api/v3/pet,0,13.43,"HTTPConnectionPool(host='localhost', port=80): Max retries exceeded with url: /api/v1/mock/mock-swagger/api/v3/pet (Caused by NewConnectionError(""HTTPConnection(host='localhost', port=80): Failed to establish a new connection: [Errno 111] Connection refused""))"
2026-09-18T15:09:08.067094,call_3,GET,http://localhost/api/v1/mock/mock-swagger/api/v3/store/inventory,0,15.17,"HTTPConnectionPool(host='localhost', port=80): Max retries exceeded with url: /api/v1/mock/mock-swagger/api/v3/store/inventory (Caused by NewConnectionError(""HTTPConnection(host='localhost', port=80): Failed to establish a new connection: [Errno 111] Connection refused""))"
2026-09-18T15:09:08.111049,call_2,PUT,http://localhost/api/v1/mock/mock-swagger/api/v3/pet,0,8.43,"HTTPConnectionPool(host='localhost', port=80): Max retries exceeded with url: /api/v1/mock/mock-swagger/api/v3/pet (Caused by NewConnectionError(""HTTPConnection(host='localhost', port=80): Failed to establish a new connection: [Errno 111] Connection refused""))"
2026-09-18T15:09:08.174471,call_3,GET,http://localhost/api/v1/mock/mock-swagger/api/v3/store/inventory,0,14.68,"HTTPConnectionPool(host='localhost', port=80): Max retries exceeded with url: /api/v1/mock/mock-swagger/api/v3/store/inventory (Caused by NewConnectionError(""HTTPConnection(host='localhost', port=80): Failed to establish a new connection: [Errno 111] Connection refused""))"
2026-09-18T15:09:08.185016,call_5,DELETE,http://localhost/api/v1/mock/mock-swagger/api/v3/user/{username},0,21.04,"HTTPConnectionPool(host='localhost', port=80): Max retries exceeded with url: /api/v1/mock/mock-swagger/api/v3/user/%7Busername%7D (Caused by NewConnectionError(""HTTPConnection(host='localhost', port=80): Failed to establish a new connection: [Errno 111] Connection refused""))"
2026-09-18T15:09:08.186889,call_3,GET,http://localhost/api/v1/mock/mock-swagger/api/v3/store/inventory,0,7.32,"HTTPConnectionPool(host='localhost', port=80): Max retries exceeded with url: /api/v1/mock/mock-swagger/api/v3/store/inventory (Caused by NewConnectionError(""HTTPConnection(host='localhost', port=80): Failed to establish a new connection: [Errno 111] Connection refused""))"
2026-09-18T15:09:08.187442,call_2,PUT,http://localhost/api/v1/mock/mock-swagger/api/v3/pet,0,14.26,"HTTPConnectionPool(host='localhost', port=80): Max retries exceeded with url: /api/v1/mock/mock-swagger/api/v3/pet (Caused by NewConnectionError(""HTTPConnection(host='localhost', port=80): Failed to establish a new connection: [Errno 111] Connection refused""))"
2026-09-18T15:09:08.187854,call_2,PUT,http://localhost/api/v1/mock/mock-swagger/api/v3/pet,0,7.03,"HTTPConnectionPool(host='localhost', port=80): Max retries exceeded with url: /api/v1/mock/mock-swagger/api/v3/pet (Caused by NewConnectionError(""HTTPConnection(host='localhost', port=80): Failed to establish a new connection: [Errno 111] Connection refused""))"
2026-09-18T15:09:08.188083,call_2,PUT,http://localhost/api/v1/mock/mock-swagger/api/v3/pet,0,13.25,"HTTPConnectionPool(host='localhost', port=80): Max retries exceeded with url: /api/v1/mock/mock-swagger/api/v3/pet (Caused by NewConnectionError(""HTTPConnection(host='localhost', port=80): Failed to establish a new connection: [Errno 111] Connection refused""))"
2026-09-18T15:09:08.188320,call_5,DELETE,http://localhost/api/v1/mock/mock-swagger/api/v3/user/{username},0,18.5,"HTTPConnectionPool(host='localhost', port=80): Max retries exceeded with url: /api/v1/mock/mock-swagger/api/v3/user/%7Busername%7D (Caused by NewConnectionError(""HTTPConnection(host='localhost', port=80): Failed to establish a new connection: [Errno 111] Connection refused""))"
2026-09-18T15:09:08.189419,call_5,DELETE,http://localhost/api/v1/mock/mock-swagger/api/v3/user/{username},0,21.94,"HTTPConnectionPool(host='localhost', port=80): Max retries exceeded with url: /api/v1/mock/mock-swagger/api/v3/user/%7Busername%7D (Caused by NewConnectionError(""HTTPConnection(host='localhost', port=80): Failed to establish a new connection: [Errno 111] Connection refused""))"
2026-09-18T15:09:08.189842,call_4,POST,http://localhost/api/v1/mock/mock-swagger/api/v3/user/createWithList,0,11.92,"HTTPConnectionPool(host='localhost', port=80): Max retries exceeded with url: /api/v1/mock/mock-swagger/api/v3/user/createWithList (Caused by NewConnectionError(""HTTPConnection(host='localhost', port=80): Failed to establish a new connection: [Errno 111] Connection refused""))"
2026-09-18T15:09:08.213003,call_3,GET,http://localhost/api/v1/mock/mock-swagger/api/v3/store/inventory,0,1.75,"HTTPConnectionPool(host='localhost', port=80): Max retries exceeded with url: /api/v1/mock/mock-swagger/api/v3/store/inventory (Caused by NewConnectionError(""HTTPConnection(host='localhost', port=80): Failed to establish a new connection: [Errno 111] Connection refused""))"
2026-09-18T15:09:08.276800,call_4,POST,http://localhost/api/v1/mock/mock-swagger/api/v3/user/createWithList,0,1.68,"HTTPConnectionPool(host='localhost', port=80): Max retries exceeded with url: /api/v1/mock/mock-swagger/api/v3/user/createWithList (Caused by NewConnectionError(""HTTPConnection(host='localhost', port=80): Failed to establish a new connection: [Errno 111] Connection refused""))"
2026-09-18T15:09:08.305421,call_1,POST,http://localhost/api/v1/mock/mock-swagger/api/v3/pet,0,8.28,"HTTPConnectionPool(host='localhost', port=80): Max retries exceeded with url: /api/v1/mock/mock-swagger/api/v3/pet (Caused by NewConnectionError(""HTTPConnection(host='localhost', port=80): Failed to establish a new connection: [Errno 111] Connection refused""))"
2026-09-18T15:09:08.306519,call_4,POST,http://localhost/api/v1/mock/mock-swagger/api/v3/user/createWithList,0,8.11,"HTTPConnectionPool(host='localhost', port=80): Max retries exceeded with url: /api/v1/mock/mock-swagger/api/v3/user/createWithList (Caused by NewConnectionError(""HTTPConnection(host='localhost', port=80): Failed to establish a new connection: [Errno 111] Connection refused""))"
2026-09-18T15:09:08.307032,call_3,GET,http://localhost/api/v1/mock/mock-swagger/api/v3/store/inventory,0,15.17,"HTTPConnectionPool(host='localhost', port=80): Max retries exceeded with url: /api/v1/mock/mock-swagger/api/v3/store/inventory (Caused by NewConnectionError(""HTTPConnection(host='localhost', port=80): Failed to establish a new connection: [Errno 111] Connection refused""))"
2026-09-18T15:09:08.307343,call_1,POST,http://localhost/api/v1/mock/mock-swagger/api/v3/pet,0,7.53,"HTTPConnectionPool(host='localhost', port=80): Max retries exceeded with url: /api/v1/mock/mock-swagger/api/v3/pet (Caused by NewConnectionError(""HTTPConnection(host='localhost', port=80): Failed to establish a new connection: [Errno 111] Connection refused""))"
2026-09-18T15:09:08.307770,call_3,GET,http://localhost/api/v1/mock/mock-swagger/api/v3/store/inventory,0,14.85,"HTTPConnectionPool(host='localhost', port=80): Max retries exceeded with url: /api/v1/mock/mock-swagger/api/v3/store/inventory (Caused by NewConnectionError(""HTTPConnection(host='localhost', port=80): Failed to establish a new connection: [Errno 111] Connection refused""))"
2026-09-18T15:09:08.307904,call_1,POST,http://localhost/api/v1/mock/mock-swagger/api/v3/pet,0,11.95,"HTTPConnectionPool(host='localhost', port=80): Max retries exceeded with url: /api/v1/mock/mock-swagger/api/v3/pet (Caused by NewConnectionError(""HTTPConnection(host='localhost', port=80): Failed to establish a new connection: [Errno 111] Connection refused""))"
2026-09-18T15:09:08.308163,call_3,GET,http://localhost/api/v1/mock/mock-swagger/api/v3/store/inventory,0,17.5,"HTTPConnectionPool(host='localhost', port=80): Max retries exceeded with url: /api/v1/mock/mock-swagger/api/v3/store/inventory (Caused by NewConnectionError(""HTTPConnection(host='localhost', port=80): Failed to establish a new connection: [Errno 111] Connection refused""))"
2026-09-18T15:09:08.309434,call_5,DELETE,http://localhost/api/v1/mock/mock-swagger/api/v3/user/{username},0,7.8,"HTTPConnectionPool(host='localhost', port=80): Max retries exceeded with url: /api/v1/mock/mock-swagger/api/v3/user/%7Busername%7D (Caused by NewConnectionError(""HTTPConnection(host='localhost', port=80): Failed to establish a new connection: [Errno 111] Connection refused""))"
2026-09-18T15:09:08.314865,call_4,POST,http://localhost/api/v1/mock/mock-swagger/api/v3/user/createWithList,0,1.67,"HTTPConnectionPool(host='localhost', port=80): Max retries exceeded with url: /api/v1/mock/mock-swagger/api/v3/user/createWithList (Caused by NewConnectionError(""HTTPConnection(host='localhost', port=80): Failed to establish a new connection: [Errno 111] Connection refused""))"
2026-09-18T15:09:08.379057,call_5,DELETE,http://localhost/api/v1/mock/mock-swagger/api/v3/user/{username},0,2.08,"HTTPConnectionPool(host='localhost', port=80): Max retries exceeded with url: /api/v1/mock/mock-swagger/api/v3/user/%7Busername%7D (Caused by NewConnectionError(""HTTPConnection(host='localhost', port=80): Failed to establish a new connection: [Errno 111] Connection refused""))"
2026-09-18T15:09:08.425592,call_2,PUT,http://localhost/api/v1/mock/mock-swagger/api/v3/pet,0,12.49,"HTTPConnectionPool(host='localhost', port=80): Max retries exceeded with url: /api/v1/mock/mock-swagger/api/v3/pet (Caused by NewConnectionError(""HTTPConnection(host='localhost', port=80): Failed to establish a new connection: [Errno 111] Connection refused""))"
2026-09-18T15:09:08.425963,call_1,POST,http://localhost/api/v1/mock/mock-swagger/api/v3/pet,0,6.48,"HTTPConnectionPool(host='localhost', port=80): Max retries exceeded with url: /api/v1/mock/mock-swagger/api/v3/pet (Caused by NewConnectionError(""HTTPConnection(host='localhost', port=80): Failed to establish a new connection: [Errno 111] Connection refused""))"
2026-09-18T15:09:08.426783,call_2,PUT,http://localhost/api/v1/mock/mock-swagger/api/v3/pet,0,15.79,"HTTPConnectionPool(host='localhost', port=80): Max retries exceeded with url: /api/v1/mock/mock-swagger/api/v3/pet (Caused by NewConnectionError(""HTTPConnection(host='localhost', port=80): Failed to establish a new connection: [Errno 111] Connection refused""))"
2026-09-18T15:09:08.427124,call_2,PUT,http://localhost/api/v1/mock/mock-swagger/api/v3/pet,0,20.65,"HTTPConnectionPool(host='localhost', port=80): Max retries exceeded with url: /api/v1/mock/mock-swagger/api/v3/pet (Caused by NewConnectionError(""HTTPConnection(host='localhost', port=80): Failed to establish a new connection: [Errno 111] Connection refused""))"
2026-09-18T15:09:08.428261,call_5,DELETE,http://localhost/api/v1/mock/mock-swagger/api/v3/user/{username},0,19.49,"HTTPConnectionPool(host='localhost', port=80): Max retries exceeded with url: /api/v1/mock/mock-swagger/api/v3/user/%7Busername%7D (Caused by NewConnectionError(""HTTPConnection(host='localhost', port=80): Failed to establish a new connection: [Errno 111] Connection refused""))"
2026-09-18T15:09:08.428585,call_4,POST,http://localhost/api/v1/mock/mock-swagger/api/v3/user/createWithList,0,7.71,"HTTPConnectionPool(host='localhost', port=80): Max retries exceeded with url: /api/v1/mock/mock-swagger/api/v3/user/createWithList (Caused by NewConnectionError(""HTTPConnection(host='localhost', port=80): Failed to establish a new connection: [Errno 111] Connection refused""))"
2026-09-18T15:09:08.430092,call_4,POST,http://localhost/api/v1/mock/mock-swagger/api/v3/user/createWithList,0,20.21,"HTTPConnectionPool(host='localhost', port=80): Max retries exceeded with url: /api/v1/mock/mock-swagger/api/v3/user/createWithList (Caused by NewConnectionError(""HTTPConnection(host='localhost', port=80): Failed to establish a new connection: [Errno 111] Connection refused""))"
2026-09-18T15:09:08.430496,call_5,DELETE,http://localhost/api/v1/mock/mock-swagger/api/v3/user/{username},0,8.41,"HTTPConnectionPool(host='localhost', port=80): Max retries exceeded with url: /api/v1/mock/mock-swagger/api/v3/user/%7Busername%7D (Caused by NewConnectionError(""HTTPConnection(host='localhost', port=80): Failed to establish a new connection: [Errno 111] Connection refused""))"
2026-09-18T15:09:08.430735,call_4,POST,http://localhost/api/v1/mock/mock-swagger/api/v3/user/createWithList,0,15.16,"HTTPConnectionPool(host='localhost', port=80): Max retries exceeded with url: /api/v1/mock/mock-swagger/api/v3/user/createWithList (Caused by NewConnectionError(""HTTPConnection(host='localhost', port=80): Failed to establish a new connection: [Errno 111] Connection refused""))"
2026-09-18T15:09:08.480834,call_1,POST,http://localhost/api/v1/mock/mock-swagger/api/v3/pet,0,1.6,"HTTPConnectionPool(host='localhost', port=80): Max retries exceeded with url: /api/v1/mock/mock-swagger/api/v3/pet (Caused by NewConnectionError(""HTTPConnection(host='localhost', port=80): Failed to establish a new connection: [Errno 111] Connection refused""))"
2026-09-18T15:09:08.546395,call_3,GET,http://localhost/api/v1/mock/mock-swagger/api/v3/store/inventory,0,17.41,"HTTPConnectionPool(host='localhost', port=80): Max retries exceeded with url: /api/v1/mock/mock-swagger/api/v3/store/inventory (Caused by NewConnectionError(""HTTPConnection(host='localhost', port=80): Failed to establish a new connection: [Errno 111] Connection refused""))"
2026-09-18T15:09:08.547567,call_1,POST,http://localhost/api/v1/mock/mock-swagger/api/v3/pet,0,16.33,"HTTPConnectionPool(host='localhost', port=80): Max retries exceeded with url: /api/v1/mock/mock-swagger/api/v3/pet (Caused by NewConnectionError(""HTTPConnection(host='localhost', port=80): Failed to establish a new connection: [Errno 111] Connection refused""))"
2026-09-18T15:09:08.549887,call_1,POST,http://localhost/api/v1/mock/mock-swagger/api/v3/pet,0,14.31,"HTTPConnectionPool(host='localhost', port=80): Max retries exceeded with url: /api/v1/mock/mock-swagger/api/v3/pet (Caused by NewConnectionError(""HTTPConnection(host='localhost', port=80): Failed to establish a new connection: [Errno 111] Connection refused""))"
2026-09-18T15:09:08.550246,call_5,DELETE,http://localhost/api/v1/mock/mock-swagger/api/v3/user/{username},0,10.64,"HTTPConnectionPool(host='localhost', port=80): Max retries exceeded with url: /api/v1/mock/mock-swagger/api/v3/user/%7Busername%7D (Caused by NewConnectionError(""HTTPConnection(host='localhost', port=80): Failed to establish a new connection: [Errno 111] Connection refused""))"
2026-09-18T15:09:08.550509,call_3,GET,http://localhost/api/v1/mock/mock-swagger/api/v3/store/inventory,0,23.93,"HTTPConnectionPool(host='localhost', port=80): Max retries exceeded with url: /api/v1/mock/mock-swagger/api/v3/store/inventory (Caused by NewConnectionError(""HTTPConnection(host='localhost', port=80): Failed to establish a new connection: [Errno 111] Connection refused""))"
2026-09-18T15:09:08.550748,call_2,PUT,http://localhost/api/v1/mock/mock-swagger/api/v3/pet,0,23.11,"HTTPConnectionPool(host='localhost', port=80): Max retries exceeded with url: /api/v1/mock/mock-swagger/api/v3/pet (Caused by NewConnectionError(""HTTPConnection(host='localhost', port=80): Failed to establish a new connection: [Errno 111] Connection refused""))"
2026-09-18T15:09:08.551180,call_5,DELETE,http://localhost/api/v1/mock/mock-swagger/api/v3/user/{username},0,18.82,"HTTPConnectionPool(host='localhost', port=80): Max retries exceeded with url: /api/v1/mock/mock-swagger/api/v3/user/%7Busername%7D (Caused by NewConnectionError(""HTTPConnection(host='localhost', port=80): Failed to establish a new connection: [Errno 111] Connection refused""))"
2026-09-18T15:09:08.551413,call_3,GET,http://localhost/api/v1/mock/mock-swagger/api/v3/store/inventory,0,17.98,"HTTPConnectionPool(host='localhost', port=80): Max retries exceeded with url: /api/v1/mock/mock-swagger/api/v3/store/inventory (Caused by NewConnectionError(""HTTPConnection(host='localhost', port=80): Failed to establish a new connection: [Errno 111] Connection refused""))"
2026-09-18T15:09:08.551839,call_5,DELETE,http://localhost/api/v1/mock/mock-swagger/api/v3/user/{username},0,7.84,"HTTPConnectionPool(host='localhost', port=80): Max retries exceeded with url: /api/v1/mock/mock-swagger/api/v3/user/%7Busername%7D (Caused by NewConnectionError(""HTTPConnection(host='localhost', port=80): Failed to establish a new connection: [Errno 111] Connection refused""))"
2026-09-18T15:09:08.582868,call_2,PUT,http://localhost/api/v1/mock/mock-swagger/api/v3/pet,0,1.51,"HTTPConnectionPool(host='localhost', port=80): Max retries exceeded with url: /api/v1/mock/mock-swagger/api/v3/pet (Caused by NewConnectionError(""HTTPConnection(host='localhost', port=80): Failed to establish a new connection: [Errno 111] Connection refused""))"
2026-09-18T15:09:08.659905,call_4,POST,http://localhost/api/v1/mock/mock-swagger/api/v3/user/createWithList,0,13.34,"HTTPConnectionPool(host='localhost', port=80): Max retries exceeded with url: /api/v1/mock/mock-swagger/api/v3/user/createWithList (Caused by NewConnectionError(""HTTPConnection(host='localhost', port=80): Failed to establish a new connection: [Errno 111] Connection refused""))"
2026-09-18T15:09:08.660384,call_2,PUT,http://localhost/api/v1/mock/mock-swagger/api/v3/pet,0,10.37,"HTTPConnectionPool(host='localhost', port=80): Max retries exceeded with url: /api/v1/mock/mock-swagger/api/v3/pet (Caused by NewConnectionError(""HTTPConnection(host='localhost', port=80): Failed to establish a new connection: [Errno 111] Connection refused""))"
2026-09-18T15:09:08.669075,call_3,GET,http://localhost/api/v1/mock/mock-swagger/api/v3/store/inventory,0,10.8,"HTTPConnectionPool(host='localhost', port=80): Max retries exceeded with url: /api/v1/mock/mock-swagger/api/v3/store/inventory (Caused by NewConnectionError(""HTTPConnection(host='localhost', port=80): Failed to establish a new connection: [Errno 111] Connection refused""))"
2026-09-18T15:09:08.670264,call_1,POST,http://localhost/api/v1/mock/mock-swagger/api/v3/pet,0,9.76,"HTTPConnectionPool(host='localhost', port=80): Max retries exceeded with url: /api/v1/mock/mock-swagger/api/v3/pet (Caused by NewConnectionError(""HTTPConnection(host='localhost', port=80): Failed to establish a new connection: [Errno 111] Connection refused""))"
2026-09-18T15:09:08.670943,call_2,PUT,http://localhost/api/v1/mock/mock-swagger/api/v3/pet,0,23.2,"HTTPConnectionPool(host='localhost', port=80): Max retries exceeded with url: /api/v1/mock/mock-swagger/api/v3/pet (Caused by NewConnectionError(""HTTPConnection(host='localhost', port=80): Failed to establish a new connection: [Errno 111] Connection refused""))"
2026-09-18T15:09:08.671356,call_4,POST,http://localhost/api/v1/mock/mock-swagger/api/v3/user/createWithList,0,8.36,"HTTPConnectionPool(host='localhost', port=80): Max retries exceeded with url: /api/v1/mock/mock-swagger/api/v3/user/createWithList (Caused by NewConnectionError(""HTTPConnection(host='localhost', port=80): Failed to establish a new connection: [Errno 111] Connection refused""))"
2026-09-18T15:09:08.672488,call_4,POST,http://localhost/api/v1/mock/mock-swagger/api/v3/user/createWithList,0,17.06,"HTTPConnectionPool(host='localhost', port=80): Max retries exceeded with url: /api/v1/mock/mock-swagger/api/v3/user/createWithList (Caused by NewConnectionError(""HTTPConnection(host='localhost', port=80): Failed to establish a new connection: [Errno 111] Connection refused""))"
2026-09-18T15:09:08.672746,call_1,POST,http://localhost/api/v1/mock/mock-swagger/api/v3/pet,0,10.84,"HTTPConnectionPool(host='localhost', port=80): Max retries exceeded with url: /api/v1/mock/mock-swagger/api/v3/pet (Caused by NewConnectionError(""HTTPConnection(host='localhost', port=80): Failed to establish a new connection: [Errno 111] Connection refused""))"
2026-09-18T15:09:08.673721,call_1,POST,http://localhost/api/v1/mock/mock-swagger/api/v3/pet,0,9.47,"HTTPConnectionPool(host='localhost', port=80): Max retries exceeded with url: /api/v1/mock/mock-swagger/api/v3/pet (Caused by NewConnectionError(""HTTPConnection(host='localhost', port=80): Failed to establish a new connection: [Errno 111] Connection refused""))"
2026-09-18T15:09:08.684642,call_3,GET,http://localhost/api/v1/mock/mock-swagger/api/v3/store/inventory,0,1.6,"HTTPConnectionPool(host='localhost', port=80): Max retries exceeded with url: /api/v1/mock/mock-swagger/api/v3/store/inventory (Caused by NewConnectionError(""HTTPConnection(host='localhost', port=80): Failed to establish a new connection: [Errno 111] Connection refused""))"
2026-09-18T15:09:08.762698,call_5,DELETE,http://localhost/api/v1/mock/mock-swagger/api/v3/user/{username},0,2.62,"HTTPConnectionPool(host='localhost', port=80): Max retries exceeded with url: /api/v1/mock/mock-swagger/api/v3/user/%7Busername%7D (Caused by NewConnectionError(""HTTPConnection(host='localhost', port=80): Failed to establish a new connection: [Errno 111] Connection refused""))"
2026-09-18T15:09:08.763122,call_3,GET,http://localhost/api/v1/mock/mock-swagger/api/v3/store/inventory,0,1.93,"HTTPConnectionPool(host='localhost', port=80): Max retries exceeded with url: /api/v1/mock/mock-swagger/api/v3/store/inventory (Caused by NewConnectionError(""HTTPConnection(host='localhost', port=80): Failed to establish a new connection: [Errno 111] Connection refused""))"
2026-09-18T15:09:08.786051,call_2,PUT,http://localhost/api/v1/mock/mock-swagger/api/v3/pet,0,13.9,"HTTPConnectionPool(host='localhost', port=80): Max retries exceeded with url: /api/v1/mock/mock-swagger/api/v3/pet (Caused by NewConnectionError(""HTTPConnection(host='localhost', port=80): Failed to establish a new connection: [Errno 111] Connection refused""))"
2026-09-18T15:09:08.788202,call_5,DELETE,http://localhost/api/v1/mock/mock-swagger/api/v3/user/{username},0,13.53,"HTTPConnectionPool(host='localhost', port=80): Max retries exceeded with url: /api/v1/mock/mock-swagger/api/v3/user/%7Busername%7D (Caused by NewConnectionError(""HTTPConnection(host='localhost', port=80): Failed to establish a new connection: [Errno 111] Connection refused""))"
2026-09-18T15:09:08.789545,call_4,POST,http://localhost/api/v1/mock/mock-swagger/api/v3/user/createWithList,0,19.78,"HTTPConnectionPool(host='localhost', port=80): Max retries exceeded with url: /api/v1/mock/mock-swagger/api/v3/user/createWithList (Caused by NewConnectionError(""HTTPConnection(host='localhost', port=80): Failed to establish a new connection: [Errno 111] Connection refused""))"
2026-09-18T15:09:08.789995,call_2,PUT,http://localhost/api/v1/mock/mock-swagger/api/v3/pet,0,7.71,"HTTPConnectionPool(host='localhost', port=80): Max retries exceeded with url: /api/v1/mock/mock-swagger/api/v3/pet (Caused by NewConnectionError(""HTTPConnection(host='localhost', port=80): Failed to establish a new connection: [Errno 111] Connection refused""))"
2026-09-18T15:09:08.791708,call_5,DELETE,http://localhost/api/v1/mock/mock-swagger/api/v3/user/{username},0,11.7,"HTTPConnectionPool(host='localhost', port=80): Max retries exceeded with url: /api/v1/mock/mock-swagger/api/v3/user/%7Busername%7D (Caused by NewConnectionError(""HTTPConnection(host='localhost', port=80): Failed to establish a new connection: [Errno 111] Connection refused""))"
2026-09-18T15:09:08.792385,call_3,GET,http://localhost/api/v1/mock/mock-swagger/api/v3/store/inventory,0,11.23,"HTTPConnectionPool(host='localhost', port=80): Max retries exceeded with url: /api/v1/mock/mock-swagger/api/v3/store/inventory (Caused by NewConnectionError(""HTTPConnection(host='localhost', port=80): Failed to establish a new connection: [Errno 111] Connection refused""))"
2026-09-18T15:09:08.792865,call_4,POST,http://localhost/api/v1/mock/mock-swagger/api/v3/user/createWithList,0,6.56,"HTTPConnectionPool(host='localhost', port=80): Max retries exceeded with url: /api/v1/mock/mock-swagger/api/v3/user/createWithList (Caused by NewConnectionError(""HTTPConnection(host='localhost', port=80): Failed to establish a new connection: [Errno 111] Connection refused""))"
2026-09-18T15:09:08.793314,call_2,PUT,http://localhost/api/v1/mock/mock-swagger/api/v3/pet,0,9.84,"HTTPConnectionPool(host='localhost', port=80): Max retries exceeded with url: /api/v1/mock/mock-swagger/api/v3/pet (Caused by NewConnectionError(""HTTPConnection(host='localhost', port=80): Failed to establish a new connection: [Errno 111] Connection refused""))"
2026-09-18T15:09:08.865637,call_1,POST,http://localhost/api/v1/mock/mock-swagger/api/v3/pet,0,2.77,"HTTPConnectionPool(host='localhost', port=80): Max retries exceeded with url: /api/v1/mock/mock-swagger/api/v3/pet (Caused by NewConnectionError(""HTTPConnection(host='localhost', port=80): Failed to establish a new connection: [Errno 111] Connection refused""))"
2026-09-18T15:09:08.865955,call_4,POST,http://localhost/api/v1/mock/mock-swagger/api/v3/user/createWithList,0,1.98,"HTTPConnectionPool(host='localhost', port=80): Max retries exceeded with url: /api/v1/mock/mock-swagger/api/v3/user/createWithList (Caused by NewConnectionError(""HTTPConnection(host='localhost', port=80): Failed to establish a new connection: [Errno 111] Connection refused""))"
2026-09-18T15:09:08.887832,call_3,GET,http://localhost/api/v1/mock/mock-swagger/api/v3/store/inventory,0,1.6,"HTTPConnectionPool(host='localhost', port=80): Max retries exceeded with url: /api/v1/mock/mock-swagger/api/v3/store/inventory (Caused by NewConnectionError(""HTTPConnection(host='localhost', port=80): Failed to establish a new connection: [Errno 111] Connection refused""))"
2026-09-18T15:09:08.907916,call_5,DELETE,http://localhost/api/v1/mock/mock-swagger/api/v3/user/{username},0,16.13,"HTTPConnectionPool(host='localhost', port=80): Max retries exceeded with url: /api/v1/mock/mock-swagger/api/v3/user/%7Busername%7D (Caused by NewConnectionError(""HTTPConnection(host='localhost', port=80): Failed to establish a new connection: [Errno 111] Connection refused""))"
2026-09-18T15:09:08.909091,call_1,POST,http://localhost/api/v1/mock/mock-swagger/api/v3/pet,0,20.71,"HTTPConnectionPool(host='localhost', port=80): Max retries exceeded with url: /api/v1/mock/mock-swagger/api/v3/pet (Caused by NewConnectionError(""HTTPConnection(host='localhost', port=80): Failed to establish a new connection: [Errno 111] Connection refused""))"
2026-09-18T15:09:08.909512,call_3,GET,http://localhost/api/v1/mock/mock-swagger/api/v3/store/inventory,0,16.53,"HTTPConnectionPool(host='localhost', port=80): Max retries exceeded with url: /api/v1/mock/mock-swagger/api/v3/store/inventory (Caused by NewConnectionError(""HTTPConnection(host='localhost', port=80): Failed to establish a new connection: [Errno 111] Connection refused""))"
2026-09-18T15:09:08.910941,call_3,GET,http://localhost/api/v1/mock/mock-swagger/api/v3/store/inventory,0,14.45,"HTTPConnectionPool(host='localhost', port=80): Max retries exceeded with url: /api/v1/mock/mock-swagger/api/v3/store/inventory (Caused by NewConnectionError(""HTTPConnection(host='localhost', port=80): Failed to establish a new connection: [Errno 111] Connection refused""))"
2026-09-18T15:09:08.911214,call_5,DELETE,http://localhost/api/v1/mock/mock-swagger/api/v3/user/{username},0,11.16,"HTTPConnectionPool(host='localhost', port=80): Max retries exceeded with url: /api/v1/mock/mock-swagger/api/v3/user/%7Busername%7D (Caused by NewConnectionError(""HTTPConnection(host='localhost', port=80): Failed to establish a new connection: [Errno 111] Connection refused""))"
2026-09-18T15:09:08.912238,call_4,POST,http://localhost/api/v1/mock/mock-swagger/api/v3/user/createWithList,0,9.69,"HTTPConnectionPool(host='localhost', port=80): Max retries exceeded with url: /api/v1/mock/mock-swagger/api/v3/user/createWithList (Caused by NewConnectionError(""HTTPConnection(host='localhost', port=80): Failed to establish a new connection: [Errno 111] Connection refused""))"
2026-09-18T15:09:08.912936,call_1,POST,http://localhost/api/v1/mock/mock-swagger/api/v3/pet,0,14.14,"HTTPConnectionPool(host='localhost', port=80): Max retries exceeded with url: /api/v1/mock/mock-swagger/api/v3/pet (Caused by NewConnectionError(""HTTPConnection(host='localhost', port=80): Failed to establish a new connection: [Errno 111] Connection refused""))"
2026-09-18T15:09:08.968900,call_2,PUT,http://localhost/api/v1/mock/mock-swagger/api/v3/pet,0,3.09,"HTTPConnectionPool(host='localhost', port=80): Max retries exceeded with url: /api/v1/mock/mock-swagger/api/v3/pet (Caused by NewConnectionError(""HTTPConnection(host='localhost', port=80): Failed to establish a new connection: [Errno 111] Connection refused""))"
2026-09-18T15:09:08.969300,call_5,DELETE,http://localhost/api/v1/mock/mock-swagger/api/v3/user/{username},0,2.31,"HTTPConnectionPool(host='localhost', port=80): Max retries exceeded with url: /api/v1/mock/mock-swagger/api/v3/user/%7Busername%7D (Caused by NewConnectionError(""HTTPConnection(host='localhost', port=80): Failed to establish a new connection: [Errno 111] Connection refused""))"
2026-09-18T15:09:08.989666,call_4,POST,http://localhost/api/v1/mock/mock-swagger/api/v3/user/createWithList,0,1.66,"HTTPConnectionPool(host='localhost', port=80): Max retries exceeded with url: /api/v1/mock/mock-swagger/api/v3/user/createWithList (Caused by NewConnectionError(""HTTPConnection(host='localhost', port=80): Failed to establish a new connection: [Errno 111] Connection refused""))"
2026-09-18T15:09:09.028826,call_1,POST,http://localhost/api/v1/mock/mock-swagger/api/v3/pet,0,20.73,"HTTPConnectionPool(host='localhost', port=80): Max retries exceeded with url: /api/v1/mock/mock-swagger/api/v3/pet (Caused by NewConnectionError(""HTTPConnection(host='localhost', port=80): Failed to establish a new connection: [Errno 111] Connection refused""))"
2026-09-18T15:09:09.032682,call_2,PUT,http://localhost/api/v1/mock/mock-swagger/api/v3/pet,0,22.28,"HTTPConnectionPool(host='localhost', port=80): Max retries exceeded with url: /api/v1/mock/mock-swagger/api/v3/pet (Caused by NewConnectionError(""HTTPConnection(host='localhost', port=80): Failed to establish a new connection: [Errno 111] Connection refused""))"
2026-09-18T15:09:09.034409,call_5,DELETE,http://localhost/api/v1/mock/mock-swagger/api/v3/user/{username},0,19.73,"HTTPConnectionPool(host='localhost', port=80): Max retries exceeded with url: /api/v1/mock/mock-swagger/api/v3/user/%7Busername%7D (Caused by NewConnectionError(""HTTPConnection(host='localhost', port=80): Failed to establish a new connection: [Errno 111] Connection refused""))"
2026-09-18T15:09:09.035864,call_4,POST,http://localhost/api/v1/mock/mock-swagger/api/v3/user/createWithList,0,5.77,"HTTPConnectionPool(host='localhost', port=80): Max retries exceeded with url: /api/v1/mock/mock-swagger/api/v3/user/createWithList (Caused by NewConnectionError(""HTTPConnection(host='localhost', port=80): Failed to establish a new connection: [Errno 111] Connection refused""))"
2026-09-18T15:09:09.036881,call_1,POST,http://localhost/api/v1/mock/mock-swagger/api/v3/pet,0,14.76,"HTTPConnectionPool(host='localhost', port=80): Max retries exceeded with url: /api/v1/mock/mock-swagger/api/v3/pet (Caused by NewConnectionError(""HTTPConnection(host='localhost', port=80): Failed to establish a new connection: [Errno 111] Connection refused""))"
2026-09-18T15:09:09.037171,call_2,PUT,http://localhost/api/v1/mock/mock-swagger/api/v3/pet,0,20.23,"HTTPConnectionPool(host='localhost', port=80): Max retries exceeded with url: /api/v1/mock/mock-swagger/api/v3/pet (Caused by NewConnectionError(""HTTPConnection(host='localhost', port=80): Failed to establish a new connection: [Errno 111] Connection refused""))"
2026-09-18T15:09:09.037772,call_4,POST,http://localhost/api/v1/mock/mock-swagger/api/v3/user/createWithList,0,26.67,"HTTPConnectionPool(host='localhost', port=80): Max retries exceeded with url: /api/v1/mock/mock-swagger/api/v3/user/createWithList (Caused by NewConnectionError(""HTTPConnection(host='localhost', port=80): Failed to establish a new connection: [Errno 111] Connection refused""))"
2026-09-18T15:09:09.072907,call_3,GET,http://localhost/api/v1/mock/mock-swagger/api/v3/store/inventory,0,3.83,"HTTPConnectionPool(host='localhost', port=80): Max retries exceeded with url: /api/v1/mock/mock-swagger/api/v3/store/inventory (Caused by NewConnectionError(""HTTPConnection(host='localhost', port=80): Failed to establish a new connection: [Errno 111] Connection refused""))"
2026-09-18T15:09:09.073306,call_1,POST,http://localhost/api/v1/mock/mock-swagger/api/v3/pet,0,3.18,"HTTPConnectionPool(host='localhost', port=80): Max retries exceeded with url: /api/v1/mock/mock-swagger/api/v3/pet (Caused by NewConnectionError(""HTTPConnection(host='localhost', port=80): Failed to establish a new connection: [Errno 111] Connection refused""))"
2026-09-18T15:09:09.091443,call_5,DELETE,http://localhost/api/v1/mock/mock-swagger/api/v3/user/{username},0,1.61,"HTTPConnectionPool(host='localhost', port=80): Max retries exceeded with url: /api/v1/mock/mock-swagger/api/v3/user/%7Busername%7D (Caused by NewConnectionError(""HTTPConnection(host='localhost', port=80): Failed to establish a new connection: [Errno 111] Connection refused""))"
2026-09-18T15:09:09.131422,call_2,PUT,http://localhost/api/v1/mock/mock-swagger/api/v3/pet,0,2.42,"HTTPConnectionPool(host='localhost', port=80): Max retries exceeded with url: /api/v1/mock/mock-swagger/api/v3/pet (Caused by NewConnectionError(""HTTPConnection(host='localhost', port=80): Failed to establish a new connection: [Errno 111] Connection refused""))"
2026-09-18T15:09:09.144566,call_3,GET,http://localhost/api/v1/mock/mock-swagger/api/v3/store/inventory,0,11.75,"HTTPConnectionPool(host='localhost', port=80): Max retries exceeded with url: /api/v1/mock/mock-swagger/api/v3/store/inventory (Caused by NewConnectionError(""HTTPConnection(host='localhost', port=80): Failed to establish a new connection: [Errno 111] Connection refused""))"
2026-09-18T15:09:09.150002,call_3,GET,http://localhost/api/v1/mock/mock-swagger/api/v3/store/inventory,0,12.65,"HTTPConnectionPool(host='localhost', port=80): Max retries exceeded with url: /api/v1/mock/mock-swagger/api/v3/store/inventory (Caused by NewConnectionError(""HTTPConnection(host='localhost', port=80): Failed to establish a new connection: [Errno 111] Connection refused""))"
2026-09-18T15:09:09.150394,call_5,DELETE,http://localhost/api/v1/mock/mock-swagger/api/v3/user/{username},0,11.96,"HTTPConnectionPool(host='localhost', port=80): Max retries exceeded with url: /api/v1/mock/mock-swagger/api/v3/user/%7Busername%7D (Caused by NewConnectionError(""HTTPConnection(host='localhost', port=80): Failed to establish a new connection: [Errno 111] Connection refused""))"
2026-09-18T15:09:09.152208,call_5,DELETE,http://localhost/api/v1/mock/mock-swagger/api/v3/user/{username},0,9.39,"HTTPConnectionPool(host='localhost', port=80): Max retries exceeded with url: /api/v1/mock/mock-swagger/api/v3/user/%7Busername%7D (Caused by NewConnectionError(""HTTPConnection(host='localhost', port=80): Failed to establish a new connection: [Errno 111] Connection refused""))"
2026-09-18T15:09:09.153358,call_1,POST,http://localhost/api/v1/mock/mock-swagger/api/v3/pet,0,17.1,"HTTPConnectionPool(host='localhost', port=80): Max retries exceeded with url: /api/v1/mock/mock-swagger/api/v3/pet (Caused by NewConnectionError(""HTTPConnection(host='localhost', port=80): Failed to establish a new connection: [Errno 111] Connection refused""))"
2026-09-18T15:09:09.153790,call_2,PUT,http://localhost/api/v1/mock/mock-swagger/api/v3/pet,0,8.93,"HTTPConnectionPool(host='localhost', port=80): Max retries exceeded with url: /api/v1/mock/mock-swagger/api/v3/pet (Caused by NewConnectionError(""HTTPConnection(host='localhost', port=80): Failed to establish a new connection: [Errno 111] Connection refused""))"
2026-09-18T15:09:09.177177,call_4,POST,http://localhost/api/v1/mock/mock-swagger/api/v3/user/createWithList,0,4.13,"HTTPConnectionPool(host='localhost', port=80): Max retries exceeded with url: /api/v1/mock/mock-swagger/api/v3/user/createWithList (Caused by NewConnectionError(""HTTPConnection(host='localhost', port=80): Failed to establish a new connection: [Errno 111] Connection refused""))"
2026-09-18T15:09:09.177384,call_2,PUT,http://localhost/api/v1/mock/mock-swagger/api/v3/pet,0,3.19,"HTTPConnectionPool(host='localhost', port=80): Max retries exceeded with url: /api/v1/mock/mock-swagger/api/v3/pet (Caused by NewConnectionError(""HTTPConnection(host='localhost', port=80): Failed to establish a new connection: [Errno 111] Connection refused""))"
2026-09-18T15:09:09.193269,call_1,POST,http://localhost/api/v1/mock/mock-swagger/api/v3/pet,0,1.64,"HTTPConnectionPool(host='localhost', port=80): Max retries exceeded with url: /api/v1/mock/mock-swagger/api/v3/pet (Caused by NewConnectionError(""HTTPConnection(host='localhost', port=80): Failed to establish a new connection: [Errno 111] Connection refused""))"
2026-09-18T15:09:09.233324,call_3,GET,http://localhost/api/v1/mock/mock-swagger/api/v3/store/inventory,0,1.71,"HTTPConnectionPool(host='localhost', port=80): Max retries exceeded with url: /api/v1/mock/mock-swagger/api/v3/store/inventory (Caused by NewConnectionError(""HTTPConnection(host='localhost', port=80): Failed to establish a new connection: [Errno 111] Connection refused""))"
2026-09-18T15:09:09.246460,call_4,POST,http://localhost/api/v1/mock/mock-swagger/api/v3/user/createWithList,0,1.72,"HTTPConnectionPool(host='localhost', port=80): Max retries exceeded with url: /api/v1/mock/mock-swagger/api/v3/user/createWithList (Caused by NewConnectionError(""HTTPConnection(host='localhost', port=80): Failed to establish a new connection: [Errno 111] Connection refused""))"
2026-09-18T15:09:09.266907,call_4,POST,http://localhost/api/v1/mock/mock-swagger/api/v3/user/createWithList,0,16.72,"HTTPConnectionPool(host='localhost', port=80): Max retries exceeded with url: /api/v1/mock/mock-swagger/api/v3/user/createWithList (Caused by NewConnectionError(""HTTPConnection(host='localhost', port=80): Failed to establish a new connection: [Errno 111] Connection refused""))"
2026-09-18T15:09:09.267391,call_2,PUT,http://localhost/api/v1/mock/mock-swagger/api/v3/pet,0,10.39,"HTTPConnectionPool(host='localhost', port=80): Max retries exceeded with url: /api/v1/mock/mock-swagger/api/v3/pet (Caused by NewConnectionError(""HTTPConnection(host='localhost', port=80): Failed to establish a new connection: [Errno 111] Connection refused""))"
2026-09-18T15:09:09.268445,call_1,POST,http://localhost/api/v1/mock/mock-swagger/api/v3/pet,0,17.12,"HTTPConnectionPool(host='localhost', port=80): Max retries exceeded with url: /api/v1/mock/mock-swagger/api/v3/pet (Caused by NewConnectionError(""HTTPConnection(host='localhost', port=80): Failed to establish a new connection: [Errno 111] Connection refused""))"
2026-09-18T15:09:09.269195,call_1,POST,http://localhost/api/v1/mock/mock-swagger/api/v3/pet,0,16.8,"HTTPConnectionPool(host='localhost', port=80): Max retries exceeded with url: /api/v1/mock/mock-swagger/api/v3/pet (Caused by NewConnectionError(""HTTPConnection(host='localhost', port=80): Failed to establish a new connection: [Errno 111] Connection refused""))"
2026-09-18T15:09:09.270486,call_3,GET,http://localhost/api/v1/mock/mock-swagger/api/v3/store/inventory,0,8.02,"HTTPConnectionPool(host='localhost', port=80): Max retries exceeded with url: /api/v1/mock/mock-swagger/api/v3/store/inventory (Caused by NewConnectionError(""HTTPConnection(host='localhost', port=80): Failed to establish a new connection: [Errno 111] Connection refused""))"
2026-09-18T15:09:09.283663,call_5,DELETE,http://localhost/api/v1/mock/mock-swagger/api/v3/user/{username},0,5.54,"HTTPConnectionPool(host='localhost', port=80): Max retries exceeded with url: /api/v1/mock/mock-swagger/api/v3/user/%7Busername%7D (Caused by NewConnectionError(""HTTPConnection(host='localhost', port=80): Failed to establish a new connection: [Errno 111] Connection refused""))"
2026-09-18T15:09:09.289366,call_3,GET,http://localhost/api/v1/mock/mock-swagger/api/v3/store/inventory,0,9.48,"HTTPConnectionPool(host='localhost', port=80): Max retries exceeded with url: /api/v1/mock/mock-swagger/api/v3/store/inventory (Caused by NewConnectionError(""HTTPConnection(host='localhost', port=80): Failed to establish a new connection: [Errno 111] Connection refused""))"
2026-09-18T15:09:09.297126,call_2,PUT,http://localhost/api/v1/mock/mock-swagger/api/v3/pet,0,3.69,"HTTPConnectionPool(host='localhost', port=80): Max retries exceeded with url: /api/v1/mock/mock-swagger/api/v3/pet (Caused by NewConnectionError(""HTTPConnection(host='localhost', port=80): Failed to establish a new connection: [Errno 111] Connection refused""))"
2026-09-18T15:09:09.335919,call_4,POST,http://localhost/api/v1/mock/mock-swagger/api/v3/user/createWithList,0,2.42,"HTTPConnectionPool(host='localhost', port=80): Max retries exceeded with url: /api/v1/mock/mock-swagger/api/v3/user/createWithList (Caused by NewConnectionError(""HTTPConnection(host='localhost', port=80): Failed to establish a new connection: [Errno 111] Connection refused""))"
2026-09-18T15:09:09.348054,call_5,DELETE,http://localhost/api/v1/mock/mock-swagger/api/v3/user/{username},0,1.44,"HTTPConnectionPool(host='localhost', port=80): Max retries exceeded with url: /api/v1/mock/mock-swagger/api/v3/user/%7Busername%7D (Caused by NewConnectionError(""HTTPConnection(host='localhost', port=80): Failed to establish a new connection: [Errno 111] Connection refused""))"
2026-09-18T15:09:09.385520,call_4,POST,http://localhost/api/v1/mock/mock-swagger/api/v3/user/createWithList,0,5.13,"HTTPConnectionPool(host='localhost', port=80): Max retries exceeded with url: /api/v1/mock/mock-swagger/api/v3/user/createWithList (Caused by NewConnectionError(""HTTPConnection(host='localhost', port=80): Failed to establish a new connection: [Errno 111] Connection refused""))"
2026-09-18T15:09:09.385954,call_3,GET,http://localhost/api/v1/mock/mock-swagger/api/v3/store/inventory,0,17.75,"HTTPConnectionPool(host='localhost', port=80): Max retries exceeded with url: /api/v1/mock/mock-swagger/api/v3/store/inventory (Caused by NewConnectionError(""HTTPConnection(host='localhost', port=80): Failed to establish a new connection: [Errno 111] Connection refused""))"
2026-09-18T15:09:09.387284,call_5,DELETE,http://localhost/api/v1/mock/mock-swagger/api/v3/user/{username},0,20.2,"HTTPConnectionPool(host='localhost', port=80): Max retries exceeded with url: /api/v1/mock/mock-swagger/api/v3/user/%7Busername%7D (Caused by NewConnectionError(""HTTPConnection(host='localhost', port=80): Failed to establish a new connection: [Errno 111] Connection refused""))"
2026-09-18T15:09:09.388291,call_2,PUT,http://localhost/api/v1/mock/mock-swagger/api/v3/pet,0,13.21,"HTTPConnectionPool(host='localhost', port=80): Max retries exceeded with url: /api/v1/mock/mock-swagger/api/v3/pet (Caused by NewConnectionError(""HTTPConnection(host='localhost', port=80): Failed to establish a new connection: [Errno 111] Connection refused""))"
2026-09-18T15:09:09.389339,call_2,PUT,http://localhost/api/v1/mock/mock-swagger/api/v3/pet,0,16.65,"HTTPConnectionPool(host='localhost', port=80): Max retries exceeded with url: /api/v1/mock/mock-swagger/api/v3/pet (Caused by NewConnectionError(""HTTPConnection(host='localhost', port=80): Failed to establish a new connection: [Errno 111] Connection refused""))"
2026-09-18T15:09:09.391830,call_1,POST,http://localhost/api/v1/mock/mock-swagger/api/v3/pet,0,8.03,"HTTPConnectionPool(host='localhost', port=80): Max retries exceeded with url: /api/v1/mock/mock-swagger/api/v3/pet (Caused by NewConnectionError(""HTTPConnection(host='localhost', port=80): Failed to establish a new connection: [Errno 111] Connection refused""))"
2026-09-18T15:09:09.392550,call_4,POST,http://localhost/api/v1/mock/mock-swagger/api/v3/user/createWithList,0,3.06,"HTTPConnectionPool(host='localhost', port=80): Max retries exceeded with url: /api/v1/mock/mock-swagger/api/v3/user/createWithList (Caused by NewConnectionError(""HTTPConnection(host='localhost', port=80): Failed to establish a new connection: [Errno 111] Connection refused""))"
2026-09-18T15:09:09.399243,call_3,GET,http://localhost/api/v1/mock/mock-swagger/api/v3/store/inventory,0,1.93,"HTTPConnectionPool(host='localhost', port=80): Max retries exceeded with url: /api/v1/mock/mock-swagger/api/v3/store/inventory (Caused by NewConnectionError(""HTTPConnection(host='localhost', port=80): Failed to establish a new connection: [Errno 111] Connection refused""))"
2026-09-18T15:09:09.438220,call_5,DELETE,http://localhost/api/v1/mock/mock-swagger/api/v3/user/{username},0,2.09,"HTTPConnectionPool(host='localhost', port=80): Max retries exceeded with url: /api/v1/mock/mock-swagger/api/v3/user/%7Busername%7D (Caused by NewConnectionError(""HTTPConnection(host='localhost', port=80): Failed to establish a new connection: [Errno 111] Connection refused""))"
2026-09-18T15:09:09.449933,call_1,POST,http://localhost/api/v1/mock/mock-swagger/api/v3/pet,0,1.69,"HTTPConnectionPool(host='localhost', port=80): Max retries exceeded with url: /api/v1/mock/mock-swagger/api/v3/pet (Caused by NewConnectionError(""HTTPConnection(host='localhost', port=80): Failed to establish a new connection: [Errno 111] Connection refused""))"
2026-09-18T15:09:09.506739,call_3,GET,http://localhost/api/v1/mock/mock-swagger/api/v3/store/inventory,0,9.28,"HTTPConnectionPool(host='localhost', port=80): Max retries exceeded with url: /api/v1/mock/mock-swagger/api/v3/store/inventory (Caused by NewConnectionError(""HTTPConnection(host='localhost', port=80): Failed to establish a new connection: [Errno 111] Connection refused""))"
2026-09-18T15:09:09.507388,call_5,DELETE,http://localhost/api/v1/mock/mock-swagger/api/v3/user/{username},0,21.69,"HTTPConnectionPool(host='localhost', port=80): Max retries exceeded with url: /api/v1/mock/mock-swagger/api/v3/user/%7Busername%7D (Caused by NewConnectionError(""HTTPConnection(host='localhost', port=80): Failed to establish a new connection: [Errno 111] Connection refused""))"
2026-09-18T15:09:09.508802,call_4,POST,http://localhost/api/v1/mock/mock-swagger/api/v3/user/createWithList,0,21.97,"HTTPConnectionPool(host='localhost', port=80): Max retries exceeded with url: /api/v1/mock/mock-swagger/api/v3/user/createWithList (Caused by NewConnectionError(""HTTPConnection(host='localhost', port=80): Failed to establish a new connection: [Errno 111] Connection refused""))"
2026-09-18T15:09:09.510285,call_5,DELETE,http://localhost/api/v1/mock/mock-swagger/api/v3/user/{username},0,13.96,"HTTPConnectionPool(host='localhost', port=80): Max retries exceeded with url: /api/v1/mock/mock-swagger/api/v3/user/%7Busername%7D (Caused by NewConnectionError(""HTTPConnection(host='localhost', port=80): Failed to establish a new connection: [Errno 111] Connection refused""))"
2026-09-18T15:09:09.510911,call_3,GET,http://localhost/api/v1/mock/mock-swagger/api/v3/store/inventory,0,20.47,"HTTPConnectionPool(host='localhost', port=80): Max retries exceeded with url: /api/v1/mock/mock-swagger/api/v3/store/inventory (Caused by NewConnectionError(""HTTPConnection(host='localhost', port=80): Failed to establish a new connection: [Errno 111] Connection refused""))"
2026-09-18T15:09:09.511305,call_1,POST,http://localhost/api/v1/mock/mock-swagger/api/v3/pet,0,19.77,"HTTPConnectionPool(host='localhost', port=80): Max retries exceeded with url: /api/v1/mock/mock-swagger/api/v3/pet (Caused by NewConnectionError(""HTTPConnection(host='localhost', port=80): Failed to establish a new connection: [Errno 111] Connection refused""))"
2026-09-18T15:09:09.511620,call_2,PUT,http://localhost/api/v1/mock/mock-swagger/api/v3/pet,0,9.64,"HTTPConnectionPool(host='localhost', port=80): Max retries exceeded with url: /api/v1/mock/mock-swagger/api/v3/pet (Caused by NewConnectionError(""HTTPConnection(host='localhost', port=80): Failed to establish a new connection: [Errno 111] Connection refused""))"
2026-09-18T15:09:09.512485,call_4,POST,http://localhost/api/v1/mock/mock-swagger/api/v3/user/createWithList,0,8.47,"HTTPConnectionPool(host='localhost', port=80): Max retries exceeded with url: /api/v1/mock/mock-swagger/api/v3/user/createWithList (Caused by NewConnectionError(""HTTPConnection(host='localhost', port=80): Failed to establish a new connection: [Errno 111] Connection refused""))"
2026-09-18T15:09:09.540426,call_1,POST,http://localhost/api/v1/mock/mock-swagger/api/v3/pet,0,2.03,"HTTPConnectionPool(host='localhost', port=80): Max retries exceeded with url: /api/v1/mock/mock-swagger/api/v3/pet (Caused by NewConnectionError(""HTTPConnection(host='localhost', port=80): Failed to establish a new connection: [Errno 111] Connection refused""))"
2026-09-18T15:09:09.551827,call_2,PUT,http://localhost/api/v1/mock/mock-swagger/api/v3/pet,0,1.71,"HTTPConnectionPool(host='localhost', port=80): Max retries exceeded with url: /api/v1/mock/mock-swagger/api/v3/pet (Caused by NewConnectionError(""HTTPConnection(host='localhost', port=80): Failed to establish a new connection: [Errno 111] Connection refused""))"
2026-09-18T15:09:09.626540,call_4,POST,http://localhost/api/v1/mock/mock-swagger/api/v3/user/createWithList,0,19.33,"HTTPConnectionPool(host='localhost', port=80): Max retries exceeded with url: /api/v1/mock/mock-swagger/api/v3/user/createWithList (Caused by NewConnectionError(""HTTPConnection(host='localhost', port=80): Failed to establish a new connection: [Errno 111] Connection refused""))"
2026-09-18T15:09:09.627938,call_1,POST,http://localhost/api/v1/mock/mock-swagger/api/v3/pet,0,15.83,"HTTPConnectionPool(host='localhost', port=80): Max retries exceeded with url: /api/v1/mock/mock-swagger/api/v3/pet (Caused by NewConnectionError(""HTTPConnection(host='localhost', port=80): Failed to establish a new connection: [Errno 111] Connection refused""))"
2026-09-18T15:09:09.628283,call_5,DELETE,http://localhost/api/v1/mock/mock-swagger/api/v3/user/{username},0,13.07,"HTTPConnectionPool(host='localhost', port=80): Max retries exceeded with url: /api/v1/mock/mock-swagger/api/v3/user/%7Busername%7D (Caused by NewConnectionError(""HTTPConnection(host='localhost', port=80): Failed to establish a new connection: [Errno 111] Connection refused""))"
2026-09-18T15:09:09.630447,call_1,POST,http://localhost/api/v1/mock/mock-swagger/api/v3/pet,0,22.05,"HTTPConnectionPool(host='localhost', port=80): Max retries exceeded with url: /api/v1/mock/mock-swagger/api/v3/pet (Caused by NewConnectionError(""HTTPConnection(host='localhost', port=80): Failed to establish a new connection: [Errno 111] Connection refused""))"
2026-09-18T15:09:09.630944,call_3,GET,http://localhost/api/v1/mock/mock-swagger/api/v3/store/inventory,0,5.63,"HTTPConnectionPool(host='localhost', port=80): Max retries exceeded with url: /api/v1/mock/mock-swagger/api/v3/store/inventory (Caused by NewConnectionError(""HTTPConnection(host='localhost', port=80): Failed to establish a new connection: [Errno 111] Connection refused""))"
2026-09-18T15:09:09.631488,call_2,PUT,http://localhost/api/v1/mock/mock-swagger/api/v3/pet,0,7.56,"HTTPConnectionPool(host='localhost', port=80): Max retries exceeded with url: /api/v1/mock/mock-swagger/api/v3/pet (Caused by NewConnectionError(""HTTPConnection(host='localhost', port=80): Failed to establish a new connection: [Errno 111] Connection refused""))"
2026-09-18T15:09:09.633493,call_4,POST,http://localhost/api/v1/mock/mock-swagger/api/v3/user/createWithList,0,11.61,"HTTPConnectionPool(host='localhost', port=80): Max retries exceeded with url: /api/v1/mock/mock-swagger/api/v3/user/createWithList (Caused by NewConnectionError(""HTTPConnection(host='localhost', port=80): Failed to establish a new connection: [Errno 111] Connection refused""))"
2026-09-18T15:09:09.633702,call_5,DELETE,http://localhost/api/v1/mock/mock-swagger/api/v3/user/{username},0,22.71,"HTTPConnectionPool(host='localhost', port=80): Max retries exceeded with url: /api/v1/mock/mock-swagger/api/v3/user/%7Busername%7D (Caused by NewConnectionError(""HTTPConnection(host='localhost', port=80): Failed to establish a new connection: [Errno 111] Connection refused""))"
2026-09-18T15:09:09.643301,call_2,PUT,http://localhost/api/v1/mock/mock-swagger/api/v3/pet,0,2.67,"HTTPConnectionPool(host='localhost', port=80): Max retries exceeded with url: /api/v1/mock/mock-swagger/api/v3/pet (Caused by NewConnectionError(""HTTPConnection(host='localhost', port=80): Failed to establish a new connection: [Errno 111] Connection refused""))"
2026-09-18T15:09:09.653660,call_3,GET,http://localhost/api/v1/mock/mock-swagger/api/v3/store/inventory,0,1.67,"HTTPConnectionPool(host='localhost', port=80): Max retries exceeded with url: /api/v1/mock/mock-swagger/api/v3/store/inventory (Caused by NewConnectionError(""HTTPConnection(host='localhost', port=80): Failed to establish a new connection: [Errno 111] Connection refused""))"
2026-09-18T15:09:09.747521,call_5,DELETE,http://localhost/api/v1/mock/mock-swagger/api/v3/user/{username},0,20.81,"HTTPConnectionPool(host='localhost', port=80): Max retries exceeded with url: /api/v1/mock/mock-swagger/api/v3/user/%7Busername%7D (Caused by NewConnectionError(""HTTPConnection(host='localhost', port=80): Failed to establish a new connection: [Errno 111] Connection refused""))"
2026-09-18T15:09:09.748072,call_1,POST,http://localhost/api/v1/mock/mock-swagger/api/v3/pet,0,17.43,"HTTPConnectionPool(host='localhost', port=80): Max retries exceeded with url: /api/v1/mock/mock-swagger/api/v3/pet (Caused by NewConnectionError(""HTTPConnection(host='localhost', port=80): Failed to establish a new connection: [Errno 111] Connection refused""))"
2026-09-18T15:09:09.752095,call_2,PUT,http://localhost/api/v1/mock/mock-swagger/api/v3/pet,0,22.68,"HTTPConnectionPool(host='localhost', port=80): Max retries exceeded with url: /api/v1/mock/mock-swagger/api/v3/pet (Caused by NewConnectionError(""HTTPConnection(host='localhost', port=80): Failed to establish a new connection: [Errno 111] Connection refused""))"
2026-09-18T15:09:09.752787,call_1,POST,http://localhost/api/v1/mock/mock-swagger/api/v3/pet,0,15.15,"HTTPConnectionPool(host='localhost', port=80): Max retries exceeded with url: /api/v1/mock/mock-swagger/api/v3/pet (Caused by NewConnectionError(""HTTPConnection(host='localhost', port=80): Failed to establish a new connection: [Errno 111] Connection refused""))"
2026-09-18T15:09:09.753188,call_4,POST,http://localhost/api/v1/mock/mock-swagger/api/v3/user/createWithList,0,9.0,"HTTPConnectionPool(host='localhost', port=80): Max retries exceeded with url: /api/v1/mock/mock-swagger/api/v3/user/createWithList (Caused by NewConnectionError(""HTTPConnection(host='localhost', port=80): Failed to establish a new connection: [Errno 111] Connection refused""))"
2026-09-18T15:09:09.753650,call_5,DELETE,http://localhost/api/v1/mock/mock-swagger/api/v3/user/{username},0,13.51,"HTTPConnectionPool(host='localhost', port=80): Max retries exceeded with url: /api/v1/mock/mock-swagger/api/v3/user/%7Busername%7D (Caused by NewConnectionError(""HTTPConnection(host='localhost', port=80): Failed to establish a new connection: [Errno 111] Connection refused""))"
2026-09-18T15:09:09.754044,call_2,PUT,http://localhost/api/v1/mock/mock-swagger/api/v3/pet,0,21.16,"HTTPConnectionPool(host='localhost', port=80): Max retries exceeded with url: /api/v1/mock/mock-swagger/api/v3/pet (Caused by NewConnectionError(""HTTPConnection(host='localhost', port=80): Failed to establish a new connection: [Errno 111] Connection refused""))"
2026-09-18T15:09:09.755337,call_3,GET,http://localhost/api/v1/mock/mock-swagger/api/v3/store/inventory,0,16.38,"HTTPConnectionPool(host='localhost', port=80): Max retries exceeded with url: /api/v1/mock/mock-swagger/api/v3/store/inventory (Caused by NewConnectionError(""HTTPConnection(host='localhost', port=80): Failed to establish a new connection: [Errno 111] Connection refused""))"
2026-09-18T15:09:09.756226,call_3,GET,http://localhost/api/v1/mock/mock-swagger/api/v3/store/inventory,0,10.73,"HTTPConnectionPool(host='localhost', port=80): Max retries exceeded with url: /api/v1/mock/mock-swagger/api/v3/store/inventory (Caused by NewConnectionError(""HTTPConnection(host='localhost', port=80): Failed to establish a new connection: [Errno 111] Connection refused""))"
2026-09-18T15:09:09.757125,call_4,POST,http://localhost/api/v1/mock/mock-swagger/api/v3/user/createWithList,0,2.87,"HTTPConnectionPool(host='localhost', port=80): Max retries exceeded with url: /api/v1/mock/mock-swagger/api/v3/user/createWithList (Caused by NewConnectionError(""HTTPConnection(host='localhost', port=80): Failed to establish a new connection: [Errno 111] Connection refused""))"
2026-09-18T15:09:09.871992,call_1,POST,http://localhost/api/v1/mock/mock-swagger/api/v3/pet,0,24.29,"HTTPConnectionPool(host='localhost', port=80): Max retries exceeded with url: /api/v1/mock/mock-swagger/api/v3/pet (Caused by NewConnectionError(""HTTPConnection(host='localhost', port=80): Failed to establish a new connection: [Errno 111] Connection refused""))"
2026-09-18T15:09:09.879619,call_5,DELETE,http://localhost/api/v1/mock/mock-swagger/api/v3/user/{username},0,16.85,"HTTPConnectionPool(host='localhost', port=80): Max retries exceeded with url: /api/v1/mock/mock-swagger/api/v3/user/%7Busername%7D (Caused by NewConnectionError(""HTTPConnection(host='localhost', port=80): Failed to establish a new connection: [Errno 111] Connection refused""))"
2026-09-18T15:09:09.880074,call_2,PUT,http://localhost/api/v1/mock/mock-swagger/api/v3/pet,0,30.86,"HTTPConnectionPool(host='localhost', port=80): Max retries exceeded with url: /api/v1/mock/mock-swagger/api/v3/pet (Caused by NewConnectionError(""HTTPConnection(host='localhost', port=80): Failed to establish a new connection: [Errno 111] Connection refused""))"
2026-09-18T15:09:09.880326,call_5,DELETE,http://localhost/api/v1/mock/mock-swagger/api/v3/user/{username},0,18.96,"HTTPConnectionPool(host='localhost', port=80): Max retries exceeded with url: /api/v1/mock/mock-swagger/api/v3/user/%7Busername%7D (Caused by NewConnectionError(""HTTPConnection(host='localhost', port=80): Failed to establish a new connection: [Errno 111] Connection refused""))"
2026-09-18T15:09:09.880616,call_4,POST,http://localhost/api/v1/mock/mock-swagger/api/v3/user/createWithList,0,24.21,"HTTPConnectionPool(host='localhost', port=80): Max retries exceeded with url: /api/v1/mock/mock-swagger/api/v3/user/createWithList (Caused by NewConnectionError(""HTTPConnection(host='localhost', port=80): Failed to establish a new connection: [Errno 111] Connection refused""))"
2026-09-18T15:09:09.880868,call_3,GET,http://localhost/api/v1/mock/mock-swagger/api/v3/store/inventory,0,25.56,"HTTPConnectionPool(host='localhost', port=80): Max retries exceeded with url: /api/v1/mock/mock-swagger/api/v3/store/inventory (Caused by NewConnectionError(""HTTPConnection(host='localhost', port=80): Failed to establish a new connection: [Errno 111] Connection refused""))"
2026-09-18T15:09:09.881325,call_1,POST,http://localhost/api/v1/mock/mock-swagger/api/v3/pet,0,22.57,"HTTPConnectionPool(host='localhost', port=80): Max retries exceeded with url: /api/v1/mock/mock-swagger/api/v3/pet (Caused by NewConnectionError(""HTTPConnection(host='localhost', port=80): Failed to establish a new connection: [Errno 111] Connection refused""))"
2026-09-18T15:09:09.881539,call_4,POST,http://localhost/api/v1/mock/mock-swagger/api/v3/user/createWithList,0,21.47,"HTTPConnectionPool(host='localhost', port=80): Max retries exceeded with url: /api/v1/mock/mock-swagger/api/v3/user/createWithList (Caused by NewConnectionError(""HTTPConnection(host='localhost', port=80): Failed to establish a new connection: [Errno 111] Connection refused""))"
2026-09-18T15:09:09.882223,call_3,GET,http://localhost/api/v1/mock/mock-swagger/api/v3/store/inventory,0,18.31,"HTTPConnectionPool(host='localhost', port=80): Max retries exceeded with url: /api/v1/mock/mock-swagger/api/v3/store/inventory (Caused by NewConnectionError(""HTTPConnection(host='localhost', port=80): Failed to establish a new connection: [Errno 111] Connection refused""))"
2026-09-18T15:09:09.883648,call_2,PUT,http://localhost/api/v1/mock/mock-swagger/api/v3/pet,0,16.02,"HTTPConnectionPool(host='localhost', port=80): Max retries exceeded with url: /api/v1/mock/mock-swagger/api/v3/pet (Caused by NewConnectionError(""HTTPConnection(host='localhost', port=80): Failed to establish a new connection: [Errno 111] Connection refused""))"
2026-09-18T15:09:09.974658,call_2,PUT,http://localhost/api/v1/mock/mock-swagger/api/v3/pet,0,2.0,"HTTPConnectionPool(host='localhost', port=80): Max retries exceeded with url: /api/v1/mock/mock-swagger/api/v3/pet (Caused by NewConnectionError(""HTTPConnection(host='localhost', port=80): Failed to establish a new connection: [Errno 111] Connection refused""))"
2026-09-18T15:09:09.996184,call_2,PUT,http://localhost/api/v1/mock/mock-swagger/api/v3/pet,0,10.2,"HTTPConnectionPool(host='localhost', port=80): Max retries exceeded with url: /api/v1/mock/mock-swagger/api/v3/pet (Caused by NewConnectionError(""HTTPConnection(host='localhost', port=80): Failed to establish a new connection: [Errno 111] Connection refused""))"
2026-09-18T15:09:09.998545,call_3,GET,http://localhost/api/v1/mock/mock-swagger/api/v3/store/inventory,0,11.2,"HTTPConnectionPool(host='localhost', port=80): Max retries exceeded with url: /api/v1/mock/mock-swagger/api/v3/store/inventory (Caused by NewConnectionError(""HTTPConnection(host='localhost', port=80): Failed to establish a new connection: [Errno 111] Connection refused""))"
2026-09-18T15:09:09.999530,call_5,DELETE,http://localhost/api/v1/mock/mock-swagger/api/v3/user/{username},0,16.91,"HTTPConnectionPool(host='localhost', port=80): Max retries exceeded with url: /api/v1/mock/mock-swagger/api/v3/user/%7Busername%7D (Caused by NewConnectionError(""HTTPConnection(host='localhost', port=80): Failed to establish a new connection: [Errno 111] Connection refused""))"
2026-09-18T15:09:10.001004,call_3,GET,http://localhost/api/v1/mock/mock-swagger/api/v3/store/inventory,0,20.11,"HTTPConnectionPool(host='localhost', port=80): Max retries exceeded with url: /api/v1/mock/mock-swagger/api/v3/store/inventory (Caused by NewConnectionError(""HTTPConnection(host='localhost', port=80): Failed to establish a new connection: [Errno 111] Connection refused""))"
2026-09-18T15:09:10.001797,call_1,POST,http://localhost/api/v1/mock/mock-swagger/api/v3/pet,0,19.85,"HTTPConnectionPool(host='localhost', port=80): Max retries exceeded with url: /api/v1/mock/mock-swagger/api/v3/pet (Caused by NewConnectionError(""HTTPConnection(host='localhost', port=80): Failed to establish a new connection: [Errno 111] Connection refused""))"
2026-09-18T15:09:10.002279,call_4,POST,http://localhost/api/v1/mock/mock-swagger/api/v3/user/createWithList,0,11.47,"HTTPConnectionPool(host='localhost', port=80): Max retries exceeded with url: /api/v1/mock/mock-swagger/api/v3/user/createWithList (Caused by NewConnectionError(""HTTPConnection(host='localhost', port=80): Failed to establish a new connection: [Errno 111] Connection refused""))"
2026-09-18T15:09:10.002647,call_1,POST,http://localhost/api/v1/mock/mock-swagger/api/v3/pet,0,22.85,"HTTPConnectionPool(host='localhost', port=80): Max retries exceeded with url: /api/v1/mock/mock-swagger/api/v3/pet (Caused by NewConnectionError(""HTTPConnection(host='localhost', port=80): Failed to establish a new connection: [Errno 111] Connection refused""))"
2026-09-18T15:09:10.003089,call_4,POST,http://localhost/api/v1/mock/mock-swagger/api/v3/user/createWithList,0,19.4,"HTTPConnectionPool(host='localhost', port=80): Max retries exceeded with url: /api/v1/mock/mock-swagger/api/v3/user/createWithList (Caused by NewConnectionError(""HTTPConnection(host='localhost', port=80): Failed to establish a new connection: [Errno 111] Connection refused""))"
2026-09-18T15:09:10.005078,call_5,DELETE,http://localhost/api/v1/mock/mock-swagger/api/v3/user/{username},0,15.38,"HTTPConnectionPool(host='localhost', port=80): Max retries exceeded with url: /api/v1/mock/mock-swagger/api/v3/user/%7Busername%7D (Caused by NewConnectionError(""HTTPConnection(host='localhost', port=80): Failed to establish a new connection: [Errno 111] Connection refused""))"
2026-09-18T15:09:10.077557,call_3,GET,http://localhost/api/v1/mock/mock-swagger/api/v3/store/inventory,0,2.03,"HTTPConnectionPool(host='localhost', port=80): Max retries exceeded with url: /api/v1/mock/mock-swagger/api/v3/store/inventory (Caused by NewConnectionError(""HTTPConnection(host='localhost', port=80): Failed to establish a new connection: [Errno 111] Connection refused""))"
2026-09-18T15:09:10.097916,call_3,GET,http://localhost/api/v1/mock/mock-swagger/api/v3/store/inventory,0,1.56,"HTTPConnectionPool(host='localhost', port=80): Max retries exceeded with url: /api/v1/mock/mock-swagger/api/v3/store/inventory (Caused by NewConnectionError(""HTTPConnection(host='localhost', port=80): Failed to establish a new connection: [Errno 111] Connection refused""))"
2026-09-18T15:09:10.119099,call_4,POST,http://localhost/api/v1/mock/mock-swagger/api/v3/user/createWithList,0,20.38,"HTTPConnectionPool(host='localhost', port=80): Max retries exceeded with url: /api/v1/mock/mock-swagger/api/v3/user/createWithList (Caused by NewConnectionError(""HTTPConnection(host='localhost', port=80): Failed to establish a new connection: [Errno 111] Connection refused""))"
2026-09-18T15:09:10.120286,call_2,PUT,http://localhost/api/v1/mock/mock-swagger/api/v3/pet,0,13.36,"HTTPConnectionPool(host='localhost', port=80): Max retries exceeded with url: /api/v1/mock/mock-swagger/api/v3/pet (Caused by NewConnectionError(""HTTPConnection(host='localhost', port=80): Failed to establish a new connection: [Errno 111] Connection refused""))"
2026-09-18T15:09:10.121600,call_4,POST,http://localhost/api/v1/mock/mock-swagger/api/v3/user/createWithList,0,6.84,"HTTPConnectionPool(host='localhost', port=80): Max retries exceeded with url: /api/v1/mock/mock-swagger/api/v3/user/createWithList (Caused by NewConnectionError(""HTTPConnection(host='localhost', port=80): Failed to establish a new connection: [Errno 111] Connection refused""))"
2026-09-18T15:09:10.122054,call_1,POST,http://localhost/api/v1/mock/mock-swagger/api/v3/pet,0,22.26,"HTTPConnectionPool(host='localhost', port=80): Max retries exceeded with url: /api/v1/mock/mock-swagger/api/v3/pet (Caused by NewConnectionError(""HTTPConnection(host='localhost', port=80): Failed to establish a new connection: [Errno 111] Connection refused""))"
2026-09-18T15:09:10.124953,call_5,DELETE,http://localhost/api/v1/mock/mock-swagger/api/v3/user/{username},0,19.3,"HTTPConnectionPool(host='localhost', port=80): Max retries exceeded with url: /api/v1/mock/mock-swagger/api/v3/user/%7Busername%7D (Caused by NewConnectionError(""HTTPConnection(host='localhost', port=80): Failed to establish a new connection: [Errno 111] Connection refused""))"
2026-09-18T15:09:10.125279,call_1,POST,http://localhost/api/v1/mock/mock-swagger/api/v3/pet,0,15.06,"HTTPConnectionPool(host='localhost', port=80): Max retries exceeded with url: /api/v1/mock/mock-swagger/api/v3/pet (Caused by NewConnectionError(""HTTPConnection(host='localhost', port=80): Failed to establish a new connection: [Errno 111] Connection refused""))"
2026-09-18T15:09:10.125802,call_5,DELETE,http://localhost/api/v1/mock/mock-swagger/api/v3/user/{username},0,22.38,"HTTPConnectionPool(host='localhost', port=80): Max retries exceeded with url: /api/v1/mock/mock-swagger/api/v3/user/%7Busername%7D (Caused by NewConnectionError(""HTTPConnection(host='localhost', port=80): Failed to establish a new connection: [Errno 111] Connection refused""))"
2026-09-18T15:09:10.126166,call_2,PUT,http://localhost/api/v1/mock/mock-swagger/api/v3/pet,0,21.64,"HTTPConnectionPool(host='localhost', port=80): Max retries exceeded with url: /api/v1/mock/mock-swagger/api/v3/pet (Caused by NewConnectionError(""HTTPConnection(host='localhost', port=80): Failed to establish a new connection: [Errno 111] Connection refused""))"
2026-09-18T15:09:10.180452,call_4,POST,http://localhost/api/v1/mock/mock-swagger/api/v3/user/createWithList,0,2.0,"HTTPConnectionPool(host='localhost', port=80): Max retries exceeded with url: /api/v1/mock/mock-swagger/api/v3/user/createWithList (Caused by NewConnectionError(""HTTPConnection(host='localhost', port=80): Failed to establish a new connection: [Errno 111] Connection refused""))"
2026-09-18T15:09:10.200096,call_4,POST,http://localhost/api/v1/mock/mock-swagger/api/v3/user/createWithList,0,2.02,"HTTPConnectionPool(host='localhost', port=80): Max retries exceeded with url: /api/v1/mock/mock-swagger/api/v3/user/createWithList (Caused by NewConnectionError(""HTTPConnection(host='localhost', port=80): Failed to establish a new connection: [Errno 111] Connection refused""))"
2026-09-18T15:09:10.220546,call_5,DELETE,http://localhost/api/v1/mock/mock-swagger/api/v3/user/{username},0,1.25,"HTTPConnectionPool(host='localhost', port=80): Max retries exceeded with url: /api/v1/mock/mock-swagger/api/v3/user/%7Busername%7D (Caused by NewConnectionError(""HTTPConnection(host='localhost', port=80): Failed to establish a new connection: [Errno 111] Connection refused""))"
2026-09-18T15:09:10.237921,call_3,GET,http://localhost/api/v1/mock/mock-swagger/api/v3/store/inventory,0,17.31,"HTTPConnectionPool(host='localhost', port=80): Max retries exceeded with url: /api/v1/mock/mock-swagger/api/v3/store/inventory (Caused by NewConnectionError(""HTTPConnection(host='localhost', port=80): Failed to establish a new connection: [Errno 111] Connection refused""))"
2026-09-18T15:09:10.239625,call_1,POST,http://localhost/api/v1/mock/mock-swagger/api/v3/pet,0,14.53,"HTTPConnectionPool(host='localhost', port=80): Max retries exceeded with url: /api/v1/mock/mock-swagger/api/v3/pet (Caused by NewConnectionError(""HTTPConnection(host='localhost', port=80): Failed to establish a new connection: [Errno 111] Connection refused""))"
2026-09-18T15:09:10.240442,call_1,POST,http://localhost/api/v1/mock/mock-swagger/api/v3/pet,0,10.78,"HTTPConnectionPool(host='localhost', port=80): Max retries exceeded with url: /api/v1/mock/mock-swagger/api/v3/pet (Caused by NewConnectionError(""HTTPConnection(host='localhost', port=80): Failed to establish a new connection: [Errno 111] Connection refused""))"
2026-09-18T15:09:10.240852,call_3,GET,http://localhost/api/v1/mock/mock-swagger/api/v3/store/inventory,0,10.09,"HTTPConnectionPool(host='localhost', port=80): Max retries exceeded with url: /api/v1/mock/mock-swagger/api/v3/store/inventory (Caused by NewConnectionError(""HTTPConnection(host='localhost', port=80): Failed to establish a new connection: [Errno 111] Connection refused""))"
2026-09-18T15:09:10.241485,call_5,DELETE,http://localhost/api/v1/mock/mock-swagger/api/v3/user/{username},0,19.41,"HTTPConnectionPool(host='localhost', port=80): Max retries exceeded with url: /api/v1/mock/mock-swagger/api/v3/user/%7Busername%7D (Caused by NewConnectionError(""HTTPConnection(host='localhost', port=80): Failed to establish a new connection: [Errno 111] Connection refused""))"
2026-09-18T15:09:10.242618,call_2,PUT,http://localhost/api/v1/mock/mock-swagger/api/v3/pet,0,6.78,"HTTPConnectionPool(host='localhost', port=80): Max retries exceeded with url: /api/v1/mock/mock-swagger/api/v3/pet (Caused by NewConnectionError(""HTTPConnection(host='localhost', port=80): Failed to establish a new connection: [Errno 111] Connection refused""))"
2026-09-18T15:09:10.244991,call_2,PUT,http://localhost/api/v1/mock/mock-swagger/api/v3/pet,0,16.69,"HTTPConnectionPool(host='localhost', port=80): Max retries exceeded with url: /api/v1/mock/mock-swagger/api/v3/pet (Caused by NewConnectionError(""HTTPConnection(host='localhost', port=80): Failed to establish a new connection: [Errno 111] Connection refused""))"
2026-09-18T15:09:10.283136,call_5,DELETE,http://localhost/api/v1/mock/mock-swagger/api/v3/user/{username},0,1.93,"HTTPConnectionPool(host='localhost', port=80): Max retries exceeded with url: /api/v1/mock/mock-swagger/api/v3/user/%7Busername%7D (Caused by NewConnectionError(""HTTPConnection(host='localhost', port=80): Failed to establish a new connection: [Errno 111] Connection refused""))"
2026-09-18T15:09:10.303668,call_5,DELETE,http://localhost/api/v1/mock/mock-swagger/api/v3/user/{username},0,2.27,"HTTPConnectionPool(host='localhost', port=80): Max retries exceeded with url: /api/v1/mock/mock-swagger/api/v3/user/%7Busername%7D (Caused by NewConnectionError(""HTTPConnection(host='localhost', port=80): Failed to establish a new connection: [Errno 111] Connection refused""))"
2026-09-18T15:09:10.322468,call_1,POST,http://localhost/api/v1/mock/mock-swagger/api/v3/pet,0,1.74,"HTTPConnectionPool(host='localhost', port=80): Max retries exceeded with url: /api/v1/mock/mock-swagger/api/v3/pet (Caused by NewConnectionError(""HTTPConnection(host='localhost', port=80): Failed to establish a new connection: [Errno 111] Connection refused""))"
2026-09-18T15:09:10.339790,call_4,POST,http://localhost/api/v1/mock/mock-swagger/api/v3/user/createWithList,0,1.69,"HTTPConnectionPool(host='localhost', port=80): Max retries exceeded with url: /api/v1/mock/mock-swagger/api/v3/user/createWithList (Caused by NewConnectionError(""HTTPConnection(host='localhost', port=80): Failed to establish a new connection: [Errno 111] Connection refused""))"
2026-09-18T15:09:10.356138,call_2,PUT,http://localhost/api/v1/mock/mock-swagger/api/v3/pet,0,16.28,"HTTPConnectionPool(host='localhost', port=80): Max retries exceeded with url: /api/v1/mock/mock-swagger/api/v3/pet (Caused by NewConnectionError(""HTTPConnection(host='localhost', port=80): Failed to establish a new connection: [Errno 111] Connection refused""))"
2026-09-18T15:09:10.356362,call_3,GET,http://localhost/api/v1/mock/mock-swagger/api/v3/store/inventory,0,6.36,"HTTPConnectionPool(host='localhost', port=80): Max retries exceeded with url: /api/v1/mock/mock-swagger/api/v3/store/inventory (Caused by NewConnectionError(""HTTPConnection(host='localhost', port=80): Failed to establish a new connection: [Errno 111] Connection refused""))"
2026-09-18T15:09:10.357967,call_3,GET,http://localhost/api/v1/mock/mock-swagger/api/v3/store/inventory,0,5.76,"HTTPConnectionPool(host='localhost', port=80): Max retries exceeded with url: /api/v1/mock/mock-swagger/api/v3/store/inventory (Caused by NewConnectionError(""HTTPConnection(host='localhost', port=80): Failed to establish a new connection: [Errno 111] Connection refused""))"
2026-09-18T15:09:10.358543,call_1,POST,http://localhost/api/v1/mock/mock-swagger/api/v3/pet,0,16.71,"HTTPConnectionPool(host='localhost', port=80): Max retries exceeded with url: /api/v1/mock/mock-swagger/api/v3/pet (Caused by NewConnectionError(""HTTPConnection(host='localhost', port=80): Failed to establish a new connection: [Errno 111] Connection refused""))"
2026-09-18T15:09:10.359279,call_4,POST,http://localhost/api/v1/mock/mock-swagger/api/v3/user/createWithList,0,14.94,"HTTPConnectionPool(host='localhost', port=80): Max retries exceeded with url: /api/v1/mock/mock-swagger/api/v3/user/createWithList (Caused by NewConnectionError(""HTTPConnection(host='localhost', port=80): Failed to establish a new connection: [Errno 111] Connection refused""))"
2026-09-18T15:09:10.362014,call_2,PUT,http://localhost/api/v1/mock/mock-swagger/api/v3/pet,0,18.77,"HTTPConnectionPool(host='localhost', port=80): Max retries exceeded with url: /api/v1/mock/mock-swagger/api/v3/pet (Caused by NewConnectionError(""HTTPConnection(host='localhost', port=80): Failed to establish a new connection: [Errno 111] Connection refused""))"
2026-09-18T15:09:10.385192,call_1,POST,http://localhost/api/v1/mock/mock-swagger/api/v3/pet,0,1.36,"HTTPConnectionPool(host='localhost', port=80): Max retries exceeded with url: /api/v1/mock/mock-swagger/api/v3/pet (Caused by NewConnectionError(""HTTPConnection(host='localhost', port=80): Failed to establish a new connection: [Errno 111] Connection refused""))"
2026-09-18T15:09:10.405504,call_1,POST,http://localhost/api/v1/mock/mock-swagger/api/v3/pet,0,1.66,"HTTPConnectionPool(host='localhost', port=80): Max retries exceeded with url: /api/v1/mock/mock-swagger/api/v3/pet (Caused by NewConnectionError(""HTTPConnection(host='localhost', port=80): Failed to establish a new connection: [Errno 111] Connection refused""))"
2026-09-18T15:09:10.424600,call_2,PUT,http://localhost/api/v1/mock/mock-swagger/api/v3/pet,0,1.96,"HTTPConnectionPool(host='localhost', port=80): Max retries exceeded with url: /api/v1/mock/mock-swagger/api/v3/pet (Caused by NewConnectionError(""HTTPConnection(host='localhost', port=80): Failed to establish a new connection: [Errno 111] Connection refused""))"
2026-09-18T15:09:10.441654,call_5,DELETE,http://localhost/api/v1/mock/mock-swagger/api/v3/user/{username},0,1.69,"HTTPConnectionPool(host='localhost', port=80): Max retries exceeded with url: /api/v1/mock/mock-swagger/api/v3/user/%7Busername%7D (Caused by NewConnectionError(""HTTPConnection(host='localhost', port=80): Failed to establish a new connection: [Errno 111] Connection refused""))"
2026-09-18T15:09:10.474995,call_5,DELETE,http://localhost/api/v1/mock/mock-swagger/api/v3/user/{username},0,15.2,"HTTPConnectionPool(host='localhost', port=80): Max retries exceeded with url: /api/v1/mock/mock-swagger/api/v3/user/%7Busername%7D (Caused by NewConnectionError(""HTTPConnection(host='localhost', port=80): Failed to establish a new connection: [Errno 111] Connection refused""))"
2026-09-18T15:09:10.475617,call_2,PUT,http://localhost/api/v1/mock/mock-swagger/api/v3/pet,0,12.74,"HTTPConnectionPool(host='localhost', port=80): Max retries exceeded with url: /api/v1/mock/mock-swagger/api/v3/pet (Caused by NewConnectionError(""HTTPConnection(host='localhost', port=80): Failed to establish a new connection: [Errno 111] Connection refused""))"
2026-09-18T15:09:10.476000,call_3,GET,http://localhost/api/v1/mock/mock-swagger/api/v3/store/inventory,0,19.67,"HTTPConnectionPool(host='localhost', port=80): Max retries exceeded with url: /api/v1/mock/mock-swagger/api/v3/store/inventory (Caused by NewConnectionError(""HTTPConnection(host='localhost', port=80): Failed to establish a new connection: [Errno 111] Connection refused""))"
2026-09-18T15:09:10.476489,call_4,POST,http://localhost/api/v1/mock/mock-swagger/api/v3/user/createWithList,0,18.12,"HTTPConnectionPool(host='localhost', port=80): Max retries exceeded with url: /api/v1/mock/mock-swagger/api/v3/user/createWithList (Caused by NewConnectionError(""HTTPConnection(host='localhost', port=80): Failed to establish a new connection: [Errno 111] Connection refused""))"
2026-09-18T15:09:10.477449,call_4,POST,http://localhost/api/v1/mock/mock-swagger/api/v3/user/createWithList,0,15.8,"HTTPConnectionPool(host='localhost', port=80): Max retries exceeded with url: /api/v1/mock/mock-swagger/api/v3/user/createWithList (Caused by NewConnectionError(""HTTPConnection(host='localhost', port=80): Failed to establish a new connection: [Errno 111] Connection refused""))"
2026-09-18T15:09:10.479581,call_3,GET,http://localhost/api/v1/mock/mock-swagger/api/v3/store/inventory,0,11.61,"HTTPConnectionPool(host='localhost', port=80): Max retries exceeded with url: /api/v1/mock/mock-swagger/api/v3/store/inventory (Caused by NewConnectionError(""HTTPConnection(host='localhost', port=80): Failed to establish a new connection: [Errno 111] Connection refused""))"
2026-09-18T15:09:10.487928,call_2,PUT,http://localhost/api/v1/mock/mock-swagger/api/v3/pet,0,1.78,"HTTPConnectionPool(host='localhost', port=80): Max retries exceeded with url: /api/v1/mock/mock-swagger/api/v3/pet (Caused by NewConnectionError(""HTTPConnection(host='localhost', port=80): Failed to establish a new connection: [Errno 111] Connection refused""))"
2026-09-18T15:09:10.507315,call_2,PUT,http://localhost/api/v1/mock/mock-swagger/api/v3/pet,0,1.63,"HTTPConnectionPool(host='localhost', port=80): Max retries exceeded with url: /api/v1/mock/mock-swagger/api/v3/pet (Caused by NewConnectionError(""HTTPConnection(host='localhost', port=80): Failed to establish a new connection: [Errno 111] Connection refused""))"
2026-09-18T15:09:10.526342,call_3,GET,http://localhost/api/v1/mock/mock-swagger/api/v3/store/inventory,0,1.56,"HTTPConnectionPool(host='localhost', port=80): Max retries exceeded with url: /api/v1/mock/mock-swagger/api/v3/store/inventory (Caused by NewConnectionError(""HTTPConnection(host='localhost', port=80): Failed to establish a new connection: [Errno 111] Connection refused""))"
2026-09-18T15:09:10.543787,call_1,POST,http://localhost/api/v1/mock/mock-swagger/api/v3/pet,0,1.95,"HTTPConnectionPool(host='localhost', port=80): Max retries exceeded with url: /api/v1/mock/mock-swagger/api/v3/pet (Caused by NewConnectionError(""HTTPConnection(host='localhost', port=80): Failed to establish a new connection: [Errno 111] Connection refused""))"
2026-09-18T15:09:10.595400,call_3,GET,http://localhost/api/v1/mock/mock-swagger/api/v3/store/inventory,0,17.99,"HTTPConnectionPool(host='localhost', port=80): Max retries exceeded with url: /api/v1/mock/mock-swagger/api/v3/store/inventory (Caused by NewConnectionError(""HTTPConnection(host='localhost', port=80): Failed to establish a new connection: [Errno 111] Connection refused""))"
2026-09-18T15:09:10.596128,call_5,DELETE,http://localhost/api/v1/mock/mock-swagger/api/v3/user/{username},0,16.5,"HTTPConnectionPool(host='localhost', port=80): Max retries exceeded with url: /api/v1/mock/mock-swagger/api/v3/user/%7Busername%7D (Caused by NewConnectionError(""HTTPConnection(host='localhost', port=80): Failed to establish a new connection: [Errno 111] Connection refused""))"
2026-09-18T15:09:10.597231,call_4,POST,http://localhost/api/v1/mock/mock-swagger/api/v3/user/createWithList,0,20.94,"HTTPConnectionPool(host='localhost', port=80): Max retries exceeded with url: /api/v1/mock/mock-swagger/api/v3/user/createWithList (Caused by NewConnectionError(""HTTPConnection(host='localhost', port=80): Failed to establish a new connection: [Errno 111] Connection refused""))"
2026-09-18T15:09:10.600370,call_5,DELETE,http://localhost/api/v1/mock/mock-swagger/api/v3/user/{username},0,21.84,"HTTPConnectionPool(host='localhost', port=80): Max retries exceeded with url: /api/v1/mock/mock-swagger/api/v3/user/%7Busername%7D (Caused by NewConnectionError(""HTTPConnection(host='localhost', port=80): Failed to establish a new connection: [Errno 111] Connection refused""))"
2026-09-18T15:09:10.601427,call_1,POST,http://localhost/api/v1/mock/mock-swagger/api/v3/pet,0,26.24,"HTTPConnectionPool(host='localhost', port=80): Max retries exceeded with url: /api/v1/mock/mock-swagger/api/v3/pet (Caused by NewConnectionError(""HTTPConnection(host='localhost', port=80): Failed to establish a new connection: [Errno 111] Connection refused""))"
2026-09-18T15:09:10.602043,call_3,GET,http://localhost/api/v1/mock/mock-swagger/api/v3/store/inventory,0,13.94,"HTTPConnectionPool(host='localhost', port=80): Max retries exceeded with url: /api/v1/mock/mock-swagger/api/v3/store/inventory (Caused by NewConnectionError(""HTTPConnection(host='localhost', port=80): Failed to establish a new connection: [Errno 111] Connection refused""))"
2026-09-18T15:09:10.602435,call_4,POST,http://localhost/api/v1/mock/mock-swagger/api/v3/user/createWithList,0,17.87,"HTTPConnectionPool(host='localhost', port=80): Max retries exceeded with url: /api/v1/mock/mock-swagger/api/v3/user/createWithList (Caused by NewConnectionError(""HTTPConnection(host='localhost', port=80): Failed to establish a new connection: [Errno 111] Connection refused""))"
2026-09-18T15:09:10.609051,call_3,GET,http://localhost/api/v1/mock/mock-swagger/api/v3/store/inventory,0,1.57,"HTTPConnectionPool(host='localhost', port=80): Max retries exceeded with url: /api/v1/mock/mock-swagger/api/v3/store/inventory (Caused by NewConnectionError(""HTTPConnection(host='localhost', port=80): Failed to establish a new connection: [Errno 111] Connection refused""))"
2026-09-18T15:09:10.628091,call_4,POST,http://localhost/api/v1/mock/mock-swagger/api/v3/user/createWithList,0,1.58,"HTTPConnectionPool(host='localhost', port=80): Max retries exceeded with url: /api/v1/mock/mock-swagger/api/v3/user/createWithList (Caused by NewConnectionError(""HTTPConnection(host='localhost', port=80): Failed to establish a new connection: [Errno 111] Connection refused""))"
2026-09-18T15:09:10.645562,call_2,PUT,http://localhost/api/v1/mock/mock-swagger/api/v3/pet,0,1.6,"HTTPConnectionPool(host='localhost', port=80): Max retries exceeded with url: /api/v1/mock/mock-swagger/api/v3/pet (Caused by NewConnectionError(""HTTPConnection(host='localhost', port=80): Failed to establish a new connection: [Errno 111] Connection refused""))"
2026-09-18T15:09:10.714115,call_4,POST,http://localhost/api/v1/mock/mock-swagger/api/v3/user/createWithList,0,18.49,"HTTPConnectionPool(host='localhost', port=80): Max retries exceeded with url: /api/v1/mock/mock-swagger/api/v3/user/createWithList (Caused by NewConnectionError(""HTTPConnection(host='localhost', port=80): Failed to establish a new connection: [Errno 111] Connection refused""))"
2026-09-18T15:09:10.717690,call_2,PUT,http://localhost/api/v1/mock/mock-swagger/api/v3/pet,0,9.17,"HTTPConnectionPool(host='localhost', port=80): Max retries exceeded with url: /api/v1/mock/mock-swagger/api/v3/pet (Caused by NewConnectionError(""HTTPConnection(host='localhost', port=80): Failed to establish a new connection: [Errno 111] Connection refused""))"
2026-09-18T15:09:10.718075,call_1,POST,http://localhost/api/v1/mock/mock-swagger/api/v3/pet,0,20.23,"HTTPConnectionPool(host='localhost', port=80): Max retries exceeded with url: /api/v1/mock/mock-swagger/api/v3/pet (Caused by NewConnectionError(""HTTPConnection(host='localhost', port=80): Failed to establish a new connection: [Errno 111] Connection refused""))"
2026-09-18T15:09:10.719194,call_1,POST,http://localhost/api/v1/mock/mock-swagger/api/v3/pet,0,14.6,"HTTPConnectionPool(host='localhost', port=80): Max retries exceeded with url: /api/v1/mock/mock-swagger/api/v3/pet (Caused by NewConnectionError(""HTTPConnection(host='localhost', port=80): Failed to establish a new connection: [Errno 111] Connection refused""))"
2026-09-18T15:09:10.719930,call_5,DELETE,http://localhost/api/v1/mock/mock-swagger/api/v3/user/{username},0,20.74,"HTTPConnectionPool(host='localhost', port=80): Max retries exceeded with url: /api/v1/mock/mock-swagger/api/v3/user/%7Busername%7D (Caused by NewConnectionError(""HTTPConnection(host='localhost', port=80): Failed to establish a new connection: [Errno 111] Connection refused""))"
2026-09-18T15:09:10.721934,call_5,DELETE,http://localhost/api/v1/mock/mock-swagger/api/v3/user/{username},0,11.12,"HTTPConnectionPool(host='localhost', port=80): Max retries exceeded with url: /api/v1/mock/mock-swagger/api/v3/user/%7Busername%7D (Caused by NewConnectionError(""HTTPConnection(host='localhost', port=80): Failed to establish a new connection: [Errno 111] Connection refused""))"
2026-09-18T15:09:10.729052,call_4,POST,http://localhost/api/v1/mock/mock-swagger/api/v3/user/createWithList,0,14.2,"HTTPConnectionPool(host='localhost', port=80): Max retries exceeded with url: /api/v1/mock/mock-swagger/api/v3/user/createWithList (Caused by NewConnectionError(""HTTPConnection(host='localhost', port=80): Failed to establish a new connection: [Errno 111] Connection refused""))"
2026-09-18T15:09:10.729786,call_4,POST,http://localhost/api/v1/mock/mock-swagger/api/v3/user/createWithList,0,22.59,"HTTPConnectionPool(host='localhost', port=80): Max retries exceeded with url: /api/v1/mock/mock-swagger/api/v3/user/createWithList (Caused by NewConnectionError(""HTTPConnection(host='localhost', port=80): Failed to establish a new connection: [Errno 111] Connection refused""))"
2026-09-18T15:09:10.733182,call_5,DELETE,http://localhost/api/v1/mock/mock-swagger/api/v3/user/{username},0,3.02,"HTTPConnectionPool(host='localhost', port=80): Max retries exceeded with url: /api/v1/mock/mock-swagger/api/v3/user/%7Busername%7D (Caused by NewConnectionError(""HTTPConnection(host='localhost', port=80): Failed to establish a new connection: [Errno 111] Connection refused""))"
2026-09-18T15:09:10.747280,call_3,GET,http://localhost/api/v1/mock/mock-swagger/api/v3/store/inventory,0,1.57,"HTTPConnectionPool(host='localhost', port=80): Max retries exceeded with url: /api/v1/mock/mock-swagger/api/v3/store/inventory (Caused by NewConnectionError(""HTTPConnection(host='localhost', port=80): Failed to establish a new connection: [Errno 111] Connection refused""))"
2026-09-18T15:09:10.817239,call_5,DELETE,http://localhost/api/v1/mock/mock-swagger/api/v3/user/{username},0,2.94,"HTTPConnectionPool(host='localhost', port=80): Max retries exceeded with url: /api/v1/mock/mock-swagger/api/v3/user/%7Busername%7D (Caused by NewConnectionError(""HTTPConnection(host='localhost', port=80): Failed to establish a new connection: [Errno 111] Connection refused""))"
2026-09-18T15:09:10.828573,call_3,GET,http://localhost/api/v1/mock/mock-swagger/api/v3/store/inventory,0,10.73,"HTTPConnectionPool(host='localhost', port=80): Max retries exceeded with url: /api/v1/mock/mock-swagger/api/v3/store/inventory (Caused by NewConnectionError(""HTTPConnection(host='localhost', port=80): Failed to establish a new connection: [Errno 111] Connection refused""))"
2026-09-18T15:09:10.829561,call_1,POST,http://localhost/api/v1/mock/mock-swagger/api/v3/pet,0,5.97,"HTTPConnectionPool(host='localhost', port=80): Max retries exceeded with url: /api/v1/mock/mock-swagger/api/v3/pet (Caused by NewConnectionError(""HTTPConnection(host='localhost', port=80): Failed to establish a new connection: [Errno 111] Connection refused""))"
2026-09-18T15:09:10.829976,call_2,PUT,http://localhost/api/v1/mock/mock-swagger/api/v3/pet,0,11.09,"HTTPConnectionPool(host='localhost', port=80): Max retries exceeded with url: /api/v1/mock/mock-swagger/api/v3/pet (Caused by NewConnectionError(""HTTPConnection(host='localhost', port=80): Failed to establish a new connection: [Errno 111] Connection refused""))"
2026-09-18T15:09:10.839986,call_1,POST,http://localhost/api/v1/mock/mock-swagger/api/v3/pet,0,13.69,"HTTPConnectionPool(host='localhost', port=80): Max retries exceeded with url: /api/v1/mock/mock-swagger/api/v3/pet (Caused by NewConnectionError(""HTTPConnection(host='localhost', port=80): Failed to establish a new connection: [Errno 111] Connection refused""))"
2026-09-18T15:09:10.841173,call_2,PUT,http://localhost/api/v1/mock/mock-swagger/api/v3/pet,0,16.17,"HTTPConnectionPool(host='localhost', port=80): Max retries exceeded with url: /api/v1/mock/mock-swagger/api/v3/pet (Caused by NewConnectionError(""HTTPConnection(host='localhost', port=80): Failed to establish a new connection: [Errno 111] Connection refused""))"
2026-09-18T15:09:10.841461,call_5,DELETE,http://localhost/api/v1/mock/mock-swagger/api/v3/user/{username},0,9.0,"HTTPConnectionPool(host='localhost', port=80): Max retries exceeded with url: /api/v1/mock/mock-swagger/api/v3/user/%7Busername%7D (Caused by NewConnectionError(""HTTPConnection(host='localhost', port=80): Failed to establish a new connection: [Errno 111] Connection refused""))"
2026-09-18T15:09:10.842061,call_5,DELETE,http://localhost/api/v1/mock/mock-swagger/api/v3/user/{username},0,11.88,"HTTPConnectionPool(host='localhost', port=80): Max retries exceeded with url: /api/v1/mock/mock-swagger/api/v3/user/%7Busername%7D (Caused by NewConnectionError(""HTTPConnection(host='localhost', port=80): Failed to establish a new connection: [Errno 111] Connection refused""))"
2026-09-18T15:09:10.843822,call_1,POST,http://localhost/api/v1/mock/mock-swagger/api/v3/pet,0,5.64,"HTTPConnectionPool(host='localhost', port=80): Max retries exceeded with url: /api/v1/mock/mock-swagger/api/v3/pet (Caused by NewConnectionError(""HTTPConnection(host='localhost', port=80): Failed to establish a new connection: [Errno 111] Connection refused""))"
2026-09-18T15:09:10.849068,call_4,POST,http://localhost/api/v1/mock/mock-swagger/api/v3/user/createWithList,0,1.64,"HTTPConnectionPool(host='localhost', port=80): Max retries exceeded with url: /api/v1/mock/mock-swagger/api/v3/user/createWithList (Caused by NewConnectionError(""HTTPConnection(host='localhost', port=80): Failed to establish a new connection: [Errno 111] Connection refused""))"
2026-09-18T15:09:10.920469,call_1,POST,http://localhost/api/v1/mock/mock-swagger/api/v3/pet,0,3.05,"HTTPConnectionPool(host='localhost', port=80): Max retries exceeded with url: /api/v1/mock/mock-swagger/api/v3/pet (Caused by NewConnectionError(""HTTPConnection(host='localhost', port=80): Failed to establish a new connection: [Errno 111] Connection refused""))"
2026-09-18T15:09:10.935892,call_4,POST,http://localhost/api/v1/mock/mock-swagger/api/v3/user/createWithList,0,6.37,"HTTPConnectionPool(host='localhost', port=80): Max retries exceeded with url: /api/v1/mock/mock-swagger/api/v3/user/createWithList (Caused by NewConnectionError(""HTTPConnection(host='localhost', port=80): Failed to establish a new connection: [Errno 111] Connection refused""))"
2026-09-18T15:09:10.936212,call_2,PUT,http://localhost/api/v1/mock/mock-swagger/api/v3/pet,0,3.95,"HTTPConnectionPool(host='localhost', port=80): Max retries exceeded with url: /api/v1/mock/mock-swagger/api/v3/pet (Caused by NewConnectionError(""HTTPConnection(host='localhost', port=80): Failed to establish a new connection: [Errno 111] Connection refused""))"
2026-09-18T15:09:10.936710,call_3,GET,http://localhost/api/v1/mock/mock-swagger/api/v3/store/inventory,0,3.18,"HTTPConnectionPool(host='localhost', port=80): Max retries exceeded with url: /api/v1/mock/mock-swagger/api/v3/store/inventory (Caused by NewConnectionError(""HTTPConnection(host='localhost', port=80): Failed to establish a new connection: [Errno 111] Connection refused""))"
2026-09-18T15:09:10.955613,call_2,PUT,http://localhost/api/v1/mock/mock-swagger/api/v3/pet,0,9.7,"HTTPConnectionPool(host='localhost', port=80): Max retries exceeded with url: /api/v1/mock/mock-swagger/api/v3/pet (Caused by NewConnectionError(""HTTPConnection(host='localhost', port=80): Failed to establish a new connection: [Errno 111] Connection refused""))"
2026-09-18T15:09:10.956911,call_2,PUT,http://localhost/api/v1/mock/mock-swagger/api/v3/pet,0,16.21,"HTTPConnectionPool(host='localhost', port=80): Max retries exceeded with url: /api/v1/mock/mock-swagger/api/v3/pet (Caused by NewConnectionError(""HTTPConnection(host='localhost', port=80): Failed to establish a new connection: [Errno 111] Connection refused""))"
2026-09-18T15:09:10.957521,call_3,GET,http://localhost/api/v1/mock/mock-swagger/api/v3/store/inventory,0,16.22,"HTTPConnectionPool(host='localhost', port=80): Max retries exceeded with url: /api/v1/mock/mock-swagger/api/v3/store/inventory (Caused by NewConnectionError(""HTTPConnection(host='localhost', port=80): Failed to establish a new connection: [Errno 111] Connection refused""))"
2026-09-18T15:09:10.958762,call_1,POST,http://localhost/api/v1/mock/mock-swagger/api/v3/pet,0,15.24,"HTTPConnectionPool(host='localhost', port=80): Max retries exceeded with url: /api/v1/mock/mock-swagger/api/v3/pet (Caused by NewConnectionError(""HTTPConnection(host='localhost', port=80): Failed to establish a new connection: [Errno 111] Connection refused""))"
2026-09-18T15:09:10.958993,call_5,DELETE,http://localhost/api/v1/mock/mock-swagger/api/v3/user/{username},0,6.7,"HTTPConnectionPool(host='localhost', port=80): Max retries exceeded with url: /api/v1/mock/mock-swagger/api/v3/user/%7Busername%7D (Caused by NewConnectionError(""HTTPConnection(host='localhost', port=80): Failed to establish a new connection: [Errno 111] Connection refused""))"
2026-09-18T15:09:10.959501,call_1,POST,http://localhost/api/v1/mock/mock-swagger/api/v3/pet,0,17.07,"HTTPConnectionPool(host='localhost', port=80): Max retries exceeded with url: /api/v1/mock/mock-swagger/api/v3/pet (Caused by NewConnectionError(""HTTPConnection(host='localhost', port=80): Failed to establish a new connection: [Errno 111] Connection refused""))"
2026-09-18T15:09:11.023326,call_2,PUT,http://localhost/api/v1/mock/mock-swagger/api/v3/pet,0,2.68,"HTTPConnectionPool(host='localhost', port=80): Max retries exceeded with url: /api/v1/mock/mock-swagger/api/v3/pet (Caused by NewConnectionError(""HTTPConnection(host='localhost', port=80): Failed to establish a new connection: [Errno 111] Connection refused""))"
2026-09-18T15:09:11.041802,call_3,GET,http://localhost/api/v1/mock/mock-swagger/api/v3/store/inventory,0,4.35,"HTTPConnectionPool(host='localhost', port=80): Max retries exceeded with url: /api/v1/mock/mock-swagger/api/v3/store/inventory (Caused by NewConnectionError(""HTTPConnection(host='localhost', port=80): Failed to establish a new connection: [Errno 111] Connection refused""))"
2026-09-18T15:09:11.043317,call_5,DELETE,http://localhost/api/v1/mock/mock-swagger/api/v3/user/{username},0,6.97,"HTTPConnectionPool(host='localhost', port=80): Max retries exceeded with url: /api/v1/mock/mock-swagger/api/v3/user/%7Busername%7D (Caused by NewConnectionError(""HTTPConnection(host='localhost', port=80): Failed to establish a new connection: [Errno 111] Connection refused""))"
2026-09-18T15:09:11.043517,call_4,POST,http://localhost/api/v1/mock/mock-swagger/api/v3/user/createWithList,0,3.64,"HTTPConnectionPool(host='localhost', port=80): Max retries exceeded with url: /api/v1/mock/mock-swagger/api/v3/user/createWithList (Caused by NewConnectionError(""HTTPConnection(host='localhost', port=80): Failed to establish a new connection: [Errno 111] Connection refused""))"
2026-09-18T15:09:11.070217,call_3,GET,http://localhost/api/v1/mock/mock-swagger/api/v3/store/inventory,0,14.44,"HTTPConnectionPool(host='localhost', port=80): Max retries exceeded with url: /api/v1/mock/mock-swagger/api/v3/store/inventory (Caused by NewConnectionError(""HTTPConnection(host='localhost', port=80): Failed to establish a new connection: [Errno 111] Connection refused""))"
2026-09-18T15:09:11.071815,call_3,GET,http://localhost/api/v1/mock/mock-swagger/api/v3/store/inventory,0,13.78,"HTTPConnectionPool(host='localhost', port=80): Max retries exceeded with url: /api/v1/mock/mock-swagger/api/v3/store/inventory (Caused by NewConnectionError(""HTTPConnection(host='localhost', port=80): Failed to establish a new connection: [Errno 111] Connection refused""))"
2026-09-18T15:09:11.072854,call_2,PUT,http://localhost/api/v1/mock/mock-swagger/api/v3/pet,0,10.73,"HTTPConnectionPool(host='localhost', port=80): Max retries exceeded with url: /api/v1/mock/mock-swagger/api/v3/pet (Caused by NewConnectionError(""HTTPConnection(host='localhost', port=80): Failed to establish a new connection: [Errno 111] Connection refused""))"
2026-09-18T15:09:11.073077,call_1,POST,http://localhost/api/v1/mock/mock-swagger/api/v3/pet,0,9.87,"HTTPConnectionPool(host='localhost', port=80): Max retries exceeded with url: /api/v1/mock/mock-swagger/api/v3/pet (Caused by NewConnectionError(""HTTPConnection(host='localhost', port=80): Failed to establish a new connection: [Errno 111] Connection refused""))"
2026-09-18T15:09:11.073354,call_2,PUT,http://localhost/api/v1/mock/mock-swagger/api/v3/pet,0,6.4,"HTTPConnectionPool(host='localhost', port=80): Max retries exceeded with url: /api/v1/mock/mock-swagger/api/v3/pet (Caused by NewConnectionError(""HTTPConnection(host='localhost', port=80): Failed to establish a new connection: [Errno 111] Connection refused""))"
2026-09-18T15:09:11.074065,call_4,POST,http://localhost/api/v1/mock/mock-swagger/api/v3/user/createWithList,0,13.11,"HTTPConnectionPool(host='localhost', port=80): Max retries exceeded with url: /api/v1/mock/mock-swagger/api/v3/user/createWithList (Caused by NewConnectionError(""HTTPConnection(host='localhost', port=80): Failed to establish a new connection: [Errno 111] Connection refused""))"
2026-09-18T15:09:11.124928,call_3,GET,http://localhost/api/v1/mock/mock-swagger/api/v3/store/inventory,0,1.49,"HTTPConnectionPool(host='localhost', port=80): Max retries exceeded with url: /api/v1/mock/mock-swagger/api/v3/store/inventory (Caused by NewConnectionError(""HTTPConnection(host='localhost', port=80): Failed to establish a new connection: [Errno 111] Connection refused""))"
2026-09-18T15:09:11.148382,call_4,POST,http://localhost/api/v1/mock/mock-swagger/api/v3/user/createWithList,0,6.45,"HTTPConnectionPool(host='localhost', port=80): Max retries exceeded with url: /api/v1/mock/mock-swagger/api/v3/user/createWithList (Caused by NewConnectionError(""HTTPConnection(host='localhost', port=80): Failed to establish a new connection: [Errno 111] Connection refused""))"
2026-09-18T15:09:11.149208,call_1,POST,http://localhost/api/v1/mock/mock-swagger/api/v3/pet,0,5.59,"HTTPConnectionPool(host='localhost', port=80): Max retries exceeded with url: /api/v1/mock/mock-swagger/api/v3/pet (Caused by NewConnectionError(""HTTPConnection(host='localhost', port=80): Failed to establish a new connection: [Errno 111] Connection refused""))"
2026-09-18T15:09:11.149604,call_5,DELETE,http://localhost/api/v1/mock/mock-swagger/api/v3/user/{username},0,2.86,"HTTPConnectionPool(host='localhost', port=80): Max retries exceeded with url: /api/v1/mock/mock-swagger/api/v3/user/%7Busername%7D (Caused by NewConnectionError(""HTTPConnection(host='localhost', port=80): Failed to establish a new connection: [Errno 111] Connection refused""))"
2026-09-18T15:09:11.171238,call_4,POST,http://localhost/api/v1/mock/mock-swagger/api/v3/user/createWithList,0,0.89,"HTTPConnectionPool(host='localhost', port=80): Max retries exceeded with url: /api/v1/mock/mock-swagger/api/v3/user/createWithList (Caused by NewConnectionError(""HTTPConnection(host='localhost', port=80): Failed to establish a new connection: [Errno 111] Connection refused""))"
2026-09-18T15:09:11.183351,call_4,POST,http://localhost/api/v1/mock/mock-swagger/api/v3/user/createWithList,0,10.61,"HTTPConnectionPool(host='localhost', port=80): Max retries exceeded with url: /api/v1/mock/mock-swagger/api/v3/user/createWithList (Caused by NewConnectionError(""HTTPConnection(host='localhost', port=80): Failed to establish a new connection: [Errno 111] Connection refused""))"
2026-09-18T15:09:11.186588,call_3,GET,http://localhost/api/v1/mock/mock-swagger/api/v3/store/inventory,0,5.02,"HTTPConnectionPool(host='localhost', port=80): Max retries exceeded with url: /api/v1/mock/mock-swagger/api/v3/store/inventory (Caused by NewConnectionError(""HTTPConnection(host='localhost', port=80): Failed to establish a new connection: [Errno 111] Connection refused""))"
2026-09-18T15:09:11.187822,call_2,PUT,http://localhost/api/v1/mock/mock-swagger/api/v3/pet,0,11.54,"HTTPConnectionPool(host='localhost', port=80): Max retries exceeded with url: /api/v1/mock/mock-swagger/api/v3/pet (Caused by NewConnectionError(""HTTPConnection(host='localhost', port=80): Failed to establish a new connection: [Errno 111] Connection refused""))"
2026-09-18T15:09:11.188121,call_5,DELETE,http://localhost/api/v1/mock/mock-swagger/api/v3/user/{username},0,4.23,"HTTPConnectionPool(host='localhost', port=80): Max retries exceeded with url: /api/v1/mock/mock-swagger/api/v3/user/%7Busername%7D (Caused by NewConnectionError(""HTTPConnection(host='localhost', port=80): Failed to establish a new connection: [Errno 111] Connection refused""))"
2026-09-18T15:09:11.188601,call_3,GET,http://localhost/api/v1/mock/mock-swagger/api/v3/store/inventory,0,8.41,"HTTPConnectionPool(host='localhost', port=80): Max retries exceeded with url: /api/v1/mock/mock-swagger/api/v3/store/inventory (Caused by NewConnectionError(""HTTPConnection(host='localhost', port=80): Failed to establish a new connection: [Errno 111] Connection refused""))"
2026-09-18T15:09:11.227843,call_4,POST,http://localhost/api/v1/mock/mock-swagger/api/v3/user/createWithList,0,2.75,"HTTPConnectionPool(host='localhost', port=80): Max retries exceeded with url: /api/v1/mock/mock-swagger/api/v3/user/createWithList (Caused by NewConnectionError(""HTTPConnection(host='localhost', port=80): Failed to establish a new connection: [Errno 111] Connection refused""))"
2026-09-18T15:09:11.256352,call_5,DELETE,http://localhost/api/v1/mock/mock-swagger/api/v3/user/{username},0,7.8,"HTTPConnectionPool(host='localhost', port=80): Max retries exceeded with url: /api/v1/mock/mock-swagger/api/v3/user/%7Busername%7D (Caused by NewConnectionError(""HTTPConnection(host='localhost', port=80): Failed to establish a new connection: [Errno 111] Connection refused""))"
2026-09-18T15:09:11.256566,call_1,POST,http://localhost/api/v1/mock/mock-swagger/api/v3/pet,0,4.73,"HTTPConnectionPool(host='localhost', port=80): Max retries exceeded with url: /api/v1/mock/mock-swagger/api/v3/pet (Caused by NewConnectionError(""HTTPConnection(host='localhost', port=80): Failed to establish a new connection: [Errno 111] Connection refused""))"
2026-09-18T15:09:11.256954,call_2,PUT,http://localhost/api/v1/mock/mock-swagger/api/v3/pet,0,6.19,"HTTPConnectionPool(host='localhost', port=80): Max retries exceeded with url: /api/v1/mock/mock-swagger/api/v3/pet (Caused by NewConnectionError(""HTTPConnection(host='localhost', port=80): Failed to establish a new connection: [Errno 111] Connection refused""))"
2026-09-18T15:09:11.272988,call_5,DELETE,http://localhost/api/v1/mock/mock-swagger/api/v3/user/{username},0,1.59,"HTTPConnectionPool(host='localhost', port=80): Max retries exceeded with url: /api/v1/mock/mock-swagger/api/v3/user/%7Busername%7D (Caused by NewConnectionError(""HTTPConnection(host='localhost', port=80): Failed to establish a new connection: [Errno 111] Connection refused""))"
2026-09-18T15:09:11.284879,call_5,DELETE,http://localhost/api/v1/mock/mock-swagger/api/v3/user/{username},0,1.39,"HTTPConnectionPool(host='localhost', port=80): Max retries exceeded with url: /api/v1/mock/mock-swagger/api/v3/user/%7Busername%7D (Caused by NewConnectionError(""HTTPConnection(host='localhost', port=80): Failed to establish a new connection: [Errno 111] Connection refused""))"
2026-09-18T15:09:11.299176,call_4,POST,http://localhost/api/v1/mock/mock-swagger/api/v3/user/createWithList,0,10.37,"HTTPConnectionPool(host='localhost', port=80): Max retries exceeded with url: /api/v1/mock/mock-swagger/api/v3/user/createWithList (Caused by NewConnectionError(""HTTPConnection(host='localhost', port=80): Failed to establish a new connection: [Errno 111] Connection refused""))"
2026-09-18T15:09:11.300188,call_3,GET,http://localhost/api/v1/mock/mock-swagger/api/v3/store/inventory,0,4.98,"HTTPConnectionPool(host='localhost', port=80): Max retries exceeded with url: /api/v1/mock/mock-swagger/api/v3/store/inventory (Caused by NewConnectionError(""HTTPConnection(host='localhost', port=80): Failed to establish a new connection: [Errno 111] Connection refused""))"
2026-09-18T15:09:11.300396,call_4,POST,http://localhost/api/v1/mock/mock-swagger/api/v3/user/createWithList,0,6.39,"HTTPConnectionPool(host='localhost', port=80): Max retries exceeded with url: /api/v1/mock/mock-swagger/api/v3/user/createWithList (Caused by NewConnectionError(""HTTPConnection(host='localhost', port=80): Failed to establish a new connection: [Errno 111] Connection refused""))"
2026-09-18T15:09:11.300942,call_1,POST,http://localhost/api/v1/mock/mock-swagger/api/v3/pet,0,8.04,"HTTPConnectionPool(host='localhost', port=80): Max retries exceeded with url: /api/v1/mock/mock-swagger/api/v3/pet (Caused by NewConnectionError(""HTTPConnection(host='localhost', port=80): Failed to establish a new connection: [Errno 111] Connection refused""))"
2026-09-18T15:09:11.330797,call_5,DELETE,http://localhost/api/v1/mock/mock-swagger/api/v3/user/{username},0,2.78,"HTTPConnectionPool(host='localhost', port=80): Max retries exceeded with url: /api/v1/mock/mock-swagger/api/v3/user/%7Busername%7D (Caused by NewConnectionError(""HTTPConnection(host='localhost', port=80): Failed to establish a new connection: [Errno 111] Connection refused""))"
2026-09-18T15:09:11.364042,call_1,POST,http://localhost/api/v1/mock/mock-swagger/api/v3/pet,0,6.78,"HTTPConnectionPool(host='localhost', port=80): Max retries exceeded with url: /api/v1/mock/mock-swagger/api/v3/pet (Caused by NewConnectionError(""HTTPConnection(host='localhost', port=80): Failed to establish a new connection: [Errno 111] Connection refused""))"
2026-09-18T15:09:11.364485,call_2,PUT,http://localhost/api/v1/mock/mock-swagger/api/v3/pet,0,6.12,"HTTPConnectionPool(host='localhost', port=80): Max retries exceeded with url: /api/v1/mock/mock-swagger/api/v3/pet (Caused by NewConnectionError(""HTTPConnection(host='localhost', port=80): Failed to establish a new connection: [Errno 111] Connection refused""))"
2026-09-18T15:09:11.365851,call_3,GET,http://localhost/api/v1/mock/mock-swagger/api/v3/store/inventory,0,6.37,"HTTPConnectionPool(host='localhost', port=80): Max retries exceeded with url: /api/v1/mock/mock-swagger/api/v3/store/inventory (Caused by NewConnectionError(""HTTPConnection(host='localhost', port=80): Failed to establish a new connection: [Errno 111] Connection refused""))"
2026-09-18T15:09:11.374797,call_1,POST,http://localhost/api/v1/mock/mock-swagger/api/v3/pet,0,1.62,"HTTPConnectionPool(host='localhost', port=80): Max retries exceeded with url: /api/v1/mock/mock-swagger/api/v3/pet (Caused by NewConnectionError(""HTTPConnection(host='localhost', port=80): Failed to establish a new connection: [Errno 111] Connection refused""))"
2026-09-18T15:09:11.386690,call_1,POST,http://localhost/api/v1/mock/mock-swagger/api/v3/pet,0,1.63,"HTTPConnectionPool(host='localhost', port=80): Max retries exceeded with url: /api/v1/mock/mock-swagger/api/v3/pet (Caused by NewConnectionError(""HTTPConnection(host='localhost', port=80): Failed to establish a new connection: [Errno 111] Connection refused""))"
2026-09-18T15:09:11.410649,call_4,POST,http://localhost/api/v1/mock/mock-swagger/api/v3/user/createWithList,0,6.29,"HTTPConnectionPool(host='localhost', port=80): Max retries exceeded with url: /api/v1/mock/mock-swagger/api/v3/user/createWithList (Caused by NewConnectionError(""HTTPConnection(host='localhost', port=80): Failed to establish a new connection: [Errno 111] Connection refused""))"
2026-09-18T15:09:11.410854,call_5,DELETE,http://localhost/api/v1/mock/mock-swagger/api/v3/user/{username},0,10.1,"HTTPConnectionPool(host='localhost', port=80): Max retries exceeded with url: /api/v1/mock/mock-swagger/api/v3/user/%7Busername%7D (Caused by NewConnectionError(""HTTPConnection(host='localhost', port=80): Failed to establish a new connection: [Errno 111] Connection refused""))"
2026-09-18T15:09:11.411680,call_2,PUT,http://localhost/api/v1/mock/mock-swagger/api/v3/pet,0,8.57,"HTTPConnectionPool(host='localhost', port=80): Max retries exceeded with url: /api/v1/mock/mock-swagger/api/v3/pet (Caused by NewConnectionError(""HTTPConnection(host='localhost', port=80): Failed to establish a new connection: [Errno 111] Connection refused""))"
2026-09-18T15:09:11.411922,call_5,DELETE,http://localhost/api/v1/mock/mock-swagger/api/v3/user/{username},0,4.54,"HTTPConnectionPool(host='localhost', port=80): Max retries exceeded with url: /api/v1/mock/mock-swagger/api/v3/user/%7Busername%7D (Caused by NewConnectionError(""HTTPConnection(host='localhost', port=80): Failed to establish a new connection: [Errno 111] Connection refused""))"
2026-09-18T15:09:11.433677,call_1,POST,http://localhost/api/v1/mock/mock-swagger/api/v3/pet,0,2.7,"HTTPConnectionPool(host='localhost', port=80): Max retries exceeded with url: /api/v1/mock/mock-swagger/api/v3/pet (Caused by NewConnectionError(""HTTPConnection(host='localhost', port=80): Failed to establish a new connection: [Errno 111] Connection refused""))"
2026-09-18T15:09:11.472012,call_4,POST,http://localhost/api/v1/mock/mock-swagger/api/v3/user/createWithList,0,4.34,"HTTPConnectionPool(host='localhost', port=80): Max retries exceeded with url: /api/v1/mock/mock-swagger/api/v3/user/createWithList (Caused by NewConnectionError(""HTTPConnection(host='localhost', port=80): Failed to establish a new connection: [Errno 111] Connection refused""))"
2026-09-18T15:09:11.472431,call_3,GET,http://localhost/api/v1/mock/mock-swagger/api/v3/store/inventory,0,7.09,"HTTPConnectionPool(host='localhost', port=80): Max retries exceeded with url: /api/v1/mock/mock-swagger/api/v3/store/inventory (Caused by NewConnectionError(""HTTPConnection(host='localhost', port=80): Failed to establish a new connection: [Errno 111] Connection refused""))"
2026-09-18T15:09:11.473306,call_2,PUT,http://localhost/api/v1/mock/mock-swagger/api/v3/pet,0,9.09,"HTTPConnectionPool(host='localhost', port=80): Max retries exceeded with url: /api/v1/mock/mock-swagger/api/v3/pet (Caused by NewConnectionError(""HTTPConnection(host='localhost', port=80): Failed to establish a new connection: [Errno 111] Connection refused""))"
2026-09-18T15:09:11.476590,call_2,PUT,http://localhost/api/v1/mock/mock-swagger/api/v3/pet,0,1.61,"HTTPConnectionPool(host='localhost', port=80): Max retries exceeded with url: /api/v1/mock/mock-swagger/api/v3/pet (Caused by NewConnectionError(""HTTPConnection(host='localhost', port=80): Failed to establish a new connection: [Errno 111] Connection refused""))"
2026-09-18T15:09:11.488369,call_2,PUT,http://localhost/api/v1/mock/mock-swagger/api/v3/pet,0,1.23,"HTTPConnectionPool(host='localhost', port=80): Max retries exceeded with url: /api/v1/mock/mock-swagger/api/v3/pet (Caused by NewConnectionError(""HTTPConnection(host='localhost', port=80): Failed to establish a new connection: [Errno 111] Connection refused""))"
2026-09-18T15:09:11.520059,call_3,GET,http://localhost/api/v1/mock/mock-swagger/api/v3/store/inventory,0,4.75,"HTTPConnectionPool(host='localhost', port=80): Max retries exceeded with url: /api/v1/mock/mock-swagger/api/v3/store/inventory (Caused by NewConnectionError(""HTTPConnection(host='localhost', port=80): Failed to establish a new connection: [Errno 111] Connection refused""))"
2026-09-18T15:09:11.521493,call_1,POST,http://localhost/api/v1/mock/mock-swagger/api/v3/pet,0,5.13,"HTTPConnectionPool(host='localhost', port=80): Max retries exceeded with url: /api/v1/mock/mock-swagger/api/v3/pet (Caused by NewConnectionError(""HTTPConnection(host='localhost', port=80): Failed to establish a new connection: [Errno 111] Connection refused""))"
2026-09-18T15:09:11.521768,call_5,DELETE,http://localhost/api/v1/mock/mock-swagger/api/v3/user/{username},0,9.58,"HTTPConnectionPool(host='localhost', port=80): Max retries exceeded with url: /api/v1/mock/mock-swagger/api/v3/user/%7Busername%7D (Caused by NewConnectionError(""HTTPConnection(host='localhost', port=80): Failed to establish a new connection: [Errno 111] Connection refused""))"
2026-09-18T15:09:11.522894,call_1,POST,http://localhost/api/v1/mock/mock-swagger/api/v3/pet,0,4.82,"HTTPConnectionPool(host='localhost', port=80): Max retries exceeded with url: /api/v1/mock/mock-swagger/api/v3/pet (Caused by NewConnectionError(""HTTPConnection(host='localhost', port=80): Failed to establish a new connection: [Errno 111] Connection refused""))"
2026-09-18T15:09:11.543026,call_2,PUT,http://localhost/api/v1/mock/mock-swagger/api/v3/pet,0,9.18,"HTTPConnectionPool(host='localhost', port=80): Max retries exceeded with url: /api/v1/mock/mock-swagger/api/v3/pet (Caused by NewConnectionError(""HTTPConnection(host='localhost', port=80): Failed to establish a new connection: [Errno 111] Connection refused""))"
2026-09-18T15:09:11.581560,call_3,GET,http://localhost/api/v1/mock/mock-swagger/api/v3/store/inventory,0,2.7,"HTTPConnectionPool(host='localhost', port=80): Max retries exceeded with url: /api/v1/mock/mock-swagger/api/v3/store/inventory (Caused by NewConnectionError(""HTTPConnection(host='localhost', port=80): Failed to establish a new connection: [Errno 111] Connection refused""))"
2026-09-18T15:09:11.581752,call_5,DELETE,http://localhost/api/v1/mock/mock-swagger/api/v3/user/{username},0,9.57,"HTTPConnectionPool(host='localhost', port=80): Max retries exceeded with url: /api/v1/mock/mock-swagger/api/v3/user/%7Busername%7D (Caused by NewConnectionError(""HTTPConnection(host='localhost', port=80): Failed to establish a new connection: [Errno 111] Connection refused""))"
2026-09-18T15:09:11.582351,call_4,POST,http://localhost/api/v1/mock/mock-swagger/api/v3/user/createWithList,0,9.07,"HTTPConnectionPool(host='localhost', port=80): Max retries exceeded with url: /api/v1/mock/mock-swagger/api/v3/user/createWithList (Caused by NewConnectionError(""HTTPConnection(host='localhost', port=80): Failed to establish a new connection: [Errno 111] Connection refused""))"
2026-09-18T15:09:11.582884,call_3,GET,http://localhost/api/v1/mock/mock-swagger/api/v3/store/inventory,0,7.37,"HTTPConnectionPool(host='localhost', port=80): Max retries exceeded with url: /api/v1/mock/mock-swagger/api/v3/store/inventory (Caused by NewConnectionError(""HTTPConnection(host='localhost', port=80): Failed to establish a new connection: [Errno 111] Connection refused""))"
2026-09-18T15:09:11.589652,call_3,GET,http://localhost/api/v1/mock/mock-swagger/api/v3/store/inventory,0,1.14,"HTTPConnectionPool(host='localhost', port=80): Max retries exceeded with url: /api/v1/mock/mock-swagger/api/v3/store/inventory (Caused by NewConnectionError(""HTTPConnection(host='localhost', port=80): Failed to establish a new connection: [Errno 111] Connection refused""))"
2026-09-18T15:09:11.630780,call_4,POST,http://localhost/api/v1/mock/mock-swagger/api/v3/user/createWithList,0,10.55,"HTTPConnectionPool(host='localhost', port=80): Max retries exceeded with url: /api/v1/mock/mock-swagger/api/v3/user/createWithList (Caused by NewConnectionError(""HTTPConnection(host='localhost', port=80): Failed to establish a new connection: [Errno 111] Connection refused""))"
2026-09-18T15:09:11.631279,call_1,POST,http://localhost/api/v1/mock/mock-swagger/api/v3/pet,0,4.67,"HTTPConnectionPool(host='localhost', port=80): Max retries exceeded with url: /api/v1/mock/mock-swagger/api/v3/pet (Caused by NewConnectionError(""HTTPConnection(host='localhost', port=80): Failed to establish a new connection: [Errno 111] Connection refused""))"
2026-09-18T15:09:11.632488,call_2,PUT,http://localhost/api/v1/mock/mock-swagger/api/v3/pet,0,8.58,"HTTPConnectionPool(host='localhost', port=80): Max retries exceeded with url: /api/v1/mock/mock-swagger/api/v3/pet (Caused by NewConnectionError(""HTTPConnection(host='localhost', port=80): Failed to establish a new connection: [Errno 111] Connection refused""))"
2026-09-18T15:09:11.632681,call_2,PUT,http://localhost/api/v1/mock/mock-swagger/api/v3/pet,0,4.06,"HTTPConnectionPool(host='localhost', port=80): Max retries exceeded with url: /api/v1/mock/mock-swagger/api/v3/pet (Caused by NewConnectionError(""HTTPConnection(host='localhost', port=80): Failed to establish a new connection: [Errno 111] Connection refused""))"
2026-09-18T15:09:11.645763,call_3,GET,http://localhost/api/v1/mock/mock-swagger/api/v3/store/inventory,0,1.9,"HTTPConnectionPool(host='localhost', port=80): Max retries exceeded with url: /api/v1/mock/mock-swagger/api/v3/store/inventory (Caused by NewConnectionError(""HTTPConnection(host='localhost', port=80): Failed to establish a new connection: [Errno 111] Connection refused""))"
2026-09-18T15:09:11.691615,call_1,POST,http://localhost/api/v1/mock/mock-swagger/api/v3/pet,0,8.04,"HTTPConnectionPool(host='localhost', port=80): Max retries exceeded with url: /api/v1/mock/mock-swagger/api/v3/pet (Caused by NewConnectionError(""HTTPConnection(host='localhost', port=80): Failed to establish a new connection: [Errno 111] Connection refused""))"
2026-09-18T15:09:11.692901,call_5,DELETE,http://localhost/api/v1/mock/mock-swagger/api/v3/user/{username},0,7.15,"HTTPConnectionPool(host='localhost', port=80): Max retries exceeded with url: /api/v1/mock/mock-swagger/api/v3/user/%7Busername%7D (Caused by NewConnectionError(""HTTPConnection(host='localhost', port=80): Failed to establish a new connection: [Errno 111] Connection refused""))"
2026-09-18T15:09:11.693101,call_4,POST,http://localhost/api/v1/mock/mock-swagger/api/v3/user/createWithList,0,10.63,"HTTPConnectionPool(host='localhost', port=80): Max retries exceeded with url: /api/v1/mock/mock-swagger/api/v3/user/createWithList (Caused by NewConnectionError(""HTTPConnection(host='localhost', port=80): Failed to establish a new connection: [Errno 111] Connection refused""))"
2026-09-18T15:09:11.693527,call_4,POST,http://localhost/api/v1/mock/mock-swagger/api/v3/user/createWithList,0,6.56,"HTTPConnectionPool(host='localhost', port=80): Max retries exceeded with url: /api/v1/mock/mock-swagger/api/v3/user/createWithList (Caused by NewConnectionError(""HTTPConnection(host='localhost', port=80): Failed to establish a new connection: [Errno 111] Connection refused""))"
2026-09-18T15:09:11.694086,call_4,POST,http://localhost/api/v1/mock/mock-swagger/api/v3/user/createWithList,0,4.07,"HTTPConnectionPool(host='localhost', port=80): Max retries exceeded with url: /api/v1/mock/mock-swagger/api/v3/user/createWithList (Caused by NewConnectionError(""HTTPConnection(host='localhost', port=80): Failed to establish a new connection: [Errno 111] Connection refused""))"
2026-09-18T15:09:11.741820,call_5,DELETE,http://localhost/api/v1/mock/mock-swagger/api/v3/user/{username},0,10.87,"HTTPConnectionPool(host='localhost', port=80): Max retries exceeded with url: /api/v1/mock/mock-swagger/api/v3/user/%7Busername%7D (Caused by NewConnectionError(""HTTPConnection(host='localhost', port=80): Failed to establish a new connection: [Errno 111] Connection refused""))"
2026-09-18T15:09:11.742516,call_3,GET,http://localhost/api/v1/mock/mock-swagger/api/v3/store/inventory,0,6.23,"HTTPConnectionPool(host='localhost', port=80): Max retries exceeded with url: /api/v1/mock/mock-swagger/api/v3/store/inventory (Caused by NewConnectionError(""HTTPConnection(host='localhost', port=80): Failed to establish a new connection: [Errno 111] Connection refused""))"
2026-09-18T15:09:11.742738,call_2,PUT,http://localhost/api/v1/mock/mock-swagger/api/v3/pet,0,10.73,"HTTPConnectionPool(host='localhost', port=80): Max retries exceeded with url: /api/v1/mock/mock-swagger/api/v3/pet (Caused by NewConnectionError(""HTTPConnection(host='localhost', port=80): Failed to establish a new connection: [Errno 111] Connection refused""))"
2026-09-18T15:09:11.744268,call_3,GET,http://localhost/api/v1/mock/mock-swagger/api/v3/store/inventory,0,6.82,"HTTPConnectionPool(host='localhost', port=80): Max retries exceeded with url: /api/v1/mock/mock-swagger/api/v3/store/inventory (Caused by NewConnectionError(""HTTPConnection(host='localhost', port=80): Failed to establish a new connection: [Errno 111] Connection refused""))"
2026-09-18T15:09:11.748745,call_4,POST,http://localhost/api/v1/mock/mock-swagger/api/v3/user/createWithList,0,2.03,"HTTPConnectionPool(host='localhost', port=80): Max retries exceeded with url: /api/v1/mock/mock-swagger/api/v3/user/createWithList (Caused by NewConnectionError(""HTTPConnection(host='localhost', port=80): Failed to establish a new connection: [Errno 111] Connection refused""))"
2026-09-18T15:09:11.801459,call_2,PUT,http://localhost/api/v1/mock/mock-swagger/api/v3/pet,0,9.67,"HTTPConnectionPool(host='localhost', port=80): Max retries exceeded with url: /api/v1/mock/mock-swagger/api/v3/pet (Caused by NewConnectionError(""HTTPConnection(host='localhost', port=80): Failed to establish a new connection: [Errno 111] Connection refused""))"
2026-09-18T15:09:11.802187,call_5,DELETE,http://localhost/api/v1/mock/mock-swagger/api/v3/user/{username},0,4.66,"HTTPConnectionPool(host='localhost', port=80): Max retries exceeded with url: /api/v1/mock/mock-swagger/api/v3/user/%7Busername%7D (Caused by NewConnectionError(""HTTPConnection(host='localhost', port=80): Failed to establish a new connection: [Errno 111] Connection refused""))"
2026-09-18T15:09:11.802855,call_5,DELETE,http://localhost/api/v1/mock/mock-swagger/api/v3/user/{username},0,6.63,"HTTPConnectionPool(host='localhost', port=80): Max retries exceeded with url: /api/v1/mock/mock-swagger/api/v3/user/%7Busername%7D (Caused by NewConnectionError(""HTTPConnection(host='localhost', port=80): Failed to establish a new connection: [Errno 111] Connection refused""))"
2026-09-18T15:09:11.803285,call_1,POST,http://localhost/api/v1/mock/mock-swagger/api/v3/pet,0,8.14,"HTTPConnectionPool(host='localhost', port=80): Max retries exceeded with url: /api/v1/mock/mock-swagger/api/v3/pet (Caused by NewConnectionError(""HTTPConnection(host='localhost', port=80): Failed to establish a new connection: [Errno 111] Connection refused""))"
2026-09-18T15:09:11.803557,call_5,DELETE,http://localhost/api/v1/mock/mock-swagger/api/v3/user/{username},0,3.92,"HTTPConnectionPool(host='localhost', port=80): Max retries exceeded with url: /api/v1/mock/mock-swagger/api/v3/user/%7Busername%7D (Caused by NewConnectionError(""HTTPConnection(host='localhost', port=80): Failed to establish a new connection: [Errno 111] Connection refused""))"
2026-09-18T15:09:11.854752,call_1,POST,http://localhost/api/v1/mock/mock-swagger/api/v3/pet,0,12.15,"HTTPConnectionPool(host='localhost', port=80): Max retries exceeded with url: /api/v1/mock/mock-swagger/api/v3/pet (Caused by NewConnectionError(""HTTPConnection(host='localhost', port=80): Failed to establish a new connection: [Errno 111] Connection refused""))"
2026-09-18T15:09:11.855072,call_3,GET,http://localhost/api/v1/mock/mock-swagger/api/v3/store/inventory,0,10.19,"HTTPConnectionPool(host='localhost', port=80): Max retries exceeded with url: /api/v1/mock/mock-swagger/api/v3/store/inventory (Caused by NewConnectionError(""HTTPConnection(host='localhost', port=80): Failed to establish a new connection: [Errno 111] Connection refused""))"
2026-09-18T15:09:11.855598,call_4,POST,http://localhost/api/v1/mock/mock-swagger/api/v3/user/createWithList,0,11.88,"HTTPConnectionPool(host='localhost', port=80): Max retries exceeded with url: /api/v1/mock/mock-swagger/api/v3/user/createWithList (Caused by NewConnectionError(""HTTPConnection(host='localhost', port=80): Failed to establish a new connection: [Errno 111] Connection refused""))"
2026-09-18T15:09:11.856545,call_4,POST,http://localhost/api/v1/mock/mock-swagger/api/v3/user/createWithList,0,6.68,"HTTPConnectionPool(host='localhost', port=80): Max retries exceeded with url: /api/v1/mock/mock-swagger/api/v3/user/createWithList (Caused by NewConnectionError(""HTTPConnection(host='localhost', port=80): Failed to establish a new connection: [Errno 111] Connection refused""))"
2026-09-18T15:09:11.857527,call_5,DELETE,http://localhost/api/v1/mock/mock-swagger/api/v3/user/{username},0,5.02,"HTTPConnectionPool(host='localhost', port=80): Max retries exceeded with url: /api/v1/mock/mock-swagger/api/v3/user/%7Busername%7D (Caused by NewConnectionError(""HTTPConnection(host='localhost', port=80): Failed to establish a new connection: [Errno 111] Connection refused""))"
2026-09-18T15:09:11.913850,call_2,PUT,http://localhost/api/v1/mock/mock-swagger/api/v3/pet,0,3.67,"HTTPConnectionPool(host='localhost', port=80): Max retries exceeded with url: /api/v1/mock/mock-swagger/api/v3/pet (Caused by NewConnectionError(""HTTPConnection(host='localhost', port=80): Failed to establish a new connection: [Errno 111] Connection refused""))"
2026-09-18T15:09:11.914531,call_1,POST,http://localhost/api/v1/mock/mock-swagger/api/v3/pet,0,9.77,"HTTPConnectionPool(host='localhost', port=80): Max retries exceeded with url: /api/v1/mock/mock-swagger/api/v3/pet (Caused by NewConnectionError(""HTTPConnection(host='localhost', port=80): Failed to establish a new connection: [Errno 111] Connection refused""))"
2026-09-18T15:09:11.914833,call_3,GET,http://localhost/api/v1/mock/mock-swagger/api/v3/store/inventory,0,13.21,"HTTPConnectionPool(host='localhost', port=80): Max retries exceeded with url: /api/v1/mock/mock-swagger/api/v3/store/inventory (Caused by NewConnectionError(""HTTPConnection(host='localhost', port=80): Failed to establish a new connection: [Errno 111] Connection refused""))"
2026-09-18T15:09:11.915410,call_1,POST,http://localhost/api/v1/mock/mock-swagger/api/v3/pet,0,7.86,"HTTPConnectionPool(host='localhost', port=80): Max retries exceeded with url: /api/v1/mock/mock-swagger/api/v3/pet (Caused by NewConnectionError(""HTTPConnection(host='localhost', port=80): Failed to establish a new connection: [Errno 111] Connection refused""))"
2026-09-18T15:09:11.915681,call_1,POST,http://localhost/api/v1/mock/mock-swagger/api/v3/pet,0,13.03,"HTTPConnectionPool(host='localhost', port=80): Max retries exceeded with url: /api/v1/mock/mock-swagger/api/v3/pet (Caused by NewConnectionError(""HTTPConnection(host='localhost', port=80): Failed to establish a new connection: [Errno 111] Connection refused""))"
2026-09-18T15:09:11.968473,call_2,PUT,http://localhost/api/v1/mock/mock-swagger/api/v3/pet,0,12.64,"HTTPConnectionPool(host='localhost', port=80): Max retries exceeded with url: /api/v1/mock/mock-swagger/api/v3/pet (Caused by NewConnectionError(""HTTPConnection(host='localhost', port=80): Failed to establish a new connection: [Errno 111] Connection refused""))"
2026-09-18T15:09:11.968786,call_4,POST,http://localhost/api/v1/mock/mock-swagger/api/v3/user/createWithList,0,11.91,"HTTPConnectionPool(host='localhost', port=80): Max retries exceeded with url: /api/v1/mock/mock-swagger/api/v3/user/createWithList (Caused by NewConnectionError(""HTTPConnection(host='localhost', port=80): Failed to establish a new connection: [Errno 111] Connection refused""))"
2026-09-18T15:09:11.969805,call_5,DELETE,http://localhost/api/v1/mock/mock-swagger/api/v3/user/{username},0,10.94,"HTTPConnectionPool(host='localhost', port=80): Max retries exceeded with url: /api/v1/mock/mock-swagger/api/v3/user/%7Busername%7D (Caused by NewConnectionError(""HTTPConnection(host='localhost', port=80): Failed to establish a new connection: [Errno 111] Connection refused""))"
2026-09-18T15:09:11.970675,call_1,POST,http://localhost/api/v1/mock/mock-swagger/api/v3/pet,0,8.08,"HTTPConnectionPool(host='localhost', port=80): Max retries exceeded with url: /api/v1/mock/mock-swagger/api/v3/pet (Caused by NewConnectionError(""HTTPConnection(host='localhost', port=80): Failed to establish a new connection: [Errno 111] Connection refused""))"
2026-09-18T15:09:11.970885,call_5,DELETE,http://localhost/api/v1/mock/mock-swagger/api/v3/user/{username},0,10.46,"HTTPConnectionPool(host='localhost', port=80): Max retries exceeded with url: /api/v1/mock/mock-swagger/api/v3/user/%7Busername%7D (Caused by NewConnectionError(""HTTPConnection(host='localhost', port=80): Failed to establish a new connection: [Errno 111] Connection refused""))"
2026-09-18T15:09:12.025737,call_2,PUT,http://localhost/api/v1/mock/mock-swagger/api/v3/pet,0,7.99,"HTTPConnectionPool(host='localhost', port=80): Max retries exceeded with url: /api/v1/mock/mock-swagger/api/v3/pet (Caused by NewConnectionError(""HTTPConnection(host='localhost', port=80): Failed to establish a new connection: [Errno 111] Connection refused""))"
2026-09-18T15:09:12.026273,call_2,PUT,http://localhost/api/v1/mock/mock-swagger/api/v3/pet,0,9.6,"HTTPConnectionPool(host='localhost', port=80): Max retries exceeded with url: /api/v1/mock/mock-swagger/api/v3/pet (Caused by NewConnectionError(""HTTPConnection(host='localhost', port=80): Failed to establish a new connection: [Errno 111] Connection refused""))"
2026-09-18T15:09:12.027229,call_4,POST,http://localhost/api/v1/mock/mock-swagger/api/v3/user/createWithList,0,4.32,"HTTPConnectionPool(host='localhost', port=80): Max retries exceeded with url: /api/v1/mock/mock-swagger/api/v3/user/createWithList (Caused by NewConnectionError(""HTTPConnection(host='localhost', port=80): Failed to establish a new connection: [Errno 111] Connection refused""))"
2026-09-18T15:09:12.027492,call_2,PUT,http://localhost/api/v1/mock/mock-swagger/api/v3/pet,0,8.7,"HTTPConnectionPool(host='localhost', port=80): Max retries exceeded with url: /api/v1/mock/mock-swagger/api/v3/pet (Caused by NewConnectionError(""HTTPConnection(host='localhost', port=80): Failed to establish a new connection: [Errno 111] Connection refused""))"
2026-09-18T15:09:12.027980,call_3,GET,http://localhost/api/v1/mock/mock-swagger/api/v3/store/inventory,0,13.59,"HTTPConnectionPool(host='localhost', port=80): Max retries exceeded with url: /api/v1/mock/mock-swagger/api/v3/store/inventory (Caused by NewConnectionError(""HTTPConnection(host='localhost', port=80): Failed to establish a new connection: [Errno 111] Connection refused""))"
2026-09-18T15:09:12.076866,call_5,DELETE,http://localhost/api/v1/mock/mock-swagger/api/v3/user/{username},0,6.77,"HTTPConnectionPool(host='localhost', port=80): Max retries exceeded with url: /api/v1/mock/mock-swagger/api/v3/user/%7Busername%7D (Caused by NewConnectionError(""HTTPConnection(host='localhost', port=80): Failed to establish a new connection: [Errno 111] Connection refused""))"
2026-09-18T15:09:12.081207,call_2,PUT,http://localhost/api/v1/mock/mock-swagger/api/v3/pet,0,8.14,"HTTPConnectionPool(host='localhost', port=80): Max retries exceeded with url: /api/v1/mock/mock-swagger/api/v3/pet (Caused by NewConnectionError(""HTTPConnection(host='localhost', port=80): Failed to establish a new connection: [Errno 111] Connection refused""))"
2026-09-18T15:09:12.082313,call_1,POST,http://localhost/api/v1/mock/mock-swagger/api/v3/pet,0,7.94,"HTTPConnectionPool(host='localhost', port=80): Max retries exceeded with url: /api/v1/mock/mock-swagger/api/v3/pet (Caused by NewConnectionError(""HTTPConnection(host='localhost', port=80): Failed to establish a new connection: [Errno 111] Connection refused""))"
2026-09-18T15:09:12.082700,call_1,POST,http://localhost/api/v1/mock/mock-swagger/api/v3/pet,0,4.28,"HTTPConnectionPool(host='localhost', port=80): Max retries exceeded with url: /api/v1/mock/mock-swagger/api/v3/pet (Caused by NewConnectionError(""HTTPConnection(host='localhost', port=80): Failed to establish a new connection: [Errno 111] Connection refused""))"
2026-09-18T15:09:12.082968,call_3,GET,http://localhost/api/v1/mock/mock-swagger/api/v3/store/inventory,0,13.87,"HTTPConnectionPool(host='localhost', port=80): Max retries exceeded with url: /api/v1/mock/mock-swagger/api/v3/store/inventory (Caused by NewConnectionError(""HTTPConnection(host='localhost', port=80): Failed to establish a new connection: [Errno 111] Connection refused""))"
2026-09-18T15:09:12.138860,call_4,POST,http://localhost/api/v1/mock/mock-swagger/api/v3/user/createWithList,0,5.56,"HTTPConnectionPool(host='localhost', port=80): Max retries exceeded with url: /api/v1/mock/mock-swagger/api/v3/user/createWithList (Caused by NewConnectionError(""HTTPConnection(host='localhost', port=80): Failed to establish a new connection: [Errno 111] Connection refused""))"
2026-09-18T15:09:12.140054,call_5,DELETE,http://localhost/api/v1/mock/mock-swagger/api/v3/user/{username},0,7.58,"HTTPConnectionPool(host='localhost', port=80): Max retries exceeded with url: /api/v1/mock/mock-swagger/api/v3/user/%7Busername%7D (Caused by NewConnectionError(""HTTPConnection(host='localhost', port=80): Failed to establish a new connection: [Errno 111] Connection refused""))"
2026-09-18T15:09:12.140399,call_3,GET,http://localhost/api/v1/mock/mock-swagger/api/v3/store/inventory,0,13.03,"HTTPConnectionPool(host='localhost', port=80): Max retries exceeded with url: /api/v1/mock/mock-swagger/api/v3/store/inventory (Caused by NewConnectionError(""HTTPConnection(host='localhost', port=80): Failed to establish a new connection: [Errno 111] Connection refused""))"
2026-09-18T15:09:12.141218,call_3,GET,http://localhost/api/v1/mock/mock-swagger/api/v3/store/inventory,0,4.65,"HTTPConnectionPool(host='localhost', port=80): Max retries exceeded with url: /api/v1/mock/mock-swagger/api/v3/store/inventory (Caused by NewConnectionError(""HTTPConnection(host='localhost', port=80): Failed to establish a new connection: [Errno 111] Connection refused""))"
2026-09-18T15:09:12.141856,call_3,GET,http://localhost/api/v1/mock/mock-swagger/api/v3/store/inventory,0,15.59,"HTTPConnectionPool(host='localhost', port=80): Max retries exceeded with url: /api/v1/mock/mock-swagger/api/v3/store/inventory (Caused by NewConnectionError(""HTTPConnection(host='localhost', port=80): Failed to establish a new connection: [Errno 111] Connection refused""))"
2026-09-18T15:09:12.178629,call_1,POST,http://localhost/api/v1/mock/mock-swagger/api/v3/pet,0,1.61,"HTTPConnectionPool(host='localhost', port=80): Max retries exceeded with url: /api/v1/mock/mock-swagger/api/v3/pet (Caused by NewConnectionError(""HTTPConnection(host='localhost', port=80): Failed to establish a new connection: [Errno 111] Connection refused""))"
2026-09-18T15:09:12.192162,call_3,GET,http://localhost/api/v1/mock/mock-swagger/api/v3/store/inventory,0,10.77,"HTTPConnectionPool(host='localhost', port=80): Max retries exceeded with url: /api/v1/mock/mock-swagger/api/v3/store/inventory (Caused by NewConnectionError(""HTTPConnection(host='localhost', port=80): Failed to establish a new connection: [Errno 111] Connection refused""))"
2026-09-18T15:09:12.194658,call_2,PUT,http://localhost/api/v1/mock/mock-swagger/api/v3/pet,0,10.11,"HTTPConnectionPool(host='localhost', port=80): Max retries exceeded with url: /api/v1/mock/mock-swagger/api/v3/pet (Caused by NewConnectionError(""HTTPConnection(host='localhost', port=80): Failed to establish a new connection: [Errno 111] Connection refused""))"
2026-09-18T15:09:12.196008,call_2,PUT,http://localhost/api/v1/mock/mock-swagger/api/v3/pet,0,10.26,"HTTPConnectionPool(host='localhost', port=80): Max retries exceeded with url: /api/v1/mock/mock-swagger/api/v3/pet (Caused by NewConnectionError(""HTTPConnection(host='localhost', port=80): Failed to establish a new connection: [Errno 111] Connection refused""))"
2026-09-18T15:09:12.196342,call_4,POST,http://localhost/api/v1/mock/mock-swagger/api/v3/user/createWithList,0,5.73,"HTTPConnectionPool(host='localhost', port=80): Max retries exceeded with url: /api/v1/mock/mock-swagger/api/v3/user/createWithList (Caused by NewConnectionError(""HTTPConnection(host='localhost', port=80): Failed to establish a new connection: [Errno 111] Connection refused""))"
2026-09-18T15:09:12.249861,call_5,DELETE,http://localhost/api/v1/mock/mock-swagger/api/v3/user/{username},0,10.83,"HTTPConnectionPool(host='localhost', port=80): Max retries exceeded with url: /api/v1/mock/mock-swagger/api/v3/user/%7Busername%7D (Caused by NewConnectionError(""HTTPConnection(host='localhost', port=80): Failed to establish a new connection: [Errno 111] Connection refused""))"
2026-09-18T15:09:12.252065,call_4,POST,http://localhost/api/v1/mock/mock-swagger/api/v3/user/createWithList,0,8.59,"HTTPConnectionPool(host='localhost', port=80): Max retries exceeded with url: /api/v1/mock/mock-swagger/api/v3/user/createWithList (Caused by NewConnectionError(""HTTPConnection(host='localhost', port=80): Failed to establish a new connection: [Errno 111] Connection refused""))"
2026-09-18T15:09:12.252851,call_4,POST,http://localhost/api/v1/mock/mock-swagger/api/v3/user/createWithList,0,7.0,"HTTPConnectionPool(host='localhost', port=80): Max retries exceeded with url: /api/v1/mock/mock-swagger/api/v3/user/createWithList (Caused by NewConnectionError(""HTTPConnection(host='localhost', port=80): Failed to establish a new connection: [Errno 111] Connection refused""))"
2026-09-18T15:09:12.253612,call_1,POST,http://localhost/api/v1/mock/mock-swagger/api/v3/pet,0,6.64,"HTTPConnectionPool(host='localhost', port=80): Max retries exceeded with url: /api/v1/mock/mock-swagger/api/v3/pet (Caused by NewConnectionError(""HTTPConnection(host='localhost', port=80): Failed to establish a new connection: [Errno 111] Connection refused""))"
2026-09-18T15:09:12.253942,call_4,POST,http://localhost/api/v1/mock/mock-swagger/api/v3/user/createWithList,0,5.55,"HTTPConnectionPool(host='localhost', port=80): Max retries exceeded with url: /api/v1/mock/mock-swagger/api/v3/user/createWithList (Caused by NewConnectionError(""HTTPConnection(host='localhost', port=80): Failed to establish a new connection: [Errno 111] Connection refused""))"
2026-09-18T15:09:12.280448,call_2,PUT,http://localhost/api/v1/mock/mock-swagger/api/v3/pet,0,1.65,"HTTPConnectionPool(host='localhost', port=80): Max retries exceeded with url: /api/v1/mock/mock-swagger/api/v3/pet (Caused by NewConnectionError(""HTTPConnection(host='localhost', port=80): Failed to establish a new connection: [Errno 111] Connection refused""))"
2026-09-18T15:09:12.305245,call_4,POST,http://localhost/api/v1/mock/mock-swagger/api/v3/user/createWithList,0,12.91,"HTTPConnectionPool(host='localhost', port=80): Max retries exceeded with url: /api/v1/mock/mock-swagger/api/v3/user/createWithList (Caused by NewConnectionError(""HTTPConnection(host='localhost', port=80): Failed to establish a new connection: [Errno 111] Connection refused""))"
2026-09-18T15:09:12.306133,call_5,DELETE,http://localhost/api/v1/mock/mock-swagger/api/v3/user/{username},0,6.23,"HTTPConnectionPool(host='localhost', port=80): Max retries exceeded with url: /api/v1/mock/mock-swagger/api/v3/user/%7Busername%7D (Caused by NewConnectionError(""HTTPConnection(host='localhost', port=80): Failed to establish a new connection: [Errno 111] Connection refused""))"
2026-09-18T15:09:12.306423,call_3,GET,http://localhost/api/v1/mock/mock-swagger/api/v3/store/inventory,0,3.88,"HTTPConnectionPool(host='localhost', port=80): Max retries exceeded with url: /api/v1/mock/mock-swagger/api/v3/store/inventory (Caused by NewConnectionError(""HTTPConnection(host='localhost', port=80): Failed to establish a new connection: [Errno 111] Connection refused""))"
2026-09-18T15:09:12.313510,call_3,GET,http://localhost/api/v1/mock/mock-swagger/api/v3/store/inventory,0,14.75,"HTTPConnectionPool(host='localhost', port=80): Max retries exceeded with url: /api/v1/mock/mock-swagger/api/v3/store/inventory (Caused by NewConnectionError(""HTTPConnection(host='localhost', port=80): Failed to establish a new connection: [Errno 111] Connection refused""))"
2026-09-18T15:09:12.358516,call_1,POST,http://localhost/api/v1/mock/mock-swagger/api/v3/pet,0,8.48,"HTTPConnectionPool(host='localhost', port=80): Max retries exceeded with url: /api/v1/mock/mock-swagger/api/v3/pet (Caused by NewConnectionError(""HTTPConnection(host='localhost', port=80): Failed to establish a new connection: [Errno 111] Connection refused""))"
2026-09-18T15:09:12.362059,call_2,PUT,http://localhost/api/v1/mock/mock-swagger/api/v3/pet,0,3.34,"HTTPConnectionPool(host='localhost', port=80): Max retries exceeded with url: /api/v1/mock/mock-swagger/api/v3/pet (Caused by NewConnectionError(""HTTPConnection(host='localhost', port=80): Failed to establish a new connection: [Errno 111] Connection refused""))"
2026-09-18T15:09:12.362769,call_5,DELETE,http://localhost/api/v1/mock/mock-swagger/api/v3/user/{username},0,5.43,"HTTPConnectionPool(host='localhost', port=80): Max retries exceeded with url: /api/v1/mock/mock-swagger/api/v3/user/%7Busername%7D (Caused by NewConnectionError(""HTTPConnection(host='localhost', port=80): Failed to establish a new connection: [Errno 111] Connection refused""))"
2026-09-18T15:09:12.364229,call_5,DELETE,http://localhost/api/v1/mock/mock-swagger/api/v3/user/{username},0,7.95,"HTTPConnectionPool(host='localhost', port=80): Max retries exceeded with url: /api/v1/mock/mock-swagger/api/v3/user/%7Busername%7D (Caused by NewConnectionError(""HTTPConnection(host='localhost', port=80): Failed to establish a new connection: [Errno 111] Connection refused""))"
2026-09-18T15:09:12.364841,call_5,DELETE,http://localhost/api/v1/mock/mock-swagger/api/v3/user/{username},0,9.74,"HTTPConnectionPool(host='localhost', port=80): Max retries exceeded with url: /api/v1/mock/mock-swagger/api/v3/user/%7Busername%7D (Caused by NewConnectionError(""HTTPConnection(host='localhost', port=80): Failed to establish a new connection: [Errno 111] Connection refused""))"
2026-09-18T15:09:12.382089,call_3,GET,http://localhost/api/v1/mock/mock-swagger/api/v3/store/inventory,0,1.51,"HTTPConnectionPool(host='localhost', port=80): Max retries exceeded with url: /api/v1/mock/mock-swagger/api/v3/store/inventory (Caused by NewConnectionError(""HTTPConnection(host='localhost', port=80): Failed to establish a new connection: [Errno 111] Connection refused""))"
2026-09-18T15:09:12.411912,call_5,DELETE,http://localhost/api/v1/mock/mock-swagger/api/v3/user/{username},0,5.78,"HTTPConnectionPool(host='localhost', port=80): Max retries exceeded with url: /api/v1/mock/mock-swagger/api/v3/user/%7Busername%7D (Caused by NewConnectionError(""HTTPConnection(host='localhost', port=80): Failed to establish a new connection: [Errno 111] Connection refused""))"
2026-09-18T15:09:12.412624,call_4,POST,http://localhost/api/v1/mock/mock-swagger/api/v3/user/createWithList,0,3.11,"HTTPConnectionPool(host='localhost', port=80): Max retries exceeded with url: /api/v1/mock/mock-swagger/api/v3/user/createWithList (Caused by NewConnectionError(""HTTPConnection(host='localhost', port=80): Failed to establish a new connection: [Errno 111] Connection refused""))"
2026-09-18T15:09:12.413925,call_1,POST,http://localhost/api/v1/mock/mock-swagger/api/v3/pet,0,5.58,"HTTPConnectionPool(host='localhost', port=80): Max retries exceeded with url: /api/v1/mock/mock-swagger/api/v3/pet (Caused by NewConnectionError(""HTTPConnection(host='localhost', port=80): Failed to establish a new connection: [Errno 111] Connection refused""))"
2026-09-18T15:09:12.419827,call_4,POST,http://localhost/api/v1/mock/mock-swagger/api/v3/user/createWithList,0,4.42,"HTTPConnectionPool(host='localhost', port=80): Max retries exceeded with url: /api/v1/mock/mock-swagger/api/v3/user/createWithList (Caused by NewConnectionError(""HTTPConnection(host='localhost', port=80): Failed to establish a new connection: [Errno 111] Connection refused""))"
2026-09-18T15:09:12.460360,call_2,PUT,http://localhost/api/v1/mock/mock-swagger/api/v3/pet,0,1.65,"HTTPConnectionPool(host='localhost', port=80): Max retries exceeded with url: /api/v1/mock/mock-swagger/api/v3/pet (Caused by NewConnectionError(""HTTPConnection(host='localhost', port=80): Failed to establish a new connection: [Errno 111] Connection refused""))"
2026-09-18T15:09:12.472911,call_3,GET,http://localhost/api/v1/mock/mock-swagger/api/v3/store/inventory,0,10.67,"HTTPConnectionPool(host='localhost', port=80): Max retries exceeded with url: /api/v1/mock/mock-swagger/api/v3/store/inventory (Caused by NewConnectionError(""HTTPConnection(host='localhost', port=80): Failed to establish a new connection: [Errno 111] Connection refused""))"
2026-09-18T15:09:12.473333,call_1,POST,http://localhost/api/v1/mock/mock-swagger/api/v3/pet,0,10.04,"HTTPConnectionPool(host='localhost', port=80): Max retries exceeded with url: /api/v1/mock/mock-swagger/api/v3/pet (Caused by NewConnectionError(""HTTPConnection(host='localhost', port=80): Failed to establish a new connection: [Errno 111] Connection refused""))"
2026-09-18T15:09:12.475005,call_1,POST,http://localhost/api/v1/mock/mock-swagger/api/v3/pet,0,9.39,"HTTPConnectionPool(host='localhost', port=80): Max retries exceeded with url: /api/v1/mock/mock-swagger/api/v3/pet (Caused by NewConnectionError(""HTTPConnection(host='localhost', port=80): Failed to establish a new connection: [Errno 111] Connection refused""))"
2026-09-18T15:09:12.475743,call_1,POST,http://localhost/api/v1/mock/mock-swagger/api/v3/pet,0,6.47,"HTTPConnectionPool(host='localhost', port=80): Max retries exceeded with url: /api/v1/mock/mock-swagger/api/v3/pet (Caused by NewConnectionError(""HTTPConnection(host='localhost', port=80): Failed to establish a new connection: [Errno 111] Connection refused""))"
2026-09-18T15:09:12.483879,call_4,POST,http://localhost/api/v1/mock/mock-swagger/api/v3/user/createWithList,0,1.64,"HTTPConnectionPool(host='localhost', port=80): Max retries exceeded with url: /api/v1/mock/mock-swagger/api/v3/user/createWithList (Caused by NewConnectionError(""HTTPConnection(host='localhost', port=80): Failed to establish a new connection: [Errno 111] Connection refused""))"
2026-09-18T15:09:12.518624,call_1,POST,http://localhost/api/v1/mock/mock-swagger/api/v3/pet,0,6.54,"HTTPConnectionPool(host='localhost', port=80): Max retries exceeded with url: /api/v1/mock/mock-swagger/api/v3/pet (Caused by NewConnectionError(""HTTPConnection(host='localhost', port=80): Failed to establish a new connection: [Errno 111] Connection refused""))"
2026-09-18T15:09:12.520643,call_5,DELETE,http://localhost/api/v1/mock/mock-swagger/api/v3/user/{username},0,6.36,"HTTPConnectionPool(host='localhost', port=80): Max retries exceeded with url: /api/v1/mock/mock-swagger/api/v3/user/%7Busername%7D (Caused by NewConnectionError(""HTTPConnection(host='localhost', port=80): Failed to establish a new connection: [Errno 111] Connection refused""))"
2026-09-18T15:09:12.526178,call_2,PUT,http://localhost/api/v1/mock/mock-swagger/api/v3/pet,0,10.65,"HTTPConnectionPool(host='localhost', port=80): Max retries exceeded with url: /api/v1/mock/mock-swagger/api/v3/pet (Caused by NewConnectionError(""HTTPConnection(host='localhost', port=80): Failed to establish a new connection: [Errno 111] Connection refused""))"
2026-09-18T15:09:12.527288,call_5,DELETE,http://localhost/api/v1/mock/mock-swagger/api/v3/user/{username},0,6.45,"HTTPConnectionPool(host='localhost', port=80): Max retries exceeded with url: /api/v1/mock/mock-swagger/api/v3/user/%7Busername%7D (Caused by NewConnectionError(""HTTPConnection(host='localhost', port=80): Failed to establish a new connection: [Errno 111] Connection refused""))"
2026-09-18T15:09:12.562102,call_3,GET,http://localhost/api/v1/mock/mock-swagger/api/v3/store/inventory,0,1.57,"HTTPConnectionPool(host='localhost', port=80): Max retries exceeded with url: /api/v1/mock/mock-swagger/api/v3/store/inventory (Caused by NewConnectionError(""HTTPConnection(host='localhost', port=80): Failed to establish a new connection: [Errno 111] Connection refused""))"
2026-09-18T15:09:12.582860,call_4,POST,http://localhost/api/v1/mock/mock-swagger/api/v3/user/createWithList,0,9.76,"HTTPConnectionPool(host='localhost', port=80): Max retries exceeded with url: /api/v1/mock/mock-swagger/api/v3/user/createWithList (Caused by NewConnectionError(""HTTPConnection(host='localhost', port=80): Failed to establish a new connection: [Errno 111] Connection refused""))"
2026-09-18T15:09:12.585950,call_2,PUT,http://localhost/api/v1/mock/mock-swagger/api/v3/pet,0,10.62,"HTTPConnectionPool(host='localhost', port=80): Max retries exceeded with url: /api/v1/mock/mock-swagger/api/v3/pet (Caused by NewConnectionError(""HTTPConnection(host='localhost', port=80): Failed to establish a new connection: [Errno 111] Connection refused""))"
2026-09-18T15:09:12.586942,call_2,PUT,http://localhost/api/v1/mock/mock-swagger/api/v3/pet,0,6.71,"HTTPConnectionPool(host='localhost', port=80): Max retries exceeded with url: /api/v1/mock/mock-swagger/api/v3/pet (Caused by NewConnectionError(""HTTPConnection(host='localhost', port=80): Failed to establish a new connection: [Errno 111] Connection refused""))"
2026-09-18T15:09:12.588065,call_2,PUT,http://localhost/api/v1/mock/mock-swagger/api/v3/pet,0,9.21,"HTTPConnectionPool(host='localhost', port=80): Max retries exceeded with url: /api/v1/mock/mock-swagger/api/v3/pet (Caused by NewConnectionError(""HTTPConnection(host='localhost', port=80): Failed to establish a new connection: [Errno 111] Connection refused""))"
2026-09-18T15:09:12.588430,call_5,DELETE,http://localhost/api/v1/mock/mock-swagger/api/v3/user/{username},0,4.21,"HTTPConnectionPool(host='localhost', port=80): Max retries exceeded with url: /api/v1/mock/mock-swagger/api/v3/user/%7Busername%7D (Caused by NewConnectionError(""HTTPConnection(host='localhost', port=80): Failed to establish a new connection: [Errno 111] Connection refused""))"
2026-09-18T15:09:12.622799,call_2,PUT,http://localhost/api/v1/mock/mock-swagger/api/v3/pet,0,4.0,"HTTPConnectionPool(host='localhost', port=80): Max retries exceeded with url: /api/v1/mock/mock-swagger/api/v3/pet (Caused by NewConnectionError(""HTTPConnection(host='localhost', port=80): Failed to establish a new connection: [Errno 111] Connection refused""))"
2026-09-18T15:09:12.623414,call_1,POST,http://localhost/api/v1/mock/mock-swagger/api/v3/pet,0,2.33,"HTTPConnectionPool(host='localhost', port=80): Max retries exceeded with url: /api/v1/mock/mock-swagger/api/v3/pet (Caused by NewConnectionError(""HTTPConnection(host='localhost', port=80): Failed to establish a new connection: [Errno 111] Connection refused""))"
2026-09-18T15:09:12.633189,call_1,POST,http://localhost/api/v1/mock/mock-swagger/api/v3/pet,0,4.49,"HTTPConnectionPool(host='localhost', port=80): Max retries exceeded with url: /api/v1/mock/mock-swagger/api/v3/pet (Caused by NewConnectionError(""HTTPConnection(host='localhost', port=80): Failed to establish a new connection: [Errno 111] Connection refused""))"
2026-09-18T15:09:12.633478,call_3,GET,http://localhost/api/v1/mock/mock-swagger/api/v3/store/inventory,0,7.17,"HTTPConnectionPool(host='localhost', port=80): Max retries exceeded with url: /api/v1/mock/mock-swagger/api/v3/store/inventory (Caused by NewConnectionError(""HTTPConnection(host='localhost', port=80): Failed to establish a new connection: [Errno 111] Connection refused""))"
2026-09-18T15:09:12.664296,call_4,POST,http://localhost/api/v1/mock/mock-swagger/api/v3/user/createWithList,0,2.02,"HTTPConnectionPool(host='localhost', port=80): Max retries exceeded with url: /api/v1/mock/mock-swagger/api/v3/user/createWithList (Caused by NewConnectionError(""HTTPConnection(host='localhost', port=80): Failed to establish a new connection: [Errno 111] Connection refused""))"
2026-09-18T15:09:12.684662,call_5,DELETE,http://localhost/api/v1/mock/mock-swagger/api/v3/user/{username},0,1.63,"HTTPConnectionPool(host='localhost', port=80): Max retries exceeded with url: /api/v1/mock/mock-swagger/api/v3/user/%7Busername%7D (Caused by NewConnectionError(""HTTPConnection(host='localhost', port=80): Failed to establish a new connection: [Errno 111] Connection refused""))"
2026-09-18T15:09:12.695547,call_3,GET,http://localhost/api/v1/mock/mock-swagger/api/v3/store/inventory,0,4.74,"HTTPConnectionPool(host='localhost', port=80): Max retries exceeded with url: /api/v1/mock/mock-swagger/api/v3/store/inventory (Caused by NewConnectionError(""HTTPConnection(host='localhost', port=80): Failed to establish a new connection: [Errno 111] Connection refused""))"
2026-09-18T15:09:12.696439,call_1,POST,http://localhost/api/v1/mock/mock-swagger/api/v3/pet,0,4.58,"HTTPConnectionPool(host='localhost', port=80): Max retries exceeded with url: /api/v1/mock/mock-swagger/api/v3/pet (Caused by NewConnectionError(""HTTPConnection(host='localhost', port=80): Failed to establish a new connection: [Errno 111] Connection refused""))"
2026-09-18T15:09:12.696868,call_3,GET,http://localhost/api/v1/mock/mock-swagger/api/v3/store/inventory,0,10.2,"HTTPConnectionPool(host='localhost', port=80): Max retries exceeded with url: /api/v1/mock/mock-swagger/api/v3/store/inventory (Caused by NewConnectionError(""HTTPConnection(host='localhost', port=80): Failed to establish a new connection: [Errno 111] Connection refused""))"
2026-09-18T15:09:12.697845,call_3,GET,http://localhost/api/v1/mock/mock-swagger/api/v3/store/inventory,0,8.11,"HTTPConnectionPool(host='localhost', port=80): Max retries exceeded with url: /api/v1/mock/mock-swagger/api/v3/store/inventory (Caused by NewConnectionError(""HTTPConnection(host='localhost', port=80): Failed to establish a new connection: [Errno 111] Connection refused""))"
2026-09-18T15:09:12.728657,call_3,GET,http://localhost/api/v1/mock/mock-swagger/api/v3/store/inventory,0,5.69,"HTTPConnectionPool(host='localhost', port=80): Max retries exceeded with url: /api/v1/mock/mock-swagger/api/v3/store/inventory (Caused by NewConnectionError(""HTTPConnection(host='localhost', port=80): Failed to establish a new connection: [Errno 111] Connection refused""))"
2026-09-18T15:09:12.729577,call_2,PUT,http://localhost/api/v1/mock/mock-swagger/api/v3/pet,0,4.5,"HTTPConnectionPool(host='localhost', port=80): Max retries exceeded with url: /api/v1/mock/mock-swagger/api/v3/pet (Caused by NewConnectionError(""HTTPConnection(host='localhost', port=80): Failed to establish a new connection: [Errno 111] Connection refused""))"
2026-09-18T15:09:12.740397,call_2,PUT,http://localhost/api/v1/mock/mock-swagger/api/v3/pet,0,7.03,"HTTPConnectionPool(host='localhost', port=80): Max retries exceeded with url: /api/v1/mock/mock-swagger/api/v3/pet (Caused by NewConnectionError(""HTTPConnection(host='localhost', port=80): Failed to establish a new connection: [Errno 111] Connection refused""))"
2026-09-18T15:09:12.740941,call_4,POST,http://localhost/api/v1/mock/mock-swagger/api/v3/user/createWithList,0,6.45,"HTTPConnectionPool(host='localhost', port=80): Max retries exceeded with url: /api/v1/mock/mock-swagger/api/v3/user/createWithList (Caused by NewConnectionError(""HTTPConnection(host='localhost', port=80): Failed to establish a new connection: [Errno 111] Connection refused""))"
2026-09-18T15:09:12.766118,call_5,DELETE,http://localhost/api/v1/mock/mock-swagger/api/v3/user/{username},0,1.65,"HTTPConnectionPool(host='localhost', port=80): Max retries exceeded with url: /api/v1/mock/mock-swagger/api/v3/user/%7Busername%7D (Caused by NewConnectionError(""HTTPConnection(host='localhost', port=80): Failed to establish a new connection: [Errno 111] Connection refused""))"
2026-09-18T15:09:12.786485,call_1,POST,http://localhost/api/v1/mock/mock-swagger/api/v3/pet,0,1.65,"HTTPConnectionPool(host='localhost', port=80): Max retries exceeded with url: /api/v1/mock/mock-swagger/api/v3/pet (Caused by NewConnectionError(""HTTPConnection(host='localhost', port=80): Failed to establish a new connection: [Errno 111] Connection refused""))"
2026-09-18T15:09:12.806384,call_4,POST,http://localhost/api/v1/mock/mock-swagger/api/v3/user/createWithList,0,6.58,"HTTPConnectionPool(host='localhost', port=80): Max retries exceeded with url: /api/v1/mock/mock-swagger/api/v3/user/createWithList (Caused by NewConnectionError(""HTTPConnection(host='localhost', port=80): Failed to establish a new connection: [Errno 111] Connection refused""))"
2026-09-18T15:09:12.807311,call_2,PUT,http://localhost/api/v1/mock/mock-swagger/api/v3/pet,0,8.49,"HTTPConnectionPool(host='localhost', port=80): Max retries exceeded with url: /api/v1/mock/mock-swagger/api/v3/pet (Caused by NewConnectionError(""HTTPConnection(host='localhost', port=80): Failed to establish a new connection: [Errno 111] Connection refused""))"
2026-09-18T15:09:12.808283,call_4,POST,http://localhost/api/v1/mock/mock-swagger/api/v3/user/createWithList,0,6.9,"HTTPConnectionPool(host='localhost', port=80): Max retries exceeded with url: /api/v1/mock/mock-swagger/api/v3/user/createWithList (Caused by NewConnectionError(""HTTPConnection(host='localhost', port=80): Failed to establish a new connection: [Errno 111] Connection refused""))"
2026-09-18T15:09:12.808656,call_4,POST,http://localhost/api/v1/mock/mock-swagger/api/v3/user/createWithList,0,12.06,"HTTPConnectionPool(host='localhost', port=80): Max retries exceeded with url: /api/v1/mock/mock-swagger/api/v3/user/createWithList (Caused by NewConnectionError(""HTTPConnection(host='localhost', port=80): Failed to establish a new connection: [Errno 111] Connection refused""))"
2026-09-18T15:09:12.834677,call_3,GET,http://localhost/api/v1/mock/mock-swagger/api/v3/store/inventory,0,3.6,"HTTPConnectionPool(host='localhost', port=80): Max retries exceeded with url: /api/v1/mock/mock-swagger/api/v3/store/inventory (Caused by NewConnectionError(""HTTPConnection(host='localhost', port=80): Failed to establish a new connection: [Errno 111] Connection refused""))"
2026-09-18T15:09:12.835111,call_4,POST,http://localhost/api/v1/mock/mock-swagger/api/v3/user/createWithList,0,6.28,"HTTPConnectionPool(host='localhost', port=80): Max retries exceeded with url: /api/v1/mock/mock-swagger/api/v3/user/createWithList (Caused by NewConnectionError(""HTTPConnection(host='localhost', port=80): Failed to establish a new connection: [Errno 111] Connection refused""))"
2026-09-18T15:09:12.847724,call_3,GET,http://localhost/api/v1/mock/mock-swagger/api/v3/store/inventory,0,7.15,"HTTPConnectionPool(host='localhost', port=80): Max retries exceeded with url: /api/v1/mock/mock-swagger/api/v3/store/inventory (Caused by NewConnectionError(""HTTPConnection(host='localhost', port=80): Failed to establish a new connection: [Errno 111] Connection refused""))"
2026-09-18T15:09:12.849623,call_5,DELETE,http://localhost/api/v1/mock/mock-swagger/api/v3/user/{username},0,7.98,"HTTPConnectionPool(host='localhost', port=80): Max retries exceeded with url: /api/v1/mock/mock-swagger/api/v3/user/%7Busername%7D (Caused by NewConnectionError(""HTTPConnection(host='localhost', port=80): Failed to establish a new connection: [Errno 111] Connection refused""))"
2026-09-18T15:09:12.867873,call_1,POST,http://localhost/api/v1/mock/mock-swagger/api/v3/pet,0,1.63,"HTTPConnectionPool(host='localhost', port=80): Max retries exceeded with url: /api/v1/mock/mock-swagger/api/v3/pet (Caused by NewConnectionError(""HTTPConnection(host='localhost', port=80): Failed to establish a new connection: [Errno 111] Connection refused""))"
2026-09-18T15:09:12.888286,call_2,PUT,http://localhost/api/v1/mock/mock-swagger/api/v3/pet,0,1.62,"HTTPConnectionPool(host='localhost', port=80): Max retries exceeded with url: /api/v1/mock/mock-swagger/api/v3/pet (Caused by NewConnectionError(""HTTPConnection(host='localhost', port=80): Failed to establish a new connection: [Errno 111] Connection refused""))"
2026-09-18T15:09:12.917095,call_5,DELETE,http://localhost/api/v1/mock/mock-swagger/api/v3/user/{username},0,10.54,"HTTPConnectionPool(host='localhost', port=80): Max retries exceeded with url: /api/v1/mock/mock-swagger/api/v3/user/%7Busername%7D (Caused by NewConnectionError(""HTTPConnection(host='localhost', port=80): Failed to establish a new connection: [Errno 111] Connection refused""))"
2026-09-18T15:09:12.917834,call_5,DELETE,http://localhost/api/v1/mock/mock-swagger/api/v3/user/{username},0,3.07,"HTTPConnectionPool(host='localhost', port=80): Max retries exceeded with url: /api/v1/mock/mock-swagger/api/v3/user/%7Busername%7D (Caused by NewConnectionError(""HTTPConnection(host='localhost', port=80): Failed to establish a new connection: [Errno 111] Connection refused""))"
2026-09-18T15:09:12.919473,call_5,DELETE,http://localhost/api/v1/mock/mock-swagger/api/v3/user/{username},0,8.7,"HTTPConnectionPool(host='localhost', port=80): Max retries exceeded with url: /api/v1/mock/mock-swagger/api/v3/user/%7Busername%7D (Caused by NewConnectionError(""HTTPConnection(host='localhost', port=80): Failed to establish a new connection: [Errno 111] Connection refused""))"
2026-09-18T15:09:12.919676,call_3,GET,http://localhost/api/v1/mock/mock-swagger/api/v3/store/inventory,0,10.91,"HTTPConnectionPool(host='localhost', port=80): Max retries exceeded with url: /api/v1/mock/mock-swagger/api/v3/store/inventory (Caused by NewConnectionError(""HTTPConnection(host='localhost', port=80): Failed to establish a new connection: [Errno 111] Connection refused""))"
2026-09-18T15:09:12.940231,call_4,POST,http://localhost/api/v1/mock/mock-swagger/api/v3/user/createWithList,0,4.68,"HTTPConnectionPool(host='localhost', port=80): Max retries exceeded with url: /api/v1/mock/mock-swagger/api/v3/user/createWithList (Caused by NewConnectionError(""HTTPConnection(host='localhost', port=80): Failed to establish a new connection: [Errno 111] Connection refused""))"
2026-09-18T15:09:12.940459,call_5,DELETE,http://localhost/api/v1/mock/mock-swagger/api/v3/user/{username},0,2.66,"HTTPConnectionPool(host='localhost', port=80): Max retries exceeded with url: /api/v1/mock/mock-swagger/api/v3/user/%7Busername%7D (Caused by NewConnectionError(""HTTPConnection(host='localhost', port=80): Failed to establish a new connection: [Errno 111] Connection refused""))"
2026-09-18T15:09:12.949568,call_4,POST,http://localhost/api/v1/mock/mock-swagger/api/v3/user/createWithList,0,1.67,"HTTPConnectionPool(host='localhost', port=80): Max retries exceeded with url: /api/v1/mock/mock-swagger/api/v3/user/createWithList (Caused by NewConnectionError(""HTTPConnection(host='localhost', port=80): Failed to establish a new connection: [Errno 111] Connection refused""))"
2026-09-18T15:09:12.957297,call_1,POST,http://localhost/api/v1/mock/mock-swagger/api/v3/pet,0,7.5,"HTTPConnectionPool(host='localhost', port=80): Max retries exceeded with url: /api/v1/mock/mock-swagger/api/v3/pet (Caused by NewConnectionError(""HTTPConnection(host='localhost', port=80): Failed to establish a new connection: [Errno 111] Connection refused""))"
2026-09-18T15:09:12.969736,call_2,PUT,http://localhost/api/v1/mock/mock-swagger/api/v3/pet,0,1.69,"HTTPConnectionPool(host='localhost', port=80): Max retries exceeded with url: /api/v1/mock/mock-swagger/api/v3/pet (Caused by NewConnectionError(""HTTPConnection(host='localhost', port=80): Failed to establish a new connection: [Errno 111] Connection refused""))"
2026-09-18T15:09:12.990061,call_3,GET,http://localhost/api/v1/mock/mock-swagger/api/v3/store/inventory,0,1.6,"HTTPConnectionPool(host='localhost', port=80): Max retries exceeded with url: /api/v1/mock/mock-swagger/api/v3/store/inventory (Caused by NewConnectionError(""HTTPConnection(host='localhost', port=80): Failed to establish a new connection: [Errno 111] Connection refused""))"
2026-09-18T15:09:13.028040,call_1,POST,http://localhost/api/v1/mock/mock-swagger/api/v3/pet,0,2.69,"HTTPConnectionPool(host='localhost', port=80): Max retries exceeded with url: /api/v1/mock/mock-swagger/api/v3/pet (Caused by NewConnectionError(""HTTPConnection(host='localhost', port=80): Failed to establish a new connection: [Errno 111] Connection refused""))"
2026-09-18T15:09:13.028459,call_1,POST,http://localhost/api/v1/mock/mock-swagger/api/v3/pet,0,9.43,"HTTPConnectionPool(host='localhost', port=80): Max retries exceeded with url: /api/v1/mock/mock-swagger/api/v3/pet (Caused by NewConnectionError(""HTTPConnection(host='localhost', port=80): Failed to establish a new connection: [Errno 111] Connection refused""))"
2026-09-18T15:09:13.029524,call_4,POST,http://localhost/api/v1/mock/mock-swagger/api/v3/user/createWithList,0,8.09,"HTTPConnectionPool(host='localhost', port=80): Max retries exceeded with url: /api/v1/mock/mock-swagger/api/v3/user/createWithList (Caused by NewConnectionError(""HTTPConnection(host='localhost', port=80): Failed to establish a new connection: [Errno 111] Connection refused""))"
2026-09-18T15:09:13.035877,call_1,POST,http://localhost/api/v1/mock/mock-swagger/api/v3/pet,0,17.98,"HTTPConnectionPool(host='localhost', port=80): Max retries exceeded with url: /api/v1/mock/mock-swagger/api/v3/pet (Caused by NewConnectionError(""HTTPConnection(host='localhost', port=80): Failed to establish a new connection: [Errno 111] Connection refused""))"
2026-09-18T15:09:13.045544,call_5,DELETE,http://localhost/api/v1/mock/mock-swagger/api/v3/user/{username},0,4.36,"HTTPConnectionPool(host='localhost', port=80): Max retries exceeded with url: /api/v1/mock/mock-swagger/api/v3/user/%7Busername%7D (Caused by NewConnectionError(""HTTPConnection(host='localhost', port=80): Failed to establish a new connection: [Errno 111] Connection refused""))"
2026-09-18T15:09:13.046301,call_1,POST,http://localhost/api/v1/mock/mock-swagger/api/v3/pet,0,4.04,"HTTPConnectionPool(host='localhost', port=80): Max retries exceeded with url: /api/v1/mock/mock-swagger/api/v3/pet (Caused by NewConnectionError(""HTTPConnection(host='localhost', port=80): Failed to establish a new connection: [Errno 111] Connection refused""))"
2026-09-18T15:09:13.051408,call_5,DELETE,http://localhost/api/v1/mock/mock-swagger/api/v3/user/{username},0,1.66,"HTTPConnectionPool(host='localhost', port=80): Max retries exceeded with url: /api/v1/mock/mock-swagger/api/v3/user/%7Busername%7D (Caused by NewConnectionError(""HTTPConnection(host='localhost', port=80): Failed to establish a new connection: [Errno 111] Connection refused""))"
2026-09-18T15:09:13.064798,call_2,PUT,http://localhost/api/v1/mock/mock-swagger/api/v3/pet,0,4.34,"HTTPConnectionPool(host='localhost', port=80): Max retries exceeded with url: /api/v1/mock/mock-swagger/api/v3/pet (Caused by NewConnectionError(""HTTPConnection(host='localhost', port=80): Failed to establish a new connection: [Errno 111] Connection refused""))"
2026-09-18T15:09:13.071533,call_3,GET,http://localhost/api/v1/mock/mock-swagger/api/v3/store/inventory,0,1.64,"HTTPConnectionPool(host='localhost', port=80): Max retries exceeded with url: /api/v1/mock/mock-swagger/api/v3/store/inventory (Caused by NewConnectionError(""HTTPConnection(host='localhost', port=80): Failed to establish a new connection: [Errno 111] Connection refused""))"
2026-09-18T15:09:13.091847,call_4,POST,http://localhost/api/v1/mock/mock-swagger/api/v3/user/createWithList,0,1.61,"HTTPConnectionPool(host='localhost', port=80): Max retries exceeded with url: /api/v1/mock/mock-swagger/api/v3/user/createWithList (Caused by NewConnectionError(""HTTPConnection(host='localhost', port=80): Failed to establish a new connection: [Errno 111] Connection refused""))"
2026-09-18T15:09:13.135678,call_5,DELETE,http://localhost/api/v1/mock/mock-swagger/api/v3/user/{username},0,2.63,"HTTPConnectionPool(host='localhost', port=80): Max retries exceeded with url: /api/v1/mock/mock-swagger/api/v3/user/%7Busername%7D (Caused by NewConnectionError(""HTTPConnection(host='localhost', port=80): Failed to establish a new connection: [Errno 111] Connection refused""))"
2026-09-18T15:09:13.135994,call_2,PUT,http://localhost/api/v1/mock/mock-swagger/api/v3/pet,0,7.78,"HTTPConnectionPool(host='localhost', port=80): Max retries exceeded with url: /api/v1/mock/mock-swagger/api/v3/pet (Caused by NewConnectionError(""HTTPConnection(host='localhost', port=80): Failed to establish a new connection: [Errno 111] Connection refused""))"
2026-09-18T15:09:13.137618,call_2,PUT,http://localhost/api/v1/mock/mock-swagger/api/v3/pet,0,7.91,"HTTPConnectionPool(host='localhost', port=80): Max retries exceeded with url: /api/v1/mock/mock-swagger/api/v3/pet (Caused by NewConnectionError(""HTTPConnection(host='localhost', port=80): Failed to establish a new connection: [Errno 111] Connection refused""))"
2026-09-18T15:09:13.141435,call_2,PUT,http://localhost/api/v1/mock/mock-swagger/api/v3/pet,0,2.45,"HTTPConnectionPool(host='localhost', port=80): Max retries exceeded with url: /api/v1/mock/mock-swagger/api/v3/pet (Caused by NewConnectionError(""HTTPConnection(host='localhost', port=80): Failed to establish a new connection: [Errno 111] Connection refused""))"
2026-09-18T15:09:13.150874,call_1,POST,http://localhost/api/v1/mock/mock-swagger/api/v3/pet,0,4.32,"HTTPConnectionPool(host='localhost', port=80): Max retries exceeded with url: /api/v1/mock/mock-swagger/api/v3/pet (Caused by NewConnectionError(""HTTPConnection(host='localhost', port=80): Failed to establish a new connection: [Errno 111] Connection refused""))"
2026-09-18T15:09:13.151689,call_2,PUT,http://localhost/api/v1/mock/mock-swagger/api/v3/pet,0,2.93,"HTTPConnectionPool(host='localhost', port=80): Max retries exceeded with url: /api/v1/mock/mock-swagger/api/v3/pet (Caused by NewConnectionError(""HTTPConnection(host='localhost', port=80): Failed to establish a new connection: [Errno 111] Connection refused""))"
2026-09-18T15:09:13.153706,call_1,POST,http://localhost/api/v1/mock/mock-swagger/api/v3/pet,0,1.94,"HTTPConnectionPool(host='localhost', port=80): Max retries exceeded with url: /api/v1/mock/mock-swagger/api/v3/pet (Caused by NewConnectionError(""HTTPConnection(host='localhost', port=80): Failed to establish a new connection: [Errno 111] Connection refused""))"
2026-09-18T15:09:13.173724,call_3,GET,http://localhost/api/v1/mock/mock-swagger/api/v3/store/inventory,0,7.27,"HTTPConnectionPool(host='localhost', port=80): Max retries exceeded with url: /api/v1/mock/mock-swagger/api/v3/store/inventory (Caused by NewConnectionError(""HTTPConnection(host='localhost', port=80): Failed to establish a new connection: [Errno 111] Connection refused""))"
2026-09-18T15:09:13.174517,call_4,POST,http://localhost/api/v1/mock/mock-swagger/api/v3/user/createWithList,0,2.71,"HTTPConnectionPool(host='localhost', port=80): Max retries exceeded with url: /api/v1/mock/mock-swagger/api/v3/user/createWithList (Caused by NewConnectionError(""HTTPConnection(host='localhost', port=80): Failed to establish a new connection: [Errno 111] Connection refused""))"
2026-09-18T15:09:13.193647,call_5,DELETE,http://localhost/api/v1/mock/mock-swagger/api/v3/user/{username},0,1.62,"HTTPConnectionPool(host='localhost', port=80): Max retries exceeded with url: /api/v1/mock/mock-swagger/api/v3/user/%7Busername%7D (Caused by NewConnectionError(""HTTPConnection(host='localhost', port=80): Failed to establish a new connection: [Errno 111] Connection refused""))"
2026-09-18T15:09:13.247325,call_3,GET,http://localhost/api/v1/mock/mock-swagger/api/v3/store/inventory,0,7.27,"HTTPConnectionPool(host='localhost', port=80): Max retries exceeded with url: /api/v1/mock/mock-swagger/api/v3/store/inventory (Caused by NewConnectionError(""HTTPConnection(host='localhost', port=80): Failed to establish a new connection: [Errno 111] Connection refused""))"
2026-09-18T15:09:13.247799,call_1,POST,http://localhost/api/v1/mock/mock-swagger/api/v3/pet,0,9.13,"HTTPConnectionPool(host='localhost', port=80): Max retries exceeded with url: /api/v1/mock/mock-swagger/api/v3/pet (Caused by NewConnectionError(""HTTPConnection(host='localhost', port=80): Failed to establish a new connection: [Errno 111] Connection refused""))"
2026-09-18T15:09:13.248371,call_3,GET,http://localhost/api/v1/mock/mock-swagger/api/v3/store/inventory,0,10.78,"HTTPConnectionPool(host='localhost', port=80): Max retries exceeded with url: /api/v1/mock/mock-swagger/api/v3/store/inventory (Caused by NewConnectionError(""HTTPConnection(host='localhost', port=80): Failed to establish a new connection: [Errno 111] Connection refused""))"
2026-09-18T15:09:13.249731,call_3,GET,http://localhost/api/v1/mock/mock-swagger/api/v3/store/inventory,0,7.03,"HTTPConnectionPool(host='localhost', port=80): Max retries exceeded with url: /api/v1/mock/mock-swagger/api/v3/store/inventory (Caused by NewConnectionError(""HTTPConnection(host='localhost', port=80): Failed to establish a new connection: [Errno 111] Connection refused""))"
2026-09-18T15:09:13.257382,call_2,PUT,http://localhost/api/v1/mock/mock-swagger/api/v3/pet,0,3.38,"HTTPConnectionPool(host='localhost', port=80): Max retries exceeded with url: /api/v1/mock/mock-swagger/api/v3/pet (Caused by NewConnectionError(""HTTPConnection(host='localhost', port=80): Failed to establish a new connection: [Errno 111] Connection refused""))"
2026-09-18T15:09:13.257763,call_3,GET,http://localhost/api/v1/mock/mock-swagger/api/v3/store/inventory,0,5.91,"HTTPConnectionPool(host='localhost', port=80): Max retries exceeded with url: /api/v1/mock/mock-swagger/api/v3/store/inventory (Caused by NewConnectionError(""HTTPConnection(host='localhost', port=80): Failed to establish a new connection: [Errno 111] Connection refused""))"
2026-09-18T15:09:13.258463,call_2,PUT,http://localhost/api/v1/mock/mock-swagger/api/v3/pet,0,3.09,"HTTPConnectionPool(host='localhost', port=80): Max retries exceeded with url: /api/v1/mock/mock-swagger/api/v3/pet (Caused by NewConnectionError(""HTTPConnection(host='localhost', port=80): Failed to establish a new connection: [Errno 111] Connection refused""))"
2026-09-18T15:09:13.280641,call_5,DELETE,http://localhost/api/v1/mock/mock-swagger/api/v3/user/{username},0,5.95,"HTTPConnectionPool(host='localhost', port=80): Max retries exceeded with url: /api/v1/mock/mock-swagger/api/v3/user/%7Busername%7D (Caused by NewConnectionError(""HTTPConnection(host='localhost', port=80): Failed to establish a new connection: [Errno 111] Connection refused""))"
2026-09-18T15:09:13.280993,call_4,POST,http://localhost/api/v1/mock/mock-swagger/api/v3/user/createWithList,0,5.06,"HTTPConnectionPool(host='localhost', port=80): Max retries exceeded with url: /api/v1/mock/mock-swagger/api/v3/user/createWithList (Caused by NewConnectionError(""HTTPConnection(host='localhost', port=80): Failed to establish a new connection: [Errno 111] Connection refused""))"
2026-09-18T15:09:13.295460,call_1,POST,http://localhost/api/v1/mock/mock-swagger/api/v3/pet,0,1.64,"HTTPConnectionPool(host='localhost', port=80): Max retries exceeded with url: /api/v1/mock/mock-swagger/api/v3/pet (Caused by NewConnectionError(""HTTPConnection(host='localhost', port=80): Failed to establish a new connection: [Errno 111] Connection refused""))"
2026-09-18T15:09:13.362708,call_2,PUT,http://localhost/api/v1/mock/mock-swagger/api/v3/pet,0,11.6,"HTTPConnectionPool(host='localhost', port=80): Max retries exceeded with url: /api/v1/mock/mock-swagger/api/v3/pet (Caused by NewConnectionError(""HTTPConnection(host='localhost', port=80): Failed to establish a new connection: [Errno 111] Connection refused""))"
2026-09-18T15:09:13.365880,call_4,POST,http://localhost/api/v1/mock/mock-swagger/api/v3/user/createWithList,0,12.55,"HTTPConnectionPool(host='localhost', port=80): Max retries exceeded with url: /api/v1/mock/mock-swagger/api/v3/user/createWithList (Caused by NewConnectionError(""HTTPConnection(host='localhost', port=80): Failed to establish a new connection: [Errno 111] Connection refused""))"
2026-09-18T15:09:13.366662,call_4,POST,http://localhost/api/v1/mock/mock-swagger/api/v3/user/createWithList,0,16.68,"HTTPConnectionPool(host='localhost', port=80): Max retries exceeded with url: /api/v1/mock/mock-swagger/api/v3/user/createWithList (Caused by NewConnectionError(""HTTPConnection(host='localhost', port=80): Failed to establish a new connection: [Errno 111] Connection refused""))"
2026-09-18T15:09:13.367050,call_4,POST,http://localhost/api/v1/mock/mock-swagger/api/v3/user/createWithList,0,11.17,"HTTPConnectionPool(host='localhost', port=80): Max retries exceeded with url: /api/v1/mock/mock-swagger/api/v3/user/createWithList (Caused by NewConnectionError(""HTTPConnection(host='localhost', port=80): Failed to establish a new connection: [Errno 111] Connection refused""))"
2026-09-18T15:09:13.368296,call_3,GET,http://localhost/api/v1/mock/mock-swagger/api/v3/store/inventory,0,8.5,"HTTPConnectionPool(host='localhost', port=80): Max retries exceeded with url: /api/v1/mock/mock-swagger/api/v3/store/inventory (Caused by NewConnectionError(""HTTPConnection(host='localhost', port=80): Failed to establish a new connection: [Errno 111] Connection refused""))"
2026-09-18T15:09:13.369833,call_3,GET,http://localhost/api/v1/mock/mock-swagger/api/v3/store/inventory,0,11.19,"HTTPConnectionPool(host='localhost', port=80): Max retries exceeded with url: /api/v1/mock/mock-swagger/api/v3/store/inventory (Caused by NewConnectionError(""HTTPConnection(host='localhost', port=80): Failed to establish a new connection: [Errno 111] Connection refused""))"
2026-09-18T15:09:13.371218,call_4,POST,http://localhost/api/v1/mock/mock-swagger/api/v3/user/createWithList,0,8.38,"HTTPConnectionPool(host='localhost', port=80): Max retries exceeded with url: /api/v1/mock/mock-swagger/api/v3/user/createWithList (Caused by NewConnectionError(""HTTPConnection(host='localhost', port=80): Failed to establish a new connection: [Errno 111] Connection refused""))"
2026-09-18T15:09:13.388190,call_1,POST,http://localhost/api/v1/mock/mock-swagger/api/v3/pet,0,5.58,"HTTPConnectionPool(host='localhost', port=80): Max retries exceeded with url: /api/v1/mock/mock-swagger/api/v3/pet (Caused by NewConnectionError(""HTTPConnection(host='localhost', port=80): Failed to establish a new connection: [Errno 111] Connection refused""))"
2026-09-18T15:09:13.388850,call_5,DELETE,http://localhost/api/v1/mock/mock-swagger/api/v3/user/{username},0,5.13,"HTTPConnectionPool(host='localhost', port=80): Max retries exceeded with url: /api/v1/mock/mock-swagger/api/v3/user/%7Busername%7D (Caused by NewConnectionError(""HTTPConnection(host='localhost', port=80): Failed to establish a new connection: [Errno 111] Connection refused""))"
2026-09-18T15:09:13.397280,call_2,PUT,http://localhost/api/v1/mock/mock-swagger/api/v3/pet,0,1.64,"HTTPConnectionPool(host='localhost', port=80): Max retries exceeded with url: /api/v1/mock/mock-swagger/api/v3/pet (Caused by NewConnectionError(""HTTPConnection(host='localhost', port=80): Failed to establish a new connection: [Errno 111] Connection refused""))"
2026-09-18T15:09:13.464490,call_3,GET,http://localhost/api/v1/mock/mock-swagger/api/v3/store/inventory,0,1.6,"HTTPConnectionPool(host='localhost', port=80): Max retries exceeded with url: /api/v1/mock/mock-swagger/api/v3/store/inventory (Caused by NewConnectionError(""HTTPConnection(host='localhost', port=80): Failed to establish a new connection: [Errno 111] Connection refused""))"
2026-09-18T15:09:13.482060,call_5,DELETE,http://localhost/api/v1/mock/mock-swagger/api/v3/user/{username},0,16.01,"HTTPConnectionPool(host='localhost', port=80): Max retries exceeded with url: /api/v1/mock/mock-swagger/api/v3/user/%7Busername%7D (Caused by NewConnectionError(""HTTPConnection(host='localhost', port=80): Failed to establish a new connection: [Errno 111] Connection refused""))"
2026-09-18T15:09:13.482363,call_4,POST,http://localhost/api/v1/mock/mock-swagger/api/v3/user/createWithList,0,12.98,"HTTPConnectionPool(host='localhost', port=80): Max retries exceeded with url: /api/v1/mock/mock-swagger/api/v3/user/createWithList (Caused by NewConnectionError(""HTTPConnection(host='localhost', port=80): Failed to establish a new connection: [Errno 111] Connection refused""))"
2026-09-18T15:09:13.485324,call_5,DELETE,http://localhost/api/v1/mock/mock-swagger/api/v3/user/{username},0,17.04,"HTTPConnectionPool(host='localhost', port=80): Max retries exceeded with url: /api/v1/mock/mock-swagger/api/v3/user/%7Busername%7D (Caused by NewConnectionError(""HTTPConnection(host='localhost', port=80): Failed to establish a new connection: [Errno 111] Connection refused""))"
2026-09-18T15:09:13.485742,call_5,DELETE,http://localhost/api/v1/mock/mock-swagger/api/v3/user/{username},0,18.55,"HTTPConnectionPool(host='localhost', port=80): Max retries exceeded with url: /api/v1/mock/mock-swagger/api/v3/user/%7Busername%7D (Caused by NewConnectionError(""HTTPConnection(host='localhost', port=80): Failed to establish a new connection: [Errno 111] Connection refused""))"
2026-09-18T15:09:13.487043,call_4,POST,http://localhost/api/v1/mock/mock-swagger/api/v3/user/createWithList,0,10.1,"HTTPConnectionPool(host='localhost', port=80): Max retries exceeded with url: /api/v1/mock/mock-swagger/api/v3/user/createWithList (Caused by NewConnectionError(""HTTPConnection(host='localhost', port=80): Failed to establish a new connection: [Errno 111] Connection refused""))"
2026-09-18T15:09:13.495497,call_5,DELETE,http://localhost/api/v1/mock/mock-swagger/api/v3/user/{username},0,12.83,"HTTPConnectionPool(host='localhost', port=80): Max retries exceeded with url: /api/v1/mock/mock-swagger/api/v3/user/%7Busername%7D (Caused by NewConnectionError(""HTTPConnection(host='localhost', port=80): Failed to establish a new connection: [Errno 111] Connection refused""))"
2026-09-18T15:09:13.497241,call_2,PUT,http://localhost/api/v1/mock/mock-swagger/api/v3/pet,0,6.39,"HTTPConnectionPool(host='localhost', port=80): Max retries exceeded with url: /api/v1/mock/mock-swagger/api/v3/pet (Caused by NewConnectionError(""HTTPConnection(host='localhost', port=80): Failed to establish a new connection: [Errno 111] Connection refused""))"
2026-09-18T15:09:13.499236,call_1,POST,http://localhost/api/v1/mock/mock-swagger/api/v3/pet,0,6.1,"HTTPConnectionPool(host='localhost', port=80): Max retries exceeded with url: /api/v1/mock/mock-swagger/api/v3/pet (Caused by NewConnectionError(""HTTPConnection(host='localhost', port=80): Failed to establish a new connection: [Errno 111] Connection refused""))"
2026-09-18T15:09:13.500271,call_3,GET,http://localhost/api/v1/mock/mock-swagger/api/v3/store/inventory,0,2.86,"HTTPConnectionPool(host='localhost', port=80): Max retries exceeded with url: /api/v1/mock/mock-swagger/api/v3/store/inventory (Caused by NewConnectionError(""HTTPConnection(host='localhost', port=80): Failed to establish a new connection: [Errno 111] Connection refused""))"
2026-09-18T15:09:13.566301,call_4,POST,http://localhost/api/v1/mock/mock-swagger/api/v3/user/createWithList,0,1.64,"HTTPConnectionPool(host='localhost', port=80): Max retries exceeded with url: /api/v1/mock/mock-swagger/api/v3/user/createWithList (Caused by NewConnectionError(""HTTPConnection(host='localhost', port=80): Failed to establish a new connection: [Errno 111] Connection refused""))"
2026-09-18T15:09:13.584901,call_1,POST,http://localhost/api/v1/mock/mock-swagger/api/v3/pet,0,2.66,"HTTPConnectionPool(host='localhost', port=80): Max retries exceeded with url: /api/v1/mock/mock-swagger/api/v3/pet (Caused by NewConnectionError(""HTTPConnection(host='localhost', port=80): Failed to establish a new connection: [Errno 111] Connection refused""))"
2026-09-18T15:09:13.588650,call_5,DELETE,http://localhost/api/v1/mock/mock-swagger/api/v3/user/{username},0,5.32,"HTTPConnectionPool(host='localhost', port=80): Max retries exceeded with url: /api/v1/mock/mock-swagger/api/v3/user/%7Busername%7D (Caused by NewConnectionError(""HTTPConnection(host='localhost', port=80): Failed to establish a new connection: [Errno 111] Connection refused""))"
2026-09-18T15:09:13.606611,call_1,POST,http://localhost/api/v1/mock/mock-swagger/api/v3/pet,0,20.25,"HTTPConnectionPool(host='localhost', port=80): Max retries exceeded with url: /api/v1/mock/mock-swagger/api/v3/pet (Caused by NewConnectionError(""HTTPConnection(host='localhost', port=80): Failed to establish a new connection: [Errno 111] Connection refused""))"
2026-09-18T15:09:13.609915,call_1,POST,http://localhost/api/v1/mock/mock-swagger/api/v3/pet,0,22.49,"HTTPConnectionPool(host='localhost', port=80): Max retries exceeded with url: /api/v1/mock/mock-swagger/api/v3/pet (Caused by NewConnectionError(""HTTPConnection(host='localhost', port=80): Failed to establish a new connection: [Errno 111] Connection refused""))"
2026-09-18T15:09:13.612472,call_4,POST,http://localhost/api/v1/mock/mock-swagger/api/v3/user/createWithList,0,9.51,"HTTPConnectionPool(host='localhost', port=80): Max retries exceeded with url: /api/v1/mock/mock-swagger/api/v3/user/createWithList (Caused by NewConnectionError(""HTTPConnection(host='localhost', port=80): Failed to establish a new connection: [Errno 111] Connection refused""))"
2026-09-18T15:09:13.613822,call_3,GET,http://localhost/api/v1/mock/mock-swagger/api/v3/store/inventory,0,14.97,"HTTPConnectionPool(host='localhost', port=80): Max retries exceeded with url: /api/v1/mock/mock-swagger/api/v3/store/inventory (Caused by NewConnectionError(""HTTPConnection(host='localhost', port=80): Failed to establish a new connection: [Errno 111] Connection refused""))"
2026-09-18T15:09:13.614557,call_2,PUT,http://localhost/api/v1/mock/mock-swagger/api/v3/pet,0,6.84,"HTTPConnectionPool(host='localhost', port=80): Max retries exceeded with url: /api/v1/mock/mock-swagger/api/v3/pet (Caused by NewConnectionError(""HTTPConnection(host='localhost', port=80): Failed to establish a new connection: [Errno 111] Connection refused""))"
2026-09-18T15:09:13.615021,call_1,POST,http://localhost/api/v1/mock/mock-swagger/api/v3/pet,0,18.88,"HTTPConnectionPool(host='localhost', port=80): Max retries exceeded with url: /api/v1/mock/mock-swagger/api/v3/pet (Caused by NewConnectionError(""HTTPConnection(host='localhost', port=80): Failed to establish a new connection: [Errno 111] Connection refused""))"
2026-09-18T15:09:13.615260,call_5,DELETE,http://localhost/api/v1/mock/mock-swagger/api/v3/user/{username},0,25.22,"HTTPConnectionPool(host='localhost', port=80): Max retries exceeded with url: /api/v1/mock/mock-swagger/api/v3/user/%7Busername%7D (Caused by NewConnectionError(""HTTPConnection(host='localhost', port=80): Failed to establish a new connection: [Errno 111] Connection refused""))"
2026-09-18T15:09:13.669952,call_5,DELETE,http://localhost/api/v1/mock/mock-swagger/api/v3/user/{username},0,3.45,"HTTPConnectionPool(host='localhost', port=80): Max retries exceeded with url: /api/v1/mock/mock-swagger/api/v3/user/%7Busername%7D (Caused by NewConnectionError(""HTTPConnection(host='localhost', port=80): Failed to establish a new connection: [Errno 111] Connection refused""))"
2026-09-18T15:09:13.688290,call_2,PUT,http://localhost/api/v1/mock/mock-swagger/api/v3/pet,0,3.21,"HTTPConnectionPool(host='localhost', port=80): Max retries exceeded with url: /api/v1/mock/mock-swagger/api/v3/pet (Caused by NewConnectionError(""HTTPConnection(host='localhost', port=80): Failed to establish a new connection: [Errno 111] Connection refused""))"
2026-09-18T15:09:13.691429,call_1,POST,http://localhost/api/v1/mock/mock-swagger/api/v3/pet,0,2.63,"HTTPConnectionPool(host='localhost', port=80): Max retries exceeded with url: /api/v1/mock/mock-swagger/api/v3/pet (Caused by NewConnectionError(""HTTPConnection(host='localhost', port=80): Failed to establish a new connection: [Errno 111] Connection refused""))"
2026-09-18T15:09:13.708881,call_2,PUT,http://localhost/api/v1/mock/mock-swagger/api/v3/pet,0,2.09,"HTTPConnectionPool(host='localhost', port=80): Max retries exceeded with url: /api/v1/mock/mock-swagger/api/v3/pet (Caused by NewConnectionError(""HTTPConnection(host='localhost', port=80): Failed to establish a new connection: [Errno 111] Connection refused""))"
2026-09-18T15:09:13.734043,call_5,DELETE,http://localhost/api/v1/mock/mock-swagger/api/v3/user/{username},0,18.14,"HTTPConnectionPool(host='localhost', port=80): Max retries exceeded with url: /api/v1/mock/mock-swagger/api/v3/user/%7Busername%7D (Caused by NewConnectionError(""HTTPConnection(host='localhost', port=80): Failed to establish a new connection: [Errno 111] Connection refused""))"
2026-09-18T15:09:13.736770,call_2,PUT,http://localhost/api/v1/mock/mock-swagger/api/v3/pet,0,12.92,"HTTPConnectionPool(host='localhost', port=80): Max retries exceeded with url: /api/v1/mock/mock-swagger/api/v3/pet (Caused by NewConnectionError(""HTTPConnection(host='localhost', port=80): Failed to establish a new connection: [Errno 111] Connection refused""))"
2026-09-18T15:09:13.737826,call_1,POST,http://localhost/api/v1/mock/mock-swagger/api/v3/pet,0,8.67,"HTTPConnectionPool(host='localhost', port=80): Max retries exceeded with url: /api/v1/mock/mock-swagger/api/v3/pet (Caused by NewConnectionError(""HTTPConnection(host='localhost', port=80): Failed to establish a new connection: [Errno 111] Connection refused""))"
2026-09-18T15:09:13.738419,call_3,GET,http://localhost/api/v1/mock/mock-swagger/api/v3/store/inventory,0,12.74,"HTTPConnectionPool(host='localhost', port=80): Max retries exceeded with url: /api/v1/mock/mock-swagger/api/v3/store/inventory (Caused by NewConnectionError(""HTTPConnection(host='localhost', port=80): Failed to establish a new connection: [Errno 111] Connection refused""))"
2026-09-18T15:09:13.746030,call_2,PUT,http://localhost/api/v1/mock/mock-swagger/api/v3/pet,0,34.07,"HTTPConnectionPool(host='localhost', port=80): Max retries exceeded with url: /api/v1/mock/mock-swagger/api/v3/pet (Caused by NewConnectionError(""HTTPConnection(host='localhost', port=80): Failed to establish a new connection: [Errno 111] Connection refused""))"
2026-09-18T15:09:13.746479,call_4,POST,http://localhost/api/v1/mock/mock-swagger/api/v3/user/createWithList,0,18.89,"HTTPConnectionPool(host='localhost', port=80): Max retries exceeded with url: /api/v1/mock/mock-swagger/api/v3/user/createWithList (Caused by NewConnectionError(""HTTPConnection(host='localhost', port=80): Failed to establish a new connection: [Errno 111] Connection refused""))"
2026-09-18T15:09:13.772390,call_1,POST,http://localhost/api/v1/mock/mock-swagger/api/v3/pet,0,2.22,"HTTPConnectionPool(host='localhost', port=80): Max retries exceeded with url: /api/v1/mock/mock-swagger/api/v3/pet (Caused by NewConnectionError(""HTTPConnection(host='localhost', port=80): Failed to establish a new connection: [Errno 111] Connection refused""))"
2026-09-18T15:09:13.790063,call_3,GET,http://localhost/api/v1/mock/mock-swagger/api/v3/store/inventory,0,1.57,"HTTPConnectionPool(host='localhost', port=80): Max retries exceeded with url: /api/v1/mock/mock-swagger/api/v3/store/inventory (Caused by NewConnectionError(""HTTPConnection(host='localhost', port=80): Failed to establish a new connection: [Errno 111] Connection refused""))"
2026-09-18T15:09:13.793289,call_2,PUT,http://localhost/api/v1/mock/mock-swagger/api/v3/pet,0,1.69,"HTTPConnectionPool(host='localhost', port=80): Max retries exceeded with url: /api/v1/mock/mock-swagger/api/v3/pet (Caused by NewConnectionError(""HTTPConnection(host='localhost', port=80): Failed to establish a new connection: [Errno 111] Connection refused""))"
2026-09-18T15:09:13.811467,call_3,GET,http://localhost/api/v1/mock/mock-swagger/api/v3/store/inventory,0,2.34,"HTTPConnectionPool(host='localhost', port=80): Max retries exceeded with url: /api/v1/mock/mock-swagger/api/v3/store/inventory (Caused by NewConnectionError(""HTTPConnection(host='localhost', port=80): Failed to establish a new connection: [Errno 111] Connection refused""))"
2026-09-18T15:09:13.849213,call_1,POST,http://localhost/api/v1/mock/mock-swagger/api/v3/pet,0,13.33,"HTTPConnectionPool(host='localhost', port=80): Max retries exceeded with url: /api/v1/mock/mock-swagger/api/v3/pet (Caused by NewConnectionError(""HTTPConnection(host='localhost', port=80): Failed to establish a new connection: [Errno 111] Connection refused""))"
2026-09-18T15:09:13.852166,call_3,GET,http://localhost/api/v1/mock/mock-swagger/api/v3/store/inventory,0,15.2,"HTTPConnectionPool(host='localhost', port=80): Max retries exceeded with url: /api/v1/mock/mock-swagger/api/v3/store/inventory (Caused by NewConnectionError(""HTTPConnection(host='localhost', port=80): Failed to establish a new connection: [Errno 111] Connection refused""))"
2026-09-18T15:09:13.854562,call_5,DELETE,http://localhost/api/v1/mock/mock-swagger/api/v3/user/{username},0,5.25,"HTTPConnectionPool(host='localhost', port=80): Max retries exceeded with url: /api/v1/mock/mock-swagger/api/v3/user/%7Busername%7D (Caused by NewConnectionError(""HTTPConnection(host='localhost', port=80): Failed to establish a new connection: [Errno 111] Connection refused""))"
2026-09-18T15:09:13.854903,call_4,POST,http://localhost/api/v1/mock/mock-swagger/api/v3/user/createWithList,0,12.77,"HTTPConnectionPool(host='localhost', port=80): Max retries exceeded with url: /api/v1/mock/mock-swagger/api/v3/user/createWithList (Caused by NewConnectionError(""HTTPConnection(host='localhost', port=80): Failed to establish a new connection: [Errno 111] Connection refused""))"
2026-09-18T15:09:13.856812,call_2,PUT,http://localhost/api/v1/mock/mock-swagger/api/v3/pet,0,18.8,"HTTPConnectionPool(host='localhost', port=80): Max retries exceeded with url: /api/v1/mock/mock-swagger/api/v3/pet (Caused by NewConnectionError(""HTTPConnection(host='localhost', port=80): Failed to establish a new connection: [Errno 111] Connection refused""))"
2026-09-18T15:09:13.857556,call_3,GET,http://localhost/api/v1/mock/mock-swagger/api/v3/store/inventory,0,4.98,"HTTPConnectionPool(host='localhost', port=80): Max retries exceeded with url: /api/v1/mock/mock-swagger/api/v3/store/inventory (Caused by NewConnectionError(""HTTPConnection(host='localhost', port=80): Failed to establish a new connection: [Errno 111] Connection refused""))"
2026-09-18T15:09:13.874421,call_2,PUT,http://localhost/api/v1/mock/mock-swagger/api/v3/pet,0,1.84,"HTTPConnectionPool(host='localhost', port=80): Max retries exceeded with url: /api/v1/mock/mock-swagger/api/v3/pet (Caused by NewConnectionError(""HTTPConnection(host='localhost', port=80): Failed to establish a new connection: [Errno 111] Connection refused""))"
2026-09-18T15:09:13.891863,call_4,POST,http://localhost/api/v1/mock/mock-swagger/api/v3/user/createWithList,0,1.62,"HTTPConnectionPool(host='localhost', port=80): Max retries exceeded with url: /api/v1/mock/mock-swagger/api/v3/user/createWithList (Caused by NewConnectionError(""HTTPConnection(host='localhost', port=80): Failed to establish a new connection: [Errno 111] Connection refused""))"
2026-09-18T15:09:13.894958,call_3,GET,http://localhost/api/v1/mock/mock-swagger/api/v3/store/inventory,0,1.49,"HTTPConnectionPool(host='localhost', port=80): Max retries exceeded with url: /api/v1/mock/mock-swagger/api/v3/store/inventory (Caused by NewConnectionError(""HTTPConnection(host='localhost', port=80): Failed to establish a new connection: [Errno 111] Connection refused""))"
2026-09-18T15:09:13.913748,call_4,POST,http://localhost/api/v1/mock/mock-swagger/api/v3/user/createWithList,0,1.65,"HTTPConnectionPool(host='localhost', port=80): Max retries exceeded with url: /api/v1/mock/mock-swagger/api/v3/user/createWithList (Caused by NewConnectionError(""HTTPConnection(host='localhost', port=80): Failed to establish a new connection: [Errno 111] Connection refused""))"
2026-09-18T15:09:13.951001,call_2,PUT,http://localhost/api/v1/mock/mock-swagger/api/v3/pet,0,1.61,"HTTPConnectionPool(host='localhost', port=80): Max retries exceeded with url: /api/v1/mock/mock-swagger/api/v3/pet (Caused by NewConnectionError(""HTTPConnection(host='localhost', port=80): Failed to establish a new connection: [Errno 111] Connection refused""))"
2026-09-18T15:09:13.966575,call_4,POST,http://localhost/api/v1/mock/mock-swagger/api/v3/user/createWithList,0,13.32,"HTTPConnectionPool(host='localhost', port=80): Max retries exceeded with url: /api/v1/mock/mock-swagger/api/v3/user/createWithList (Caused by NewConnectionError(""HTTPConnection(host='localhost', port=80): Failed to establish a new connection: [Errno 111] Connection refused""))"
2026-09-18T15:09:13.971523,call_5,DELETE,http://localhost/api/v1/mock/mock-swagger/api/v3/user/{username},0,14.64,"HTTPConnectionPool(host='localhost', port=80): Max retries exceeded with url: /api/v1/mock/mock-swagger/api/v3/user/%7Busername%7D (Caused by NewConnectionError(""HTTPConnection(host='localhost', port=80): Failed to establish a new connection: [Errno 111] Connection refused""))"
2026-09-18T15:09:13.972196,call_1,POST,http://localhost/api/v1/mock/mock-swagger/api/v3/pet,0,16.55,"HTTPConnectionPool(host='localhost', port=80): Max retries exceeded with url: /api/v1/mock/mock-swagger/api/v3/pet (Caused by NewConnectionError(""HTTPConnection(host='localhost', port=80): Failed to establish a new connection: [Errno 111] Connection refused""))"
2026-09-18T15:09:13.973066,call_4,POST,http://localhost/api/v1/mock/mock-swagger/api/v3/user/createWithList,0,8.26,"HTTPConnectionPool(host='localhost', port=80): Max retries exceeded with url: /api/v1/mock/mock-swagger/api/v3/user/createWithList (Caused by NewConnectionError(""HTTPConnection(host='localhost', port=80): Failed to establish a new connection: [Errno 111] Connection refused""))"
2026-09-18T15:09:13.973840,call_3,GET,http://localhost/api/v1/mock/mock-swagger/api/v3/store/inventory,0,7.14,"HTTPConnectionPool(host='localhost', port=80): Max retries exceeded with url: /api/v1/mock/mock-swagger/api/v3/store/inventory (Caused by NewConnectionError(""HTTPConnection(host='localhost', port=80): Failed to establish a new connection: [Errno 111] Connection refused""))"
2026-09-18T15:09:13.976193,call_3,GET,http://localhost/api/v1/mock/mock-swagger/api/v3/store/inventory,0,1.6,"HTTPConnectionPool(host='localhost', port=80): Max retries exceeded with url: /api/v1/mock/mock-swagger/api/v3/store/inventory (Caused by NewConnectionError(""HTTPConnection(host='localhost', port=80): Failed to establish a new connection: [Errno 111] Connection refused""))"
2026-09-18T15:09:13.993675,call_5,DELETE,http://localhost/api/v1/mock/mock-swagger/api/v3/user/{username},0,1.64,"HTTPConnectionPool(host='localhost', port=80): Max retries exceeded with url: /api/v1/mock/mock-swagger/api/v3/user/%7Busername%7D (Caused by NewConnectionError(""HTTPConnection(host='localhost', port=80): Failed to establish a new connection: [Errno 111] Connection refused""))"
2026-09-18T15:09:13.996790,call_4,POST,http://localhost/api/v1/mock/mock-swagger/api/v3/user/createWithList,0,1.66,"HTTPConnectionPool(host='localhost', port=80): Max retries exceeded with url: /api/v1/mock/mock-swagger/api/v3/user/createWithList (Caused by NewConnectionError(""HTTPConnection(host='localhost', port=80): Failed to establish a new connection: [Errno 111] Connection refused""))"
2026-09-18T15:09:14.015564,call_5,DELETE,http://localhost/api/v1/mock/mock-swagger/api/v3/user/{username},0,1.63,"HTTPConnectionPool(host='localhost', port=80): Max retries exceeded with url: /api/v1/mock/mock-swagger/api/v3/user/%7Busername%7D (Caused by NewConnectionError(""HTTPConnection(host='localhost', port=80): Failed to establish a new connection: [Errno 111] Connection refused""))"
2026-09-18T15:09:14.052770,call_3,GET,http://localhost/api/v1/mock/mock-swagger/api/v3/store/inventory,0,1.58,"HTTPConnectionPool(host='localhost', port=80): Max retries exceeded with url: /api/v1/mock/mock-swagger/api/v3/store/inventory (Caused by NewConnectionError(""HTTPConnection(host='localhost', port=80): Failed to establish a new connection: [Errno 111] Connection refused""))"
2026-09-18T15:09:14.068849,call_5,DELETE,http://localhost/api/v1/mock/mock-swagger/api/v3/user/{username},0,2.1,"HTTPConnectionPool(host='localhost', port=80): Max retries exceeded with url: /api/v1/mock/mock-swagger/api/v3/user/%7Busername%7D (Caused by NewConnectionError(""HTTPConnection(host='localhost', port=80): Failed to establish a new connection: [Errno 111] Connection refused""))"
2026-09-18T15:09:14.087232,call_5,DELETE,http://localhost/api/v1/mock/mock-swagger/api/v3/user/{username},0,12.27,"HTTPConnectionPool(host='localhost', port=80): Max retries exceeded with url: /api/v1/mock/mock-swagger/api/v3/user/%7Busername%7D (Caused by NewConnectionError(""HTTPConnection(host='localhost', port=80): Failed to establish a new connection: [Errno 111] Connection refused""))"
2026-09-18T15:09:14.087653,call_2,PUT,http://localhost/api/v1/mock/mock-swagger/api/v3/pet,0,8.2,"HTTPConnectionPool(host='localhost', port=80): Max retries exceeded with url: /api/v1/mock/mock-swagger/api/v3/pet (Caused by NewConnectionError(""HTTPConnection(host='localhost', port=80): Failed to establish a new connection: [Errno 111] Connection refused""))"
2026-09-18T15:09:14.089188,call_4,POST,http://localhost/api/v1/mock/mock-swagger/api/v3/user/createWithList,0,8.51,"HTTPConnectionPool(host='localhost', port=80): Max retries exceeded with url: /api/v1/mock/mock-swagger/api/v3/user/createWithList (Caused by NewConnectionError(""HTTPConnection(host='localhost', port=80): Failed to establish a new connection: [Errno 111] Connection refused""))"
2026-09-18T15:09:14.091797,call_4,POST,http://localhost/api/v1/mock/mock-swagger/api/v3/user/createWithList,0,15.73,"HTTPConnectionPool(host='localhost', port=80): Max retries exceeded with url: /api/v1/mock/mock-swagger/api/v3/user/createWithList (Caused by NewConnectionError(""HTTPConnection(host='localhost', port=80): Failed to establish a new connection: [Errno 111] Connection refused""))"
2026-09-18T15:09:14.092188,call_1,POST,http://localhost/api/v1/mock/mock-swagger/api/v3/pet,0,14.99,"HTTPConnectionPool(host='localhost', port=80): Max retries exceeded with url: /api/v1/mock/mock-swagger/api/v3/pet (Caused by NewConnectionError(""HTTPConnection(host='localhost', port=80): Failed to establish a new connection: [Errno 111] Connection refused""))"
2026-09-18T15:09:14.095474,call_1,POST,http://localhost/api/v1/mock/mock-swagger/api/v3/pet,0,1.63,"HTTPConnectionPool(host='localhost', port=80): Max retries exceeded with url: /api/v1/mock/mock-swagger/api/v3/pet (Caused by NewConnectionError(""HTTPConnection(host='localhost', port=80): Failed to establish a new connection: [Errno 111] Connection refused""))"
2026-09-18T15:09:14.098600,call_5,DELETE,http://localhost/api/v1/mock/mock-swagger/api/v3/user/{username},0,1.64,"HTTPConnectionPool(host='localhost', port=80): Max retries exceeded with url: /api/v1/mock/mock-swagger/api/v3/user/%7Busername%7D (Caused by NewConnectionError(""HTTPConnection(host='localhost', port=80): Failed to establish a new connection: [Errno 111] Connection refused""))"
2026-09-18T15:09:14.117371,call_1,POST,http://localhost/api/v1/mock/mock-swagger/api/v3/pet,0,1.63,"HTTPConnectionPool(host='localhost', port=80): Max retries exceeded with url: /api/v1/mock/mock-swagger/api/v3/pet (Caused by NewConnectionError(""HTTPConnection(host='localhost', port=80): Failed to establish a new connection: [Errno 111] Connection refused""))"
2026-09-18T15:09:14.154648,call_4,POST,http://localhost/api/v1/mock/mock-swagger/api/v3/user/createWithList,0,1.7,"HTTPConnectionPool(host='localhost', port=80): Max retries exceeded with url: /api/v1/mock/mock-swagger/api/v3/user/createWithList (Caused by NewConnectionError(""HTTPConnection(host='localhost', port=80): Failed to establish a new connection: [Errno 111] Connection refused""))"
2026-09-18T15:09:14.170692,call_1,POST,http://localhost/api/v1/mock/mock-swagger/api/v3/pet,0,1.66,"HTTPConnectionPool(host='localhost', port=80): Max retries exceeded with url: /api/v1/mock/mock-swagger/api/v3/pet (Caused by NewConnectionError(""HTTPConnection(host='localhost', port=80): Failed to establish a new connection: [Errno 111] Connection refused""))"
2026-09-18T15:09:14.207996,call_5,DELETE,http://localhost/api/v1/mock/mock-swagger/api/v3/user/{username},0,16.02,"HTTPConnectionPool(host='localhost', port=80): Max retries exceeded with url: /api/v1/mock/mock-swagger/api/v3/user/%7Busername%7D (Caused by NewConnectionError(""HTTPConnection(host='localhost', port=80): Failed to establish a new connection: [Errno 111] Connection refused""))"
2026-09-18T15:09:14.208567,call_5,DELETE,http://localhost/api/v1/mock/mock-swagger/api/v3/user/{username},0,10.55,"HTTPConnectionPool(host='localhost', port=80): Max retries exceeded with url: /api/v1/mock/mock-swagger/api/v3/user/%7Busername%7D (Caused by NewConnectionError(""HTTPConnection(host='localhost', port=80): Failed to establish a new connection: [Errno 111] Connection refused""))"
2026-09-18T15:09:14.209163,call_2,PUT,http://localhost/api/v1/mock/mock-swagger/api/v3/pet,0,7.22,"HTTPConnectionPool(host='localhost', port=80): Max retries exceeded with url: /api/v1/mock/mock-swagger/api/v3/pet (Caused by NewConnectionError(""HTTPConnection(host='localhost', port=80): Failed to establish a new connection: [Errno 111] Connection refused""))"
2026-09-18T15:09:14.210167,call_1,POST,http://localhost/api/v1/mock/mock-swagger/api/v3/pet,0,7.14,"HTTPConnectionPool(host='localhost', port=80): Max retries exceeded with url: /api/v1/mock/mock-swagger/api/v3/pet (Caused by NewConnectionError(""HTTPConnection(host='localhost', port=80): Failed to establish a new connection: [Errno 111] Connection refused""))"
2026-09-18T15:09:14.210588,call_3,GET,http://localhost/api/v1/mock/mock-swagger/api/v3/store/inventory,0,20.94,"HTTPConnectionPool(host='localhost', port=80): Max retries exceeded with url: /api/v1/mock/mock-swagger/api/v3/store/inventory (Caused by NewConnectionError(""HTTPConnection(host='localhost', port=80): Failed to establish a new connection: [Errno 111] Connection refused""))"
2026-09-18T15:09:14.211791,call_2,PUT,http://localhost/api/v1/mock/mock-swagger/api/v3/pet,0,14.87,"HTTPConnectionPool(host='localhost', port=80): Max retries exceeded with url: /api/v1/mock/mock-swagger/api/v3/pet (Caused by NewConnectionError(""HTTPConnection(host='localhost', port=80): Failed to establish a new connection: [Errno 111] Connection refused""))"
2026-09-18T15:09:14.211995,call_1,POST,http://localhost/api/v1/mock/mock-swagger/api/v3/pet,0,24.53,"HTTPConnectionPool(host='localhost', port=80): Max retries exceeded with url: /api/v1/mock/mock-swagger/api/v3/pet (Caused by NewConnectionError(""HTTPConnection(host='localhost', port=80): Failed to establish a new connection: [Errno 111] Connection refused""))"
2026-09-18T15:09:14.219476,call_2,PUT,http://localhost/api/v1/mock/mock-swagger/api/v3/pet,0,1.97,"HTTPConnectionPool(host='localhost', port=80): Max retries exceeded with url: /api/v1/mock/mock-swagger/api/v3/pet (Caused by NewConnectionError(""HTTPConnection(host='localhost', port=80): Failed to establish a new connection: [Errno 111] Connection refused""))"
2026-09-18T15:09:14.256489,call_5,DELETE,http://localhost/api/v1/mock/mock-swagger/api/v3/user/{username},0,1.66,"HTTPConnectionPool(host='localhost', port=80): Max retries exceeded with url: /api/v1/mock/mock-swagger/api/v3/user/%7Busername%7D (Caused by NewConnectionError(""HTTPConnection(host='localhost', port=80): Failed to establish a new connection: [Errno 111] Connection refused""))"
2026-09-18T15:09:14.272559,call_2,PUT,http://localhost/api/v1/mock/mock-swagger/api/v3/pet,0,1.69,"HTTPConnectionPool(host='localhost', port=80): Max retries exceeded with url: /api/v1/mock/mock-swagger/api/v3/pet (Caused by NewConnectionError(""HTTPConnection(host='localhost', port=80): Failed to establish a new connection: [Errno 111] Connection refused""))"
2026-09-18T15:09:14.328727,call_3,GET,http://localhost/api/v1/mock/mock-swagger/api/v3/store/inventory,0,16.96,"HTTPConnectionPool(host='localhost', port=80): Max retries exceeded with url: /api/v1/mock/mock-swagger/api/v3/store/inventory (Caused by NewConnectionError(""HTTPConnection(host='localhost', port=80): Failed to establish a new connection: [Errno 111] Connection refused""))"
2026-09-18T15:09:14.330198,call_3,GET,http://localhost/api/v1/mock/mock-swagger/api/v3/store/inventory,0,11.02,"HTTPConnectionPool(host='localhost', port=80): Max retries exceeded with url: /api/v1/mock/mock-swagger/api/v3/store/inventory (Caused by NewConnectionError(""HTTPConnection(host='localhost', port=80): Failed to establish a new connection: [Errno 111] Connection refused""))"
2026-09-18T15:09:14.330533,call_4,POST,http://localhost/api/v1/mock/mock-swagger/api/v3/user/createWithList,0,16.49,"HTTPConnectionPool(host='localhost', port=80): Max retries exceeded with url: /api/v1/mock/mock-swagger/api/v3/user/createWithList (Caused by NewConnectionError(""HTTPConnection(host='localhost', port=80): Failed to establish a new connection: [Errno 111] Connection refused""))"
2026-09-18T15:09:14.330771,call_1,POST,http://localhost/api/v1/mock/mock-swagger/api/v3/pet,0,20.28,"HTTPConnectionPool(host='localhost', port=80): Max retries exceeded with url: /api/v1/mock/mock-swagger/api/v3/pet (Caused by NewConnectionError(""HTTPConnection(host='localhost', port=80): Failed to establish a new connection: [Errno 111] Connection refused""))"
2026-09-18T15:09:14.331023,call_2,PUT,http://localhost/api/v1/mock/mock-swagger/api/v3/pet,0,18.18,"HTTPConnectionPool(host='localhost', port=80): Max retries exceeded with url: /api/v1/mock/mock-swagger/api/v3/pet (Caused by NewConnectionError(""HTTPConnection(host='localhost', port=80): Failed to establish a new connection: [Errno 111] Connection refused""))"
2026-09-18T15:09:14.331801,call_2,PUT,http://localhost/api/v1/mock/mock-swagger/api/v3/pet,0,6.74,"HTTPConnectionPool(host='localhost', port=80): Max retries exceeded with url: /api/v1/mock/mock-swagger/api/v3/pet (Caused by NewConnectionError(""HTTPConnection(host='localhost', port=80): Failed to establish a new connection: [Errno 111] Connection refused""))"
2026-09-18T15:09:14.332568,call_3,GET,http://localhost/api/v1/mock/mock-swagger/api/v3/store/inventory,0,10.59,"HTTPConnectionPool(host='localhost', port=80): Max retries exceeded with url: /api/v1/mock/mock-swagger/api/v3/store/inventory (Caused by NewConnectionError(""HTTPConnection(host='localhost', port=80): Failed to establish a new connection: [Errno 111] Connection refused""))"
2026-09-18T15:09:14.332892,call_1,POST,http://localhost/api/v1/mock/mock-swagger/api/v3/pet,0,17.7,"HTTPConnectionPool(host='localhost', port=80): Max retries exceeded with url: /api/v1/mock/mock-swagger/api/v3/pet (Caused by NewConnectionError(""HTTPConnection(host='localhost', port=80): Failed to establish a new connection: [Errno 111] Connection refused""))"
2026-09-18T15:09:14.364204,call_1,POST,http://localhost/api/v1/mock/mock-swagger/api/v3/pet,0,4.6,"HTTPConnectionPool(host='localhost', port=80): Max retries exceeded with url: /api/v1/mock/mock-swagger/api/v3/pet (Caused by NewConnectionError(""HTTPConnection(host='localhost', port=80): Failed to establish a new connection: [Errno 111] Connection refused""))"
2026-09-18T15:09:14.374346,call_3,GET,http://localhost/api/v1/mock/mock-swagger/api/v3/store/inventory,0,1.61,"HTTPConnectionPool(host='localhost', port=80): Max retries exceeded with url: /api/v1/mock/mock-swagger/api/v3/store/inventory (Caused by NewConnectionError(""HTTPConnection(host='localhost', port=80): Failed to establish a new connection: [Errno 111] Connection refused""))"
2026-09-18T15:09:14.453560,call_3,GET,http://localhost/api/v1/mock/mock-swagger/api/v3/store/inventory,0,16.54,"HTTPConnectionPool(host='localhost', port=80): Max retries exceeded with url: /api/v1/mock/mock-swagger/api/v3/store/inventory (Caused by NewConnectionError(""HTTPConnection(host='localhost', port=80): Failed to establish a new connection: [Errno 111] Connection refused""))"
2026-09-18T15:09:14.456436,call_2,PUT,http://localhost/api/v1/mock/mock-swagger/api/v3/pet,0,21.6,"HTTPConnectionPool(host='localhost', port=80): Max retries exceeded with url: /api/v1/mock/mock-swagger/api/v3/pet (Caused by NewConnectionError(""HTTPConnection(host='localhost', port=80): Failed to establish a new connection: [Errno 111] Connection refused""))"
2026-09-18T15:09:14.456782,call_5,DELETE,http://localhost/api/v1/mock/mock-swagger/api/v3/user/{username},0,23.11,"HTTPConnectionPool(host='localhost', port=80): Max retries exceeded with url: /api/v1/mock/mock-swagger/api/v3/user/%7Busername%7D (Caused by NewConnectionError(""HTTPConnection(host='localhost', port=80): Failed to establish a new connection: [Errno 111] Connection refused""))"
2026-09-18T15:09:14.457726,call_2,PUT,http://localhost/api/v1/mock/mock-swagger/api/v3/pet,0,18.05,"HTTPConnectionPool(host='localhost', port=80): Max retries exceeded with url: /api/v1/mock/mock-swagger/api/v3/pet (Caused by NewConnectionError(""HTTPConnection(host='localhost', port=80): Failed to establish a new connection: [Errno 111] Connection refused""))"
2026-09-18T15:09:14.458595,call_4,POST,http://localhost/api/v1/mock/mock-swagger/api/v3/user/createWithList,0,8.13,"HTTPConnectionPool(host='localhost', port=80): Max retries exceeded with url: /api/v1/mock/mock-swagger/api/v3/user/createWithList (Caused by NewConnectionError(""HTTPConnection(host='localhost', port=80): Failed to establish a new connection: [Errno 111] Connection refused""))"
2026-09-18T15:09:14.460834,call_3,GET,http://localhost/api/v1/mock/mock-swagger/api/v3/store/inventory,0,24.9,"HTTPConnectionPool(host='localhost', port=80): Max retries exceeded with url: /api/v1/mock/mock-swagger/api/v3/store/inventory (Caused by NewConnectionError(""HTTPConnection(host='localhost', port=80): Failed to establish a new connection: [Errno 111] Connection refused""))"
2026-09-18T15:09:14.461196,call_4,POST,http://localhost/api/v1/mock/mock-swagger/api/v3/user/createWithList,0,14.67,"HTTPConnectionPool(host='localhost', port=80): Max retries exceeded with url: /api/v1/mock/mock-swagger/api/v3/user/createWithList (Caused by NewConnectionError(""HTTPConnection(host='localhost', port=80): Failed to establish a new connection: [Errno 111] Connection refused""))"
2026-09-18T15:09:14.461491,call_4,POST,http://localhost/api/v1/mock/mock-swagger/api/v3/user/createWithList,0,18.47,"HTTPConnectionPool(host='localhost', port=80): Max retries exceeded with url: /api/v1/mock/mock-swagger/api/v3/user/createWithList (Caused by NewConnectionError(""HTTPConnection(host='localhost', port=80): Failed to establish a new connection: [Errno 111] Connection refused""))"
2026-09-18T15:09:14.466302,call_2,PUT,http://localhost/api/v1/mock/mock-swagger/api/v3/pet,0,1.95,"HTTPConnectionPool(host='localhost', port=80): Max retries exceeded with url: /api/v1/mock/mock-swagger/api/v3/pet (Caused by NewConnectionError(""HTTPConnection(host='localhost', port=80): Failed to establish a new connection: [Errno 111] Connection refused""))"
2026-09-18T15:09:14.476809,call_4,POST,http://localhost/api/v1/mock/mock-swagger/api/v3/user/createWithList,0,2.31,"HTTPConnectionPool(host='localhost', port=80): Max retries exceeded with url: /api/v1/mock/mock-swagger/api/v3/user/createWithList (Caused by NewConnectionError(""HTTPConnection(host='localhost', port=80): Failed to establish a new connection: [Errno 111] Connection refused""))"
2026-09-18T15:09:14.582554,call_4,POST,http://localhost/api/v1/mock/mock-swagger/api/v3/user/createWithList,0,28.84,"HTTPConnectionPool(host='localhost', port=80): Max retries exceeded with url: /api/v1/mock/mock-swagger/api/v3/user/createWithList (Caused by NewConnectionError(""HTTPConnection(host='localhost', port=80): Failed to establish a new connection: [Errno 111] Connection refused""))"
2026-09-18T15:09:14.588109,call_1,POST,http://localhost/api/v1/mock/mock-swagger/api/v3/pet,0,24.97,"HTTPConnectionPool(host='localhost', port=80): Max retries exceeded with url: /api/v1/mock/mock-swagger/api/v3/pet (Caused by NewConnectionError(""HTTPConnection(host='localhost', port=80): Failed to establish a new connection: [Errno 111] Connection refused""))"
2026-09-18T15:09:14.588431,call_3,GET,http://localhost/api/v1/mock/mock-swagger/api/v3/store/inventory,0,19.29,"HTTPConnectionPool(host='localhost', port=80): Max retries exceeded with url: /api/v1/mock/mock-swagger/api/v3/store/inventory (Caused by NewConnectionError(""HTTPConnection(host='localhost', port=80): Failed to establish a new connection: [Errno 111] Connection refused""))"
2026-09-18T15:09:14.589428,call_4,POST,http://localhost/api/v1/mock/mock-swagger/api/v3/user/createWithList,0,9.68,"HTTPConnectionPool(host='localhost', port=80): Max retries exceeded with url: /api/v1/mock/mock-swagger/api/v3/user/createWithList (Caused by NewConnectionError(""HTTPConnection(host='localhost', port=80): Failed to establish a new connection: [Errno 111] Connection refused""))"
2026-09-18T15:09:14.589931,call_5,DELETE,http://localhost/api/v1/mock/mock-swagger/api/v3/user/{username},0,23.44,"HTTPConnectionPool(host='localhost', port=80): Max retries exceeded with url: /api/v1/mock/mock-swagger/api/v3/user/%7Busername%7D (Caused by NewConnectionError(""HTTPConnection(host='localhost', port=80): Failed to establish a new connection: [Errno 111] Connection refused""))"
2026-09-18T15:09:14.590319,call_3,GET,http://localhost/api/v1/mock/mock-swagger/api/v3/store/inventory,0,31.79,"HTTPConnectionPool(host='localhost', port=80): Max retries exceeded with url: /api/v1/mock/mock-swagger/api/v3/store/inventory (Caused by NewConnectionError(""HTTPConnection(host='localhost', port=80): Failed to establish a new connection: [Errno 111] Connection refused""))"
2026-09-18T15:09:14.590822,call_3,GET,http://localhost/api/v1/mock/mock-swagger/api/v3/store/inventory,0,30.07,"HTTPConnectionPool(host='localhost', port=80): Max retries exceeded with url: /api/v1/mock/mock-swagger/api/v3/store/inventory (Caused by NewConnectionError(""HTTPConnection(host='localhost', port=80): Failed to establish a new connection: [Errno 111] Connection refused""))"
2026-09-18T15:09:14.592220,call_5,DELETE,http://localhost/api/v1/mock/mock-swagger/api/v3/user/{username},0,24.44,"HTTPConnectionPool(host='localhost', port=80): Max retries exceeded with url: /api/v1/mock/mock-swagger/api/v3/user/%7Busername%7D (Caused by NewConnectionError(""HTTPConnection(host='localhost', port=80): Failed to establish a new connection: [Errno 111] Connection refused""))"
2026-09-18T15:09:14.593404,call_5,DELETE,http://localhost/api/v1/mock/mock-swagger/api/v3/user/{username},0,12.34,"HTTPConnectionPool(host='localhost', port=80): Max retries exceeded with url: /api/v1/mock/mock-swagger/api/v3/user/%7Busername%7D (Caused by NewConnectionError(""HTTPConnection(host='localhost', port=80): Failed to establish a new connection: [Errno 111] Connection refused""))"
2026-09-18T15:09:14.593775,call_5,DELETE,http://localhost/api/v1/mock/mock-swagger/api/v3/user/{username},0,8.98,"HTTPConnectionPool(host='localhost', port=80): Max retries exceeded with url: /api/v1/mock/mock-swagger/api/v3/user/%7Busername%7D (Caused by NewConnectionError(""HTTPConnection(host='localhost', port=80): Failed to establish a new connection: [Errno 111] Connection refused""))"
2026-09-18T15:09:14.684348,call_5,DELETE,http://localhost/api/v1/mock/mock-swagger/api/v3/user/{username},0,1.63,"HTTPConnectionPool(host='localhost', port=80): Max retries exceeded with url: /api/v1/mock/mock-swagger/api/v3/user/%7Busername%7D (Caused by NewConnectionError(""HTTPConnection(host='localhost', port=80): Failed to establish a new connection: [Errno 111] Connection refused""))"
2026-09-18T15:09:14.711917,call_1,POST,http://localhost/api/v1/mock/mock-swagger/api/v3/pet,0,19.52,"HTTPConnectionPool(host='localhost', port=80): Max retries exceeded with url: /api/v1/mock/mock-swagger/api/v3/pet (Caused by NewConnectionError(""HTTPConnection(host='localhost', port=80): Failed to establish a new connection: [Errno 111] Connection refused""))"
2026-09-18T15:09:14.712659,call_1,POST,http://localhost/api/v1/mock/mock-swagger/api/v3/pet,0,7.52,"HTTPConnectionPool(host='localhost', port=80): Max retries exceeded with url: /api/v1/mock/mock-swagger/api/v3/pet (Caused by NewConnectionError(""HTTPConnection(host='localhost', port=80): Failed to establish a new connection: [Errno 111] Connection refused""))"
2026-09-18T15:09:14.712965,call_4,POST,http://localhost/api/v1/mock/mock-swagger/api/v3/user/createWithList,0,19.5,"HTTPConnectionPool(host='localhost', port=80): Max retries exceeded with url: /api/v1/mock/mock-swagger/api/v3/user/createWithList (Caused by NewConnectionError(""HTTPConnection(host='localhost', port=80): Failed to establish a new connection: [Errno 111] Connection refused""))"
2026-09-18T15:09:14.713400,call_1,POST,http://localhost/api/v1/mock/mock-swagger/api/v3/pet,0,12.99,"HTTPConnectionPool(host='localhost', port=80): Max retries exceeded with url: /api/v1/mock/mock-swagger/api/v3/pet (Caused by NewConnectionError(""HTTPConnection(host='localhost', port=80): Failed to establish a new connection: [Errno 111] Connection refused""))"
2026-09-18T15:09:14.713852,call_5,DELETE,http://localhost/api/v1/mock/mock-swagger/api/v3/user/{username},0,18.22,"HTTPConnectionPool(host='localhost', port=80): Max retries exceeded with url: /api/v1/mock/mock-swagger/api/v3/user/%7Busername%7D (Caused by NewConnectionError(""HTTPConnection(host='localhost', port=80): Failed to establish a new connection: [Errno 111] Connection refused""))"
2026-09-18T15:09:14.714562,call_2,PUT,http://localhost/api/v1/mock/mock-swagger/api/v3/pet,0,25.6,"HTTPConnectionPool(host='localhost', port=80): Max retries exceeded with url: /api/v1/mock/mock-swagger/api/v3/pet (Caused by NewConnectionError(""HTTPConnection(host='localhost', port=80): Failed to establish a new connection: [Errno 111] Connection refused""))"
2026-09-18T15:09:14.714942,call_4,POST,http://localhost/api/v1/mock/mock-swagger/api/v3/user/createWithList,0,24.89,"HTTPConnectionPool(host='localhost', port=80): Max retries exceeded with url: /api/v1/mock/mock-swagger/api/v3/user/createWithList (Caused by NewConnectionError(""HTTPConnection(host='localhost', port=80): Failed to establish a new connection: [Errno 111] Connection refused""))"
2026-09-18T15:09:14.715340,call_1,POST,http://localhost/api/v1/mock/mock-swagger/api/v3/pet,0,11.67,"HTTPConnectionPool(host='localhost', port=80): Max retries exceeded with url: /api/v1/mock/mock-swagger/api/v3/pet (Caused by NewConnectionError(""HTTPConnection(host='localhost', port=80): Failed to establish a new connection: [Errno 111] Connection refused""))"
2026-09-18T15:09:14.717332,call_4,POST,http://localhost/api/v1/mock/mock-swagger/api/v3/user/createWithList,0,14.78,"HTTPConnectionPool(host='localhost', port=80): Max retries exceeded with url: /api/v1/mock/mock-swagger/api/v3/user/createWithList (Caused by NewConnectionError(""HTTPConnection(host='localhost', port=80): Failed to establish a new connection: [Errno 111] Connection refused""))"
2026-09-18T15:09:14.786194,call_1,POST,http://localhost/api/v1/mock/mock-swagger/api/v3/pet,0,1.68,"HTTPConnectionPool(host='localhost', port=80): Max retries exceeded with url: /api/v1/mock/mock-swagger/api/v3/pet (Caused by NewConnectionError(""HTTPConnection(host='localhost', port=80): Failed to establish a new connection: [Errno 111] Connection refused""))"
2026-09-18T15:09:14.833779,call_5,DELETE,http://localhost/api/v1/mock/mock-swagger/api/v3/user/{username},0,19.39,"HTTPConnectionPool(host='localhost', port=80): Max retries exceeded with url: /api/v1/mock/mock-swagger/api/v3/user/%7Busername%7D (Caused by NewConnectionError(""HTTPConnection(host='localhost', port=80): Failed to establish a new connection: [Errno 111] Connection refused""))"
2026-09-18T15:09:14.834405,call_2,PUT,http://localhost/api/v1/mock/mock-swagger/api/v3/pet,0,10.38,"HTTPConnectionPool(host='localhost', port=80): Max retries exceeded with url: /api/v1/mock/mock-swagger/api/v3/pet (Caused by NewConnectionError(""HTTPConnection(host='localhost', port=80): Failed to establish a new connection: [Errno 111] Connection refused""))"
2026-09-18T15:09:14.835199,call_1,POST,http://localhost/api/v1/mock/mock-swagger/api/v3/pet,0,18.76,"HTTPConnectionPool(host='localhost', port=80): Max retries exceeded with url: /api/v1/mock/mock-swagger/api/v3/pet (Caused by NewConnectionError(""HTTPConnection(host='localhost', port=80): Failed to establish a new connection: [Errno 111] Connection refused""))"
2026-09-18T15:09:14.836234,call_2,PUT,http://localhost/api/v1/mock/mock-swagger/api/v3/pet,0,17.53,"HTTPConnectionPool(host='localhost', port=80): Max retries exceeded with url: /api/v1/mock/mock-swagger/api/v3/pet (Caused by NewConnectionError(""HTTPConnection(host='localhost', port=80): Failed to establish a new connection: [Errno 111] Connection refused""))"
2026-09-18T15:09:14.836943,call_2,PUT,http://localhost/api/v1/mock/mock-swagger/api/v3/pet,0,21.57,"HTTPConnectionPool(host='localhost', port=80): Max retries exceeded with url: /api/v1/mock/mock-swagger/api/v3/pet (Caused by NewConnectionError(""HTTPConnection(host='localhost', port=80): Failed to establish a new connection: [Errno 111] Connection refused""))"
2026-09-18T15:09:14.838027,call_3,GET,http://localhost/api/v1/mock/mock-swagger/api/v3/store/inventory,0,17.73,"HTTPConnectionPool(host='localhost', port=80): Max retries exceeded with url: /api/v1/mock/mock-swagger/api/v3/store/inventory (Caused by NewConnectionError(""HTTPConnection(host='localhost', port=80): Failed to establish a new connection: [Errno 111] Connection refused""))"
2026-09-18T15:09:14.838944,call_5,DELETE,http://localhost/api/v1/mock/mock-swagger/api/v3/user/{username},0,21.44,"HTTPConnectionPool(host='localhost', port=80): Max retries exceeded with url: /api/v1/mock/mock-swagger/api/v3/user/%7Busername%7D (Caused by NewConnectionError(""HTTPConnection(host='localhost', port=80): Failed to establish a new connection: [Errno 111] Connection refused""))"
2026-09-18T15:09:14.841126,call_5,DELETE,http://localhost/api/v1/mock/mock-swagger/api/v3/user/{username},0,14.55,"HTTPConnectionPool(host='localhost', port=80): Max retries exceeded with url: /api/v1/mock/mock-swagger/api/v3/user/%7Busername%7D (Caused by NewConnectionError(""HTTPConnection(host='localhost', port=80): Failed to establish a new connection: [Errno 111] Connection refused""))"
2026-09-18T15:09:14.841363,call_2,PUT,http://localhost/api/v1/mock/mock-swagger/api/v3/pet,0,11.91,"HTTPConnectionPool(host='localhost', port=80): Max retries exceeded with url: /api/v1/mock/mock-swagger/api/v3/pet (Caused by NewConnectionError(""HTTPConnection(host='localhost', port=80): Failed to establish a new connection: [Errno 111] Connection refused""))"
2026-09-18T15:09:14.888335,call_2,PUT,http://localhost/api/v1/mock/mock-swagger/api/v3/pet,0,1.96,"HTTPConnectionPool(host='localhost', port=80): Max retries exceeded with url: /api/v1/mock/mock-swagger/api/v3/pet (Caused by NewConnectionError(""HTTPConnection(host='localhost', port=80): Failed to establish a new connection: [Errno 111] Connection refused""))"
2026-09-18T15:09:14.956597,call_3,GET,http://localhost/api/v1/mock/mock-swagger/api/v3/store/inventory,0,21.1,"HTTPConnectionPool(host='localhost', port=80): Max retries exceeded with url: /api/v1/mock/mock-swagger/api/v3/store/inventory (Caused by NewConnectionError(""HTTPConnection(host='localhost', port=80): Failed to establish a new connection: [Errno 111] Connection refused""))"
2026-09-18T15:09:14.956817,call_1,POST,http://localhost/api/v1/mock/mock-swagger/api/v3/pet,0,21.87,"HTTPConnectionPool(host='localhost', port=80): Max retries exceeded with url: /api/v1/mock/mock-swagger/api/v3/pet (Caused by NewConnectionError(""HTTPConnection(host='localhost', port=80): Failed to establish a new connection: [Errno 111] Connection refused""))"
2026-09-18T15:09:14.957923,call_3,GET,http://localhost/api/v1/mock/mock-swagger/api/v3/store/inventory,0,20.12,"HTTPConnectionPool(host='localhost', port=80): Max retries exceeded with url: /api/v1/mock/mock-swagger/api/v3/store/inventory (Caused by NewConnectionError(""HTTPConnection(host='localhost', port=80): Failed to establish a new connection: [Errno 111] Connection refused""))"
2026-09-18T15:09:14.959438,call_2,PUT,http://localhost/api/v1/mock/mock-swagger/api/v3/pet,0,22.76,"HTTPConnectionPool(host='localhost', port=80): Max retries exceeded with url: /api/v1/mock/mock-swagger/api/v3/pet (Caused by NewConnectionError(""HTTPConnection(host='localhost', port=80): Failed to establish a new connection: [Errno 111] Connection refused""))"
2026-09-18T15:09:14.960315,call_4,POST,http://localhost/api/v1/mock/mock-swagger/api/v3/user/createWithList,0,19.08,"HTTPConnectionPool(host='localhost', port=80): Max retries exceeded with url: /api/v1/mock/mock-swagger/api/v3/user/createWithList (Caused by NewConnectionError(""HTTPConnection(host='localhost', port=80): Failed to establish a new connection: [Errno 111] Connection refused""))"
2026-09-18T15:09:14.961664,call_3,GET,http://localhost/api/v1/mock/mock-swagger/api/v3/store/inventory,0,9.37,"HTTPConnectionPool(host='localhost', port=80): Max retries exceeded with url: /api/v1/mock/mock-swagger/api/v3/store/inventory (Caused by NewConnectionError(""HTTPConnection(host='localhost', port=80): Failed to establish a new connection: [Errno 111] Connection refused""))"
2026-09-18T15:09:14.962054,call_1,POST,http://localhost/api/v1/mock/mock-swagger/api/v3/pet,0,7.57,"HTTPConnectionPool(host='localhost', port=80): Max retries exceeded with url: /api/v1/mock/mock-swagger/api/v3/pet (Caused by NewConnectionError(""HTTPConnection(host='localhost', port=80): Failed to establish a new connection: [Errno 111] Connection refused""))"
2026-09-18T15:09:14.962360,call_3,GET,http://localhost/api/v1/mock/mock-swagger/api/v3/store/inventory,0,12.15,"HTTPConnectionPool(host='localhost', port=80): Max retries exceeded with url: /api/v1/mock/mock-swagger/api/v3/store/inventory (Caused by NewConnectionError(""HTTPConnection(host='localhost', port=80): Failed to establish a new connection: [Errno 111] Connection refused""))"
2026-09-18T15:09:14.963579,call_1,POST,http://localhost/api/v1/mock/mock-swagger/api/v3/pet,0,16.09,"HTTPConnectionPool(host='localhost', port=80): Max retries exceeded with url: /api/v1/mock/mock-swagger/api/v3/pet (Caused by NewConnectionError(""HTTPConnection(host='localhost', port=80): Failed to establish a new connection: [Errno 111] Connection refused""))"
2026-09-18T15:09:14.990086,call_3,GET,http://localhost/api/v1/mock/mock-swagger/api/v3/store/inventory,0,1.58,"HTTPConnectionPool(host='localhost', port=80): Max retries exceeded with url: /api/v1/mock/mock-swagger/api/v3/store/inventory (Caused by NewConnectionError(""HTTPConnection(host='localhost', port=80): Failed to establish a new connection: [Errno 111] Connection refused""))"
2026-09-18T15:09:15.077940,call_2,PUT,http://localhost/api/v1/mock/mock-swagger/api/v3/pet,0,10.81,"HTTPConnectionPool(host='localhost', port=80): Max retries exceeded with url: /api/v1/mock/mock-swagger/api/v3/pet (Caused by NewConnectionError(""HTTPConnection(host='localhost', port=80): Failed to establish a new connection: [Errno 111] Connection refused""))"
2026-09-18T15:09:15.078475,call_2,PUT,http://localhost/api/v1/mock/mock-swagger/api/v3/pet,0,10.34,"HTTPConnectionPool(host='localhost', port=80): Max retries exceeded with url: /api/v1/mock/mock-swagger/api/v3/pet (Caused by NewConnectionError(""HTTPConnection(host='localhost', port=80): Failed to establish a new connection: [Errno 111] Connection refused""))"
2026-09-18T15:09:15.078878,call_4,POST,http://localhost/api/v1/mock/mock-swagger/api/v3/user/createWithList,0,13.88,"HTTPConnectionPool(host='localhost', port=80): Max retries exceeded with url: /api/v1/mock/mock-swagger/api/v3/user/createWithList (Caused by NewConnectionError(""HTTPConnection(host='localhost', port=80): Failed to establish a new connection: [Errno 111] Connection refused""))"
2026-09-18T15:09:15.080555,call_3,GET,http://localhost/api/v1/mock/mock-swagger/api/v3/store/inventory,0,14.45,"HTTPConnectionPool(host='localhost', port=80): Max retries exceeded with url: /api/v1/mock/mock-swagger/api/v3/store/inventory (Caused by NewConnectionError(""HTTPConnection(host='localhost', port=80): Failed to establish a new connection: [Errno 111] Connection refused""))"
2026-09-18T15:09:15.081870,call_4,POST,http://localhost/api/v1/mock/mock-swagger/api/v3/user/createWithList,0,24.67,"HTTPConnectionPool(host='localhost', port=80): Max retries exceeded with url: /api/v1/mock/mock-swagger/api/v3/user/createWithList (Caused by NewConnectionError(""HTTPConnection(host='localhost', port=80): Failed to establish a new connection: [Errno 111] Connection refused""))"
2026-09-18T15:09:15.083600,call_2,PUT,http://localhost/api/v1/mock/mock-swagger/api/v3/pet,0,25.29,"HTTPConnectionPool(host='localhost', port=80): Max retries exceeded with url: /api/v1/mock/mock-swagger/api/v3/pet (Caused by NewConnectionError(""HTTPConnection(host='localhost', port=80): Failed to establish a new connection: [Errno 111] Connection refused""))"
2026-09-18T15:09:15.084318,call_4,POST,http://localhost/api/v1/mock/mock-swagger/api/v3/user/createWithList,0,11.22,"HTTPConnectionPool(host='localhost', port=80): Max retries exceeded with url: /api/v1/mock/mock-swagger/api/v3/user/createWithList (Caused by NewConnectionError(""HTTPConnection(host='localhost', port=80): Failed to establish a new connection: [Errno 111] Connection refused""))"
2026-09-18T15:09:15.084566,call_4,POST,http://localhost/api/v1/mock/mock-swagger/api/v3/user/createWithList,0,25.06,"HTTPConnectionPool(host='localhost', port=80): Max retries exceeded with url: /api/v1/mock/mock-swagger/api/v3/user/createWithList (Caused by NewConnectionError(""HTTPConnection(host='localhost', port=80): Failed to establish a new connection: [Errno 111] Connection refused""))"
2026-09-18T15:09:15.084854,call_5,DELETE,http://localhost/api/v1/mock/mock-swagger/api/v3/user/{username},0,10.25,"HTTPConnectionPool(host='localhost', port=80): Max retries exceeded with url: /api/v1/mock/mock-swagger/api/v3/user/%7Busername%7D (Caused by NewConnectionError(""HTTPConnection(host='localhost', port=80): Failed to establish a new connection: [Errno 111] Connection refused""))"
2026-09-18T15:09:15.091907,call_4,POST,http://localhost/api/v1/mock/mock-swagger/api/v3/user/createWithList,0,1.67,"HTTPConnectionPool(host='localhost', port=80): Max retries exceeded with url: /api/v1/mock/mock-swagger/api/v3/user/createWithList (Caused by NewConnectionError(""HTTPConnection(host='localhost', port=80): Failed to establish a new connection: [Errno 111] Connection refused""))"
2026-09-18T15:09:15.198122,call_3,GET,http://localhost/api/v1/mock/mock-swagger/api/v3/store/inventory,0,20.01,"HTTPConnectionPool(host='localhost', port=80): Max retries exceeded with url: /api/v1/mock/mock-swagger/api/v3/store/inventory (Caused by NewConnectionError(""HTTPConnection(host='localhost', port=80): Failed to establish a new connection: [Errno 111] Connection refused""))"
2026-09-18T15:09:15.203121,call_3,GET,http://localhost/api/v1/mock/mock-swagger/api/v3/store/inventory,0,23.64,"HTTPConnectionPool(host='localhost', port=80): Max retries exceeded with url: /api/v1/mock/mock-swagger/api/v3/store/inventory (Caused by NewConnectionError(""HTTPConnection(host='localhost', port=80): Failed to establish a new connection: [Errno 111] Connection refused""))"
2026-09-18T15:09:15.205378,call_5,DELETE,http://localhost/api/v1/mock/mock-swagger/api/v3/user/{username},0,15.8,"HTTPConnectionPool(host='localhost', port=80): Max retries exceeded with url: /api/v1/mock/mock-swagger/api/v3/user/%7Busername%7D (Caused by NewConnectionError(""HTTPConnection(host='localhost', port=80): Failed to establish a new connection: [Errno 111] Connection refused""))"
2026-09-18T15:09:15.206117,call_5,DELETE,http://localhost/api/v1/mock/mock-swagger/api/v3/user/{username},0,10.22,"HTTPConnectionPool(host='localhost', port=80): Max retries exceeded with url: /api/v1/mock/mock-swagger/api/v3/user/%7Busername%7D (Caused by NewConnectionError(""HTTPConnection(host='localhost', port=80): Failed to establish a new connection: [Errno 111] Connection refused""))"
2026-09-18T15:09:15.206778,call_1,POST,http://localhost/api/v1/mock/mock-swagger/api/v3/pet,0,13.42,"HTTPConnectionPool(host='localhost', port=80): Max retries exceeded with url: /api/v1/mock/mock-swagger/api/v3/pet (Caused by NewConnectionError(""HTTPConnection(host='localhost', port=80): Failed to establish a new connection: [Errno 111] Connection refused""))"
2026-09-18T15:09:15.207482,call_5,DELETE,http://localhost/api/v1/mock/mock-swagger/api/v3/user/{username},0,27.05,"HTTPConnectionPool(host='localhost', port=80): Max retries exceeded with url: /api/v1/mock/mock-swagger/api/v3/user/%7Busername%7D (Caused by NewConnectionError(""HTTPConnection(host='localhost', port=80): Failed to establish a new connection: [Errno 111] Connection refused""))"
2026-09-18T15:09:15.208223,call_5,DELETE,http://localhost/api/v1/mock/mock-swagger/api/v3/user/{username},0,13.76,"HTTPConnectionPool(host='localhost', port=80): Max retries exceeded with url: /api/v1/mock/mock-swagger/api/v3/user/%7Busername%7D (Caused by NewConnectionError(""HTTPConnection(host='localhost', port=80): Failed to establish a new connection: [Errno 111] Connection refused""))"
2026-09-18T15:09:15.209016,call_3,GET,http://localhost/api/v1/mock/mock-swagger/api/v3/store/inventory,0,20.5,"HTTPConnectionPool(host='localhost', port=80): Max retries exceeded with url: /api/v1/mock/mock-swagger/api/v3/store/inventory (Caused by NewConnectionError(""HTTPConnection(host='localhost', port=80): Failed to establish a new connection: [Errno 111] Connection refused""))"
2026-09-18T15:09:15.211033,call_5,DELETE,http://localhost/api/v1/mock/mock-swagger/api/v3/user/{username},0,9.34,"HTTPConnectionPool(host='localhost', port=80): Max retries exceeded with url: /api/v1/mock/mock-swagger/api/v3/user/%7Busername%7D (Caused by NewConnectionError(""HTTPConnection(host='localhost', port=80): Failed to establish a new connection: [Errno 111] Connection refused""))"
2026-09-18T15:09:15.211302,call_4,POST,http://localhost/api/v1/mock/mock-swagger/api/v3/user/createWithList,0,24.95,"HTTPConnectionPool(host='localhost', port=80): Max retries exceeded with url: /api/v1/mock/mock-swagger/api/v3/user/createWithList (Caused by NewConnectionError(""HTTPConnection(host='localhost', port=80): Failed to establish a new connection: [Errno 111] Connection refused""))"
2026-09-18T15:09:15.300040,call_4,POST,http://localhost/api/v1/mock/mock-swagger/api/v3/user/createWithList,0,1.7,"HTTPConnectionPool(host='localhost', port=80): Max retries exceeded with url: /api/v1/mock/mock-swagger/api/v3/user/createWithList (Caused by NewConnectionError(""HTTPConnection(host='localhost', port=80): Failed to establish a new connection: [Errno 111] Connection refused""))"
2026-09-18T15:09:15.312926,call_4,POST,http://localhost/api/v1/mock/mock-swagger/api/v3/user/createWithList,0,9.62,"HTTPConnectionPool(host='localhost', port=80): Max retries exceeded with url: /api/v1/mock/mock-swagger/api/v3/user/createWithList (Caused by NewConnectionError(""HTTPConnection(host='localhost', port=80): Failed to establish a new connection: [Errno 111] Connection refused""))"
2026-09-18T15:09:15.327720,call_1,POST,http://localhost/api/v1/mock/mock-swagger/api/v3/pet,0,22.15,"HTTPConnectionPool(host='localhost', port=80): Max retries exceeded with url: /api/v1/mock/mock-swagger/api/v3/pet (Caused by NewConnectionError(""HTTPConnection(host='localhost', port=80): Failed to establish a new connection: [Errno 111] Connection refused""))"
2026-09-18T15:09:15.328088,call_1,POST,http://localhost/api/v1/mock/mock-swagger/api/v3/pet,0,11.43,"HTTPConnectionPool(host='localhost', port=80): Max retries exceeded with url: /api/v1/mock/mock-swagger/api/v3/pet (Caused by NewConnectionError(""HTTPConnection(host='localhost', port=80): Failed to establish a new connection: [Errno 111] Connection refused""))"
2026-09-18T15:09:15.329409,call_1,POST,http://localhost/api/v1/mock/mock-swagger/api/v3/pet,0,18.16,"HTTPConnectionPool(host='localhost', port=80): Max retries exceeded with url: /api/v1/mock/mock-swagger/api/v3/pet (Caused by NewConnectionError(""HTTPConnection(host='localhost', port=80): Failed to establish a new connection: [Errno 111] Connection refused""))"
2026-09-18T15:09:15.330357,call_4,POST,http://localhost/api/v1/mock/mock-swagger/api/v3/user/createWithList,0,17.21,"HTTPConnectionPool(host='localhost', port=80): Max retries exceeded with url: /api/v1/mock/mock-swagger/api/v3/user/createWithList (Caused by NewConnectionError(""HTTPConnection(host='localhost', port=80): Failed to establish a new connection: [Errno 111] Connection refused""))"
2026-09-18T15:09:15.330873,call_2,PUT,http://localhost/api/v1/mock/mock-swagger/api/v3/pet,0,21.82,"HTTPConnectionPool(host='localhost', port=80): Max retries exceeded with url: /api/v1/mock/mock-swagger/api/v3/pet (Caused by NewConnectionError(""HTTPConnection(host='localhost', port=80): Failed to establish a new connection: [Errno 111] Connection refused""))"
2026-09-18T15:09:15.332396,call_1,POST,http://localhost/api/v1/mock/mock-swagger/api/v3/pet,0,6.89,"HTTPConnectionPool(host='localhost', port=80): Max retries exceeded with url: /api/v1/mock/mock-swagger/api/v3/pet (Caused by NewConnectionError(""HTTPConnection(host='localhost', port=80): Failed to establish a new connection: [Errno 111] Connection refused""))"
2026-09-18T15:09:15.333608,call_1,POST,http://localhost/api/v1/mock/mock-swagger/api/v3/pet,0,14.3,"HTTPConnectionPool(host='localhost', port=80): Max retries exceeded with url: /api/v1/mock/mock-swagger/api/v3/pet (Caused by NewConnectionError(""HTTPConnection(host='localhost', port=80): Failed to establish a new connection: [Errno 111] Connection refused""))"
2026-09-18T15:09:15.334759,call_5,DELETE,http://localhost/api/v1/mock/mock-swagger/api/v3/user/{username},0,14.37,"HTTPConnectionPool(host='localhost', port=80): Max retries exceeded with url: /api/v1/mock/mock-swagger/api/v3/user/%7Busername%7D (Caused by NewConnectionError(""HTTPConnection(host='localhost', port=80): Failed to establish a new connection: [Errno 111] Connection refused""))"
2026-09-18T15:09:15.401875,call_5,DELETE,http://localhost/api/v1/mock/mock-swagger/api/v3/user/{username},0,1.66,"HTTPConnectionPool(host='localhost', port=80): Max retries exceeded with url: /api/v1/mock/mock-swagger/api/v3/user/%7Busername%7D (Caused by NewConnectionError(""HTTPConnection(host='localhost', port=80): Failed to establish a new connection: [Errno 111] Connection refused""))"
2026-09-18T15:09:15.414678,call_5,DELETE,http://localhost/api/v1/mock/mock-swagger/api/v3/user/{username},0,1.6,"HTTPConnectionPool(host='localhost', port=80): Max retries exceeded with url: /api/v1/mock/mock-swagger/api/v3/user/%7Busername%7D (Caused by NewConnectionError(""HTTPConnection(host='localhost', port=80): Failed to establish a new connection: [Errno 111] Connection refused""))"
2026-09-18T15:09:15.437264,call_2,PUT,http://localhost/api/v1/mock/mock-swagger/api/v3/pet,0,9.23,"HTTPConnectionPool(host='localhost', port=80): Max retries exceeded with url: /api/v1/mock/mock-swagger/api/v3/pet (Caused by NewConnectionError(""HTTPConnection(host='localhost', port=80): Failed to establish a new connection: [Errno 111] Connection refused""))"
2026-09-18T15:09:15.448105,call_1,POST,http://localhost/api/v1/mock/mock-swagger/api/v3/pet,0,13.21,"HTTPConnectionPool(host='localhost', port=80): Max retries exceeded with url: /api/v1/mock/mock-swagger/api/v3/pet (Caused by NewConnectionError(""HTTPConnection(host='localhost', port=80): Failed to establish a new connection: [Errno 111] Connection refused""))"
2026-09-18T15:09:15.449957,call_2,PUT,http://localhost/api/v1/mock/mock-swagger/api/v3/pet,0,7.63,"HTTPConnectionPool(host='localhost', port=80): Max retries exceeded with url: /api/v1/mock/mock-swagger/api/v3/pet (Caused by NewConnectionError(""HTTPConnection(host='localhost', port=80): Failed to establish a new connection: [Errno 111] Connection refused""))"
2026-09-18T15:09:15.450212,call_2,PUT,http://localhost/api/v1/mock/mock-swagger/api/v3/pet,0,16.72,"HTTPConnectionPool(host='localhost', port=80): Max retries exceeded with url: /api/v1/mock/mock-swagger/api/v3/pet (Caused by NewConnectionError(""HTTPConnection(host='localhost', port=80): Failed to establish a new connection: [Errno 111] Connection refused""))"
2026-09-18T15:09:15.450420,call_2,PUT,http://localhost/api/v1/mock/mock-swagger/api/v3/pet,0,21.17,"HTTPConnectionPool(host='localhost', port=80): Max retries exceeded with url: /api/v1/mock/mock-swagger/api/v3/pet (Caused by NewConnectionError(""HTTPConnection(host='localhost', port=80): Failed to establish a new connection: [Errno 111] Connection refused""))"
2026-09-18T15:09:15.451513,call_2,PUT,http://localhost/api/v1/mock/mock-swagger/api/v3/pet,0,12.82,"HTTPConnectionPool(host='localhost', port=80): Max retries exceeded with url: /api/v1/mock/mock-swagger/api/v3/pet (Caused by NewConnectionError(""HTTPConnection(host='localhost', port=80): Failed to establish a new connection: [Errno 111] Connection refused""))"
2026-09-18T15:09:15.453066,call_5,DELETE,http://localhost/api/v1/mock/mock-swagger/api/v3/user/{username},0,16.98,"HTTPConnectionPool(host='localhost', port=80): Max retries exceeded with url: /api/v1/mock/mock-swagger/api/v3/user/%7Busername%7D (Caused by NewConnectionError(""HTTPConnection(host='localhost', port=80): Failed to establish a new connection: [Errno 111] Connection refused""))"
2026-09-18T15:09:15.453684,call_3,GET,http://localhost/api/v1/mock/mock-swagger/api/v3/store/inventory,0,7.0,"HTTPConnectionPool(host='localhost', port=80): Max retries exceeded with url: /api/v1/mock/mock-swagger/api/v3/store/inventory (Caused by NewConnectionError(""HTTPConnection(host='localhost', port=80): Failed to establish a new connection: [Errno 111] Connection refused""))"
2026-09-18T15:09:15.503660,call_1,POST,http://localhost/api/v1/mock/mock-swagger/api/v3/pet,0,1.61,"HTTPConnectionPool(host='localhost', port=80): Max retries exceeded with url: /api/v1/mock/mock-swagger/api/v3/pet (Caused by NewConnectionError(""HTTPConnection(host='localhost', port=80): Failed to establish a new connection: [Errno 111] Connection refused""))"
2026-09-18T15:09:15.516488,call_1,POST,http://localhost/api/v1/mock/mock-swagger/api/v3/pet,0,1.64,"HTTPConnectionPool(host='localhost', port=80): Max retries exceeded with url: /api/v1/mock/mock-swagger/api/v3/pet (Caused by NewConnectionError(""HTTPConnection(host='localhost', port=80): Failed to establish a new connection: [Errno 111] Connection refused""))"
2026-09-18T15:09:15.539401,call_3,GET,http://localhost/api/v1/mock/mock-swagger/api/v3/store/inventory,0,1.96,"HTTPConnectionPool(host='localhost', port=80): Max retries exceeded with url: /api/v1/mock/mock-swagger/api/v3/store/inventory (Caused by NewConnectionError(""HTTPConnection(host='localhost', port=80): Failed to establish a new connection: [Errno 111] Connection refused""))"
2026-09-18T15:09:15.551752,call_2,PUT,http://localhost/api/v1/mock/mock-swagger/api/v3/pet,0,3.48,"HTTPConnectionPool(host='localhost', port=80): Max retries exceeded with url: /api/v1/mock/mock-swagger/api/v3/pet (Caused by NewConnectionError(""HTTPConnection(host='localhost', port=80): Failed to establish a new connection: [Errno 111] Connection refused""))"
2026-09-18T15:09:15.567030,call_3,GET,http://localhost/api/v1/mock/mock-swagger/api/v3/store/inventory,0,13.78,"HTTPConnectionPool(host='localhost', port=80): Max retries exceeded with url: /api/v1/mock/mock-swagger/api/v3/store/inventory (Caused by NewConnectionError(""HTTPConnection(host='localhost', port=80): Failed to establish a new connection: [Errno 111] Connection refused""))"
2026-09-18T15:09:15.569473,call_3,GET,http://localhost/api/v1/mock/mock-swagger/api/v3/store/inventory,0,18.58,"HTTPConnectionPool(host='localhost', port=80): Max retries exceeded with url: /api/v1/mock/mock-swagger/api/v3/store/inventory (Caused by NewConnectionError(""HTTPConnection(host='localhost', port=80): Failed to establish a new connection: [Errno 111] Connection refused""))"
2026-09-18T15:09:15.570399,call_3,GET,http://localhost/api/v1/mock/mock-swagger/api/v3/store/inventory,0,18.4,"HTTPConnectionPool(host='localhost', port=80): Max retries exceeded with url: /api/v1/mock/mock-swagger/api/v3/store/inventory (Caused by NewConnectionError(""HTTPConnection(host='localhost', port=80): Failed to establish a new connection: [Errno 111] Connection refused""))"
2026-09-18T15:09:15.571912,call_1,POST,http://localhost/api/v1/mock/mock-swagger/api/v3/pet,0,13.98,"HTTPConnectionPool(host='localhost', port=80): Max retries exceeded with url: /api/v1/mock/mock-swagger/api/v3/pet (Caused by NewConnectionError(""HTTPConnection(host='localhost', port=80): Failed to establish a new connection: [Errno 111] Connection refused""))"
2026-09-18T15:09:15.572347,call_4,POST,http://localhost/api/v1/mock/mock-swagger/api/v3/user/createWithList,0,7.21,"HTTPConnectionPool(host='localhost', port=80): Max retries exceeded with url: /api/v1/mock/mock-swagger/api/v3/user/createWithList (Caused by NewConnectionError(""HTTPConnection(host='localhost', port=80): Failed to establish a new connection: [Errno 111] Connection refused""))"
2026-09-18T15:09:15.573965,call_3,GET,http://localhost/api/v1/mock/mock-swagger/api/v3/store/inventory,0,13.57,"HTTPConnectionPool(host='localhost', port=80): Max retries exceeded with url: /api/v1/mock/mock-swagger/api/v3/store/inventory (Caused by NewConnectionError(""HTTPConnection(host='localhost', port=80): Failed to establish a new connection: [Errno 111] Connection refused""))"
2026-09-18T15:09:15.605478,call_2,PUT,http://localhost/api/v1/mock/mock-swagger/api/v3/pet,0,1.64,"HTTPConnectionPool(host='localhost', port=80): Max retries exceeded with url: /api/v1/mock/mock-swagger/api/v3/pet (Caused by NewConnectionError(""HTTPConnection(host='localhost', port=80): Failed to establish a new connection: [Errno 111] Connection refused""))"
2026-09-18T15:09:15.618310,call_2,PUT,http://localhost/api/v1/mock/mock-swagger/api/v3/pet,0,1.65,"HTTPConnectionPool(host='localhost', port=80): Max retries exceeded with url: /api/v1/mock/mock-swagger/api/v3/pet (Caused by NewConnectionError(""HTTPConnection(host='localhost', port=80): Failed to establish a new connection: [Errno 111] Connection refused""))"
2026-09-18T15:09:15.641265,call_4,POST,http://localhost/api/v1/mock/mock-swagger/api/v3/user/createWithList,0,1.69,"HTTPConnectionPool(host='localhost', port=80): Max retries exceeded with url: /api/v1/mock/mock-swagger/api/v3/user/createWithList (Caused by NewConnectionError(""HTTPConnection(host='localhost', port=80): Failed to establish a new connection: [Errno 111] Connection refused""))"
2026-09-18T15:09:15.653524,call_3,GET,http://localhost/api/v1/mock/mock-swagger/api/v3/store/inventory,0,1.6,"HTTPConnectionPool(host='localhost', port=80): Max retries exceeded with url: /api/v1/mock/mock-swagger/api/v3/store/inventory (Caused by NewConnectionError(""HTTPConnection(host='localhost', port=80): Failed to establish a new connection: [Errno 111] Connection refused""))"
2026-09-18T15:09:15.670969,call_4,POST,http://localhost/api/v1/mock/mock-swagger/api/v3/user/createWithList,0,3.77,"HTTPConnectionPool(host='localhost', port=80): Max retries exceeded with url: /api/v1/mock/mock-swagger/api/v3/user/createWithList (Caused by NewConnectionError(""HTTPConnection(host='localhost', port=80): Failed to establish a new connection: [Errno 111] Connection refused""))"
2026-09-18T15:09:15.687141,call_5,DELETE,http://localhost/api/v1/mock/mock-swagger/api/v3/user/{username},0,10.44,"HTTPConnectionPool(host='localhost', port=80): Max retries exceeded with url: /api/v1/mock/mock-swagger/api/v3/user/%7Busername%7D (Caused by NewConnectionError(""HTTPConnection(host='localhost', port=80): Failed to establish a new connection: [Errno 111] Connection refused""))"
2026-09-18T15:09:15.687365,call_4,POST,http://localhost/api/v1/mock/mock-swagger/api/v3/user/createWithList,0,17.71,"HTTPConnectionPool(host='localhost', port=80): Max retries exceeded with url: /api/v1/mock/mock-swagger/api/v3/user/createWithList (Caused by NewConnectionError(""HTTPConnection(host='localhost', port=80): Failed to establish a new connection: [Errno 111] Connection refused""))"
2026-09-18T15:09:15.687625,call_4,POST,http://localhost/api/v1/mock/mock-swagger/api/v3/user/createWithList,0,16.52,"HTTPConnectionPool(host='localhost', port=80): Max retries exceeded with url: /api/v1/mock/mock-swagger/api/v3/user/createWithList (Caused by NewConnectionError(""HTTPConnection(host='localhost', port=80): Failed to establish a new connection: [Errno 111] Connection refused""))"
2026-09-18T15:09:15.688546,call_2,PUT,http://localhost/api/v1/mock/mock-swagger/api/v3/pet,0,12.96,"HTTPConnectionPool(host='localhost', port=80): Max retries exceeded with url: /api/v1/mock/mock-swagger/api/v3/pet (Caused by NewConnectionError(""HTTPConnection(host='localhost', port=80): Failed to establish a new connection: [Errno 111] Connection refused""))"
2026-09-18T15:09:15.690774,call_4,POST,http://localhost/api/v1/mock/mock-swagger/api/v3/user/createWithList,0,9.03,"HTTPConnectionPool(host='localhost', port=80): Max retries exceeded with url: /api/v1/mock/mock-swagger/api/v3/user/createWithList (Caused by NewConnectionError(""HTTPConnection(host='localhost', port=80): Failed to establish a new connection: [Errno 111] Connection refused""))"
2026-09-18T15:09:15.707264,call_3,GET,http://localhost/api/v1/mock/mock-swagger/api/v3/store/inventory,0,1.61,"HTTPConnectionPool(host='localhost', port=80): Max retries exceeded with url: /api/v1/mock/mock-swagger/api/v3/store/inventory (Caused by NewConnectionError(""HTTPConnection(host='localhost', port=80): Failed to establish a new connection: [Errno 111] Connection refused""))"
2026-09-18T15:09:15.720068,call_3,GET,http://localhost/api/v1/mock/mock-swagger/api/v3/store/inventory,0,1.58,"HTTPConnectionPool(host='localhost', port=80): Max retries exceeded with url: /api/v1/mock/mock-swagger/api/v3/store/inventory (Caused by NewConnectionError(""HTTPConnection(host='localhost', port=80): Failed to establish a new connection: [Errno 111] Connection refused""))"
2026-09-18T15:09:15.743047,call_5,DELETE,http://localhost/api/v1/mock/mock-swagger/api/v3/user/{username},0,1.63,"HTTPConnectionPool(host='localhost', port=80): Max retries exceeded with url: /api/v1/mock/mock-swagger/api/v3/user/%7Busername%7D (Caused by NewConnectionError(""HTTPConnection(host='localhost', port=80): Failed to establish a new connection: [Errno 111] Connection refused""))"
2026-09-18T15:09:15.755378,call_4,POST,http://localhost/api/v1/mock/mock-swagger/api/v3/user/createWithList,0,1.68,"HTTPConnectionPool(host='localhost', port=80): Max retries exceeded with url: /api/v1/mock/mock-swagger/api/v3/user/createWithList (Caused by NewConnectionError(""HTTPConnection(host='localhost', port=80): Failed to establish a new connection: [Errno 111] Connection refused""))"
2026-09-18T15:09:15.772780,call_5,DELETE,http://localhost/api/v1/mock/mock-swagger/api/v3/user/{username},0,1.64,"HTTPConnectionPool(host='localhost', port=80): Max retries exceeded with url: /api/v1/mock/mock-swagger/api/v3/user/%7Busername%7D (Caused by NewConnectionError(""HTTPConnection(host='localhost', port=80): Failed to establish a new connection: [Errno 111] Connection refused""))"
2026-09-18T15:09:15.803945,call_3,GET,http://localhost/api/v1/mock/mock-swagger/api/v3/store/inventory,0,5.15,"HTTPConnectionPool(host='localhost', port=80): Max retries exceeded with url: /api/v1/mock/mock-swagger/api/v3/store/inventory (Caused by NewConnectionError(""HTTPConnection(host='localhost', port=80): Failed to establish a new connection: [Errno 111] Connection refused""))"
2026-09-18T15:09:15.805075,call_5,DELETE,http://localhost/api/v1/mock/mock-swagger/api/v3/user/{username},0,9.19,"HTTPConnectionPool(host='localhost', port=80): Max retries exceeded with url: /api/v1/mock/mock-swagger/api/v3/user/%7Busername%7D (Caused by NewConnectionError(""HTTPConnection(host='localhost', port=80): Failed to establish a new connection: [Errno 111] Connection refused""))"
2026-09-18T15:09:15.805823,call_1,POST,http://localhost/api/v1/mock/mock-swagger/api/v3/pet,0,17.94,"HTTPConnectionPool(host='localhost', port=80): Max retries exceeded with url: /api/v1/mock/mock-swagger/api/v3/pet (Caused by NewConnectionError(""HTTPConnection(host='localhost', port=80): Failed to establish a new connection: [Errno 111] Connection refused""))"
2026-09-18T15:09:15.806219,call_5,DELETE,http://localhost/api/v1/mock/mock-swagger/api/v3/user/{username},0,17.19,"HTTPConnectionPool(host='localhost', port=80): Max retries exceeded with url: /api/v1/mock/mock-swagger/api/v3/user/%7Busername%7D (Caused by NewConnectionError(""HTTPConnection(host='localhost', port=80): Failed to establish a new connection: [Errno 111] Connection refused""))"
2026-09-18T15:09:15.806431,call_5,DELETE,http://localhost/api/v1/mock/mock-swagger/api/v3/user/{username},0,16.24,"HTTPConnectionPool(host='localhost', port=80): Max retries exceeded with url: /api/v1/mock/mock-swagger/api/v3/user/%7Busername%7D (Caused by NewConnectionError(""HTTPConnection(host='localhost', port=80): Failed to establish a new connection: [Errno 111] Connection refused""))"
2026-09-18T15:09:15.809385,call_4,POST,http://localhost/api/v1/mock/mock-swagger/api/v3/user/createWithList,0,1.97,"HTTPConnectionPool(host='localhost', port=80): Max retries exceeded with url: /api/v1/mock/mock-swagger/api/v3/user/createWithList (Caused by NewConnectionError(""HTTPConnection(host='localhost', port=80): Failed to establish a new connection: [Errno 111] Connection refused""))"
2026-09-18T15:09:15.821885,call_4,POST,http://localhost/api/v1/mock/mock-swagger/api/v3/user/createWithList,0,1.64,"HTTPConnectionPool(host='localhost', port=80): Max retries exceeded with url: /api/v1/mock/mock-swagger/api/v3/user/createWithList (Caused by NewConnectionError(""HTTPConnection(host='localhost', port=80): Failed to establish a new connection: [Errno 111] Connection refused""))"
2026-09-18T15:09:15.844854,call_1,POST,http://localhost/api/v1/mock/mock-swagger/api/v3/pet,0,1.62,"HTTPConnectionPool(host='localhost', port=80): Max retries exceeded with url: /api/v1/mock/mock-swagger/api/v3/pet (Caused by NewConnectionError(""HTTPConnection(host='localhost', port=80): Failed to establish a new connection: [Errno 111] Connection refused""))"
2026-09-18T15:09:15.857223,call_5,DELETE,http://localhost/api/v1/mock/mock-swagger/api/v3/user/{username},0,1.67,"HTTPConnectionPool(host='localhost', port=80): Max retries exceeded with url: /api/v1/mock/mock-swagger/api/v3/user/%7Busername%7D (Caused by NewConnectionError(""HTTPConnection(host='localhost', port=80): Failed to establish a new connection: [Errno 111] Connection refused""))"
2026-09-18T15:09:15.874588,call_1,POST,http://localhost/api/v1/mock/mock-swagger/api/v3/pet,0,1.63,"HTTPConnectionPool(host='localhost', port=80): Max retries exceeded with url: /api/v1/mock/mock-swagger/api/v3/pet (Caused by NewConnectionError(""HTTPConnection(host='localhost', port=80): Failed to establish a new connection: [Errno 111] Connection refused""))"
2026-09-18T15:09:15.923693,call_5,DELETE,http://localhost/api/v1/mock/mock-swagger/api/v3/user/{username},0,7.58,"HTTPConnectionPool(host='localhost', port=80): Max retries exceeded with url: /api/v1/mock/mock-swagger/api/v3/user/%7Busername%7D (Caused by NewConnectionError(""HTTPConnection(host='localhost', port=80): Failed to establish a new connection: [Errno 111] Connection refused""))"
2026-09-18T15:09:15.924522,call_1,POST,http://localhost/api/v1/mock/mock-swagger/api/v3/pet,0,9.66,"HTTPConnectionPool(host='localhost', port=80): Max retries exceeded with url: /api/v1/mock/mock-swagger/api/v3/pet (Caused by NewConnectionError(""HTTPConnection(host='localhost', port=80): Failed to establish a new connection: [Errno 111] Connection refused""))"
2026-09-18T15:09:15.925683,call_1,POST,http://localhost/api/v1/mock/mock-swagger/api/v3/pet,0,17.2,"HTTPConnectionPool(host='localhost', port=80): Max retries exceeded with url: /api/v1/mock/mock-swagger/api/v3/pet (Caused by NewConnectionError(""HTTPConnection(host='localhost', port=80): Failed to establish a new connection: [Errno 111] Connection refused""))"
2026-09-18T15:09:15.925951,call_2,PUT,http://localhost/api/v1/mock/mock-swagger/api/v3/pet,0,6.95,"HTTPConnectionPool(host='localhost', port=80): Max retries exceeded with url: /api/v1/mock/mock-swagger/api/v3/pet (Caused by NewConnectionError(""HTTPConnection(host='localhost', port=80): Failed to establish a new connection: [Errno 111] Connection refused""))"
2026-09-18T15:09:15.926332,call_5,DELETE,http://localhost/api/v1/mock/mock-swagger/api/v3/user/{username},0,4.31,"HTTPConnectionPool(host='localhost', port=80): Max retries exceeded with url: /api/v1/mock/mock-swagger/api/v3/user/%7Busername%7D (Caused by NewConnectionError(""HTTPConnection(host='localhost', port=80): Failed to establish a new connection: [Errno 111] Connection refused""))"
2026-09-18T15:09:15.926798,call_1,POST,http://localhost/api/v1/mock/mock-swagger/api/v3/pet,0,17.17,"HTTPConnectionPool(host='localhost', port=80): Max retries exceeded with url: /api/v1/mock/mock-swagger/api/v3/pet (Caused by NewConnectionError(""HTTPConnection(host='localhost', port=80): Failed to establish a new connection: [Errno 111] Connection refused""))"
2026-09-18T15:09:15.927049,call_4,POST,http://localhost/api/v1/mock/mock-swagger/api/v3/user/createWithList,0,20.91,"HTTPConnectionPool(host='localhost', port=80): Max retries exceeded with url: /api/v1/mock/mock-swagger/api/v3/user/createWithList (Caused by NewConnectionError(""HTTPConnection(host='localhost', port=80): Failed to establish a new connection: [Errno 111] Connection refused""))"
2026-09-18T15:09:15.946632,call_2,PUT,http://localhost/api/v1/mock/mock-swagger/api/v3/pet,0,1.61,"HTTPConnectionPool(host='localhost', port=80): Max retries exceeded with url: /api/v1/mock/mock-swagger/api/v3/pet (Caused by NewConnectionError(""HTTPConnection(host='localhost', port=80): Failed to establish a new connection: [Errno 111] Connection refused""))"
2026-09-18T15:09:15.958995,call_1,POST,http://localhost/api/v1/mock/mock-swagger/api/v3/pet,0,1.6,"HTTPConnectionPool(host='localhost', port=80): Max retries exceeded with url: /api/v1/mock/mock-swagger/api/v3/pet (Caused by NewConnectionError(""HTTPConnection(host='localhost', port=80): Failed to establish a new connection: [Errno 111] Connection refused""))"
2026-09-18T15:09:15.976356,call_2,PUT,http://localhost/api/v1/mock/mock-swagger/api/v3/pet,0,1.6,"HTTPConnectionPool(host='localhost', port=80): Max retries exceeded with url: /api/v1/mock/mock-swagger/api/v3/pet (Caused by NewConnectionError(""HTTPConnection(host='localhost', port=80): Failed to establish a new connection: [Errno 111] Connection refused""))"
2026-09-18T15:09:16.038559,call_2,PUT,http://localhost/api/v1/mock/mock-swagger/api/v3/pet,0,13.6,"HTTPConnectionPool(host='localhost', port=80): Max retries exceeded with url: /api/v1/mock/mock-swagger/api/v3/pet (Caused by NewConnectionError(""HTTPConnection(host='localhost', port=80): Failed to establish a new connection: [Errno 111] Connection refused""))"
2026-09-18T15:09:16.039692,call_5,DELETE,http://localhost/api/v1/mock/mock-swagger/api/v3/user/{username},0,8.51,"HTTPConnectionPool(host='localhost', port=80): Max retries exceeded with url: /api/v1/mock/mock-swagger/api/v3/user/%7Busername%7D (Caused by NewConnectionError(""HTTPConnection(host='localhost', port=80): Failed to establish a new connection: [Errno 111] Connection refused""))"
2026-09-18T15:09:16.040444,call_1,POST,http://localhost/api/v1/mock/mock-swagger/api/v3/pet,0,10.37,"HTTPConnectionPool(host='localhost', port=80): Max retries exceeded with url: /api/v1/mock/mock-swagger/api/v3/pet (Caused by NewConnectionError(""HTTPConnection(host='localhost', port=80): Failed to establish a new connection: [Errno 111] Connection refused""))"
2026-09-18T15:09:16.040967,call_1,POST,http://localhost/api/v1/mock/mock-swagger/api/v3/pet,0,13.57,"HTTPConnectionPool(host='localhost', port=80): Max retries exceeded with url: /api/v1/mock/mock-swagger/api/v3/pet (Caused by NewConnectionError(""HTTPConnection(host='localhost', port=80): Failed to establish a new connection: [Errno 111] Connection refused""))"
2026-09-18T15:09:16.041531,call_2,PUT,http://localhost/api/v1/mock/mock-swagger/api/v3/pet,0,15.25,"HTTPConnectionPool(host='localhost', port=80): Max retries exceeded with url: /api/v1/mock/mock-swagger/api/v3/pet (Caused by NewConnectionError(""HTTPConnection(host='localhost', port=80): Failed to establish a new connection: [Errno 111] Connection refused""))"
2026-09-18T15:09:16.042287,call_3,GET,http://localhost/api/v1/mock/mock-swagger/api/v3/store/inventory,0,9.75,"HTTPConnectionPool(host='localhost', port=80): Max retries exceeded with url: /api/v1/mock/mock-swagger/api/v3/store/inventory (Caused by NewConnectionError(""HTTPConnection(host='localhost', port=80): Failed to establish a new connection: [Errno 111] Connection refused""))"
2026-09-18T15:09:16.042947,call_2,PUT,http://localhost/api/v1/mock/mock-swagger/api/v3/pet,0,9.34,"HTTPConnectionPool(host='localhost', port=80): Max retries exceeded with url: /api/v1/mock/mock-swagger/api/v3/pet (Caused by NewConnectionError(""HTTPConnection(host='localhost', port=80): Failed to establish a new connection: [Errno 111] Connection refused""))"
2026-09-18T15:09:16.048293,call_3,GET,http://localhost/api/v1/mock/mock-swagger/api/v3/store/inventory,0,1.51,"HTTPConnectionPool(host='localhost', port=80): Max retries exceeded with url: /api/v1/mock/mock-swagger/api/v3/store/inventory (Caused by NewConnectionError(""HTTPConnection(host='localhost', port=80): Failed to establish a new connection: [Errno 111] Connection refused""))"
2026-09-18T15:09:16.060805,call_2,PUT,http://localhost/api/v1/mock/mock-swagger/api/v3/pet,0,1.62,"HTTPConnectionPool(host='localhost', port=80): Max retries exceeded with url: /api/v1/mock/mock-swagger/api/v3/pet (Caused by NewConnectionError(""HTTPConnection(host='localhost', port=80): Failed to establish a new connection: [Errno 111] Connection refused""))"
2026-09-18T15:09:16.078065,call_3,GET,http://localhost/api/v1/mock/mock-swagger/api/v3/store/inventory,0,1.53,"HTTPConnectionPool(host='localhost', port=80): Max retries exceeded with url: /api/v1/mock/mock-swagger/api/v3/store/inventory (Caused by NewConnectionError(""HTTPConnection(host='localhost', port=80): Failed to establish a new connection: [Errno 111] Connection refused""))"
2026-09-18T15:09:16.161077,call_1,POST,http://localhost/api/v1/mock/mock-swagger/api/v3/pet,0,20.18,"HTTPConnectionPool(host='localhost', port=80): Max retries exceeded with url: /api/v1/mock/mock-swagger/api/v3/pet (Caused by NewConnectionError(""HTTPConnection(host='localhost', port=80): Failed to establish a new connection: [Errno 111] Connection refused""))"
2026-09-18T15:09:16.162843,call_3,GET,http://localhost/api/v1/mock/mock-swagger/api/v3/store/inventory,0,19.42,"HTTPConnectionPool(host='localhost', port=80): Max retries exceeded with url: /api/v1/mock/mock-swagger/api/v3/store/inventory (Caused by NewConnectionError(""HTTPConnection(host='localhost', port=80): Failed to establish a new connection: [Errno 111] Connection refused""))"
2026-09-18T15:09:16.164120,call_2,PUT,http://localhost/api/v1/mock/mock-swagger/api/v3/pet,0,19.46,"HTTPConnectionPool(host='localhost', port=80): Max retries exceeded with url: /api/v1/mock/mock-swagger/api/v3/pet (Caused by NewConnectionError(""HTTPConnection(host='localhost', port=80): Failed to establish a new connection: [Errno 111] Connection refused""))"
2026-09-18T15:09:16.164464,call_3,GET,http://localhost/api/v1/mock/mock-swagger/api/v3/store/inventory,0,25.73,"HTTPConnectionPool(host='localhost', port=80): Max retries exceeded with url: /api/v1/mock/mock-swagger/api/v3/store/inventory (Caused by NewConnectionError(""HTTPConnection(host='localhost', port=80): Failed to establish a new connection: [Errno 111] Connection refused""))"
2026-09-18T15:09:16.164714,call_4,POST,http://localhost/api/v1/mock/mock-swagger/api/v3/user/createWithList,0,10.93,"HTTPConnectionPool(host='localhost', port=80): Max retries exceeded with url: /api/v1/mock/mock-swagger/api/v3/user/createWithList (Caused by NewConnectionError(""HTTPConnection(host='localhost', port=80): Failed to establish a new connection: [Errno 111] Connection refused""))"
2026-09-18T15:09:16.165193,call_2,PUT,http://localhost/api/v1/mock/mock-swagger/api/v3/pet,0,23.04,"HTTPConnectionPool(host='localhost', port=80): Max retries exceeded with url: /api/v1/mock/mock-swagger/api/v3/pet (Caused by NewConnectionError(""HTTPConnection(host='localhost', port=80): Failed to establish a new connection: [Errno 111] Connection refused""))"
2026-09-18T15:09:16.166798,call_3,GET,http://localhost/api/v1/mock/mock-swagger/api/v3/store/inventory,0,19.92,"HTTPConnectionPool(host='localhost', port=80): Max retries exceeded with url: /api/v1/mock/mock-swagger/api/v3/store/inventory (Caused by NewConnectionError(""HTTPConnection(host='localhost', port=80): Failed to establish a new connection: [Errno 111] Connection refused""))"
2026-09-18T15:09:16.167397,call_4,POST,http://localhost/api/v1/mock/mock-swagger/api/v3/user/createWithList,0,17.98,"HTTPConnectionPool(host='localhost', port=80): Max retries exceeded with url: /api/v1/mock/mock-swagger/api/v3/user/createWithList (Caused by NewConnectionError(""HTTPConnection(host='localhost', port=80): Failed to establish a new connection: [Errno 111] Connection refused""))"
2026-09-18T15:09:16.167761,call_3,GET,http://localhost/api/v1/mock/mock-swagger/api/v3/store/inventory,0,6.26,"HTTPConnectionPool(host='localhost', port=80): Max retries exceeded with url: /api/v1/mock/mock-swagger/api/v3/store/inventory (Caused by NewConnectionError(""HTTPConnection(host='localhost', port=80): Failed to establish a new connection: [Errno 111] Connection refused""))"
2026-09-18T15:09:16.179829,call_4,POST,http://localhost/api/v1/mock/mock-swagger/api/v3/user/createWithList,0,1.58,"HTTPConnectionPool(host='localhost', port=80): Max retries exceeded with url: /api/v1/mock/mock-swagger/api/v3/user/createWithList (Caused by NewConnectionError(""HTTPConnection(host='localhost', port=80): Failed to establish a new connection: [Errno 111] Connection refused""))"
2026-09-18T15:09:16.262935,call_2,PUT,http://localhost/api/v1/mock/mock-swagger/api/v3/pet,0,1.69,"HTTPConnectionPool(host='localhost', port=80): Max retries exceeded with url: /api/v1/mock/mock-swagger/api/v3/pet (Caused by NewConnectionError(""HTTPConnection(host='localhost', port=80): Failed to establish a new connection: [Errno 111] Connection refused""))"
2026-09-18T15:09:16.264337,call_4,POST,http://localhost/api/v1/mock/mock-swagger/api/v3/user/createWithList,0,1.33,"HTTPConnectionPool(host='localhost', port=80): Max retries exceeded with url: /api/v1/mock/mock-swagger/api/v3/user/createWithList (Caused by NewConnectionError(""HTTPConnection(host='localhost', port=80): Failed to establish a new connection: [Errno 111] Connection refused""))"
2026-09-18T15:09:16.279921,call_3,GET,http://localhost/api/v1/mock/mock-swagger/api/v3/store/inventory,0,15.52,"HTTPConnectionPool(host='localhost', port=80): Max retries exceeded with url: /api/v1/mock/mock-swagger/api/v3/store/inventory (Caused by NewConnectionError(""HTTPConnection(host='localhost', port=80): Failed to establish a new connection: [Errno 111] Connection refused""))"
2026-09-18T15:09:16.281596,call_4,POST,http://localhost/api/v1/mock/mock-swagger/api/v3/user/createWithList,0,15.98,"HTTPConnectionPool(host='localhost', port=80): Max retries exceeded with url: /api/v1/mock/mock-swagger/api/v3/user/createWithList (Caused by NewConnectionError(""HTTPConnection(host='localhost', port=80): Failed to establish a new connection: [Errno 111] Connection refused""))"
2026-09-18T15:09:16.281848,call_5,DELETE,http://localhost/api/v1/mock/mock-swagger/api/v3/user/{username},0,15.11,"HTTPConnectionPool(host='localhost', port=80): Max retries exceeded with url: /api/v1/mock/mock-swagger/api/v3/user/%7Busername%7D (Caused by NewConnectionError(""HTTPConnection(host='localhost', port=80): Failed to establish a new connection: [Errno 111] Connection refused""))"
2026-09-18T15:09:16.284171,call_3,GET,http://localhost/api/v1/mock/mock-swagger/api/v3/store/inventory,0,16.27,"HTTPConnectionPool(host='localhost', port=80): Max retries exceeded with url: /api/v1/mock/mock-swagger/api/v3/store/inventory (Caused by NewConnectionError(""HTTPConnection(host='localhost', port=80): Failed to establish a new connection: [Errno 111] Connection refused""))"
2026-09-18T15:09:16.285689,call_4,POST,http://localhost/api/v1/mock/mock-swagger/api/v3/user/createWithList,0,9.33,"HTTPConnectionPool(host='localhost', port=80): Max retries exceeded with url: /api/v1/mock/mock-swagger/api/v3/user/createWithList (Caused by NewConnectionError(""HTTPConnection(host='localhost', port=80): Failed to establish a new connection: [Errno 111] Connection refused""))"
2026-09-18T15:09:16.286229,call_5,DELETE,http://localhost/api/v1/mock/mock-swagger/api/v3/user/{username},0,11.09,"HTTPConnectionPool(host='localhost', port=80): Max retries exceeded with url: /api/v1/mock/mock-swagger/api/v3/user/%7Busername%7D (Caused by NewConnectionError(""HTTPConnection(host='localhost', port=80): Failed to establish a new connection: [Errno 111] Connection refused""))"
2026-09-18T15:09:16.288239,call_5,DELETE,http://localhost/api/v1/mock/mock-swagger/api/v3/user/{username},0,8.22,"HTTPConnectionPool(host='localhost', port=80): Max retries exceeded with url: /api/v1/mock/mock-swagger/api/v3/user/%7Busername%7D (Caused by NewConnectionError(""HTTPConnection(host='localhost', port=80): Failed to establish a new connection: [Errno 111] Connection refused""))"
2026-09-18T15:09:16.288452,call_4,POST,http://localhost/api/v1/mock/mock-swagger/api/v3/user/createWithList,0,17.13,"HTTPConnectionPool(host='localhost', port=80): Max retries exceeded with url: /api/v1/mock/mock-swagger/api/v3/user/createWithList (Caused by NewConnectionError(""HTTPConnection(host='localhost', port=80): Failed to establish a new connection: [Errno 111] Connection refused""))"
2026-09-18T15:09:16.364481,call_3,GET,http://localhost/api/v1/mock/mock-swagger/api/v3/store/inventory,0,1.39,"HTTPConnectionPool(host='localhost', port=80): Max retries exceeded with url: /api/v1/mock/mock-swagger/api/v3/store/inventory (Caused by NewConnectionError(""HTTPConnection(host='localhost', port=80): Failed to establish a new connection: [Errno 111] Connection refused""))"
2026-09-18T15:09:16.366192,call_5,DELETE,http://localhost/api/v1/mock/mock-swagger/api/v3/user/{username},0,1.65,"HTTPConnectionPool(host='localhost', port=80): Max retries exceeded with url: /api/v1/mock/mock-swagger/api/v3/user/%7Busername%7D (Caused by NewConnectionError(""HTTPConnection(host='localhost', port=80): Failed to establish a new connection: [Errno 111] Connection refused""))"
2026-09-18T15:09:16.383008,call_4,POST,http://localhost/api/v1/mock/mock-swagger/api/v3/user/createWithList,0,2.77,"HTTPConnectionPool(host='localhost', port=80): Max retries exceeded with url: /api/v1/mock/mock-swagger/api/v3/user/createWithList (Caused by NewConnectionError(""HTTPConnection(host='localhost', port=80): Failed to establish a new connection: [Errno 111] Connection refused""))"
2026-09-18T15:09:16.403008,call_5,DELETE,http://localhost/api/v1/mock/mock-swagger/api/v3/user/{username},0,21.22,"HTTPConnectionPool(host='localhost', port=80): Max retries exceeded with url: /api/v1/mock/mock-swagger/api/v3/user/%7Busername%7D (Caused by NewConnectionError(""HTTPConnection(host='localhost', port=80): Failed to establish a new connection: [Errno 111] Connection refused""))"
2026-09-18T15:09:16.410799,call_4,POST,http://localhost/api/v1/mock/mock-swagger/api/v3/user/createWithList,0,23.5,"HTTPConnectionPool(host='localhost', port=80): Max retries exceeded with url: /api/v1/mock/mock-swagger/api/v3/user/createWithList (Caused by NewConnectionError(""HTTPConnection(host='localhost', port=80): Failed to establish a new connection: [Errno 111] Connection refused""))"
2026-09-18T15:09:16.412251,call_1,POST,http://localhost/api/v1/mock/mock-swagger/api/v3/pet,0,23.59,"HTTPConnectionPool(host='localhost', port=80): Max retries exceeded with url: /api/v1/mock/mock-swagger/api/v3/pet (Caused by NewConnectionError(""HTTPConnection(host='localhost', port=80): Failed to establish a new connection: [Errno 111] Connection refused""))"
2026-09-18T15:09:16.413489,call_5,DELETE,http://localhost/api/v1/mock/mock-swagger/api/v3/user/{username},0,21.36,"HTTPConnectionPool(host='localhost', port=80): Max retries exceeded with url: /api/v1/mock/mock-swagger/api/v3/user/%7Busername%7D (Caused by NewConnectionError(""HTTPConnection(host='localhost', port=80): Failed to establish a new connection: [Errno 111] Connection refused""))"
2026-09-18T15:09:16.416603,call_1,POST,http://localhost/api/v1/mock/mock-swagger/api/v3/pet,0,31.53,"HTTPConnectionPool(host='localhost', port=80): Max retries exceeded with url: /api/v1/mock/mock-swagger/api/v3/pet (Caused by NewConnectionError(""HTTPConnection(host='localhost', port=80): Failed to establish a new connection: [Errno 111] Connection refused""))"
2026-09-18T15:09:16.416963,call_5,DELETE,http://localhost/api/v1/mock/mock-swagger/api/v3/user/{username},0,23.61,"HTTPConnectionPool(host='localhost', port=80): Max retries exceeded with url: /api/v1/mock/mock-swagger/api/v3/user/%7Busername%7D (Caused by NewConnectionError(""HTTPConnection(host='localhost', port=80): Failed to establish a new connection: [Errno 111] Connection refused""))"
2026-09-18T15:09:16.417227,call_1,POST,http://localhost/api/v1/mock/mock-swagger/api/v3/pet,0,21.57,"HTTPConnectionPool(host='localhost', port=80): Max retries exceeded with url: /api/v1/mock/mock-swagger/api/v3/pet (Caused by NewConnectionError(""HTTPConnection(host='localhost', port=80): Failed to establish a new connection: [Errno 111] Connection refused""))"
2026-09-18T15:09:16.466177,call_4,POST,http://localhost/api/v1/mock/mock-swagger/api/v3/user/createWithList,0,1.54,"HTTPConnectionPool(host='localhost', port=80): Max retries exceeded with url: /api/v1/mock/mock-swagger/api/v3/user/createWithList (Caused by NewConnectionError(""HTTPConnection(host='localhost', port=80): Failed to establish a new connection: [Errno 111] Connection refused""))"
2026-09-18T15:09:16.468245,call_1,POST,http://localhost/api/v1/mock/mock-swagger/api/v3/pet,0,1.88,"HTTPConnectionPool(host='localhost', port=80): Max retries exceeded with url: /api/v1/mock/mock-swagger/api/v3/pet (Caused by NewConnectionError(""HTTPConnection(host='localhost', port=80): Failed to establish a new connection: [Errno 111] Connection refused""))"
2026-09-18T15:09:16.484776,call_5,DELETE,http://localhost/api/v1/mock/mock-swagger/api/v3/user/{username},0,1.59,"HTTPConnectionPool(host='localhost', port=80): Max retries exceeded with url: /api/v1/mock/mock-swagger/api/v3/user/%7Busername%7D (Caused by NewConnectionError(""HTTPConnection(host='localhost', port=80): Failed to establish a new connection: [Errno 111] Connection refused""))"
2026-09-18T15:09:16.504047,call_1,POST,http://localhost/api/v1/mock/mock-swagger/api/v3/pet,0,0.88,"HTTPConnectionPool(host='localhost', port=80): Max retries exceeded with url: /api/v1/mock/mock-swagger/api/v3/pet (Caused by NewConnectionError(""HTTPConnection(host='localhost', port=80): Failed to establish a new connection: [Errno 111] Connection refused""))"
2026-09-18T15:09:16.512237,call_5,DELETE,http://localhost/api/v1/mock/mock-swagger/api/v3/user/{username},0,1.13,"HTTPConnectionPool(host='localhost', port=80): Max retries exceeded with url: /api/v1/mock/mock-swagger/api/v3/user/%7Busername%7D (Caused by NewConnectionError(""HTTPConnection(host='localhost', port=80): Failed to establish a new connection: [Errno 111] Connection refused""))"
2026-09-18T15:09:16.516276,call_2,PUT,http://localhost/api/v1/mock/mock-swagger/api/v3/pet,0,3.89,"HTTPConnectionPool(host='localhost', port=80): Max retries exceeded with url: /api/v1/mock/mock-swagger/api/v3/pet (Caused by NewConnectionError(""HTTPConnection(host='localhost', port=80): Failed to establish a new connection: [Errno 111] Connection refused""))"
2026-09-18T15:09:16.516480,call_1,POST,http://localhost/api/v1/mock/mock-swagger/api/v3/pet,0,1.84,"HTTPConnectionPool(host='localhost', port=80): Max retries exceeded with url: /api/v1/mock/mock-swagger/api/v3/pet (Caused by NewConnectionError(""HTTPConnection(host='localhost', port=80): Failed to establish a new connection: [Errno 111] Connection refused""))"
2026-09-18T15:09:16.520449,call_1,POST,http://localhost/api/v1/mock/mock-swagger/api/v3/pet,0,2.8,"HTTPConnectionPool(host='localhost', port=80): Max retries exceeded with url: /api/v1/mock/mock-swagger/api/v3/pet (Caused by NewConnectionError(""HTTPConnection(host='localhost', port=80): Failed to establish a new connection: [Errno 111] Connection refused""))"
2026-09-18T15:09:16.520684,call_2,PUT,http://localhost/api/v1/mock/mock-swagger/api/v3/pet,0,3.9,"HTTPConnectionPool(host='localhost', port=80): Max retries exceeded with url: /api/v1/mock/mock-swagger/api/v3/pet (Caused by NewConnectionError(""HTTPConnection(host='localhost', port=80): Failed to establish a new connection: [Errno 111] Connection refused""))"
2026-09-18T15:09:16.521017,call_2,PUT,http://localhost/api/v1/mock/mock-swagger/api/v3/pet,0,2.26,"HTTPConnectionPool(host='localhost', port=80): Max retries exceeded with url: /api/v1/mock/mock-swagger/api/v3/pet (Caused by NewConnectionError(""HTTPConnection(host='localhost', port=80): Failed to establish a new connection: [Errno 111] Connection refused""))"
2026-09-18T15:09:16.567254,call_5,DELETE,http://localhost/api/v1/mock/mock-swagger/api/v3/user/{username},0,0.96,"HTTPConnectionPool(host='localhost', port=80): Max retries exceeded with url: /api/v1/mock/mock-swagger/api/v3/user/%7Busername%7D (Caused by NewConnectionError(""HTTPConnection(host='localhost', port=80): Failed to establish a new connection: [Errno 111] Connection refused""))"
2026-09-18T15:09:16.569885,call_2,PUT,http://localhost/api/v1/mock/mock-swagger/api/v3/pet,0,1.47,"HTTPConnectionPool(host='localhost', port=80): Max retries exceeded with url: /api/v1/mock/mock-swagger/api/v3/pet (Caused by NewConnectionError(""HTTPConnection(host='localhost', port=80): Failed to establish a new connection: [Errno 111] Connection refused""))"
2026-09-18T15:09:16.586198,call_1,POST,http://localhost/api/v1/mock/mock-swagger/api/v3/pet,0,1.25,"HTTPConnectionPool(host='localhost', port=80): Max retries exceeded with url: /api/v1/mock/mock-swagger/api/v3/pet (Caused by NewConnectionError(""HTTPConnection(host='localhost', port=80): Failed to establish a new connection: [Errno 111] Connection refused""))"
2026-09-18T15:09:16.605816,call_2,PUT,http://localhost/api/v1/mock/mock-swagger/api/v3/pet,0,1.6,"HTTPConnectionPool(host='localhost', port=80): Max retries exceeded with url: /api/v1/mock/mock-swagger/api/v3/pet (Caused by NewConnectionError(""HTTPConnection(host='localhost', port=80): Failed to establish a new connection: [Errno 111] Connection refused""))"
2026-09-18T15:09:16.614230,call_1,POST,http://localhost/api/v1/mock/mock-swagger/api/v3/pet,0,1.41,"HTTPConnectionPool(host='localhost', port=80): Max retries exceeded with url: /api/v1/mock/mock-swagger/api/v3/pet (Caused by NewConnectionError(""HTTPConnection(host='localhost', port=80): Failed to establish a new connection: [Errno 111] Connection refused""))"
2026-09-18T15:09:16.620113,call_3,GET,http://localhost/api/v1/mock/mock-swagger/api/v3/store/inventory,0,3.18,"HTTPConnectionPool(host='localhost', port=80): Max retries exceeded with url: /api/v1/mock/mock-swagger/api/v3/store/inventory (Caused by NewConnectionError(""HTTPConnection(host='localhost', port=80): Failed to establish a new connection: [Errno 111] Connection refused""))"
2026-09-18T15:09:16.623187,call_2,PUT,http://localhost/api/v1/mock/mock-swagger/api/v3/pet,0,5.61,"HTTPConnectionPool(host='localhost', port=80): Max retries exceeded with url: /api/v1/mock/mock-swagger/api/v3/pet (Caused by NewConnectionError(""HTTPConnection(host='localhost', port=80): Failed to establish a new connection: [Errno 111] Connection refused""))"
2026-09-18T15:09:16.625076,call_2,PUT,http://localhost/api/v1/mock/mock-swagger/api/v3/pet,0,3.16,"HTTPConnectionPool(host='localhost', port=80): Max retries exceeded with url: /api/v1/mock/mock-swagger/api/v3/pet (Caused by NewConnectionError(""HTTPConnection(host='localhost', port=80): Failed to establish a new connection: [Errno 111] Connection refused""))"
2026-09-18T15:09:16.625369,call_3,GET,http://localhost/api/v1/mock/mock-swagger/api/v3/store/inventory,0,4.52,"HTTPConnectionPool(host='localhost', port=80): Max retries exceeded with url: /api/v1/mock/mock-swagger/api/v3/store/inventory (Caused by NewConnectionError(""HTTPConnection(host='localhost', port=80): Failed to establish a new connection: [Errno 111] Connection refused""))"
2026-09-18T15:09:16.625628,call_3,GET,http://localhost/api/v1/mock/mock-swagger/api/v3/store/inventory,0,2.37,"HTTPConnectionPool(host='localhost', port=80): Max retries exceeded with url: /api/v1/mock/mock-swagger/api/v3/store/inventory (Caused by NewConnectionError(""HTTPConnection(host='localhost', port=80): Failed to establish a new connection: [Errno 111] Connection refused""))"
2026-09-18T15:09:16.669034,call_1,POST,http://localhost/api/v1/mock/mock-swagger/api/v3/pet,0,1.62,"HTTPConnectionPool(host='localhost', port=80): Max retries exceeded with url: /api/v1/mock/mock-swagger/api/v3/pet (Caused by NewConnectionError(""HTTPConnection(host='localhost', port=80): Failed to establish a new connection: [Errno 111] Connection refused""))"
2026-09-18T15:09:16.671611,call_3,GET,http://localhost/api/v1/mock/mock-swagger/api/v3/store/inventory,0,1.56,"HTTPConnectionPool(host='localhost', port=80): Max retries exceeded with url: /api/v1/mock/mock-swagger/api/v3/store/inventory (Caused by NewConnectionError(""HTTPConnection(host='localhost', port=80): Failed to establish a new connection: [Errno 111] Connection refused""))"
2026-09-18T15:09:16.687941,call_2,PUT,http://localhost/api/v1/mock/mock-swagger/api/v3/pet,0,1.58,"HTTPConnectionPool(host='localhost', port=80): Max retries exceeded with url: /api/v1/mock/mock-swagger/api/v3/pet (Caused by NewConnectionError(""HTTPConnection(host='localhost', port=80): Failed to establish a new connection: [Errno 111] Connection refused""))"
2026-09-18T15:09:16.707554,call_3,GET,http://localhost/api/v1/mock/mock-swagger/api/v3/store/inventory,0,1.56,"HTTPConnectionPool(host='localhost', port=80): Max retries exceeded with url: /api/v1/mock/mock-swagger/api/v3/store/inventory (Caused by NewConnectionError(""HTTPConnection(host='localhost', port=80): Failed to establish a new connection: [Errno 111] Connection refused""))"
2026-09-18T15:09:16.719111,call_2,PUT,http://localhost/api/v1/mock/mock-swagger/api/v3/pet,0,3.42,"HTTPConnectionPool(host='localhost', port=80): Max retries exceeded with url: /api/v1/mock/mock-swagger/api/v3/pet (Caused by NewConnectionError(""HTTPConnection(host='localhost', port=80): Failed to establish a new connection: [Errno 111] Connection refused""))"
2026-09-18T15:09:16.726411,call_4,POST,http://localhost/api/v1/mock/mock-swagger/api/v3/user/createWithList,0,6.14,"HTTPConnectionPool(host='localhost', port=80): Max retries exceeded with url: /api/v1/mock/mock-swagger/api/v3/user/createWithList (Caused by NewConnectionError(""HTTPConnection(host='localhost', port=80): Failed to establish a new connection: [Errno 111] Connection refused""))"
2026-09-18T15:09:16.729696,call_3,GET,http://localhost/api/v1/mock/mock-swagger/api/v3/store/inventory,0,4.44,"HTTPConnectionPool(host='localhost', port=80): Max retries exceeded with url: /api/v1/mock/mock-swagger/api/v3/store/inventory (Caused by NewConnectionError(""HTTPConnection(host='localhost', port=80): Failed to establish a new connection: [Errno 111] Connection refused""))"
2026-09-18T15:09:16.731057,call_4,POST,http://localhost/api/v1/mock/mock-swagger/api/v3/user/createWithList,0,4.27,"HTTPConnectionPool(host='localhost', port=80): Max retries exceeded with url: /api/v1/mock/mock-swagger/api/v3/user/createWithList (Caused by NewConnectionError(""HTTPConnection(host='localhost', port=80): Failed to establish a new connection: [Errno 111] Connection refused""))"
2026-09-18T15:09:16.731308,call_4,POST,http://localhost/api/v1/mock/mock-swagger/api/v3/user/createWithList,0,3.4,"HTTPConnectionPool(host='localhost', port=80): Max retries exceeded with url: /api/v1/mock/mock-swagger/api/v3/user/createWithList (Caused by NewConnectionError(""HTTPConnection(host='localhost', port=80): Failed to establish a new connection: [Errno 111] Connection refused""))"
2026-09-18T15:09:16.731633,call_3,GET,http://localhost/api/v1/mock/mock-swagger/api/v3/store/inventory,0,7.58,"HTTPConnectionPool(host='localhost', port=80): Max retries exceeded with url: /api/v1/mock/mock-swagger/api/v3/store/inventory (Caused by NewConnectionError(""HTTPConnection(host='localhost', port=80): Failed to establish a new connection: [Errno 111] Connection refused""))"
2026-09-18T15:09:16.770096,call_2,PUT,http://localhost/api/v1/mock/mock-swagger/api/v3/pet,0,0.89,"HTTPConnectionPool(host='localhost', port=80): Max retries exceeded with url: /api/v1/mock/mock-swagger/api/v3/pet (Caused by NewConnectionError(""HTTPConnection(host='localhost', port=80): Failed to establish a new connection: [Errno 111] Connection refused""))"
2026-09-18T15:09:16.773705,call_4,POST,http://localhost/api/v1/mock/mock-swagger/api/v3/user/createWithList,0,1.92,"HTTPConnectionPool(host='localhost', port=80): Max retries exceeded with url: /api/v1/mock/mock-swagger/api/v3/user/createWithList (Caused by NewConnectionError(""HTTPConnection(host='localhost', port=80): Failed to establish a new connection: [Errno 111] Connection refused""))"
2026-09-18T15:09:16.789684,call_3,GET,http://localhost/api/v1/mock/mock-swagger/api/v3/store/inventory,0,1.57,"HTTPConnectionPool(host='localhost', port=80): Max retries exceeded with url: /api/v1/mock/mock-swagger/api/v3/store/inventory (Caused by NewConnectionError(""HTTPConnection(host='localhost', port=80): Failed to establish a new connection: [Errno 111] Connection refused""))"
2026-09-18T15:09:16.809338,call_4,POST,http://localhost/api/v1/mock/mock-swagger/api/v3/user/createWithList,0,1.61,"HTTPConnectionPool(host='localhost', port=80): Max retries exceeded with url: /api/v1/mock/mock-swagger/api/v3/user/createWithList (Caused by NewConnectionError(""HTTPConnection(host='localhost', port=80): Failed to establish a new connection: [Errno 111] Connection refused""))"
2026-09-18T15:09:16.823126,call_3,GET,http://localhost/api/v1/mock/mock-swagger/api/v3/store/inventory,0,2.3,"HTTPConnectionPool(host='localhost', port=80): Max retries exceeded with url: /api/v1/mock/mock-swagger/api/v3/store/inventory (Caused by NewConnectionError(""HTTPConnection(host='localhost', port=80): Failed to establish a new connection: [Errno 111] Connection refused""))"
2026-09-18T15:09:16.828141,call_5,DELETE,http://localhost/api/v1/mock/mock-swagger/api/v3/user/{username},0,1.58,"HTTPConnectionPool(host='localhost', port=80): Max retries exceeded with url: /api/v1/mock/mock-swagger/api/v3/user/%7Busername%7D (Caused by NewConnectionError(""HTTPConnection(host='localhost', port=80): Failed to establish a new connection: [Errno 111] Connection refused""))"
2026-09-18T15:09:16.839294,call_4,POST,http://localhost/api/v1/mock/mock-swagger/api/v3/user/createWithList,0,9.44,"HTTPConnectionPool(host='localhost', port=80): Max retries exceeded with url: /api/v1/mock/mock-swagger/api/v3/user/createWithList (Caused by NewConnectionError(""HTTPConnection(host='localhost', port=80): Failed to establish a new connection: [Errno 111] Connection refused""))"
2026-09-18T15:09:16.840710,call_5,DELETE,http://localhost/api/v1/mock/mock-swagger/api/v3/user/{username},0,7.52,"HTTPConnectionPool(host='localhost', port=80): Max retries exceeded with url: /api/v1/mock/mock-swagger/api/v3/user/%7Busername%7D (Caused by NewConnectionError(""HTTPConnection(host='localhost', port=80): Failed to establish a new connection: [Errno 111] Connection refused""))"
2026-09-18T15:09:16.841102,call_4,POST,http://localhost/api/v1/mock/mock-swagger/api/v3/user/createWithList,0,5.37,"HTTPConnectionPool(host='localhost', port=80): Max retries exceeded with url: /api/v1/mock/mock-swagger/api/v3/user/createWithList (Caused by NewConnectionError(""HTTPConnection(host='localhost', port=80): Failed to establish a new connection: [Errno 111] Connection refused""))"
2026-09-18T15:09:16.841452,call_5,DELETE,http://localhost/api/v1/mock/mock-swagger/api/v3/user/{username},0,7.0,"HTTPConnectionPool(host='localhost', port=80): Max retries exceeded with url: /api/v1/mock/mock-swagger/api/v3/user/%7Busername%7D (Caused by NewConnectionError(""HTTPConnection(host='localhost', port=80): Failed to establish a new connection: [Errno 111] Connection refused""))"
2026-09-18T15:09:16.871875,call_3,GET,http://localhost/api/v1/mock/mock-swagger/api/v3/store/inventory,0,1.62,"HTTPConnectionPool(host='localhost', port=80): Max retries exceeded with url: /api/v1/mock/mock-swagger/api/v3/store/inventory (Caused by NewConnectionError(""HTTPConnection(host='localhost', port=80): Failed to establish a new connection: [Errno 111] Connection refused""))"
2026-09-18T15:09:16.875491,call_5,DELETE,http://localhost/api/v1/mock/mock-swagger/api/v3/user/{username},0,1.62,"HTTPConnectionPool(host='localhost', port=80): Max retries exceeded with url: /api/v1/mock/mock-swagger/api/v3/user/%7Busername%7D (Caused by NewConnectionError(""HTTPConnection(host='localhost', port=80): Failed to establish a new connection: [Errno 111] Connection refused""))"
2026-09-18T15:09:16.891516,call_4,POST,http://localhost/api/v1/mock/mock-swagger/api/v3/user/createWithList,0,1.66,"HTTPConnectionPool(host='localhost', port=80): Max retries exceeded with url: /api/v1/mock/mock-swagger/api/v3/user/createWithList (Caused by NewConnectionError(""HTTPConnection(host='localhost', port=80): Failed to establish a new connection: [Errno 111] Connection refused""))"
2026-09-18T15:09:16.919815,call_5,DELETE,http://localhost/api/v1/mock/mock-swagger/api/v3/user/{username},0,10.31,"HTTPConnectionPool(host='localhost', port=80): Max retries exceeded with url: /api/v1/mock/mock-swagger/api/v3/user/%7Busername%7D (Caused by NewConnectionError(""HTTPConnection(host='localhost', port=80): Failed to establish a new connection: [Errno 111] Connection refused""))"
2026-09-18T15:09:16.927277,call_4,POST,http://localhost/api/v1/mock/mock-swagger/api/v3/user/createWithList,0,2.4,"HTTPConnectionPool(host='localhost', port=80): Max retries exceeded with url: /api/v1/mock/mock-swagger/api/v3/user/createWithList (Caused by NewConnectionError(""HTTPConnection(host='localhost', port=80): Failed to establish a new connection: [Errno 111] Connection refused""))"
2026-09-18T15:09:16.929900,call_1,POST,http://localhost/api/v1/mock/mock-swagger/api/v3/pet,0,1.56,"HTTPConnectionPool(host='localhost', port=80): Max retries exceeded with url: /api/v1/mock/mock-swagger/api/v3/pet (Caused by NewConnectionError(""HTTPConnection(host='localhost', port=80): Failed to establish a new connection: [Errno 111] Connection refused""))"
2026-09-18T15:09:16.949020,call_5,DELETE,http://localhost/api/v1/mock/mock-swagger/api/v3/user/{username},0,9.56,"HTTPConnectionPool(host='localhost', port=80): Max retries exceeded with url: /api/v1/mock/mock-swagger/api/v3/user/%7Busername%7D (Caused by NewConnectionError(""HTTPConnection(host='localhost', port=80): Failed to establish a new connection: [Errno 111] Connection refused""))"
2026-09-18T15:09:16.949246,call_1,POST,http://localhost/api/v1/mock/mock-swagger/api/v3/pet,0,7.62,"HTTPConnectionPool(host='localhost', port=80): Max retries exceeded with url: /api/v1/mock/mock-swagger/api/v3/pet (Caused by NewConnectionError(""HTTPConnection(host='localhost', port=80): Failed to establish a new connection: [Errno 111] Connection refused""))"
2026-09-18T15:09:16.949877,call_1,POST,http://localhost/api/v1/mock/mock-swagger/api/v3/pet,0,7.07,"HTTPConnectionPool(host='localhost', port=80): Max retries exceeded with url: /api/v1/mock/mock-swagger/api/v3/pet (Caused by NewConnectionError(""HTTPConnection(host='localhost', port=80): Failed to establish a new connection: [Errno 111] Connection refused""))"
2026-09-18T15:09:16.950716,call_5,DELETE,http://localhost/api/v1/mock/mock-swagger/api/v3/user/{username},0,5.44,"HTTPConnectionPool(host='localhost', port=80): Max retries exceeded with url: /api/v1/mock/mock-swagger/api/v3/user/%7Busername%7D (Caused by NewConnectionError(""HTTPConnection(host='localhost', port=80): Failed to establish a new connection: [Errno 111] Connection refused""))"
2026-09-18T15:09:16.972941,call_4,POST,http://localhost/api/v1/mock/mock-swagger/api/v3/user/createWithList,0,0.91,"HTTPConnectionPool(host='localhost', port=80): Max retries exceeded with url: /api/v1/mock/mock-swagger/api/v3/user/createWithList (Caused by NewConnectionError(""HTTPConnection(host='localhost', port=80): Failed to establish a new connection: [Errno 111] Connection refused""))"
2026-09-18T15:09:16.977261,call_1,POST,http://localhost/api/v1/mock/mock-swagger/api/v3/pet,0,1.59,"HTTPConnectionPool(host='localhost', port=80): Max retries exceeded with url: /api/v1/mock/mock-swagger/api/v3/pet (Caused by NewConnectionError(""HTTPConnection(host='localhost', port=80): Failed to establish a new connection: [Errno 111] Connection refused""))"
2026-09-18T15:09:16.993288,call_5,DELETE,http://localhost/api/v1/mock/mock-swagger/api/v3/user/{username},0,1.59,"HTTPConnectionPool(host='localhost', port=80): Max retries exceeded with url: /api/v1/mock/mock-swagger/api/v3/user/%7Busername%7D (Caused by NewConnectionError(""HTTPConnection(host='localhost', port=80): Failed to establish a new connection: [Errno 111] Connection refused""))"
2026-09-18T15:09:17.024971,call_1,POST,http://localhost/api/v1/mock/mock-swagger/api/v3/pet,0,4.98,"HTTPConnectionPool(host='localhost', port=80): Max retries exceeded with url: /api/v1/mock/mock-swagger/api/v3/pet (Caused by NewConnectionError(""HTTPConnection(host='localhost', port=80): Failed to establish a new connection: [Errno 111] Connection refused""))"
2026-09-18T15:09:17.033255,call_5,DELETE,http://localhost/api/v1/mock/mock-swagger/api/v3/user/{username},0,4.2,"HTTPConnectionPool(host='localhost', port=80): Max retries exceeded with url: /api/v1/mock/mock-swagger/api/v3/user/%7Busername%7D (Caused by NewConnectionError(""HTTPConnection(host='localhost', port=80): Failed to establish a new connection: [Errno 111] Connection refused""))"
2026-09-18T15:09:17.033498,call_2,PUT,http://localhost/api/v1/mock/mock-swagger/api/v3/pet,0,3.19,"HTTPConnectionPool(host='localhost', port=80): Max retries exceeded with url: /api/v1/mock/mock-swagger/api/v3/pet (Caused by NewConnectionError(""HTTPConnection(host='localhost', port=80): Failed to establish a new connection: [Errno 111] Connection refused""))"
2026-09-18T15:09:17.062107,call_1,POST,http://localhost/api/v1/mock/mock-swagger/api/v3/pet,0,11.99,"HTTPConnectionPool(host='localhost', port=80): Max retries exceeded with url: /api/v1/mock/mock-swagger/api/v3/pet (Caused by NewConnectionError(""HTTPConnection(host='localhost', port=80): Failed to establish a new connection: [Errno 111] Connection refused""))"
2026-09-18T15:09:17.063863,call_2,PUT,http://localhost/api/v1/mock/mock-swagger/api/v3/pet,0,12.4,"HTTPConnectionPool(host='localhost', port=80): Max retries exceeded with url: /api/v1/mock/mock-swagger/api/v3/pet (Caused by NewConnectionError(""HTTPConnection(host='localhost', port=80): Failed to establish a new connection: [Errno 111] Connection refused""))"
2026-09-18T15:09:17.064180,call_2,PUT,http://localhost/api/v1/mock/mock-swagger/api/v3/pet,0,11.62,"HTTPConnectionPool(host='localhost', port=80): Max retries exceeded with url: /api/v1/mock/mock-swagger/api/v3/pet (Caused by NewConnectionError(""HTTPConnection(host='localhost', port=80): Failed to establish a new connection: [Errno 111] Connection refused""))"
2026-09-18T15:09:17.065527,call_1,POST,http://localhost/api/v1/mock/mock-swagger/api/v3/pet,0,5.29,"HTTPConnectionPool(host='localhost', port=80): Max retries exceeded with url: /api/v1/mock/mock-swagger/api/v3/pet (Caused by NewConnectionError(""HTTPConnection(host='localhost', port=80): Failed to establish a new connection: [Errno 111] Connection refused""))"
2026-09-18T15:09:17.075205,call_5,DELETE,http://localhost/api/v1/mock/mock-swagger/api/v3/user/{username},0,2.09,"HTTPConnectionPool(host='localhost', port=80): Max retries exceeded with url: /api/v1/mock/mock-swagger/api/v3/user/%7Busername%7D (Caused by NewConnectionError(""HTTPConnection(host='localhost', port=80): Failed to establish a new connection: [Errno 111] Connection refused""))"
2026-09-18T15:09:17.079080,call_2,PUT,http://localhost/api/v1/mock/mock-swagger/api/v3/pet,0,1.64,"HTTPConnectionPool(host='localhost', port=80): Max retries exceeded with url: /api/v1/mock/mock-swagger/api/v3/pet (Caused by NewConnectionError(""HTTPConnection(host='localhost', port=80): Failed to establish a new connection: [Errno 111] Connection refused""))"
2026-09-18T15:09:17.095182,call_1,POST,http://localhost/api/v1/mock/mock-swagger/api/v3/pet,0,1.71,"HTTPConnectionPool(host='localhost', port=80): Max retries exceeded with url: /api/v1/mock/mock-swagger/api/v3/pet (Caused by NewConnectionError(""HTTPConnection(host='localhost', port=80): Failed to establish a new connection: [Errno 111] Connection refused""))"
2026-09-18T15:09:17.129424,call_2,PUT,http://localhost/api/v1/mock/mock-swagger/api/v3/pet,0,4.28,"HTTPConnectionPool(host='localhost', port=80): Max retries exceeded with url: /api/v1/mock/mock-swagger/api/v3/pet (Caused by NewConnectionError(""HTTPConnection(host='localhost', port=80): Failed to establish a new connection: [Errno 111] Connection refused""))"
2026-09-18T15:09:17.138753,call_1,POST,http://localhost/api/v1/mock/mock-swagger/api/v3/pet,0,4.47,"HTTPConnectionPool(host='localhost', port=80): Max retries exceeded with url: /api/v1/mock/mock-swagger/api/v3/pet (Caused by NewConnectionError(""HTTPConnection(host='localhost', port=80): Failed to establish a new connection: [Errno 111] Connection refused""))"
2026-09-18T15:09:17.138979,call_3,GET,http://localhost/api/v1/mock/mock-swagger/api/v3/store/inventory,0,3.59,"HTTPConnectionPool(host='localhost', port=80): Max retries exceeded with url: /api/v1/mock/mock-swagger/api/v3/store/inventory (Caused by NewConnectionError(""HTTPConnection(host='localhost', port=80): Failed to establish a new connection: [Errno 111] Connection refused""))"
2026-09-18T15:09:17.177323,call_2,PUT,http://localhost/api/v1/mock/mock-swagger/api/v3/pet,0,7.93,"HTTPConnectionPool(host='localhost', port=80): Max retries exceeded with url: /api/v1/mock/mock-swagger/api/v3/pet (Caused by NewConnectionError(""HTTPConnection(host='localhost', port=80): Failed to establish a new connection: [Errno 111] Connection refused""))"
2026-09-18T15:09:17.177620,call_2,PUT,http://localhost/api/v1/mock/mock-swagger/api/v3/pet,0,15.35,"HTTPConnectionPool(host='localhost', port=80): Max retries exceeded with url: /api/v1/mock/mock-swagger/api/v3/pet (Caused by NewConnectionError(""HTTPConnection(host='localhost', port=80): Failed to establish a new connection: [Errno 111] Connection refused""))"
2026-09-18T15:09:17.179118,call_3,GET,http://localhost/api/v1/mock/mock-swagger/api/v3/store/inventory,0,12.53,"HTTPConnectionPool(host='localhost', port=80): Max retries exceeded with url: /api/v1/mock/mock-swagger/api/v3/store/inventory (Caused by NewConnectionError(""HTTPConnection(host='localhost', port=80): Failed to establish a new connection: [Errno 111] Connection refused""))"
2026-09-18T15:09:17.181408,call_3,GET,http://localhost/api/v1/mock/mock-swagger/api/v3/store/inventory,0,8.54,"HTTPConnectionPool(host='localhost', port=80): Max retries exceeded with url: /api/v1/mock/mock-swagger/api/v3/store/inventory (Caused by NewConnectionError(""HTTPConnection(host='localhost', port=80): Failed to establish a new connection: [Errno 111] Connection refused""))"
2026-09-18T15:09:17.182034,call_1,POST,http://localhost/api/v1/mock/mock-swagger/api/v3/pet,0,6.47,"HTTPConnectionPool(host='localhost', port=80): Max retries exceeded with url: /api/v1/mock/mock-swagger/api/v3/pet (Caused by NewConnectionError(""HTTPConnection(host='localhost', port=80): Failed to establish a new connection: [Errno 111] Connection refused""))"
2026-09-18T15:09:17.182445,call_3,GET,http://localhost/api/v1/mock/mock-swagger/api/v3/store/inventory,0,2.93,"HTTPConnectionPool(host='localhost', port=80): Max retries exceeded with url: /api/v1/mock/mock-swagger/api/v3/store/inventory (Caused by NewConnectionError(""HTTPConnection(host='localhost', port=80): Failed to establish a new connection: [Errno 111] Connection refused""))"
2026-09-18T15:09:17.196910,call_2,PUT,http://localhost/api/v1/mock/mock-swagger/api/v3/pet,0,1.59,"HTTPConnectionPool(host='localhost', port=80): Max retries exceeded with url: /api/v1/mock/mock-swagger/api/v3/pet (Caused by NewConnectionError(""HTTPConnection(host='localhost', port=80): Failed to establish a new connection: [Errno 111] Connection refused""))"
2026-09-18T15:09:17.233799,call_3,GET,http://localhost/api/v1/mock/mock-swagger/api/v3/store/inventory,0,3.29,"HTTPConnectionPool(host='localhost', port=80): Max retries exceeded with url: /api/v1/mock/mock-swagger/api/v3/store/inventory (Caused by NewConnectionError(""HTTPConnection(host='localhost', port=80): Failed to establish a new connection: [Errno 111] Connection refused""))"
2026-09-18T15:09:17.244053,call_4,POST,http://localhost/api/v1/mock/mock-swagger/api/v3/user/createWithList,0,3.09,"HTTPConnectionPool(host='localhost', port=80): Max retries exceeded with url: /api/v1/mock/mock-swagger/api/v3/user/createWithList (Caused by NewConnectionError(""HTTPConnection(host='localhost', port=80): Failed to establish a new connection: [Errno 111] Connection refused""))"
2026-09-18T15:09:17.244297,call_2,PUT,http://localhost/api/v1/mock/mock-swagger/api/v3/pet,0,4.45,"HTTPConnectionPool(host='localhost', port=80): Max retries exceeded with url: /api/v1/mock/mock-swagger/api/v3/pet (Caused by NewConnectionError(""HTTPConnection(host='localhost', port=80): Failed to establish a new connection: [Errno 111] Connection refused""))"
2026-09-18T15:09:17.291690,call_3,GET,http://localhost/api/v1/mock/mock-swagger/api/v3/store/inventory,0,12.25,"HTTPConnectionPool(host='localhost', port=80): Max retries exceeded with url: /api/v1/mock/mock-swagger/api/v3/store/inventory (Caused by NewConnectionError(""HTTPConnection(host='localhost', port=80): Failed to establish a new connection: [Errno 111] Connection refused""))"
2026-09-18T15:09:17.293250,call_2,PUT,http://localhost/api/v1/mock/mock-swagger/api/v3/pet,0,5.32,"HTTPConnectionPool(host='localhost', port=80): Max retries exceeded with url: /api/v1/mock/mock-swagger/api/v3/pet (Caused by NewConnectionError(""HTTPConnection(host='localhost', port=80): Failed to establish a new connection: [Errno 111] Connection refused""))"
2026-09-18T15:09:17.293445,call_4,POST,http://localhost/api/v1/mock/mock-swagger/api/v3/user/createWithList,0,11.73,"HTTPConnectionPool(host='localhost', port=80): Max retries exceeded with url: /api/v1/mock/mock-swagger/api/v3/user/createWithList (Caused by NewConnectionError(""HTTPConnection(host='localhost', port=80): Failed to establish a new connection: [Errno 111] Connection refused""))"
2026-09-18T15:09:17.293930,call_3,GET,http://localhost/api/v1/mock/mock-swagger/api/v3/store/inventory,0,15.58,"HTTPConnectionPool(host='localhost', port=80): Max retries exceeded with url: /api/v1/mock/mock-swagger/api/v3/store/inventory (Caused by NewConnectionError(""HTTPConnection(host='localhost', port=80): Failed to establish a new connection: [Errno 111] Connection refused""))"
2026-09-18T15:09:17.294553,call_4,POST,http://localhost/api/v1/mock/mock-swagger/api/v3/user/createWithList,0,9.25,"HTTPConnectionPool(host='localhost', port=80): Max retries exceeded with url: /api/v1/mock/mock-swagger/api/v3/user/createWithList (Caused by NewConnectionError(""HTTPConnection(host='localhost', port=80): Failed to establish a new connection: [Errno 111] Connection refused""))"
2026-09-18T15:09:17.295210,call_4,POST,http://localhost/api/v1/mock/mock-swagger/api/v3/user/createWithList,0,8.66,"HTTPConnectionPool(host='localhost', port=80): Max retries exceeded with url: /api/v1/mock/mock-swagger/api/v3/user/createWithList (Caused by NewConnectionError(""HTTPConnection(host='localhost', port=80): Failed to establish a new connection: [Errno 111] Connection refused""))"
2026-09-18T15:09:17.298630,call_3,GET,http://localhost/api/v1/mock/mock-swagger/api/v3/store/inventory,0,1.58,"HTTPConnectionPool(host='localhost', port=80): Max retries exceeded with url: /api/v1/mock/mock-swagger/api/v3/store/inventory (Caused by NewConnectionError(""HTTPConnection(host='localhost', port=80): Failed to establish a new connection: [Errno 111] Connection refused""))"
2026-09-18T15:09:17.337233,call_4,POST,http://localhost/api/v1/mock/mock-swagger/api/v3/user/createWithList,0,3.27,"HTTPConnectionPool(host='localhost', port=80): Max retries exceeded with url: /api/v1/mock/mock-swagger/api/v3/user/createWithList (Caused by NewConnectionError(""HTTPConnection(host='localhost', port=80): Failed to establish a new connection: [Errno 111] Connection refused""))"
2026-09-18T15:09:17.350201,call_5,DELETE,http://localhost/api/v1/mock/mock-swagger/api/v3/user/{username},0,5.96,"HTTPConnectionPool(host='localhost', port=80): Max retries exceeded with url: /api/v1/mock/mock-swagger/api/v3/user/%7Busername%7D (Caused by NewConnectionError(""HTTPConnection(host='localhost', port=80): Failed to establish a new connection: [Errno 111] Connection refused""))"
2026-09-18T15:09:17.351037,call_3,GET,http://localhost/api/v1/mock/mock-swagger/api/v3/store/inventory,0,5.67,"HTTPConnectionPool(host='localhost', port=80): Max retries exceeded with url: /api/v1/mock/mock-swagger/api/v3/store/inventory (Caused by NewConnectionError(""HTTPConnection(host='localhost', port=80): Failed to establish a new connection: [Errno 111] Connection refused""))"
2026-09-18T15:09:17.406466,call_5,DELETE,http://localhost/api/v1/mock/mock-swagger/api/v3/user/{username},0,3.31,"HTTPConnectionPool(host='localhost', port=80): Max retries exceeded with url: /api/v1/mock/mock-swagger/api/v3/user/%7Busername%7D (Caused by NewConnectionError(""HTTPConnection(host='localhost', port=80): Failed to establish a new connection: [Errno 111] Connection refused""))"
2026-09-18T15:09:17.407381,call_4,POST,http://localhost/api/v1/mock/mock-swagger/api/v3/user/createWithList,0,15.55,"HTTPConnectionPool(host='localhost', port=80): Max retries exceeded with url: /api/v1/mock/mock-swagger/api/v3/user/createWithList (Caused by NewConnectionError(""HTTPConnection(host='localhost', port=80): Failed to establish a new connection: [Errno 111] Connection refused""))"
2026-09-18T15:09:17.408110,call_4,POST,http://localhost/api/v1/mock/mock-swagger/api/v3/user/createWithList,0,11.91,"HTTPConnectionPool(host='localhost', port=80): Max retries exceeded with url: /api/v1/mock/mock-swagger/api/v3/user/createWithList (Caused by NewConnectionError(""HTTPConnection(host='localhost', port=80): Failed to establish a new connection: [Errno 111] Connection refused""))"
2026-09-18T15:09:17.414286,call_3,GET,http://localhost/api/v1/mock/mock-swagger/api/v3/store/inventory,0,16.97,"HTTPConnectionPool(host='localhost', port=80): Max retries exceeded with url: /api/v1/mock/mock-swagger/api/v3/store/inventory (Caused by NewConnectionError(""HTTPConnection(host='localhost', port=80): Failed to establish a new connection: [Errno 111] Connection refused""))"
2026-09-18T15:09:17.414752,call_4,POST,http://localhost/api/v1/mock/mock-swagger/api/v3/user/createWithList,0,10.41,"HTTPConnectionPool(host='localhost', port=80): Max retries exceeded with url: /api/v1/mock/mock-swagger/api/v3/user/createWithList (Caused by NewConnectionError(""HTTPConnection(host='localhost', port=80): Failed to establish a new connection: [Errno 111] Connection refused""))"
2026-09-18T15:09:17.415646,call_5,DELETE,http://localhost/api/v1/mock/mock-swagger/api/v3/user/{username},0,16.16,"HTTPConnectionPool(host='localhost', port=80): Max retries exceeded with url: /api/v1/mock/mock-swagger/api/v3/user/%7Busername%7D (Caused by NewConnectionError(""HTTPConnection(host='localhost', port=80): Failed to establish a new connection: [Errno 111] Connection refused""))"
2026-09-18T15:09:17.416403,call_5,DELETE,http://localhost/api/v1/mock/mock-swagger/api/v3/user/{username},0,14.39,"HTTPConnectionPool(host='localhost', port=80): Max retries exceeded with url: /api/v1/mock/mock-swagger/api/v3/user/%7Busername%7D (Caused by NewConnectionError(""HTTPConnection(host='localhost', port=80): Failed to establish a new connection: [Errno 111] Connection refused""))"
2026-09-18T15:09:17.441376,call_5,DELETE,http://localhost/api/v1/mock/mock-swagger/api/v3/user/{username},0,3.98,"HTTPConnectionPool(host='localhost', port=80): Max retries exceeded with url: /api/v1/mock/mock-swagger/api/v3/user/%7Busername%7D (Caused by NewConnectionError(""HTTPConnection(host='localhost', port=80): Failed to establish a new connection: [Errno 111] Connection refused""))"
2026-09-18T15:09:17.455709,call_4,POST,http://localhost/api/v1/mock/mock-swagger/api/v3/user/createWithList,0,2.32,"HTTPConnectionPool(host='localhost', port=80): Max retries exceeded with url: /api/v1/mock/mock-swagger/api/v3/user/createWithList (Caused by NewConnectionError(""HTTPConnection(host='localhost', port=80): Failed to establish a new connection: [Errno 111] Connection refused""))"
2026-09-18T15:09:17.456432,call_1,POST,http://localhost/api/v1/mock/mock-swagger/api/v3/pet,0,5.26,"HTTPConnectionPool(host='localhost', port=80): Max retries exceeded with url: /api/v1/mock/mock-swagger/api/v3/pet (Caused by NewConnectionError(""HTTPConnection(host='localhost', port=80): Failed to establish a new connection: [Errno 111] Connection refused""))"
2026-09-18T15:09:17.512933,call_5,DELETE,http://localhost/api/v1/mock/mock-swagger/api/v3/user/{username},0,4.0,"HTTPConnectionPool(host='localhost', port=80): Max retries exceeded with url: /api/v1/mock/mock-swagger/api/v3/user/%7Busername%7D (Caused by NewConnectionError(""HTTPConnection(host='localhost', port=80): Failed to establish a new connection: [Errno 111] Connection refused""))"
2026-09-18T15:09:17.513540,call_1,POST,http://localhost/api/v1/mock/mock-swagger/api/v3/pet,0,6.89,"HTTPConnectionPool(host='localhost', port=80): Max retries exceeded with url: /api/v1/mock/mock-swagger/api/v3/pet (Caused by NewConnectionError(""HTTPConnection(host='localhost', port=80): Failed to establish a new connection: [Errno 111] Connection refused""))"
2026-09-18T15:09:17.518963,call_5,DELETE,http://localhost/api/v1/mock/mock-swagger/api/v3/user/{username},0,8.95,"HTTPConnectionPool(host='localhost', port=80): Max retries exceeded with url: /api/v1/mock/mock-swagger/api/v3/user/%7Busername%7D (Caused by NewConnectionError(""HTTPConnection(host='localhost', port=80): Failed to establish a new connection: [Errno 111] Connection refused""))"
2026-09-18T15:09:17.524681,call_1,POST,http://localhost/api/v1/mock/mock-swagger/api/v3/pet,0,4.37,"HTTPConnectionPool(host='localhost', port=80): Max retries exceeded with url: /api/v1/mock/mock-swagger/api/v3/pet (Caused by NewConnectionError(""HTTPConnection(host='localhost', port=80): Failed to establish a new connection: [Errno 111] Connection refused""))"
2026-09-18T15:09:17.525121,call_4,POST,http://localhost/api/v1/mock/mock-swagger/api/v3/user/createWithList,0,10.11,"HTTPConnectionPool(host='localhost', port=80): Max retries exceeded with url: /api/v1/mock/mock-swagger/api/v3/user/createWithList (Caused by NewConnectionError(""HTTPConnection(host='localhost', port=80): Failed to establish a new connection: [Errno 111] Connection refused""))"
2026-09-18T15:09:17.525687,call_1,POST,http://localhost/api/v1/mock/mock-swagger/api/v3/pet,0,9.1,"HTTPConnectionPool(host='localhost', port=80): Max retries exceeded with url: /api/v1/mock/mock-swagger/api/v3/pet (Caused by NewConnectionError(""HTTPConnection(host='localhost', port=80): Failed to establish a new connection: [Errno 111] Connection refused""))"
2026-09-18T15:09:17.526570,call_5,DELETE,http://localhost/api/v1/mock/mock-swagger/api/v3/user/{username},0,8.89,"HTTPConnectionPool(host='localhost', port=80): Max retries exceeded with url: /api/v1/mock/mock-swagger/api/v3/user/%7Busername%7D (Caused by NewConnectionError(""HTTPConnection(host='localhost', port=80): Failed to establish a new connection: [Errno 111] Connection refused""))"
2026-09-18T15:09:17.545438,call_1,POST,http://localhost/api/v1/mock/mock-swagger/api/v3/pet,0,3.9,"HTTPConnectionPool(host='localhost', port=80): Max retries exceeded with url: /api/v1/mock/mock-swagger/api/v3/pet (Caused by NewConnectionError(""HTTPConnection(host='localhost', port=80): Failed to establish a new connection: [Errno 111] Connection refused""))"
2026-09-18T15:09:17.561281,call_5,DELETE,http://localhost/api/v1/mock/mock-swagger/api/v3/user/{username},0,4.57,"HTTPConnectionPool(host='localhost', port=80): Max retries exceeded with url: /api/v1/mock/mock-swagger/api/v3/user/%7Busername%7D (Caused by NewConnectionError(""HTTPConnection(host='localhost', port=80): Failed to establish a new connection: [Errno 111] Connection refused""))"
2026-09-18T15:09:17.561759,call_2,PUT,http://localhost/api/v1/mock/mock-swagger/api/v3/pet,0,2.47,"HTTPConnectionPool(host='localhost', port=80): Max retries exceeded with url: /api/v1/mock/mock-swagger/api/v3/pet (Caused by NewConnectionError(""HTTPConnection(host='localhost', port=80): Failed to establish a new connection: [Errno 111] Connection refused""))"
2026-09-18T15:09:17.615842,call_1,POST,http://localhost/api/v1/mock/mock-swagger/api/v3/pet,0,2.75,"HTTPConnectionPool(host='localhost', port=80): Max retries exceeded with url: /api/v1/mock/mock-swagger/api/v3/pet (Caused by NewConnectionError(""HTTPConnection(host='localhost', port=80): Failed to establish a new connection: [Errno 111] Connection refused""))"
2026-09-18T15:09:17.616327,call_2,PUT,http://localhost/api/v1/mock/mock-swagger/api/v3/pet,0,1.96,"HTTPConnectionPool(host='localhost', port=80): Max retries exceeded with url: /api/v1/mock/mock-swagger/api/v3/pet (Caused by NewConnectionError(""HTTPConnection(host='localhost', port=80): Failed to establish a new connection: [Errno 111] Connection refused""))"
2026-09-18T15:09:17.620786,call_1,POST,http://localhost/api/v1/mock/mock-swagger/api/v3/pet,0,1.65,"HTTPConnectionPool(host='localhost', port=80): Max retries exceeded with url: /api/v1/mock/mock-swagger/api/v3/pet (Caused by NewConnectionError(""HTTPConnection(host='localhost', port=80): Failed to establish a new connection: [Errno 111] Connection refused""))"
2026-09-18T15:09:17.641119,call_1,POST,http://localhost/api/v1/mock/mock-swagger/api/v3/pet,0,6.41,"HTTPConnectionPool(host='localhost', port=80): Max retries exceeded with url: /api/v1/mock/mock-swagger/api/v3/pet (Caused by NewConnectionError(""HTTPConnection(host='localhost', port=80): Failed to establish a new connection: [Errno 111] Connection refused""))"
2026-09-18T15:09:17.642101,call_2,PUT,http://localhost/api/v1/mock/mock-swagger/api/v3/pet,0,17.19,"HTTPConnectionPool(host='localhost', port=80): Max retries exceeded with url: /api/v1/mock/mock-swagger/api/v3/pet (Caused by NewConnectionError(""HTTPConnection(host='localhost', port=80): Failed to establish a new connection: [Errno 111] Connection refused""))"
2026-09-18T15:09:17.642371,call_2,PUT,http://localhost/api/v1/mock/mock-swagger/api/v3/pet,0,9.11,"HTTPConnectionPool(host='localhost', port=80): Max retries exceeded with url: /api/v1/mock/mock-swagger/api/v3/pet (Caused by NewConnectionError(""HTTPConnection(host='localhost', port=80): Failed to establish a new connection: [Errno 111] Connection refused""))"
2026-09-18T15:09:17.642920,call_5,DELETE,http://localhost/api/v1/mock/mock-swagger/api/v3/user/{username},0,4.17,"HTTPConnectionPool(host='localhost', port=80): Max retries exceeded with url: /api/v1/mock/mock-swagger/api/v3/user/%7Busername%7D (Caused by NewConnectionError(""HTTPConnection(host='localhost', port=80): Failed to establish a new connection: [Errno 111] Connection refused""))"
2026-09-18T15:09:17.649300,call_2,PUT,http://localhost/api/v1/mock/mock-swagger/api/v3/pet,0,2.89,"HTTPConnectionPool(host='localhost', port=80): Max retries exceeded with url: /api/v1/mock/mock-swagger/api/v3/pet (Caused by NewConnectionError(""HTTPConnection(host='localhost', port=80): Failed to establish a new connection: [Errno 111] Connection refused""))"
2026-09-18T15:09:17.667278,call_1,POST,http://localhost/api/v1/mock/mock-swagger/api/v3/pet,0,5.85,"HTTPConnectionPool(host='localhost', port=80): Max retries exceeded with url: /api/v1/mock/mock-swagger/api/v3/pet (Caused by NewConnectionError(""HTTPConnection(host='localhost', port=80): Failed to establish a new connection: [Errno 111] Connection refused""))"
2026-09-18T15:09:17.667928,call_3,GET,http://localhost/api/v1/mock/mock-swagger/api/v3/store/inventory,0,5.39,"HTTPConnectionPool(host='localhost', port=80): Max retries exceeded with url: /api/v1/mock/mock-swagger/api/v3/store/inventory (Caused by NewConnectionError(""HTTPConnection(host='localhost', port=80): Failed to establish a new connection: [Errno 111] Connection refused""))"
2026-09-18T15:09:17.718466,call_2,PUT,http://localhost/api/v1/mock/mock-swagger/api/v3/pet,0,2.47,"HTTPConnectionPool(host='localhost', port=80): Max retries exceeded with url: /api/v1/mock/mock-swagger/api/v3/pet (Caused by NewConnectionError(""HTTPConnection(host='localhost', port=80): Failed to establish a new connection: [Errno 111] Connection refused""))"
2026-09-18T15:09:17.718898,call_3,GET,http://localhost/api/v1/mock/mock-swagger/api/v3/store/inventory,0,1.85,"HTTPConnectionPool(host='localhost', port=80): Max retries exceeded with url: /api/v1/mock/mock-swagger/api/v3/store/inventory (Caused by NewConnectionError(""HTTPConnection(host='localhost', port=80): Failed to establish a new connection: [Errno 111] Connection refused""))"
2026-09-18T15:09:17.722573,call_2,PUT,http://localhost/api/v1/mock/mock-swagger/api/v3/pet,0,1.61,"HTTPConnectionPool(host='localhost', port=80): Max retries exceeded with url: /api/v1/mock/mock-swagger/api/v3/pet (Caused by NewConnectionError(""HTTPConnection(host='localhost', port=80): Failed to establish a new connection: [Errno 111] Connection refused""))"
2026-09-18T15:09:17.753818,call_2,PUT,http://localhost/api/v1/mock/mock-swagger/api/v3/pet,0,12.5,"HTTPConnectionPool(host='localhost', port=80): Max retries exceeded with url: /api/v1/mock/mock-swagger/api/v3/pet (Caused by NewConnectionError(""HTTPConnection(host='localhost', port=80): Failed to establish a new connection: [Errno 111] Connection refused""))"
2026-09-18T15:09:17.755037,call_3,GET,http://localhost/api/v1/mock/mock-swagger/api/v3/store/inventory,0,10.5,"HTTPConnectionPool(host='localhost', port=80): Max retries exceeded with url: /api/v1/mock/mock-swagger/api/v3/store/inventory (Caused by NewConnectionError(""HTTPConnection(host='localhost', port=80): Failed to establish a new connection: [Errno 111] Connection refused""))"
2026-09-18T15:09:17.755472,call_3,GET,http://localhost/api/v1/mock/mock-swagger/api/v3/store/inventory,0,12.0,"HTTPConnectionPool(host='localhost', port=80): Max retries exceeded with url: /api/v1/mock/mock-swagger/api/v3/store/inventory (Caused by NewConnectionError(""HTTPConnection(host='localhost', port=80): Failed to establish a new connection: [Errno 111] Connection refused""))"
2026-09-18T15:09:17.755798,call_3,GET,http://localhost/api/v1/mock/mock-swagger/api/v3/store/inventory,0,6.35,"HTTPConnectionPool(host='localhost', port=80): Max retries exceeded with url: /api/v1/mock/mock-swagger/api/v3/store/inventory (Caused by NewConnectionError(""HTTPConnection(host='localhost', port=80): Failed to establish a new connection: [Errno 111] Connection refused""))"
2026-09-18T15:09:17.757599,call_1,POST,http://localhost/api/v1/mock/mock-swagger/api/v3/pet,0,11.89,"HTTPConnectionPool(host='localhost', port=80): Max retries exceeded with url: /api/v1/mock/mock-swagger/api/v3/pet (Caused by NewConnectionError(""HTTPConnection(host='localhost', port=80): Failed to establish a new connection: [Errno 111] Connection refused""))"
2026-09-18T15:09:17.772743,call_4,POST,http://localhost/api/v1/mock/mock-swagger/api/v3/user/createWithList,0,3.46,"HTTPConnectionPool(host='localhost', port=80): Max retries exceeded with url: /api/v1/mock/mock-swagger/api/v3/user/createWithList (Caused by NewConnectionError(""HTTPConnection(host='localhost', port=80): Failed to establish a new connection: [Errno 111] Connection refused""))"
2026-09-18T15:09:17.772967,call_2,PUT,http://localhost/api/v1/mock/mock-swagger/api/v3/pet,0,4.73,"HTTPConnectionPool(host='localhost', port=80): Max retries exceeded with url: /api/v1/mock/mock-swagger/api/v3/pet (Caused by NewConnectionError(""HTTPConnection(host='localhost', port=80): Failed to establish a new connection: [Errno 111] Connection refused""))"
2026-09-18T15:09:17.820927,call_3,GET,http://localhost/api/v1/mock/mock-swagger/api/v3/store/inventory,0,2.31,"HTTPConnectionPool(host='localhost', port=80): Max retries exceeded with url: /api/v1/mock/mock-swagger/api/v3/store/inventory (Caused by NewConnectionError(""HTTPConnection(host='localhost', port=80): Failed to establish a new connection: [Errno 111] Connection refused""))"
2026-09-18T15:09:17.821457,call_4,POST,http://localhost/api/v1/mock/mock-swagger/api/v3/user/createWithList,0,1.84,"HTTPConnectionPool(host='localhost', port=80): Max retries exceeded with url: /api/v1/mock/mock-swagger/api/v3/user/createWithList (Caused by NewConnectionError(""HTTPConnection(host='localhost', port=80): Failed to establish a new connection: [Errno 111] Connection refused""))"
2026-09-18T15:09:17.824807,call_3,GET,http://localhost/api/v1/mock/mock-swagger/api/v3/store/inventory,0,2.05,"HTTPConnectionPool(host='localhost', port=80): Max retries exceeded with url: /api/v1/mock/mock-swagger/api/v3/store/inventory (Caused by NewConnectionError(""HTTPConnection(host='localhost', port=80): Failed to establish a new connection: [Errno 111] Connection refused""))"
