2026-01-30 19:12:07,578 - app - INFO - Logging configured successfully.
2026-01-30 19:12:08,224 - app - INFO - Logging configured successfully.
2026-01-30 19:12:08,373 - app.main - INFO - === INICIANDO API QA-WORKFLOW ===
2026-01-30 19:12:08,623 - app.main - INFO - Tabelas verificadas/criadas com sucesso
2026-01-30 19:12:08,624 - app.main - INFO - Iniciando scheduler...
2026-01-30 19:12:08,647 - apscheduler.scheduler - INFO - Scheduler started
2026-01-30 19:12:08,649 - app.services.scheduler_service - INFO - APScheduler started
2026-01-30 19:12:08,737 - apscheduler.scheduler - INFO - Added job "execute_job" to job store "default"
2026-01-30 19:12:08,742 - apscheduler.executors.default - WARNING - Run time of job "execute_job (trigger: date[2026-01-30 12:44:00 -03], next run at: 2026-01-30 12:44:00 -03)" was missed by 6:28:08.742097
2026-01-30 19:12:08,742 - apscheduler.scheduler - INFO - Removed job 5
2026-01-30 19:14:43,400 - app.main - INFO - REQUEST: POST http://localhost:8000/auth/login
2026-01-30 19:14:43,424 - app.routes.auth_routes - INFO - === LOGIN REQUEST ===
2026-01-30 19:14:43,425 - app.routes.auth_routes - INFO - Username attempt: mribelato@gmail.com
2026-01-30 19:14:43,881 - app.routes.auth_routes - INFO - Login successful for user: mribelato@gmail.com
2026-01-30 19:14:43,882 - app.routes.auth_routes - INFO - Access token generated for: mribelato@gmail.com
2026-01-30 19:14:43,964 - app.main - INFO - RESPONSE: POST http://localhost:8000/auth/login - Status: 200
2026-01-30 19:14:44,065 - app.main - INFO - REQUEST: OPTIONS http://localhost:8000/auth/profile
2026-01-30 19:14:44,067 - app.main - INFO - REQUEST: OPTIONS http://localhost:8000/products/
2026-01-30 19:14:44,070 - app.main - INFO - RESPONSE: OPTIONS http://localhost:8000/auth/profile - Status: 200
2026-01-30 19:14:44,072 - app.main - INFO - RESPONSE: OPTIONS http://localhost:8000/products/ - Status: 200
2026-01-30 19:14:44,078 - app.main - INFO - REQUEST: OPTIONS http://localhost:8000/auth/profile
2026-01-30 19:14:44,079 - app.main - INFO - RESPONSE: OPTIONS http://localhost:8000/auth/profile - Status: 200
2026-01-30 19:14:44,081 - app.main - INFO - REQUEST: OPTIONS http://localhost:8000/products/
2026-01-30 19:14:44,083 - app.main - INFO - REQUEST: OPTIONS http://localhost:8000/auth/profile
2026-01-30 19:14:44,084 - app.main - INFO - RESPONSE: OPTIONS http://localhost:8000/products/ - Status: 200
2026-01-30 19:14:44,086 - app.main - INFO - RESPONSE: OPTIONS http://localhost:8000/auth/profile - Status: 200
2026-01-30 19:14:44,088 - app.main - INFO - REQUEST: OPTIONS http://localhost:8000/auth/profile
2026-01-30 19:14:44,089 - app.main - INFO - REQUEST: GET http://localhost:8000/auth/profile
2026-01-30 19:14:44,090 - app.main - INFO - RESPONSE: OPTIONS http://localhost:8000/auth/profile - Status: 200
2026-01-30 19:14:44,097 - app.main - INFO - REQUEST: GET http://localhost:8000/products/
2026-01-30 19:14:44,115 - app.main - INFO - RESPONSE: GET http://localhost:8000/auth/profile - Status: 200
2026-01-30 19:14:44,120 - app.main - INFO - REQUEST: GET http://localhost:8000/auth/profile
2026-01-30 19:14:44,133 - app.main - INFO - RESPONSE: GET http://localhost:8000/auth/profile - Status: 200
2026-01-30 19:14:44,138 - app.main - INFO - REQUEST: GET http://localhost:8000/auth/profile
2026-01-30 19:14:44,155 - app.main - INFO - RESPONSE: GET http://localhost:8000/auth/profile - Status: 200
2026-01-30 19:14:44,162 - app.main - INFO - REQUEST: GET http://localhost:8000/auth/profile
2026-01-30 19:14:44,172 - app.main - INFO - RESPONSE: GET http://localhost:8000/auth/profile - Status: 200
2026-01-30 19:14:44,281 - app.main - INFO - RESPONSE: GET http://localhost:8000/products/ - Status: 200
2026-01-30 19:14:44,284 - app.main - INFO - REQUEST: GET http://localhost:8000/products/
2026-01-30 19:14:44,300 - app.main - INFO - RESPONSE: GET http://localhost:8000/products/ - Status: 200
2026-01-30 19:14:46,424 - app.main - INFO - REQUEST: OPTIONS http://localhost:8000/products/1
2026-01-30 19:14:46,426 - app.main - INFO - REQUEST: OPTIONS http://localhost:8000/products/1
2026-01-30 19:14:46,427 - app.main - INFO - RESPONSE: OPTIONS http://localhost:8000/products/1 - Status: 200
2026-01-30 19:14:46,429 - app.main - INFO - RESPONSE: OPTIONS http://localhost:8000/products/1 - Status: 200
2026-01-30 19:14:46,431 - app.main - INFO - REQUEST: GET http://localhost:8000/products/1
2026-01-30 19:14:46,449 - app.main - INFO - RESPONSE: GET http://localhost:8000/products/1 - Status: 200
2026-01-30 19:14:46,453 - app.main - INFO - REQUEST: GET http://localhost:8000/products/1
2026-01-30 19:14:46,456 - app.main - INFO - REQUEST: OPTIONS http://localhost:8000/features/?product_id=1
2026-01-30 19:14:46,459 - app.main - INFO - RESPONSE: OPTIONS http://localhost:8000/features/?product_id=1 - Status: 200
2026-01-30 19:14:46,465 - app.main - INFO - REQUEST: GET http://localhost:8000/features/?product_id=1
2026-01-30 19:14:46,472 - app.main - INFO - RESPONSE: GET http://localhost:8000/products/1 - Status: 200
2026-01-30 19:14:46,493 - app.main - INFO - RESPONSE: GET http://localhost:8000/features/?product_id=1 - Status: 200
2026-01-30 19:14:46,497 - app.main - INFO - REQUEST: GET http://localhost:8000/features/?product_id=1
2026-01-30 19:14:46,503 - app.main - INFO - REQUEST: OPTIONS http://localhost:8000/environments?project_id=1
2026-01-30 19:14:46,505 - app.main - INFO - RESPONSE: OPTIONS http://localhost:8000/environments?project_id=1 - Status: 200
2026-01-30 19:14:46,511 - app.main - INFO - REQUEST: GET http://localhost:8000/environments?project_id=1
2026-01-30 19:14:46,520 - app.main - INFO - RESPONSE: GET http://localhost:8000/features/?product_id=1 - Status: 200
2026-01-30 19:14:46,533 - app.main - INFO - RESPONSE: GET http://localhost:8000/environments?project_id=1 - Status: 200
2026-01-30 19:14:46,537 - app.main - INFO - REQUEST: GET http://localhost:8000/environments?project_id=1
2026-01-30 19:14:46,550 - app.main - INFO - RESPONSE: GET http://localhost:8000/environments?project_id=1 - Status: 200
2026-01-30 19:14:48,370 - app.main - INFO - REQUEST: OPTIONS http://localhost:8000/variables/?project_id=1
2026-01-30 19:14:48,371 - app.main - INFO - RESPONSE: OPTIONS http://localhost:8000/variables/?project_id=1 - Status: 200
2026-01-30 19:14:48,376 - app.main - INFO - REQUEST: GET http://localhost:8000/variables/?project_id=1
2026-01-30 19:14:48,377 - app.main - INFO - RESPONSE: GET http://localhost:8000/variables/?project_id=1 - Status: 307
2026-01-30 19:14:48,383 - app.main - INFO - REQUEST: OPTIONS http://localhost:8000/variables?project_id=1
2026-01-30 19:14:48,384 - app.main - INFO - RESPONSE: OPTIONS http://localhost:8000/variables?project_id=1 - Status: 200
2026-01-30 19:14:48,388 - app.main - INFO - REQUEST: GET http://localhost:8000/variables?project_id=1
2026-01-30 19:14:48,409 - app.main - INFO - RESPONSE: GET http://localhost:8000/variables?project_id=1 - Status: 200
2026-01-30 19:14:48,415 - app.main - INFO - REQUEST: OPTIONS http://localhost:8000/variables/?project_id=1&environment_id=1
2026-01-30 19:14:48,416 - app.main - INFO - RESPONSE: OPTIONS http://localhost:8000/variables/?project_id=1&environment_id=1 - Status: 200
2026-01-30 19:14:48,420 - app.main - INFO - REQUEST: GET http://localhost:8000/variables/?project_id=1&environment_id=1
2026-01-30 19:14:48,421 - app.main - INFO - RESPONSE: GET http://localhost:8000/variables/?project_id=1&environment_id=1 - Status: 307
2026-01-30 19:14:48,425 - app.main - INFO - REQUEST: OPTIONS http://localhost:8000/variables?project_id=1&environment_id=1
2026-01-30 19:14:48,426 - app.main - INFO - RESPONSE: OPTIONS http://localhost:8000/variables?project_id=1&environment_id=1 - Status: 200
2026-01-30 19:14:48,429 - app.main - INFO - REQUEST: GET http://localhost:8000/variables?project_id=1&environment_id=1
2026-01-30 19:14:48,442 - app.main - INFO - RESPONSE: GET http://localhost:8000/variables?project_id=1&environment_id=1 - Status: 200
2026-01-30 19:14:48,448 - app.main - INFO - REQUEST: OPTIONS http://localhost:8000/flow/load/1
2026-01-30 19:14:48,448 - app.main - INFO - RESPONSE: OPTIONS http://localhost:8000/flow/load/1 - Status: 200
2026-01-30 19:14:48,453 - app.main - INFO - REQUEST: GET http://localhost:8000/flow/load/1
2026-01-30 19:14:48,530 - app.main - INFO - RESPONSE: GET http://localhost:8000/flow/load/1 - Status: 200
2026-01-30 19:14:48,541 - app.main - INFO - REQUEST: GET http://localhost:8000/variables/?project_id=1&environment_id=1
2026-01-30 19:14:48,543 - app.main - INFO - RESPONSE: GET http://localhost:8000/variables/?project_id=1&environment_id=1 - Status: 307
2026-01-30 19:14:48,551 - app.main - INFO - REQUEST: GET http://localhost:8000/variables?project_id=1&environment_id=1
2026-01-30 19:14:48,559 - app.main - INFO - RESPONSE: GET http://localhost:8000/variables?project_id=1&environment_id=1 - Status: 200
2026-01-30 19:14:48,566 - app.main - INFO - REQUEST: POST http://localhost:8000/auth/login
2026-01-30 19:14:48,576 - app.routes.auth_routes - INFO - === LOGIN REQUEST ===
2026-01-30 19:14:48,577 - app.routes.auth_routes - INFO - Username attempt: mribelato@gmail.com
2026-01-30 19:14:48,743 - app.routes.auth_routes - INFO - Login successful for user: mribelato@gmail.com
2026-01-30 19:14:48,743 - app.routes.auth_routes - INFO - Access token generated for: mribelato@gmail.com
2026-01-30 19:14:48,746 - app.main - INFO - RESPONSE: POST http://localhost:8000/auth/login - Status: 200
2026-01-30 19:14:48,753 - app.main - INFO - REQUEST: OPTIONS http://localhost:8000/variables/2
2026-01-30 19:14:48,755 - app.main - INFO - RESPONSE: OPTIONS http://localhost:8000/variables/2 - Status: 200
2026-01-30 19:14:48,759 - app.main - INFO - REQUEST: PUT http://localhost:8000/variables/2
2026-01-30 19:14:48,781 - app.main - INFO - RESPONSE: PUT http://localhost:8000/variables/2 - Status: 200
2026-01-30 19:14:48,790 - app.main - INFO - REQUEST: OPTIONS http://localhost:8000/history/
2026-01-30 19:14:48,791 - app.main - INFO - RESPONSE: OPTIONS http://localhost:8000/history/ - Status: 200
2026-01-30 19:14:48,795 - app.main - INFO - REQUEST: POST http://localhost:8000/history/
2026-01-30 19:14:48,862 - app.main - INFO - RESPONSE: POST http://localhost:8000/history/ - Status: 201
2026-01-30 19:14:49,073 - app.main - INFO - REQUEST: GET http://localhost:8000/variables/?project_id=1&environment_id=1
2026-01-30 19:14:49,075 - app.main - INFO - RESPONSE: GET http://localhost:8000/variables/?project_id=1&environment_id=1 - Status: 307
2026-01-30 19:14:49,080 - app.main - INFO - REQUEST: GET http://localhost:8000/variables?project_id=1&environment_id=1
2026-01-30 19:14:49,088 - app.main - INFO - RESPONSE: GET http://localhost:8000/variables?project_id=1&environment_id=1 - Status: 200
2026-01-30 19:14:49,097 - app.main - INFO - REQUEST: GET http://localhost:8000/auth/profile
2026-01-30 19:14:49,108 - app.main - INFO - RESPONSE: GET http://localhost:8000/auth/profile - Status: 200
2026-01-30 19:14:49,116 - app.main - INFO - REQUEST: POST http://localhost:8000/history/
2026-01-30 19:14:49,145 - app.main - INFO - RESPONSE: POST http://localhost:8000/history/ - Status: 201
2026-01-30 19:14:49,364 - app.main - INFO - REQUEST: GET http://localhost:8000/variables/?project_id=1&environment_id=1
2026-01-30 19:14:49,367 - app.main - INFO - RESPONSE: GET http://localhost:8000/variables/?project_id=1&environment_id=1 - Status: 307
2026-01-30 19:14:49,380 - app.main - INFO - REQUEST: GET http://localhost:8000/variables?project_id=1&environment_id=1
2026-01-30 19:14:49,397 - app.main - INFO - RESPONSE: GET http://localhost:8000/variables?project_id=1&environment_id=1 - Status: 200
2026-01-30 19:14:49,411 - app.main - INFO - REQUEST: OPTIONS http://localhost:8000/auth/logout
2026-01-30 19:14:49,414 - app.main - INFO - RESPONSE: OPTIONS http://localhost:8000/auth/logout - Status: 200
2026-01-30 19:14:49,421 - app.main - INFO - REQUEST: POST http://localhost:8000/auth/logout
2026-01-30 19:14:49,464 - app.routes.auth_routes - INFO - Token 6f0a9060-9d8b-4b67-b3c9-7ccbc7fae569 blacklisted for user mribelato@gmail.com
2026-01-30 19:14:49,466 - app.main - INFO - RESPONSE: POST http://localhost:8000/auth/logout - Status: 200
2026-01-30 19:14:49,479 - app.main - INFO - REQUEST: POST http://localhost:8000/history/
2026-01-30 19:14:49,558 - app.main - INFO - RESPONSE: POST http://localhost:8000/history/ - Status: 201
2026-01-30 19:14:49,773 - app.main - INFO - REQUEST: GET http://localhost:8000/variables/?project_id=1&environment_id=1
2026-01-30 19:14:49,776 - app.main - INFO - RESPONSE: GET http://localhost:8000/variables/?project_id=1&environment_id=1 - Status: 307
2026-01-30 19:14:49,786 - app.main - INFO - REQUEST: GET http://localhost:8000/variables?project_id=1&environment_id=1
2026-01-30 19:14:49,802 - app.main - INFO - RESPONSE: GET http://localhost:8000/variables?project_id=1&environment_id=1 - Status: 200
2026-01-30 19:14:49,816 - app.main - INFO - REQUEST: GET http://localhost:8000/auth/profile
2026-01-30 19:14:49,832 - app.main - INFO - RESPONSE: GET http://localhost:8000/auth/profile - Status: 401
2026-01-30 19:14:49,847 - app.main - INFO - REQUEST: POST http://localhost:8000/history/
2026-01-30 19:14:49,899 - app.main - INFO - RESPONSE: POST http://localhost:8000/history/ - Status: 201
2026-01-30 19:14:51,168 - app.main - INFO - REQUEST: OPTIONS http://localhost:8000/history/?limit=1000&environment_id=1
2026-01-30 19:14:51,169 - app.main - INFO - REQUEST: OPTIONS http://localhost:8000/history/?limit=1000&environment_id=1
2026-01-30 19:14:51,169 - app.main - INFO - RESPONSE: OPTIONS http://localhost:8000/history/?limit=1000&environment_id=1 - Status: 200
2026-01-30 19:14:51,172 - app.main - INFO - RESPONSE: OPTIONS http://localhost:8000/history/?limit=1000&environment_id=1 - Status: 200
2026-01-30 19:14:51,173 - app.main - INFO - REQUEST: GET http://localhost:8000/history/?limit=1000&environment_id=1
2026-01-30 19:14:51,201 - app.main - INFO - RESPONSE: GET http://localhost:8000/history/?limit=1000&environment_id=1 - Status: 200
2026-01-30 19:14:51,204 - app.main - INFO - REQUEST: GET http://localhost:8000/history/?limit=1000&environment_id=1
2026-01-30 19:14:51,233 - app.main - INFO - RESPONSE: GET http://localhost:8000/history/?limit=1000&environment_id=1 - Status: 200
2026-01-30 19:14:57,420 - app.main - INFO - REQUEST: OPTIONS http://localhost:8000/products/1
2026-01-30 19:14:57,421 - app.main - INFO - REQUEST: OPTIONS http://localhost:8000/products/1
2026-01-30 19:14:57,422 - app.main - INFO - RESPONSE: OPTIONS http://localhost:8000/products/1 - Status: 200
2026-01-30 19:14:57,424 - app.main - INFO - RESPONSE: OPTIONS http://localhost:8000/products/1 - Status: 200
2026-01-30 19:14:57,427 - app.main - INFO - REQUEST: GET http://localhost:8000/products/1
2026-01-30 19:14:57,429 - app.main - INFO - REQUEST: GET http://localhost:8000/products/1
2026-01-30 19:14:57,440 - app.main - INFO - RESPONSE: GET http://localhost:8000/products/1 - Status: 200
2026-01-30 19:14:57,442 - app.main - INFO - RESPONSE: GET http://localhost:8000/products/1 - Status: 200
2026-01-30 19:14:57,453 - app.main - INFO - REQUEST: GET http://localhost:8000/features/?product_id=1
2026-01-30 19:14:57,470 - app.main - INFO - RESPONSE: GET http://localhost:8000/features/?product_id=1 - Status: 200
2026-01-30 19:14:57,474 - app.main - INFO - REQUEST: GET http://localhost:8000/features/?product_id=1
2026-01-30 19:14:57,479 - app.main - INFO - REQUEST: GET http://localhost:8000/environments?project_id=1
2026-01-30 19:14:57,498 - app.main - INFO - RESPONSE: GET http://localhost:8000/environments?project_id=1 - Status: 200
2026-01-30 19:14:57,498 - app.main - INFO - RESPONSE: GET http://localhost:8000/features/?product_id=1 - Status: 200
2026-01-30 19:14:57,516 - app.main - INFO - REQUEST: GET http://localhost:8000/environments?project_id=1
2026-01-30 19:14:57,520 - app.main - INFO - RESPONSE: GET http://localhost:8000/environments?project_id=1 - Status: 200
2026-01-30 19:15:00,402 - app.main - INFO - REQUEST: GET http://localhost:8000/auth/profile
2026-01-30 19:15:00,405 - app.main - INFO - REQUEST: GET http://localhost:8000/products/
2026-01-30 19:15:00,423 - app.main - INFO - RESPONSE: GET http://localhost:8000/auth/profile - Status: 200
2026-01-30 19:15:00,425 - app.main - INFO - RESPONSE: GET http://localhost:8000/products/ - Status: 200
2026-01-30 19:15:00,428 - app.main - INFO - REQUEST: GET http://localhost:8000/auth/profile
2026-01-30 19:15:00,433 - app.main - INFO - REQUEST: GET http://localhost:8000/products/
2026-01-30 19:15:00,447 - app.main - INFO - RESPONSE: GET http://localhost:8000/auth/profile - Status: 200
2026-01-30 19:15:00,453 - app.main - INFO - REQUEST: GET http://localhost:8000/auth/profile
2026-01-30 19:15:00,454 - app.main - INFO - RESPONSE: GET http://localhost:8000/products/ - Status: 200
2026-01-30 19:15:00,464 - app.main - INFO - RESPONSE: GET http://localhost:8000/auth/profile - Status: 200
2026-01-30 19:15:00,468 - app.main - INFO - REQUEST: GET http://localhost:8000/auth/profile
2026-01-30 19:15:00,475 - app.main - INFO - RESPONSE: GET http://localhost:8000/auth/profile - Status: 200
2026-01-30 19:15:01,840 - app.main - INFO - REQUEST: GET http://localhost:8000/auth/profile
2026-01-30 19:15:01,842 - app.main - INFO - REQUEST: GET http://localhost:8000/features/?product_id=1
2026-01-30 19:15:01,854 - app.main - INFO - RESPONSE: GET http://localhost:8000/auth/profile - Status: 200
2026-01-30 19:15:01,859 - app.main - INFO - REQUEST: GET http://localhost:8000/auth/profile
2026-01-30 19:15:01,863 - app.main - INFO - RESPONSE: GET http://localhost:8000/features/?product_id=1 - Status: 200
2026-01-30 19:15:01,867 - app.main - INFO - REQUEST: GET http://localhost:8000/features/?product_id=1
2026-01-30 19:15:01,874 - app.main - INFO - REQUEST: GET http://localhost:8000/environments?project_id=1
2026-01-30 19:15:01,878 - app.main - INFO - RESPONSE: GET http://localhost:8000/auth/profile - Status: 200
2026-01-30 19:15:01,888 - app.main - INFO - REQUEST: GET http://localhost:8000/auth/profile
2026-01-30 19:15:01,898 - app.main - INFO - RESPONSE: GET http://localhost:8000/features/?product_id=1 - Status: 200
2026-01-30 19:15:01,907 - app.main - INFO - RESPONSE: GET http://localhost:8000/auth/profile - Status: 200
2026-01-30 19:15:01,912 - app.main - INFO - REQUEST: GET http://localhost:8000/auth/profile
2026-01-30 19:15:01,926 - app.main - INFO - RESPONSE: GET http://localhost:8000/auth/profile - Status: 200
2026-01-30 19:15:02,031 - app.main - INFO - RESPONSE: GET http://localhost:8000/environments?project_id=1 - Status: 200
2026-01-30 19:15:02,036 - app.main - INFO - REQUEST: GET http://localhost:8000/environments?project_id=1
2026-01-30 19:15:02,042 - app.main - INFO - RESPONSE: GET http://localhost:8000/environments?project_id=1 - Status: 200
2026-01-30 19:15:02,893 - app.main - INFO - REQUEST: GET http://localhost:8000/auth/profile
2026-01-30 19:15:02,894 - app.main - INFO - REQUEST: GET http://localhost:8000/flow/load/1
2026-01-30 19:15:02,901 - app.main - INFO - RESPONSE: GET http://localhost:8000/auth/profile - Status: 200
2026-01-30 19:15:02,903 - app.main - INFO - REQUEST: GET http://localhost:8000/auth/profile
2026-01-30 19:15:02,910 - app.main - INFO - RESPONSE: GET http://localhost:8000/auth/profile - Status: 200
2026-01-30 19:15:02,912 - app.main - INFO - REQUEST: GET http://localhost:8000/auth/profile
2026-01-30 19:15:02,918 - app.main - INFO - RESPONSE: GET http://localhost:8000/auth/profile - Status: 200
2026-01-30 19:15:02,920 - app.main - INFO - REQUEST: GET http://localhost:8000/auth/profile
2026-01-30 19:15:02,925 - app.main - INFO - RESPONSE: GET http://localhost:8000/auth/profile - Status: 200
2026-01-30 19:15:02,939 - app.main - INFO - RESPONSE: GET http://localhost:8000/flow/load/1 - Status: 200
2026-01-30 19:15:02,943 - app.main - INFO - REQUEST: GET http://localhost:8000/flow/load/1
2026-01-30 19:15:02,956 - app.main - INFO - RESPONSE: GET http://localhost:8000/flow/load/1 - Status: 200
2026-01-30 19:15:04,840 - app.main - INFO - REQUEST: GET http://localhost:8000/environments?project_id=1
2026-01-30 19:15:04,847 - app.main - INFO - RESPONSE: GET http://localhost:8000/environments?project_id=1 - Status: 200
2026-01-30 19:15:06,243 - app.main - INFO - REQUEST: GET http://localhost:8000/variables/?project_id=1&environment_id=1
2026-01-30 19:15:06,246 - app.main - INFO - RESPONSE: GET http://localhost:8000/variables/?project_id=1&environment_id=1 - Status: 307
2026-01-30 19:15:06,253 - app.main - INFO - REQUEST: GET http://localhost:8000/variables?project_id=1&environment_id=1
2026-01-30 19:15:06,270 - app.main - INFO - RESPONSE: GET http://localhost:8000/variables?project_id=1&environment_id=1 - Status: 200
2026-01-30 19:15:06,788 - app.main - INFO - REQUEST: POST http://localhost:8000/auth/login
2026-01-30 19:15:06,799 - app.routes.auth_routes - INFO - === LOGIN REQUEST ===
2026-01-30 19:15:06,800 - app.routes.auth_routes - INFO - Username attempt: mribelato@gmail.com
2026-01-30 19:15:07,090 - app.routes.auth_routes - INFO - Login successful for user: mribelato@gmail.com
2026-01-30 19:15:07,090 - app.routes.auth_routes - INFO - Access token generated for: mribelato@gmail.com
2026-01-30 19:15:07,093 - app.main - INFO - RESPONSE: POST http://localhost:8000/auth/login - Status: 200
2026-01-30 19:15:07,104 - app.main - INFO - REQUEST: POST http://localhost:8000/history/
2026-01-30 19:15:07,148 - app.main - INFO - RESPONSE: POST http://localhost:8000/history/ - Status: 201
2026-01-30 19:15:07,155 - app.main - INFO - REQUEST: PUT http://localhost:8000/variables/2
2026-01-30 19:15:07,170 - app.main - INFO - RESPONSE: PUT http://localhost:8000/variables/2 - Status: 200
2026-01-30 19:15:07,689 - app.main - INFO - REQUEST: GET http://localhost:8000/auth/profile
2026-01-30 19:15:07,706 - app.main - INFO - RESPONSE: GET http://localhost:8000/auth/profile - Status: 200
2026-01-30 19:15:07,723 - app.main - INFO - REQUEST: POST http://localhost:8000/history/
2026-01-30 19:15:07,787 - app.main - INFO - RESPONSE: POST http://localhost:8000/history/ - Status: 201
2026-01-30 19:15:08,301 - app.main - INFO - REQUEST: POST http://localhost:8000/auth/logout
2026-01-30 19:15:08,331 - app.routes.auth_routes - INFO - Token 7693e630-14c4-4a80-99dd-3d13e154ce56 blacklisted for user mribelato@gmail.com
2026-01-30 19:15:08,333 - app.main - INFO - RESPONSE: POST http://localhost:8000/auth/logout - Status: 200
2026-01-30 19:15:08,344 - app.main - INFO - REQUEST: POST http://localhost:8000/history/
2026-01-30 19:15:08,395 - app.main - INFO - RESPONSE: POST http://localhost:8000/history/ - Status: 201
2026-01-30 19:15:08,920 - app.main - INFO - REQUEST: GET http://localhost:8000/auth/profile
2026-01-30 19:15:08,933 - app.main - INFO - RESPONSE: GET http://localhost:8000/auth/profile - Status: 401
2026-01-30 19:15:08,946 - app.main - INFO - REQUEST: POST http://localhost:8000/history/
2026-01-30 19:15:08,999 - app.main - INFO - RESPONSE: POST http://localhost:8000/history/ - Status: 201
2026-01-30 19:15:09,208 - app.main - INFO - REQUEST: GET http://localhost:8000/history/?limit=1000&environment_id=1
2026-01-30 19:15:09,260 - app.main - INFO - RESPONSE: GET http://localhost:8000/history/?limit=1000&environment_id=1 - Status: 200
2026-01-30 19:15:09,264 - app.main - INFO - REQUEST: GET http://localhost:8000/history/?limit=1000&environment_id=1
2026-01-30 19:15:09,290 - app.main - INFO - RESPONSE: GET http://localhost:8000/history/?limit=1000&environment_id=1 - Status: 200
2026-01-30 19:15:20,723 - app.main - INFO - REQUEST: GET http://localhost:8000/environments?project_id=1
2026-01-30 19:15:20,729 - app.main - INFO - RESPONSE: GET http://localhost:8000/environments?project_id=1 - Status: 200
2026-01-30 19:15:23,216 - app.main - INFO - REQUEST: GET http://localhost:8000/variables/?project_id=1&environment_id=1
2026-01-30 19:15:23,221 - app.main - INFO - RESPONSE: GET http://localhost:8000/variables/?project_id=1&environment_id=1 - Status: 307
2026-01-30 19:15:23,228 - app.main - INFO - REQUEST: GET http://localhost:8000/variables?project_id=1&environment_id=1
2026-01-30 19:15:23,237 - app.main - INFO - RESPONSE: GET http://localhost:8000/variables?project_id=1&environment_id=1 - Status: 200
2026-01-30 19:15:23,754 - app.main - INFO - REQUEST: POST http://localhost:8000/auth/login
2026-01-30 19:15:23,764 - app.routes.auth_routes - INFO - === LOGIN REQUEST ===
2026-01-30 19:15:23,765 - app.routes.auth_routes - INFO - Username attempt: mribelato@gmail.com
2026-01-30 19:15:24,025 - app.routes.auth_routes - INFO - Login successful for user: mribelato@gmail.com
2026-01-30 19:15:24,026 - app.routes.auth_routes - INFO - Access token generated for: mribelato@gmail.com
2026-01-30 19:15:24,028 - app.main - INFO - RESPONSE: POST http://localhost:8000/auth/login - Status: 200
2026-01-30 19:15:24,036 - app.main - INFO - REQUEST: POST http://localhost:8000/history/
2026-01-30 19:15:24,074 - app.main - INFO - RESPONSE: POST http://localhost:8000/history/ - Status: 201
2026-01-30 19:15:24,085 - app.main - INFO - REQUEST: PUT http://localhost:8000/variables/2
2026-01-30 19:15:24,106 - app.main - INFO - RESPONSE: PUT http://localhost:8000/variables/2 - Status: 200
2026-01-30 19:15:24,621 - app.main - INFO - REQUEST: GET http://localhost:8000/auth/profile
2026-01-30 19:15:24,629 - app.main - INFO - RESPONSE: GET http://localhost:8000/auth/profile - Status: 200
2026-01-30 19:15:24,636 - app.main - INFO - REQUEST: POST http://localhost:8000/history/
2026-01-30 19:15:24,662 - app.main - INFO - RESPONSE: POST http://localhost:8000/history/ - Status: 201
2026-01-30 19:15:25,174 - app.main - INFO - REQUEST: POST http://localhost:8000/auth/logout
2026-01-30 19:15:25,199 - app.routes.auth_routes - INFO - Token dbf4d490-25c2-441f-9702-9b39f926a3cd blacklisted for user mribelato@gmail.com
2026-01-30 19:15:25,203 - app.main - INFO - RESPONSE: POST http://localhost:8000/auth/logout - Status: 200
2026-01-30 19:15:25,213 - app.main - INFO - REQUEST: POST http://localhost:8000/history/
2026-01-30 19:15:25,264 - app.main - INFO - RESPONSE: POST http://localhost:8000/history/ - Status: 201
2026-01-30 19:15:25,787 - app.main - INFO - REQUEST: GET http://localhost:8000/auth/profile
2026-01-30 19:15:25,803 - app.main - INFO - RESPONSE: GET http://localhost:8000/auth/profile - Status: 401
2026-01-30 19:15:25,815 - app.main - INFO - REQUEST: POST http://localhost:8000/history/
2026-01-30 19:15:25,871 - app.main - INFO - RESPONSE: POST http://localhost:8000/history/ - Status: 201
2026-01-30 19:15:26,045 - app.main - INFO - REQUEST: GET http://localhost:8000/history/?limit=1000&environment_id=1
2026-01-30 19:15:26,092 - app.main - INFO - RESPONSE: GET http://localhost:8000/history/?limit=1000&environment_id=1 - Status: 200
2026-01-30 19:15:26,101 - app.main - INFO - REQUEST: GET http://localhost:8000/history/?limit=1000&environment_id=1
2026-01-30 19:15:26,134 - app.main - INFO - RESPONSE: GET http://localhost:8000/history/?limit=1000&environment_id=1 - Status: 200
2026-01-30 19:15:40,027 - app.main - INFO - REQUEST: OPTIONS http://localhost:8000/variables/?project_id=1&flow_id=1769785399628
2026-01-30 19:15:40,031 - app.main - INFO - REQUEST: OPTIONS http://localhost:8000/variables/?project_id=1&flow_id=1769785399628
2026-01-30 19:15:40,032 - app.main - INFO - REQUEST: GET http://localhost:8000/environments?project_id=1
2026-01-30 19:15:40,035 - app.main - INFO - RESPONSE: OPTIONS http://localhost:8000/variables/?project_id=1&flow_id=1769785399628 - Status: 200
2026-01-30 19:15:40,037 - app.main - INFO - RESPONSE: OPTIONS http://localhost:8000/variables/?project_id=1&flow_id=1769785399628 - Status: 200
2026-01-30 19:15:40,044 - app.main - INFO - REQUEST: OPTIONS http://localhost:8000/flow/save
2026-01-30 19:15:40,049 - app.main - INFO - REQUEST: GET http://localhost:8000/variables/?project_id=1&flow_id=1769785399628
2026-01-30 19:15:40,050 - app.main - INFO - RESPONSE: OPTIONS http://localhost:8000/flow/save - Status: 200
2026-01-30 19:15:40,057 - app.main - INFO - RESPONSE: GET http://localhost:8000/variables/?project_id=1&flow_id=1769785399628 - Status: 307
2026-01-30 19:15:40,065 - app.main - INFO - REQUEST: POST http://localhost:8000/flow/save
2026-01-30 19:15:40,072 - app.main - INFO - REQUEST: GET http://localhost:8000/variables/?project_id=1&flow_id=1769785399628
2026-01-30 19:15:40,077 - app.main - INFO - RESPONSE: GET http://localhost:8000/variables/?project_id=1&flow_id=1769785399628 - Status: 307
2026-01-30 19:15:40,085 - app.main - INFO - REQUEST: OPTIONS http://localhost:8000/variables?project_id=1&flow_id=1769785399628
2026-01-30 19:15:40,087 - app.main - INFO - RESPONSE: GET http://localhost:8000/environments?project_id=1 - Status: 200
2026-01-30 19:15:40,094 - app.main - INFO - RESPONSE: OPTIONS http://localhost:8000/variables?project_id=1&flow_id=1769785399628 - Status: 200
2026-01-30 19:15:40,102 - app.main - INFO - REQUEST: OPTIONS http://localhost:8000/variables?project_id=1&flow_id=1769785399628
2026-01-30 19:15:40,109 - app.main - INFO - REQUEST: GET http://localhost:8000/environments?project_id=1
2026-01-30 19:15:40,114 - app.main - INFO - RESPONSE: OPTIONS http://localhost:8000/variables?project_id=1&flow_id=1769785399628 - Status: 200
2026-01-30 19:15:40,127 - app.main - INFO - REQUEST: GET http://localhost:8000/variables?project_id=1&flow_id=1769785399628
2026-01-30 19:15:40,149 - app.main - INFO - RESPONSE: GET http://localhost:8000/variables?project_id=1&flow_id=1769785399628 - Status: 200
2026-01-30 19:15:40,151 - app.main - INFO - RESPONSE: GET http://localhost:8000/environments?project_id=1 - Status: 200
2026-01-30 19:15:40,156 - app.main - INFO - REQUEST: GET http://localhost:8000/variables/?project_id=1&flow_id=1769785399628
2026-01-30 19:15:40,161 - app.main - INFO - REQUEST: GET http://localhost:8000/variables?project_id=1&flow_id=1769785399628
2026-01-30 19:15:40,164 - app.main - INFO - RESPONSE: GET http://localhost:8000/variables/?project_id=1&flow_id=1769785399628 - Status: 307
2026-01-30 19:15:40,168 - app.main - INFO - REQUEST: GET http://localhost:8000/variables/?project_id=1&flow_id=1769785399628
2026-01-30 19:15:40,170 - app.main - INFO - RESPONSE: GET http://localhost:8000/variables/?project_id=1&flow_id=1769785399628 - Status: 307
2026-01-30 19:15:40,174 - app.main - INFO - RESPONSE: GET http://localhost:8000/variables?project_id=1&flow_id=1769785399628 - Status: 200
2026-01-30 19:15:40,189 - app.main - INFO - REQUEST: GET http://localhost:8000/variables?project_id=1&flow_id=1769785399628
2026-01-30 19:15:40,197 - app.main - INFO - RESPONSE: GET http://localhost:8000/variables?project_id=1&flow_id=1769785399628 - Status: 200
2026-01-30 19:15:40,200 - app.main - INFO - REQUEST: GET http://localhost:8000/variables?project_id=1&flow_id=1769785399628
2026-01-30 19:15:40,212 - app.main - INFO - REQUEST: OPTIONS http://localhost:8000/variables/?project_id=1&flow_id=1769785399628&environment_id=1
2026-01-30 19:15:40,215 - app.main - INFO - RESPONSE: OPTIONS http://localhost:8000/variables/?project_id=1&flow_id=1769785399628&environment_id=1 - Status: 200
2026-01-30 19:15:40,216 - app.main - INFO - RESPONSE: GET http://localhost:8000/variables?project_id=1&flow_id=1769785399628 - Status: 200
2026-01-30 19:15:40,219 - app.main - INFO - RESPONSE: POST http://localhost:8000/flow/save - Status: 200
2026-01-30 19:15:40,220 - app.main - INFO - REQUEST: GET http://localhost:8000/variables/?project_id=1&flow_id=1769785399628&environment_id=1
2026-01-30 19:15:40,222 - app.main - INFO - RESPONSE: GET http://localhost:8000/variables/?project_id=1&flow_id=1769785399628&environment_id=1 - Status: 307
2026-01-30 19:15:40,226 - app.main - INFO - REQUEST: GET http://localhost:8000/variables/?project_id=1&flow_id=1769785399628&environment_id=1
2026-01-30 19:15:40,226 - app.main - INFO - RESPONSE: GET http://localhost:8000/variables/?project_id=1&flow_id=1769785399628&environment_id=1 - Status: 307
2026-01-30 19:15:40,229 - app.main - INFO - REQUEST: OPTIONS http://localhost:8000/variables?project_id=1&flow_id=1769785399628&environment_id=1
2026-01-30 19:15:40,229 - app.main - INFO - RESPONSE: OPTIONS http://localhost:8000/variables?project_id=1&flow_id=1769785399628&environment_id=1 - Status: 200
2026-01-30 19:15:40,231 - app.main - INFO - REQUEST: GET http://localhost:8000/variables?project_id=1&flow_id=1769785399628&environment_id=1
2026-01-30 19:15:40,236 - app.main - INFO - RESPONSE: GET http://localhost:8000/variables?project_id=1&flow_id=1769785399628&environment_id=1 - Status: 200
2026-01-30 19:15:40,239 - app.main - INFO - REQUEST: GET http://localhost:8000/variables?project_id=1&flow_id=1769785399628&environment_id=1
2026-01-30 19:15:40,245 - app.main - INFO - RESPONSE: GET http://localhost:8000/variables?project_id=1&flow_id=1769785399628&environment_id=1 - Status: 200
2026-01-30 19:15:42,803 - app.main - INFO - REQUEST: OPTIONS http://localhost:8000/history/?flow_id=1769785399628&project_id=1&page=1&limit=50&sort_by=created_at&order=desc&_=1769811342796
2026-01-30 19:15:42,804 - app.main - INFO - REQUEST: OPTIONS http://localhost:8000/history/?flow_id=1769785399628&project_id=1&page=1&limit=50&sort_by=created_at&order=desc&_=1769811342798
2026-01-30 19:15:42,804 - app.main - INFO - RESPONSE: OPTIONS http://localhost:8000/history/?flow_id=1769785399628&project_id=1&page=1&limit=50&sort_by=created_at&order=desc&_=1769811342796 - Status: 200
2026-01-30 19:15:42,806 - app.main - INFO - RESPONSE: OPTIONS http://localhost:8000/history/?flow_id=1769785399628&project_id=1&page=1&limit=50&sort_by=created_at&order=desc&_=1769811342798 - Status: 200
2026-01-30 19:15:42,809 - app.main - INFO - REQUEST: GET http://localhost:8000/history/?flow_id=1769785399628&project_id=1&page=1&limit=50&sort_by=created_at&order=desc&_=1769811342796
2026-01-30 19:15:42,811 - app.main - INFO - REQUEST: GET http://localhost:8000/history/?flow_id=1769785399628&project_id=1&page=1&limit=50&sort_by=created_at&order=desc&_=1769811342798
2026-01-30 19:15:42,840 - app.main - INFO - RESPONSE: GET http://localhost:8000/history/?flow_id=1769785399628&project_id=1&page=1&limit=50&sort_by=created_at&order=desc&_=1769811342796 - Status: 200
2026-01-30 19:15:42,841 - app.main - INFO - RESPONSE: GET http://localhost:8000/history/?flow_id=1769785399628&project_id=1&page=1&limit=50&sort_by=created_at&order=desc&_=1769811342798 - Status: 200
2026-01-30 19:15:48,267 - app.main - INFO - REQUEST: OPTIONS http://localhost:8000/history/?flow_id=1769785399628&project_id=1&page=1&limit=50&sort_by=created_at&order=desc&_=1769811348263
2026-01-30 19:15:48,268 - app.main - INFO - REQUEST: OPTIONS http://localhost:8000/history/?flow_id=1769785399628&project_id=1&page=1&limit=50&sort_by=created_at&order=desc&_=1769811348264
2026-01-30 19:15:48,269 - app.main - INFO - RESPONSE: OPTIONS http://localhost:8000/history/?flow_id=1769785399628&project_id=1&page=1&limit=50&sort_by=created_at&order=desc&_=1769811348263 - Status: 200
2026-01-30 19:15:48,270 - app.main - INFO - RESPONSE: OPTIONS http://localhost:8000/history/?flow_id=1769785399628&project_id=1&page=1&limit=50&sort_by=created_at&order=desc&_=1769811348264 - Status: 200
2026-01-30 19:15:48,272 - app.main - INFO - REQUEST: GET http://localhost:8000/history/?flow_id=1769785399628&project_id=1&page=1&limit=50&sort_by=created_at&order=desc&_=1769811348263
2026-01-30 19:15:48,273 - app.main - INFO - REQUEST: GET http://localhost:8000/history/?flow_id=1769785399628&project_id=1&page=1&limit=50&sort_by=created_at&order=desc&_=1769811348264
2026-01-30 19:15:48,290 - app.main - INFO - RESPONSE: GET http://localhost:8000/history/?flow_id=1769785399628&project_id=1&page=1&limit=50&sort_by=created_at&order=desc&_=1769811348263 - Status: 200
2026-01-30 19:15:48,294 - app.main - INFO - RESPONSE: GET http://localhost:8000/history/?flow_id=1769785399628&project_id=1&page=1&limit=50&sort_by=created_at&order=desc&_=1769811348264 - Status: 200
2026-01-30 19:15:56,010 - app.main - INFO - REQUEST: GET http://localhost:8000/auth/profile
2026-01-30 19:15:56,020 - app.main - INFO - RESPONSE: GET http://localhost:8000/auth/profile - Status: 200
2026-01-30 19:15:56,024 - app.main - INFO - REQUEST: GET http://localhost:8000/flow/load/1
2026-01-30 19:15:56,046 - app.main - INFO - RESPONSE: GET http://localhost:8000/flow/load/1 - Status: 200
2026-01-30 19:15:56,051 - app.main - INFO - REQUEST: GET http://localhost:8000/auth/profile
2026-01-30 19:15:56,058 - app.main - INFO - RESPONSE: GET http://localhost:8000/auth/profile - Status: 200
2026-01-30 19:15:56,062 - app.main - INFO - REQUEST: GET http://localhost:8000/flow/load/1
2026-01-30 19:15:56,084 - app.main - INFO - RESPONSE: GET http://localhost:8000/flow/load/1 - Status: 200
2026-01-30 19:15:56,087 - app.main - INFO - REQUEST: GET http://localhost:8000/auth/profile
2026-01-30 19:15:56,094 - app.main - INFO - RESPONSE: GET http://localhost:8000/auth/profile - Status: 200
2026-01-30 19:15:56,098 - app.main - INFO - REQUEST: GET http://localhost:8000/auth/profile
2026-01-30 19:15:56,106 - app.main - INFO - RESPONSE: GET http://localhost:8000/auth/profile - Status: 200
2026-01-30 19:16:17,612 - app.main - INFO - REQUEST: OPTIONS http://localhost:8000/variables/?project_id=1&flow_id=1769785383208
2026-01-30 19:16:17,613 - app.main - INFO - REQUEST: GET http://localhost:8000/environments?project_id=1
2026-01-30 19:16:17,614 - app.main - INFO - REQUEST: OPTIONS http://localhost:8000/variables/?project_id=1&flow_id=1769785383208
2026-01-30 19:16:17,614 - app.main - INFO - RESPONSE: OPTIONS http://localhost:8000/variables/?project_id=1&flow_id=1769785383208 - Status: 200
2026-01-30 19:16:17,618 - app.main - INFO - RESPONSE: OPTIONS http://localhost:8000/variables/?project_id=1&flow_id=1769785383208 - Status: 200
2026-01-30 19:16:17,620 - app.main - INFO - REQUEST: GET http://localhost:8000/variables/?project_id=1&flow_id=1769785383208
2026-01-30 19:16:17,622 - app.main - INFO - RESPONSE: GET http://localhost:8000/variables/?project_id=1&flow_id=1769785383208 - Status: 307
2026-01-30 19:16:17,626 - app.main - INFO - REQUEST: GET http://localhost:8000/variables/?project_id=1&flow_id=1769785383208
2026-01-30 19:16:17,629 - app.main - INFO - RESPONSE: GET http://localhost:8000/variables/?project_id=1&flow_id=1769785383208 - Status: 307
2026-01-30 19:16:17,631 - app.main - INFO - REQUEST: OPTIONS http://localhost:8000/variables?project_id=1&flow_id=1769785383208
2026-01-30 19:16:17,633 - app.main - INFO - RESPONSE: OPTIONS http://localhost:8000/variables?project_id=1&flow_id=1769785383208 - Status: 200
2026-01-30 19:16:17,636 - app.main - INFO - REQUEST: OPTIONS http://localhost:8000/variables?project_id=1&flow_id=1769785383208
2026-01-30 19:16:17,638 - app.main - INFO - RESPONSE: GET http://localhost:8000/environments?project_id=1 - Status: 200
2026-01-30 19:16:17,639 - app.main - INFO - REQUEST: GET http://localhost:8000/variables?project_id=1&flow_id=1769785383208
2026-01-30 19:16:17,640 - app.main - INFO - RESPONSE: OPTIONS http://localhost:8000/variables?project_id=1&flow_id=1769785383208 - Status: 200
2026-01-30 19:16:17,643 - app.main - INFO - REQUEST: GET http://localhost:8000/environments?project_id=1
2026-01-30 19:16:17,656 - app.main - INFO - RESPONSE: GET http://localhost:8000/variables?project_id=1&flow_id=1769785383208 - Status: 200
2026-01-30 19:16:17,657 - app.main - INFO - RESPONSE: GET http://localhost:8000/environments?project_id=1 - Status: 200
2026-01-30 19:16:17,660 - app.main - INFO - REQUEST: GET http://localhost:8000/variables/?project_id=1&flow_id=1769785383208
2026-01-30 19:16:17,663 - app.main - INFO - REQUEST: GET http://localhost:8000/variables?project_id=1&flow_id=1769785383208
2026-01-30 19:16:17,664 - app.main - INFO - RESPONSE: GET http://localhost:8000/variables/?project_id=1&flow_id=1769785383208 - Status: 307
2026-01-30 19:16:17,671 - app.main - INFO - RESPONSE: GET http://localhost:8000/variables?project_id=1&flow_id=1769785383208 - Status: 200
2026-01-30 19:16:17,676 - app.main - INFO - REQUEST: GET http://localhost:8000/variables?project_id=1&flow_id=1769785383208
2026-01-30 19:16:17,681 - app.main - INFO - RESPONSE: GET http://localhost:8000/variables?project_id=1&flow_id=1769785383208 - Status: 200
2026-01-30 19:16:17,685 - app.main - INFO - REQUEST: GET http://localhost:8000/variables/?project_id=1&flow_id=1769785383208
2026-01-30 19:16:17,686 - app.main - INFO - REQUEST: OPTIONS http://localhost:8000/variables/?project_id=1&flow_id=1769785383208&environment_id=1
2026-01-30 19:16:17,687 - app.main - INFO - RESPONSE: GET http://localhost:8000/variables/?project_id=1&flow_id=1769785383208 - Status: 307
2026-01-30 19:16:17,688 - app.main - INFO - RESPONSE: OPTIONS http://localhost:8000/variables/?project_id=1&flow_id=1769785383208&environment_id=1 - Status: 200
2026-01-30 19:16:17,690 - app.main - INFO - REQUEST: GET http://localhost:8000/variables/?project_id=1&flow_id=1769785383208&environment_id=1
2026-01-30 19:16:17,691 - app.main - INFO - REQUEST: GET http://localhost:8000/variables?project_id=1&flow_id=1769785383208
2026-01-30 19:16:17,691 - app.main - INFO - RESPONSE: GET http://localhost:8000/variables/?project_id=1&flow_id=1769785383208&environment_id=1 - Status: 307
2026-01-30 19:16:17,694 - app.main - INFO - REQUEST: OPTIONS http://localhost:8000/variables?project_id=1&flow_id=1769785383208&environment_id=1
2026-01-30 19:16:17,696 - app.main - INFO - RESPONSE: OPTIONS http://localhost:8000/variables?project_id=1&flow_id=1769785383208&environment_id=1 - Status: 200
2026-01-30 19:16:17,698 - app.main - INFO - RESPONSE: GET http://localhost:8000/variables?project_id=1&flow_id=1769785383208 - Status: 200
2026-01-30 19:16:17,699 - app.main - INFO - REQUEST: GET http://localhost:8000/variables?project_id=1&flow_id=1769785383208&environment_id=1
2026-01-30 19:16:17,702 - app.main - INFO - REQUEST: GET http://localhost:8000/variables/?project_id=1&flow_id=1769785383208&environment_id=1
2026-01-30 19:16:17,703 - app.main - INFO - RESPONSE: GET http://localhost:8000/variables/?project_id=1&flow_id=1769785383208&environment_id=1 - Status: 307
2026-01-30 19:16:17,707 - app.main - INFO - RESPONSE: GET http://localhost:8000/variables?project_id=1&flow_id=1769785383208&environment_id=1 - Status: 200
2026-01-30 19:16:17,709 - app.main - INFO - REQUEST: GET http://localhost:8000/variables?project_id=1&flow_id=1769785383208&environment_id=1
2026-01-30 19:16:17,713 - app.main - INFO - RESPONSE: GET http://localhost:8000/variables?project_id=1&flow_id=1769785383208&environment_id=1 - Status: 200
2026-01-30 19:16:17,866 - app.main - INFO - REQUEST: POST http://localhost:8000/flow/save
2026-01-30 19:16:17,979 - app.main - INFO - RESPONSE: POST http://localhost:8000/flow/save - Status: 200
2026-01-30 19:16:19,244 - app.main - INFO - REQUEST: OPTIONS http://localhost:8000/history/?flow_id=1769785383208&project_id=1&page=1&limit=50&sort_by=created_at&order=desc&_=1769811379237
2026-01-30 19:16:19,246 - app.main - INFO - REQUEST: OPTIONS http://localhost:8000/history/?flow_id=1769785383208&project_id=1&page=1&limit=50&sort_by=created_at&order=desc&_=1769811379240
2026-01-30 19:16:19,247 - app.main - INFO - RESPONSE: OPTIONS http://localhost:8000/history/?flow_id=1769785383208&project_id=1&page=1&limit=50&sort_by=created_at&order=desc&_=1769811379237 - Status: 200
2026-01-30 19:16:19,250 - app.main - INFO - RESPONSE: OPTIONS http://localhost:8000/history/?flow_id=1769785383208&project_id=1&page=1&limit=50&sort_by=created_at&order=desc&_=1769811379240 - Status: 200
2026-01-30 19:16:19,254 - app.main - INFO - REQUEST: GET http://localhost:8000/history/?flow_id=1769785383208&project_id=1&page=1&limit=50&sort_by=created_at&order=desc&_=1769811379237
2026-01-30 19:16:19,257 - app.main - INFO - REQUEST: GET http://localhost:8000/history/?flow_id=1769785383208&project_id=1&page=1&limit=50&sort_by=created_at&order=desc&_=1769811379240
2026-01-30 19:16:19,290 - app.main - INFO - RESPONSE: GET http://localhost:8000/history/?flow_id=1769785383208&project_id=1&page=1&limit=50&sort_by=created_at&order=desc&_=1769811379240 - Status: 200
2026-01-30 19:16:19,293 - app.main - INFO - RESPONSE: GET http://localhost:8000/history/?flow_id=1769785383208&project_id=1&page=1&limit=50&sort_by=created_at&order=desc&_=1769811379237 - Status: 200
2026-01-30 19:16:21,805 - app.main - INFO - REQUEST: GET http://localhost:8000/auth/profile
2026-01-30 19:16:21,807 - app.main - INFO - REQUEST: GET http://localhost:8000/flow/load/1
2026-01-30 19:16:21,822 - app.main - INFO - RESPONSE: GET http://localhost:8000/auth/profile - Status: 200
2026-01-30 19:16:21,826 - app.main - INFO - REQUEST: GET http://localhost:8000/auth/profile
2026-01-30 19:16:21,844 - app.main - INFO - RESPONSE: GET http://localhost:8000/flow/load/1 - Status: 200
2026-01-30 19:16:21,847 - app.main - INFO - RESPONSE: GET http://localhost:8000/auth/profile - Status: 200
2026-01-30 19:16:21,852 - app.main - INFO - REQUEST: GET http://localhost:8000/flow/load/1
2026-01-30 19:16:21,854 - app.main - INFO - REQUEST: GET http://localhost:8000/auth/profile
2026-01-30 19:16:21,869 - app.main - INFO - RESPONSE: GET http://localhost:8000/auth/profile - Status: 200
2026-01-30 19:16:21,873 - app.main - INFO - REQUEST: GET http://localhost:8000/auth/profile
2026-01-30 19:16:21,892 - app.main - INFO - RESPONSE: GET http://localhost:8000/flow/load/1 - Status: 200
2026-01-30 19:16:21,897 - app.main - INFO - RESPONSE: GET http://localhost:8000/auth/profile - Status: 200
2026-01-30 19:16:22,663 - app.main - INFO - REQUEST: POST http://localhost:8000/flow/save
2026-01-30 19:16:22,719 - app.main - INFO - RESPONSE: POST http://localhost:8000/flow/save - Status: 200
2026-01-30 19:16:22,771 - app.main - INFO - REQUEST: POST http://localhost:8000/flow/save
2026-01-30 19:16:22,826 - app.main - INFO - RESPONSE: POST http://localhost:8000/flow/save - Status: 200
2026-01-30 19:17:16,570 - app.main - INFO - REQUEST: OPTIONS http://localhost:8000/schedules/
2026-01-30 19:17:16,575 - app.main - INFO - REQUEST: GET http://localhost:8000/auth/profile
2026-01-30 19:17:16,577 - app.main - INFO - REQUEST: GET http://localhost:8000/products/
2026-01-30 19:17:16,578 - app.main - INFO - REQUEST: OPTIONS http://localhost:8000/schedules/
2026-01-30 19:17:16,583 - app.main - INFO - RESPONSE: OPTIONS http://localhost:8000/schedules/ - Status: 200
2026-01-30 19:17:16,590 - app.main - INFO - RESPONSE: OPTIONS http://localhost:8000/schedules/ - Status: 200
2026-01-30 19:17:16,597 - app.main - INFO - REQUEST: GET http://localhost:8000/schedules/
2026-01-30 19:17:16,640 - app.main - INFO - RESPONSE: GET http://localhost:8000/auth/profile - Status: 200
2026-01-30 19:17:16,648 - app.main - INFO - REQUEST: GET http://localhost:8000/auth/profile
2026-01-30 19:17:16,651 - app.main - INFO - RESPONSE: GET http://localhost:8000/products/ - Status: 200
2026-01-30 19:17:16,657 - app.main - INFO - REQUEST: GET http://localhost:8000/products/
2026-01-30 19:17:16,666 - app.main - INFO - RESPONSE: GET http://localhost:8000/schedules/ - Status: 200
2026-01-30 19:17:16,671 - app.main - INFO - REQUEST: GET http://localhost:8000/schedules/
2026-01-30 19:17:16,674 - app.main - INFO - RESPONSE: GET http://localhost:8000/auth/profile - Status: 200
2026-01-30 19:17:16,679 - app.main - INFO - REQUEST: GET http://localhost:8000/auth/profile
2026-01-30 19:17:16,689 - app.main - INFO - RESPONSE: GET http://localhost:8000/products/ - Status: 200
2026-01-30 19:17:16,692 - app.main - INFO - RESPONSE: GET http://localhost:8000/schedules/ - Status: 200
2026-01-30 19:17:16,699 - app.main - INFO - RESPONSE: GET http://localhost:8000/auth/profile - Status: 200
2026-01-30 19:17:16,703 - app.main - INFO - REQUEST: GET http://localhost:8000/auth/profile
2026-01-30 19:17:16,711 - app.main - INFO - RESPONSE: GET http://localhost:8000/auth/profile - Status: 200
2026-01-30 19:17:30,869 - app.main - INFO - REQUEST: GET http://localhost:8000/features/?product_id=1
2026-01-30 19:17:30,886 - app.main - INFO - RESPONSE: GET http://localhost:8000/features/?product_id=1 - Status: 200
2026-01-30 19:17:36,651 - app.main - INFO - REQUEST: OPTIONS http://localhost:8000/schedules/
2026-01-30 19:17:36,654 - app.main - INFO - RESPONSE: OPTIONS http://localhost:8000/schedules/ - Status: 200
2026-01-30 19:17:36,659 - app.main - INFO - REQUEST: POST http://localhost:8000/schedules/
2026-01-30 19:17:36,708 - apscheduler.scheduler - INFO - Added job "execute_job" to job store "default"
2026-01-30 19:17:36,719 - app.main - INFO - RESPONSE: POST http://localhost:8000/schedules/ - Status: 200
2026-01-30 19:17:36,727 - app.main - INFO - REQUEST: GET http://localhost:8000/schedules/
2026-01-30 19:17:36,741 - app.main - INFO - RESPONSE: GET http://localhost:8000/schedules/ - Status: 200
2026-01-30 19:18:00,018 - apscheduler.executors.default - INFO - Running job "execute_job (trigger: cron[month='*', day='*', day_of_week='*', hour='19', minute='18'], next run at: 2026-01-31 19:18:00 -03)" (scheduled at 2026-01-30 19:18:00-03:00)
2026-01-30 19:18:00,019 - app.services.scheduler_service - INFO - Executing scheduled job: 6
2026-01-30 19:18:00,353 - app.services.scheduler_service - INFO - 🚀 Running Scheduled Suite (Product) 1 in Env None
2026-01-30 19:18:00,358 - app.services.scheduler_service - INFO -   📂 Processing Feature: Login (ID: 1)
2026-01-30 19:18:00,377 - app.services.scheduler_service - INFO -    ► Executing Flow: Fluxo Principal (ID: 1) - 4 cards
2026-01-30 19:18:00,377 - app.services.scheduler_service - INFO -       Running Node: Login (1 calls)
2026-01-30 19:18:00,426 - app.main - INFO - REQUEST: POST http://127.0.0.1:8000/auth/login
2026-01-30 19:18:00,431 - app.routes.auth_routes - INFO - === LOGIN REQUEST ===
2026-01-30 19:18:00,432 - app.routes.auth_routes - INFO - Username attempt: mribelato@gmail.com
2026-01-30 19:18:00,587 - app.routes.auth_routes - INFO - Login successful for user: mribelato@gmail.com
2026-01-30 19:18:00,588 - app.routes.auth_routes - INFO - Access token generated for: mribelato@gmail.com
2026-01-30 19:18:00,590 - app.main - INFO - RESPONSE: POST http://127.0.0.1:8000/auth/login - Status: 200
2026-01-30 19:18:00,594 - app.services.scheduler_service - INFO -       Evaluating 1 assertions...
2026-01-30 19:18:00,594 - app.services.scheduler_service - INFO -       Processing 1 extraction rules...
2026-01-30 19:18:00,595 - app.services.scheduler_service - INFO -       ✅ Extracted: TOKEN = eyJhbGciOiJIUzI1NiIsInR5cCI6IkpXVCJ9.eyJzdWIiOiJtcmliZWxhdG9AZ21haWwuY29tIiwidmVyc2lvbiI6MSwiZXhwIjoxNzY5ODk3ODgwLCJqdGkiOiIxNTM5NWM5My1kMjVhLTQwZjQtOTY0Ny02NzIyOTI0NTNkY2YifQ.e-gZKavKe7_u6WDVjCQggh7rx4ksmvPo5mRsHXsjksU
2026-01-30 19:18:00,595 - app.services.scheduler_service - INFO - 💾 Saving history for Schedule 6, User 1
2026-01-30 19:18:00,604 - app.services.scheduler_service - INFO -       -> POST http://127.0.0.1:8000/auth/login [200]
2026-01-30 19:18:00,605 - app.services.scheduler_service - INFO -       Running Node: Profile  (1 calls)
2026-01-30 19:18:00,609 - app.main - INFO - REQUEST: GET http://127.0.0.1:8000/auth/profile
2026-01-30 19:18:00,617 - app.main - INFO - RESPONSE: GET http://127.0.0.1:8000/auth/profile - Status: 200
2026-01-30 19:18:00,619 - app.services.scheduler_service - INFO -       Evaluating 1 assertions...
2026-01-30 19:18:00,622 - app.services.scheduler_service - INFO - 💾 Saving history for Schedule 6, User 1
2026-01-30 19:18:00,631 - app.services.scheduler_service - INFO -       -> GET http://127.0.0.1:8000/auth/profile [200]
2026-01-30 19:18:00,632 - app.services.scheduler_service - INFO -       Running Node: Logout (1 calls)
2026-01-30 19:18:00,636 - app.main - INFO - REQUEST: POST http://127.0.0.1:8000/auth/logout
2026-01-30 19:18:00,650 - app.routes.auth_routes - INFO - Token 15395c93-d25a-40f4-9647-672292453dcf blacklisted for user mribelato@gmail.com
2026-01-30 19:18:00,651 - app.main - INFO - RESPONSE: POST http://127.0.0.1:8000/auth/logout - Status: 200
2026-01-30 19:18:00,656 - app.services.scheduler_service - INFO - 💾 Saving history for Schedule 6, User 1
2026-01-30 19:18:00,663 - app.services.scheduler_service - INFO -       -> POST http://127.0.0.1:8000/auth/logout [200]
2026-01-30 19:18:00,664 - app.services.scheduler_service - INFO -       Running Node: Profile após logaout(Acesso Negado) (1 calls)
2026-01-30 19:18:00,666 - app.main - INFO - REQUEST: GET http://127.0.0.1:8000/auth/profile
2026-01-30 19:18:00,673 - app.main - INFO - RESPONSE: GET http://127.0.0.1:8000/auth/profile - Status: 401
2026-01-30 19:18:00,675 - app.services.scheduler_service - INFO -       Evaluating 1 assertions...
2026-01-30 19:18:00,678 - app.services.scheduler_service - INFO - 💾 Saving history for Schedule 6, User 1
2026-01-30 19:18:00,685 - app.services.scheduler_service - INFO -       -> GET http://127.0.0.1:8000/auth/profile [401]
2026-01-30 19:18:00,686 - app.services.scheduler_service - INFO - Suite execution completed. Success: 1, Fail: 0. Status: success
2026-01-30 19:18:00,693 - apscheduler.executors.default - INFO - Job "execute_job (trigger: cron[month='*', day='*', day_of_week='*', hour='19', minute='18'], next run at: 2026-01-31 19:18:00 -03)" executed successfully
2026-01-30 19:18:19,887 - app.main - INFO - REQUEST: OPTIONS http://localhost:8000/history/?schedule_id=6&limit=50
2026-01-30 19:18:19,888 - app.main - INFO - RESPONSE: OPTIONS http://localhost:8000/history/?schedule_id=6&limit=50 - Status: 200
2026-01-30 19:18:19,892 - app.main - INFO - REQUEST: GET http://localhost:8000/history/?schedule_id=6&limit=50
2026-01-30 19:18:19,919 - app.main - INFO - RESPONSE: GET http://localhost:8000/history/?schedule_id=6&limit=50 - Status: 200
2026-01-30 19:18:19,964 - app.main - INFO - REQUEST: OPTIONS http://localhost:8000/history/?limit=1000
2026-01-30 19:18:19,965 - app.main - INFO - RESPONSE: OPTIONS http://localhost:8000/history/?limit=1000 - Status: 200
2026-01-30 19:18:19,967 - app.main - INFO - REQUEST: OPTIONS http://localhost:8000/history/?limit=1000
2026-01-30 19:18:19,968 - app.main - INFO - RESPONSE: OPTIONS http://localhost:8000/history/?limit=1000 - Status: 200
2026-01-30 19:18:19,971 - app.main - INFO - REQUEST: GET http://localhost:8000/history/?limit=1000
2026-01-30 19:18:20,022 - app.main - INFO - RESPONSE: GET http://localhost:8000/history/?limit=1000 - Status: 200
2026-01-30 19:18:20,026 - app.main - INFO - REQUEST: GET http://localhost:8000/history/?limit=1000
2026-01-30 19:18:20,060 - app.main - INFO - RESPONSE: GET http://localhost:8000/history/?limit=1000 - Status: 200
2026-01-30 19:18:43,887 - app.main - INFO - REQUEST: GET http://localhost:8000/auth/profile
2026-01-30 19:18:43,889 - app.main - INFO - REQUEST: GET http://localhost:8000/products/
2026-01-30 19:18:43,902 - app.main - INFO - RESPONSE: GET http://localhost:8000/auth/profile - Status: 200
2026-01-30 19:18:43,908 - app.main - INFO - REQUEST: GET http://localhost:8000/auth/profile
2026-01-30 19:18:43,912 - app.main - INFO - RESPONSE: GET http://localhost:8000/products/ - Status: 200
2026-01-30 19:18:43,916 - app.main - INFO - REQUEST: GET http://localhost:8000/products/
2026-01-30 19:18:43,927 - app.main - INFO - RESPONSE: GET http://localhost:8000/auth/profile - Status: 200
2026-01-30 19:18:43,932 - app.main - INFO - REQUEST: GET http://localhost:8000/auth/profile
2026-01-30 19:18:43,937 - app.main - INFO - RESPONSE: GET http://localhost:8000/products/ - Status: 200
2026-01-30 19:18:43,944 - app.main - INFO - RESPONSE: GET http://localhost:8000/auth/profile - Status: 200
2026-01-30 19:18:43,949 - app.main - INFO - REQUEST: GET http://localhost:8000/auth/profile
2026-01-30 19:18:43,959 - app.main - INFO - RESPONSE: GET http://localhost:8000/auth/profile - Status: 200
2026-01-30 19:18:45,482 - app.main - INFO - REQUEST: GET http://localhost:8000/auth/profile
2026-01-30 19:18:45,483 - app.main - INFO - REQUEST: GET http://localhost:8000/features/?product_id=1
2026-01-30 19:18:45,496 - app.main - INFO - RESPONSE: GET http://localhost:8000/auth/profile - Status: 200
2026-01-30 19:18:45,497 - app.main - INFO - RESPONSE: GET http://localhost:8000/features/?product_id=1 - Status: 200
2026-01-30 19:18:45,499 - app.main - INFO - REQUEST: GET http://localhost:8000/auth/profile
2026-01-30 19:18:45,501 - app.main - INFO - REQUEST: GET http://localhost:8000/features/?product_id=1
2026-01-30 19:18:45,511 - app.main - INFO - RESPONSE: GET http://localhost:8000/auth/profile - Status: 200
2026-01-30 19:18:45,512 - app.main - INFO - RESPONSE: GET http://localhost:8000/features/?product_id=1 - Status: 200
2026-01-30 19:18:45,515 - app.main - INFO - REQUEST: GET http://localhost:8000/environments?project_id=1
2026-01-30 19:18:45,516 - app.main - INFO - REQUEST: GET http://localhost:8000/auth/profile
2026-01-30 19:18:45,522 - app.main - INFO - RESPONSE: GET http://localhost:8000/environments?project_id=1 - Status: 200
2026-01-30 19:18:45,523 - app.main - INFO - RESPONSE: GET http://localhost:8000/auth/profile - Status: 200
2026-01-30 19:18:45,525 - app.main - INFO - REQUEST: GET http://localhost:8000/environments?project_id=1
2026-01-30 19:18:45,527 - app.main - INFO - REQUEST: GET http://localhost:8000/auth/profile
2026-01-30 19:18:45,533 - app.main - INFO - RESPONSE: GET http://localhost:8000/environments?project_id=1 - Status: 200
2026-01-30 19:18:45,533 - app.main - INFO - RESPONSE: GET http://localhost:8000/auth/profile - Status: 200
2026-01-30 19:18:55,068 - app.main - INFO - REQUEST: OPTIONS http://localhost:8000/features/
2026-01-30 19:18:55,069 - app.main - INFO - RESPONSE: OPTIONS http://localhost:8000/features/ - Status: 200
2026-01-30 19:18:55,072 - app.main - INFO - REQUEST: POST http://localhost:8000/features/
2026-01-30 19:18:55,100 - app.main - INFO - RESPONSE: POST http://localhost:8000/features/ - Status: 200
2026-01-30 19:19:00,207 - app.main - INFO - REQUEST: OPTIONS http://localhost:8000/flow/load/2
2026-01-30 19:19:00,208 - app.main - INFO - RESPONSE: OPTIONS http://localhost:8000/flow/load/2 - Status: 200
2026-01-30 19:19:00,210 - app.main - INFO - REQUEST: OPTIONS http://localhost:8000/flow/load/2
2026-01-30 19:19:00,211 - app.main - INFO - RESPONSE: OPTIONS http://localhost:8000/flow/load/2 - Status: 200
2026-01-30 19:19:00,213 - app.main - INFO - REQUEST: GET http://localhost:8000/auth/profile
2026-01-30 19:19:00,220 - app.main - INFO - RESPONSE: GET http://localhost:8000/auth/profile - Status: 200
2026-01-30 19:19:00,223 - app.main - INFO - REQUEST: GET http://localhost:8000/flow/load/2
2026-01-30 19:19:00,232 - app.main - INFO - RESPONSE: GET http://localhost:8000/flow/load/2 - Status: 200
2026-01-30 19:19:00,235 - app.main - INFO - REQUEST: GET http://localhost:8000/auth/profile
2026-01-30 19:19:00,240 - app.main - INFO - RESPONSE: GET http://localhost:8000/auth/profile - Status: 200
2026-01-30 19:19:00,242 - app.main - INFO - REQUEST: GET http://localhost:8000/flow/load/2
2026-01-30 19:19:00,250 - app.main - INFO - RESPONSE: GET http://localhost:8000/flow/load/2 - Status: 200
2026-01-30 19:19:00,252 - app.main - INFO - REQUEST: GET http://localhost:8000/auth/profile
2026-01-30 19:19:00,256 - app.main - INFO - RESPONSE: GET http://localhost:8000/auth/profile - Status: 200
2026-01-30 19:19:00,259 - app.main - INFO - REQUEST: GET http://localhost:8000/auth/profile
2026-01-30 19:19:00,264 - app.main - INFO - RESPONSE: GET http://localhost:8000/auth/profile - Status: 200
2026-01-30 19:19:02,034 - app.main - INFO - REQUEST: OPTIONS http://localhost:8000/variables/?project_id=1&flow_id=2
2026-01-30 19:19:02,036 - app.main - INFO - REQUEST: GET http://localhost:8000/environments?project_id=1
2026-01-30 19:19:02,038 - app.main - INFO - REQUEST: OPTIONS http://localhost:8000/variables/?project_id=1&flow_id=2
2026-01-30 19:19:02,039 - app.main - INFO - RESPONSE: OPTIONS http://localhost:8000/variables/?project_id=1&flow_id=2 - Status: 200
2026-01-30 19:19:02,042 - app.main - INFO - RESPONSE: OPTIONS http://localhost:8000/variables/?project_id=1&flow_id=2 - Status: 200
2026-01-30 19:19:02,046 - app.main - INFO - REQUEST: GET http://localhost:8000/variables/?project_id=1&flow_id=2
2026-01-30 19:19:02,050 - app.main - INFO - RESPONSE: GET http://localhost:8000/variables/?project_id=1&flow_id=2 - Status: 307
2026-01-30 19:19:02,053 - app.main - INFO - REQUEST: GET http://localhost:8000/variables/?project_id=1&flow_id=2
2026-01-30 19:19:02,055 - app.main - INFO - REQUEST: OPTIONS http://localhost:8000/variables?project_id=1&flow_id=2
2026-01-30 19:19:02,056 - app.main - INFO - RESPONSE: GET http://localhost:8000/variables/?project_id=1&flow_id=2 - Status: 307
2026-01-30 19:19:02,058 - app.main - INFO - RESPONSE: OPTIONS http://localhost:8000/variables?project_id=1&flow_id=2 - Status: 200
2026-01-30 19:19:02,061 - app.main - INFO - RESPONSE: GET http://localhost:8000/environments?project_id=1 - Status: 200
2026-01-30 19:19:02,062 - app.main - INFO - REQUEST: OPTIONS http://localhost:8000/variables?project_id=1&flow_id=2
2026-01-30 19:19:02,063 - app.main - INFO - RESPONSE: OPTIONS http://localhost:8000/variables?project_id=1&flow_id=2 - Status: 200
2026-01-30 19:19:02,067 - app.main - INFO - REQUEST: GET http://localhost:8000/variables?project_id=1&flow_id=2
2026-01-30 19:19:02,069 - app.main - INFO - REQUEST: GET http://localhost:8000/environments?project_id=1
2026-01-30 19:19:02,080 - app.main - INFO - RESPONSE: GET http://localhost:8000/environments?project_id=1 - Status: 200
2026-01-30 19:19:02,081 - app.main - INFO - RESPONSE: GET http://localhost:8000/variables?project_id=1&flow_id=2 - Status: 200
2026-01-30 19:19:02,082 - app.main - INFO - REQUEST: GET http://localhost:8000/variables/?project_id=1&flow_id=2
2026-01-30 19:19:02,086 - app.main - INFO - RESPONSE: GET http://localhost:8000/variables/?project_id=1&flow_id=2 - Status: 307
2026-01-30 19:19:02,087 - app.main - INFO - REQUEST: GET http://localhost:8000/variables?project_id=1&flow_id=2
2026-01-30 19:19:02,096 - app.main - INFO - RESPONSE: GET http://localhost:8000/variables?project_id=1&flow_id=2 - Status: 200
2026-01-30 19:19:02,104 - app.main - INFO - REQUEST: GET http://localhost:8000/variables?project_id=1&flow_id=2
2026-01-30 19:19:02,110 - app.main - INFO - RESPONSE: GET http://localhost:8000/variables?project_id=1&flow_id=2 - Status: 200
2026-01-30 19:19:02,116 - app.main - INFO - REQUEST: GET http://localhost:8000/variables/?project_id=1&flow_id=2
2026-01-30 19:19:02,118 - app.main - INFO - REQUEST: OPTIONS http://localhost:8000/variables/?project_id=1&flow_id=2&environment_id=1
2026-01-30 19:19:02,118 - app.main - INFO - RESPONSE: GET http://localhost:8000/variables/?project_id=1&flow_id=2 - Status: 307
2026-01-30 19:19:02,120 - app.main - INFO - RESPONSE: OPTIONS http://localhost:8000/variables/?project_id=1&flow_id=2&environment_id=1 - Status: 200
2026-01-30 19:19:02,125 - app.main - INFO - REQUEST: GET http://localhost:8000/variables?project_id=1&flow_id=2
2026-01-30 19:19:02,127 - app.main - INFO - REQUEST: GET http://localhost:8000/variables/?project_id=1&flow_id=2&environment_id=1
2026-01-30 19:19:02,129 - app.main - INFO - RESPONSE: GET http://localhost:8000/variables/?project_id=1&flow_id=2&environment_id=1 - Status: 307
2026-01-30 19:19:02,135 - app.main - INFO - REQUEST: OPTIONS http://localhost:8000/variables?project_id=1&flow_id=2&environment_id=1
2026-01-30 19:19:02,136 - app.main - INFO - RESPONSE: OPTIONS http://localhost:8000/variables?project_id=1&flow_id=2&environment_id=1 - Status: 200
2026-01-30 19:19:02,140 - app.main - INFO - REQUEST: GET http://localhost:8000/variables?project_id=1&flow_id=2&environment_id=1
2026-01-30 19:19:02,147 - app.main - INFO - RESPONSE: GET http://localhost:8000/variables?project_id=1&flow_id=2 - Status: 200
2026-01-30 19:19:02,152 - app.main - INFO - RESPONSE: GET http://localhost:8000/variables?project_id=1&flow_id=2&environment_id=1 - Status: 200
2026-01-30 19:19:02,155 - app.main - INFO - REQUEST: GET http://localhost:8000/variables/?project_id=1&flow_id=2&environment_id=1
2026-01-30 19:19:02,157 - app.main - INFO - RESPONSE: GET http://localhost:8000/variables/?project_id=1&flow_id=2&environment_id=1 - Status: 307
2026-01-30 19:19:02,169 - app.main - INFO - REQUEST: GET http://localhost:8000/variables?project_id=1&flow_id=2&environment_id=1
2026-01-30 19:19:02,176 - app.main - INFO - RESPONSE: GET http://localhost:8000/variables?project_id=1&flow_id=2&environment_id=1 - Status: 200
2026-01-30 19:19:02,301 - app.main - INFO - REQUEST: POST http://localhost:8000/flow/save
2026-01-30 19:19:02,338 - app.main - INFO - RESPONSE: POST http://localhost:8000/flow/save - Status: 200
2026-01-30 19:19:04,413 - app.main - INFO - REQUEST: OPTIONS http://localhost:8000/history/?flow_id=2&project_id=1&page=1&limit=50&sort_by=created_at&order=desc&_=1769811544409
2026-01-30 19:19:04,414 - app.main - INFO - REQUEST: OPTIONS http://localhost:8000/history/?flow_id=2&project_id=1&page=1&limit=50&sort_by=created_at&order=desc&_=1769811544410
2026-01-30 19:19:04,415 - app.main - INFO - RESPONSE: OPTIONS http://localhost:8000/history/?flow_id=2&project_id=1&page=1&limit=50&sort_by=created_at&order=desc&_=1769811544409 - Status: 200
2026-01-30 19:19:04,416 - app.main - INFO - RESPONSE: OPTIONS http://localhost:8000/history/?flow_id=2&project_id=1&page=1&limit=50&sort_by=created_at&order=desc&_=1769811544410 - Status: 200
2026-01-30 19:19:04,418 - app.main - INFO - REQUEST: GET http://localhost:8000/history/?flow_id=2&project_id=1&page=1&limit=50&sort_by=created_at&order=desc&_=1769811544409
2026-01-30 19:19:04,419 - app.main - INFO - REQUEST: GET http://localhost:8000/history/?flow_id=2&project_id=1&page=1&limit=50&sort_by=created_at&order=desc&_=1769811544410
2026-01-30 19:19:04,434 - app.main - INFO - RESPONSE: GET http://localhost:8000/history/?flow_id=2&project_id=1&page=1&limit=50&sort_by=created_at&order=desc&_=1769811544409 - Status: 200
2026-01-30 19:19:04,435 - app.main - INFO - RESPONSE: GET http://localhost:8000/history/?flow_id=2&project_id=1&page=1&limit=50&sort_by=created_at&order=desc&_=1769811544410 - Status: 200
2026-01-30 19:19:28,368 - app.main - INFO - REQUEST: GET http://localhost:8000/products/?skip=0&limit=100
2026-01-30 19:19:28,372 - app.main - INFO - RESPONSE: GET http://localhost:8000/products/?skip=0&limit=100 - Status: 401
2026-01-30 19:19:53,309 - app.main - INFO - REQUEST: GET http://localhost:8000/flow/load/2
2026-01-30 19:19:53,324 - app.main - INFO - RESPONSE: GET http://localhost:8000/flow/load/2 - Status: 200
2026-01-30 19:19:53,336 - app.main - INFO - REQUEST: POST http://localhost:8000/flow/save
2026-01-30 19:19:53,358 - app.main - INFO - RESPONSE: POST http://localhost:8000/flow/save - Status: 200
2026-01-30 19:20:18,324 - app.main - INFO - REQUEST: GET http://localhost:8000/flow/load/2
2026-01-30 19:20:18,388 - app.main - INFO - RESPONSE: GET http://localhost:8000/flow/load/2 - Status: 200
2026-01-30 19:20:18,407 - app.main - INFO - REQUEST: POST http://localhost:8000/flow/save
2026-01-30 19:20:18,463 - app.main - INFO - RESPONSE: POST http://localhost:8000/flow/save - Status: 200
2026-01-30 19:20:22,748 - app.main - INFO - REQUEST: GET http://localhost:8000/auth/profile
2026-01-30 19:20:22,749 - app.main - INFO - REQUEST: GET http://localhost:8000/flow/load/2
2026-01-30 19:20:22,758 - app.main - INFO - RESPONSE: GET http://localhost:8000/auth/profile - Status: 200
2026-01-30 19:20:22,762 - app.main - INFO - REQUEST: GET http://localhost:8000/auth/profile
2026-01-30 19:20:22,769 - app.main - INFO - RESPONSE: GET http://localhost:8000/flow/load/2 - Status: 200
2026-01-30 19:20:22,771 - app.main - INFO - RESPONSE: GET http://localhost:8000/auth/profile - Status: 200
2026-01-30 19:20:22,773 - app.main - INFO - REQUEST: GET http://localhost:8000/flow/load/2
2026-01-30 19:20:22,774 - app.main - INFO - REQUEST: GET http://localhost:8000/auth/profile
2026-01-30 19:20:22,781 - app.main - INFO - RESPONSE: GET http://localhost:8000/auth/profile - Status: 200
2026-01-30 19:20:22,785 - app.main - INFO - REQUEST: GET http://localhost:8000/auth/profile
2026-01-30 19:20:22,791 - app.main - INFO - RESPONSE: GET http://localhost:8000/flow/load/2 - Status: 200
2026-01-30 19:20:22,793 - app.main - INFO - RESPONSE: GET http://localhost:8000/auth/profile - Status: 200
2026-01-30 19:20:23,585 - app.main - INFO - REQUEST: POST http://localhost:8000/flow/save
2026-01-30 19:20:23,611 - app.main - INFO - RESPONSE: POST http://localhost:8000/flow/save - Status: 200
2026-01-30 19:20:23,631 - app.main - INFO - REQUEST: POST http://localhost:8000/flow/save
2026-01-30 19:20:23,667 - app.main - INFO - RESPONSE: POST http://localhost:8000/flow/save - Status: 200
2026-01-30 19:20:26,244 - app.main - INFO - REQUEST: GET http://localhost:8000/auth/profile
2026-01-30 19:20:26,245 - app.main - INFO - REQUEST: GET http://localhost:8000/products/
2026-01-30 19:20:26,258 - app.main - INFO - RESPONSE: GET http://localhost:8000/auth/profile - Status: 200
2026-01-30 19:20:26,262 - app.main - INFO - REQUEST: GET http://localhost:8000/auth/profile
2026-01-30 19:20:26,264 - app.main - INFO - RESPONSE: GET http://localhost:8000/products/ - Status: 200
2026-01-30 19:20:26,270 - app.main - INFO - REQUEST: GET http://localhost:8000/products/
2026-01-30 19:20:26,280 - app.main - INFO - RESPONSE: GET http://localhost:8000/auth/profile - Status: 200
2026-01-30 19:20:26,285 - app.main - INFO - REQUEST: GET http://localhost:8000/auth/profile
2026-01-30 19:20:26,288 - app.main - INFO - RESPONSE: GET http://localhost:8000/products/ - Status: 200
2026-01-30 19:20:26,295 - app.main - INFO - RESPONSE: GET http://localhost:8000/auth/profile - Status: 200
2026-01-30 19:20:26,299 - app.main - INFO - REQUEST: GET http://localhost:8000/auth/profile
2026-01-30 19:20:26,305 - app.main - INFO - RESPONSE: GET http://localhost:8000/auth/profile - Status: 200
2026-01-30 19:20:27,894 - app.main - INFO - REQUEST: GET http://localhost:8000/auth/profile
2026-01-30 19:20:27,896 - app.main - INFO - REQUEST: GET http://localhost:8000/features/?product_id=1
2026-01-30 19:20:27,911 - app.main - INFO - RESPONSE: GET http://localhost:8000/auth/profile - Status: 200
2026-01-30 19:20:27,919 - app.main - INFO - REQUEST: GET http://localhost:8000/auth/profile
2026-01-30 19:20:27,920 - app.main - INFO - RESPONSE: GET http://localhost:8000/features/?product_id=1 - Status: 200
2026-01-30 19:20:27,925 - app.main - INFO - REQUEST: GET http://localhost:8000/features/?product_id=1
2026-01-30 19:20:27,932 - app.main - INFO - REQUEST: GET http://localhost:8000/environments?project_id=1
2026-01-30 19:20:27,937 - app.main - INFO - RESPONSE: GET http://localhost:8000/auth/profile - Status: 200
2026-01-30 19:20:27,944 - app.main - INFO - REQUEST: GET http://localhost:8000/auth/profile
2026-01-30 19:20:27,951 - app.main - INFO - RESPONSE: GET http://localhost:8000/environments?project_id=1 - Status: 200
2026-01-30 19:20:27,961 - app.main - INFO - RESPONSE: GET http://localhost:8000/features/?product_id=1 - Status: 200
2026-01-30 19:20:27,965 - app.main - INFO - RESPONSE: GET http://localhost:8000/auth/profile - Status: 200
2026-01-30 19:20:27,969 - app.main - INFO - REQUEST: GET http://localhost:8000/auth/profile
2026-01-30 19:20:27,979 - app.main - INFO - RESPONSE: GET http://localhost:8000/auth/profile - Status: 200
2026-01-30 19:20:27,996 - app.main - INFO - REQUEST: GET http://localhost:8000/environments?project_id=1
2026-01-30 19:20:28,003 - app.main - INFO - RESPONSE: GET http://localhost:8000/environments?project_id=1 - Status: 200
2026-01-30 19:20:34,410 - app.main - INFO - REQUEST: GET http://localhost:8000/auth/profile
2026-01-30 19:20:34,416 - app.main - INFO - RESPONSE: GET http://localhost:8000/auth/profile - Status: 200
2026-01-30 19:20:34,419 - app.main - INFO - REQUEST: GET http://localhost:8000/products/
2026-01-30 19:20:34,427 - app.main - INFO - RESPONSE: GET http://localhost:8000/products/ - Status: 200
2026-01-30 19:20:34,430 - app.main - INFO - REQUEST: GET http://localhost:8000/auth/profile
2026-01-30 19:20:34,435 - app.main - INFO - RESPONSE: GET http://localhost:8000/auth/profile - Status: 200
2026-01-30 19:20:34,438 - app.main - INFO - REQUEST: GET http://localhost:8000/products/
2026-01-30 19:20:34,446 - app.main - INFO - RESPONSE: GET http://localhost:8000/products/ - Status: 200
2026-01-30 19:20:34,449 - app.main - INFO - REQUEST: GET http://localhost:8000/auth/profile
2026-01-30 19:20:34,454 - app.main - INFO - RESPONSE: GET http://localhost:8000/auth/profile - Status: 200
2026-01-30 19:20:34,456 - app.main - INFO - REQUEST: GET http://localhost:8000/auth/profile
2026-01-30 19:20:34,462 - app.main - INFO - RESPONSE: GET http://localhost:8000/auth/profile - Status: 200
2026-01-30 19:20:36,003 - app.main - INFO - REQUEST: GET http://localhost:8000/auth/profile
2026-01-30 19:20:36,004 - app.main - INFO - REQUEST: GET http://localhost:8000/features/?product_id=1
2026-01-30 19:20:36,019 - app.main - INFO - RESPONSE: GET http://localhost:8000/auth/profile - Status: 200
2026-01-30 19:20:36,023 - app.main - INFO - RESPONSE: GET http://localhost:8000/features/?product_id=1 - Status: 200
2026-01-30 19:20:36,025 - app.main - INFO - REQUEST: GET http://localhost:8000/auth/profile
2026-01-30 19:20:36,028 - app.main - INFO - REQUEST: GET http://localhost:8000/features/?product_id=1
2026-01-30 19:20:36,038 - app.main - INFO - REQUEST: GET http://localhost:8000/environments?project_id=1
2026-01-30 19:20:36,046 - app.main - INFO - RESPONSE: GET http://localhost:8000/auth/profile - Status: 200
2026-01-30 19:20:36,050 - app.main - INFO - REQUEST: GET http://localhost:8000/auth/profile
2026-01-30 19:20:36,055 - app.main - INFO - RESPONSE: GET http://localhost:8000/environments?project_id=1 - Status: 200
2026-01-30 19:20:36,060 - app.main - INFO - RESPONSE: GET http://localhost:8000/features/?product_id=1 - Status: 200
2026-01-30 19:20:36,068 - app.main - INFO - RESPONSE: GET http://localhost:8000/auth/profile - Status: 200
2026-01-30 19:20:36,071 - app.main - INFO - REQUEST: GET http://localhost:8000/auth/profile
2026-01-30 19:20:36,079 - app.main - INFO - RESPONSE: GET http://localhost:8000/auth/profile - Status: 200
2026-01-30 19:20:36,089 - app.main - INFO - REQUEST: GET http://localhost:8000/environments?project_id=1
2026-01-30 19:20:36,096 - app.main - INFO - RESPONSE: GET http://localhost:8000/environments?project_id=1 - Status: 200
2026-01-30 19:20:38,827 - app.main - INFO - REQUEST: GET http://localhost:8000/auth/profile
2026-01-30 19:20:38,829 - app.main - INFO - REQUEST: GET http://localhost:8000/products/
2026-01-30 19:20:38,844 - app.main - INFO - RESPONSE: GET http://localhost:8000/auth/profile - Status: 200
2026-01-30 19:20:38,849 - app.main - INFO - RESPONSE: GET http://localhost:8000/products/ - Status: 200
2026-01-30 19:20:38,850 - app.main - INFO - REQUEST: GET http://localhost:8000/auth/profile
2026-01-30 19:20:38,852 - app.main - INFO - REQUEST: GET http://localhost:8000/products/
2026-01-30 19:20:38,865 - app.main - INFO - RESPONSE: GET http://localhost:8000/auth/profile - Status: 200
2026-01-30 19:20:38,870 - app.main - INFO - REQUEST: GET http://localhost:8000/auth/profile
2026-01-30 19:20:38,872 - app.main - INFO - RESPONSE: GET http://localhost:8000/products/ - Status: 200
2026-01-30 19:20:38,882 - app.main - INFO - RESPONSE: GET http://localhost:8000/auth/profile - Status: 200
2026-01-30 19:20:38,886 - app.main - INFO - REQUEST: GET http://localhost:8000/auth/profile
2026-01-30 19:20:38,894 - app.main - INFO - RESPONSE: GET http://localhost:8000/auth/profile - Status: 200
2026-01-30 19:20:40,134 - app.main - INFO - REQUEST: GET http://localhost:8000/products/1
2026-01-30 19:20:40,146 - app.main - INFO - RESPONSE: GET http://localhost:8000/products/1 - Status: 200
2026-01-30 19:20:40,150 - app.main - INFO - REQUEST: GET http://localhost:8000/products/1
2026-01-30 19:20:40,156 - app.main - INFO - REQUEST: GET http://localhost:8000/features/?product_id=1
2026-01-30 19:20:40,168 - app.main - INFO - RESPONSE: GET http://localhost:8000/products/1 - Status: 200
2026-01-30 19:20:40,179 - app.main - INFO - RESPONSE: GET http://localhost:8000/features/?product_id=1 - Status: 200
2026-01-30 19:20:40,183 - app.main - INFO - REQUEST: GET http://localhost:8000/features/?product_id=1
2026-01-30 19:20:40,188 - app.main - INFO - REQUEST: GET http://localhost:8000/environments?project_id=1
2026-01-30 19:20:40,200 - app.main - INFO - RESPONSE: GET http://localhost:8000/environments?project_id=1 - Status: 200
2026-01-30 19:20:40,205 - app.main - INFO - RESPONSE: GET http://localhost:8000/features/?product_id=1 - Status: 200
2026-01-30 19:20:40,224 - app.main - INFO - REQUEST: GET http://localhost:8000/environments?project_id=1
2026-01-30 19:20:40,231 - app.main - INFO - RESPONSE: GET http://localhost:8000/environments?project_id=1 - Status: 200
2026-01-30 19:20:41,526 - app.main - INFO - REQUEST: GET http://localhost:8000/variables/?project_id=1
2026-01-30 19:20:41,527 - app.main - INFO - RESPONSE: GET http://localhost:8000/variables/?project_id=1 - Status: 307
2026-01-30 19:20:41,531 - app.main - INFO - REQUEST: GET http://localhost:8000/variables?project_id=1
2026-01-30 19:20:41,540 - app.main - INFO - RESPONSE: GET http://localhost:8000/variables?project_id=1 - Status: 200
2026-01-30 19:20:41,546 - app.main - INFO - REQUEST: GET http://localhost:8000/variables/?project_id=1&environment_id=1
2026-01-30 19:20:41,548 - app.main - INFO - RESPONSE: GET http://localhost:8000/variables/?project_id=1&environment_id=1 - Status: 307
2026-01-30 19:20:41,555 - app.main - INFO - REQUEST: GET http://localhost:8000/variables?project_id=1&environment_id=1
2026-01-30 19:20:41,562 - app.main - INFO - RESPONSE: GET http://localhost:8000/variables?project_id=1&environment_id=1 - Status: 200
2026-01-30 19:20:41,569 - app.main - INFO - REQUEST: GET http://localhost:8000/flow/load/1
2026-01-30 19:20:41,591 - app.main - INFO - RESPONSE: GET http://localhost:8000/flow/load/1 - Status: 200
2026-01-30 19:20:41,599 - app.main - INFO - REQUEST: GET http://localhost:8000/variables/?project_id=1&environment_id=1
2026-01-30 19:20:41,600 - app.main - INFO - RESPONSE: GET http://localhost:8000/variables/?project_id=1&environment_id=1 - Status: 307
2026-01-30 19:20:41,608 - app.main - INFO - REQUEST: GET http://localhost:8000/variables?project_id=1&environment_id=1
2026-01-30 19:20:41,614 - app.main - INFO - RESPONSE: GET http://localhost:8000/variables?project_id=1&environment_id=1 - Status: 200
2026-01-30 19:20:41,620 - app.main - INFO - REQUEST: POST http://localhost:8000/auth/login
2026-01-30 19:20:41,625 - app.routes.auth_routes - INFO - === LOGIN REQUEST ===
2026-01-30 19:20:41,625 - app.routes.auth_routes - INFO - Username attempt: mribelato@gmail.com
2026-01-30 19:20:41,784 - app.routes.auth_routes - INFO - Login successful for user: mribelato@gmail.com
2026-01-30 19:20:41,784 - app.routes.auth_routes - INFO - Access token generated for: mribelato@gmail.com
2026-01-30 19:20:41,788 - app.main - INFO - RESPONSE: POST http://localhost:8000/auth/login - Status: 200
2026-01-30 19:20:41,796 - app.main - INFO - REQUEST: PUT http://localhost:8000/variables/2
2026-01-30 19:20:41,811 - app.main - INFO - RESPONSE: PUT http://localhost:8000/variables/2 - Status: 200
2026-01-30 19:20:41,818 - app.main - INFO - REQUEST: POST http://localhost:8000/history/
2026-01-30 19:20:41,851 - app.main - INFO - RESPONSE: POST http://localhost:8000/history/ - Status: 201
2026-01-30 19:20:42,066 - app.main - INFO - REQUEST: GET http://localhost:8000/variables/?project_id=1&environment_id=1
2026-01-30 19:20:42,070 - app.main - INFO - RESPONSE: GET http://localhost:8000/variables/?project_id=1&environment_id=1 - Status: 307
2026-01-30 19:20:42,083 - app.main - INFO - REQUEST: GET http://localhost:8000/variables?project_id=1&environment_id=1
2026-01-30 19:20:42,102 - app.main - INFO - RESPONSE: GET http://localhost:8000/variables?project_id=1&environment_id=1 - Status: 200
2026-01-30 19:20:42,120 - app.main - INFO - REQUEST: GET http://localhost:8000/auth/profile
2026-01-30 19:20:42,145 - app.main - INFO - RESPONSE: GET http://localhost:8000/auth/profile - Status: 200
2026-01-30 19:20:42,162 - app.main - INFO - REQUEST: POST http://localhost:8000/history/
2026-01-30 19:20:42,192 - app.main - INFO - RESPONSE: POST http://localhost:8000/history/ - Status: 201
2026-01-30 19:20:42,402 - app.main - INFO - REQUEST: GET http://localhost:8000/variables/?project_id=1&environment_id=1
2026-01-30 19:20:42,405 - app.main - INFO - RESPONSE: GET http://localhost:8000/variables/?project_id=1&environment_id=1 - Status: 307
2026-01-30 19:20:42,414 - app.main - INFO - REQUEST: GET http://localhost:8000/variables?project_id=1&environment_id=1
2026-01-30 19:20:42,425 - app.main - INFO - RESPONSE: GET http://localhost:8000/variables?project_id=1&environment_id=1 - Status: 200
2026-01-30 19:20:42,430 - app.main - INFO - REQUEST: POST http://localhost:8000/auth/logout
2026-01-30 19:20:42,446 - app.routes.auth_routes - INFO - Token f56ede3c-d796-4ddf-ac4b-f93fb833f950 blacklisted for user mribelato@gmail.com
2026-01-30 19:20:42,447 - app.main - INFO - RESPONSE: POST http://localhost:8000/auth/logout - Status: 200
2026-01-30 19:20:42,454 - app.main - INFO - REQUEST: POST http://localhost:8000/history/
2026-01-30 19:20:42,479 - app.main - INFO - RESPONSE: POST http://localhost:8000/history/ - Status: 201
2026-01-30 19:20:42,701 - app.main - INFO - REQUEST: GET http://localhost:8000/variables/?project_id=1&environment_id=1
2026-01-30 19:20:42,702 - app.main - INFO - RESPONSE: GET http://localhost:8000/variables/?project_id=1&environment_id=1 - Status: 307
2026-01-30 19:20:42,729 - app.main - INFO - REQUEST: GET http://localhost:8000/variables?project_id=1&environment_id=1
2026-01-30 19:20:42,750 - app.main - INFO - RESPONSE: GET http://localhost:8000/variables?project_id=1&environment_id=1 - Status: 200
2026-01-30 19:20:42,774 - app.main - INFO - REQUEST: GET http://localhost:8000/auth/profile
2026-01-30 19:20:42,782 - app.main - INFO - RESPONSE: GET http://localhost:8000/auth/profile - Status: 401
2026-01-30 19:20:42,789 - app.main - INFO - REQUEST: POST http://localhost:8000/history/
2026-01-30 19:20:42,831 - app.main - INFO - RESPONSE: POST http://localhost:8000/history/ - Status: 201
2026-01-30 19:20:44,047 - app.main - INFO - REQUEST: GET http://localhost:8000/flow/load/2
2026-01-30 19:20:44,067 - app.main - INFO - RESPONSE: GET http://localhost:8000/flow/load/2 - Status: 200
2026-01-30 19:20:44,073 - app.main - INFO - REQUEST: GET http://localhost:8000/variables/?project_id=1&environment_id=1
2026-01-30 19:20:44,074 - app.main - INFO - RESPONSE: GET http://localhost:8000/variables/?project_id=1&environment_id=1 - Status: 307
2026-01-30 19:20:44,078 - app.main - INFO - REQUEST: GET http://localhost:8000/variables?project_id=1&environment_id=1
2026-01-30 19:20:44,085 - app.main - INFO - RESPONSE: GET http://localhost:8000/variables?project_id=1&environment_id=1 - Status: 200
2026-01-30 19:20:44,090 - app.main - INFO - REQUEST: OPTIONS http://localhost:8000/products/?skip=0&limit=100
2026-01-30 19:20:44,091 - app.main - INFO - RESPONSE: OPTIONS http://localhost:8000/products/?skip=0&limit=100 - Status: 200
2026-01-30 19:20:44,094 - app.main - INFO - REQUEST: GET http://localhost:8000/products/?skip=0&limit=100
2026-01-30 19:20:44,100 - app.main - INFO - RESPONSE: GET http://localhost:8000/products/?skip=0&limit=100 - Status: 401
2026-01-30 19:20:44,107 - app.main - INFO - REQUEST: POST http://localhost:8000/history/
2026-01-30 19:20:44,132 - app.main - INFO - RESPONSE: POST http://localhost:8000/history/ - Status: 201
2026-01-30 19:20:45,386 - app.main - INFO - REQUEST: GET http://localhost:8000/history/?limit=1000&environment_id=1
2026-01-30 19:20:45,400 - app.main - INFO - RESPONSE: GET http://localhost:8000/history/?limit=1000&environment_id=1 - Status: 200
2026-01-30 19:20:45,404 - app.main - INFO - REQUEST: GET http://localhost:8000/history/?limit=1000&environment_id=1
2026-01-30 19:20:45,424 - app.main - INFO - RESPONSE: GET http://localhost:8000/history/?limit=1000&environment_id=1 - Status: 200
2026-01-30 19:21:13,439 - app.main - INFO - REQUEST: GET http://localhost:8000/auth/profile
2026-01-30 19:21:13,445 - app.main - INFO - RESPONSE: GET http://localhost:8000/auth/profile - Status: 200
2026-01-30 19:21:13,458 - app.main - INFO - REQUEST: GET http://localhost:8000/products/
2026-01-30 19:21:13,463 - app.main - INFO - RESPONSE: GET http://localhost:8000/products/ - Status: 200
2026-01-30 19:21:13,466 - app.main - INFO - REQUEST: GET http://localhost:8000/auth/profile
2026-01-30 19:21:13,471 - app.main - INFO - RESPONSE: GET http://localhost:8000/auth/profile - Status: 200
2026-01-30 19:21:13,474 - app.main - INFO - REQUEST: GET http://localhost:8000/products/
2026-01-30 19:21:13,482 - app.main - INFO - RESPONSE: GET http://localhost:8000/products/ - Status: 200
2026-01-30 19:21:13,485 - app.main - INFO - REQUEST: GET http://localhost:8000/auth/profile
2026-01-30 19:21:13,491 - app.main - INFO - RESPONSE: GET http://localhost:8000/auth/profile - Status: 200
2026-01-30 19:21:13,493 - app.main - INFO - REQUEST: GET http://localhost:8000/auth/profile
2026-01-30 19:21:13,497 - app.main - INFO - RESPONSE: GET http://localhost:8000/auth/profile - Status: 200
2026-01-30 19:21:15,772 - app.main - INFO - REQUEST: GET http://localhost:8000/auth/profile
2026-01-30 19:21:15,774 - app.main - INFO - REQUEST: GET http://localhost:8000/features/?product_id=1
2026-01-30 19:21:15,789 - app.main - INFO - RESPONSE: GET http://localhost:8000/auth/profile - Status: 200
2026-01-30 19:21:15,792 - app.main - INFO - REQUEST: GET http://localhost:8000/auth/profile
2026-01-30 19:21:15,793 - app.main - INFO - RESPONSE: GET http://localhost:8000/features/?product_id=1 - Status: 200
2026-01-30 19:21:15,796 - app.main - INFO - REQUEST: GET http://localhost:8000/features/?product_id=1
2026-01-30 19:21:15,802 - app.main - INFO - REQUEST: GET http://localhost:8000/environments?project_id=1
2026-01-30 19:21:15,807 - app.main - INFO - RESPONSE: GET http://localhost:8000/auth/profile - Status: 200
2026-01-30 19:21:15,811 - app.main - INFO - REQUEST: GET http://localhost:8000/auth/profile
2026-01-30 19:21:15,814 - app.main - INFO - RESPONSE: GET http://localhost:8000/environments?project_id=1 - Status: 200
2026-01-30 19:21:15,819 - app.main - INFO - RESPONSE: GET http://localhost:8000/features/?product_id=1 - Status: 200
2026-01-30 19:21:15,824 - app.main - INFO - RESPONSE: GET http://localhost:8000/auth/profile - Status: 200
2026-01-30 19:21:15,826 - app.main - INFO - REQUEST: GET http://localhost:8000/auth/profile
2026-01-30 19:21:15,830 - app.main - INFO - RESPONSE: GET http://localhost:8000/auth/profile - Status: 200
2026-01-30 19:21:15,836 - app.main - INFO - REQUEST: GET http://localhost:8000/environments?project_id=1
2026-01-30 19:21:15,839 - app.main - INFO - RESPONSE: GET http://localhost:8000/environments?project_id=1 - Status: 200
2026-01-30 19:21:17,461 - app.main - INFO - REQUEST: GET http://localhost:8000/auth/profile
2026-01-30 19:21:17,462 - app.main - INFO - REQUEST: GET http://localhost:8000/flow/load/2
2026-01-30 19:21:17,476 - app.main - INFO - RESPONSE: GET http://localhost:8000/auth/profile - Status: 200
2026-01-30 19:21:17,481 - app.main - INFO - REQUEST: GET http://localhost:8000/auth/profile
2026-01-30 19:21:17,488 - app.main - INFO - RESPONSE: GET http://localhost:8000/flow/load/2 - Status: 200
2026-01-30 19:21:17,491 - app.main - INFO - REQUEST: GET http://localhost:8000/flow/load/2
2026-01-30 19:21:17,494 - app.main - INFO - RESPONSE: GET http://localhost:8000/auth/profile - Status: 200
2026-01-30 19:21:17,498 - app.main - INFO - REQUEST: GET http://localhost:8000/auth/profile
2026-01-30 19:21:17,505 - app.main - INFO - RESPONSE: GET http://localhost:8000/auth/profile - Status: 200
2026-01-30 19:21:17,509 - app.main - INFO - REQUEST: GET http://localhost:8000/auth/profile
2026-01-30 19:21:17,509 - app.main - INFO - RESPONSE: GET http://localhost:8000/flow/load/2 - Status: 200
2026-01-30 19:21:17,514 - app.main - INFO - RESPONSE: GET http://localhost:8000/auth/profile - Status: 200
2026-01-30 19:21:45,538 - app.main - INFO - REQUEST: OPTIONS http://localhost:8000/variables/?project_id=1&flow_id=1769811680799
2026-01-30 19:21:45,540 - app.main - INFO - REQUEST: GET http://localhost:8000/environments?project_id=1
2026-01-30 19:21:45,540 - app.main - INFO - RESPONSE: OPTIONS http://localhost:8000/variables/?project_id=1&flow_id=1769811680799 - Status: 200
2026-01-30 19:21:45,546 - app.main - INFO - REQUEST: OPTIONS http://localhost:8000/variables/?project_id=1&flow_id=1769811680799
2026-01-30 19:21:45,550 - app.main - INFO - RESPONSE: OPTIONS http://localhost:8000/variables/?project_id=1&flow_id=1769811680799 - Status: 200
2026-01-30 19:21:45,555 - app.main - INFO - REQUEST: GET http://localhost:8000/variables/?project_id=1&flow_id=1769811680799
2026-01-30 19:21:45,557 - app.main - INFO - RESPONSE: GET http://localhost:8000/variables/?project_id=1&flow_id=1769811680799 - Status: 307
2026-01-30 19:21:45,561 - app.main - INFO - RESPONSE: GET http://localhost:8000/environments?project_id=1 - Status: 200
2026-01-30 19:21:45,562 - app.main - INFO - REQUEST: GET http://localhost:8000/variables/?project_id=1&flow_id=1769811680799
2026-01-30 19:21:45,566 - app.main - INFO - RESPONSE: GET http://localhost:8000/variables/?project_id=1&flow_id=1769811680799 - Status: 307
2026-01-30 19:21:45,569 - app.main - INFO - REQUEST: OPTIONS http://localhost:8000/variables?project_id=1&flow_id=1769811680799
2026-01-30 19:21:45,572 - app.main - INFO - REQUEST: GET http://localhost:8000/environments?project_id=1
2026-01-30 19:21:45,573 - app.main - INFO - RESPONSE: OPTIONS http://localhost:8000/variables?project_id=1&flow_id=1769811680799 - Status: 200
2026-01-30 19:21:45,578 - app.main - INFO - REQUEST: GET http://localhost:8000/variables?project_id=1&flow_id=1769811680799
2026-01-30 19:21:45,586 - app.main - INFO - RESPONSE: GET http://localhost:8000/environments?project_id=1 - Status: 200
2026-01-30 19:21:45,589 - app.main - INFO - RESPONSE: GET http://localhost:8000/variables?project_id=1&flow_id=1769811680799 - Status: 200
2026-01-30 19:21:45,592 - app.main - INFO - REQUEST: GET http://localhost:8000/variables/?project_id=1&flow_id=1769811680799
2026-01-30 19:21:45,594 - app.main - INFO - REQUEST: GET http://localhost:8000/variables?project_id=1&flow_id=1769811680799
2026-01-30 19:21:45,596 - app.main - INFO - RESPONSE: GET http://localhost:8000/variables/?project_id=1&flow_id=1769811680799 - Status: 307
2026-01-30 19:21:45,603 - app.main - INFO - RESPONSE: GET http://localhost:8000/variables?project_id=1&flow_id=1769811680799 - Status: 200
2026-01-30 19:21:45,607 - app.main - INFO - REQUEST: GET http://localhost:8000/variables?project_id=1&flow_id=1769811680799
2026-01-30 19:21:45,613 - app.main - INFO - REQUEST: GET http://localhost:8000/variables/?project_id=1&flow_id=1769811680799
2026-01-30 19:21:45,615 - app.main - INFO - RESPONSE: GET http://localhost:8000/variables/?project_id=1&flow_id=1769811680799 - Status: 307
2026-01-30 19:21:45,617 - app.main - INFO - RESPONSE: GET http://localhost:8000/variables?project_id=1&flow_id=1769811680799 - Status: 200
2026-01-30 19:21:45,622 - app.main - INFO - REQUEST: GET http://localhost:8000/variables?project_id=1&flow_id=1769811680799
2026-01-30 19:21:45,624 - app.main - INFO - REQUEST: OPTIONS http://localhost:8000/variables/?project_id=1&flow_id=1769811680799&environment_id=1
2026-01-30 19:21:45,625 - app.main - INFO - RESPONSE: OPTIONS http://localhost:8000/variables/?project_id=1&flow_id=1769811680799&environment_id=1 - Status: 200
2026-01-30 19:21:45,628 - app.main - INFO - REQUEST: GET http://localhost:8000/variables/?project_id=1&flow_id=1769811680799&environment_id=1
2026-01-30 19:21:45,630 - app.main - INFO - RESPONSE: GET http://localhost:8000/variables/?project_id=1&flow_id=1769811680799&environment_id=1 - Status: 307
2026-01-30 19:21:45,634 - app.main - INFO - REQUEST: OPTIONS http://localhost:8000/variables?project_id=1&flow_id=1769811680799&environment_id=1
2026-01-30 19:21:45,635 - app.main - INFO - RESPONSE: GET http://localhost:8000/variables?project_id=1&flow_id=1769811680799 - Status: 200
2026-01-30 19:21:45,636 - app.main - INFO - RESPONSE: OPTIONS http://localhost:8000/variables?project_id=1&flow_id=1769811680799&environment_id=1 - Status: 200
2026-01-30 19:21:45,639 - app.main - INFO - REQUEST: GET http://localhost:8000/variables?project_id=1&flow_id=1769811680799&environment_id=1
2026-01-30 19:21:45,643 - app.main - INFO - REQUEST: GET http://localhost:8000/variables/?project_id=1&flow_id=1769811680799&environment_id=1
2026-01-30 19:21:45,645 - app.main - INFO - RESPONSE: GET http://localhost:8000/variables/?project_id=1&flow_id=1769811680799&environment_id=1 - Status: 307
2026-01-30 19:21:45,649 - app.main - INFO - RESPONSE: GET http://localhost:8000/variables?project_id=1&flow_id=1769811680799&environment_id=1 - Status: 200
2026-01-30 19:21:45,653 - app.main - INFO - REQUEST: GET http://localhost:8000/variables?project_id=1&flow_id=1769811680799&environment_id=1
2026-01-30 19:21:45,660 - app.main - INFO - RESPONSE: GET http://localhost:8000/variables?project_id=1&flow_id=1769811680799&environment_id=1 - Status: 200
2026-01-30 19:21:45,808 - app.main - INFO - REQUEST: POST http://localhost:8000/flow/save
2026-01-30 19:21:45,910 - app.main - INFO - RESPONSE: POST http://localhost:8000/flow/save - Status: 200
2026-01-30 19:21:50,924 - app.main - INFO - REQUEST: OPTIONS http://localhost:8000/history/?flow_id=1769811680799&project_id=1&page=1&limit=50&sort_by=created_at&order=desc&_=1769811710919
2026-01-30 19:21:50,926 - app.main - INFO - REQUEST: OPTIONS http://localhost:8000/history/?flow_id=1769811680799&project_id=1&page=1&limit=50&sort_by=created_at&order=desc&_=1769811710920
2026-01-30 19:21:50,926 - app.main - INFO - RESPONSE: OPTIONS http://localhost:8000/history/?flow_id=1769811680799&project_id=1&page=1&limit=50&sort_by=created_at&order=desc&_=1769811710919 - Status: 200
2026-01-30 19:21:50,928 - app.main - INFO - RESPONSE: OPTIONS http://localhost:8000/history/?flow_id=1769811680799&project_id=1&page=1&limit=50&sort_by=created_at&order=desc&_=1769811710920 - Status: 200
2026-01-30 19:21:50,931 - app.main - INFO - REQUEST: GET http://localhost:8000/history/?flow_id=1769811680799&project_id=1&page=1&limit=50&sort_by=created_at&order=desc&_=1769811710919
2026-01-30 19:21:50,933 - app.main - INFO - REQUEST: GET http://localhost:8000/history/?flow_id=1769811680799&project_id=1&page=1&limit=50&sort_by=created_at&order=desc&_=1769811710920
2026-01-30 19:21:50,954 - app.main - INFO - RESPONSE: GET http://localhost:8000/history/?flow_id=1769811680799&project_id=1&page=1&limit=50&sort_by=created_at&order=desc&_=1769811710920 - Status: 200
2026-01-30 19:21:50,958 - app.main - INFO - RESPONSE: GET http://localhost:8000/history/?flow_id=1769811680799&project_id=1&page=1&limit=50&sort_by=created_at&order=desc&_=1769811710919 - Status: 200
2026-01-30 19:22:16,003 - app.main - INFO - REQUEST: GET http://localhost:8000/flow/load/2
2026-01-30 19:22:16,019 - app.main - INFO - RESPONSE: GET http://localhost:8000/flow/load/2 - Status: 200
2026-01-30 19:22:16,033 - app.main - INFO - REQUEST: POST http://localhost:8000/flow/save
2026-01-30 19:22:16,055 - app.main - INFO - RESPONSE: POST http://localhost:8000/flow/save - Status: 200
2026-01-30 19:22:37,757 - app.main - INFO - REQUEST: GET http://localhost:8000/flow/load/2
2026-01-30 19:22:37,777 - app.main - INFO - RESPONSE: GET http://localhost:8000/flow/load/2 - Status: 200
2026-01-30 19:22:37,784 - app.main - INFO - REQUEST: POST http://localhost:8000/flow/save
2026-01-30 19:22:37,813 - app.main - INFO - RESPONSE: POST http://localhost:8000/flow/save - Status: 200
2026-01-30 19:22:40,734 - app.main - INFO - REQUEST: GET http://localhost:8000/auth/profile
2026-01-30 19:22:40,746 - app.main - INFO - RESPONSE: GET http://localhost:8000/auth/profile - Status: 200
2026-01-30 19:22:40,751 - app.main - INFO - REQUEST: GET http://localhost:8000/flow/load/2
2026-01-30 19:22:40,771 - app.main - INFO - RESPONSE: GET http://localhost:8000/flow/load/2 - Status: 200
2026-01-30 19:22:40,775 - app.main - INFO - REQUEST: GET http://localhost:8000/auth/profile
2026-01-30 19:22:40,785 - app.main - INFO - RESPONSE: GET http://localhost:8000/auth/profile - Status: 200
2026-01-30 19:22:40,789 - app.main - INFO - REQUEST: GET http://localhost:8000/flow/load/2
2026-01-30 19:22:40,811 - app.main - INFO - RESPONSE: GET http://localhost:8000/flow/load/2 - Status: 200
2026-01-30 19:22:40,815 - app.main - INFO - REQUEST: GET http://localhost:8000/auth/profile
2026-01-30 19:22:40,823 - app.main - INFO - RESPONSE: GET http://localhost:8000/auth/profile - Status: 200
2026-01-30 19:22:40,827 - app.main - INFO - REQUEST: GET http://localhost:8000/auth/profile
2026-01-30 19:22:40,836 - app.main - INFO - RESPONSE: GET http://localhost:8000/auth/profile - Status: 200
2026-01-30 19:22:44,481 - app.main - INFO - REQUEST: GET http://localhost:8000/auth/profile
2026-01-30 19:22:44,483 - app.main - INFO - REQUEST: GET http://localhost:8000/products/
2026-01-30 19:22:44,500 - app.main - INFO - RESPONSE: GET http://localhost:8000/auth/profile - Status: 200
2026-01-30 19:22:44,505 - app.main - INFO - RESPONSE: GET http://localhost:8000/products/ - Status: 200
2026-01-30 19:22:44,506 - app.main - INFO - REQUEST: GET http://localhost:8000/auth/profile
2026-01-30 19:22:44,509 - app.main - INFO - REQUEST: GET http://localhost:8000/products/
2026-01-30 19:22:44,525 - app.main - INFO - RESPONSE: GET http://localhost:8000/auth/profile - Status: 200
2026-01-30 19:22:44,530 - app.main - INFO - RESPONSE: GET http://localhost:8000/products/ - Status: 200
2026-01-30 19:22:44,531 - app.main - INFO - REQUEST: GET http://localhost:8000/auth/profile
2026-01-30 19:22:44,542 - app.main - INFO - RESPONSE: GET http://localhost:8000/auth/profile - Status: 200
2026-01-30 19:22:44,547 - app.main - INFO - REQUEST: GET http://localhost:8000/auth/profile
2026-01-30 19:22:44,554 - app.main - INFO - RESPONSE: GET http://localhost:8000/auth/profile - Status: 200
2026-01-30 19:22:46,203 - app.main - INFO - REQUEST: GET http://localhost:8000/products/1
2026-01-30 19:22:46,214 - app.main - INFO - RESPONSE: GET http://localhost:8000/products/1 - Status: 200
2026-01-30 19:22:46,217 - app.main - INFO - REQUEST: GET http://localhost:8000/products/1
2026-01-30 19:22:46,222 - app.main - INFO - REQUEST: GET http://localhost:8000/features/?product_id=1
2026-01-30 19:22:46,236 - app.main - INFO - RESPONSE: GET http://localhost:8000/products/1 - Status: 200
2026-01-30 19:22:46,241 - app.main - INFO - RESPONSE: GET http://localhost:8000/features/?product_id=1 - Status: 200
2026-01-30 19:22:46,244 - app.main - INFO - REQUEST: GET http://localhost:8000/features/?product_id=1
2026-01-30 19:22:46,247 - app.main - INFO - REQUEST: GET http://localhost:8000/environments?project_id=1
2026-01-30 19:22:46,256 - app.main - INFO - RESPONSE: GET http://localhost:8000/environments?project_id=1 - Status: 200
2026-01-30 19:22:46,261 - app.main - INFO - RESPONSE: GET http://localhost:8000/features/?product_id=1 - Status: 200
2026-01-30 19:22:46,272 - app.main - INFO - REQUEST: GET http://localhost:8000/environments?project_id=1
2026-01-30 19:22:46,277 - app.main - INFO - RESPONSE: GET http://localhost:8000/environments?project_id=1 - Status: 200
2026-01-30 19:22:48,586 - app.main - INFO - REQUEST: GET http://localhost:8000/variables/?project_id=1
2026-01-30 19:22:48,587 - app.main - INFO - RESPONSE: GET http://localhost:8000/variables/?project_id=1 - Status: 307
2026-01-30 19:22:48,594 - app.main - INFO - REQUEST: GET http://localhost:8000/variables?project_id=1
2026-01-30 19:22:48,603 - app.main - INFO - RESPONSE: GET http://localhost:8000/variables?project_id=1 - Status: 200
2026-01-30 19:22:48,611 - app.main - INFO - REQUEST: GET http://localhost:8000/variables/?project_id=1&environment_id=1
2026-01-30 19:22:48,613 - app.main - INFO - RESPONSE: GET http://localhost:8000/variables/?project_id=1&environment_id=1 - Status: 307
2026-01-30 19:22:48,620 - app.main - INFO - REQUEST: GET http://localhost:8000/variables?project_id=1&environment_id=1
2026-01-30 19:22:48,628 - app.main - INFO - RESPONSE: GET http://localhost:8000/variables?project_id=1&environment_id=1 - Status: 200
2026-01-30 19:22:48,634 - app.main - INFO - REQUEST: GET http://localhost:8000/flow/load/1
2026-01-30 19:22:48,655 - app.main - INFO - RESPONSE: GET http://localhost:8000/flow/load/1 - Status: 200
2026-01-30 19:22:48,663 - app.main - INFO - REQUEST: GET http://localhost:8000/variables/?project_id=1&environment_id=1
2026-01-30 19:22:48,664 - app.main - INFO - RESPONSE: GET http://localhost:8000/variables/?project_id=1&environment_id=1 - Status: 307
2026-01-30 19:22:48,670 - app.main - INFO - REQUEST: GET http://localhost:8000/variables?project_id=1&environment_id=1
2026-01-30 19:22:48,678 - app.main - INFO - RESPONSE: GET http://localhost:8000/variables?project_id=1&environment_id=1 - Status: 200
2026-01-30 19:22:48,684 - app.main - INFO - REQUEST: POST http://localhost:8000/auth/login
2026-01-30 19:22:48,687 - app.routes.auth_routes - INFO - === LOGIN REQUEST ===
2026-01-30 19:22:48,687 - app.routes.auth_routes - INFO - Username attempt: mribelato@gmail.com
2026-01-30 19:22:48,839 - app.routes.auth_routes - INFO - Login successful for user: mribelato@gmail.com
2026-01-30 19:22:48,840 - app.routes.auth_routes - INFO - Access token generated for: mribelato@gmail.com
2026-01-30 19:22:48,843 - app.main - INFO - RESPONSE: POST http://localhost:8000/auth/login - Status: 200
2026-01-30 19:22:48,851 - app.main - INFO - REQUEST: PUT http://localhost:8000/variables/2
2026-01-30 19:22:48,867 - app.main - INFO - RESPONSE: PUT http://localhost:8000/variables/2 - Status: 200
2026-01-30 19:22:48,874 - app.main - INFO - REQUEST: POST http://localhost:8000/history/
2026-01-30 19:22:48,906 - app.main - INFO - RESPONSE: POST http://localhost:8000/history/ - Status: 201
2026-01-30 19:22:49,127 - app.main - INFO - REQUEST: GET http://localhost:8000/variables/?project_id=1&environment_id=1
2026-01-30 19:22:49,129 - app.main - INFO - RESPONSE: GET http://localhost:8000/variables/?project_id=1&environment_id=1 - Status: 307
2026-01-30 19:22:49,135 - app.main - INFO - REQUEST: GET http://localhost:8000/variables?project_id=1&environment_id=1
2026-01-30 19:22:49,146 - app.main - INFO - RESPONSE: GET http://localhost:8000/variables?project_id=1&environment_id=1 - Status: 200
2026-01-30 19:22:49,155 - app.main - INFO - REQUEST: GET http://localhost:8000/auth/profile
2026-01-30 19:22:49,165 - app.main - INFO - RESPONSE: GET http://localhost:8000/auth/profile - Status: 200
2026-01-30 19:22:49,173 - app.main - INFO - REQUEST: POST http://localhost:8000/history/
2026-01-30 19:22:49,202 - app.main - INFO - RESPONSE: POST http://localhost:8000/history/ - Status: 201
2026-01-30 19:22:49,418 - app.main - INFO - REQUEST: GET http://localhost:8000/variables/?project_id=1&environment_id=1
2026-01-30 19:22:49,422 - app.main - INFO - RESPONSE: GET http://localhost:8000/variables/?project_id=1&environment_id=1 - Status: 307
2026-01-30 19:22:49,436 - app.main - INFO - REQUEST: GET http://localhost:8000/variables?project_id=1&environment_id=1
2026-01-30 19:22:49,456 - app.main - INFO - RESPONSE: GET http://localhost:8000/variables?project_id=1&environment_id=1 - Status: 200
2026-01-30 19:22:49,472 - app.main - INFO - REQUEST: POST http://localhost:8000/auth/logout
2026-01-30 19:22:49,514 - app.routes.auth_routes - INFO - Token f942298a-0ed0-48d9-962a-7420c5b6da12 blacklisted for user mribelato@gmail.com
2026-01-30 19:22:49,517 - app.main - INFO - RESPONSE: POST http://localhost:8000/auth/logout - Status: 200
2026-01-30 19:22:49,531 - app.main - INFO - REQUEST: POST http://localhost:8000/history/
2026-01-30 19:22:49,571 - app.main - INFO - RESPONSE: POST http://localhost:8000/history/ - Status: 201
2026-01-30 19:22:49,783 - app.main - INFO - REQUEST: GET http://localhost:8000/variables/?project_id=1&environment_id=1
2026-01-30 19:22:49,786 - app.main - INFO - RESPONSE: GET http://localhost:8000/variables/?project_id=1&environment_id=1 - Status: 307
2026-01-30 19:22:49,797 - app.main - INFO - REQUEST: GET http://localhost:8000/variables?project_id=1&environment_id=1
2026-01-30 19:22:49,811 - app.main - INFO - RESPONSE: GET http://localhost:8000/variables?project_id=1&environment_id=1 - Status: 200
2026-01-30 19:22:49,824 - app.main - INFO - REQUEST: GET http://localhost:8000/auth/profile
2026-01-30 19:22:49,838 - app.main - INFO - RESPONSE: GET http://localhost:8000/auth/profile - Status: 401
2026-01-30 19:22:49,854 - app.main - INFO - REQUEST: POST http://localhost:8000/history/
2026-01-30 19:22:49,916 - app.main - INFO - RESPONSE: POST http://localhost:8000/history/ - Status: 201
2026-01-30 19:22:51,134 - app.main - INFO - REQUEST: GET http://localhost:8000/flow/load/2
2026-01-30 19:22:51,152 - app.main - INFO - RESPONSE: GET http://localhost:8000/flow/load/2 - Status: 200
2026-01-30 19:22:51,159 - app.main - INFO - REQUEST: GET http://localhost:8000/variables/?project_id=1&environment_id=1
2026-01-30 19:22:51,160 - app.main - INFO - RESPONSE: GET http://localhost:8000/variables/?project_id=1&environment_id=1 - Status: 307
2026-01-30 19:22:51,168 - app.main - INFO - REQUEST: GET http://localhost:8000/variables?project_id=1&environment_id=1
2026-01-30 19:22:51,174 - app.main - INFO - RESPONSE: GET http://localhost:8000/variables?project_id=1&environment_id=1 - Status: 200
2026-01-30 19:22:51,180 - app.main - INFO - REQUEST: POST http://localhost:8000/auth/login
2026-01-30 19:22:51,184 - app.routes.auth_routes - INFO - === LOGIN REQUEST ===
2026-01-30 19:22:51,184 - app.routes.auth_routes - INFO - Username attempt: mribelato@gmail.com
2026-01-30 19:22:51,335 - app.routes.auth_routes - INFO - Login successful for user: mribelato@gmail.com
2026-01-30 19:22:51,336 - app.routes.auth_routes - INFO - Access token generated for: mribelato@gmail.com
2026-01-30 19:22:51,338 - app.main - INFO - RESPONSE: POST http://localhost:8000/auth/login - Status: 200
2026-01-30 19:22:51,346 - app.main - INFO - REQUEST: PUT http://localhost:8000/variables/2
2026-01-30 19:22:51,364 - app.main - INFO - RESPONSE: PUT http://localhost:8000/variables/2 - Status: 200
2026-01-30 19:22:51,370 - app.main - INFO - REQUEST: POST http://localhost:8000/history/
2026-01-30 19:22:51,402 - app.main - INFO - RESPONSE: POST http://localhost:8000/history/ - Status: 201
2026-01-30 19:22:51,613 - app.main - INFO - REQUEST: GET http://localhost:8000/variables/?project_id=1&environment_id=1
2026-01-30 19:22:51,615 - app.main - INFO - RESPONSE: GET http://localhost:8000/variables/?project_id=1&environment_id=1 - Status: 307
2026-01-30 19:22:51,622 - app.main - INFO - REQUEST: GET http://localhost:8000/variables?project_id=1&environment_id=1
2026-01-30 19:22:51,632 - app.main - INFO - RESPONSE: GET http://localhost:8000/variables?project_id=1&environment_id=1 - Status: 200
2026-01-30 19:22:51,639 - app.main - INFO - REQUEST: GET http://localhost:8000/products/?skip=0&limit=100
2026-01-30 19:22:51,652 - app.main - INFO - RESPONSE: GET http://localhost:8000/products/?skip=0&limit=100 - Status: 200
2026-01-30 19:22:51,660 - app.main - INFO - REQUEST: POST http://localhost:8000/history/
2026-01-30 19:22:51,686 - app.main - INFO - RESPONSE: POST http://localhost:8000/history/ - Status: 201
2026-01-30 19:22:52,935 - app.main - INFO - REQUEST: GET http://localhost:8000/history/?limit=1000&environment_id=1
2026-01-30 19:22:52,964 - app.main - INFO - RESPONSE: GET http://localhost:8000/history/?limit=1000&environment_id=1 - Status: 200
2026-01-30 19:22:52,969 - app.main - INFO - REQUEST: GET http://localhost:8000/history/?limit=1000&environment_id=1
2026-01-30 19:22:52,999 - app.main - INFO - RESPONSE: GET http://localhost:8000/history/?limit=1000&environment_id=1 - Status: 200
2026-01-30 19:23:13,535 - app.main - INFO - REQUEST: GET http://localhost:8000/auth/profile
2026-01-30 19:23:13,538 - app.main - INFO - REQUEST: GET http://localhost:8000/products/
2026-01-30 19:23:13,552 - app.main - INFO - RESPONSE: GET http://localhost:8000/auth/profile - Status: 200
2026-01-30 19:23:13,554 - app.main - INFO - RESPONSE: GET http://localhost:8000/products/ - Status: 200
2026-01-30 19:23:13,555 - app.main - INFO - REQUEST: GET http://localhost:8000/auth/profile
2026-01-30 19:23:13,557 - app.main - INFO - REQUEST: GET http://localhost:8000/products/
2026-01-30 19:23:13,566 - app.main - INFO - RESPONSE: GET http://localhost:8000/auth/profile - Status: 200
2026-01-30 19:23:13,568 - app.main - INFO - RESPONSE: GET http://localhost:8000/products/ - Status: 200
2026-01-30 19:23:13,569 - app.main - INFO - REQUEST: GET http://localhost:8000/auth/profile
2026-01-30 19:23:13,575 - app.main - INFO - RESPONSE: GET http://localhost:8000/auth/profile - Status: 200
2026-01-30 19:23:13,578 - app.main - INFO - REQUEST: GET http://localhost:8000/auth/profile
2026-01-30 19:23:13,583 - app.main - INFO - RESPONSE: GET http://localhost:8000/auth/profile - Status: 200
2026-01-30 19:23:15,089 - app.main - INFO - REQUEST: GET http://localhost:8000/auth/profile
2026-01-30 19:23:15,090 - app.main - INFO - REQUEST: GET http://localhost:8000/features/?product_id=1
2026-01-30 19:23:15,101 - app.main - INFO - RESPONSE: GET http://localhost:8000/auth/profile - Status: 200
2026-01-30 19:23:15,105 - app.main - INFO - REQUEST: GET http://localhost:8000/auth/profile
2026-01-30 19:23:15,111 - app.main - INFO - RESPONSE: GET http://localhost:8000/features/?product_id=1 - Status: 200
2026-01-30 19:23:15,115 - app.main - INFO - REQUEST: GET http://localhost:8000/features/?product_id=1
2026-01-30 19:23:15,118 - app.main - INFO - REQUEST: GET http://localhost:8000/environments?project_id=1
2026-01-30 19:23:15,120 - app.main - INFO - RESPONSE: GET http://localhost:8000/auth/profile - Status: 200
2026-01-30 19:23:15,126 - app.main - INFO - REQUEST: GET http://localhost:8000/auth/profile
2026-01-30 19:23:15,135 - app.main - INFO - RESPONSE: GET http://localhost:8000/environments?project_id=1 - Status: 200
2026-01-30 19:23:15,140 - app.main - INFO - RESPONSE: GET http://localhost:8000/features/?product_id=1 - Status: 200
2026-01-30 19:23:15,143 - app.main - INFO - RESPONSE: GET http://localhost:8000/auth/profile - Status: 200
2026-01-30 19:23:15,146 - app.main - INFO - REQUEST: GET http://localhost:8000/auth/profile
2026-01-30 19:23:15,151 - app.main - INFO - RESPONSE: GET http://localhost:8000/auth/profile - Status: 200
2026-01-30 19:23:15,159 - app.main - INFO - REQUEST: GET http://localhost:8000/environments?project_id=1
2026-01-30 19:23:15,162 - app.main - INFO - RESPONSE: GET http://localhost:8000/environments?project_id=1 - Status: 200
2026-01-30 19:23:17,498 - app.main - INFO - REQUEST: GET http://localhost:8000/auth/profile
2026-01-30 19:23:17,500 - app.main - INFO - REQUEST: GET http://localhost:8000/flow/load/2
2026-01-30 19:23:17,511 - app.main - INFO - RESPONSE: GET http://localhost:8000/auth/profile - Status: 200
2026-01-30 19:23:17,515 - app.main - INFO - REQUEST: GET http://localhost:8000/auth/profile
2026-01-30 19:23:17,530 - app.main - INFO - RESPONSE: GET http://localhost:8000/flow/load/2 - Status: 200
2026-01-30 19:23:17,533 - app.main - INFO - RESPONSE: GET http://localhost:8000/auth/profile - Status: 200
2026-01-30 19:23:17,535 - app.main - INFO - REQUEST: GET http://localhost:8000/flow/load/2
2026-01-30 19:23:17,537 - app.main - INFO - REQUEST: GET http://localhost:8000/auth/profile
2026-01-30 19:23:17,549 - app.main - INFO - RESPONSE: GET http://localhost:8000/auth/profile - Status: 200
2026-01-30 19:23:17,553 - app.main - INFO - REQUEST: GET http://localhost:8000/auth/profile
2026-01-30 19:23:17,561 - app.main - INFO - RESPONSE: GET http://localhost:8000/flow/load/2 - Status: 200
2026-01-30 19:23:17,564 - app.main - INFO - RESPONSE: GET http://localhost:8000/auth/profile - Status: 200
2026-01-30 19:23:27,705 - app.main - INFO - REQUEST: GET http://localhost:8000/environments?project_id=1
2026-01-30 19:23:27,709 - app.main - INFO - REQUEST: GET http://localhost:8000/variables/?project_id=1&flow_id=2
2026-01-30 19:23:27,713 - app.main - INFO - RESPONSE: GET http://localhost:8000/variables/?project_id=1&flow_id=2 - Status: 307
2026-01-30 19:23:27,722 - app.main - INFO - REQUEST: POST http://localhost:8000/flow/save
2026-01-30 19:23:27,743 - app.main - INFO - RESPONSE: GET http://localhost:8000/environments?project_id=1 - Status: 200
2026-01-30 19:23:27,757 - app.main - INFO - REQUEST: GET http://localhost:8000/variables/?project_id=1&flow_id=2
2026-01-30 19:23:27,760 - app.main - INFO - RESPONSE: GET http://localhost:8000/variables/?project_id=1&flow_id=2 - Status: 307
2026-01-30 19:23:27,764 - app.main - INFO - REQUEST: GET http://localhost:8000/variables?project_id=1&flow_id=2
2026-01-30 19:23:27,779 - app.main - INFO - RESPONSE: GET http://localhost:8000/variables?project_id=1&flow_id=2 - Status: 200
2026-01-30 19:23:27,784 - app.main - INFO - REQUEST: GET http://localhost:8000/environments?project_id=1
2026-01-30 19:23:27,788 - app.main - INFO - RESPONSE: POST http://localhost:8000/flow/save - Status: 200
2026-01-30 19:23:27,790 - app.main - INFO - REQUEST: GET http://localhost:8000/variables/?project_id=1&flow_id=2
2026-01-30 19:23:27,792 - app.main - INFO - RESPONSE: GET http://localhost:8000/variables/?project_id=1&flow_id=2 - Status: 307
2026-01-30 19:23:27,793 - app.main - INFO - RESPONSE: GET http://localhost:8000/environments?project_id=1 - Status: 200
2026-01-30 19:23:27,794 - app.main - INFO - REQUEST: GET http://localhost:8000/variables?project_id=1&flow_id=2
2026-01-30 19:23:27,798 - app.main - INFO - RESPONSE: GET http://localhost:8000/variables?project_id=1&flow_id=2 - Status: 200
2026-01-30 19:23:27,801 - app.main - INFO - REQUEST: GET http://localhost:8000/variables?project_id=1&flow_id=2
2026-01-30 19:23:27,803 - app.main - INFO - REQUEST: GET http://localhost:8000/variables/?project_id=1&flow_id=2
2026-01-30 19:23:27,804 - app.main - INFO - RESPONSE: GET http://localhost:8000/variables/?project_id=1&flow_id=2 - Status: 307
2026-01-30 19:23:27,808 - app.main - INFO - RESPONSE: GET http://localhost:8000/variables?project_id=1&flow_id=2 - Status: 200
2026-01-30 19:23:27,810 - app.main - INFO - REQUEST: GET http://localhost:8000/variables?project_id=1&flow_id=2
2026-01-30 19:23:27,812 - app.main - INFO - REQUEST: GET http://localhost:8000/variables/?project_id=1&flow_id=2&environment_id=1
2026-01-30 19:23:27,813 - app.main - INFO - RESPONSE: GET http://localhost:8000/variables/?project_id=1&flow_id=2&environment_id=1 - Status: 307
2026-01-30 19:23:27,815 - app.main - INFO - RESPONSE: GET http://localhost:8000/variables?project_id=1&flow_id=2 - Status: 200
2026-01-30 19:23:27,817 - app.main - INFO - REQUEST: GET http://localhost:8000/variables?project_id=1&flow_id=2&environment_id=1
2026-01-30 19:23:27,820 - app.main - INFO - REQUEST: GET http://localhost:8000/variables/?project_id=1&flow_id=2&environment_id=1
2026-01-30 19:23:27,821 - app.main - INFO - RESPONSE: GET http://localhost:8000/variables/?project_id=1&flow_id=2&environment_id=1 - Status: 307
2026-01-30 19:23:27,824 - app.main - INFO - RESPONSE: GET http://localhost:8000/variables?project_id=1&flow_id=2&environment_id=1 - Status: 200
2026-01-30 19:23:27,826 - app.main - INFO - REQUEST: GET http://localhost:8000/variables?project_id=1&flow_id=2&environment_id=1
2026-01-30 19:23:27,830 - app.main - INFO - RESPONSE: GET http://localhost:8000/variables?project_id=1&flow_id=2&environment_id=1 - Status: 200
2026-01-30 19:23:28,591 - app.main - INFO - REQUEST: OPTIONS http://localhost:8000/history/?flow_id=2&project_id=1&page=1&limit=50&sort_by=created_at&order=desc&_=1769811808583
2026-01-30 19:23:28,593 - app.main - INFO - REQUEST: OPTIONS http://localhost:8000/history/?flow_id=2&project_id=1&page=1&limit=50&sort_by=created_at&order=desc&_=1769811808586
2026-01-30 19:23:28,594 - app.main - INFO - RESPONSE: OPTIONS http://localhost:8000/history/?flow_id=2&project_id=1&page=1&limit=50&sort_by=created_at&order=desc&_=1769811808583 - Status: 200
2026-01-30 19:23:28,596 - app.main - INFO - RESPONSE: OPTIONS http://localhost:8000/history/?flow_id=2&project_id=1&page=1&limit=50&sort_by=created_at&order=desc&_=1769811808586 - Status: 200
2026-01-30 19:23:28,599 - app.main - INFO - REQUEST: GET http://localhost:8000/history/?flow_id=2&project_id=1&page=1&limit=50&sort_by=created_at&order=desc&_=1769811808583
2026-01-30 19:23:28,603 - app.main - INFO - REQUEST: GET http://localhost:8000/history/?flow_id=2&project_id=1&page=1&limit=50&sort_by=created_at&order=desc&_=1769811808586
2026-01-30 19:23:28,625 - app.main - INFO - RESPONSE: GET http://localhost:8000/history/?flow_id=2&project_id=1&page=1&limit=50&sort_by=created_at&order=desc&_=1769811808586 - Status: 200
2026-01-30 19:23:28,628 - app.main - INFO - RESPONSE: GET http://localhost:8000/history/?flow_id=2&project_id=1&page=1&limit=50&sort_by=created_at&order=desc&_=1769811808583 - Status: 200
2026-01-30 19:23:52,998 - app.main - INFO - REQUEST: GET http://localhost:8000/flow/load/2
2026-01-30 19:23:53,026 - app.main - INFO - RESPONSE: GET http://localhost:8000/flow/load/2 - Status: 200
2026-01-30 19:23:53,031 - app.main - INFO - REQUEST: POST http://localhost:8000/flow/save
2026-01-30 19:23:53,073 - app.main - INFO - RESPONSE: POST http://localhost:8000/flow/save - Status: 200
2026-01-30 19:23:55,478 - app.main - INFO - REQUEST: GET http://localhost:8000/auth/profile
2026-01-30 19:23:55,480 - app.main - INFO - REQUEST: GET http://localhost:8000/flow/load/2
2026-01-30 19:23:55,501 - app.main - INFO - RESPONSE: GET http://localhost:8000/auth/profile - Status: 200
2026-01-30 19:23:55,506 - app.main - INFO - REQUEST: GET http://localhost:8000/auth/profile
2026-01-30 19:23:55,521 - app.main - INFO - RESPONSE: GET http://localhost:8000/auth/profile - Status: 200
2026-01-30 19:23:55,525 - app.main - INFO - REQUEST: GET http://localhost:8000/auth/profile
2026-01-30 19:23:55,529 - app.main - INFO - RESPONSE: GET http://localhost:8000/flow/load/2 - Status: 200
2026-01-30 19:23:55,537 - app.main - INFO - REQUEST: GET http://localhost:8000/flow/load/2
2026-01-30 19:23:55,547 - app.main - INFO - RESPONSE: GET http://localhost:8000/auth/profile - Status: 200
2026-01-30 19:23:55,553 - app.main - INFO - REQUEST: GET http://localhost:8000/auth/profile
2026-01-30 19:23:55,570 - app.main - INFO - RESPONSE: GET http://localhost:8000/flow/load/2 - Status: 200
2026-01-30 19:23:55,573 - app.main - INFO - RESPONSE: GET http://localhost:8000/auth/profile - Status: 200
2026-01-30 19:23:58,792 - app.main - INFO - REQUEST: GET http://localhost:8000/auth/profile
2026-01-30 19:23:58,794 - app.main - INFO - REQUEST: GET http://localhost:8000/products/
2026-01-30 19:23:58,810 - app.main - INFO - RESPONSE: GET http://localhost:8000/auth/profile - Status: 200
2026-01-30 19:23:58,815 - app.main - INFO - REQUEST: GET http://localhost:8000/auth/profile
2026-01-30 19:23:58,819 - app.main - INFO - RESPONSE: GET http://localhost:8000/products/ - Status: 200
2026-01-30 19:23:58,824 - app.main - INFO - REQUEST: GET http://localhost:8000/products/
2026-01-30 19:23:58,833 - app.main - INFO - RESPONSE: GET http://localhost:8000/auth/profile - Status: 200
2026-01-30 19:23:58,837 - app.main - INFO - REQUEST: GET http://localhost:8000/auth/profile
2026-01-30 19:23:58,846 - app.main - INFO - RESPONSE: GET http://localhost:8000/products/ - Status: 200
2026-01-30 19:23:58,851 - app.main - INFO - RESPONSE: GET http://localhost:8000/auth/profile - Status: 200
2026-01-30 19:23:58,855 - app.main - INFO - REQUEST: GET http://localhost:8000/auth/profile
2026-01-30 19:23:58,863 - app.main - INFO - RESPONSE: GET http://localhost:8000/auth/profile - Status: 200
2026-01-30 19:24:00,152 - app.main - INFO - REQUEST: GET http://localhost:8000/products/1
2026-01-30 19:24:00,163 - app.main - INFO - RESPONSE: GET http://localhost:8000/products/1 - Status: 200
2026-01-30 19:24:00,169 - app.main - INFO - REQUEST: GET http://localhost:8000/products/1
2026-01-30 19:24:00,172 - app.main - INFO - REQUEST: GET http://localhost:8000/features/?product_id=1
2026-01-30 19:24:00,188 - app.main - INFO - RESPONSE: GET http://localhost:8000/products/1 - Status: 200
2026-01-30 19:24:00,195 - app.main - INFO - RESPONSE: GET http://localhost:8000/features/?product_id=1 - Status: 200
2026-01-30 19:24:00,199 - app.main - INFO - REQUEST: GET http://localhost:8000/features/?product_id=1
2026-01-30 19:24:00,205 - app.main - INFO - REQUEST: GET http://localhost:8000/environments?project_id=1
2026-01-30 19:24:00,218 - app.main - INFO - RESPONSE: GET http://localhost:8000/environments?project_id=1 - Status: 200
2026-01-30 19:24:00,219 - app.main - INFO - RESPONSE: GET http://localhost:8000/features/?product_id=1 - Status: 200
2026-01-30 19:24:00,237 - app.main - INFO - REQUEST: GET http://localhost:8000/environments?project_id=1
2026-01-30 19:24:00,244 - app.main - INFO - RESPONSE: GET http://localhost:8000/environments?project_id=1 - Status: 200
2026-01-30 19:24:01,638 - app.main - INFO - REQUEST: GET http://localhost:8000/variables/?project_id=1
2026-01-30 19:24:01,639 - app.main - INFO - RESPONSE: GET http://localhost:8000/variables/?project_id=1 - Status: 307
2026-01-30 19:24:01,645 - app.main - INFO - REQUEST: GET http://localhost:8000/variables?project_id=1
2026-01-30 19:24:01,653 - app.main - INFO - RESPONSE: GET http://localhost:8000/variables?project_id=1 - Status: 200
2026-01-30 19:24:01,660 - app.main - INFO - REQUEST: GET http://localhost:8000/variables/?project_id=1&environment_id=1
2026-01-30 19:24:01,661 - app.main - INFO - RESPONSE: GET http://localhost:8000/variables/?project_id=1&environment_id=1 - Status: 307
2026-01-30 19:24:01,668 - app.main - INFO - REQUEST: GET http://localhost:8000/variables?project_id=1&environment_id=1
2026-01-30 19:24:01,676 - app.main - INFO - RESPONSE: GET http://localhost:8000/variables?project_id=1&environment_id=1 - Status: 200
2026-01-30 19:24:01,685 - app.main - INFO - REQUEST: GET http://localhost:8000/flow/load/1
2026-01-30 19:24:01,711 - app.main - INFO - RESPONSE: GET http://localhost:8000/flow/load/1 - Status: 200
2026-01-30 19:24:01,720 - app.main - INFO - REQUEST: GET http://localhost:8000/variables/?project_id=1&environment_id=1
2026-01-30 19:24:01,721 - app.main - INFO - RESPONSE: GET http://localhost:8000/variables/?project_id=1&environment_id=1 - Status: 307
2026-01-30 19:24:01,726 - app.main - INFO - REQUEST: GET http://localhost:8000/variables?project_id=1&environment_id=1
2026-01-30 19:24:01,733 - app.main - INFO - RESPONSE: GET http://localhost:8000/variables?project_id=1&environment_id=1 - Status: 200
2026-01-30 19:24:01,739 - app.main - INFO - REQUEST: POST http://localhost:8000/auth/login
2026-01-30 19:24:01,743 - app.routes.auth_routes - INFO - === LOGIN REQUEST ===
2026-01-30 19:24:01,743 - app.routes.auth_routes - INFO - Username attempt: mribelato@gmail.com
2026-01-30 19:24:01,904 - app.routes.auth_routes - INFO - Login successful for user: mribelato@gmail.com
2026-01-30 19:24:01,905 - app.routes.auth_routes - INFO - Access token generated for: mribelato@gmail.com
2026-01-30 19:24:01,907 - app.main - INFO - RESPONSE: POST http://localhost:8000/auth/login - Status: 200
2026-01-30 19:24:01,914 - app.main - INFO - REQUEST: PUT http://localhost:8000/variables/2
2026-01-30 19:24:01,932 - app.main - INFO - RESPONSE: PUT http://localhost:8000/variables/2 - Status: 200
2026-01-30 19:24:01,939 - app.main - INFO - REQUEST: POST http://localhost:8000/history/
2026-01-30 19:24:01,975 - app.main - INFO - RESPONSE: POST http://localhost:8000/history/ - Status: 201
2026-01-30 19:24:02,191 - app.main - INFO - REQUEST: GET http://localhost:8000/variables/?project_id=1&environment_id=1
2026-01-30 19:24:02,195 - app.main - INFO - RESPONSE: GET http://localhost:8000/variables/?project_id=1&environment_id=1 - Status: 307
2026-01-30 19:24:02,209 - app.main - INFO - REQUEST: GET http://localhost:8000/variables?project_id=1&environment_id=1
2026-01-30 19:24:02,232 - app.main - INFO - RESPONSE: GET http://localhost:8000/variables?project_id=1&environment_id=1 - Status: 200
2026-01-30 19:24:02,249 - app.main - INFO - REQUEST: GET http://localhost:8000/auth/profile
2026-01-30 19:24:02,273 - app.main - INFO - RESPONSE: GET http://localhost:8000/auth/profile - Status: 200
2026-01-30 19:24:02,292 - app.main - INFO - REQUEST: POST http://localhost:8000/history/
2026-01-30 19:24:02,324 - app.main - INFO - RESPONSE: POST http://localhost:8000/history/ - Status: 201
2026-01-30 19:24:02,542 - app.main - INFO - REQUEST: GET http://localhost:8000/variables/?project_id=1&environment_id=1
2026-01-30 19:24:02,545 - app.main - INFO - RESPONSE: GET http://localhost:8000/variables/?project_id=1&environment_id=1 - Status: 307
2026-01-30 19:24:02,559 - app.main - INFO - REQUEST: GET http://localhost:8000/variables?project_id=1&environment_id=1
2026-01-30 19:24:02,578 - app.main - INFO - RESPONSE: GET http://localhost:8000/variables?project_id=1&environment_id=1 - Status: 200
2026-01-30 19:24:02,594 - app.main - INFO - REQUEST: POST http://localhost:8000/auth/logout
2026-01-30 19:24:02,630 - app.routes.auth_routes - INFO - Token b88c74de-1997-4a4b-b8dd-ee30cbb11196 blacklisted for user mribelato@gmail.com
2026-01-30 19:24:02,633 - app.main - INFO - RESPONSE: POST http://localhost:8000/auth/logout - Status: 200
2026-01-30 19:24:02,648 - app.main - INFO - REQUEST: POST http://localhost:8000/history/
2026-01-30 19:24:02,694 - app.main - INFO - RESPONSE: POST http://localhost:8000/history/ - Status: 201
2026-01-30 19:24:02,908 - app.main - INFO - REQUEST: GET http://localhost:8000/variables/?project_id=1&environment_id=1
2026-01-30 19:24:02,912 - app.main - INFO - RESPONSE: GET http://localhost:8000/variables/?project_id=1&environment_id=1 - Status: 307
2026-01-30 19:24:02,924 - app.main - INFO - REQUEST: GET http://localhost:8000/variables?project_id=1&environment_id=1
2026-01-30 19:24:02,941 - app.main - INFO - RESPONSE: GET http://localhost:8000/variables?project_id=1&environment_id=1 - Status: 200
2026-01-30 19:24:02,956 - app.main - INFO - REQUEST: GET http://localhost:8000/auth/profile
2026-01-30 19:24:02,964 - app.main - INFO - RESPONSE: GET http://localhost:8000/auth/profile - Status: 401
2026-01-30 19:24:02,971 - app.main - INFO - REQUEST: POST http://localhost:8000/history/
2026-01-30 19:24:03,000 - app.main - INFO - RESPONSE: POST http://localhost:8000/history/ - Status: 201
2026-01-30 19:24:04,223 - app.main - INFO - REQUEST: GET http://localhost:8000/flow/load/2
2026-01-30 19:24:04,247 - app.main - INFO - RESPONSE: GET http://localhost:8000/flow/load/2 - Status: 200
2026-01-30 19:24:04,253 - app.main - INFO - REQUEST: GET http://localhost:8000/variables/?project_id=1&environment_id=1
2026-01-30 19:24:04,254 - app.main - INFO - RESPONSE: GET http://localhost:8000/variables/?project_id=1&environment_id=1 - Status: 307
2026-01-30 19:24:04,259 - app.main - INFO - REQUEST: GET http://localhost:8000/variables?project_id=1&environment_id=1
2026-01-30 19:24:04,264 - app.main - INFO - RESPONSE: GET http://localhost:8000/variables?project_id=1&environment_id=1 - Status: 200
2026-01-30 19:24:04,268 - app.main - INFO - REQUEST: POST http://localhost:8000/auth/login
2026-01-30 19:24:04,271 - app.routes.auth_routes - INFO - === LOGIN REQUEST ===
2026-01-30 19:24:04,272 - app.routes.auth_routes - INFO - Username attempt: mribelato@gmail.com
2026-01-30 19:24:04,426 - app.routes.auth_routes - INFO - Login successful for user: mribelato@gmail.com
2026-01-30 19:24:04,426 - app.routes.auth_routes - INFO - Access token generated for: mribelato@gmail.com
2026-01-30 19:24:04,428 - app.main - INFO - RESPONSE: POST http://localhost:8000/auth/login - Status: 200
2026-01-30 19:24:04,435 - app.main - INFO - REQUEST: PUT http://localhost:8000/variables/2
2026-01-30 19:24:04,449 - app.main - INFO - RESPONSE: PUT http://localhost:8000/variables/2 - Status: 200
2026-01-30 19:24:04,456 - app.main - INFO - REQUEST: POST http://localhost:8000/history/
2026-01-30 19:24:04,487 - app.main - INFO - RESPONSE: POST http://localhost:8000/history/ - Status: 201
2026-01-30 19:24:04,701 - app.main - INFO - REQUEST: GET http://localhost:8000/variables/?project_id=1&environment_id=1
2026-01-30 19:24:04,703 - app.main - INFO - RESPONSE: GET http://localhost:8000/variables/?project_id=1&environment_id=1 - Status: 307
2026-01-30 19:24:04,709 - app.main - INFO - REQUEST: GET http://localhost:8000/variables?project_id=1&environment_id=1
2026-01-30 19:24:04,717 - app.main - INFO - RESPONSE: GET http://localhost:8000/variables?project_id=1&environment_id=1 - Status: 200
2026-01-30 19:24:04,723 - app.main - INFO - REQUEST: GET http://localhost:8000/products/?skip=0&limit=100
2026-01-30 19:24:04,736 - app.main - INFO - RESPONSE: GET http://localhost:8000/products/?skip=0&limit=100 - Status: 200
2026-01-30 19:24:04,742 - app.main - INFO - REQUEST: POST http://localhost:8000/history/
2026-01-30 19:24:04,768 - app.main - INFO - RESPONSE: POST http://localhost:8000/history/ - Status: 201
2026-01-30 19:24:06,031 - app.main - INFO - REQUEST: GET http://localhost:8000/history/?limit=1000&environment_id=1
2026-01-30 19:24:06,045 - app.main - INFO - RESPONSE: GET http://localhost:8000/history/?limit=1000&environment_id=1 - Status: 200
2026-01-30 19:24:06,048 - app.main - INFO - REQUEST: GET http://localhost:8000/history/?limit=1000&environment_id=1
2026-01-30 19:24:06,069 - app.main - INFO - RESPONSE: GET http://localhost:8000/history/?limit=1000&environment_id=1 - Status: 200
2026-01-30 19:31:30,356 - app.main - INFO - REQUEST: OPTIONS http://localhost:8000/history/?project_id=1&page=1&limit=50&sort_by=created_at&order=desc&_=1769812290048
2026-01-30 19:31:30,360 - app.main - INFO - RESPONSE: OPTIONS http://localhost:8000/history/?project_id=1&page=1&limit=50&sort_by=created_at&order=desc&_=1769812290048 - Status: 200
2026-01-30 19:31:30,365 - app.main - INFO - REQUEST: GET http://localhost:8000/history/?project_id=1&page=1&limit=50&sort_by=created_at&order=desc&_=1769812290048
2026-01-30 19:31:30,434 - app.main - INFO - RESPONSE: GET http://localhost:8000/history/?project_id=1&page=1&limit=50&sort_by=created_at&order=desc&_=1769812290048 - Status: 200
2026-01-30 19:31:55,649 - app.main - INFO - REQUEST: OPTIONS http://localhost:8000/history/?project_id=1&page=1&limit=50&sort_by=created_at&order=desc&_=1769812315433&environment_id=1
2026-01-30 19:31:55,649 - app.main - INFO - RESPONSE: OPTIONS http://localhost:8000/history/?project_id=1&page=1&limit=50&sort_by=created_at&order=desc&_=1769812315433&environment_id=1 - Status: 200
2026-01-30 19:31:55,651 - app.main - INFO - REQUEST: GET http://localhost:8000/history/?project_id=1&page=1&limit=50&sort_by=created_at&order=desc&_=1769812315433&environment_id=1
2026-01-30 19:31:55,695 - app.main - INFO - RESPONSE: GET http://localhost:8000/history/?project_id=1&page=1&limit=50&sort_by=created_at&order=desc&_=1769812315433&environment_id=1 - Status: 200
2026-01-30 19:32:00,385 - app.main - INFO - REQUEST: OPTIONS http://localhost:8000/history/?project_id=1&page=1&limit=50&sort_by=created_at&order=desc&_=1769812320091
2026-01-30 19:32:00,386 - app.main - INFO - RESPONSE: OPTIONS http://localhost:8000/history/?project_id=1&page=1&limit=50&sort_by=created_at&order=desc&_=1769812320091 - Status: 200
2026-01-30 19:32:00,388 - app.main - INFO - REQUEST: GET http://localhost:8000/history/?project_id=1&page=1&limit=50&sort_by=created_at&order=desc&_=1769812320091
2026-01-30 19:32:00,401 - app.main - INFO - RESPONSE: GET http://localhost:8000/history/?project_id=1&page=1&limit=50&sort_by=created_at&order=desc&_=1769812320091 - Status: 200
2026-01-30 19:32:17,049 - app.main - INFO - REQUEST: OPTIONS http://localhost:8000/auth/profile
2026-01-30 19:32:17,054 - app.main - INFO - REQUEST: OPTIONS http://localhost:8000/products/
2026-01-30 19:32:17,055 - app.main - INFO - REQUEST: OPTIONS http://localhost:8000/auth/profile
2026-01-30 19:32:17,065 - app.main - INFO - REQUEST: OPTIONS http://localhost:8000/auth/profile
2026-01-30 19:32:17,066 - app.main - INFO - REQUEST: OPTIONS http://localhost:8000/auth/profile
2026-01-30 19:32:17,067 - app.main - INFO - REQUEST: OPTIONS http://localhost:8000/products/
2026-01-30 19:32:17,069 - app.main - INFO - RESPONSE: OPTIONS http://localhost:8000/auth/profile - Status: 200
2026-01-30 19:32:17,078 - app.main - INFO - RESPONSE: OPTIONS http://localhost:8000/products/ - Status: 200
2026-01-30 19:32:17,081 - app.main - INFO - RESPONSE: OPTIONS http://localhost:8000/auth/profile - Status: 200
2026-01-30 19:32:17,085 - app.main - INFO - RESPONSE: OPTIONS http://localhost:8000/auth/profile - Status: 200
2026-01-30 19:32:17,088 - app.main - INFO - RESPONSE: OPTIONS http://localhost:8000/auth/profile - Status: 200
2026-01-30 19:32:17,091 - app.main - INFO - RESPONSE: OPTIONS http://localhost:8000/products/ - Status: 200
2026-01-30 19:32:17,102 - app.main - INFO - REQUEST: GET http://localhost:8000/auth/profile
2026-01-30 19:32:17,113 - app.main - INFO - REQUEST: GET http://localhost:8000/products/
2026-01-30 19:32:17,150 - app.main - INFO - RESPONSE: GET http://localhost:8000/auth/profile - Status: 200
2026-01-30 19:32:17,155 - app.main - INFO - RESPONSE: GET http://localhost:8000/products/ - Status: 200
2026-01-30 19:32:17,166 - app.main - INFO - REQUEST: GET http://localhost:8000/auth/profile
2026-01-30 19:32:17,171 - app.main - INFO - REQUEST: GET http://localhost:8000/products/
2026-01-30 19:32:17,202 - app.main - INFO - RESPONSE: GET http://localhost:8000/auth/profile - Status: 200
2026-01-30 19:32:17,209 - app.main - INFO - RESPONSE: GET http://localhost:8000/products/ - Status: 200
2026-01-30 19:32:17,211 - app.main - INFO - REQUEST: GET http://localhost:8000/auth/profile
2026-01-30 19:32:17,223 - app.main - INFO - RESPONSE: GET http://localhost:8000/auth/profile - Status: 200
2026-01-30 19:32:17,228 - app.main - INFO - REQUEST: GET http://localhost:8000/auth/profile
2026-01-30 19:32:17,236 - app.main - INFO - RESPONSE: GET http://localhost:8000/auth/profile - Status: 200
2026-01-30 19:32:18,365 - app.main - INFO - REQUEST: OPTIONS http://localhost:8000/features/?product_id=1
2026-01-30 19:32:18,367 - app.main - INFO - REQUEST: GET http://localhost:8000/auth/profile
2026-01-30 19:32:18,367 - app.main - INFO - REQUEST: OPTIONS http://localhost:8000/features/?product_id=1
2026-01-30 19:32:18,368 - app.main - INFO - RESPONSE: OPTIONS http://localhost:8000/features/?product_id=1 - Status: 200
2026-01-30 19:32:18,370 - app.main - INFO - RESPONSE: OPTIONS http://localhost:8000/features/?product_id=1 - Status: 200
2026-01-30 19:32:18,372 - app.main - INFO - REQUEST: GET http://localhost:8000/features/?product_id=1
2026-01-30 19:32:18,382 - app.main - INFO - RESPONSE: GET http://localhost:8000/auth/profile - Status: 200
2026-01-30 19:32:18,388 - app.main - INFO - REQUEST: GET http://localhost:8000/auth/profile
2026-01-30 19:32:18,390 - app.main - INFO - RESPONSE: GET http://localhost:8000/features/?product_id=1 - Status: 200
2026-01-30 19:32:18,394 - app.main - INFO - REQUEST: GET http://localhost:8000/features/?product_id=1
2026-01-30 19:32:18,402 - app.main - INFO - REQUEST: OPTIONS http://localhost:8000/environments?project_id=1
2026-01-30 19:32:18,402 - app.main - INFO - RESPONSE: OPTIONS http://localhost:8000/environments?project_id=1 - Status: 200
2026-01-30 19:32:18,410 - app.main - INFO - REQUEST: GET http://localhost:8000/environments?project_id=1
2026-01-30 19:32:18,412 - app.main - INFO - RESPONSE: GET http://localhost:8000/auth/profile - Status: 200
2026-01-30 19:32:18,417 - app.main - INFO - REQUEST: GET http://localhost:8000/auth/profile
2026-01-30 19:32:18,425 - app.main - INFO - RESPONSE: GET http://localhost:8000/features/?product_id=1 - Status: 200
2026-01-30 19:32:18,434 - app.main - INFO - RESPONSE: GET http://localhost:8000/environments?project_id=1 - Status: 200
2026-01-30 19:32:18,437 - app.main - INFO - RESPONSE: GET http://localhost:8000/auth/profile - Status: 200
2026-01-30 19:32:18,441 - app.main - INFO - REQUEST: GET http://localhost:8000/environments?project_id=1
2026-01-30 19:32:18,445 - app.main - INFO - REQUEST: GET http://localhost:8000/auth/profile
2026-01-30 19:32:18,458 - app.main - INFO - RESPONSE: GET http://localhost:8000/environments?project_id=1 - Status: 200
2026-01-30 19:32:18,461 - app.main - INFO - RESPONSE: GET http://localhost:8000/auth/profile - Status: 200
2026-01-30 19:32:19,826 - app.main - INFO - REQUEST: OPTIONS http://localhost:8000/flow/load/1
2026-01-30 19:32:19,828 - app.main - INFO - REQUEST: OPTIONS http://localhost:8000/flow/load/1
2026-01-30 19:32:19,829 - app.main - INFO - REQUEST: GET http://localhost:8000/auth/profile
2026-01-30 19:32:19,829 - app.main - INFO - RESPONSE: OPTIONS http://localhost:8000/flow/load/1 - Status: 200
2026-01-30 19:32:19,830 - app.main - INFO - RESPONSE: OPTIONS http://localhost:8000/flow/load/1 - Status: 200
2026-01-30 19:32:19,832 - app.main - INFO - REQUEST: GET http://localhost:8000/flow/load/1
2026-01-30 19:32:19,841 - app.main - INFO - RESPONSE: GET http://localhost:8000/auth/profile - Status: 200
2026-01-30 19:32:19,844 - app.main - INFO - REQUEST: GET http://localhost:8000/auth/profile
2026-01-30 19:32:19,857 - app.main - INFO - RESPONSE: GET http://localhost:8000/flow/load/1 - Status: 200
2026-01-30 19:32:19,859 - app.main - INFO - RESPONSE: GET http://localhost:8000/auth/profile - Status: 200
2026-01-30 19:32:19,862 - app.main - INFO - REQUEST: GET http://localhost:8000/flow/load/1
2026-01-30 19:32:19,865 - app.main - INFO - REQUEST: GET http://localhost:8000/auth/profile
2026-01-30 19:32:19,875 - app.main - INFO - RESPONSE: GET http://localhost:8000/auth/profile - Status: 200
2026-01-30 19:32:19,878 - app.main - INFO - REQUEST: GET http://localhost:8000/auth/profile
2026-01-30 19:32:19,886 - app.main - INFO - RESPONSE: GET http://localhost:8000/flow/load/1 - Status: 200
2026-01-30 19:32:19,888 - app.main - INFO - RESPONSE: GET http://localhost:8000/auth/profile - Status: 200
2026-01-30 19:32:25,611 - app.main - INFO - REQUEST: OPTIONS http://localhost:8000/variables/?project_id=1&flow_id=1
2026-01-30 19:32:25,617 - app.main - INFO - REQUEST: GET http://localhost:8000/environments?project_id=1
2026-01-30 19:32:25,619 - app.main - INFO - REQUEST: OPTIONS http://localhost:8000/variables/?project_id=1&flow_id=1
2026-01-30 19:32:25,625 - app.main - INFO - RESPONSE: OPTIONS http://localhost:8000/variables/?project_id=1&flow_id=1 - Status: 200
2026-01-30 19:32:25,630 - app.main - INFO - RESPONSE: OPTIONS http://localhost:8000/variables/?project_id=1&flow_id=1 - Status: 200
2026-01-30 19:32:25,640 - app.main - INFO - REQUEST: OPTIONS http://localhost:8000/flow/save
2026-01-30 19:32:25,644 - app.main - INFO - REQUEST: GET http://localhost:8000/variables/?project_id=1&flow_id=1
2026-01-30 19:32:25,647 - app.main - INFO - RESPONSE: OPTIONS http://localhost:8000/flow/save - Status: 200
2026-01-30 19:32:25,655 - app.main - INFO - RESPONSE: GET http://localhost:8000/variables/?project_id=1&flow_id=1 - Status: 307
2026-01-30 19:32:25,663 - app.main - INFO - REQUEST: POST http://localhost:8000/flow/save
2026-01-30 19:32:25,668 - app.main - INFO - REQUEST: GET http://localhost:8000/variables/?project_id=1&flow_id=1
2026-01-30 19:32:25,675 - app.main - INFO - RESPONSE: GET http://localhost:8000/variables/?project_id=1&flow_id=1 - Status: 307
2026-01-30 19:32:25,677 - app.main - INFO - RESPONSE: GET http://localhost:8000/environments?project_id=1 - Status: 200
2026-01-30 19:32:25,684 - app.main - INFO - REQUEST: OPTIONS http://localhost:8000/variables?project_id=1&flow_id=1
2026-01-30 19:32:25,691 - app.main - INFO - REQUEST: GET http://localhost:8000/environments?project_id=1
2026-01-30 19:32:25,695 - app.main - INFO - RESPONSE: OPTIONS http://localhost:8000/variables?project_id=1&flow_id=1 - Status: 200
2026-01-30 19:32:25,712 - app.main - INFO - REQUEST: OPTIONS http://localhost:8000/variables?project_id=1&flow_id=1
2026-01-30 19:32:25,721 - app.main - INFO - RESPONSE: OPTIONS http://localhost:8000/variables?project_id=1&flow_id=1 - Status: 200
2026-01-30 19:32:25,736 - app.main - INFO - REQUEST: GET http://localhost:8000/variables?project_id=1&flow_id=1
2026-01-30 19:32:25,758 - app.main - INFO - RESPONSE: GET http://localhost:8000/environments?project_id=1 - Status: 200
2026-01-30 19:32:25,778 - app.main - INFO - REQUEST: GET http://localhost:8000/variables/?project_id=1&flow_id=1
2026-01-30 19:32:25,782 - app.main - INFO - RESPONSE: GET http://localhost:8000/variables/?project_id=1&flow_id=1 - Status: 307
2026-01-30 19:32:25,791 - app.main - INFO - RESPONSE: GET http://localhost:8000/variables?project_id=1&flow_id=1 - Status: 200
2026-01-30 19:32:25,796 - app.main - INFO - REQUEST: GET http://localhost:8000/variables?project_id=1&flow_id=1
2026-01-30 19:32:25,799 - app.main - INFO - REQUEST: GET http://localhost:8000/variables/?project_id=1&flow_id=1
2026-01-30 19:32:25,801 - app.main - INFO - RESPONSE: GET http://localhost:8000/variables/?project_id=1&flow_id=1 - Status: 307
2026-01-30 19:32:25,807 - app.main - INFO - RESPONSE: POST http://localhost:8000/flow/save - Status: 200
2026-01-30 19:32:25,812 - app.main - INFO - RESPONSE: GET http://localhost:8000/variables?project_id=1&flow_id=1 - Status: 200
2026-01-30 19:32:25,814 - app.main - INFO - REQUEST: GET http://localhost:8000/variables?project_id=1&flow_id=1
2026-01-30 19:32:25,819 - app.main - INFO - RESPONSE: GET http://localhost:8000/variables?project_id=1&flow_id=1 - Status: 200
2026-01-30 19:32:25,822 - app.main - INFO - REQUEST: GET http://localhost:8000/variables?project_id=1&flow_id=1
2026-01-30 19:32:25,826 - app.main - INFO - REQUEST: OPTIONS http://localhost:8000/variables/?project_id=1&flow_id=1&environment_id=1
2026-01-30 19:32:25,827 - app.main - INFO - RESPONSE: OPTIONS http://localhost:8000/variables/?project_id=1&flow_id=1&environment_id=1 - Status: 200
2026-01-30 19:32:25,829 - app.main - INFO - RESPONSE: GET http://localhost:8000/variables?project_id=1&flow_id=1 - Status: 200
2026-01-30 19:32:25,830 - app.main - INFO - REQUEST: GET http://localhost:8000/variables/?project_id=1&flow_id=1&environment_id=1
2026-01-30 19:32:25,831 - app.main - INFO - RESPONSE: GET http://localhost:8000/variables/?project_id=1&flow_id=1&environment_id=1 - Status: 307
2026-01-30 19:32:25,834 - app.main - INFO - REQUEST: GET http://localhost:8000/variables/?project_id=1&flow_id=1&environment_id=1
2026-01-30 19:32:25,836 - app.main - INFO - REQUEST: OPTIONS http://localhost:8000/variables?project_id=1&flow_id=1&environment_id=1
2026-01-30 19:32:25,837 - app.main - INFO - RESPONSE: GET http://localhost:8000/variables/?project_id=1&flow_id=1&environment_id=1 - Status: 307
2026-01-30 19:32:25,838 - app.main - INFO - RESPONSE: OPTIONS http://localhost:8000/variables?project_id=1&flow_id=1&environment_id=1 - Status: 200
2026-01-30 19:32:25,841 - app.main - INFO - REQUEST: GET http://localhost:8000/variables?project_id=1&flow_id=1&environment_id=1
2026-01-30 19:32:25,848 - app.main - INFO - RESPONSE: GET http://localhost:8000/variables?project_id=1&flow_id=1&environment_id=1 - Status: 200
2026-01-30 19:32:25,854 - app.main - INFO - REQUEST: GET http://localhost:8000/variables?project_id=1&flow_id=1&environment_id=1
2026-01-30 19:32:25,862 - app.main - INFO - RESPONSE: GET http://localhost:8000/variables?project_id=1&flow_id=1&environment_id=1 - Status: 200
2026-01-30 19:32:27,356 - app.main - INFO - REQUEST: OPTIONS http://localhost:8000/history/?flow_id=1&project_id=1&page=1&limit=50&sort_by=created_at&order=desc&_=1769812347351
2026-01-30 19:32:27,357 - app.main - INFO - REQUEST: OPTIONS http://localhost:8000/history/?flow_id=1&project_id=1&page=1&limit=50&sort_by=created_at&order=desc&_=1769812347353
2026-01-30 19:32:27,357 - app.main - INFO - RESPONSE: OPTIONS http://localhost:8000/history/?flow_id=1&project_id=1&page=1&limit=50&sort_by=created_at&order=desc&_=1769812347351 - Status: 200
2026-01-30 19:32:27,358 - app.main - INFO - RESPONSE: OPTIONS http://localhost:8000/history/?flow_id=1&project_id=1&page=1&limit=50&sort_by=created_at&order=desc&_=1769812347353 - Status: 200
2026-01-30 19:32:27,360 - app.main - INFO - REQUEST: GET http://localhost:8000/history/?flow_id=1&project_id=1&page=1&limit=50&sort_by=created_at&order=desc&_=1769812347351
2026-01-30 19:32:27,362 - app.main - INFO - REQUEST: GET http://localhost:8000/history/?flow_id=1&project_id=1&page=1&limit=50&sort_by=created_at&order=desc&_=1769812347353
2026-01-30 19:32:27,388 - app.main - INFO - RESPONSE: GET http://localhost:8000/history/?flow_id=1&project_id=1&page=1&limit=50&sort_by=created_at&order=desc&_=1769812347351 - Status: 200
2026-01-30 19:32:27,389 - app.main - INFO - RESPONSE: GET http://localhost:8000/history/?flow_id=1&project_id=1&page=1&limit=50&sort_by=created_at&order=desc&_=1769812347353 - Status: 200
2026-01-30 19:32:54,393 - app.main - INFO - REQUEST: GET http://localhost:8000/flow/load/1
2026-01-30 19:32:54,416 - app.main - INFO - RESPONSE: GET http://localhost:8000/flow/load/1 - Status: 200
2026-01-30 19:32:54,424 - app.main - INFO - REQUEST: POST http://localhost:8000/flow/save
2026-01-30 19:32:54,455 - app.main - INFO - RESPONSE: POST http://localhost:8000/flow/save - Status: 200
2026-01-30 19:33:07,539 - app.main - INFO - REQUEST: GET http://localhost:8000/flow/load/1
2026-01-30 19:33:07,564 - app.main - INFO - RESPONSE: GET http://localhost:8000/flow/load/1 - Status: 200
2026-01-30 19:33:07,570 - app.main - INFO - REQUEST: POST http://localhost:8000/flow/save
2026-01-30 19:33:07,604 - app.main - INFO - RESPONSE: POST http://localhost:8000/flow/save - Status: 200
2026-01-30 19:33:11,748 - app.main - INFO - REQUEST: GET http://localhost:8000/auth/profile
2026-01-30 19:33:11,750 - app.main - INFO - REQUEST: GET http://localhost:8000/flow/load/1
2026-01-30 19:33:11,793 - app.main - INFO - RESPONSE: GET http://localhost:8000/auth/profile - Status: 200
2026-01-30 19:33:11,798 - app.main - INFO - REQUEST: GET http://localhost:8000/auth/profile
2026-01-30 19:33:11,812 - app.main - INFO - RESPONSE: GET http://localhost:8000/flow/load/1 - Status: 200
2026-01-30 19:33:11,815 - app.main - INFO - RESPONSE: GET http://localhost:8000/auth/profile - Status: 200
2026-01-30 19:33:11,817 - app.main - INFO - REQUEST: GET http://localhost:8000/flow/load/1
2026-01-30 19:33:11,818 - app.main - INFO - REQUEST: GET http://localhost:8000/auth/profile
2026-01-30 19:33:11,829 - app.main - INFO - RESPONSE: GET http://localhost:8000/auth/profile - Status: 200
2026-01-30 19:33:11,833 - app.main - INFO - REQUEST: GET http://localhost:8000/auth/profile
2026-01-30 19:33:11,840 - app.main - INFO - RESPONSE: GET http://localhost:8000/flow/load/1 - Status: 200
2026-01-30 19:33:11,842 - app.main - INFO - RESPONSE: GET http://localhost:8000/auth/profile - Status: 200
2026-01-30 19:33:12,635 - app.main - INFO - REQUEST: POST http://localhost:8000/flow/save
2026-01-30 19:33:12,693 - app.main - INFO - RESPONSE: POST http://localhost:8000/flow/save - Status: 200
2026-01-30 19:33:12,700 - app.main - INFO - REQUEST: POST http://localhost:8000/flow/save
2026-01-30 19:33:12,749 - app.main - INFO - RESPONSE: POST http://localhost:8000/flow/save - Status: 200
2026-01-30 19:33:15,319 - app.main - INFO - REQUEST: GET http://localhost:8000/environments?project_id=1
2026-01-30 19:33:15,326 - app.main - INFO - RESPONSE: GET http://localhost:8000/environments?project_id=1 - Status: 200
2026-01-30 19:33:17,269 - app.main - INFO - REQUEST: OPTIONS http://localhost:8000/variables/?project_id=1&environment_id=1
2026-01-30 19:33:17,271 - app.main - INFO - RESPONSE: OPTIONS http://localhost:8000/variables/?project_id=1&environment_id=1 - Status: 200
2026-01-30 19:33:17,277 - app.main - INFO - REQUEST: GET http://localhost:8000/variables/?project_id=1&environment_id=1
2026-01-30 19:33:17,280 - app.main - INFO - RESPONSE: GET http://localhost:8000/variables/?project_id=1&environment_id=1 - Status: 307
2026-01-30 19:33:17,285 - app.main - INFO - REQUEST: OPTIONS http://localhost:8000/variables?project_id=1&environment_id=1
2026-01-30 19:33:17,286 - app.main - INFO - RESPONSE: OPTIONS http://localhost:8000/variables?project_id=1&environment_id=1 - Status: 200
2026-01-30 19:33:17,294 - app.main - INFO - REQUEST: GET http://localhost:8000/variables?project_id=1&environment_id=1
2026-01-30 19:33:17,303 - app.main - INFO - RESPONSE: GET http://localhost:8000/variables?project_id=1&environment_id=1 - Status: 200
2026-01-30 19:33:17,828 - app.main - INFO - REQUEST: POST http://localhost:8000/auth/login
2026-01-30 19:33:17,837 - app.routes.auth_routes - INFO - === LOGIN REQUEST ===
2026-01-30 19:33:17,838 - app.routes.auth_routes - INFO - Username attempt: mribelato@gmail.com
2026-01-30 19:33:18,125 - app.routes.auth_routes - INFO - Login successful for user: mribelato@gmail.com
2026-01-30 19:33:18,125 - app.routes.auth_routes - INFO - Access token generated for: mribelato@gmail.com
2026-01-30 19:33:18,127 - app.main - INFO - RESPONSE: POST http://localhost:8000/auth/login - Status: 200
2026-01-30 19:33:18,135 - app.main - INFO - REQUEST: OPTIONS http://localhost:8000/history/
2026-01-30 19:33:18,137 - app.main - INFO - RESPONSE: OPTIONS http://localhost:8000/history/ - Status: 200
2026-01-30 19:33:18,141 - app.main - INFO - REQUEST: POST http://localhost:8000/history/
2026-01-30 19:33:18,171 - app.main - INFO - RESPONSE: POST http://localhost:8000/history/ - Status: 201
2026-01-30 19:33:18,178 - app.main - INFO - REQUEST: OPTIONS http://localhost:8000/variables/2
2026-01-30 19:33:18,179 - app.main - INFO - RESPONSE: OPTIONS http://localhost:8000/variables/2 - Status: 200
2026-01-30 19:33:18,183 - app.main - INFO - REQUEST: PUT http://localhost:8000/variables/2
2026-01-30 19:33:18,200 - app.main - INFO - RESPONSE: PUT http://localhost:8000/variables/2 - Status: 200
2026-01-30 19:33:18,713 - app.main - INFO - REQUEST: GET http://localhost:8000/auth/profile
2026-01-30 19:33:18,730 - app.main - INFO - RESPONSE: GET http://localhost:8000/auth/profile - Status: 200
2026-01-30 19:33:18,745 - app.main - INFO - REQUEST: POST http://localhost:8000/history/
2026-01-30 19:33:18,796 - app.main - INFO - RESPONSE: POST http://localhost:8000/history/ - Status: 201
2026-01-30 19:33:19,312 - app.main - INFO - REQUEST: OPTIONS http://localhost:8000/auth/logout
2026-01-30 19:33:19,314 - app.main - INFO - RESPONSE: OPTIONS http://localhost:8000/auth/logout - Status: 200
2026-01-30 19:33:19,323 - app.main - INFO - REQUEST: POST http://localhost:8000/auth/logout
2026-01-30 19:33:19,357 - app.routes.auth_routes - INFO - Token c4314eb8-49ce-4b77-a27c-982eeab1b638 blacklisted for user mribelato@gmail.com
2026-01-30 19:33:19,359 - app.main - INFO - RESPONSE: POST http://localhost:8000/auth/logout - Status: 200
2026-01-30 19:33:19,375 - app.main - INFO - REQUEST: POST http://localhost:8000/history/
2026-01-30 19:33:19,432 - app.main - INFO - RESPONSE: POST http://localhost:8000/history/ - Status: 201
2026-01-30 19:33:19,953 - app.main - INFO - REQUEST: GET http://localhost:8000/auth/profile
2026-01-30 19:33:19,965 - app.main - INFO - RESPONSE: GET http://localhost:8000/auth/profile - Status: 401
2026-01-30 19:33:19,978 - app.main - INFO - REQUEST: POST http://localhost:8000/history/
2026-01-30 19:33:20,028 - app.main - INFO - RESPONSE: POST http://localhost:8000/history/ - Status: 201
2026-01-30 19:33:20,264 - app.main - INFO - REQUEST: OPTIONS http://localhost:8000/history/?limit=1000&environment_id=1
2026-01-30 19:33:20,266 - app.main - INFO - REQUEST: OPTIONS http://localhost:8000/history/?limit=1000&environment_id=1
2026-01-30 19:33:20,267 - app.main - INFO - RESPONSE: OPTIONS http://localhost:8000/history/?limit=1000&environment_id=1 - Status: 200
2026-01-30 19:33:20,274 - app.main - INFO - RESPONSE: OPTIONS http://localhost:8000/history/?limit=1000&environment_id=1 - Status: 200
2026-01-30 19:33:20,279 - app.main - INFO - REQUEST: GET http://localhost:8000/history/?limit=1000&environment_id=1
2026-01-30 19:33:20,318 - app.main - INFO - RESPONSE: GET http://localhost:8000/history/?limit=1000&environment_id=1 - Status: 200
2026-01-30 19:33:20,322 - app.main - INFO - REQUEST: GET http://localhost:8000/history/?limit=1000&environment_id=1
2026-01-30 19:33:20,350 - app.main - INFO - RESPONSE: GET http://localhost:8000/history/?limit=1000&environment_id=1 - Status: 200
2026-01-30 19:34:43,265 - app.main - INFO - REQUEST: GET http://localhost:8000/environments?project_id=1
2026-01-30 19:34:43,271 - app.main - INFO - RESPONSE: GET http://localhost:8000/environments?project_id=1 - Status: 200
2026-01-30 19:34:44,651 - app.main - INFO - REQUEST: GET http://localhost:8000/variables/?project_id=1&environment_id=1
2026-01-30 19:34:44,656 - app.main - INFO - RESPONSE: GET http://localhost:8000/variables/?project_id=1&environment_id=1 - Status: 307
2026-01-30 19:34:44,664 - app.main - INFO - REQUEST: GET http://localhost:8000/variables?project_id=1&environment_id=1
2026-01-30 19:34:44,677 - app.main - INFO - RESPONSE: GET http://localhost:8000/variables?project_id=1&environment_id=1 - Status: 200
2026-01-30 19:34:45,191 - app.main - INFO - REQUEST: POST http://localhost:8000/auth/login
2026-01-30 19:34:45,197 - app.routes.auth_routes - INFO - === LOGIN REQUEST ===
2026-01-30 19:34:45,198 - app.routes.auth_routes - INFO - Username attempt: mribelato@gmail.com
2026-01-30 19:34:45,495 - app.routes.auth_routes - INFO - Login successful for user: mribelato@gmail.com
2026-01-30 19:34:45,496 - app.routes.auth_routes - INFO - Access token generated for: mribelato@gmail.com
2026-01-30 19:34:45,498 - app.main - INFO - RESPONSE: POST http://localhost:8000/auth/login - Status: 200
2026-01-30 19:34:45,508 - app.main - INFO - REQUEST: POST http://localhost:8000/history/
2026-01-30 19:34:45,541 - app.main - INFO - RESPONSE: POST http://localhost:8000/history/ - Status: 201
2026-01-30 19:34:45,551 - app.main - INFO - REQUEST: PUT http://localhost:8000/variables/2
2026-01-30 19:34:45,571 - app.main - INFO - RESPONSE: PUT http://localhost:8000/variables/2 - Status: 200
2026-01-30 19:34:46,089 - app.main - INFO - REQUEST: GET http://localhost:8000/auth/profile
2026-01-30 19:34:46,107 - app.main - INFO - RESPONSE: GET http://localhost:8000/auth/profile - Status: 200
2026-01-30 19:34:46,120 - app.main - INFO - REQUEST: POST http://localhost:8000/history/
2026-01-30 19:34:46,182 - app.main - INFO - RESPONSE: POST http://localhost:8000/history/ - Status: 201
2026-01-30 19:34:46,697 - app.main - INFO - REQUEST: POST http://localhost:8000/auth/logout
2026-01-30 19:34:46,712 - app.routes.auth_routes - INFO - Token 3566e9da-e7e0-45d7-9376-5c4706a5244a blacklisted for user mribelato@gmail.com
2026-01-30 19:34:46,713 - app.main - INFO - RESPONSE: POST http://localhost:8000/auth/logout - Status: 200
2026-01-30 19:34:46,721 - app.main - INFO - REQUEST: POST http://localhost:8000/history/
2026-01-30 19:34:46,750 - app.main - INFO - RESPONSE: POST http://localhost:8000/history/ - Status: 201
2026-01-30 19:34:47,274 - app.main - INFO - REQUEST: GET http://localhost:8000/auth/profile
2026-01-30 19:34:47,287 - app.main - INFO - RESPONSE: GET http://localhost:8000/auth/profile - Status: 401
2026-01-30 19:34:47,298 - app.main - INFO - REQUEST: POST http://localhost:8000/history/
2026-01-30 19:34:47,354 - app.main - INFO - RESPONSE: POST http://localhost:8000/history/ - Status: 201
2026-01-30 19:34:47,536 - app.main - INFO - REQUEST: GET http://localhost:8000/history/?limit=1000&environment_id=1
2026-01-30 19:34:47,585 - app.main - INFO - RESPONSE: GET http://localhost:8000/history/?limit=1000&environment_id=1 - Status: 200
2026-01-30 19:34:47,590 - app.main - INFO - REQUEST: GET http://localhost:8000/history/?limit=1000&environment_id=1
2026-01-30 19:34:47,623 - app.main - INFO - RESPONSE: GET http://localhost:8000/history/?limit=1000&environment_id=1 - Status: 200
2026-01-30 19:34:51,934 - app.main - INFO - REQUEST: OPTIONS http://localhost:8000/history/98
2026-01-30 19:34:51,935 - app.main - INFO - RESPONSE: OPTIONS http://localhost:8000/history/98 - Status: 200
2026-01-30 19:34:51,938 - app.main - INFO - REQUEST: GET http://localhost:8000/history/98
2026-01-30 19:34:51,963 - app.main - INFO - RESPONSE: GET http://localhost:8000/history/98 - Status: 200
2026-01-30 19:35:07,481 - app.main - INFO - REQUEST: GET http://localhost:8000/auth/profile
2026-01-30 19:35:07,495 - app.main - INFO - RESPONSE: GET http://localhost:8000/auth/profile - Status: 200
2026-01-30 19:35:07,507 - app.main - INFO - REQUEST: GET http://localhost:8000/products/
2026-01-30 19:35:07,525 - app.main - INFO - RESPONSE: GET http://localhost:8000/products/ - Status: 200
2026-01-30 19:35:07,530 - app.main - INFO - REQUEST: GET http://localhost:8000/auth/profile
2026-01-30 19:35:07,542 - app.main - INFO - RESPONSE: GET http://localhost:8000/auth/profile - Status: 200
2026-01-30 19:35:07,546 - app.main - INFO - REQUEST: GET http://localhost:8000/products/
2026-01-30 19:35:07,558 - app.main - INFO - RESPONSE: GET http://localhost:8000/products/ - Status: 200
2026-01-30 19:35:07,562 - app.main - INFO - REQUEST: GET http://localhost:8000/auth/profile
2026-01-30 19:35:07,570 - app.main - INFO - RESPONSE: GET http://localhost:8000/auth/profile - Status: 200
2026-01-30 19:35:07,572 - app.main - INFO - REQUEST: GET http://localhost:8000/auth/profile
2026-01-30 19:35:07,580 - app.main - INFO - RESPONSE: GET http://localhost:8000/auth/profile - Status: 200
2026-01-30 19:36:39,327 - app.main - INFO - REQUEST: GET http://localhost:8000/auth/profile
2026-01-30 19:36:39,332 - app.main - INFO - REQUEST: GET http://localhost:8000/features/?product_id=1
2026-01-30 19:36:39,359 - app.main - INFO - RESPONSE: GET http://localhost:8000/auth/profile - Status: 200
2026-01-30 19:36:39,369 - app.main - INFO - REQUEST: GET http://localhost:8000/auth/profile
2026-01-30 19:36:39,380 - app.main - INFO - RESPONSE: GET http://localhost:8000/features/?product_id=1 - Status: 200
2026-01-30 19:36:39,391 - app.main - INFO - REQUEST: GET http://localhost:8000/features/?product_id=1
2026-01-30 19:36:39,403 - app.main - INFO - RESPONSE: GET http://localhost:8000/auth/profile - Status: 200
2026-01-30 19:36:39,412 - app.main - INFO - REQUEST: GET http://localhost:8000/environments?project_id=1
2026-01-30 19:36:39,432 - app.main - INFO - RESPONSE: GET http://localhost:8000/features/?product_id=1 - Status: 200
2026-01-30 19:36:39,436 - app.main - INFO - RESPONSE: GET http://localhost:8000/environments?project_id=1 - Status: 200
2026-01-30 19:36:39,442 - app.main - INFO - REQUEST: GET http://localhost:8000/auth/profile
2026-01-30 19:36:39,450 - app.main - INFO - REQUEST: GET http://localhost:8000/environments?project_id=1
2026-01-30 19:36:39,471 - app.main - INFO - RESPONSE: GET http://localhost:8000/auth/profile - Status: 200
2026-01-30 19:36:39,473 - app.main - INFO - RESPONSE: GET http://localhost:8000/environments?project_id=1 - Status: 200
2026-01-30 19:36:39,482 - app.main - INFO - REQUEST: GET http://localhost:8000/auth/profile
2026-01-30 19:36:39,499 - app.main - INFO - RESPONSE: GET http://localhost:8000/auth/profile - Status: 200
2026-01-30 19:36:42,187 - app.main - INFO - REQUEST: GET http://localhost:8000/auth/profile
2026-01-30 19:36:42,190 - app.main - INFO - REQUEST: GET http://localhost:8000/products/
2026-01-30 19:36:42,203 - app.main - INFO - RESPONSE: GET http://localhost:8000/auth/profile - Status: 200
2026-01-30 19:36:42,215 - app.main - INFO - REQUEST: GET http://localhost:8000/auth/profile
2026-01-30 19:36:42,220 - app.main - INFO - RESPONSE: GET http://localhost:8000/products/ - Status: 200
2026-01-30 19:36:42,233 - app.main - INFO - REQUEST: GET http://localhost:8000/products/
2026-01-30 19:36:42,236 - app.main - INFO - RESPONSE: GET http://localhost:8000/auth/profile - Status: 200
2026-01-30 19:36:42,253 - app.main - INFO - REQUEST: GET http://localhost:8000/auth/profile
2026-01-30 19:36:42,257 - app.main - INFO - RESPONSE: GET http://localhost:8000/products/ - Status: 200
2026-01-30 19:36:42,270 - app.main - INFO - RESPONSE: GET http://localhost:8000/auth/profile - Status: 200
2026-01-30 19:36:42,282 - app.main - INFO - REQUEST: GET http://localhost:8000/auth/profile
2026-01-30 19:36:42,290 - app.main - INFO - RESPONSE: GET http://localhost:8000/auth/profile - Status: 200
2026-01-30 19:36:43,801 - app.main - INFO - REQUEST: OPTIONS http://localhost:8000/products/1
2026-01-30 19:36:43,803 - app.main - INFO - REQUEST: OPTIONS http://localhost:8000/products/1
2026-01-30 19:36:43,803 - app.main - INFO - RESPONSE: OPTIONS http://localhost:8000/products/1 - Status: 200
2026-01-30 19:36:43,805 - app.main - INFO - RESPONSE: OPTIONS http://localhost:8000/products/1 - Status: 200
2026-01-30 19:36:43,807 - app.main - INFO - REQUEST: GET http://localhost:8000/products/1
2026-01-30 19:36:43,820 - app.main - INFO - RESPONSE: GET http://localhost:8000/products/1 - Status: 200
2026-01-30 19:36:43,824 - app.main - INFO - REQUEST: GET http://localhost:8000/products/1
2026-01-30 19:36:43,828 - app.main - INFO - REQUEST: GET http://localhost:8000/features/?product_id=1
2026-01-30 19:36:43,844 - app.main - INFO - RESPONSE: GET http://localhost:8000/products/1 - Status: 200
2026-01-30 19:36:43,848 - app.main - INFO - RESPONSE: GET http://localhost:8000/features/?product_id=1 - Status: 200
2026-01-30 19:36:43,852 - app.main - INFO - REQUEST: GET http://localhost:8000/features/?product_id=1
2026-01-30 19:36:43,857 - app.main - INFO - REQUEST: GET http://localhost:8000/environments?project_id=1
2026-01-30 19:36:43,868 - app.main - INFO - RESPONSE: GET http://localhost:8000/environments?project_id=1 - Status: 200
2026-01-30 19:36:43,872 - app.main - INFO - RESPONSE: GET http://localhost:8000/features/?product_id=1 - Status: 200
2026-01-30 19:36:43,887 - app.main - INFO - REQUEST: GET http://localhost:8000/environments?project_id=1
2026-01-30 19:36:43,895 - app.main - INFO - RESPONSE: GET http://localhost:8000/environments?project_id=1 - Status: 200
2026-01-30 19:36:45,000 - app.main - INFO - REQUEST: OPTIONS http://localhost:8000/history/?project_id=1&page=1&limit=50&sort_by=created_at&order=desc&_=1769812604996
2026-01-30 19:36:45,001 - app.main - INFO - RESPONSE: OPTIONS http://localhost:8000/history/?project_id=1&page=1&limit=50&sort_by=created_at&order=desc&_=1769812604996 - Status: 200
2026-01-30 19:36:45,004 - app.main - INFO - REQUEST: GET http://localhost:8000/history/?project_id=1&page=1&limit=50&sort_by=created_at&order=desc&_=1769812604996
2026-01-30 19:36:45,027 - app.main - INFO - RESPONSE: GET http://localhost:8000/history/?project_id=1&page=1&limit=50&sort_by=created_at&order=desc&_=1769812604996 - Status: 200
2026-01-30 19:37:01,382 - app.main - INFO - REQUEST: OPTIONS http://localhost:8000/variables/?project_id=1
2026-01-30 19:37:01,384 - app.main - INFO - RESPONSE: OPTIONS http://localhost:8000/variables/?project_id=1 - Status: 200
2026-01-30 19:37:01,387 - app.main - INFO - REQUEST: GET http://localhost:8000/variables/?project_id=1
2026-01-30 19:37:01,389 - app.main - INFO - RESPONSE: GET http://localhost:8000/variables/?project_id=1 - Status: 307
2026-01-30 19:37:01,394 - app.main - INFO - REQUEST: OPTIONS http://localhost:8000/variables?project_id=1
2026-01-30 19:37:01,395 - app.main - INFO - RESPONSE: OPTIONS http://localhost:8000/variables?project_id=1 - Status: 200
2026-01-30 19:37:01,402 - app.main - INFO - REQUEST: GET http://localhost:8000/variables?project_id=1
2026-01-30 19:37:01,409 - app.main - INFO - RESPONSE: GET http://localhost:8000/variables?project_id=1 - Status: 200
2026-01-30 19:37:01,415 - app.main - INFO - REQUEST: GET http://localhost:8000/variables/?project_id=1&environment_id=1
2026-01-30 19:37:01,417 - app.main - INFO - RESPONSE: GET http://localhost:8000/variables/?project_id=1&environment_id=1 - Status: 307
2026-01-30 19:37:01,425 - app.main - INFO - REQUEST: GET http://localhost:8000/variables?project_id=1&environment_id=1
2026-01-30 19:37:01,433 - app.main - INFO - RESPONSE: GET http://localhost:8000/variables?project_id=1&environment_id=1 - Status: 200
2026-01-30 19:37:01,440 - app.main - INFO - REQUEST: GET http://localhost:8000/flow/load/1
2026-01-30 19:37:01,461 - app.main - INFO - RESPONSE: GET http://localhost:8000/flow/load/1 - Status: 200
2026-01-30 19:37:01,470 - app.main - INFO - REQUEST: GET http://localhost:8000/variables/?project_id=1&environment_id=1
2026-01-30 19:37:01,472 - app.main - INFO - RESPONSE: GET http://localhost:8000/variables/?project_id=1&environment_id=1 - Status: 307
2026-01-30 19:37:01,480 - app.main - INFO - REQUEST: GET http://localhost:8000/variables?project_id=1&environment_id=1
2026-01-30 19:37:01,487 - app.main - INFO - RESPONSE: GET http://localhost:8000/variables?project_id=1&environment_id=1 - Status: 200
2026-01-30 19:37:01,493 - app.main - INFO - REQUEST: POST http://localhost:8000/auth/login
2026-01-30 19:37:01,498 - app.routes.auth_routes - INFO - === LOGIN REQUEST ===
2026-01-30 19:37:01,498 - app.routes.auth_routes - INFO - Username attempt: mribelato@gmail.com
2026-01-30 19:37:01,652 - app.routes.auth_routes - INFO - Login successful for user: mribelato@gmail.com
2026-01-30 19:37:01,653 - app.routes.auth_routes - INFO - Access token generated for: mribelato@gmail.com
2026-01-30 19:37:01,655 - app.main - INFO - RESPONSE: POST http://localhost:8000/auth/login - Status: 200
2026-01-30 19:37:01,663 - app.main - INFO - REQUEST: PUT http://localhost:8000/variables/2
2026-01-30 19:37:01,683 - app.main - INFO - RESPONSE: PUT http://localhost:8000/variables/2 - Status: 200
2026-01-30 19:37:01,691 - app.main - INFO - REQUEST: POST http://localhost:8000/history/
2026-01-30 19:37:01,726 - app.main - INFO - RESPONSE: POST http://localhost:8000/history/ - Status: 201
2026-01-30 19:37:01,941 - app.main - INFO - REQUEST: GET http://localhost:8000/variables/?project_id=1&environment_id=1
2026-01-30 19:37:01,944 - app.main - INFO - RESPONSE: GET http://localhost:8000/variables/?project_id=1&environment_id=1 - Status: 307
2026-01-30 19:37:01,956 - app.main - INFO - REQUEST: GET http://localhost:8000/variables?project_id=1&environment_id=1
2026-01-30 19:37:01,973 - app.main - INFO - RESPONSE: GET http://localhost:8000/variables?project_id=1&environment_id=1 - Status: 200
2026-01-30 19:37:01,988 - app.main - INFO - REQUEST: GET http://localhost:8000/auth/profile
2026-01-30 19:37:02,010 - app.main - INFO - RESPONSE: GET http://localhost:8000/auth/profile - Status: 200
2026-01-30 19:37:02,028 - app.main - INFO - REQUEST: POST http://localhost:8000/history/
2026-01-30 19:37:02,093 - app.main - INFO - RESPONSE: POST http://localhost:8000/history/ - Status: 201
2026-01-30 19:37:02,308 - app.main - INFO - REQUEST: GET http://localhost:8000/variables/?project_id=1&environment_id=1
2026-01-30 19:37:02,311 - app.main - INFO - RESPONSE: GET http://localhost:8000/variables/?project_id=1&environment_id=1 - Status: 307
2026-01-30 19:37:02,322 - app.main - INFO - REQUEST: GET http://localhost:8000/variables?project_id=1&environment_id=1
2026-01-30 19:37:02,338 - app.main - INFO - RESPONSE: GET http://localhost:8000/variables?project_id=1&environment_id=1 - Status: 200
2026-01-30 19:37:02,351 - app.main - INFO - REQUEST: POST http://localhost:8000/auth/logout
2026-01-30 19:37:02,378 - app.routes.auth_routes - INFO - Token 3b9f3865-4a12-4254-abd4-48555524bc04 blacklisted for user mribelato@gmail.com
2026-01-30 19:37:02,381 - app.main - INFO - RESPONSE: POST http://localhost:8000/auth/logout - Status: 200
2026-01-30 19:37:02,394 - app.main - INFO - REQUEST: POST http://localhost:8000/history/
2026-01-30 19:37:02,447 - app.main - INFO - RESPONSE: POST http://localhost:8000/history/ - Status: 201
2026-01-30 19:37:02,669 - app.main - INFO - REQUEST: GET http://localhost:8000/variables/?project_id=1&environment_id=1
2026-01-30 19:37:02,673 - app.main - INFO - RESPONSE: GET http://localhost:8000/variables/?project_id=1&environment_id=1 - Status: 307
2026-01-30 19:37:02,684 - app.main - INFO - REQUEST: GET http://localhost:8000/variables?project_id=1&environment_id=1
2026-01-30 19:37:02,698 - app.main - INFO - RESPONSE: GET http://localhost:8000/variables?project_id=1&environment_id=1 - Status: 200
2026-01-30 19:37:02,711 - app.main - INFO - REQUEST: GET http://localhost:8000/auth/profile
2026-01-30 19:37:02,725 - app.main - INFO - RESPONSE: GET http://localhost:8000/auth/profile - Status: 401
2026-01-30 19:37:02,737 - app.main - INFO - REQUEST: POST http://localhost:8000/history/
2026-01-30 19:37:02,791 - app.main - INFO - RESPONSE: POST http://localhost:8000/history/ - Status: 201
2026-01-30 19:37:04,013 - app.main - INFO - REQUEST: OPTIONS http://localhost:8000/flow/load/2
2026-01-30 19:37:04,014 - app.main - INFO - RESPONSE: OPTIONS http://localhost:8000/flow/load/2 - Status: 200
2026-01-30 19:37:04,017 - app.main - INFO - REQUEST: GET http://localhost:8000/flow/load/2
2026-01-30 19:37:04,036 - app.main - INFO - RESPONSE: GET http://localhost:8000/flow/load/2 - Status: 200
2026-01-30 19:37:04,041 - app.main - INFO - REQUEST: GET http://localhost:8000/variables/?project_id=1&environment_id=1
2026-01-30 19:37:04,042 - app.main - INFO - RESPONSE: GET http://localhost:8000/variables/?project_id=1&environment_id=1 - Status: 307
2026-01-30 19:37:04,047 - app.main - INFO - REQUEST: GET http://localhost:8000/variables?project_id=1&environment_id=1
2026-01-30 19:37:04,053 - app.main - INFO - RESPONSE: GET http://localhost:8000/variables?project_id=1&environment_id=1 - Status: 200
2026-01-30 19:37:04,058 - app.main - INFO - REQUEST: POST http://localhost:8000/auth/login
2026-01-30 19:37:04,061 - app.routes.auth_routes - INFO - === LOGIN REQUEST ===
2026-01-30 19:37:04,061 - app.routes.auth_routes - INFO - Username attempt: mribelato@gmail.com
2026-01-30 19:37:04,184 - app.routes.auth_routes - INFO - Login successful for user: mribelato@gmail.com
2026-01-30 19:37:04,184 - app.routes.auth_routes - INFO - Access token generated for: mribelato@gmail.com
2026-01-30 19:37:04,187 - app.main - INFO - RESPONSE: POST http://localhost:8000/auth/login - Status: 200
2026-01-30 19:37:04,193 - app.main - INFO - REQUEST: PUT http://localhost:8000/variables/2
2026-01-30 19:37:04,210 - app.main - INFO - RESPONSE: PUT http://localhost:8000/variables/2 - Status: 200
2026-01-30 19:37:04,217 - app.main - INFO - REQUEST: POST http://localhost:8000/history/
2026-01-30 19:37:04,253 - app.main - INFO - RESPONSE: POST http://localhost:8000/history/ - Status: 201
2026-01-30 19:37:04,466 - app.main - INFO - REQUEST: GET http://localhost:8000/variables/?project_id=1&environment_id=1
2026-01-30 19:37:04,467 - app.main - INFO - RESPONSE: GET http://localhost:8000/variables/?project_id=1&environment_id=1 - Status: 307
2026-01-30 19:37:04,470 - app.main - INFO - REQUEST: GET http://localhost:8000/variables?project_id=1&environment_id=1
2026-01-30 19:37:04,476 - app.main - INFO - RESPONSE: GET http://localhost:8000/variables?project_id=1&environment_id=1 - Status: 200
2026-01-30 19:37:04,482 - app.main - INFO - REQUEST: OPTIONS http://localhost:8000/products/?skip=0&limit=100
2026-01-30 19:37:04,483 - app.main - INFO - RESPONSE: OPTIONS http://localhost:8000/products/?skip=0&limit=100 - Status: 200
2026-01-30 19:37:04,486 - app.main - INFO - REQUEST: GET http://localhost:8000/products/?skip=0&limit=100
2026-01-30 19:37:04,498 - app.main - INFO - RESPONSE: GET http://localhost:8000/products/?skip=0&limit=100 - Status: 200
2026-01-30 19:37:04,506 - app.main - INFO - REQUEST: POST http://localhost:8000/history/
2026-01-30 19:37:04,535 - app.main - INFO - RESPONSE: POST http://localhost:8000/history/ - Status: 201
2026-01-30 19:37:05,806 - app.main - INFO - REQUEST: GET http://localhost:8000/history/?limit=1000&environment_id=1
2026-01-30 19:37:05,857 - app.main - INFO - RESPONSE: GET http://localhost:8000/history/?limit=1000&environment_id=1 - Status: 200
2026-01-30 19:37:05,873 - app.main - INFO - REQUEST: GET http://localhost:8000/history/?limit=1000&environment_id=1
2026-01-30 19:37:05,907 - app.main - INFO - RESPONSE: GET http://localhost:8000/history/?limit=1000&environment_id=1 - Status: 200
2026-01-30 19:38:07,774 - app.main - INFO - REQUEST: GET http://localhost:8000/history/?limit=1000&environment_id=1
2026-01-30 19:38:07,834 - app.main - INFO - RESPONSE: GET http://localhost:8000/history/?limit=1000&environment_id=1 - Status: 200
2026-01-30 19:40:13,953 - app.main - INFO - REQUEST: OPTIONS http://localhost:8000/history/106
2026-01-30 19:40:13,956 - app.main - INFO - RESPONSE: OPTIONS http://localhost:8000/history/106 - Status: 200
2026-01-30 19:40:13,964 - app.main - INFO - REQUEST: GET http://localhost:8000/history/106
2026-01-30 19:40:14,043 - app.main - INFO - RESPONSE: GET http://localhost:8000/history/106 - Status: 200
2026-01-30 19:43:20,576 - app.main - INFO - REQUEST: OPTIONS http://localhost:8000/history/110
2026-01-30 19:43:20,578 - app.main - INFO - RESPONSE: OPTIONS http://localhost:8000/history/110 - Status: 200
2026-01-30 19:43:20,585 - app.main - INFO - REQUEST: GET http://localhost:8000/history/110
2026-01-30 19:43:20,872 - app.main - INFO - RESPONSE: GET http://localhost:8000/history/110 - Status: 200
2026-01-30 19:43:25,273 - app.main - INFO - REQUEST: GET http://localhost:8000/variables/?project_id=1
2026-01-30 19:43:25,274 - app.main - INFO - RESPONSE: GET http://localhost:8000/variables/?project_id=1 - Status: 307
2026-01-30 19:43:25,282 - app.main - INFO - REQUEST: GET http://localhost:8000/variables?project_id=1
2026-01-30 19:43:25,289 - app.main - INFO - RESPONSE: GET http://localhost:8000/variables?project_id=1 - Status: 200
2026-01-30 19:43:25,296 - app.main - INFO - REQUEST: OPTIONS http://localhost:8000/variables/?project_id=1&environment_id=1
2026-01-30 19:43:25,297 - app.main - INFO - RESPONSE: OPTIONS http://localhost:8000/variables/?project_id=1&environment_id=1 - Status: 200
2026-01-30 19:43:25,302 - app.main - INFO - REQUEST: GET http://localhost:8000/variables/?project_id=1&environment_id=1
2026-01-30 19:43:25,303 - app.main - INFO - RESPONSE: GET http://localhost:8000/variables/?project_id=1&environment_id=1 - Status: 307
2026-01-30 19:43:25,307 - app.main - INFO - REQUEST: OPTIONS http://localhost:8000/variables?project_id=1&environment_id=1
2026-01-30 19:43:25,308 - app.main - INFO - RESPONSE: OPTIONS http://localhost:8000/variables?project_id=1&environment_id=1 - Status: 200
2026-01-30 19:43:25,312 - app.main - INFO - REQUEST: GET http://localhost:8000/variables?project_id=1&environment_id=1
2026-01-30 19:43:25,319 - app.main - INFO - RESPONSE: GET http://localhost:8000/variables?project_id=1&environment_id=1 - Status: 200
2026-01-30 19:43:25,325 - app.main - INFO - REQUEST: OPTIONS http://localhost:8000/flow/load/1
2026-01-30 19:43:25,326 - app.main - INFO - RESPONSE: OPTIONS http://localhost:8000/flow/load/1 - Status: 200
2026-01-30 19:43:25,329 - app.main - INFO - REQUEST: GET http://localhost:8000/flow/load/1
2026-01-30 19:43:25,381 - app.main - INFO - RESPONSE: GET http://localhost:8000/flow/load/1 - Status: 200
2026-01-30 19:43:25,387 - app.main - INFO - REQUEST: GET http://localhost:8000/variables/?project_id=1&environment_id=1
2026-01-30 19:43:25,388 - app.main - INFO - RESPONSE: GET http://localhost:8000/variables/?project_id=1&environment_id=1 - Status: 307
2026-01-30 19:43:25,394 - app.main - INFO - REQUEST: GET http://localhost:8000/variables?project_id=1&environment_id=1
2026-01-30 19:43:25,401 - app.main - INFO - RESPONSE: GET http://localhost:8000/variables?project_id=1&environment_id=1 - Status: 200
2026-01-30 19:43:25,407 - app.main - INFO - REQUEST: POST http://localhost:8000/auth/login
2026-01-30 19:43:25,411 - app.routes.auth_routes - INFO - === LOGIN REQUEST ===
2026-01-30 19:43:25,412 - app.routes.auth_routes - INFO - Username attempt: mribelato@gmail.com
2026-01-30 19:43:25,574 - app.routes.auth_routes - INFO - Login successful for user: mribelato@gmail.com
2026-01-30 19:43:25,575 - app.routes.auth_routes - INFO - Access token generated for: mribelato@gmail.com
2026-01-30 19:43:25,578 - app.main - INFO - RESPONSE: POST http://localhost:8000/auth/login - Status: 200
2026-01-30 19:43:25,585 - app.main - INFO - REQUEST: OPTIONS http://localhost:8000/variables/2
2026-01-30 19:43:25,586 - app.main - INFO - RESPONSE: OPTIONS http://localhost:8000/variables/2 - Status: 200
2026-01-30 19:43:25,590 - app.main - INFO - REQUEST: PUT http://localhost:8000/variables/2
2026-01-30 19:43:25,617 - app.main - INFO - RESPONSE: PUT http://localhost:8000/variables/2 - Status: 200
2026-01-30 19:43:25,625 - app.main - INFO - REQUEST: OPTIONS http://localhost:8000/history/
2026-01-30 19:43:25,626 - app.main - INFO - RESPONSE: OPTIONS http://localhost:8000/history/ - Status: 200
2026-01-30 19:43:25,631 - app.main - INFO - REQUEST: POST http://localhost:8000/history/
2026-01-30 19:43:25,661 - app.main - INFO - RESPONSE: POST http://localhost:8000/history/ - Status: 201
2026-01-30 19:43:25,883 - app.main - INFO - REQUEST: GET http://localhost:8000/variables/?project_id=1&environment_id=1
2026-01-30 19:43:25,888 - app.main - INFO - RESPONSE: GET http://localhost:8000/variables/?project_id=1&environment_id=1 - Status: 307
2026-01-30 19:43:25,899 - app.main - INFO - REQUEST: GET http://localhost:8000/variables?project_id=1&environment_id=1
2026-01-30 19:43:25,908 - app.main - INFO - RESPONSE: GET http://localhost:8000/variables?project_id=1&environment_id=1 - Status: 200
2026-01-30 19:43:25,916 - app.main - INFO - REQUEST: OPTIONS http://localhost:8000/auth/profile
2026-01-30 19:43:25,917 - app.main - INFO - RESPONSE: OPTIONS http://localhost:8000/auth/profile - Status: 200
2026-01-30 19:43:25,920 - app.main - INFO - REQUEST: GET http://localhost:8000/auth/profile
2026-01-30 19:43:25,931 - app.main - INFO - RESPONSE: GET http://localhost:8000/auth/profile - Status: 200
2026-01-30 19:43:25,939 - app.main - INFO - REQUEST: POST http://localhost:8000/history/
2026-01-30 19:43:25,971 - app.main - INFO - RESPONSE: POST http://localhost:8000/history/ - Status: 201
2026-01-30 19:43:26,189 - app.main - INFO - REQUEST: GET http://localhost:8000/variables/?project_id=1&environment_id=1
2026-01-30 19:43:26,193 - app.main - INFO - RESPONSE: GET http://localhost:8000/variables/?project_id=1&environment_id=1 - Status: 307
2026-01-30 19:43:26,205 - app.main - INFO - REQUEST: GET http://localhost:8000/variables?project_id=1&environment_id=1
2026-01-30 19:43:26,225 - app.main - INFO - RESPONSE: GET http://localhost:8000/variables?project_id=1&environment_id=1 - Status: 200
2026-01-30 19:43:26,242 - app.main - INFO - REQUEST: OPTIONS http://localhost:8000/auth/logout
2026-01-30 19:43:26,245 - app.main - INFO - RESPONSE: OPTIONS http://localhost:8000/auth/logout - Status: 200
2026-01-30 19:43:26,252 - app.main - INFO - REQUEST: POST http://localhost:8000/auth/logout
2026-01-30 19:43:26,269 - app.routes.auth_routes - INFO - Token df96285c-8177-43a8-af04-2b16c2326489 blacklisted for user mribelato@gmail.com
2026-01-30 19:43:26,271 - app.main - INFO - RESPONSE: POST http://localhost:8000/auth/logout - Status: 200
2026-01-30 19:43:26,276 - app.main - INFO - REQUEST: POST http://localhost:8000/history/
2026-01-30 19:43:26,300 - app.main - INFO - RESPONSE: POST http://localhost:8000/history/ - Status: 201
2026-01-30 19:43:26,520 - app.main - INFO - REQUEST: GET http://localhost:8000/variables/?project_id=1&environment_id=1
2026-01-30 19:43:26,523 - app.main - INFO - RESPONSE: GET http://localhost:8000/variables/?project_id=1&environment_id=1 - Status: 307
2026-01-30 19:43:26,535 - app.main - INFO - REQUEST: GET http://localhost:8000/variables?project_id=1&environment_id=1
2026-01-30 19:43:26,554 - app.main - INFO - RESPONSE: GET http://localhost:8000/variables?project_id=1&environment_id=1 - Status: 200
2026-01-30 19:43:26,568 - app.main - INFO - REQUEST: GET http://localhost:8000/auth/profile
2026-01-30 19:43:26,585 - app.main - INFO - RESPONSE: GET http://localhost:8000/auth/profile - Status: 401
2026-01-30 19:43:26,599 - app.main - INFO - REQUEST: POST http://localhost:8000/history/
2026-01-30 19:43:26,658 - app.main - INFO - RESPONSE: POST http://localhost:8000/history/ - Status: 201
2026-01-30 19:43:27,883 - app.main - INFO - REQUEST: GET http://localhost:8000/flow/load/2
2026-01-30 19:43:27,923 - app.main - INFO - RESPONSE: GET http://localhost:8000/flow/load/2 - Status: 200
2026-01-30 19:43:27,932 - app.main - INFO - REQUEST: GET http://localhost:8000/variables/?project_id=1&environment_id=1
2026-01-30 19:43:27,933 - app.main - INFO - RESPONSE: GET http://localhost:8000/variables/?project_id=1&environment_id=1 - Status: 307
2026-01-30 19:43:27,940 - app.main - INFO - REQUEST: GET http://localhost:8000/variables?project_id=1&environment_id=1
2026-01-30 19:43:27,948 - app.main - INFO - RESPONSE: GET http://localhost:8000/variables?project_id=1&environment_id=1 - Status: 200
2026-01-30 19:43:27,954 - app.main - INFO - REQUEST: POST http://localhost:8000/auth/login
2026-01-30 19:43:27,957 - app.routes.auth_routes - INFO - === LOGIN REQUEST ===
2026-01-30 19:43:27,958 - app.routes.auth_routes - INFO - Username attempt: mribelato@gmail.com
2026-01-30 19:43:28,116 - app.routes.auth_routes - INFO - Login successful for user: mribelato@gmail.com
2026-01-30 19:43:28,116 - app.routes.auth_routes - INFO - Access token generated for: mribelato@gmail.com
2026-01-30 19:43:28,119 - app.main - INFO - RESPONSE: POST http://localhost:8000/auth/login - Status: 200
2026-01-30 19:43:28,128 - app.main - INFO - REQUEST: PUT http://localhost:8000/variables/2
2026-01-30 19:43:28,145 - app.main - INFO - RESPONSE: PUT http://localhost:8000/variables/2 - Status: 200
2026-01-30 19:43:28,150 - app.main - INFO - REQUEST: POST http://localhost:8000/history/
2026-01-30 19:43:28,183 - app.main - INFO - RESPONSE: POST http://localhost:8000/history/ - Status: 201
2026-01-30 19:43:28,400 - app.main - INFO - REQUEST: GET http://localhost:8000/variables/?project_id=1&environment_id=1
2026-01-30 19:43:28,404 - app.main - INFO - RESPONSE: GET http://localhost:8000/variables/?project_id=1&environment_id=1 - Status: 307
2026-01-30 19:43:28,417 - app.main - INFO - REQUEST: GET http://localhost:8000/variables?project_id=1&environment_id=1
2026-01-30 19:43:28,436 - app.main - INFO - RESPONSE: GET http://localhost:8000/variables?project_id=1&environment_id=1 - Status: 200
2026-01-30 19:43:28,454 - app.main - INFO - REQUEST: GET http://localhost:8000/products/?skip=0&limit=100
2026-01-30 19:43:28,482 - app.main - INFO - RESPONSE: GET http://localhost:8000/products/?skip=0&limit=100 - Status: 200
2026-01-30 19:43:28,496 - app.main - INFO - REQUEST: POST http://localhost:8000/history/
2026-01-30 19:43:28,530 - app.main - INFO - RESPONSE: POST http://localhost:8000/history/ - Status: 201
2026-01-30 19:43:29,787 - app.main - INFO - REQUEST: OPTIONS http://localhost:8000/history/?limit=1000&environment_id=1
2026-01-30 19:43:29,788 - app.main - INFO - REQUEST: OPTIONS http://localhost:8000/history/?limit=1000&environment_id=1
2026-01-30 19:43:29,788 - app.main - INFO - RESPONSE: OPTIONS http://localhost:8000/history/?limit=1000&environment_id=1 - Status: 200
2026-01-30 19:43:29,790 - app.main - INFO - RESPONSE: OPTIONS http://localhost:8000/history/?limit=1000&environment_id=1 - Status: 200
2026-01-30 19:43:29,798 - app.main - INFO - REQUEST: GET http://localhost:8000/history/?limit=1000&environment_id=1
2026-01-30 19:43:29,856 - app.main - INFO - RESPONSE: GET http://localhost:8000/history/?limit=1000&environment_id=1 - Status: 200
2026-01-30 19:43:29,865 - app.main - INFO - REQUEST: GET http://localhost:8000/history/?limit=1000&environment_id=1
2026-01-30 19:43:29,895 - app.main - INFO - RESPONSE: GET http://localhost:8000/history/?limit=1000&environment_id=1 - Status: 200
2026-01-30 19:43:33,125 - app.main - INFO - REQUEST: OPTIONS http://localhost:8000/history/116
2026-01-30 19:43:33,126 - app.main - INFO - RESPONSE: OPTIONS http://localhost:8000/history/116 - Status: 200
2026-01-30 19:43:33,129 - app.main - INFO - REQUEST: GET http://localhost:8000/history/116
2026-01-30 19:43:33,152 - app.main - INFO - RESPONSE: GET http://localhost:8000/history/116 - Status: 200
2026-01-30 19:44:02,357 - app.main - INFO - REQUEST: GET http://localhost:8000/auth/profile
2026-01-30 19:44:02,359 - app.main - INFO - REQUEST: OPTIONS http://localhost:8000/products/
2026-01-30 19:44:02,360 - app.main - INFO - REQUEST: OPTIONS http://localhost:8000/products/
2026-01-30 19:44:02,361 - app.main - INFO - RESPONSE: OPTIONS http://localhost:8000/products/ - Status: 200
2026-01-30 19:44:02,362 - app.main - INFO - RESPONSE: OPTIONS http://localhost:8000/products/ - Status: 200
2026-01-30 19:44:02,365 - app.main - INFO - REQUEST: GET http://localhost:8000/products/
2026-01-30 19:44:02,376 - app.main - INFO - RESPONSE: GET http://localhost:8000/auth/profile - Status: 200
2026-01-30 19:44:02,381 - app.main - INFO - REQUEST: GET http://localhost:8000/auth/profile
2026-01-30 19:44:02,386 - app.main - INFO - RESPONSE: GET http://localhost:8000/products/ - Status: 200
2026-01-30 19:44:02,392 - app.main - INFO - REQUEST: GET http://localhost:8000/products/
2026-01-30 19:44:02,394 - app.main - INFO - RESPONSE: GET http://localhost:8000/auth/profile - Status: 200
2026-01-30 19:44:02,398 - app.main - INFO - REQUEST: GET http://localhost:8000/auth/profile
2026-01-30 19:44:02,407 - app.main - INFO - RESPONSE: GET http://localhost:8000/products/ - Status: 200
2026-01-30 19:44:02,410 - app.main - INFO - RESPONSE: GET http://localhost:8000/auth/profile - Status: 200
2026-01-30 19:44:02,412 - app.main - INFO - REQUEST: GET http://localhost:8000/auth/profile
2026-01-30 19:44:02,416 - app.main - INFO - RESPONSE: GET http://localhost:8000/auth/profile - Status: 200
2026-01-30 19:44:04,551 - app.main - INFO - REQUEST: OPTIONS http://localhost:8000/features/?product_id=1
2026-01-30 19:44:04,554 - app.main - INFO - REQUEST: GET http://localhost:8000/auth/profile
2026-01-30 19:44:04,555 - app.main - INFO - RESPONSE: OPTIONS http://localhost:8000/features/?product_id=1 - Status: 200
2026-01-30 19:44:04,558 - app.main - INFO - REQUEST: OPTIONS http://localhost:8000/features/?product_id=1
2026-01-30 19:44:04,560 - app.main - INFO - RESPONSE: OPTIONS http://localhost:8000/features/?product_id=1 - Status: 200
2026-01-30 19:44:04,560 - app.main - INFO - REQUEST: GET http://localhost:8000/features/?product_id=1
2026-01-30 19:44:04,571 - app.main - INFO - RESPONSE: GET http://localhost:8000/auth/profile - Status: 200
2026-01-30 19:44:04,577 - app.main - INFO - REQUEST: GET http://localhost:8000/auth/profile
2026-01-30 19:44:04,578 - app.main - INFO - RESPONSE: GET http://localhost:8000/features/?product_id=1 - Status: 200
2026-01-30 19:44:04,582 - app.main - INFO - REQUEST: GET http://localhost:8000/features/?product_id=1
2026-01-30 19:44:04,584 - app.main - INFO - REQUEST: OPTIONS http://localhost:8000/environments?project_id=1
2026-01-30 19:44:04,584 - app.main - INFO - RESPONSE: OPTIONS http://localhost:8000/environments?project_id=1 - Status: 200
2026-01-30 19:44:04,586 - app.main - INFO - RESPONSE: GET http://localhost:8000/auth/profile - Status: 200
2026-01-30 19:44:04,590 - app.main - INFO - REQUEST: GET http://localhost:8000/environments?project_id=1
2026-01-30 19:44:04,592 - app.main - INFO - REQUEST: GET http://localhost:8000/auth/profile
2026-01-30 19:44:04,608 - app.main - INFO - RESPONSE: GET http://localhost:8000/auth/profile - Status: 200
2026-01-30 19:44:04,609 - app.main - INFO - RESPONSE: GET http://localhost:8000/features/?product_id=1 - Status: 200
2026-01-30 19:44:04,611 - app.main - INFO - REQUEST: GET http://localhost:8000/auth/profile
2026-01-30 19:44:04,613 - app.main - INFO - RESPONSE: GET http://localhost:8000/environments?project_id=1 - Status: 200
2026-01-30 19:44:04,616 - app.main - INFO - REQUEST: GET http://localhost:8000/environments?project_id=1
2026-01-30 19:44:04,620 - app.main - INFO - RESPONSE: GET http://localhost:8000/auth/profile - Status: 200
2026-01-30 19:44:04,623 - app.main - INFO - RESPONSE: GET http://localhost:8000/environments?project_id=1 - Status: 200
2026-01-30 19:44:07,175 - app.main - INFO - REQUEST: GET http://localhost:8000/auth/profile
2026-01-30 19:44:07,176 - app.main - INFO - REQUEST: GET http://localhost:8000/flow/load/1
2026-01-30 19:44:07,186 - app.main - INFO - RESPONSE: GET http://localhost:8000/auth/profile - Status: 200
2026-01-30 19:44:07,191 - app.main - INFO - REQUEST: GET http://localhost:8000/auth/profile
2026-01-30 19:44:07,203 - app.main - INFO - RESPONSE: GET http://localhost:8000/flow/load/1 - Status: 200
2026-01-30 19:44:07,205 - app.main - INFO - RESPONSE: GET http://localhost:8000/auth/profile - Status: 200
2026-01-30 19:44:07,207 - app.main - INFO - REQUEST: GET http://localhost:8000/flow/load/1
2026-01-30 19:44:07,208 - app.main - INFO - REQUEST: GET http://localhost:8000/auth/profile
2026-01-30 19:44:07,215 - app.main - INFO - RESPONSE: GET http://localhost:8000/auth/profile - Status: 200
2026-01-30 19:44:07,218 - app.main - INFO - REQUEST: GET http://localhost:8000/auth/profile
2026-01-30 19:44:07,227 - app.main - INFO - RESPONSE: GET http://localhost:8000/auth/profile - Status: 200
2026-01-30 19:44:07,227 - app.main - INFO - RESPONSE: GET http://localhost:8000/flow/load/1 - Status: 200
2026-01-30 19:44:08,724 - app.main - INFO - REQUEST: GET http://localhost:8000/environments?project_id=1
2026-01-30 19:44:08,743 - app.main - INFO - RESPONSE: GET http://localhost:8000/environments?project_id=1 - Status: 200
2026-01-30 19:44:10,256 - app.main - INFO - REQUEST: GET http://localhost:8000/variables/?project_id=1&environment_id=1
2026-01-30 19:44:10,259 - app.main - INFO - RESPONSE: GET http://localhost:8000/variables/?project_id=1&environment_id=1 - Status: 307
2026-01-30 19:44:10,264 - app.main - INFO - REQUEST: GET http://localhost:8000/variables?project_id=1&environment_id=1
2026-01-30 19:44:10,275 - app.main - INFO - RESPONSE: GET http://localhost:8000/variables?project_id=1&environment_id=1 - Status: 200
2026-01-30 19:44:10,789 - app.main - INFO - REQUEST: POST http://localhost:8000/auth/login
2026-01-30 19:44:10,796 - app.routes.auth_routes - INFO - === LOGIN REQUEST ===
2026-01-30 19:44:10,799 - app.routes.auth_routes - INFO - Username attempt: mribelato@gmail.com
2026-01-30 19:44:11,062 - app.routes.auth_routes - INFO - Login successful for user: mribelato@gmail.com
2026-01-30 19:44:11,062 - app.routes.auth_routes - INFO - Access token generated for: mribelato@gmail.com
2026-01-30 19:44:11,064 - app.main - INFO - RESPONSE: POST http://localhost:8000/auth/login - Status: 200
2026-01-30 19:44:11,074 - app.main - INFO - REQUEST: POST http://localhost:8000/history/
2026-01-30 19:44:11,105 - app.main - INFO - RESPONSE: POST http://localhost:8000/history/ - Status: 201
2026-01-30 19:44:11,111 - app.main - INFO - REQUEST: PUT http://localhost:8000/variables/2
2026-01-30 19:44:11,125 - app.main - INFO - RESPONSE: PUT http://localhost:8000/variables/2 - Status: 200
2026-01-30 19:44:11,647 - app.main - INFO - REQUEST: GET http://localhost:8000/auth/profile
2026-01-30 19:44:11,672 - app.main - INFO - RESPONSE: GET http://localhost:8000/auth/profile - Status: 200
2026-01-30 19:44:11,688 - app.main - INFO - REQUEST: POST http://localhost:8000/history/
2026-01-30 19:44:11,724 - app.main - INFO - RESPONSE: POST http://localhost:8000/history/ - Status: 201
2026-01-30 19:44:12,236 - app.main - INFO - REQUEST: POST http://localhost:8000/auth/logout
2026-01-30 19:44:12,257 - app.routes.auth_routes - INFO - Token 8d53009f-dd46-4382-9d9c-b5bdf62a6136 blacklisted for user mribelato@gmail.com
2026-01-30 19:44:12,258 - app.main - INFO - RESPONSE: POST http://localhost:8000/auth/logout - Status: 200
2026-01-30 19:44:12,268 - app.main - INFO - REQUEST: POST http://localhost:8000/history/
2026-01-30 19:44:12,306 - app.main - INFO - RESPONSE: POST http://localhost:8000/history/ - Status: 201
2026-01-30 19:44:12,819 - app.main - INFO - REQUEST: GET http://localhost:8000/auth/profile
2026-01-30 19:44:12,827 - app.main - INFO - RESPONSE: GET http://localhost:8000/auth/profile - Status: 401
2026-01-30 19:44:12,833 - app.main - INFO - REQUEST: POST http://localhost:8000/history/
2026-01-30 19:44:12,868 - app.main - INFO - RESPONSE: POST http://localhost:8000/history/ - Status: 201
2026-01-30 19:44:12,937 - app.main - INFO - REQUEST: GET http://localhost:8000/history/?limit=1000&environment_id=1
2026-01-30 19:44:12,956 - app.main - INFO - RESPONSE: GET http://localhost:8000/history/?limit=1000&environment_id=1 - Status: 200
2026-01-30 19:44:12,959 - app.main - INFO - REQUEST: GET http://localhost:8000/history/?limit=1000&environment_id=1
2026-01-30 19:44:12,987 - app.main - INFO - RESPONSE: GET http://localhost:8000/history/?limit=1000&environment_id=1 - Status: 200
2026-01-30 19:44:20,300 - app.main - INFO - REQUEST: GET http://localhost:8000/history/116
2026-01-30 19:44:20,333 - app.main - INFO - RESPONSE: GET http://localhost:8000/history/116 - Status: 200
2026-01-30 19:53:28,055 - app.main - INFO - REQUEST: GET http://localhost:8000/environments?project_id=1
2026-01-30 19:53:28,232 - app.main - INFO - RESPONSE: GET http://localhost:8000/environments?project_id=1 - Status: 200
2026-01-30 19:53:28,241 - app.main - INFO - Desligando aplicação...
2026-01-30 19:53:32,505 - app - INFO - Logging configured successfully.
2026-01-30 19:53:32,932 - app - INFO - Logging configured successfully.
2026-01-30 19:53:33,122 - app.main - INFO - === INICIANDO API QA-WORKFLOW ===
2026-01-30 19:53:33,342 - app.main - INFO - Tabelas verificadas/criadas com sucesso
2026-01-30 19:53:33,342 - app.main - INFO - Iniciando scheduler...
2026-01-30 19:53:33,352 - apscheduler.scheduler - INFO - Scheduler started
2026-01-30 19:53:33,354 - app.services.scheduler_service - INFO - APScheduler started
2026-01-30 19:53:33,450 - apscheduler.scheduler - INFO - Added job "execute_job" to job store "default"
2026-01-30 19:53:33,457 - apscheduler.executors.default - WARNING - Run time of job "execute_job (trigger: date[2026-01-30 12:44:00 -03], next run at: 2026-01-30 12:44:00 -03)" was missed by 7:09:33.457012
2026-01-30 19:53:33,458 - apscheduler.scheduler - INFO - Removed job 5
2026-01-30 19:53:33,471 - apscheduler.scheduler - INFO - Added job "execute_job" to job store "default"
2026-01-30 19:53:33,492 - app.main - INFO - REQUEST: OPTIONS http://localhost:8000/variables/?project_id=1&environment_id=1
2026-01-30 19:53:33,493 - app.main - INFO - RESPONSE: OPTIONS http://localhost:8000/variables/?project_id=1&environment_id=1 - Status: 200
2026-01-30 19:53:33,498 - app.main - INFO - REQUEST: GET http://localhost:8000/variables/?project_id=1&environment_id=1
2026-01-30 19:53:33,500 - app.main - INFO - RESPONSE: GET http://localhost:8000/variables/?project_id=1&environment_id=1 - Status: 307
2026-01-30 19:53:33,506 - app.main - INFO - REQUEST: OPTIONS http://localhost:8000/variables?project_id=1&environment_id=1
2026-01-30 19:53:33,507 - app.main - INFO - RESPONSE: OPTIONS http://localhost:8000/variables?project_id=1&environment_id=1 - Status: 200
2026-01-30 19:53:33,512 - app.main - INFO - REQUEST: GET http://localhost:8000/variables?project_id=1&environment_id=1
2026-01-30 19:53:33,538 - app.main - INFO - RESPONSE: GET http://localhost:8000/variables?project_id=1&environment_id=1 - Status: 200
2026-01-30 19:53:34,048 - app.main - INFO - REQUEST: POST http://localhost:8000/auth/login
2026-01-30 19:53:34,054 - app.routes.auth_routes - INFO - === LOGIN REQUEST ===
2026-01-30 19:53:34,054 - app.routes.auth_routes - INFO - Username attempt: mribelato@gmail.com
2026-01-30 19:53:34,272 - app.routes.auth_routes - INFO - Login successful for user: mribelato@gmail.com
2026-01-30 19:53:34,272 - app.routes.auth_routes - INFO - Access token generated for: mribelato@gmail.com
2026-01-30 19:53:34,297 - app.main - INFO - RESPONSE: POST http://localhost:8000/auth/login - Status: 200
2026-01-30 19:53:34,306 - app.main - INFO - REQUEST: OPTIONS http://localhost:8000/history/
2026-01-30 19:53:34,307 - app.main - INFO - RESPONSE: OPTIONS http://localhost:8000/history/ - Status: 200
2026-01-30 19:53:34,311 - app.main - INFO - REQUEST: POST http://localhost:8000/history/
2026-01-30 19:53:34,387 - app.main - INFO - RESPONSE: POST http://localhost:8000/history/ - Status: 201
2026-01-30 19:53:34,394 - app.main - INFO - REQUEST: OPTIONS http://localhost:8000/variables/2
2026-01-30 19:53:34,396 - app.main - INFO - RESPONSE: OPTIONS http://localhost:8000/variables/2 - Status: 200
2026-01-30 19:53:34,400 - app.main - INFO - REQUEST: PUT http://localhost:8000/variables/2
2026-01-30 19:53:34,425 - app.main - INFO - RESPONSE: PUT http://localhost:8000/variables/2 - Status: 200
2026-01-30 19:53:34,935 - app.main - INFO - REQUEST: OPTIONS http://localhost:8000/auth/profile
2026-01-30 19:53:34,937 - app.main - INFO - RESPONSE: OPTIONS http://localhost:8000/auth/profile - Status: 200
2026-01-30 19:53:34,941 - app.main - INFO - REQUEST: GET http://localhost:8000/auth/profile
2026-01-30 19:53:34,953 - app.main - INFO - RESPONSE: GET http://localhost:8000/auth/profile - Status: 200
2026-01-30 19:53:34,961 - app.main - INFO - REQUEST: POST http://localhost:8000/history/
2026-01-30 19:53:34,993 - app.main - INFO - RESPONSE: POST http://localhost:8000/history/ - Status: 201
2026-01-30 19:53:35,501 - app.main - INFO - REQUEST: OPTIONS http://localhost:8000/auth/logout
2026-01-30 19:53:35,502 - app.main - INFO - RESPONSE: OPTIONS http://localhost:8000/auth/logout - Status: 200
2026-01-30 19:53:35,506 - app.main - INFO - REQUEST: POST http://localhost:8000/auth/logout
2026-01-30 19:53:35,530 - app.routes.auth_routes - INFO - Token f59e130e-4884-4a96-acdf-9a3632c27d5c blacklisted for user mribelato@gmail.com
2026-01-30 19:53:35,531 - app.main - INFO - RESPONSE: POST http://localhost:8000/auth/logout - Status: 200
2026-01-30 19:53:35,541 - app.main - INFO - REQUEST: POST http://localhost:8000/history/
2026-01-30 19:53:35,575 - app.main - INFO - RESPONSE: POST http://localhost:8000/history/ - Status: 201
2026-01-30 19:53:36,088 - app.main - INFO - REQUEST: GET http://localhost:8000/auth/profile
2026-01-30 19:53:36,093 - app.main - INFO - RESPONSE: GET http://localhost:8000/auth/profile - Status: 401
2026-01-30 19:53:36,097 - app.main - INFO - REQUEST: POST http://localhost:8000/history/
2026-01-30 19:53:36,119 - app.main - INFO - RESPONSE: POST http://localhost:8000/history/ - Status: 201
2026-01-30 19:53:36,212 - app.main - INFO - REQUEST: OPTIONS http://localhost:8000/history/?limit=1000&environment_id=1
2026-01-30 19:53:36,213 - app.main - INFO - RESPONSE: OPTIONS http://localhost:8000/history/?limit=1000&environment_id=1 - Status: 200
2026-01-30 19:53:36,222 - app.main - INFO - REQUEST: OPTIONS http://localhost:8000/history/?limit=1000&environment_id=1
2026-01-30 19:53:36,224 - app.main - INFO - RESPONSE: OPTIONS http://localhost:8000/history/?limit=1000&environment_id=1 - Status: 200
2026-01-30 19:53:36,236 - app.main - INFO - REQUEST: GET http://localhost:8000/history/?limit=1000&environment_id=1
2026-01-30 19:53:36,329 - app.main - INFO - RESPONSE: GET http://localhost:8000/history/?limit=1000&environment_id=1 - Status: 200
2026-01-30 19:53:36,346 - app.main - INFO - REQUEST: GET http://localhost:8000/history/?limit=1000&environment_id=1
2026-01-30 19:53:36,465 - app.main - INFO - RESPONSE: GET http://localhost:8000/history/?limit=1000&environment_id=1 - Status: 200
2026-01-30 19:53:58,787 - app.main - INFO - REQUEST: GET http://localhost:8000/auth/profile
2026-01-30 19:53:58,790 - app.main - INFO - REQUEST: GET http://localhost:8000/products/
2026-01-30 19:53:58,807 - app.main - INFO - RESPONSE: GET http://localhost:8000/auth/profile - Status: 200
2026-01-30 19:53:58,812 - app.main - INFO - REQUEST: GET http://localhost:8000/auth/profile
2026-01-30 19:53:58,824 - app.main - INFO - RESPONSE: GET http://localhost:8000/auth/profile - Status: 200
2026-01-30 19:53:58,830 - app.main - INFO - REQUEST: GET http://localhost:8000/auth/profile
2026-01-30 19:53:58,841 - app.main - INFO - RESPONSE: GET http://localhost:8000/auth/profile - Status: 200
2026-01-30 19:53:58,845 - app.main - INFO - REQUEST: GET http://localhost:8000/auth/profile
2026-01-30 19:53:58,855 - app.main - INFO - RESPONSE: GET http://localhost:8000/auth/profile - Status: 200
2026-01-30 19:53:59,093 - app.main - INFO - RESPONSE: GET http://localhost:8000/products/ - Status: 200
2026-01-30 19:53:59,097 - app.main - INFO - REQUEST: GET http://localhost:8000/products/
2026-01-30 19:53:59,116 - app.main - INFO - RESPONSE: GET http://localhost:8000/products/ - Status: 200
2026-01-30 19:54:12,199 - app.main - INFO - REQUEST: OPTIONS http://localhost:8000/products/1
2026-01-30 19:54:12,203 - app.main - INFO - REQUEST: OPTIONS http://localhost:8000/products/1
2026-01-30 19:54:12,206 - app.main - INFO - RESPONSE: OPTIONS http://localhost:8000/products/1 - Status: 200
2026-01-30 19:54:12,209 - app.main - INFO - RESPONSE: OPTIONS http://localhost:8000/products/1 - Status: 200
2026-01-30 19:54:12,214 - app.main - INFO - REQUEST: GET http://localhost:8000/products/1
2026-01-30 19:54:12,231 - app.main - INFO - RESPONSE: GET http://localhost:8000/products/1 - Status: 200
2026-01-30 19:54:12,236 - app.main - INFO - REQUEST: GET http://localhost:8000/products/1
2026-01-30 19:54:12,240 - app.main - INFO - REQUEST: OPTIONS http://localhost:8000/features/?product_id=1
2026-01-30 19:54:12,242 - app.main - INFO - RESPONSE: OPTIONS http://localhost:8000/features/?product_id=1 - Status: 200
2026-01-30 19:54:12,247 - app.main - INFO - REQUEST: GET http://localhost:8000/features/?product_id=1
2026-01-30 19:54:12,257 - app.main - INFO - RESPONSE: GET http://localhost:8000/products/1 - Status: 200
2026-01-30 19:54:12,275 - app.main - INFO - RESPONSE: GET http://localhost:8000/features/?product_id=1 - Status: 200
2026-01-30 19:54:12,280 - app.main - INFO - REQUEST: GET http://localhost:8000/features/?product_id=1
2026-01-30 19:54:12,284 - app.main - INFO - REQUEST: OPTIONS http://localhost:8000/environments?project_id=1
2026-01-30 19:54:12,286 - app.main - INFO - RESPONSE: OPTIONS http://localhost:8000/environments?project_id=1 - Status: 200
2026-01-30 19:54:12,290 - app.main - INFO - REQUEST: GET http://localhost:8000/environments?project_id=1
2026-01-30 19:54:12,305 - app.main - INFO - RESPONSE: GET http://localhost:8000/features/?product_id=1 - Status: 200
2026-01-30 19:54:12,311 - app.main - INFO - RESPONSE: GET http://localhost:8000/environments?project_id=1 - Status: 200
2026-01-30 19:54:12,315 - app.main - INFO - REQUEST: GET http://localhost:8000/environments?project_id=1
2026-01-30 19:54:12,325 - app.main - INFO - RESPONSE: GET http://localhost:8000/environments?project_id=1 - Status: 200
2026-01-30 19:54:13,334 - app.main - INFO - REQUEST: OPTIONS http://localhost:8000/variables/?project_id=1
2026-01-30 19:54:13,335 - app.main - INFO - RESPONSE: OPTIONS http://localhost:8000/variables/?project_id=1 - Status: 200
2026-01-30 19:54:13,339 - app.main - INFO - REQUEST: GET http://localhost:8000/variables/?project_id=1
2026-01-30 19:54:13,341 - app.main - INFO - RESPONSE: GET http://localhost:8000/variables/?project_id=1 - Status: 307
2026-01-30 19:54:13,346 - app.main - INFO - REQUEST: OPTIONS http://localhost:8000/variables?project_id=1
2026-01-30 19:54:13,347 - app.main - INFO - RESPONSE: OPTIONS http://localhost:8000/variables?project_id=1 - Status: 200
2026-01-30 19:54:13,351 - app.main - INFO - REQUEST: GET http://localhost:8000/variables?project_id=1
2026-01-30 19:54:13,366 - app.main - INFO - RESPONSE: GET http://localhost:8000/variables?project_id=1 - Status: 200
2026-01-30 19:54:13,372 - app.main - INFO - REQUEST: GET http://localhost:8000/variables/?project_id=1&environment_id=1
2026-01-30 19:54:13,373 - app.main - INFO - RESPONSE: GET http://localhost:8000/variables/?project_id=1&environment_id=1 - Status: 307
2026-01-30 19:54:13,379 - app.main - INFO - REQUEST: GET http://localhost:8000/variables?project_id=1&environment_id=1
2026-01-30 19:54:13,386 - app.main - INFO - RESPONSE: GET http://localhost:8000/variables?project_id=1&environment_id=1 - Status: 200
2026-01-30 19:54:13,392 - app.main - INFO - REQUEST: OPTIONS http://localhost:8000/flow/load/1
2026-01-30 19:54:13,393 - app.main - INFO - RESPONSE: OPTIONS http://localhost:8000/flow/load/1 - Status: 200
2026-01-30 19:54:13,398 - app.main - INFO - REQUEST: GET http://localhost:8000/flow/load/1
2026-01-30 19:54:13,468 - app.main - INFO - RESPONSE: GET http://localhost:8000/flow/load/1 - Status: 200
2026-01-30 19:54:13,477 - app.main - INFO - REQUEST: GET http://localhost:8000/variables/?project_id=1&environment_id=1
2026-01-30 19:54:13,478 - app.main - INFO - RESPONSE: GET http://localhost:8000/variables/?project_id=1&environment_id=1 - Status: 307
2026-01-30 19:54:13,485 - app.main - INFO - REQUEST: GET http://localhost:8000/variables?project_id=1&environment_id=1
2026-01-30 19:54:13,492 - app.main - INFO - RESPONSE: GET http://localhost:8000/variables?project_id=1&environment_id=1 - Status: 200
2026-01-30 19:54:13,505 - app.main - INFO - REQUEST: POST http://localhost:8000/auth/login
2026-01-30 19:54:13,535 - app.routes.auth_routes - INFO - === LOGIN REQUEST ===
2026-01-30 19:54:13,535 - app.routes.auth_routes - INFO - Username attempt: mribelato@gmail.com
2026-01-30 19:54:13,693 - app.routes.auth_routes - INFO - Login successful for user: mribelato@gmail.com
2026-01-30 19:54:13,693 - app.routes.auth_routes - INFO - Access token generated for: mribelato@gmail.com
2026-01-30 19:54:13,696 - app.main - INFO - RESPONSE: POST http://localhost:8000/auth/login - Status: 200
2026-01-30 19:54:13,704 - app.main - INFO - REQUEST: PUT http://localhost:8000/variables/2
2026-01-30 19:54:13,723 - app.main - INFO - RESPONSE: PUT http://localhost:8000/variables/2 - Status: 200
2026-01-30 19:54:13,730 - app.main - INFO - REQUEST: POST http://localhost:8000/history/
2026-01-30 19:54:13,771 - app.main - INFO - RESPONSE: POST http://localhost:8000/history/ - Status: 201
2026-01-30 19:54:13,988 - app.main - INFO - REQUEST: GET http://localhost:8000/variables/?project_id=1&environment_id=1
2026-01-30 19:54:13,991 - app.main - INFO - RESPONSE: GET http://localhost:8000/variables/?project_id=1&environment_id=1 - Status: 307
2026-01-30 19:54:14,005 - app.main - INFO - REQUEST: GET http://localhost:8000/variables?project_id=1&environment_id=1
2026-01-30 19:54:14,027 - app.main - INFO - RESPONSE: GET http://localhost:8000/variables?project_id=1&environment_id=1 - Status: 200
2026-01-30 19:54:14,048 - app.main - INFO - REQUEST: GET http://localhost:8000/auth/profile
2026-01-30 19:54:14,071 - app.main - INFO - RESPONSE: GET http://localhost:8000/auth/profile - Status: 200
2026-01-30 19:54:14,090 - app.main - INFO - REQUEST: POST http://localhost:8000/history/
2026-01-30 19:54:14,158 - app.main - INFO - RESPONSE: POST http://localhost:8000/history/ - Status: 201
2026-01-30 19:54:14,378 - app.main - INFO - REQUEST: GET http://localhost:8000/variables/?project_id=1&environment_id=1
2026-01-30 19:54:14,380 - app.main - INFO - RESPONSE: GET http://localhost:8000/variables/?project_id=1&environment_id=1 - Status: 307
2026-01-30 19:54:14,386 - app.main - INFO - REQUEST: GET http://localhost:8000/variables?project_id=1&environment_id=1
2026-01-30 19:54:14,395 - app.main - INFO - RESPONSE: GET http://localhost:8000/variables?project_id=1&environment_id=1 - Status: 200
2026-01-30 19:54:14,401 - app.main - INFO - REQUEST: POST http://localhost:8000/auth/logout
2026-01-30 19:54:14,420 - app.routes.auth_routes - INFO - Token 1680d278-3cf6-48ec-8d6f-dd4ebdc3adb6 blacklisted for user mribelato@gmail.com
2026-01-30 19:54:14,421 - app.main - INFO - RESPONSE: POST http://localhost:8000/auth/logout - Status: 200
2026-01-30 19:54:14,428 - app.main - INFO - REQUEST: POST http://localhost:8000/history/
2026-01-30 19:54:14,456 - app.main - INFO - RESPONSE: POST http://localhost:8000/history/ - Status: 201
2026-01-30 19:54:14,673 - app.main - INFO - REQUEST: GET http://localhost:8000/variables/?project_id=1&environment_id=1
2026-01-30 19:54:14,677 - app.main - INFO - RESPONSE: GET http://localhost:8000/variables/?project_id=1&environment_id=1 - Status: 307
2026-01-30 19:54:14,691 - app.main - INFO - REQUEST: GET http://localhost:8000/variables?project_id=1&environment_id=1
2026-01-30 19:54:14,713 - app.main - INFO - RESPONSE: GET http://localhost:8000/variables?project_id=1&environment_id=1 - Status: 200
2026-01-30 19:54:14,732 - app.main - INFO - REQUEST: GET http://localhost:8000/auth/profile
2026-01-30 19:54:14,749 - app.main - INFO - RESPONSE: GET http://localhost:8000/auth/profile - Status: 401
2026-01-30 19:54:14,759 - app.main - INFO - REQUEST: POST http://localhost:8000/history/
2026-01-30 19:54:14,799 - app.main - INFO - RESPONSE: POST http://localhost:8000/history/ - Status: 201
2026-01-30 19:54:16,014 - app.main - INFO - REQUEST: OPTIONS http://localhost:8000/flow/load/2
2026-01-30 19:54:16,015 - app.main - INFO - RESPONSE: OPTIONS http://localhost:8000/flow/load/2 - Status: 200
2026-01-30 19:54:16,019 - app.main - INFO - REQUEST: GET http://localhost:8000/flow/load/2
2026-01-30 19:54:16,043 - app.main - INFO - RESPONSE: GET http://localhost:8000/flow/load/2 - Status: 200
2026-01-30 19:54:16,052 - app.main - INFO - REQUEST: GET http://localhost:8000/variables/?project_id=1&environment_id=1
2026-01-30 19:54:16,053 - app.main - INFO - RESPONSE: GET http://localhost:8000/variables/?project_id=1&environment_id=1 - Status: 307
2026-01-30 19:54:16,058 - app.main - INFO - REQUEST: GET http://localhost:8000/variables?project_id=1&environment_id=1
2026-01-30 19:54:16,065 - app.main - INFO - RESPONSE: GET http://localhost:8000/variables?project_id=1&environment_id=1 - Status: 200
2026-01-30 19:54:16,070 - app.main - INFO - REQUEST: POST http://localhost:8000/auth/login
2026-01-30 19:54:16,076 - app.routes.auth_routes - INFO - === LOGIN REQUEST ===
2026-01-30 19:54:16,076 - app.routes.auth_routes - INFO - Username attempt: mribelato@gmail.com
2026-01-30 19:54:16,229 - app.routes.auth_routes - INFO - Login successful for user: mribelato@gmail.com
2026-01-30 19:54:16,229 - app.routes.auth_routes - INFO - Access token generated for: mribelato@gmail.com
2026-01-30 19:54:16,232 - app.main - INFO - RESPONSE: POST http://localhost:8000/auth/login - Status: 200
2026-01-30 19:54:16,238 - app.main - INFO - REQUEST: PUT http://localhost:8000/variables/2
2026-01-30 19:54:16,255 - app.main - INFO - RESPONSE: PUT http://localhost:8000/variables/2 - Status: 200
2026-01-30 19:54:16,265 - app.main - INFO - REQUEST: POST http://localhost:8000/history/
2026-01-30 19:54:16,297 - app.main - INFO - RESPONSE: POST http://localhost:8000/history/ - Status: 201
2026-01-30 19:54:16,521 - app.main - INFO - REQUEST: GET http://localhost:8000/variables/?project_id=1&environment_id=1
2026-01-30 19:54:16,527 - app.main - INFO - RESPONSE: GET http://localhost:8000/variables/?project_id=1&environment_id=1 - Status: 307
2026-01-30 19:54:16,542 - app.main - INFO - REQUEST: GET http://localhost:8000/variables?project_id=1&environment_id=1
2026-01-30 19:54:16,561 - app.main - INFO - RESPONSE: GET http://localhost:8000/variables?project_id=1&environment_id=1 - Status: 200
2026-01-30 19:54:16,569 - app.main - INFO - REQUEST: OPTIONS http://localhost:8000/products/?skip=0&limit=100
2026-01-30 19:54:16,570 - app.main - INFO - RESPONSE: OPTIONS http://localhost:8000/products/?skip=0&limit=100 - Status: 200
2026-01-30 19:54:16,574 - app.main - INFO - REQUEST: GET http://localhost:8000/products/?skip=0&limit=100
2026-01-30 19:54:16,588 - app.main - INFO - RESPONSE: GET http://localhost:8000/products/?skip=0&limit=100 - Status: 200
2026-01-30 19:54:16,595 - app.main - INFO - REQUEST: POST http://localhost:8000/history/
2026-01-30 19:54:16,620 - app.main - INFO - RESPONSE: POST http://localhost:8000/history/ - Status: 201
2026-01-30 19:54:17,875 - app.main - INFO - REQUEST: GET http://localhost:8000/history/?limit=1000&environment_id=1
2026-01-30 19:54:17,896 - app.main - INFO - RESPONSE: GET http://localhost:8000/history/?limit=1000&environment_id=1 - Status: 200
2026-01-30 19:54:17,899 - app.main - INFO - REQUEST: GET http://localhost:8000/history/?limit=1000&environment_id=1
2026-01-30 19:54:17,930 - app.main - INFO - RESPONSE: GET http://localhost:8000/history/?limit=1000&environment_id=1 - Status: 200
2026-01-30 19:54:28,210 - app.main - INFO - REQUEST: OPTIONS http://localhost:8000/history/130
2026-01-30 19:54:28,211 - app.main - INFO - RESPONSE: OPTIONS http://localhost:8000/history/130 - Status: 200
2026-01-30 19:54:28,214 - app.main - INFO - REQUEST: GET http://localhost:8000/history/130
2026-01-30 19:54:28,239 - app.main - INFO - RESPONSE: GET http://localhost:8000/history/130 - Status: 200
2026-01-30 19:55:56,902 - app.main - INFO - REQUEST: GET http://localhost:8000/history/?limit=1000&environment_id=1
2026-01-30 19:55:56,948 - app.main - INFO - RESPONSE: GET http://localhost:8000/history/?limit=1000&environment_id=1 - Status: 200
2026-01-30 19:56:10,534 - app.main - INFO - REQUEST: GET http://localhost:8000/history/?limit=1000&environment_id=1
2026-01-30 19:56:10,566 - app.main - INFO - RESPONSE: GET http://localhost:8000/history/?limit=1000&environment_id=1 - Status: 200
2026-01-30 19:56:50,086 - app.main - INFO - REQUEST: GET http://localhost:8000/history/?limit=1000&environment_id=1
2026-01-30 19:56:50,122 - app.main - INFO - RESPONSE: GET http://localhost:8000/history/?limit=1000&environment_id=1 - Status: 200
2026-01-30 19:57:13,025 - app.main - INFO - REQUEST: OPTIONS http://localhost:8000/history/?project_id=1&page=1&limit=50&sort_by=created_at&order=desc&_=1769813833018
2026-01-30 19:57:13,027 - app.main - INFO - RESPONSE: OPTIONS http://localhost:8000/history/?project_id=1&page=1&limit=50&sort_by=created_at&order=desc&_=1769813833018 - Status: 200
2026-01-30 19:57:13,030 - app.main - INFO - REQUEST: GET http://localhost:8000/history/?project_id=1&page=1&limit=50&sort_by=created_at&order=desc&_=1769813833018
2026-01-30 19:57:13,076 - app.main - INFO - RESPONSE: GET http://localhost:8000/history/?project_id=1&page=1&limit=50&sort_by=created_at&order=desc&_=1769813833018 - Status: 200
2026-01-30 19:59:24,831 - app.main - INFO - REQUEST: OPTIONS http://localhost:8000/history/129
2026-01-30 19:59:24,833 - app.main - INFO - RESPONSE: OPTIONS http://localhost:8000/history/129 - Status: 200
2026-01-30 19:59:24,843 - app.main - INFO - REQUEST: GET http://localhost:8000/history/129
2026-01-30 19:59:24,897 - app.main - INFO - RESPONSE: GET http://localhost:8000/history/129 - Status: 200
2026-01-30 20:00:12,960 - app.main - INFO - REQUEST: OPTIONS http://localhost:8000/schedules/
2026-01-30 20:00:12,961 - app.main - INFO - RESPONSE: OPTIONS http://localhost:8000/schedules/ - Status: 200
2026-01-30 20:00:12,966 - app.main - INFO - REQUEST: POST http://localhost:8000/schedules/
2026-01-30 20:00:13,004 - apscheduler.scheduler - INFO - Added job "execute_job" to job store "default"
2026-01-30 20:00:13,016 - app.main - INFO - RESPONSE: POST http://localhost:8000/schedules/ - Status: 200
2026-01-30 20:00:15,791 - app.main - INFO - REQUEST: GET http://localhost:8000/auth/profile
2026-01-30 20:00:15,800 - app.main - INFO - RESPONSE: GET http://localhost:8000/auth/profile - Status: 200
2026-01-30 20:00:15,805 - app.main - INFO - REQUEST: OPTIONS http://localhost:8000/products/
2026-01-30 20:00:15,807 - app.main - INFO - RESPONSE: OPTIONS http://localhost:8000/products/ - Status: 200
2026-01-30 20:00:15,811 - app.main - INFO - REQUEST: OPTIONS http://localhost:8000/products/
2026-01-30 20:00:15,811 - app.main - INFO - RESPONSE: OPTIONS http://localhost:8000/products/ - Status: 200
2026-01-30 20:00:15,814 - app.main - INFO - REQUEST: GET http://localhost:8000/auth/profile
2026-01-30 20:00:15,823 - app.main - INFO - RESPONSE: GET http://localhost:8000/auth/profile - Status: 200
2026-01-30 20:00:15,826 - app.main - INFO - REQUEST: GET http://localhost:8000/products/
2026-01-30 20:00:15,836 - app.main - INFO - RESPONSE: GET http://localhost:8000/products/ - Status: 200
2026-01-30 20:00:15,840 - app.main - INFO - REQUEST: GET http://localhost:8000/auth/profile
2026-01-30 20:00:15,847 - app.main - INFO - RESPONSE: GET http://localhost:8000/auth/profile - Status: 200
2026-01-30 20:00:15,850 - app.main - INFO - REQUEST: GET http://localhost:8000/products/
2026-01-30 20:00:15,860 - app.main - INFO - RESPONSE: GET http://localhost:8000/products/ - Status: 200
2026-01-30 20:00:15,864 - app.main - INFO - REQUEST: GET http://localhost:8000/auth/profile
2026-01-30 20:00:15,873 - app.main - INFO - RESPONSE: GET http://localhost:8000/auth/profile - Status: 200
2026-01-30 20:00:19,506 - app.main - INFO - REQUEST: GET http://localhost:8000/schedules/
2026-01-30 20:00:19,509 - app.main - INFO - REQUEST: GET http://localhost:8000/auth/profile
2026-01-30 20:00:19,509 - app.main - INFO - REQUEST: GET http://localhost:8000/products/
2026-01-30 20:00:19,522 - app.main - INFO - RESPONSE: GET http://localhost:8000/auth/profile - Status: 200
2026-01-30 20:00:19,526 - app.main - INFO - RESPONSE: GET http://localhost:8000/schedules/ - Status: 200
2026-01-30 20:00:19,527 - app.main - INFO - REQUEST: GET http://localhost:8000/auth/profile
2026-01-30 20:00:19,530 - app.main - INFO - REQUEST: GET http://localhost:8000/schedules/
2026-01-30 20:00:19,541 - app.main - INFO - RESPONSE: GET http://localhost:8000/auth/profile - Status: 200
2026-01-30 20:00:19,543 - app.main - INFO - RESPONSE: GET http://localhost:8000/schedules/ - Status: 200
2026-01-30 20:00:19,544 - app.main - INFO - REQUEST: GET http://localhost:8000/auth/profile
2026-01-30 20:00:19,552 - app.main - INFO - RESPONSE: GET http://localhost:8000/auth/profile - Status: 200
2026-01-30 20:00:19,555 - app.main - INFO - REQUEST: GET http://localhost:8000/auth/profile
2026-01-30 20:00:19,561 - app.main - INFO - RESPONSE: GET http://localhost:8000/auth/profile - Status: 200
2026-01-30 20:00:19,628 - app.main - INFO - RESPONSE: GET http://localhost:8000/products/ - Status: 200
2026-01-30 20:00:19,632 - app.main - INFO - REQUEST: GET http://localhost:8000/products/
2026-01-30 20:00:19,642 - app.main - INFO - RESPONSE: GET http://localhost:8000/products/ - Status: 200
2026-01-30 20:01:00,009 - apscheduler.executors.default - INFO - Running job "execute_job (trigger: cron[month='*', day='*', day_of_week='1,2,3,4,5', hour='20', minute='1'], next run at: 2026-01-31 20:01:00 -03)" (scheduled at 2026-01-30 20:01:00-03:00)
2026-01-30 20:01:00,009 - app.services.scheduler_service - INFO - Executing scheduled job: 7
2026-01-30 20:01:00,167 - app.services.scheduler_service - INFO - 🚀 Running Scheduled Suite (Product) 1 in Env 1
2026-01-30 20:01:00,184 - app.services.scheduler_service - INFO -   📂 Processing Feature: Login (ID: 1)
2026-01-30 20:01:00,227 - app.services.scheduler_service - INFO -    ► Executing Flow: Fluxo Principal (ID: 1) - 4 cards
2026-01-30 20:01:00,228 - app.services.scheduler_service - INFO -       Running Node: Login (1 calls)
2026-01-30 20:01:00,244 - app.main - INFO - REQUEST: POST http://127.0.0.1:8000/auth/login
2026-01-30 20:01:00,250 - app.routes.auth_routes - INFO - === LOGIN REQUEST ===
2026-01-30 20:01:00,251 - app.routes.auth_routes - INFO - Username attempt: mribelato@gmail.com
2026-01-30 20:01:00,404 - app.routes.auth_routes - INFO - Login successful for user: mribelato@gmail.com
2026-01-30 20:01:00,405 - app.routes.auth_routes - INFO - Access token generated for: mribelato@gmail.com
2026-01-30 20:01:00,407 - app.main - INFO - RESPONSE: POST http://127.0.0.1:8000/auth/login - Status: 200
2026-01-30 20:01:00,409 - app.services.scheduler_service - INFO -       Evaluating 3 assertions...
2026-01-30 20:01:00,410 - app.services.scheduler_service - INFO -       Processing 1 extraction rules...
2026-01-30 20:01:00,411 - app.services.scheduler_service - INFO -       ✅ Extracted: TOKEN = eyJhbGciOiJIUzI1NiIsInR5cCI6IkpXVCJ9.eyJzdWIiOiJtcmliZWxhdG9AZ21haWwuY29tIiwidmVyc2lvbiI6MSwiZXhwIjoxNzY5OTAwNDYwLCJqdGkiOiI4OTdlMzc3Yi04MTk2LTRlYzQtODdjYS04YTUwNzY3OTQ4NjEifQ.91VDkMelZgPHMDwQV7lK46wQBrC1i7ueRHhPVhCV-AQ
2026-01-30 20:01:00,412 - app.services.scheduler_service - INFO - 💾 Saving history for Schedule 7, User 1
2026-01-30 20:01:00,424 - app.services.scheduler_service - INFO -       -> POST http://127.0.0.1:8000/auth/login [200]
2026-01-30 20:01:00,425 - app.services.scheduler_service - INFO -       Running Node: Profile  (1 calls)
2026-01-30 20:01:00,428 - app.main - INFO - REQUEST: GET http://127.0.0.1:8000/auth/profile
2026-01-30 20:01:00,435 - app.main - INFO - RESPONSE: GET http://127.0.0.1:8000/auth/profile - Status: 200
2026-01-30 20:01:00,437 - app.services.scheduler_service - INFO -       Evaluating 1 assertions...
2026-01-30 20:01:00,440 - app.services.scheduler_service - INFO - 💾 Saving history for Schedule 7, User 1
2026-01-30 20:01:00,461 - app.services.scheduler_service - INFO -       -> GET http://127.0.0.1:8000/auth/profile [200]
2026-01-30 20:01:00,462 - app.services.scheduler_service - INFO -       Running Node: Logout (1 calls)
2026-01-30 20:01:00,464 - app.main - INFO - REQUEST: POST http://127.0.0.1:8000/auth/logout
2026-01-30 20:01:00,480 - app.routes.auth_routes - INFO - Token 897e377b-8196-4ec4-87ca-8a5076794861 blacklisted for user mribelato@gmail.com
2026-01-30 20:01:00,482 - app.main - INFO - RESPONSE: POST http://127.0.0.1:8000/auth/logout - Status: 200
2026-01-30 20:01:00,487 - app.services.scheduler_service - INFO - 💾 Saving history for Schedule 7, User 1
2026-01-30 20:01:00,495 - app.services.scheduler_service - INFO -       -> POST http://127.0.0.1:8000/auth/logout [200]
2026-01-30 20:01:00,496 - app.services.scheduler_service - INFO -       Running Node: Profile após logaout(Acesso Negado) (1 calls)
2026-01-30 20:01:00,498 - app.main - INFO - REQUEST: GET http://127.0.0.1:8000/auth/profile
2026-01-30 20:01:00,505 - app.main - INFO - RESPONSE: GET http://127.0.0.1:8000/auth/profile - Status: 401
2026-01-30 20:01:00,509 - app.services.scheduler_service - INFO -       Evaluating 1 assertions...
2026-01-30 20:01:00,511 - app.services.scheduler_service - INFO - 💾 Saving history for Schedule 7, User 1
2026-01-30 20:01:00,518 - app.services.scheduler_service - INFO -       -> GET http://127.0.0.1:8000/auth/profile [401]
2026-01-30 20:01:00,522 - app.services.scheduler_service - INFO -   📂 Processing Feature: Produtos (ID: 2)
2026-01-30 20:01:00,534 - app.services.scheduler_service - INFO -    ► Executing Flow: Fluxo Principal (ID: 2) - 0 cards
2026-01-30 20:01:00,535 - app.services.scheduler_service - INFO - Suite execution completed. Success: 2, Fail: 0. Status: success
2026-01-30 20:01:00,539 - apscheduler.executors.default - INFO - Job "execute_job (trigger: cron[month='*', day='*', day_of_week='1,2,3,4,5', hour='20', minute='1'], next run at: 2026-01-31 20:01:00 -03)" executed successfully
2026-01-30 20:01:09,743 - app.main - INFO - REQUEST: OPTIONS http://localhost:8000/history/?schedule_id=7&limit=50
2026-01-30 20:01:09,744 - app.main - INFO - RESPONSE: OPTIONS http://localhost:8000/history/?schedule_id=7&limit=50 - Status: 200
2026-01-30 20:01:09,747 - app.main - INFO - REQUEST: GET http://localhost:8000/history/?schedule_id=7&limit=50
2026-01-30 20:01:09,771 - app.main - INFO - RESPONSE: GET http://localhost:8000/history/?schedule_id=7&limit=50 - Status: 200
2026-01-30 20:01:09,813 - app.main - INFO - REQUEST: GET http://localhost:8000/history/?limit=1000&environment_id=1
2026-01-30 20:01:09,834 - app.main - INFO - RESPONSE: GET http://localhost:8000/history/?limit=1000&environment_id=1 - Status: 200
2026-01-30 20:01:09,840 - app.main - INFO - REQUEST: GET http://localhost:8000/history/?limit=1000&environment_id=1
2026-01-30 20:01:09,872 - app.main - INFO - RESPONSE: GET http://localhost:8000/history/?limit=1000&environment_id=1 - Status: 200
2026-01-31 16:13:00,631 - app.main - INFO - REQUEST: POST http://localhost:8000/auth/login
2026-01-31 16:13:00,635 - app.routes.auth_routes - INFO - === LOGIN REQUEST ===
2026-01-31 16:13:00,636 - app.routes.auth_routes - INFO - Username attempt: mribelato@gmail.com
2026-01-31 16:13:00,875 - app.routes.auth_routes - INFO - Login successful for user: mribelato@gmail.com
2026-01-31 16:13:00,876 - app.routes.auth_routes - INFO - Access token generated for: mribelato@gmail.com
2026-01-31 16:13:00,878 - app.main - INFO - RESPONSE: POST http://localhost:8000/auth/login - Status: 200
2026-01-31 16:13:00,956 - app.main - INFO - REQUEST: OPTIONS http://localhost:8000/auth/profile
2026-01-31 16:13:00,958 - app.main - INFO - REQUEST: OPTIONS http://localhost:8000/products/
2026-01-31 16:13:00,960 - app.main - INFO - RESPONSE: OPTIONS http://localhost:8000/auth/profile - Status: 200
2026-01-31 16:13:00,973 - app.main - INFO - RESPONSE: OPTIONS http://localhost:8000/products/ - Status: 200
2026-01-31 16:13:00,979 - app.main - INFO - REQUEST: OPTIONS http://localhost:8000/auth/profile
2026-01-31 16:13:00,981 - app.main - INFO - REQUEST: OPTIONS http://localhost:8000/products/
2026-01-31 16:13:00,982 - app.main - INFO - RESPONSE: OPTIONS http://localhost:8000/auth/profile - Status: 200
2026-01-31 16:13:00,984 - app.main - INFO - RESPONSE: OPTIONS http://localhost:8000/products/ - Status: 200
2026-01-31 16:13:00,986 - app.main - INFO - REQUEST: OPTIONS http://localhost:8000/auth/profile
2026-01-31 16:13:00,988 - app.main - INFO - REQUEST: OPTIONS http://localhost:8000/auth/profile
2026-01-31 16:13:00,988 - app.main - INFO - RESPONSE: OPTIONS http://localhost:8000/auth/profile - Status: 200
2026-01-31 16:13:00,991 - app.main - INFO - RESPONSE: OPTIONS http://localhost:8000/auth/profile - Status: 200
2026-01-31 16:13:00,994 - app.main - INFO - REQUEST: GET http://localhost:8000/auth/profile
2026-01-31 16:13:00,997 - app.main - INFO - REQUEST: GET http://localhost:8000/products/
2026-01-31 16:13:01,218 - app.main - INFO - RESPONSE: GET http://localhost:8000/auth/profile - Status: 200
2026-01-31 16:13:01,222 - app.main - INFO - REQUEST: GET http://localhost:8000/auth/profile
2026-01-31 16:13:01,235 - app.main - INFO - RESPONSE: GET http://localhost:8000/products/ - Status: 200
2026-01-31 16:13:01,241 - app.main - INFO - REQUEST: GET http://localhost:8000/products/
2026-01-31 16:13:01,244 - app.main - INFO - RESPONSE: GET http://localhost:8000/auth/profile - Status: 200
2026-01-31 16:13:01,250 - app.main - INFO - REQUEST: GET http://localhost:8000/auth/profile
2026-01-31 16:13:01,263 - app.main - INFO - RESPONSE: GET http://localhost:8000/auth/profile - Status: 200
2026-01-31 16:13:01,270 - app.main - INFO - RESPONSE: GET http://localhost:8000/products/ - Status: 200
2026-01-31 16:13:01,273 - app.main - INFO - REQUEST: GET http://localhost:8000/auth/profile
2026-01-31 16:13:01,288 - app.main - INFO - RESPONSE: GET http://localhost:8000/auth/profile - Status: 200
2026-01-31 16:13:26,225 - app.main - INFO - REQUEST: OPTIONS http://localhost:8000/products/
2026-01-31 16:13:26,226 - app.main - INFO - RESPONSE: OPTIONS http://localhost:8000/products/ - Status: 200
2026-01-31 16:13:26,229 - app.main - INFO - REQUEST: POST http://localhost:8000/products/
2026-01-31 16:13:26,273 - app.main - INFO - RESPONSE: POST http://localhost:8000/products/ - Status: 201
2026-01-31 16:13:32,394 - app.main - INFO - REQUEST: OPTIONS http://localhost:8000/features/?product_id=1
2026-01-31 16:13:32,396 - app.main - INFO - REQUEST: OPTIONS http://localhost:8000/features/?product_id=1
2026-01-31 16:13:32,396 - app.main - INFO - REQUEST: GET http://localhost:8000/auth/profile
2026-01-31 16:13:32,397 - app.main - INFO - RESPONSE: OPTIONS http://localhost:8000/features/?product_id=1 - Status: 200
2026-01-31 16:13:32,399 - app.main - INFO - RESPONSE: OPTIONS http://localhost:8000/features/?product_id=1 - Status: 200
2026-01-31 16:13:32,401 - app.main - INFO - REQUEST: GET http://localhost:8000/features/?product_id=1
2026-01-31 16:13:32,406 - app.main - INFO - RESPONSE: GET http://localhost:8000/auth/profile - Status: 200
2026-01-31 16:13:32,410 - app.main - INFO - REQUEST: GET http://localhost:8000/auth/profile
2026-01-31 16:13:32,417 - app.main - INFO - RESPONSE: GET http://localhost:8000/auth/profile - Status: 200
2026-01-31 16:13:32,419 - app.main - INFO - REQUEST: GET http://localhost:8000/auth/profile
2026-01-31 16:13:32,419 - app.main - INFO - RESPONSE: GET http://localhost:8000/features/?product_id=1 - Status: 200
2026-01-31 16:13:32,423 - app.main - INFO - REQUEST: GET http://localhost:8000/features/?product_id=1
2026-01-31 16:13:32,426 - app.main - INFO - REQUEST: OPTIONS http://localhost:8000/environments?project_id=1
2026-01-31 16:13:32,427 - app.main - INFO - RESPONSE: OPTIONS http://localhost:8000/environments?project_id=1 - Status: 200
2026-01-31 16:13:32,428 - app.main - INFO - RESPONSE: GET http://localhost:8000/auth/profile - Status: 200
2026-01-31 16:13:32,432 - app.main - INFO - REQUEST: GET http://localhost:8000/auth/profile
2026-01-31 16:13:32,434 - app.main - INFO - REQUEST: GET http://localhost:8000/environments?project_id=1
2026-01-31 16:13:32,445 - app.main - INFO - RESPONSE: GET http://localhost:8000/auth/profile - Status: 200
2026-01-31 16:13:32,445 - app.main - INFO - RESPONSE: GET http://localhost:8000/features/?product_id=1 - Status: 200
2026-01-31 16:13:32,448 - app.main - INFO - RESPONSE: GET http://localhost:8000/environments?project_id=1 - Status: 200
2026-01-31 16:13:32,452 - app.main - INFO - REQUEST: GET http://localhost:8000/environments?project_id=1
2026-01-31 16:13:32,459 - app.main - INFO - RESPONSE: GET http://localhost:8000/environments?project_id=1 - Status: 200
2026-01-31 16:13:43,057 - app.main - INFO - REQUEST: OPTIONS http://localhost:8000/flow/load/1
2026-01-31 16:13:43,057 - app.main - INFO - RESPONSE: OPTIONS http://localhost:8000/flow/load/1 - Status: 200
2026-01-31 16:13:43,060 - app.main - INFO - REQUEST: OPTIONS http://localhost:8000/flow/load/1
2026-01-31 16:13:43,061 - app.main - INFO - RESPONSE: OPTIONS http://localhost:8000/flow/load/1 - Status: 200
2026-01-31 16:13:43,067 - app.main - INFO - REQUEST: GET http://localhost:8000/auth/profile
2026-01-31 16:13:43,078 - app.main - INFO - RESPONSE: GET http://localhost:8000/auth/profile - Status: 200
2026-01-31 16:13:43,081 - app.main - INFO - REQUEST: GET http://localhost:8000/flow/load/1
2026-01-31 16:13:43,110 - app.main - INFO - RESPONSE: GET http://localhost:8000/flow/load/1 - Status: 200
2026-01-31 16:13:43,113 - app.main - INFO - REQUEST: GET http://localhost:8000/auth/profile
2026-01-31 16:13:43,118 - app.main - INFO - RESPONSE: GET http://localhost:8000/auth/profile - Status: 200
2026-01-31 16:13:43,120 - app.main - INFO - REQUEST: GET http://localhost:8000/flow/load/1
2026-01-31 16:13:43,145 - app.main - INFO - RESPONSE: GET http://localhost:8000/flow/load/1 - Status: 200
2026-01-31 16:13:43,148 - app.main - INFO - REQUEST: GET http://localhost:8000/auth/profile
2026-01-31 16:13:43,154 - app.main - INFO - RESPONSE: GET http://localhost:8000/auth/profile - Status: 200
2026-01-31 16:13:43,156 - app.main - INFO - REQUEST: GET http://localhost:8000/auth/profile
2026-01-31 16:13:43,160 - app.main - INFO - RESPONSE: GET http://localhost:8000/auth/profile - Status: 200
2026-01-31 16:14:08,185 - app.main - INFO - REQUEST: OPTIONS http://localhost:8000/variables/?project_id=1&flow_id=1
2026-01-31 16:14:08,188 - app.main - INFO - REQUEST: OPTIONS http://localhost:8000/variables/?project_id=1&flow_id=1
2026-01-31 16:14:08,189 - app.main - INFO - REQUEST: GET http://localhost:8000/environments?project_id=1
2026-01-31 16:14:08,189 - app.main - INFO - RESPONSE: OPTIONS http://localhost:8000/variables/?project_id=1&flow_id=1 - Status: 200
2026-01-31 16:14:08,193 - app.main - INFO - RESPONSE: OPTIONS http://localhost:8000/variables/?project_id=1&flow_id=1 - Status: 200
2026-01-31 16:14:08,196 - app.main - INFO - REQUEST: GET http://localhost:8000/variables/?project_id=1&flow_id=1
2026-01-31 16:14:08,198 - app.main - INFO - RESPONSE: GET http://localhost:8000/variables/?project_id=1&flow_id=1 - Status: 307
2026-01-31 16:14:08,217 - app.main - INFO - REQUEST: GET http://localhost:8000/variables/?project_id=1&flow_id=1
2026-01-31 16:14:08,217 - app.main - INFO - RESPONSE: GET http://localhost:8000/variables/?project_id=1&flow_id=1 - Status: 307
2026-01-31 16:14:08,223 - app.main - INFO - RESPONSE: GET http://localhost:8000/environments?project_id=1 - Status: 200
2026-01-31 16:14:08,226 - app.main - INFO - REQUEST: GET http://localhost:8000/environments?project_id=1
2026-01-31 16:14:08,230 - app.main - INFO - REQUEST: OPTIONS http://localhost:8000/variables?project_id=1&flow_id=1
2026-01-31 16:14:08,232 - app.main - INFO - REQUEST: OPTIONS http://localhost:8000/variables?project_id=1&flow_id=1
2026-01-31 16:14:08,232 - app.main - INFO - RESPONSE: OPTIONS http://localhost:8000/variables?project_id=1&flow_id=1 - Status: 200
2026-01-31 16:14:08,235 - app.main - INFO - RESPONSE: OPTIONS http://localhost:8000/variables?project_id=1&flow_id=1 - Status: 200
2026-01-31 16:14:08,238 - app.main - INFO - REQUEST: GET http://localhost:8000/variables?project_id=1&flow_id=1
2026-01-31 16:14:08,240 - app.main - INFO - REQUEST: GET http://localhost:8000/variables/?project_id=1&flow_id=1
2026-01-31 16:14:08,241 - app.main - INFO - RESPONSE: GET http://localhost:8000/variables/?project_id=1&flow_id=1 - Status: 307
2026-01-31 16:14:08,243 - app.main - INFO - RESPONSE: GET http://localhost:8000/environments?project_id=1 - Status: 200
2026-01-31 16:14:08,252 - app.main - INFO - RESPONSE: GET http://localhost:8000/variables?project_id=1&flow_id=1 - Status: 200
2026-01-31 16:14:08,255 - app.main - INFO - REQUEST: GET http://localhost:8000/variables?project_id=1&flow_id=1
2026-01-31 16:14:08,256 - app.main - INFO - REQUEST: GET http://localhost:8000/variables/?project_id=1&flow_id=1
2026-01-31 16:14:08,257 - app.main - INFO - RESPONSE: GET http://localhost:8000/variables/?project_id=1&flow_id=1 - Status: 307
2026-01-31 16:14:08,265 - app.main - INFO - RESPONSE: GET http://localhost:8000/variables?project_id=1&flow_id=1 - Status: 200
2026-01-31 16:14:08,267 - app.main - INFO - REQUEST: GET http://localhost:8000/variables?project_id=1&flow_id=1
2026-01-31 16:14:08,275 - app.main - INFO - RESPONSE: GET http://localhost:8000/variables?project_id=1&flow_id=1 - Status: 200
2026-01-31 16:14:08,276 - app.main - INFO - REQUEST: GET http://localhost:8000/variables?project_id=1&flow_id=1
2026-01-31 16:14:08,278 - app.main - INFO - REQUEST: OPTIONS http://localhost:8000/variables/?project_id=1&flow_id=1&environment_id=1
2026-01-31 16:14:08,279 - app.main - INFO - RESPONSE: OPTIONS http://localhost:8000/variables/?project_id=1&flow_id=1&environment_id=1 - Status: 200
2026-01-31 16:14:08,281 - app.main - INFO - RESPONSE: GET http://localhost:8000/variables?project_id=1&flow_id=1 - Status: 200
2026-01-31 16:14:08,282 - app.main - INFO - REQUEST: GET http://localhost:8000/variables/?project_id=1&flow_id=1&environment_id=1
2026-01-31 16:14:08,284 - app.main - INFO - RESPONSE: GET http://localhost:8000/variables/?project_id=1&flow_id=1&environment_id=1 - Status: 307
2026-01-31 16:14:08,286 - app.main - INFO - REQUEST: GET http://localhost:8000/variables/?project_id=1&flow_id=1&environment_id=1
2026-01-31 16:14:08,287 - app.main - INFO - REQUEST: OPTIONS http://localhost:8000/variables?project_id=1&flow_id=1&environment_id=1
2026-01-31 16:14:08,288 - app.main - INFO - RESPONSE: GET http://localhost:8000/variables/?project_id=1&flow_id=1&environment_id=1 - Status: 307
2026-01-31 16:14:08,289 - app.main - INFO - RESPONSE: OPTIONS http://localhost:8000/variables?project_id=1&flow_id=1&environment_id=1 - Status: 200
2026-01-31 16:14:08,290 - app.main - INFO - REQUEST: OPTIONS http://localhost:8000/variables?project_id=1&flow_id=1&environment_id=1
2026-01-31 16:14:08,290 - app.main - INFO - RESPONSE: OPTIONS http://localhost:8000/variables?project_id=1&flow_id=1&environment_id=1 - Status: 200
2026-01-31 16:14:08,292 - app.main - INFO - REQUEST: GET http://localhost:8000/variables?project_id=1&flow_id=1&environment_id=1
2026-01-31 16:14:08,296 - app.main - INFO - RESPONSE: GET http://localhost:8000/variables?project_id=1&flow_id=1&environment_id=1 - Status: 200
2026-01-31 16:14:08,300 - app.main - INFO - REQUEST: GET http://localhost:8000/variables?project_id=1&flow_id=1&environment_id=1
2026-01-31 16:14:08,304 - app.main - INFO - RESPONSE: GET http://localhost:8000/variables?project_id=1&flow_id=1&environment_id=1 - Status: 200
2026-01-31 16:14:08,427 - app.main - INFO - REQUEST: OPTIONS http://localhost:8000/flow/save
2026-01-31 16:14:08,429 - app.main - INFO - RESPONSE: OPTIONS http://localhost:8000/flow/save - Status: 200
2026-01-31 16:14:08,432 - app.main - INFO - REQUEST: POST http://localhost:8000/flow/save
2026-01-31 16:14:08,541 - app.main - INFO - RESPONSE: POST http://localhost:8000/flow/save - Status: 200
2026-01-31 16:14:10,556 - app.main - INFO - REQUEST: OPTIONS http://localhost:8000/history/?flow_id=1&project_id=1&page=1&limit=50&sort_by=created_at&order=desc&_=1769886850546
2026-01-31 16:14:10,558 - app.main - INFO - REQUEST: OPTIONS http://localhost:8000/history/?flow_id=1&project_id=1&page=1&limit=50&sort_by=created_at&order=desc&_=1769886850551
2026-01-31 16:14:10,558 - app.main - INFO - RESPONSE: OPTIONS http://localhost:8000/history/?flow_id=1&project_id=1&page=1&limit=50&sort_by=created_at&order=desc&_=1769886850546 - Status: 200
2026-01-31 16:14:10,561 - app.main - INFO - RESPONSE: OPTIONS http://localhost:8000/history/?flow_id=1&project_id=1&page=1&limit=50&sort_by=created_at&order=desc&_=1769886850551 - Status: 200
2026-01-31 16:14:10,564 - app.main - INFO - REQUEST: GET http://localhost:8000/history/?flow_id=1&project_id=1&page=1&limit=50&sort_by=created_at&order=desc&_=1769886850546
2026-01-31 16:14:10,567 - app.main - INFO - REQUEST: GET http://localhost:8000/history/?flow_id=1&project_id=1&page=1&limit=50&sort_by=created_at&order=desc&_=1769886850551
2026-01-31 16:14:10,644 - app.main - INFO - RESPONSE: GET http://localhost:8000/history/?flow_id=1&project_id=1&page=1&limit=50&sort_by=created_at&order=desc&_=1769886850546 - Status: 200
2026-01-31 16:14:10,646 - app.main - INFO - RESPONSE: GET http://localhost:8000/history/?flow_id=1&project_id=1&page=1&limit=50&sort_by=created_at&order=desc&_=1769886850551 - Status: 200
2026-01-31 16:14:14,336 - app.main - INFO - REQUEST: GET http://localhost:8000/auth/profile
2026-01-31 16:14:14,338 - app.main - INFO - REQUEST: GET http://localhost:8000/flow/load/1
2026-01-31 16:14:14,355 - app.main - INFO - RESPONSE: GET http://localhost:8000/auth/profile - Status: 200
2026-01-31 16:14:14,362 - app.main - INFO - REQUEST: GET http://localhost:8000/auth/profile
2026-01-31 16:14:14,379 - app.main - INFO - RESPONSE: GET http://localhost:8000/flow/load/1 - Status: 200
2026-01-31 16:14:14,381 - app.main - INFO - RESPONSE: GET http://localhost:8000/auth/profile - Status: 200
2026-01-31 16:14:14,385 - app.main - INFO - REQUEST: GET http://localhost:8000/flow/load/1
2026-01-31 16:14:14,388 - app.main - INFO - REQUEST: GET http://localhost:8000/auth/profile
2026-01-31 16:14:14,403 - app.main - INFO - RESPONSE: GET http://localhost:8000/auth/profile - Status: 200
2026-01-31 16:14:14,409 - app.main - INFO - REQUEST: GET http://localhost:8000/auth/profile
2026-01-31 16:14:14,424 - app.main - INFO - RESPONSE: GET http://localhost:8000/flow/load/1 - Status: 200
2026-01-31 16:14:14,427 - app.main - INFO - RESPONSE: GET http://localhost:8000/auth/profile - Status: 200
2026-01-31 16:14:29,634 - app.main - INFO - REQUEST: GET http://localhost:8000/environments?project_id=1
2026-01-31 16:14:29,641 - app.main - INFO - RESPONSE: GET http://localhost:8000/environments?project_id=1 - Status: 200
2026-01-31 16:14:32,199 - app.main - INFO - REQUEST: OPTIONS http://localhost:8000/variables/?project_id=1&environment_id=1
2026-01-31 16:14:32,200 - app.main - INFO - RESPONSE: OPTIONS http://localhost:8000/variables/?project_id=1&environment_id=1 - Status: 200
2026-01-31 16:14:32,208 - app.main - INFO - REQUEST: GET http://localhost:8000/variables/?project_id=1&environment_id=1
2026-01-31 16:14:32,209 - app.main - INFO - RESPONSE: GET http://localhost:8000/variables/?project_id=1&environment_id=1 - Status: 307
2026-01-31 16:14:32,215 - app.main - INFO - REQUEST: OPTIONS http://localhost:8000/variables?project_id=1&environment_id=1
2026-01-31 16:14:32,216 - app.main - INFO - RESPONSE: OPTIONS http://localhost:8000/variables?project_id=1&environment_id=1 - Status: 200
2026-01-31 16:14:32,222 - app.main - INFO - REQUEST: GET http://localhost:8000/variables?project_id=1&environment_id=1
2026-01-31 16:14:32,232 - app.main - INFO - RESPONSE: GET http://localhost:8000/variables?project_id=1&environment_id=1 - Status: 200
2026-01-31 16:14:32,745 - app.main - INFO - REQUEST: POST http://localhost:8000/auth/login
2026-01-31 16:14:32,749 - app.routes.auth_routes - INFO - === LOGIN REQUEST ===
2026-01-31 16:14:32,750 - app.routes.auth_routes - INFO - Username attempt: mribelato@gmail.com
2026-01-31 16:14:32,917 - app.routes.auth_routes - INFO - Login successful for user: mribelato@gmail.com
2026-01-31 16:14:32,917 - app.routes.auth_routes - INFO - Access token generated for: mribelato@gmail.com
2026-01-31 16:14:32,919 - app.main - INFO - RESPONSE: POST http://localhost:8000/auth/login - Status: 200
2026-01-31 16:14:32,929 - app.main - INFO - REQUEST: OPTIONS http://localhost:8000/history/
2026-01-31 16:14:32,930 - app.main - INFO - RESPONSE: OPTIONS http://localhost:8000/history/ - Status: 200
2026-01-31 16:14:32,933 - app.main - INFO - REQUEST: POST http://localhost:8000/history/
2026-01-31 16:14:32,990 - app.main - INFO - RESPONSE: POST http://localhost:8000/history/ - Status: 201
2026-01-31 16:14:32,997 - app.main - INFO - REQUEST: OPTIONS http://localhost:8000/variables/2
2026-01-31 16:14:32,998 - app.main - INFO - RESPONSE: OPTIONS http://localhost:8000/variables/2 - Status: 200
2026-01-31 16:14:33,002 - app.main - INFO - REQUEST: PUT http://localhost:8000/variables/2
2026-01-31 16:14:33,020 - app.main - INFO - RESPONSE: PUT http://localhost:8000/variables/2 - Status: 200
2026-01-31 16:14:33,531 - app.main - INFO - REQUEST: GET http://localhost:8000/auth/profile
2026-01-31 16:14:33,542 - app.main - INFO - RESPONSE: GET http://localhost:8000/auth/profile - Status: 200
2026-01-31 16:14:33,550 - app.main - INFO - REQUEST: POST http://localhost:8000/history/
2026-01-31 16:14:33,590 - app.main - INFO - RESPONSE: POST http://localhost:8000/history/ - Status: 201
2026-01-31 16:14:34,610 - app.main - INFO - REQUEST: OPTIONS http://localhost:8000/auth/logout
2026-01-31 16:14:34,611 - app.main - INFO - RESPONSE: OPTIONS http://localhost:8000/auth/logout - Status: 200
2026-01-31 16:14:34,615 - app.main - INFO - REQUEST: POST http://localhost:8000/auth/logout
2026-01-31 16:14:34,633 - app.routes.auth_routes - INFO - Token a4b71b0b-c2fb-4994-9c4e-53f76753edc3 blacklisted for user mribelato@gmail.com
2026-01-31 16:14:34,634 - app.main - INFO - RESPONSE: POST http://localhost:8000/auth/logout - Status: 200
2026-01-31 16:14:34,644 - app.main - INFO - REQUEST: POST http://localhost:8000/history/
2026-01-31 16:14:34,673 - app.main - INFO - RESPONSE: POST http://localhost:8000/history/ - Status: 201
2026-01-31 16:14:35,190 - app.main - INFO - REQUEST: GET http://localhost:8000/auth/profile
2026-01-31 16:14:35,197 - app.main - INFO - RESPONSE: GET http://localhost:8000/auth/profile - Status: 401
2026-01-31 16:14:35,204 - app.main - INFO - REQUEST: POST http://localhost:8000/history/
2026-01-31 16:14:35,234 - app.main - INFO - RESPONSE: POST http://localhost:8000/history/ - Status: 201
2026-01-31 16:14:35,392 - app.main - INFO - REQUEST: OPTIONS http://localhost:8000/history/?limit=1000&environment_id=1
2026-01-31 16:14:35,395 - app.main - INFO - REQUEST: OPTIONS http://localhost:8000/history/?limit=1000&environment_id=1
2026-01-31 16:14:35,396 - app.main - INFO - RESPONSE: OPTIONS http://localhost:8000/history/?limit=1000&environment_id=1 - Status: 200
2026-01-31 16:14:35,399 - app.main - INFO - RESPONSE: OPTIONS http://localhost:8000/history/?limit=1000&environment_id=1 - Status: 200
2026-01-31 16:14:35,406 - app.main - INFO - REQUEST: GET http://localhost:8000/history/?limit=1000&environment_id=1
2026-01-31 16:14:35,476 - app.main - INFO - RESPONSE: GET http://localhost:8000/history/?limit=1000&environment_id=1 - Status: 200
2026-01-31 16:14:35,481 - app.main - INFO - REQUEST: GET http://localhost:8000/history/?limit=1000&environment_id=1
2026-01-31 16:14:35,526 - app.main - INFO - RESPONSE: GET http://localhost:8000/history/?limit=1000&environment_id=1 - Status: 200
2026-01-31 16:15:06,445 - app.main - INFO - REQUEST: GET http://localhost:8000/environments?project_id=1
2026-01-31 16:15:06,447 - app.main - INFO - REQUEST: GET http://localhost:8000/variables/?project_id=1&flow_id=1
2026-01-31 16:15:06,448 - app.main - INFO - RESPONSE: GET http://localhost:8000/variables/?project_id=1&flow_id=1 - Status: 307
2026-01-31 16:15:06,452 - app.main - INFO - REQUEST: POST http://localhost:8000/flow/save
2026-01-31 16:15:06,459 - app.main - INFO - RESPONSE: GET http://localhost:8000/environments?project_id=1 - Status: 200
2026-01-31 16:15:06,464 - app.main - INFO - REQUEST: GET http://localhost:8000/variables/?project_id=1&flow_id=1
2026-01-31 16:15:06,468 - app.main - INFO - RESPONSE: GET http://localhost:8000/variables/?project_id=1&flow_id=1 - Status: 307
2026-01-31 16:15:06,471 - app.main - INFO - REQUEST: GET http://localhost:8000/variables?project_id=1&flow_id=1
2026-01-31 16:15:06,483 - app.main - INFO - RESPONSE: GET http://localhost:8000/variables?project_id=1&flow_id=1 - Status: 200
2026-01-31 16:15:06,488 - app.main - INFO - REQUEST: GET http://localhost:8000/environments?project_id=1
2026-01-31 16:15:06,497 - app.main - INFO - RESPONSE: GET http://localhost:8000/environments?project_id=1 - Status: 200
2026-01-31 16:15:06,503 - app.main - INFO - REQUEST: GET http://localhost:8000/variables/?project_id=1&flow_id=1
2026-01-31 16:15:06,507 - app.main - INFO - RESPONSE: GET http://localhost:8000/variables/?project_id=1&flow_id=1 - Status: 307
2026-01-31 16:15:06,511 - app.main - INFO - REQUEST: GET http://localhost:8000/variables?project_id=1&flow_id=1
2026-01-31 16:15:06,521 - app.main - INFO - RESPONSE: GET http://localhost:8000/variables?project_id=1&flow_id=1 - Status: 200
2026-01-31 16:15:06,525 - app.main - INFO - REQUEST: GET http://localhost:8000/variables/?project_id=1&flow_id=1
2026-01-31 16:15:06,527 - app.main - INFO - RESPONSE: GET http://localhost:8000/variables/?project_id=1&flow_id=1 - Status: 307
2026-01-31 16:15:06,530 - app.main - INFO - RESPONSE: POST http://localhost:8000/flow/save - Status: 200
2026-01-31 16:15:06,532 - app.main - INFO - REQUEST: GET http://localhost:8000/variables?project_id=1&flow_id=1
2026-01-31 16:15:06,539 - app.main - INFO - RESPONSE: GET http://localhost:8000/variables?project_id=1&flow_id=1 - Status: 200
2026-01-31 16:15:06,543 - app.main - INFO - REQUEST: GET http://localhost:8000/variables?project_id=1&flow_id=1
2026-01-31 16:15:06,546 - app.main - INFO - REQUEST: GET http://localhost:8000/variables/?project_id=1&flow_id=1&environment_id=1
2026-01-31 16:15:06,548 - app.main - INFO - RESPONSE: GET http://localhost:8000/variables/?project_id=1&flow_id=1&environment_id=1 - Status: 307
2026-01-31 16:15:06,554 - app.main - INFO - REQUEST: GET http://localhost:8000/variables?project_id=1&flow_id=1&environment_id=1
2026-01-31 16:15:06,555 - app.main - INFO - RESPONSE: GET http://localhost:8000/variables?project_id=1&flow_id=1 - Status: 200
2026-01-31 16:15:06,562 - app.main - INFO - REQUEST: GET http://localhost:8000/variables/?project_id=1&flow_id=1&environment_id=1
2026-01-31 16:15:06,564 - app.main - INFO - RESPONSE: GET http://localhost:8000/variables/?project_id=1&flow_id=1&environment_id=1 - Status: 307
2026-01-31 16:15:06,567 - app.main - INFO - RESPONSE: GET http://localhost:8000/variables?project_id=1&flow_id=1&environment_id=1 - Status: 200
2026-01-31 16:15:06,570 - app.main - INFO - REQUEST: GET http://localhost:8000/variables?project_id=1&flow_id=1&environment_id=1
2026-01-31 16:15:06,577 - app.main - INFO - RESPONSE: GET http://localhost:8000/variables?project_id=1&flow_id=1&environment_id=1 - Status: 200
2026-01-31 16:15:07,706 - app.main - INFO - REQUEST: OPTIONS http://localhost:8000/history/?flow_id=1&project_id=1&page=1&limit=50&sort_by=created_at&order=desc&_=1769886907699
2026-01-31 16:15:07,707 - app.main - INFO - REQUEST: OPTIONS http://localhost:8000/history/?flow_id=1&project_id=1&page=1&limit=50&sort_by=created_at&order=desc&_=1769886907702
2026-01-31 16:15:07,708 - app.main - INFO - RESPONSE: OPTIONS http://localhost:8000/history/?flow_id=1&project_id=1&page=1&limit=50&sort_by=created_at&order=desc&_=1769886907699 - Status: 200
2026-01-31 16:15:07,709 - app.main - INFO - RESPONSE: OPTIONS http://localhost:8000/history/?flow_id=1&project_id=1&page=1&limit=50&sort_by=created_at&order=desc&_=1769886907702 - Status: 200
2026-01-31 16:15:07,713 - app.main - INFO - REQUEST: GET http://localhost:8000/history/?flow_id=1&project_id=1&page=1&limit=50&sort_by=created_at&order=desc&_=1769886907699
2026-01-31 16:15:07,715 - app.main - INFO - REQUEST: GET http://localhost:8000/history/?flow_id=1&project_id=1&page=1&limit=50&sort_by=created_at&order=desc&_=1769886907702
2026-01-31 16:15:07,761 - app.main - INFO - RESPONSE: GET http://localhost:8000/history/?flow_id=1&project_id=1&page=1&limit=50&sort_by=created_at&order=desc&_=1769886907702 - Status: 200
2026-01-31 16:15:07,762 - app.main - INFO - RESPONSE: GET http://localhost:8000/history/?flow_id=1&project_id=1&page=1&limit=50&sort_by=created_at&order=desc&_=1769886907699 - Status: 200
2026-01-31 16:15:21,698 - app.main - INFO - REQUEST: GET http://localhost:8000/flow/load/1
2026-01-31 16:15:21,738 - app.main - INFO - RESPONSE: GET http://localhost:8000/flow/load/1 - Status: 200
2026-01-31 16:15:21,749 - app.main - INFO - REQUEST: POST http://localhost:8000/flow/save
2026-01-31 16:15:21,785 - app.main - INFO - RESPONSE: POST http://localhost:8000/flow/save - Status: 200
2026-01-31 16:15:23,345 - app.main - INFO - REQUEST: GET http://localhost:8000/auth/profile
2026-01-31 16:15:23,347 - app.main - INFO - REQUEST: GET http://localhost:8000/flow/load/1
2026-01-31 16:15:23,361 - app.main - INFO - RESPONSE: GET http://localhost:8000/auth/profile - Status: 200
2026-01-31 16:15:23,365 - app.main - INFO - REQUEST: GET http://localhost:8000/auth/profile
2026-01-31 16:15:23,381 - app.main - INFO - RESPONSE: GET http://localhost:8000/flow/load/1 - Status: 200
2026-01-31 16:15:23,383 - app.main - INFO - RESPONSE: GET http://localhost:8000/auth/profile - Status: 200
2026-01-31 16:15:23,386 - app.main - INFO - REQUEST: GET http://localhost:8000/flow/load/1
2026-01-31 16:15:23,388 - app.main - INFO - REQUEST: GET http://localhost:8000/auth/profile
2026-01-31 16:15:23,402 - app.main - INFO - RESPONSE: GET http://localhost:8000/auth/profile - Status: 200
2026-01-31 16:15:23,407 - app.main - INFO - REQUEST: GET http://localhost:8000/auth/profile
2026-01-31 16:15:23,416 - app.main - INFO - RESPONSE: GET http://localhost:8000/auth/profile - Status: 200
2026-01-31 16:15:23,424 - app.main - INFO - RESPONSE: GET http://localhost:8000/flow/load/1 - Status: 200
2026-01-31 16:15:26,180 - app.main - INFO - REQUEST: GET http://localhost:8000/environments?project_id=1
2026-01-31 16:15:26,186 - app.main - INFO - RESPONSE: GET http://localhost:8000/environments?project_id=1 - Status: 200
2026-01-31 16:15:27,433 - app.main - INFO - REQUEST: GET http://localhost:8000/variables/?project_id=1&environment_id=1
2026-01-31 16:15:27,435 - app.main - INFO - RESPONSE: GET http://localhost:8000/variables/?project_id=1&environment_id=1 - Status: 307
2026-01-31 16:15:27,443 - app.main - INFO - REQUEST: GET http://localhost:8000/variables?project_id=1&environment_id=1
2026-01-31 16:15:27,451 - app.main - INFO - RESPONSE: GET http://localhost:8000/variables?project_id=1&environment_id=1 - Status: 200
2026-01-31 16:15:27,966 - app.main - INFO - REQUEST: POST http://localhost:8000/auth/login
2026-01-31 16:15:27,971 - app.routes.auth_routes - INFO - === LOGIN REQUEST ===
2026-01-31 16:15:27,971 - app.routes.auth_routes - INFO - Username attempt: mribelato@gmail.com
2026-01-31 16:15:28,132 - app.routes.auth_routes - INFO - Login successful for user: mribelato@gmail.com
2026-01-31 16:15:28,133 - app.routes.auth_routes - INFO - Access token generated for: mribelato@gmail.com
2026-01-31 16:15:28,135 - app.main - INFO - RESPONSE: POST http://localhost:8000/auth/login - Status: 200
2026-01-31 16:15:28,146 - app.main - INFO - REQUEST: POST http://localhost:8000/history/
2026-01-31 16:15:28,180 - app.main - INFO - RESPONSE: POST http://localhost:8000/history/ - Status: 201
2026-01-31 16:15:28,188 - app.main - INFO - REQUEST: PUT http://localhost:8000/variables/2
2026-01-31 16:15:28,207 - app.main - INFO - RESPONSE: PUT http://localhost:8000/variables/2 - Status: 200
2026-01-31 16:15:28,732 - app.main - INFO - REQUEST: GET http://localhost:8000/auth/profile
2026-01-31 16:15:28,746 - app.main - INFO - RESPONSE: GET http://localhost:8000/auth/profile - Status: 200
2026-01-31 16:15:28,755 - app.main - INFO - REQUEST: POST http://localhost:8000/history/
2026-01-31 16:15:28,782 - app.main - INFO - RESPONSE: POST http://localhost:8000/history/ - Status: 201
2026-01-31 16:15:29,799 - app.main - INFO - REQUEST: POST http://localhost:8000/auth/logout
2026-01-31 16:15:29,816 - app.routes.auth_routes - INFO - Token f5596fa6-d632-4117-9482-7e939ad793ed blacklisted for user mribelato@gmail.com
2026-01-31 16:15:29,817 - app.main - INFO - RESPONSE: POST http://localhost:8000/auth/logout - Status: 200
2026-01-31 16:15:29,826 - app.main - INFO - REQUEST: POST http://localhost:8000/history/
2026-01-31 16:15:29,858 - app.main - INFO - RESPONSE: POST http://localhost:8000/history/ - Status: 201
2026-01-31 16:15:30,377 - app.main - INFO - REQUEST: GET http://localhost:8000/auth/profile
2026-01-31 16:15:30,391 - app.main - INFO - RESPONSE: GET http://localhost:8000/auth/profile - Status: 401
2026-01-31 16:15:30,402 - app.main - INFO - REQUEST: POST http://localhost:8000/history/
2026-01-31 16:15:30,455 - app.main - INFO - RESPONSE: POST http://localhost:8000/history/ - Status: 201
2026-01-31 16:15:30,613 - app.main - INFO - REQUEST: GET http://localhost:8000/history/?limit=1000&environment_id=1
2026-01-31 16:15:30,675 - app.main - INFO - RESPONSE: GET http://localhost:8000/history/?limit=1000&environment_id=1 - Status: 200
2026-01-31 16:15:30,683 - app.main - INFO - REQUEST: GET http://localhost:8000/history/?limit=1000&environment_id=1
2026-01-31 16:15:30,722 - app.main - INFO - RESPONSE: GET http://localhost:8000/history/?limit=1000&environment_id=1 - Status: 200
2026-01-31 16:16:04,083 - app.main - INFO - REQUEST: GET http://localhost:8000/auth/profile
2026-01-31 16:16:04,093 - app.main - INFO - RESPONSE: GET http://localhost:8000/auth/profile - Status: 200
2026-01-31 16:16:04,096 - app.main - INFO - REQUEST: GET http://localhost:8000/products/
2026-01-31 16:16:04,109 - app.main - INFO - RESPONSE: GET http://localhost:8000/products/ - Status: 200
2026-01-31 16:16:04,112 - app.main - INFO - REQUEST: GET http://localhost:8000/auth/profile
2026-01-31 16:16:04,121 - app.main - INFO - RESPONSE: GET http://localhost:8000/auth/profile - Status: 200
2026-01-31 16:16:04,125 - app.main - INFO - REQUEST: GET http://localhost:8000/products/
2026-01-31 16:16:04,136 - app.main - INFO - RESPONSE: GET http://localhost:8000/products/ - Status: 200
2026-01-31 16:16:04,139 - app.main - INFO - REQUEST: GET http://localhost:8000/auth/profile
2026-01-31 16:16:04,146 - app.main - INFO - RESPONSE: GET http://localhost:8000/auth/profile - Status: 200
2026-01-31 16:16:04,150 - app.main - INFO - REQUEST: GET http://localhost:8000/auth/profile
2026-01-31 16:16:04,155 - app.main - INFO - RESPONSE: GET http://localhost:8000/auth/profile - Status: 200
2026-01-31 16:16:07,678 - app.main - INFO - REQUEST: OPTIONS http://localhost:8000/products/1
2026-01-31 16:16:07,680 - app.main - INFO - REQUEST: OPTIONS http://localhost:8000/products/1
2026-01-31 16:16:07,681 - app.main - INFO - RESPONSE: OPTIONS http://localhost:8000/products/1 - Status: 200
2026-01-31 16:16:07,684 - app.main - INFO - RESPONSE: OPTIONS http://localhost:8000/products/1 - Status: 200
2026-01-31 16:16:07,688 - app.main - INFO - REQUEST: GET http://localhost:8000/products/1
2026-01-31 16:16:07,702 - app.main - INFO - RESPONSE: GET http://localhost:8000/products/1 - Status: 200
2026-01-31 16:16:07,707 - app.main - INFO - REQUEST: GET http://localhost:8000/products/1
2026-01-31 16:16:07,710 - app.main - INFO - REQUEST: GET http://localhost:8000/features/?product_id=1
2026-01-31 16:16:07,731 - app.main - INFO - RESPONSE: GET http://localhost:8000/products/1 - Status: 200
2026-01-31 16:16:07,735 - app.main - INFO - RESPONSE: GET http://localhost:8000/features/?product_id=1 - Status: 200
2026-01-31 16:16:07,739 - app.main - INFO - REQUEST: GET http://localhost:8000/features/?product_id=1
2026-01-31 16:16:07,743 - app.main - INFO - REQUEST: GET http://localhost:8000/environments?project_id=1
2026-01-31 16:16:07,755 - app.main - INFO - RESPONSE: GET http://localhost:8000/environments?project_id=1 - Status: 200
2026-01-31 16:16:07,759 - app.main - INFO - RESPONSE: GET http://localhost:8000/features/?product_id=1 - Status: 200
2026-01-31 16:16:07,773 - app.main - INFO - REQUEST: GET http://localhost:8000/environments?project_id=1
2026-01-31 16:16:07,779 - app.main - INFO - RESPONSE: GET http://localhost:8000/environments?project_id=1 - Status: 200
2026-01-31 16:16:13,152 - app.main - INFO - REQUEST: OPTIONS http://localhost:8000/variables/?project_id=1
2026-01-31 16:16:13,153 - app.main - INFO - RESPONSE: OPTIONS http://localhost:8000/variables/?project_id=1 - Status: 200
2026-01-31 16:16:13,157 - app.main - INFO - REQUEST: GET http://localhost:8000/variables/?project_id=1
2026-01-31 16:16:13,159 - app.main - INFO - RESPONSE: GET http://localhost:8000/variables/?project_id=1 - Status: 307
2026-01-31 16:16:13,163 - app.main - INFO - REQUEST: OPTIONS http://localhost:8000/variables?project_id=1
2026-01-31 16:16:13,164 - app.main - INFO - RESPONSE: OPTIONS http://localhost:8000/variables?project_id=1 - Status: 200
2026-01-31 16:16:13,169 - app.main - INFO - REQUEST: GET http://localhost:8000/variables?project_id=1
2026-01-31 16:16:13,175 - app.main - INFO - RESPONSE: GET http://localhost:8000/variables?project_id=1 - Status: 200
2026-01-31 16:16:13,183 - app.main - INFO - REQUEST: GET http://localhost:8000/variables/?project_id=1&environment_id=1
2026-01-31 16:16:13,184 - app.main - INFO - RESPONSE: GET http://localhost:8000/variables/?project_id=1&environment_id=1 - Status: 307
2026-01-31 16:16:13,192 - app.main - INFO - REQUEST: GET http://localhost:8000/variables?project_id=1&environment_id=1
2026-01-31 16:16:13,198 - app.main - INFO - RESPONSE: GET http://localhost:8000/variables?project_id=1&environment_id=1 - Status: 200
2026-01-31 16:16:13,205 - app.main - INFO - REQUEST: GET http://localhost:8000/flow/load/1
2026-01-31 16:16:13,236 - app.main - INFO - RESPONSE: GET http://localhost:8000/flow/load/1 - Status: 200
2026-01-31 16:16:13,247 - app.main - INFO - REQUEST: GET http://localhost:8000/variables/?project_id=1&environment_id=1
2026-01-31 16:16:13,248 - app.main - INFO - RESPONSE: GET http://localhost:8000/variables/?project_id=1&environment_id=1 - Status: 307
2026-01-31 16:16:13,257 - app.main - INFO - REQUEST: GET http://localhost:8000/variables?project_id=1&environment_id=1
2026-01-31 16:16:13,264 - app.main - INFO - RESPONSE: GET http://localhost:8000/variables?project_id=1&environment_id=1 - Status: 200
2026-01-31 16:16:13,271 - app.main - INFO - REQUEST: POST http://localhost:8000/auth/login
2026-01-31 16:16:13,275 - app.routes.auth_routes - INFO - === LOGIN REQUEST ===
2026-01-31 16:16:13,276 - app.routes.auth_routes - INFO - Username attempt: mribelato@gmail.com
2026-01-31 16:16:13,433 - app.routes.auth_routes - INFO - Login successful for user: mribelato@gmail.com
2026-01-31 16:16:13,434 - app.routes.auth_routes - INFO - Access token generated for: mribelato@gmail.com
2026-01-31 16:16:13,436 - app.main - INFO - RESPONSE: POST http://localhost:8000/auth/login - Status: 200
2026-01-31 16:16:13,443 - app.main - INFO - REQUEST: PUT http://localhost:8000/variables/2
2026-01-31 16:16:13,458 - app.main - INFO - RESPONSE: PUT http://localhost:8000/variables/2 - Status: 200
2026-01-31 16:16:13,466 - app.main - INFO - REQUEST: POST http://localhost:8000/history/
2026-01-31 16:16:13,493 - app.main - INFO - RESPONSE: POST http://localhost:8000/history/ - Status: 201
2026-01-31 16:16:13,713 - app.main - INFO - REQUEST: GET http://localhost:8000/variables/?project_id=1&environment_id=1
2026-01-31 16:16:13,717 - app.main - INFO - RESPONSE: GET http://localhost:8000/variables/?project_id=1&environment_id=1 - Status: 307
2026-01-31 16:16:13,728 - app.main - INFO - REQUEST: GET http://localhost:8000/variables?project_id=1&environment_id=1
2026-01-31 16:16:13,747 - app.main - INFO - RESPONSE: GET http://localhost:8000/variables?project_id=1&environment_id=1 - Status: 200
2026-01-31 16:16:13,764 - app.main - INFO - REQUEST: GET http://localhost:8000/auth/profile
2026-01-31 16:16:13,785 - app.main - INFO - RESPONSE: GET http://localhost:8000/auth/profile - Status: 200
2026-01-31 16:16:13,802 - app.main - INFO - REQUEST: POST http://localhost:8000/history/
2026-01-31 16:16:13,861 - app.main - INFO - RESPONSE: POST http://localhost:8000/history/ - Status: 201
2026-01-31 16:16:14,285 - app.main - INFO - REQUEST: GET http://localhost:8000/variables/?project_id=1&environment_id=1
2026-01-31 16:16:14,288 - app.main - INFO - RESPONSE: GET http://localhost:8000/variables/?project_id=1&environment_id=1 - Status: 307
2026-01-31 16:16:14,302 - app.main - INFO - REQUEST: GET http://localhost:8000/variables?project_id=1&environment_id=1
2026-01-31 16:16:14,319 - app.main - INFO - RESPONSE: GET http://localhost:8000/variables?project_id=1&environment_id=1 - Status: 200
2026-01-31 16:16:14,337 - app.main - INFO - REQUEST: POST http://localhost:8000/auth/logout
2026-01-31 16:16:14,368 - app.routes.auth_routes - INFO - Token c2cef2bf-b52b-4f14-8ec5-b57155017579 blacklisted for user mribelato@gmail.com
2026-01-31 16:16:14,370 - app.main - INFO - RESPONSE: POST http://localhost:8000/auth/logout - Status: 200
2026-01-31 16:16:14,384 - app.main - INFO - REQUEST: POST http://localhost:8000/history/
2026-01-31 16:16:14,434 - app.main - INFO - RESPONSE: POST http://localhost:8000/history/ - Status: 201
2026-01-31 16:16:14,653 - app.main - INFO - REQUEST: GET http://localhost:8000/variables/?project_id=1&environment_id=1
2026-01-31 16:16:14,656 - app.main - INFO - RESPONSE: GET http://localhost:8000/variables/?project_id=1&environment_id=1 - Status: 307
2026-01-31 16:16:14,671 - app.main - INFO - REQUEST: GET http://localhost:8000/variables?project_id=1&environment_id=1
2026-01-31 16:16:14,688 - app.main - INFO - RESPONSE: GET http://localhost:8000/variables?project_id=1&environment_id=1 - Status: 200
2026-01-31 16:16:14,702 - app.main - INFO - REQUEST: GET http://localhost:8000/auth/profile
2026-01-31 16:16:14,717 - app.main - INFO - RESPONSE: GET http://localhost:8000/auth/profile - Status: 401
2026-01-31 16:16:14,729 - app.main - INFO - REQUEST: POST http://localhost:8000/history/
2026-01-31 16:16:14,787 - app.main - INFO - RESPONSE: POST http://localhost:8000/history/ - Status: 201
2026-01-31 16:16:16,017 - app.main - INFO - REQUEST: OPTIONS http://localhost:8000/flow/load/2
2026-01-31 16:16:16,018 - app.main - INFO - RESPONSE: OPTIONS http://localhost:8000/flow/load/2 - Status: 200
2026-01-31 16:16:16,023 - app.main - INFO - REQUEST: GET http://localhost:8000/flow/load/2
2026-01-31 16:16:16,051 - app.main - INFO - RESPONSE: GET http://localhost:8000/flow/load/2 - Status: 200
2026-01-31 16:16:16,057 - app.main - INFO - REQUEST: GET http://localhost:8000/variables/?project_id=1&environment_id=1
2026-01-31 16:16:16,058 - app.main - INFO - RESPONSE: GET http://localhost:8000/variables/?project_id=1&environment_id=1 - Status: 307
2026-01-31 16:16:16,064 - app.main - INFO - REQUEST: GET http://localhost:8000/variables?project_id=1&environment_id=1
2026-01-31 16:16:16,069 - app.main - INFO - RESPONSE: GET http://localhost:8000/variables?project_id=1&environment_id=1 - Status: 200
2026-01-31 16:16:16,074 - app.main - INFO - REQUEST: POST http://localhost:8000/auth/login
2026-01-31 16:16:16,077 - app.routes.auth_routes - INFO - === LOGIN REQUEST ===
2026-01-31 16:16:16,077 - app.routes.auth_routes - INFO - Username attempt: mribelato@gmail.com
2026-01-31 16:16:16,229 - app.routes.auth_routes - INFO - Login successful for user: mribelato@gmail.com
2026-01-31 16:16:16,229 - app.routes.auth_routes - INFO - Access token generated for: mribelato@gmail.com
2026-01-31 16:16:16,231 - app.main - INFO - RESPONSE: POST http://localhost:8000/auth/login - Status: 200
2026-01-31 16:16:16,237 - app.main - INFO - REQUEST: PUT http://localhost:8000/variables/2
2026-01-31 16:16:16,254 - app.main - INFO - RESPONSE: PUT http://localhost:8000/variables/2 - Status: 200
2026-01-31 16:16:16,263 - app.main - INFO - REQUEST: POST http://localhost:8000/history/
2026-01-31 16:16:16,294 - app.main - INFO - RESPONSE: POST http://localhost:8000/history/ - Status: 201
2026-01-31 16:16:16,511 - app.main - INFO - REQUEST: GET http://localhost:8000/variables/?project_id=1&environment_id=1
2026-01-31 16:16:16,513 - app.main - INFO - RESPONSE: GET http://localhost:8000/variables/?project_id=1&environment_id=1 - Status: 307
2026-01-31 16:16:16,518 - app.main - INFO - REQUEST: GET http://localhost:8000/variables?project_id=1&environment_id=1
2026-01-31 16:16:16,531 - app.main - INFO - RESPONSE: GET http://localhost:8000/variables?project_id=1&environment_id=1 - Status: 200
2026-01-31 16:16:16,536 - app.main - INFO - REQUEST: OPTIONS http://localhost:8000/products/?skip=0&limit=100
2026-01-31 16:16:16,536 - app.main - INFO - RESPONSE: OPTIONS http://localhost:8000/products/?skip=0&limit=100 - Status: 200
2026-01-31 16:16:16,541 - app.main - INFO - REQUEST: GET http://localhost:8000/products/?skip=0&limit=100
2026-01-31 16:16:16,551 - app.main - INFO - RESPONSE: GET http://localhost:8000/products/?skip=0&limit=100 - Status: 200
2026-01-31 16:16:16,559 - app.main - INFO - REQUEST: POST http://localhost:8000/history/
2026-01-31 16:16:16,583 - app.main - INFO - RESPONSE: POST http://localhost:8000/history/ - Status: 201
2026-01-31 16:16:17,841 - app.main - INFO - REQUEST: GET http://localhost:8000/history/?limit=1000&environment_id=1
2026-01-31 16:16:17,863 - app.main - INFO - RESPONSE: GET http://localhost:8000/history/?limit=1000&environment_id=1 - Status: 200
2026-01-31 16:16:17,865 - app.main - INFO - REQUEST: GET http://localhost:8000/history/?limit=1000&environment_id=1
2026-01-31 16:16:17,890 - app.main - INFO - RESPONSE: GET http://localhost:8000/history/?limit=1000&environment_id=1 - Status: 200
2026-01-31 16:16:30,114 - app.main - INFO - REQUEST: OPTIONS http://localhost:8000/history/?project_id=1&page=1&limit=50&sort_by=created_at&order=desc&_=1769886990111
2026-01-31 16:16:30,115 - app.main - INFO - RESPONSE: OPTIONS http://localhost:8000/history/?project_id=1&page=1&limit=50&sort_by=created_at&order=desc&_=1769886990111 - Status: 200
2026-01-31 16:16:30,117 - app.main - INFO - REQUEST: GET http://localhost:8000/history/?project_id=1&page=1&limit=50&sort_by=created_at&order=desc&_=1769886990111
2026-01-31 16:16:30,140 - app.main - INFO - RESPONSE: GET http://localhost:8000/history/?project_id=1&page=1&limit=50&sort_by=created_at&order=desc&_=1769886990111 - Status: 200
2026-01-31 16:17:08,665 - app.main - INFO - REQUEST: OPTIONS http://localhost:8000/history/?project_id=1&page=1&limit=50&sort_by=created_at&order=desc&_=1769887028256&end_date=2026-01-30
2026-01-31 16:17:08,666 - app.main - INFO - RESPONSE: OPTIONS http://localhost:8000/history/?project_id=1&page=1&limit=50&sort_by=created_at&order=desc&_=1769887028256&end_date=2026-01-30 - Status: 200
2026-01-31 16:17:08,669 - app.main - INFO - REQUEST: GET http://localhost:8000/history/?project_id=1&page=1&limit=50&sort_by=created_at&order=desc&_=1769887028256&end_date=2026-01-30
2026-01-31 16:17:08,705 - app.main - INFO - RESPONSE: GET http://localhost:8000/history/?project_id=1&page=1&limit=50&sort_by=created_at&order=desc&_=1769887028256&end_date=2026-01-30 - Status: 200
2026-01-31 16:17:14,062 - app.main - INFO - REQUEST: OPTIONS http://localhost:8000/history/?project_id=1&page=1&limit=50&sort_by=created_at&order=desc&_=1769887033860
2026-01-31 16:17:14,063 - app.main - INFO - RESPONSE: OPTIONS http://localhost:8000/history/?project_id=1&page=1&limit=50&sort_by=created_at&order=desc&_=1769887033860 - Status: 200
2026-01-31 16:17:14,064 - app.main - INFO - REQUEST: GET http://localhost:8000/history/?project_id=1&page=1&limit=50&sort_by=created_at&order=desc&_=1769887033860
2026-01-31 16:17:14,083 - app.main - INFO - RESPONSE: GET http://localhost:8000/history/?project_id=1&page=1&limit=50&sort_by=created_at&order=desc&_=1769887033860 - Status: 200
2026-01-31 16:17:21,030 - app.main - INFO - REQUEST: OPTIONS http://localhost:8000/history/?project_id=1&page=1&limit=50&sort_by=created_at&order=desc&_=1769887040523&end_date=2026-01-30
2026-01-31 16:17:21,031 - app.main - INFO - RESPONSE: OPTIONS http://localhost:8000/history/?project_id=1&page=1&limit=50&sort_by=created_at&order=desc&_=1769887040523&end_date=2026-01-30 - Status: 200
2026-01-31 16:17:21,034 - app.main - INFO - REQUEST: GET http://localhost:8000/history/?project_id=1&page=1&limit=50&sort_by=created_at&order=desc&_=1769887040523&end_date=2026-01-30
2026-01-31 16:17:21,059 - app.main - INFO - RESPONSE: GET http://localhost:8000/history/?project_id=1&page=1&limit=50&sort_by=created_at&order=desc&_=1769887040523&end_date=2026-01-30 - Status: 200
2026-01-31 16:19:30,518 - app.main - INFO - REQUEST: OPTIONS http://localhost:8000/schedules/
2026-01-31 16:19:30,520 - app.main - INFO - RESPONSE: OPTIONS http://localhost:8000/schedules/ - Status: 200
2026-01-31 16:19:30,526 - app.main - INFO - REQUEST: POST http://localhost:8000/schedules/
2026-01-31 16:19:30,561 - apscheduler.scheduler - INFO - Added job "execute_job" to job store "default"
2026-01-31 16:19:30,572 - app.main - INFO - RESPONSE: POST http://localhost:8000/schedules/ - Status: 200
2026-01-31 16:19:36,073 - app.main - INFO - REQUEST: GET http://localhost:8000/auth/profile
2026-01-31 16:19:36,082 - app.main - INFO - RESPONSE: GET http://localhost:8000/auth/profile - Status: 200
2026-01-31 16:19:36,086 - app.main - INFO - REQUEST: GET http://localhost:8000/products/
2026-01-31 16:19:36,094 - app.main - INFO - RESPONSE: GET http://localhost:8000/products/ - Status: 200
2026-01-31 16:19:36,098 - app.main - INFO - REQUEST: GET http://localhost:8000/auth/profile
2026-01-31 16:19:36,103 - app.main - INFO - RESPONSE: GET http://localhost:8000/auth/profile - Status: 200
2026-01-31 16:19:36,105 - app.main - INFO - REQUEST: GET http://localhost:8000/products/
2026-01-31 16:19:36,111 - app.main - INFO - RESPONSE: GET http://localhost:8000/products/ - Status: 200
2026-01-31 16:19:36,113 - app.main - INFO - REQUEST: GET http://localhost:8000/auth/profile
2026-01-31 16:19:36,118 - app.main - INFO - RESPONSE: GET http://localhost:8000/auth/profile - Status: 200
2026-01-31 16:19:36,120 - app.main - INFO - REQUEST: GET http://localhost:8000/auth/profile
2026-01-31 16:19:36,124 - app.main - INFO - RESPONSE: GET http://localhost:8000/auth/profile - Status: 200
2026-01-31 16:19:38,991 - app.main - INFO - REQUEST: GET http://localhost:8000/schedules/
2026-01-31 16:19:38,993 - app.main - INFO - REQUEST: GET http://localhost:8000/auth/profile
2026-01-31 16:19:38,994 - app.main - INFO - REQUEST: GET http://localhost:8000/products/
2026-01-31 16:19:39,014 - app.main - INFO - RESPONSE: GET http://localhost:8000/auth/profile - Status: 200
2026-01-31 16:19:39,018 - app.main - INFO - RESPONSE: GET http://localhost:8000/products/ - Status: 200
2026-01-31 16:19:39,022 - app.main - INFO - REQUEST: GET http://localhost:8000/auth/profile
2026-01-31 16:19:39,023 - app.main - INFO - RESPONSE: GET http://localhost:8000/schedules/ - Status: 200
2026-01-31 16:19:39,025 - app.main - INFO - REQUEST: GET http://localhost:8000/products/
2026-01-31 16:19:39,028 - app.main - INFO - REQUEST: GET http://localhost:8000/schedules/
2026-01-31 16:19:39,045 - app.main - INFO - RESPONSE: GET http://localhost:8000/auth/profile - Status: 200
2026-01-31 16:19:39,051 - app.main - INFO - REQUEST: GET http://localhost:8000/auth/profile
2026-01-31 16:19:39,056 - app.main - INFO - RESPONSE: GET http://localhost:8000/schedules/ - Status: 200
2026-01-31 16:19:39,059 - app.main - INFO - RESPONSE: GET http://localhost:8000/products/ - Status: 200
2026-01-31 16:19:39,068 - app.main - INFO - RESPONSE: GET http://localhost:8000/auth/profile - Status: 200
2026-01-31 16:19:39,072 - app.main - INFO - REQUEST: GET http://localhost:8000/auth/profile
2026-01-31 16:19:39,081 - app.main - INFO - RESPONSE: GET http://localhost:8000/auth/profile - Status: 200
2026-01-31 16:19:53,844 - app.main - INFO - REQUEST: OPTIONS http://localhost:8000/history/?schedule_id=7&limit=50
2026-01-31 16:19:53,845 - app.main - INFO - RESPONSE: OPTIONS http://localhost:8000/history/?schedule_id=7&limit=50 - Status: 200
2026-01-31 16:19:53,849 - app.main - INFO - REQUEST: GET http://localhost:8000/history/?schedule_id=7&limit=50
2026-01-31 16:19:53,865 - app.main - INFO - RESPONSE: GET http://localhost:8000/history/?schedule_id=7&limit=50 - Status: 200
2026-01-31 16:19:53,920 - app.main - INFO - REQUEST: GET http://localhost:8000/history/?limit=1000&environment_id=1
2026-01-31 16:19:53,959 - app.main - INFO - RESPONSE: GET http://localhost:8000/history/?limit=1000&environment_id=1 - Status: 200
2026-01-31 16:19:53,963 - app.main - INFO - REQUEST: GET http://localhost:8000/history/?limit=1000&environment_id=1
2026-01-31 16:19:54,010 - app.main - INFO - RESPONSE: GET http://localhost:8000/history/?limit=1000&environment_id=1 - Status: 200
2026-01-31 16:20:00,006 - apscheduler.executors.default - INFO - Running job "execute_job (trigger: cron[month='*', day='*', day_of_week='*', hour='16', minute='20'], next run at: 2026-02-01 16:20:00 -03)" (scheduled at 2026-01-31 16:20:00-03:00)
2026-01-31 16:20:00,007 - app.services.scheduler_service - INFO - Executing scheduled job: 8
2026-01-31 16:20:00,037 - app.services.scheduler_service - INFO - 🚀 Running Scheduled Suite (Product) 1 in Env 1
2026-01-31 16:20:00,047 - app.services.scheduler_service - INFO -   📂 Processing Feature: Login (ID: 1)
2026-01-31 16:20:00,077 - app.services.scheduler_service - INFO -    ► Executing Flow: Fluxo Principal (ID: 1) - 5 cards
2026-01-31 16:20:00,077 - app.services.scheduler_service - INFO -       Running Node: Login (1 calls)
2026-01-31 16:20:00,082 - app.main - INFO - REQUEST: POST http://127.0.0.1:8000/auth/login
2026-01-31 16:20:00,087 - app.routes.auth_routes - INFO - === LOGIN REQUEST ===
2026-01-31 16:20:00,087 - app.routes.auth_routes - INFO - Username attempt: mribelato@gmail.com
2026-01-31 16:20:00,253 - app.routes.auth_routes - INFO - Login successful for user: mribelato@gmail.com
2026-01-31 16:20:00,254 - app.routes.auth_routes - INFO - Access token generated for: mribelato@gmail.com
2026-01-31 16:20:00,258 - app.main - INFO - RESPONSE: POST http://127.0.0.1:8000/auth/login - Status: 200
2026-01-31 16:20:00,265 - app.services.scheduler_service - INFO -       Evaluating 3 assertions...
2026-01-31 16:20:00,266 - app.services.scheduler_service - INFO -       Processing 1 extraction rules...
2026-01-31 16:20:00,267 - app.services.scheduler_service - INFO -       ✅ Extracted: TOKEN = eyJhbGciOiJIUzI1NiIsInR5cCI6IkpXVCJ9.eyJzdWIiOiJtcmliZWxhdG9AZ21haWwuY29tIiwidmVyc2lvbiI6MSwiZXhwIjoxNzY5OTczNjAwLCJqdGkiOiIyZTNkYWExYy02YjNhLTQ3NjYtYjIwZC0wMWVhMzliMWY2MWIifQ.pQI8ACN_CVVjcCtS3cQu7Gj200-LDl2Ipw7TevIc9I8
2026-01-31 16:20:00,269 - app.services.scheduler_service - INFO - 💾 Saving history for Schedule 8, User 1
2026-01-31 16:20:00,286 - app.services.scheduler_service - INFO -       -> POST http://127.0.0.1:8000/auth/login [200]
2026-01-31 16:20:00,287 - app.services.scheduler_service - INFO -       Running Node: Profile  (1 calls)
2026-01-31 16:20:00,293 - app.main - INFO - REQUEST: GET http://127.0.0.1:8000/auth/profile
2026-01-31 16:20:00,309 - app.main - INFO - RESPONSE: GET http://127.0.0.1:8000/auth/profile - Status: 200
2026-01-31 16:20:00,313 - app.services.scheduler_service - INFO -       Evaluating 1 assertions...
2026-01-31 16:20:00,319 - app.services.scheduler_service - INFO - 💾 Saving history for Schedule 8, User 1
2026-01-31 16:20:00,334 - app.services.scheduler_service - INFO -       -> GET http://127.0.0.1:8000/auth/profile [200]
2026-01-31 16:20:00,335 - app.services.scheduler_service - INFO -       Running Node: Novo Card (0 calls)
2026-01-31 16:20:00,336 - app.services.scheduler_service - INFO -       Running Node: Logout (1 calls)
2026-01-31 16:20:00,343 - app.main - INFO - REQUEST: POST http://127.0.0.1:8000/auth/logout
2026-01-31 16:20:00,370 - app.routes.auth_routes - INFO - Token 2e3daa1c-6b3a-4766-b20d-01ea39b1f61b blacklisted for user mribelato@gmail.com
2026-01-31 16:20:00,373 - app.main - INFO - RESPONSE: POST http://127.0.0.1:8000/auth/logout - Status: 200
2026-01-31 16:20:00,378 - app.services.scheduler_service - INFO - 💾 Saving history for Schedule 8, User 1
2026-01-31 16:20:00,389 - app.services.scheduler_service - INFO -       -> POST http://127.0.0.1:8000/auth/logout [200]
2026-01-31 16:20:00,390 - app.services.scheduler_service - INFO -       Running Node: Profile após logaout(Acesso Negado) (1 calls)
2026-01-31 16:20:00,393 - app.main - INFO - REQUEST: GET http://127.0.0.1:8000/auth/profile
2026-01-31 16:20:00,400 - app.main - INFO - RESPONSE: GET http://127.0.0.1:8000/auth/profile - Status: 401
2026-01-31 16:20:00,402 - app.services.scheduler_service - INFO -       Evaluating 1 assertions...
2026-01-31 16:20:00,408 - app.services.scheduler_service - INFO - 💾 Saving history for Schedule 8, User 1
2026-01-31 16:20:00,416 - app.services.scheduler_service - INFO -       -> GET http://127.0.0.1:8000/auth/profile [401]
2026-01-31 16:20:00,418 - app.services.scheduler_service - INFO -   📂 Processing Feature: Produtos (ID: 2)
2026-01-31 16:20:00,428 - app.services.scheduler_service - INFO -    ► Executing Flow: Fluxo Principal (ID: 2) - 0 cards
2026-01-31 16:20:00,429 - app.services.scheduler_service - INFO - Suite execution completed. Success: 2, Fail: 0. Status: success
2026-01-31 16:20:00,432 - apscheduler.executors.default - INFO - Job "execute_job (trigger: cron[month='*', day='*', day_of_week='*', hour='16', minute='20'], next run at: 2026-02-01 16:20:00 -03)" executed successfully
2026-01-31 16:20:02,604 - app.main - INFO - REQUEST: OPTIONS http://localhost:8000/history/?schedule_id=8&limit=50
2026-01-31 16:20:02,605 - app.main - INFO - RESPONSE: OPTIONS http://localhost:8000/history/?schedule_id=8&limit=50 - Status: 200
2026-01-31 16:20:02,611 - app.main - INFO - REQUEST: GET http://localhost:8000/history/?schedule_id=8&limit=50
2026-01-31 16:20:02,640 - app.main - INFO - RESPONSE: GET http://localhost:8000/history/?schedule_id=8&limit=50 - Status: 200
2026-01-31 16:20:02,681 - app.main - INFO - REQUEST: GET http://localhost:8000/history/?limit=1000&environment_id=1
2026-01-31 16:20:02,714 - app.main - INFO - RESPONSE: GET http://localhost:8000/history/?limit=1000&environment_id=1 - Status: 200
2026-01-31 16:20:02,720 - app.main - INFO - REQUEST: GET http://localhost:8000/history/?limit=1000&environment_id=1
2026-01-31 16:20:02,774 - app.main - INFO - RESPONSE: GET http://localhost:8000/history/?limit=1000&environment_id=1 - Status: 200
2026-01-31 16:20:31,411 - app.main - INFO - REQUEST: GET http://localhost:8000/auth/profile
2026-01-31 16:20:31,420 - app.main - INFO - RESPONSE: GET http://localhost:8000/auth/profile - Status: 200
2026-01-31 16:20:31,423 - app.main - INFO - REQUEST: GET http://localhost:8000/schedules/
2026-01-31 16:20:31,435 - app.main - INFO - RESPONSE: GET http://localhost:8000/schedules/ - Status: 200
2026-01-31 16:20:31,439 - app.main - INFO - REQUEST: GET http://localhost:8000/products/
2026-01-31 16:20:31,447 - app.main - INFO - RESPONSE: GET http://localhost:8000/products/ - Status: 200
2026-01-31 16:20:31,452 - app.main - INFO - REQUEST: GET http://localhost:8000/auth/profile
2026-01-31 16:20:31,457 - app.main - INFO - RESPONSE: GET http://localhost:8000/auth/profile - Status: 200
2026-01-31 16:20:31,459 - app.main - INFO - REQUEST: GET http://localhost:8000/schedules/
2026-01-31 16:20:31,467 - app.main - INFO - RESPONSE: GET http://localhost:8000/schedules/ - Status: 200
2026-01-31 16:20:31,469 - app.main - INFO - REQUEST: GET http://localhost:8000/products/
2026-01-31 16:20:31,477 - app.main - INFO - RESPONSE: GET http://localhost:8000/products/ - Status: 200
2026-01-31 16:20:31,479 - app.main - INFO - REQUEST: GET http://localhost:8000/auth/profile
2026-01-31 16:20:31,484 - app.main - INFO - RESPONSE: GET http://localhost:8000/auth/profile - Status: 200
2026-01-31 16:20:31,487 - app.main - INFO - REQUEST: GET http://localhost:8000/auth/profile
2026-01-31 16:20:31,491 - app.main - INFO - RESPONSE: GET http://localhost:8000/auth/profile - Status: 200
2026-01-31 16:20:38,472 - app.main - INFO - REQUEST: GET http://localhost:8000/history/?schedule_id=8&limit=50
2026-01-31 16:20:38,487 - app.main - INFO - RESPONSE: GET http://localhost:8000/history/?schedule_id=8&limit=50 - Status: 200
2026-01-31 16:20:38,532 - app.main - INFO - REQUEST: GET http://localhost:8000/history/?limit=1000&environment_id=1
2026-01-31 16:20:38,555 - app.main - INFO - RESPONSE: GET http://localhost:8000/history/?limit=1000&environment_id=1 - Status: 200
2026-01-31 16:20:38,560 - app.main - INFO - REQUEST: GET http://localhost:8000/history/?limit=1000&environment_id=1
2026-01-31 16:20:38,592 - app.main - INFO - RESPONSE: GET http://localhost:8000/history/?limit=1000&environment_id=1 - Status: 200
2026-01-31 16:20:44,930 - app.main - INFO - REQUEST: OPTIONS http://localhost:8000/history/132
2026-01-31 16:20:44,931 - app.main - INFO - RESPONSE: OPTIONS http://localhost:8000/history/132 - Status: 200
2026-01-31 16:20:44,933 - app.main - INFO - REQUEST: GET http://localhost:8000/history/132
2026-01-31 16:20:44,954 - app.main - INFO - RESPONSE: GET http://localhost:8000/history/132 - Status: 200
2026-01-31 16:20:44,963 - app.main - INFO - REQUEST: OPTIONS http://localhost:8000/history/150
2026-01-31 16:20:44,964 - app.main - INFO - RESPONSE: OPTIONS http://localhost:8000/history/150 - Status: 200
2026-01-31 16:20:44,971 - app.main - INFO - REQUEST: GET http://localhost:8000/history/150
2026-01-31 16:20:44,995 - app.main - INFO - RESPONSE: GET http://localhost:8000/history/150 - Status: 200
2026-01-31 16:21:05,122 - app.main - INFO - REQUEST: GET http://localhost:8000/auth/profile
2026-01-31 16:21:05,129 - app.main - INFO - RESPONSE: GET http://localhost:8000/auth/profile - Status: 200
2026-01-31 16:21:05,133 - app.main - INFO - REQUEST: GET http://localhost:8000/auth/profile
2026-01-31 16:21:05,142 - app.main - INFO - RESPONSE: GET http://localhost:8000/auth/profile - Status: 200
2026-01-31 16:21:41,881 - app.main - INFO - REQUEST: GET http://localhost:8000/auth/profile
2026-01-31 16:21:41,884 - app.main - INFO - REQUEST: GET http://localhost:8000/products/
2026-01-31 16:21:41,914 - app.main - INFO - RESPONSE: GET http://localhost:8000/auth/profile - Status: 200
2026-01-31 16:21:41,926 - app.main - INFO - REQUEST: GET http://localhost:8000/auth/profile
2026-01-31 16:21:41,936 - app.main - INFO - RESPONSE: GET http://localhost:8000/products/ - Status: 200
2026-01-31 16:21:41,949 - app.main - INFO - REQUEST: GET http://localhost:8000/products/
2026-01-31 16:21:41,969 - app.main - INFO - RESPONSE: GET http://localhost:8000/auth/profile - Status: 200
2026-01-31 16:21:41,979 - app.main - INFO - REQUEST: GET http://localhost:8000/auth/profile
2026-01-31 16:21:41,983 - app.main - INFO - RESPONSE: GET http://localhost:8000/products/ - Status: 200
2026-01-31 16:21:41,991 - app.main - INFO - RESPONSE: GET http://localhost:8000/auth/profile - Status: 200
2026-01-31 16:21:41,995 - app.main - INFO - REQUEST: GET http://localhost:8000/auth/profile
2026-01-31 16:21:42,003 - app.main - INFO - RESPONSE: GET http://localhost:8000/auth/profile - Status: 200
2026-01-31 16:21:47,138 - app.main - INFO - REQUEST: OPTIONS http://localhost:8000/admin/users
2026-01-31 16:21:47,139 - app.main - INFO - REQUEST: OPTIONS http://localhost:8000/admin/users
2026-01-31 16:21:47,140 - app.main - INFO - REQUEST: GET http://localhost:8000/auth/profile
2026-01-31 16:21:47,141 - app.main - INFO - RESPONSE: OPTIONS http://localhost:8000/admin/users - Status: 200
2026-01-31 16:21:47,142 - app.main - INFO - RESPONSE: OPTIONS http://localhost:8000/admin/users - Status: 200
2026-01-31 16:21:47,144 - app.main - INFO - REQUEST: GET http://localhost:8000/admin/users
2026-01-31 16:21:47,157 - app.main - INFO - RESPONSE: GET http://localhost:8000/auth/profile - Status: 200
2026-01-31 16:21:47,160 - app.main - INFO - REQUEST: GET http://localhost:8000/auth/profile
2026-01-31 16:21:47,195 - app.main - INFO - RESPONSE: GET http://localhost:8000/auth/profile - Status: 200
2026-01-31 16:21:47,195 - app.main - INFO - RESPONSE: GET http://localhost:8000/admin/users - Status: 200
2026-01-31 16:21:47,198 - app.main - INFO - REQUEST: GET http://localhost:8000/admin/users
2026-01-31 16:21:47,206 - app.main - INFO - RESPONSE: GET http://localhost:8000/admin/users - Status: 200
2026-01-31 16:22:11,021 - app.main - INFO - REQUEST: POST http://localhost:8000/auth/logout
2026-01-31 16:22:11,035 - app.routes.auth_routes - INFO - Token d3dce012-aa73-4e58-9a89-22539937b4eb blacklisted for user mribelato@gmail.com
2026-01-31 16:22:11,036 - app.main - INFO - RESPONSE: POST http://localhost:8000/auth/logout - Status: 200
2026-01-31 16:22:26,912 - app.main - INFO - REQUEST: OPTIONS http://localhost:8000/auth/create
2026-01-31 16:22:26,914 - app.main - INFO - RESPONSE: OPTIONS http://localhost:8000/auth/create - Status: 200
2026-01-31 16:22:26,922 - app.main - INFO - REQUEST: POST http://localhost:8000/auth/create
2026-01-31 16:22:26,933 - app.routes.auth_routes - INFO - === REGISTER REQUEST RECEIVED ===
2026-01-31 16:22:27,336 - app.routes.auth_routes - INFO - User successfully saved to database. ID: 2
2026-01-31 16:22:27,339 - app.main - INFO - RESPONSE: POST http://localhost:8000/auth/create - Status: 200
2026-01-31 16:22:36,186 - app.main - INFO - REQUEST: POST http://localhost:8000/auth/login
2026-01-31 16:22:36,190 - app.routes.auth_routes - INFO - === LOGIN REQUEST ===
2026-01-31 16:22:36,191 - app.routes.auth_routes - INFO - Username attempt: bruna.ribelato@gmail.com
2026-01-31 16:22:36,338 - app.main - INFO - RESPONSE: POST http://localhost:8000/auth/login - Status: 403
2026-01-31 16:22:49,468 - app.main - INFO - REQUEST: POST http://localhost:8000/auth/login
2026-01-31 16:22:49,558 - app.routes.auth_routes - INFO - === LOGIN REQUEST ===
2026-01-31 16:22:49,559 - app.routes.auth_routes - INFO - Username attempt: mribelato@gmail.com
2026-01-31 16:22:49,800 - app.routes.auth_routes - INFO - Login successful for user: mribelato@gmail.com
2026-01-31 16:22:49,801 - app.routes.auth_routes - INFO - Access token generated for: mribelato@gmail.com
2026-01-31 16:22:49,803 - app.main - INFO - RESPONSE: POST http://localhost:8000/auth/login - Status: 200
2026-01-31 16:22:49,868 - app.main - INFO - REQUEST: GET http://localhost:8000/auth/profile
2026-01-31 16:22:49,870 - app.main - INFO - REQUEST: GET http://localhost:8000/products/
2026-01-31 16:22:49,883 - app.main - INFO - RESPONSE: GET http://localhost:8000/auth/profile - Status: 200
2026-01-31 16:22:49,888 - app.main - INFO - REQUEST: GET http://localhost:8000/auth/profile
2026-01-31 16:22:49,891 - app.main - INFO - RESPONSE: GET http://localhost:8000/products/ - Status: 200
2026-01-31 16:22:49,896 - app.main - INFO - REQUEST: GET http://localhost:8000/products/
2026-01-31 16:22:49,898 - app.main - INFO - RESPONSE: GET http://localhost:8000/auth/profile - Status: 200
2026-01-31 16:22:49,901 - app.main - INFO - REQUEST: GET http://localhost:8000/auth/profile
2026-01-31 16:22:49,908 - app.main - INFO - RESPONSE: GET http://localhost:8000/products/ - Status: 200
2026-01-31 16:22:49,910 - app.main - INFO - RESPONSE: GET http://localhost:8000/auth/profile - Status: 200
2026-01-31 16:22:49,912 - app.main - INFO - REQUEST: GET http://localhost:8000/auth/profile
2026-01-31 16:22:49,921 - app.main - INFO - RESPONSE: GET http://localhost:8000/auth/profile - Status: 200
2026-01-31 16:22:53,830 - app.main - INFO - REQUEST: GET http://localhost:8000/auth/profile
2026-01-31 16:22:53,831 - app.main - INFO - REQUEST: GET http://localhost:8000/admin/users
2026-01-31 16:22:53,841 - app.main - INFO - RESPONSE: GET http://localhost:8000/auth/profile - Status: 200
2026-01-31 16:22:53,848 - app.main - INFO - REQUEST: GET http://localhost:8000/auth/profile
2026-01-31 16:22:53,851 - app.main - INFO - RESPONSE: GET http://localhost:8000/admin/users - Status: 200
2026-01-31 16:22:53,854 - app.main - INFO - REQUEST: GET http://localhost:8000/admin/users
2026-01-31 16:22:53,862 - app.main - INFO - RESPONSE: GET http://localhost:8000/auth/profile - Status: 200
2026-01-31 16:22:53,866 - app.main - INFO - RESPONSE: GET http://localhost:8000/admin/users - Status: 200
2026-01-31 16:23:25,198 - app.main - INFO - REQUEST: OPTIONS http://localhost:8000/admin/users/2/approve
2026-01-31 16:23:25,199 - app.main - INFO - RESPONSE: OPTIONS http://localhost:8000/admin/users/2/approve - Status: 200
2026-01-31 16:23:25,203 - app.main - INFO - REQUEST: PUT http://localhost:8000/admin/users/2/approve
2026-01-31 16:23:25,229 - app.main - INFO - RESPONSE: PUT http://localhost:8000/admin/users/2/approve - Status: 200
2026-01-31 16:23:30,892 - app.main - INFO - REQUEST: POST http://localhost:8000/auth/logout
2026-01-31 16:23:30,910 - app.routes.auth_routes - INFO - Token 9b8cf638-02c8-429e-af98-a9987dfa0e60 blacklisted for user mribelato@gmail.com
2026-01-31 16:23:30,911 - app.main - INFO - RESPONSE: POST http://localhost:8000/auth/logout - Status: 200
2026-01-31 16:23:35,594 - app.main - INFO - REQUEST: POST http://localhost:8000/auth/login
2026-01-31 16:23:35,598 - app.routes.auth_routes - INFO - === LOGIN REQUEST ===
2026-01-31 16:23:35,598 - app.routes.auth_routes - INFO - Username attempt: bruna.ribelato@gmail.com
2026-01-31 16:23:35,807 - app.routes.auth_routes - INFO - Login successful for user: bruna.ribelato@gmail.com
2026-01-31 16:23:35,807 - app.routes.auth_routes - INFO - Access token generated for: bruna.ribelato@gmail.com
2026-01-31 16:23:35,811 - app.main - INFO - RESPONSE: POST http://localhost:8000/auth/login - Status: 200
2026-01-31 16:23:35,856 - app.main - INFO - REQUEST: OPTIONS http://localhost:8000/auth/profile
2026-01-31 16:23:35,857 - app.main - INFO - REQUEST: OPTIONS http://localhost:8000/products/
2026-01-31 16:23:35,858 - app.main - INFO - RESPONSE: OPTIONS http://localhost:8000/auth/profile - Status: 200
2026-01-31 16:23:35,860 - app.main - INFO - RESPONSE: OPTIONS http://localhost:8000/products/ - Status: 200
2026-01-31 16:23:35,864 - app.main - INFO - REQUEST: OPTIONS http://localhost:8000/auth/profile
2026-01-31 16:23:35,870 - app.main - INFO - REQUEST: OPTIONS http://localhost:8000/products/
2026-01-31 16:23:35,870 - app.main - INFO - RESPONSE: OPTIONS http://localhost:8000/auth/profile - Status: 200
2026-01-31 16:23:35,873 - app.main - INFO - RESPONSE: OPTIONS http://localhost:8000/products/ - Status: 200
2026-01-31 16:23:35,875 - app.main - INFO - REQUEST: GET http://localhost:8000/auth/profile
2026-01-31 16:23:35,877 - app.main - INFO - REQUEST: GET http://localhost:8000/products/
2026-01-31 16:23:35,894 - app.main - INFO - RESPONSE: GET http://localhost:8000/auth/profile - Status: 200
2026-01-31 16:23:35,904 - app.main - INFO - REQUEST: GET http://localhost:8000/auth/profile
2026-01-31 16:23:35,909 - app.main - INFO - RESPONSE: GET http://localhost:8000/products/ - Status: 200
2026-01-31 16:23:35,915 - app.main - INFO - REQUEST: GET http://localhost:8000/products/
2026-01-31 16:23:35,916 - app.main - INFO - RESPONSE: GET http://localhost:8000/auth/profile - Status: 200
2026-01-31 16:23:35,921 - app.main - INFO - REQUEST: GET http://localhost:8000/auth/profile
2026-01-31 16:23:35,930 - app.main - INFO - RESPONSE: GET http://localhost:8000/auth/profile - Status: 200
2026-01-31 16:23:35,931 - app.main - INFO - RESPONSE: GET http://localhost:8000/products/ - Status: 200
2026-01-31 16:23:35,934 - app.main - INFO - REQUEST: GET http://localhost:8000/auth/profile
2026-01-31 16:23:35,944 - app.main - INFO - RESPONSE: GET http://localhost:8000/auth/profile - Status: 200
2026-01-31 16:23:39,764 - app.main - INFO - REQUEST: OPTIONS http://localhost:8000/features/?product_id=1
2026-01-31 16:23:39,767 - app.main - INFO - REQUEST: GET http://localhost:8000/auth/profile
2026-01-31 16:23:39,769 - app.main - INFO - REQUEST: OPTIONS http://localhost:8000/features/?product_id=1
2026-01-31 16:23:39,770 - app.main - INFO - RESPONSE: OPTIONS http://localhost:8000/features/?product_id=1 - Status: 200
2026-01-31 16:23:39,773 - app.main - INFO - RESPONSE: OPTIONS http://localhost:8000/features/?product_id=1 - Status: 200
2026-01-31 16:23:39,776 - app.main - INFO - REQUEST: GET http://localhost:8000/features/?product_id=1
2026-01-31 16:23:39,790 - app.main - INFO - RESPONSE: GET http://localhost:8000/auth/profile - Status: 200
2026-01-31 16:23:39,793 - app.main - INFO - REQUEST: GET http://localhost:8000/auth/profile
2026-01-31 16:23:39,800 - app.main - INFO - RESPONSE: GET http://localhost:8000/features/?product_id=1 - Status: 200
2026-01-31 16:23:39,805 - app.main - INFO - REQUEST: GET http://localhost:8000/features/?product_id=1
2026-01-31 16:23:39,809 - app.main - INFO - REQUEST: OPTIONS http://localhost:8000/environments?project_id=1
2026-01-31 16:23:39,811 - app.main - INFO - RESPONSE: OPTIONS http://localhost:8000/environments?project_id=1 - Status: 200
2026-01-31 16:23:39,814 - app.main - INFO - RESPONSE: GET http://localhost:8000/auth/profile - Status: 200
2026-01-31 16:23:39,820 - app.main - INFO - REQUEST: GET http://localhost:8000/environments?project_id=1
2026-01-31 16:23:39,823 - app.main - INFO - REQUEST: GET http://localhost:8000/auth/profile
2026-01-31 16:23:39,837 - app.main - INFO - RESPONSE: GET http://localhost:8000/environments?project_id=1 - Status: 200
2026-01-31 16:23:39,840 - app.main - INFO - RESPONSE: GET http://localhost:8000/features/?product_id=1 - Status: 200
2026-01-31 16:23:39,844 - app.main - INFO - RESPONSE: GET http://localhost:8000/auth/profile - Status: 200
2026-01-31 16:23:39,849 - app.main - INFO - REQUEST: GET http://localhost:8000/auth/profile
2026-01-31 16:23:39,858 - app.main - INFO - RESPONSE: GET http://localhost:8000/auth/profile - Status: 200
2026-01-31 16:23:39,881 - app.main - INFO - REQUEST: GET http://localhost:8000/environments?project_id=1
2026-01-31 16:23:39,891 - app.main - INFO - RESPONSE: GET http://localhost:8000/environments?project_id=1 - Status: 200
2026-01-31 16:23:40,822 - app.main - INFO - REQUEST: GET http://localhost:8000/auth/profile
2026-01-31 16:23:40,823 - app.main - INFO - REQUEST: GET http://localhost:8000/flow/load/1
2026-01-31 16:23:40,831 - app.main - INFO - RESPONSE: GET http://localhost:8000/auth/profile - Status: 200
2026-01-31 16:23:40,836 - app.main - INFO - REQUEST: GET http://localhost:8000/auth/profile
2026-01-31 16:23:40,845 - app.main - INFO - RESPONSE: GET http://localhost:8000/flow/load/1 - Status: 200
2026-01-31 16:23:40,850 - app.main - INFO - RESPONSE: GET http://localhost:8000/auth/profile - Status: 200
2026-01-31 16:23:40,851 - app.main - INFO - REQUEST: GET http://localhost:8000/flow/load/1
2026-01-31 16:23:40,854 - app.main - INFO - REQUEST: GET http://localhost:8000/auth/profile
2026-01-31 16:23:40,870 - app.main - INFO - RESPONSE: GET http://localhost:8000/auth/profile - Status: 200
2026-01-31 16:23:40,874 - app.main - INFO - REQUEST: GET http://localhost:8000/auth/profile
2026-01-31 16:23:40,890 - app.main - INFO - RESPONSE: GET http://localhost:8000/flow/load/1 - Status: 200
2026-01-31 16:23:40,892 - app.main - INFO - RESPONSE: GET http://localhost:8000/auth/profile - Status: 200
2026-01-31 16:24:10,104 - app.main - INFO - REQUEST: OPTIONS http://localhost:8000/flow/save
2026-01-31 16:24:10,105 - app.main - INFO - RESPONSE: OPTIONS http://localhost:8000/flow/save - Status: 200
2026-01-31 16:24:10,110 - app.main - INFO - REQUEST: POST http://localhost:8000/flow/save
2026-01-31 16:24:10,152 - app.main - INFO - RESPONSE: POST http://localhost:8000/flow/save - Status: 200
2026-01-31 16:24:18,645 - app.main - INFO - REQUEST: POST http://localhost:8000/flow/save
2026-01-31 16:24:18,696 - app.main - INFO - RESPONSE: POST http://localhost:8000/flow/save - Status: 200
2026-01-31 16:24:47,791 - app.main - INFO - REQUEST: GET http://localhost:8000/environments?project_id=1
2026-01-31 16:24:47,799 - app.main - INFO - RESPONSE: GET http://localhost:8000/environments?project_id=1 - Status: 200
2026-01-31 16:24:49,452 - app.main - INFO - REQUEST: OPTIONS http://localhost:8000/variables/?project_id=1&environment_id=1
2026-01-31 16:24:49,453 - app.main - INFO - RESPONSE: OPTIONS http://localhost:8000/variables/?project_id=1&environment_id=1 - Status: 200
2026-01-31 16:24:49,458 - app.main - INFO - REQUEST: GET http://localhost:8000/variables/?project_id=1&environment_id=1
2026-01-31 16:24:49,460 - app.main - INFO - RESPONSE: GET http://localhost:8000/variables/?project_id=1&environment_id=1 - Status: 307
2026-01-31 16:24:49,467 - app.main - INFO - REQUEST: OPTIONS http://localhost:8000/variables?project_id=1&environment_id=1
2026-01-31 16:24:49,468 - app.main - INFO - RESPONSE: OPTIONS http://localhost:8000/variables?project_id=1&environment_id=1 - Status: 200
2026-01-31 16:24:49,471 - app.main - INFO - REQUEST: GET http://localhost:8000/variables?project_id=1&environment_id=1
2026-01-31 16:24:49,482 - app.main - INFO - RESPONSE: GET http://localhost:8000/variables?project_id=1&environment_id=1 - Status: 200
2026-01-31 16:24:49,993 - app.main - INFO - REQUEST: POST http://localhost:8000/auth/login
2026-01-31 16:24:49,999 - app.routes.auth_routes - INFO - === LOGIN REQUEST ===
2026-01-31 16:24:49,999 - app.routes.auth_routes - INFO - Username attempt: mribelato@gmail.com
2026-01-31 16:24:50,164 - app.routes.auth_routes - INFO - Login successful for user: mribelato@gmail.com
2026-01-31 16:24:50,164 - app.routes.auth_routes - INFO - Access token generated for: mribelato@gmail.com
2026-01-31 16:24:50,166 - app.main - INFO - RESPONSE: POST http://localhost:8000/auth/login - Status: 200
2026-01-31 16:24:50,174 - app.main - INFO - REQUEST: OPTIONS http://localhost:8000/history/
2026-01-31 16:24:50,176 - app.main - INFO - RESPONSE: OPTIONS http://localhost:8000/history/ - Status: 200
2026-01-31 16:24:50,179 - app.main - INFO - REQUEST: POST http://localhost:8000/history/
2026-01-31 16:24:50,206 - app.main - INFO - RESPONSE: POST http://localhost:8000/history/ - Status: 201
2026-01-31 16:24:50,213 - app.main - INFO - REQUEST: OPTIONS http://localhost:8000/variables/2
2026-01-31 16:24:50,214 - app.main - INFO - RESPONSE: OPTIONS http://localhost:8000/variables/2 - Status: 200
2026-01-31 16:24:50,217 - app.main - INFO - REQUEST: PUT http://localhost:8000/variables/2
2026-01-31 16:24:50,236 - app.main - INFO - RESPONSE: PUT http://localhost:8000/variables/2 - Status: 200
2026-01-31 16:24:50,746 - app.main - INFO - REQUEST: GET http://localhost:8000/auth/profile
2026-01-31 16:24:50,757 - app.main - INFO - RESPONSE: GET http://localhost:8000/auth/profile - Status: 200
2026-01-31 16:24:50,766 - app.main - INFO - REQUEST: POST http://localhost:8000/history/
2026-01-31 16:24:50,800 - app.main - INFO - RESPONSE: POST http://localhost:8000/history/ - Status: 201
2026-01-31 16:24:51,827 - app.main - INFO - REQUEST: OPTIONS http://localhost:8000/auth/logout
2026-01-31 16:24:51,828 - app.main - INFO - RESPONSE: OPTIONS http://localhost:8000/auth/logout - Status: 200
2026-01-31 16:24:51,832 - app.main - INFO - REQUEST: POST http://localhost:8000/auth/logout
2026-01-31 16:24:51,848 - app.routes.auth_routes - INFO - Token 9756c25f-47a0-4882-aad3-b677a546be30 blacklisted for user mribelato@gmail.com
2026-01-31 16:24:51,849 - app.main - INFO - RESPONSE: POST http://localhost:8000/auth/logout - Status: 200
2026-01-31 16:24:51,856 - app.main - INFO - REQUEST: POST http://localhost:8000/history/
2026-01-31 16:24:51,885 - app.main - INFO - RESPONSE: POST http://localhost:8000/history/ - Status: 201
2026-01-31 16:24:52,909 - app.main - INFO - REQUEST: GET http://localhost:8000/auth/profile
2026-01-31 16:24:52,916 - app.main - INFO - RESPONSE: GET http://localhost:8000/auth/profile - Status: 401
2026-01-31 16:24:52,924 - app.main - INFO - REQUEST: POST http://localhost:8000/history/
2026-01-31 16:24:52,950 - app.main - INFO - RESPONSE: POST http://localhost:8000/history/ - Status: 201
2026-01-31 16:24:53,122 - app.main - INFO - REQUEST: OPTIONS http://localhost:8000/history/?limit=1000&environment_id=1
2026-01-31 16:24:53,125 - app.main - INFO - REQUEST: OPTIONS http://localhost:8000/history/?limit=1000&environment_id=1
2026-01-31 16:24:53,126 - app.main - INFO - RESPONSE: OPTIONS http://localhost:8000/history/?limit=1000&environment_id=1 - Status: 200
2026-01-31 16:24:53,129 - app.main - INFO - RESPONSE: OPTIONS http://localhost:8000/history/?limit=1000&environment_id=1 - Status: 200
2026-01-31 16:24:53,135 - app.main - INFO - REQUEST: GET http://localhost:8000/history/?limit=1000&environment_id=1
2026-01-31 16:24:53,167 - app.main - INFO - RESPONSE: GET http://localhost:8000/history/?limit=1000&environment_id=1 - Status: 200
2026-01-31 16:24:53,176 - app.main - INFO - REQUEST: GET http://localhost:8000/history/?limit=1000&environment_id=1
2026-01-31 16:24:53,202 - app.main - INFO - RESPONSE: GET http://localhost:8000/history/?limit=1000&environment_id=1 - Status: 200
2026-01-31 16:25:31,318 - app.main - INFO - REQUEST: GET http://localhost:8000/environments?project_id=1
2026-01-31 16:25:31,325 - app.main - INFO - RESPONSE: GET http://localhost:8000/environments?project_id=1 - Status: 200
2026-01-31 16:25:32,983 - app.main - INFO - REQUEST: GET http://localhost:8000/variables/?project_id=1&environment_id=1
2026-01-31 16:25:32,985 - app.main - INFO - RESPONSE: GET http://localhost:8000/variables/?project_id=1&environment_id=1 - Status: 307
2026-01-31 16:25:32,992 - app.main - INFO - REQUEST: GET http://localhost:8000/variables?project_id=1&environment_id=1
2026-01-31 16:25:33,001 - app.main - INFO - RESPONSE: GET http://localhost:8000/variables?project_id=1&environment_id=1 - Status: 200
2026-01-31 16:25:33,517 - app.main - INFO - REQUEST: POST http://localhost:8000/auth/login
2026-01-31 16:25:33,521 - app.routes.auth_routes - INFO - === LOGIN REQUEST ===
2026-01-31 16:25:33,521 - app.routes.auth_routes - INFO - Username attempt: mribelato@gmail.com
2026-01-31 16:25:33,683 - app.routes.auth_routes - INFO - Login successful for user: mribelato@gmail.com
2026-01-31 16:25:33,684 - app.routes.auth_routes - INFO - Access token generated for: mribelato@gmail.com
2026-01-31 16:25:33,686 - app.main - INFO - RESPONSE: POST http://localhost:8000/auth/login - Status: 200
2026-01-31 16:25:33,693 - app.main - INFO - REQUEST: POST http://localhost:8000/history/
2026-01-31 16:25:33,722 - app.main - INFO - RESPONSE: POST http://localhost:8000/history/ - Status: 201
2026-01-31 16:25:33,729 - app.main - INFO - REQUEST: PUT http://localhost:8000/variables/2
2026-01-31 16:25:33,744 - app.main - INFO - RESPONSE: PUT http://localhost:8000/variables/2 - Status: 200
2026-01-31 16:25:34,262 - app.main - INFO - REQUEST: GET http://localhost:8000/auth/profile
2026-01-31 16:25:34,273 - app.main - INFO - RESPONSE: GET http://localhost:8000/auth/profile - Status: 200
2026-01-31 16:25:34,281 - app.main - INFO - REQUEST: POST http://localhost:8000/history/
2026-01-31 16:25:34,309 - app.main - INFO - RESPONSE: POST http://localhost:8000/history/ - Status: 201
2026-01-31 16:25:35,325 - app.main - INFO - REQUEST: POST http://localhost:8000/auth/logout
2026-01-31 16:25:35,340 - app.routes.auth_routes - INFO - Token 84e9b00a-34b1-44a7-9661-596fe22b5fce blacklisted for user mribelato@gmail.com
2026-01-31 16:25:35,341 - app.main - INFO - RESPONSE: POST http://localhost:8000/auth/logout - Status: 200
2026-01-31 16:25:35,350 - app.main - INFO - REQUEST: POST http://localhost:8000/history/
2026-01-31 16:25:35,375 - app.main - INFO - RESPONSE: POST http://localhost:8000/history/ - Status: 201
2026-01-31 16:25:36,399 - app.main - INFO - REQUEST: GET http://localhost:8000/auth/profile
2026-01-31 16:25:36,407 - app.main - INFO - RESPONSE: GET http://localhost:8000/auth/profile - Status: 401
2026-01-31 16:25:36,416 - app.main - INFO - REQUEST: POST http://localhost:8000/history/
2026-01-31 16:25:36,450 - app.main - INFO - RESPONSE: POST http://localhost:8000/history/ - Status: 201
2026-01-31 16:25:36,637 - app.main - INFO - REQUEST: GET http://localhost:8000/history/?limit=1000&environment_id=1
2026-01-31 16:25:36,688 - app.main - INFO - RESPONSE: GET http://localhost:8000/history/?limit=1000&environment_id=1 - Status: 200
2026-01-31 16:25:36,697 - app.main - INFO - REQUEST: GET http://localhost:8000/history/?limit=1000&environment_id=1
2026-01-31 16:25:36,720 - app.main - INFO - RESPONSE: GET http://localhost:8000/history/?limit=1000&environment_id=1 - Status: 200
2026-01-31 16:26:20,096 - app.main - INFO - REQUEST: POST http://localhost:8000/flow/save
2026-01-31 16:26:20,141 - app.main - INFO - RESPONSE: POST http://localhost:8000/flow/save - Status: 200
2026-01-31 16:26:27,492 - app.main - INFO - REQUEST: POST http://localhost:8000/flow/save
2026-01-31 16:26:27,571 - app.main - INFO - RESPONSE: POST http://localhost:8000/flow/save - Status: 200
2026-01-31 16:26:35,386 - app.main - INFO - REQUEST: POST http://localhost:8000/flow/save
2026-01-31 16:26:35,460 - app.main - INFO - RESPONSE: POST http://localhost:8000/flow/save - Status: 200
2026-01-31 16:26:47,671 - app.main - INFO - REQUEST: GET http://localhost:8000/environments?project_id=1
2026-01-31 16:26:47,689 - app.main - INFO - RESPONSE: GET http://localhost:8000/environments?project_id=1 - Status: 200
2026-01-31 16:26:49,254 - app.main - INFO - REQUEST: GET http://localhost:8000/variables/?project_id=1&environment_id=1
2026-01-31 16:26:49,258 - app.main - INFO - RESPONSE: GET http://localhost:8000/variables/?project_id=1&environment_id=1 - Status: 307
2026-01-31 16:26:49,263 - app.main - INFO - REQUEST: GET http://localhost:8000/variables?project_id=1&environment_id=1
2026-01-31 16:26:49,275 - app.main - INFO - RESPONSE: GET http://localhost:8000/variables?project_id=1&environment_id=1 - Status: 200
2026-01-31 16:26:49,790 - app.main - INFO - REQUEST: POST http://localhost:8000/auth/login
2026-01-31 16:26:49,798 - app.routes.auth_routes - INFO - === LOGIN REQUEST ===
2026-01-31 16:26:49,799 - app.routes.auth_routes - INFO - Username attempt: mribelato@gmail.com
2026-01-31 16:26:50,072 - app.routes.auth_routes - INFO - Login successful for user: mribelato@gmail.com
2026-01-31 16:26:50,072 - app.routes.auth_routes - INFO - Access token generated for: mribelato@gmail.com
2026-01-31 16:26:50,074 - app.main - INFO - RESPONSE: POST http://localhost:8000/auth/login - Status: 200
2026-01-31 16:26:50,080 - app.main - INFO - REQUEST: POST http://localhost:8000/history/
2026-01-31 16:26:50,109 - app.main - INFO - RESPONSE: POST http://localhost:8000/history/ - Status: 201
2026-01-31 16:26:50,116 - app.main - INFO - REQUEST: PUT http://localhost:8000/variables/2
2026-01-31 16:26:50,130 - app.main - INFO - RESPONSE: PUT http://localhost:8000/variables/2 - Status: 200
2026-01-31 16:26:50,645 - app.main - INFO - REQUEST: GET http://localhost:8000/auth/profile
2026-01-31 16:26:50,670 - app.main - INFO - RESPONSE: GET http://localhost:8000/auth/profile - Status: 200
2026-01-31 16:26:50,688 - app.main - INFO - REQUEST: POST http://localhost:8000/history/
2026-01-31 16:26:50,724 - app.main - INFO - RESPONSE: POST http://localhost:8000/history/ - Status: 201
2026-01-31 16:26:51,240 - app.main - INFO - REQUEST: POST http://localhost:8000/auth/logout
2026-01-31 16:26:51,283 - app.routes.auth_routes - INFO - Token 583ce90a-48fa-4f41-892d-5d4d4f55e451 blacklisted for user mribelato@gmail.com
2026-01-31 16:26:51,286 - app.main - INFO - RESPONSE: POST http://localhost:8000/auth/logout - Status: 200
2026-01-31 16:26:51,301 - app.main - INFO - REQUEST: POST http://localhost:8000/history/
2026-01-31 16:26:51,360 - app.main - INFO - RESPONSE: POST http://localhost:8000/history/ - Status: 201
2026-01-31 16:26:51,891 - app.main - INFO - REQUEST: GET http://localhost:8000/auth/profile
2026-01-31 16:26:51,907 - app.main - INFO - RESPONSE: GET http://localhost:8000/auth/profile - Status: 401
2026-01-31 16:26:51,921 - app.main - INFO - REQUEST: POST http://localhost:8000/history/
2026-01-31 16:26:51,986 - app.main - INFO - RESPONSE: POST http://localhost:8000/history/ - Status: 201
2026-01-31 16:26:52,102 - app.main - INFO - REQUEST: GET http://localhost:8000/history/?limit=1000&environment_id=1
2026-01-31 16:26:52,159 - app.main - INFO - RESPONSE: GET http://localhost:8000/history/?limit=1000&environment_id=1 - Status: 200
2026-01-31 16:26:52,168 - app.main - INFO - REQUEST: GET http://localhost:8000/history/?limit=1000&environment_id=1
2026-01-31 16:26:52,199 - app.main - INFO - RESPONSE: GET http://localhost:8000/history/?limit=1000&environment_id=1 - Status: 200
2026-01-31 16:27:04,558 - app.main - INFO - REQUEST: OPTIONS http://localhost:8000/variables/?project_id=1&flow_id=1
2026-01-31 16:27:04,559 - app.main - INFO - RESPONSE: OPTIONS http://localhost:8000/variables/?project_id=1&flow_id=1 - Status: 200
2026-01-31 16:27:04,562 - app.main - INFO - REQUEST: GET http://localhost:8000/environments?project_id=1
2026-01-31 16:27:04,569 - app.main - INFO - RESPONSE: GET http://localhost:8000/environments?project_id=1 - Status: 200
2026-01-31 16:27:04,574 - app.main - INFO - REQUEST: OPTIONS http://localhost:8000/variables/?project_id=1&flow_id=1
2026-01-31 16:27:04,575 - app.main - INFO - RESPONSE: OPTIONS http://localhost:8000/variables/?project_id=1&flow_id=1 - Status: 200
2026-01-31 16:27:04,577 - app.main - INFO - REQUEST: GET http://localhost:8000/variables/?project_id=1&flow_id=1
2026-01-31 16:27:04,578 - app.main - INFO - RESPONSE: GET http://localhost:8000/variables/?project_id=1&flow_id=1 - Status: 307
2026-01-31 16:27:04,581 - app.main - INFO - REQUEST: GET http://localhost:8000/environments?project_id=1
2026-01-31 16:27:04,586 - app.main - INFO - RESPONSE: GET http://localhost:8000/environments?project_id=1 - Status: 200
2026-01-31 16:27:04,590 - app.main - INFO - REQUEST: GET http://localhost:8000/variables/?project_id=1&flow_id=1
2026-01-31 16:27:04,592 - app.main - INFO - RESPONSE: GET http://localhost:8000/variables/?project_id=1&flow_id=1 - Status: 307
2026-01-31 16:27:04,594 - app.main - INFO - REQUEST: OPTIONS http://localhost:8000/variables?project_id=1&flow_id=1
2026-01-31 16:27:04,595 - app.main - INFO - RESPONSE: OPTIONS http://localhost:8000/variables?project_id=1&flow_id=1 - Status: 200
2026-01-31 16:27:04,598 - app.main - INFO - REQUEST: GET http://localhost:8000/variables/?project_id=1&flow_id=1
2026-01-31 16:27:04,599 - app.main - INFO - RESPONSE: GET http://localhost:8000/variables/?project_id=1&flow_id=1 - Status: 307
2026-01-31 16:27:04,601 - app.main - INFO - REQUEST: GET http://localhost:8000/variables?project_id=1&flow_id=1
2026-01-31 16:27:04,607 - app.main - INFO - RESPONSE: GET http://localhost:8000/variables?project_id=1&flow_id=1 - Status: 200
2026-01-31 16:27:04,610 - app.main - INFO - REQUEST: GET http://localhost:8000/variables/?project_id=1&flow_id=1
2026-01-31 16:27:04,611 - app.main - INFO - RESPONSE: GET http://localhost:8000/variables/?project_id=1&flow_id=1 - Status: 307
2026-01-31 16:27:04,614 - app.main - INFO - REQUEST: GET http://localhost:8000/variables?project_id=1&flow_id=1
2026-01-31 16:27:04,620 - app.main - INFO - RESPONSE: GET http://localhost:8000/variables?project_id=1&flow_id=1 - Status: 200
2026-01-31 16:27:04,623 - app.main - INFO - REQUEST: GET http://localhost:8000/variables?project_id=1&flow_id=1
2026-01-31 16:27:04,629 - app.main - INFO - RESPONSE: GET http://localhost:8000/variables?project_id=1&flow_id=1 - Status: 200
2026-01-31 16:27:04,632 - app.main - INFO - REQUEST: GET http://localhost:8000/variables?project_id=1&flow_id=1
2026-01-31 16:27:04,637 - app.main - INFO - RESPONSE: GET http://localhost:8000/variables?project_id=1&flow_id=1 - Status: 200
2026-01-31 16:27:04,643 - app.main - INFO - REQUEST: OPTIONS http://localhost:8000/variables/?project_id=1&flow_id=1&environment_id=1
2026-01-31 16:27:04,644 - app.main - INFO - RESPONSE: OPTIONS http://localhost:8000/variables/?project_id=1&flow_id=1&environment_id=1 - Status: 200
2026-01-31 16:27:04,647 - app.main - INFO - REQUEST: OPTIONS http://localhost:8000/variables/?project_id=1&flow_id=1&environment_id=1
2026-01-31 16:27:04,647 - app.main - INFO - RESPONSE: OPTIONS http://localhost:8000/variables/?project_id=1&flow_id=1&environment_id=1 - Status: 200
2026-01-31 16:27:04,650 - app.main - INFO - REQUEST: GET http://localhost:8000/variables/?project_id=1&flow_id=1&environment_id=1
2026-01-31 16:27:04,651 - app.main - INFO - RESPONSE: GET http://localhost:8000/variables/?project_id=1&flow_id=1&environment_id=1 - Status: 307
2026-01-31 16:27:04,654 - app.main - INFO - REQUEST: GET http://localhost:8000/variables/?project_id=1&flow_id=1&environment_id=1
2026-01-31 16:27:04,655 - app.main - INFO - RESPONSE: GET http://localhost:8000/variables/?project_id=1&flow_id=1&environment_id=1 - Status: 307
2026-01-31 16:27:04,658 - app.main - INFO - REQUEST: OPTIONS http://localhost:8000/variables?project_id=1&flow_id=1&environment_id=1
2026-01-31 16:27:04,659 - app.main - INFO - RESPONSE: OPTIONS http://localhost:8000/variables?project_id=1&flow_id=1&environment_id=1 - Status: 200
2026-01-31 16:27:04,662 - app.main - INFO - REQUEST: OPTIONS http://localhost:8000/variables?project_id=1&flow_id=1&environment_id=1
2026-01-31 16:27:04,663 - app.main - INFO - RESPONSE: OPTIONS http://localhost:8000/variables?project_id=1&flow_id=1&environment_id=1 - Status: 200
2026-01-31 16:27:04,665 - app.main - INFO - REQUEST: GET http://localhost:8000/variables?project_id=1&flow_id=1&environment_id=1
2026-01-31 16:27:04,672 - app.main - INFO - RESPONSE: GET http://localhost:8000/variables?project_id=1&flow_id=1&environment_id=1 - Status: 200
2026-01-31 16:27:04,676 - app.main - INFO - REQUEST: GET http://localhost:8000/variables?project_id=1&flow_id=1&environment_id=1
2026-01-31 16:27:04,683 - app.main - INFO - RESPONSE: GET http://localhost:8000/variables?project_id=1&flow_id=1&environment_id=1 - Status: 200
2026-01-31 16:27:04,792 - app.main - INFO - REQUEST: POST http://localhost:8000/flow/save
2026-01-31 16:27:04,860 - app.main - INFO - RESPONSE: POST http://localhost:8000/flow/save - Status: 200
2026-01-31 16:27:05,834 - app.main - INFO - REQUEST: OPTIONS http://localhost:8000/history/?flow_id=1&project_id=1&page=1&limit=50&sort_by=created_at&order=desc&_=1769887625827
2026-01-31 16:27:05,835 - app.main - INFO - REQUEST: OPTIONS http://localhost:8000/history/?flow_id=1&project_id=1&page=1&limit=50&sort_by=created_at&order=desc&_=1769887625830
2026-01-31 16:27:05,836 - app.main - INFO - RESPONSE: OPTIONS http://localhost:8000/history/?flow_id=1&project_id=1&page=1&limit=50&sort_by=created_at&order=desc&_=1769887625827 - Status: 200
2026-01-31 16:27:05,837 - app.main - INFO - RESPONSE: OPTIONS http://localhost:8000/history/?flow_id=1&project_id=1&page=1&limit=50&sort_by=created_at&order=desc&_=1769887625830 - Status: 200
2026-01-31 16:27:05,840 - app.main - INFO - REQUEST: GET http://localhost:8000/history/?flow_id=1&project_id=1&page=1&limit=50&sort_by=created_at&order=desc&_=1769887625827
2026-01-31 16:27:05,843 - app.main - INFO - REQUEST: GET http://localhost:8000/history/?flow_id=1&project_id=1&page=1&limit=50&sort_by=created_at&order=desc&_=1769887625830
2026-01-31 16:27:05,869 - app.main - INFO - RESPONSE: GET http://localhost:8000/history/?flow_id=1&project_id=1&page=1&limit=50&sort_by=created_at&order=desc&_=1769887625827 - Status: 200
2026-01-31 16:27:05,874 - app.main - INFO - RESPONSE: GET http://localhost:8000/history/?flow_id=1&project_id=1&page=1&limit=50&sort_by=created_at&order=desc&_=1769887625830 - Status: 200
2026-01-31 16:27:22,689 - app.main - INFO - REQUEST: OPTIONS http://localhost:8000/flow/load/1
2026-01-31 16:27:22,690 - app.main - INFO - RESPONSE: OPTIONS http://localhost:8000/flow/load/1 - Status: 200
2026-01-31 16:27:22,695 - app.main - INFO - REQUEST: GET http://localhost:8000/flow/load/1
2026-01-31 16:27:22,718 - app.main - INFO - RESPONSE: GET http://localhost:8000/flow/load/1 - Status: 200
2026-01-31 16:27:22,725 - app.main - INFO - REQUEST: POST http://localhost:8000/flow/save
2026-01-31 16:27:22,788 - app.main - INFO - RESPONSE: POST http://localhost:8000/flow/save - Status: 200
2026-01-31 16:28:23,598 - app.main - INFO - REQUEST: GET http://localhost:8000/flow/load/1
2026-01-31 16:28:23,600 - app.main - INFO - REQUEST: GET http://localhost:8000/auth/profile
2026-01-31 16:28:23,635 - app.main - INFO - RESPONSE: GET http://localhost:8000/auth/profile - Status: 200
2026-01-31 16:28:23,649 - app.main - INFO - REQUEST: GET http://localhost:8000/auth/profile
2026-01-31 16:28:23,694 - app.main - INFO - RESPONSE: GET http://localhost:8000/auth/profile - Status: 200
2026-01-31 16:28:23,710 - app.main - INFO - RESPONSE: GET http://localhost:8000/flow/load/1 - Status: 200
2026-01-31 16:28:23,714 - app.main - INFO - REQUEST: GET http://localhost:8000/auth/profile
2026-01-31 16:28:23,725 - app.main - INFO - REQUEST: GET http://localhost:8000/flow/load/1
2026-01-31 16:28:23,764 - app.main - INFO - RESPONSE: GET http://localhost:8000/auth/profile - Status: 200
2026-01-31 16:28:23,778 - app.main - INFO - REQUEST: GET http://localhost:8000/auth/profile
2026-01-31 16:28:23,789 - app.main - INFO - RESPONSE: GET http://localhost:8000/auth/profile - Status: 200
2026-01-31 16:28:23,796 - app.main - INFO - RESPONSE: GET http://localhost:8000/flow/load/1 - Status: 200
2026-01-31 16:28:26,292 - app.main - INFO - REQUEST: GET http://localhost:8000/environments?project_id=1
2026-01-31 16:28:26,298 - app.main - INFO - RESPONSE: GET http://localhost:8000/environments?project_id=1 - Status: 200
2026-01-31 16:28:27,641 - app.main - INFO - REQUEST: GET http://localhost:8000/variables/?project_id=1&environment_id=1
2026-01-31 16:28:27,644 - app.main - INFO - RESPONSE: GET http://localhost:8000/variables/?project_id=1&environment_id=1 - Status: 307
2026-01-31 16:28:27,650 - app.main - INFO - REQUEST: GET http://localhost:8000/variables?project_id=1&environment_id=1
2026-01-31 16:28:27,661 - app.main - INFO - RESPONSE: GET http://localhost:8000/variables?project_id=1&environment_id=1 - Status: 200
2026-01-31 16:28:28,178 - app.main - INFO - REQUEST: POST http://localhost:8000/auth/login
2026-01-31 16:28:28,186 - app.routes.auth_routes - INFO - === LOGIN REQUEST ===
2026-01-31 16:28:28,186 - app.routes.auth_routes - INFO - Username attempt: mribelato@gmail.com
2026-01-31 16:28:28,461 - app.routes.auth_routes - INFO - Login successful for user: mribelato@gmail.com
2026-01-31 16:28:28,461 - app.routes.auth_routes - INFO - Access token generated for: mribelato@gmail.com
2026-01-31 16:28:28,463 - app.main - INFO - RESPONSE: POST http://localhost:8000/auth/login - Status: 200
2026-01-31 16:28:28,468 - app.main - INFO - REQUEST: POST http://localhost:8000/history/
2026-01-31 16:28:28,493 - app.main - INFO - RESPONSE: POST http://localhost:8000/history/ - Status: 201
2026-01-31 16:28:28,498 - app.main - INFO - REQUEST: PUT http://localhost:8000/variables/2
2026-01-31 16:28:28,512 - app.main - INFO - RESPONSE: PUT http://localhost:8000/variables/2 - Status: 200
2026-01-31 16:28:29,032 - app.main - INFO - REQUEST: GET http://localhost:8000/auth/profile
2026-01-31 16:28:29,054 - app.main - INFO - RESPONSE: GET http://localhost:8000/auth/profile - Status: 200
2026-01-31 16:28:29,072 - app.main - INFO - REQUEST: POST http://localhost:8000/history/
2026-01-31 16:28:29,113 - app.main - INFO - RESPONSE: POST http://localhost:8000/history/ - Status: 201
2026-01-31 16:28:29,631 - app.main - INFO - REQUEST: POST http://localhost:8000/auth/logout
2026-01-31 16:28:29,666 - app.routes.auth_routes - INFO - Token 5f94d476-ca73-4d23-af2a-7cddcca73228 blacklisted for user mribelato@gmail.com
2026-01-31 16:28:29,668 - app.main - INFO - RESPONSE: POST http://localhost:8000/auth/logout - Status: 200
2026-01-31 16:28:29,685 - app.main - INFO - REQUEST: POST http://localhost:8000/history/
2026-01-31 16:28:29,719 - app.main - INFO - RESPONSE: POST http://localhost:8000/history/ - Status: 201
2026-01-31 16:28:30,245 - app.main - INFO - REQUEST: GET http://localhost:8000/auth/profile
2026-01-31 16:28:30,256 - app.main - INFO - RESPONSE: GET http://localhost:8000/auth/profile - Status: 401
2026-01-31 16:28:30,263 - app.main - INFO - REQUEST: POST http://localhost:8000/history/
2026-01-31 16:28:30,298 - app.main - INFO - RESPONSE: POST http://localhost:8000/history/ - Status: 201
2026-01-31 16:28:30,441 - app.main - INFO - REQUEST: GET http://localhost:8000/history/?limit=1000&environment_id=1
2026-01-31 16:28:30,468 - app.main - INFO - RESPONSE: GET http://localhost:8000/history/?limit=1000&environment_id=1 - Status: 200
2026-01-31 16:28:30,472 - app.main - INFO - REQUEST: GET http://localhost:8000/history/?limit=1000&environment_id=1
2026-01-31 16:28:30,498 - app.main - INFO - RESPONSE: GET http://localhost:8000/history/?limit=1000&environment_id=1 - Status: 200
2026-01-31 16:28:48,564 - app.main - INFO - REQUEST: OPTIONS http://localhost:8000/history/162
2026-01-31 16:28:48,565 - app.main - INFO - RESPONSE: OPTIONS http://localhost:8000/history/162 - Status: 200
2026-01-31 16:28:48,568 - app.main - INFO - REQUEST: GET http://localhost:8000/history/162
2026-01-31 16:28:48,592 - app.main - INFO - RESPONSE: GET http://localhost:8000/history/162 - Status: 200
2026-01-31 16:29:11,936 - app.main - INFO - REQUEST: GET http://localhost:8000/auth/profile
2026-01-31 16:29:11,939 - app.main - INFO - REQUEST: GET http://localhost:8000/products/
2026-01-31 16:29:11,952 - app.main - INFO - RESPONSE: GET http://localhost:8000/auth/profile - Status: 200
2026-01-31 16:29:11,958 - app.main - INFO - REQUEST: GET http://localhost:8000/auth/profile
2026-01-31 16:29:11,960 - app.main - INFO - RESPONSE: GET http://localhost:8000/products/ - Status: 200
2026-01-31 16:29:11,966 - app.main - INFO - REQUEST: GET http://localhost:8000/products/
2026-01-31 16:29:11,975 - app.main - INFO - RESPONSE: GET http://localhost:8000/auth/profile - Status: 200
2026-01-31 16:29:11,984 - app.main - INFO - REQUEST: GET http://localhost:8000/auth/profile
2026-01-31 16:29:11,990 - app.main - INFO - RESPONSE: GET http://localhost:8000/products/ - Status: 200
2026-01-31 16:29:11,998 - app.main - INFO - RESPONSE: GET http://localhost:8000/auth/profile - Status: 200
2026-01-31 16:29:12,003 - app.main - INFO - REQUEST: GET http://localhost:8000/auth/profile
2026-01-31 16:29:12,014 - app.main - INFO - RESPONSE: GET http://localhost:8000/auth/profile - Status: 200
2026-01-31 16:29:17,449 - app.main - INFO - REQUEST: OPTIONS http://localhost:8000/products/1
2026-01-31 16:29:17,450 - app.main - INFO - RESPONSE: OPTIONS http://localhost:8000/products/1 - Status: 200
2026-01-31 16:29:17,453 - app.main - INFO - REQUEST: OPTIONS http://localhost:8000/products/1
2026-01-31 16:29:17,453 - app.main - INFO - RESPONSE: OPTIONS http://localhost:8000/products/1 - Status: 200
2026-01-31 16:29:17,456 - app.main - INFO - REQUEST: GET http://localhost:8000/products/1
2026-01-31 16:29:17,465 - app.main - INFO - RESPONSE: GET http://localhost:8000/products/1 - Status: 200
2026-01-31 16:29:17,468 - app.main - INFO - REQUEST: GET http://localhost:8000/products/1
2026-01-31 16:29:17,476 - app.main - INFO - RESPONSE: GET http://localhost:8000/products/1 - Status: 200
2026-01-31 16:29:17,493 - app.main - INFO - REQUEST: GET http://localhost:8000/features/?product_id=1
2026-01-31 16:29:17,501 - app.main - INFO - RESPONSE: GET http://localhost:8000/features/?product_id=1 - Status: 200
2026-01-31 16:29:17,509 - app.main - INFO - REQUEST: GET http://localhost:8000/features/?product_id=1
2026-01-31 16:29:17,518 - app.main - INFO - RESPONSE: GET http://localhost:8000/features/?product_id=1 - Status: 200
2026-01-31 16:29:17,521 - app.main - INFO - REQUEST: GET http://localhost:8000/environments?project_id=1
2026-01-31 16:29:17,529 - app.main - INFO - RESPONSE: GET http://localhost:8000/environments?project_id=1 - Status: 200
2026-01-31 16:29:17,532 - app.main - INFO - REQUEST: GET http://localhost:8000/environments?project_id=1
2026-01-31 16:29:17,537 - app.main - INFO - RESPONSE: GET http://localhost:8000/environments?project_id=1 - Status: 200
2026-01-31 16:29:19,432 - app.main - INFO - REQUEST: GET http://localhost:8000/auth/profile
2026-01-31 16:29:19,434 - app.main - INFO - REQUEST: GET http://localhost:8000/products/
2026-01-31 16:29:19,449 - app.main - INFO - RESPONSE: GET http://localhost:8000/auth/profile - Status: 200
2026-01-31 16:29:19,454 - app.main - INFO - RESPONSE: GET http://localhost:8000/products/ - Status: 200
2026-01-31 16:29:19,456 - app.main - INFO - REQUEST: GET http://localhost:8000/auth/profile
2026-01-31 16:29:19,460 - app.main - INFO - REQUEST: GET http://localhost:8000/products/
2026-01-31 16:29:19,476 - app.main - INFO - RESPONSE: GET http://localhost:8000/auth/profile - Status: 200
2026-01-31 16:29:19,480 - app.main - INFO - RESPONSE: GET http://localhost:8000/products/ - Status: 200
2026-01-31 16:29:19,482 - app.main - INFO - REQUEST: GET http://localhost:8000/auth/profile
2026-01-31 16:29:19,494 - app.main - INFO - RESPONSE: GET http://localhost:8000/auth/profile - Status: 200
2026-01-31 16:29:19,499 - app.main - INFO - REQUEST: GET http://localhost:8000/auth/profile
2026-01-31 16:29:19,511 - app.main - INFO - RESPONSE: GET http://localhost:8000/auth/profile - Status: 200
2026-01-31 16:29:20,395 - app.main - INFO - REQUEST: GET http://localhost:8000/auth/profile
2026-01-31 16:29:20,397 - app.main - INFO - REQUEST: GET http://localhost:8000/features/?product_id=1
2026-01-31 16:29:20,414 - app.main - INFO - RESPONSE: GET http://localhost:8000/auth/profile - Status: 200
2026-01-31 16:29:20,418 - app.main - INFO - RESPONSE: GET http://localhost:8000/features/?product_id=1 - Status: 200
2026-01-31 16:29:20,420 - app.main - INFO - REQUEST: GET http://localhost:8000/auth/profile
2026-01-31 16:29:20,425 - app.main - INFO - REQUEST: GET http://localhost:8000/features/?product_id=1
2026-01-31 16:29:20,432 - app.main - INFO - REQUEST: GET http://localhost:8000/environments?project_id=1
2026-01-31 16:29:20,443 - app.main - INFO - RESPONSE: GET http://localhost:8000/auth/profile - Status: 200
2026-01-31 16:29:20,447 - app.main - INFO - REQUEST: GET http://localhost:8000/auth/profile
2026-01-31 16:29:20,454 - app.main - INFO - RESPONSE: GET http://localhost:8000/environments?project_id=1 - Status: 200
2026-01-31 16:29:20,459 - app.main - INFO - RESPONSE: GET http://localhost:8000/features/?product_id=1 - Status: 200
2026-01-31 16:29:20,466 - app.main - INFO - RESPONSE: GET http://localhost:8000/auth/profile - Status: 200
2026-01-31 16:29:20,471 - app.main - INFO - REQUEST: GET http://localhost:8000/auth/profile
2026-01-31 16:29:20,480 - app.main - INFO - RESPONSE: GET http://localhost:8000/auth/profile - Status: 200
2026-01-31 16:29:20,491 - app.main - INFO - REQUEST: GET http://localhost:8000/environments?project_id=1
2026-01-31 16:29:20,500 - app.main - INFO - RESPONSE: GET http://localhost:8000/environments?project_id=1 - Status: 200
2026-01-31 16:29:26,551 - app.main - INFO - REQUEST: GET http://localhost:8000/auth/profile
2026-01-31 16:29:26,553 - app.main - INFO - REQUEST: GET http://localhost:8000/products/
2026-01-31 16:29:26,563 - app.main - INFO - RESPONSE: GET http://localhost:8000/auth/profile - Status: 200
2026-01-31 16:29:26,568 - app.main - INFO - REQUEST: GET http://localhost:8000/auth/profile
2026-01-31 16:29:26,572 - app.main - INFO - RESPONSE: GET http://localhost:8000/products/ - Status: 200
2026-01-31 16:29:26,576 - app.main - INFO - REQUEST: GET http://localhost:8000/products/
2026-01-31 16:29:26,579 - app.main - INFO - RESPONSE: GET http://localhost:8000/auth/profile - Status: 200
2026-01-31 16:29:26,583 - app.main - INFO - REQUEST: GET http://localhost:8000/auth/profile
2026-01-31 16:29:26,592 - app.main - INFO - RESPONSE: GET http://localhost:8000/products/ - Status: 200
2026-01-31 16:29:26,595 - app.main - INFO - RESPONSE: GET http://localhost:8000/auth/profile - Status: 200
2026-01-31 16:29:26,599 - app.main - INFO - REQUEST: GET http://localhost:8000/auth/profile
2026-01-31 16:29:26,609 - app.main - INFO - RESPONSE: GET http://localhost:8000/auth/profile - Status: 200
2026-01-31 16:29:28,009 - app.main - INFO - REQUEST: GET http://localhost:8000/products/1
2026-01-31 16:29:28,021 - app.main - INFO - RESPONSE: GET http://localhost:8000/products/1 - Status: 200
2026-01-31 16:29:28,025 - app.main - INFO - REQUEST: GET http://localhost:8000/products/1
2026-01-31 16:29:28,028 - app.main - INFO - REQUEST: GET http://localhost:8000/features/?product_id=1
2026-01-31 16:29:28,041 - app.main - INFO - RESPONSE: GET http://localhost:8000/products/1 - Status: 200
2026-01-31 16:29:28,046 - app.main - INFO - RESPONSE: GET http://localhost:8000/features/?product_id=1 - Status: 200
2026-01-31 16:29:28,051 - app.main - INFO - REQUEST: GET http://localhost:8000/features/?product_id=1
2026-01-31 16:29:28,055 - app.main - INFO - REQUEST: GET http://localhost:8000/environments?project_id=1
2026-01-31 16:29:28,065 - app.main - INFO - RESPONSE: GET http://localhost:8000/environments?project_id=1 - Status: 200
2026-01-31 16:29:28,072 - app.main - INFO - RESPONSE: GET http://localhost:8000/features/?product_id=1 - Status: 200
2026-01-31 16:29:28,086 - app.main - INFO - REQUEST: GET http://localhost:8000/environments?project_id=1
2026-01-31 16:29:28,092 - app.main - INFO - RESPONSE: GET http://localhost:8000/environments?project_id=1 - Status: 200
2026-01-31 16:29:29,569 - app.main - INFO - REQUEST: OPTIONS http://localhost:8000/variables/?project_id=1
2026-01-31 16:29:29,570 - app.main - INFO - RESPONSE: OPTIONS http://localhost:8000/variables/?project_id=1 - Status: 200
2026-01-31 16:29:29,573 - app.main - INFO - REQUEST: GET http://localhost:8000/variables/?project_id=1
2026-01-31 16:29:29,575 - app.main - INFO - RESPONSE: GET http://localhost:8000/variables/?project_id=1 - Status: 307
2026-01-31 16:29:29,579 - app.main - INFO - REQUEST: OPTIONS http://localhost:8000/variables?project_id=1
2026-01-31 16:29:29,580 - app.main - INFO - RESPONSE: OPTIONS http://localhost:8000/variables?project_id=1 - Status: 200
2026-01-31 16:29:29,585 - app.main - INFO - REQUEST: GET http://localhost:8000/variables?project_id=1
2026-01-31 16:29:29,591 - app.main - INFO - RESPONSE: GET http://localhost:8000/variables?project_id=1 - Status: 200
2026-01-31 16:29:29,597 - app.main - INFO - REQUEST: GET http://localhost:8000/variables/?project_id=1&environment_id=1
2026-01-31 16:29:29,599 - app.main - INFO - RESPONSE: GET http://localhost:8000/variables/?project_id=1&environment_id=1 - Status: 307
2026-01-31 16:29:29,608 - app.main - INFO - REQUEST: GET http://localhost:8000/variables?project_id=1&environment_id=1
2026-01-31 16:29:29,617 - app.main - INFO - RESPONSE: GET http://localhost:8000/variables?project_id=1&environment_id=1 - Status: 200
2026-01-31 16:29:29,625 - app.main - INFO - REQUEST: GET http://localhost:8000/flow/load/1
2026-01-31 16:29:29,672 - app.main - INFO - RESPONSE: GET http://localhost:8000/flow/load/1 - Status: 200
2026-01-31 16:29:29,680 - app.main - INFO - REQUEST: GET http://localhost:8000/variables/?project_id=1&environment_id=1
2026-01-31 16:29:29,681 - app.main - INFO - RESPONSE: GET http://localhost:8000/variables/?project_id=1&environment_id=1 - Status: 307
2026-01-31 16:29:29,691 - app.main - INFO - REQUEST: GET http://localhost:8000/variables?project_id=1&environment_id=1
2026-01-31 16:29:29,697 - app.main - INFO - RESPONSE: GET http://localhost:8000/variables?project_id=1&environment_id=1 - Status: 200
2026-01-31 16:29:29,705 - app.main - INFO - REQUEST: POST http://localhost:8000/auth/login
2026-01-31 16:29:29,709 - app.routes.auth_routes - INFO - === LOGIN REQUEST ===
2026-01-31 16:29:29,709 - app.routes.auth_routes - INFO - Username attempt: mribelato@gmail.com
2026-01-31 16:29:29,880 - app.routes.auth_routes - INFO - Login successful for user: mribelato@gmail.com
2026-01-31 16:29:29,880 - app.routes.auth_routes - INFO - Access token generated for: mribelato@gmail.com
2026-01-31 16:29:29,884 - app.main - INFO - RESPONSE: POST http://localhost:8000/auth/login - Status: 200
2026-01-31 16:29:29,892 - app.main - INFO - REQUEST: PUT http://localhost:8000/variables/2
2026-01-31 16:29:29,911 - app.main - INFO - RESPONSE: PUT http://localhost:8000/variables/2 - Status: 200
2026-01-31 16:29:29,920 - app.main - INFO - REQUEST: POST http://localhost:8000/history/
2026-01-31 16:29:29,951 - app.main - INFO - RESPONSE: POST http://localhost:8000/history/ - Status: 201
2026-01-31 16:29:30,174 - app.main - INFO - REQUEST: GET http://localhost:8000/variables/?project_id=1&environment_id=1
2026-01-31 16:29:30,176 - app.main - INFO - RESPONSE: GET http://localhost:8000/variables/?project_id=1&environment_id=1 - Status: 307
2026-01-31 16:29:30,190 - app.main - INFO - REQUEST: GET http://localhost:8000/variables?project_id=1&environment_id=1
2026-01-31 16:29:30,200 - app.main - INFO - RESPONSE: GET http://localhost:8000/variables?project_id=1&environment_id=1 - Status: 200
2026-01-31 16:29:30,216 - app.main - INFO - REQUEST: GET http://localhost:8000/auth/profile
2026-01-31 16:29:30,227 - app.main - INFO - RESPONSE: GET http://localhost:8000/auth/profile - Status: 200
2026-01-31 16:29:30,235 - app.main - INFO - REQUEST: POST http://localhost:8000/history/
2026-01-31 16:29:30,275 - app.main - INFO - RESPONSE: POST http://localhost:8000/history/ - Status: 201
2026-01-31 16:29:30,492 - app.main - INFO - REQUEST: GET http://localhost:8000/variables/?project_id=1&environment_id=1
2026-01-31 16:29:30,496 - app.main - INFO - RESPONSE: GET http://localhost:8000/variables/?project_id=1&environment_id=1 - Status: 307
2026-01-31 16:29:30,507 - app.main - INFO - REQUEST: GET http://localhost:8000/variables?project_id=1&environment_id=1
2026-01-31 16:29:30,525 - app.main - INFO - RESPONSE: GET http://localhost:8000/variables?project_id=1&environment_id=1 - Status: 200
2026-01-31 16:29:30,539 - app.main - INFO - REQUEST: POST http://localhost:8000/auth/logout
2026-01-31 16:29:30,573 - app.routes.auth_routes - INFO - Token 8d50e536-2fa8-455f-9560-cc92ebfd6414 blacklisted for user mribelato@gmail.com
2026-01-31 16:29:30,575 - app.main - INFO - RESPONSE: POST http://localhost:8000/auth/logout - Status: 200
2026-01-31 16:29:30,584 - app.main - INFO - REQUEST: POST http://localhost:8000/history/
2026-01-31 16:29:30,618 - app.main - INFO - RESPONSE: POST http://localhost:8000/history/ - Status: 201
2026-01-31 16:29:30,843 - app.main - INFO - REQUEST: GET http://localhost:8000/variables/?project_id=1&environment_id=1
2026-01-31 16:29:30,858 - app.main - INFO - RESPONSE: GET http://localhost:8000/variables/?project_id=1&environment_id=1 - Status: 307
2026-01-31 16:29:30,875 - app.main - INFO - REQUEST: GET http://localhost:8000/variables?project_id=1&environment_id=1
2026-01-31 16:29:30,902 - app.main - INFO - RESPONSE: GET http://localhost:8000/variables?project_id=1&environment_id=1 - Status: 200
2026-01-31 16:29:30,912 - app.main - INFO - REQUEST: GET http://localhost:8000/auth/profile
2026-01-31 16:29:30,920 - app.main - INFO - RESPONSE: GET http://localhost:8000/auth/profile - Status: 401
2026-01-31 16:29:30,926 - app.main - INFO - REQUEST: POST http://localhost:8000/history/
2026-01-31 16:29:30,956 - app.main - INFO - RESPONSE: POST http://localhost:8000/history/ - Status: 201
2026-01-31 16:29:32,176 - app.main - INFO - REQUEST: OPTIONS http://localhost:8000/flow/load/2
2026-01-31 16:29:32,180 - app.main - INFO - RESPONSE: OPTIONS http://localhost:8000/flow/load/2 - Status: 200
2026-01-31 16:29:32,191 - app.main - INFO - REQUEST: GET http://localhost:8000/flow/load/2
2026-01-31 16:29:32,223 - app.main - INFO - RESPONSE: GET http://localhost:8000/flow/load/2 - Status: 200
2026-01-31 16:29:32,228 - app.main - INFO - REQUEST: GET http://localhost:8000/variables/?project_id=1&environment_id=1
2026-01-31 16:29:32,229 - app.main - INFO - RESPONSE: GET http://localhost:8000/variables/?project_id=1&environment_id=1 - Status: 307
2026-01-31 16:29:32,236 - app.main - INFO - REQUEST: GET http://localhost:8000/variables?project_id=1&environment_id=1
2026-01-31 16:29:32,245 - app.main - INFO - RESPONSE: GET http://localhost:8000/variables?project_id=1&environment_id=1 - Status: 200
2026-01-31 16:29:32,268 - app.main - INFO - REQUEST: POST http://localhost:8000/auth/login
2026-01-31 16:29:32,271 - app.routes.auth_routes - INFO - === LOGIN REQUEST ===
2026-01-31 16:29:32,272 - app.routes.auth_routes - INFO - Username attempt: mribelato@gmail.com
2026-01-31 16:29:32,420 - app.routes.auth_routes - INFO - Login successful for user: mribelato@gmail.com
2026-01-31 16:29:32,420 - app.routes.auth_routes - INFO - Access token generated for: mribelato@gmail.com
2026-01-31 16:29:32,422 - app.main - INFO - RESPONSE: POST http://localhost:8000/auth/login - Status: 200
2026-01-31 16:29:32,429 - app.main - INFO - REQUEST: PUT http://localhost:8000/variables/2
2026-01-31 16:29:32,446 - app.main - INFO - RESPONSE: PUT http://localhost:8000/variables/2 - Status: 200
2026-01-31 16:29:32,455 - app.main - INFO - REQUEST: POST http://localhost:8000/history/
2026-01-31 16:29:32,486 - app.main - INFO - RESPONSE: POST http://localhost:8000/history/ - Status: 201
2026-01-31 16:29:32,705 - app.main - INFO - REQUEST: GET http://localhost:8000/variables/?project_id=1&environment_id=1
2026-01-31 16:29:32,709 - app.main - INFO - RESPONSE: GET http://localhost:8000/variables/?project_id=1&environment_id=1 - Status: 307
2026-01-31 16:29:32,725 - app.main - INFO - REQUEST: GET http://localhost:8000/variables?project_id=1&environment_id=1
2026-01-31 16:29:32,753 - app.main - INFO - RESPONSE: GET http://localhost:8000/variables?project_id=1&environment_id=1 - Status: 200
2026-01-31 16:29:32,770 - app.main - INFO - REQUEST: OPTIONS http://localhost:8000/products/?skip=0&limit=100
2026-01-31 16:29:32,772 - app.main - INFO - RESPONSE: OPTIONS http://localhost:8000/products/?skip=0&limit=100 - Status: 200
2026-01-31 16:29:32,779 - app.main - INFO - REQUEST: GET http://localhost:8000/products/?skip=0&limit=100
2026-01-31 16:29:32,792 - app.main - INFO - RESPONSE: GET http://localhost:8000/products/?skip=0&limit=100 - Status: 200
2026-01-31 16:29:32,799 - app.main - INFO - REQUEST: POST http://localhost:8000/history/
2026-01-31 16:29:32,825 - app.main - INFO - RESPONSE: POST http://localhost:8000/history/ - Status: 201
2026-01-31 16:29:34,093 - app.main - INFO - REQUEST: GET http://localhost:8000/history/?limit=1000&environment_id=1
2026-01-31 16:29:34,107 - app.main - INFO - RESPONSE: GET http://localhost:8000/history/?limit=1000&environment_id=1 - Status: 200
2026-01-31 16:29:34,109 - app.main - INFO - REQUEST: GET http://localhost:8000/history/?limit=1000&environment_id=1
2026-01-31 16:29:34,125 - app.main - INFO - RESPONSE: GET http://localhost:8000/history/?limit=1000&environment_id=1 - Status: 200
2026-01-31 16:31:00,964 - app.main - INFO - REQUEST: GET http://localhost:8000/auth/profile
2026-01-31 16:31:00,967 - app.main - INFO - REQUEST: GET http://localhost:8000/products/
2026-01-31 16:31:00,981 - app.main - INFO - RESPONSE: GET http://localhost:8000/auth/profile - Status: 200
2026-01-31 16:31:00,987 - app.main - INFO - REQUEST: GET http://localhost:8000/auth/profile
2026-01-31 16:31:00,988 - app.main - INFO - RESPONSE: GET http://localhost:8000/products/ - Status: 200
2026-01-31 16:31:00,992 - app.main - INFO - REQUEST: GET http://localhost:8000/products/
2026-01-31 16:31:01,006 - app.main - INFO - RESPONSE: GET http://localhost:8000/auth/profile - Status: 200
2026-01-31 16:31:01,011 - app.main - INFO - RESPONSE: GET http://localhost:8000/products/ - Status: 200
2026-01-31 16:31:01,013 - app.main - INFO - REQUEST: GET http://localhost:8000/auth/profile
2026-01-31 16:31:01,024 - app.main - INFO - RESPONSE: GET http://localhost:8000/auth/profile - Status: 200
2026-01-31 16:31:01,028 - app.main - INFO - REQUEST: GET http://localhost:8000/auth/profile
2026-01-31 16:31:01,041 - app.main - INFO - RESPONSE: GET http://localhost:8000/auth/profile - Status: 200
2026-01-31 16:31:09,288 - app.main - INFO - REQUEST: GET http://localhost:8000/auth/profile
2026-01-31 16:31:09,289 - app.main - INFO - REQUEST: GET http://localhost:8000/features/?product_id=1
2026-01-31 16:31:09,302 - app.main - INFO - RESPONSE: GET http://localhost:8000/auth/profile - Status: 200
2026-01-31 16:31:09,307 - app.main - INFO - REQUEST: GET http://localhost:8000/auth/profile
2026-01-31 16:31:09,313 - app.main - INFO - RESPONSE: GET http://localhost:8000/features/?product_id=1 - Status: 200
2026-01-31 16:31:09,320 - app.main - INFO - REQUEST: GET http://localhost:8000/features/?product_id=1
2026-01-31 16:31:09,326 - app.main - INFO - RESPONSE: GET http://localhost:8000/auth/profile - Status: 200
2026-01-31 16:31:09,332 - app.main - INFO - REQUEST: GET http://localhost:8000/environments?project_id=1
2026-01-31 16:31:09,342 - app.main - INFO - RESPONSE: GET http://localhost:8000/features/?product_id=1 - Status: 200
2026-01-31 16:31:09,345 - app.main - INFO - RESPONSE: GET http://localhost:8000/environments?project_id=1 - Status: 200
2026-01-31 16:31:09,347 - app.main - INFO - REQUEST: GET http://localhost:8000/auth/profile
2026-01-31 16:31:09,350 - app.main - INFO - REQUEST: GET http://localhost:8000/environments?project_id=1
2026-01-31 16:31:09,362 - app.main - INFO - RESPONSE: GET http://localhost:8000/auth/profile - Status: 200
2026-01-31 16:31:09,363 - app.main - INFO - RESPONSE: GET http://localhost:8000/environments?project_id=1 - Status: 200
2026-01-31 16:31:09,367 - app.main - INFO - REQUEST: GET http://localhost:8000/auth/profile
2026-01-31 16:31:09,376 - app.main - INFO - RESPONSE: GET http://localhost:8000/auth/profile - Status: 200
2026-01-31 16:31:25,663 - app.main - INFO - REQUEST: GET http://localhost:8000/auth/profile
2026-01-31 16:31:25,666 - app.main - INFO - REQUEST: GET http://localhost:8000/flow/load/1
2026-01-31 16:31:25,685 - app.main - INFO - RESPONSE: GET http://localhost:8000/auth/profile - Status: 200
2026-01-31 16:31:25,691 - app.main - INFO - REQUEST: GET http://localhost:8000/auth/profile
2026-01-31 16:31:25,704 - app.main - INFO - RESPONSE: GET http://localhost:8000/flow/load/1 - Status: 200
2026-01-31 16:31:25,709 - app.main - INFO - REQUEST: GET http://localhost:8000/flow/load/1
2026-01-31 16:31:25,712 - app.main - INFO - RESPONSE: GET http://localhost:8000/auth/profile - Status: 200
2026-01-31 16:31:25,717 - app.main - INFO - REQUEST: GET http://localhost:8000/auth/profile
2026-01-31 16:31:25,735 - app.main - INFO - RESPONSE: GET http://localhost:8000/auth/profile - Status: 200
2026-01-31 16:31:25,741 - app.main - INFO - REQUEST: GET http://localhost:8000/auth/profile
2026-01-31 16:31:25,750 - app.main - INFO - RESPONSE: GET http://localhost:8000/flow/load/1 - Status: 200
2026-01-31 16:31:25,757 - app.main - INFO - RESPONSE: GET http://localhost:8000/auth/profile - Status: 200
2026-01-31 16:31:27,232 - app.main - INFO - REQUEST: GET http://localhost:8000/environments?project_id=1
2026-01-31 16:31:27,240 - app.main - INFO - RESPONSE: GET http://localhost:8000/environments?project_id=1 - Status: 200
2026-01-31 16:31:28,555 - app.main - INFO - REQUEST: GET http://localhost:8000/variables/?project_id=1&environment_id=1
2026-01-31 16:31:28,556 - app.main - INFO - RESPONSE: GET http://localhost:8000/variables/?project_id=1&environment_id=1 - Status: 307
2026-01-31 16:31:28,565 - app.main - INFO - REQUEST: GET http://localhost:8000/variables?project_id=1&environment_id=1
2026-01-31 16:31:28,573 - app.main - INFO - RESPONSE: GET http://localhost:8000/variables?project_id=1&environment_id=1 - Status: 200
2026-01-31 16:31:29,097 - app.main - INFO - REQUEST: POST http://localhost:8000/auth/login
2026-01-31 16:31:29,104 - app.routes.auth_routes - INFO - === LOGIN REQUEST ===
2026-01-31 16:31:29,104 - app.routes.auth_routes - INFO - Username attempt: mribelato@gmail.com
2026-01-31 16:31:29,372 - app.routes.auth_routes - INFO - Login successful for user: mribelato@gmail.com
2026-01-31 16:31:29,372 - app.routes.auth_routes - INFO - Access token generated for: mribelato@gmail.com
2026-01-31 16:31:29,377 - app.main - INFO - RESPONSE: POST http://localhost:8000/auth/login - Status: 200
2026-01-31 16:31:29,383 - app.main - INFO - REQUEST: POST http://localhost:8000/history/
2026-01-31 16:31:29,428 - app.main - INFO - RESPONSE: POST http://localhost:8000/history/ - Status: 201
2026-01-31 16:31:29,434 - app.main - INFO - REQUEST: PUT http://localhost:8000/variables/2
2026-01-31 16:31:29,448 - app.main - INFO - RESPONSE: PUT http://localhost:8000/variables/2 - Status: 200
2026-01-31 16:31:29,962 - app.main - INFO - REQUEST: GET http://localhost:8000/auth/profile
2026-01-31 16:31:29,971 - app.main - INFO - RESPONSE: GET http://localhost:8000/auth/profile - Status: 200
2026-01-31 16:31:29,981 - app.main - INFO - REQUEST: POST http://localhost:8000/history/
2026-01-31 16:31:30,028 - app.main - INFO - RESPONSE: POST http://localhost:8000/history/ - Status: 201
2026-01-31 16:31:30,550 - app.main - INFO - REQUEST: POST http://localhost:8000/auth/logout
2026-01-31 16:31:30,585 - app.routes.auth_routes - INFO - Token 6835f498-a13d-4ce4-96e7-a30a8fcdb39b blacklisted for user mribelato@gmail.com
2026-01-31 16:31:30,588 - app.main - INFO - RESPONSE: POST http://localhost:8000/auth/logout - Status: 200
2026-01-31 16:31:30,600 - app.main - INFO - REQUEST: POST http://localhost:8000/history/
2026-01-31 16:31:30,630 - app.main - INFO - RESPONSE: POST http://localhost:8000/history/ - Status: 201
2026-01-31 16:31:31,150 - app.main - INFO - REQUEST: GET http://localhost:8000/auth/profile
2026-01-31 16:31:31,169 - app.main - INFO - RESPONSE: GET http://localhost:8000/auth/profile - Status: 401
2026-01-31 16:31:31,185 - app.main - INFO - REQUEST: POST http://localhost:8000/history/
2026-01-31 16:31:31,237 - app.main - INFO - RESPONSE: POST http://localhost:8000/history/ - Status: 201
2026-01-31 16:31:31,303 - app.main - INFO - REQUEST: GET http://localhost:8000/history/?limit=1000&environment_id=1
2026-01-31 16:31:31,346 - app.main - INFO - RESPONSE: GET http://localhost:8000/history/?limit=1000&environment_id=1 - Status: 200
2026-01-31 16:31:31,351 - app.main - INFO - REQUEST: GET http://localhost:8000/history/?limit=1000&environment_id=1
2026-01-31 16:31:31,380 - app.main - INFO - RESPONSE: GET http://localhost:8000/history/?limit=1000&environment_id=1 - Status: 200
2026-01-31 16:31:47,088 - app.main - INFO - REQUEST: OPTIONS http://localhost:8000/schedules/
2026-01-31 16:31:47,089 - app.main - INFO - REQUEST: GET http://localhost:8000/auth/profile
2026-01-31 16:31:47,091 - app.main - INFO - RESPONSE: OPTIONS http://localhost:8000/schedules/ - Status: 200
2026-01-31 16:31:47,096 - app.main - INFO - REQUEST: OPTIONS http://localhost:8000/schedules/
2026-01-31 16:31:47,098 - app.main - INFO - RESPONSE: OPTIONS http://localhost:8000/schedules/ - Status: 200
2026-01-31 16:31:47,104 - app.main - INFO - REQUEST: GET http://localhost:8000/products/
2026-01-31 16:31:47,109 - app.main - INFO - RESPONSE: GET http://localhost:8000/auth/profile - Status: 200
2026-01-31 16:31:47,115 - app.main - INFO - REQUEST: GET http://localhost:8000/schedules/
2026-01-31 16:31:47,129 - app.main - INFO - RESPONSE: GET http://localhost:8000/products/ - Status: 200
2026-01-31 16:31:47,133 - app.main - INFO - REQUEST: GET http://localhost:8000/auth/profile
2026-01-31 16:31:47,138 - app.main - INFO - RESPONSE: GET http://localhost:8000/schedules/ - Status: 200
2026-01-31 16:31:47,142 - app.main - INFO - REQUEST: GET http://localhost:8000/products/
2026-01-31 16:31:47,145 - app.main - INFO - RESPONSE: GET http://localhost:8000/auth/profile - Status: 200
2026-01-31 16:31:47,150 - app.main - INFO - REQUEST: GET http://localhost:8000/schedules/
2026-01-31 16:31:47,157 - app.main - INFO - RESPONSE: GET http://localhost:8000/products/ - Status: 200
2026-01-31 16:31:47,163 - app.main - INFO - REQUEST: GET http://localhost:8000/auth/profile
2026-01-31 16:31:47,166 - app.main - INFO - RESPONSE: GET http://localhost:8000/schedules/ - Status: 200
2026-01-31 16:31:47,173 - app.main - INFO - RESPONSE: GET http://localhost:8000/auth/profile - Status: 200
2026-01-31 16:31:47,177 - app.main - INFO - REQUEST: GET http://localhost:8000/auth/profile
2026-01-31 16:31:47,183 - app.main - INFO - RESPONSE: GET http://localhost:8000/auth/profile - Status: 200
2026-01-31 16:32:26,512 - app.main - INFO - REQUEST: OPTIONS http://localhost:8000/history/?schedule_id=6&limit=50
2026-01-31 16:32:26,513 - app.main - INFO - RESPONSE: OPTIONS http://localhost:8000/history/?schedule_id=6&limit=50 - Status: 200
2026-01-31 16:32:26,518 - app.main - INFO - REQUEST: GET http://localhost:8000/history/?schedule_id=6&limit=50
2026-01-31 16:32:26,533 - app.main - INFO - RESPONSE: GET http://localhost:8000/history/?schedule_id=6&limit=50 - Status: 200
2026-01-31 16:32:29,788 - app.main - INFO - REQUEST: OPTIONS http://localhost:8000/history/?schedule_id=7&limit=50
2026-01-31 16:32:29,789 - app.main - INFO - RESPONSE: OPTIONS http://localhost:8000/history/?schedule_id=7&limit=50 - Status: 200
2026-01-31 16:32:29,797 - app.main - INFO - REQUEST: GET http://localhost:8000/history/?schedule_id=7&limit=50
2026-01-31 16:32:29,818 - app.main - INFO - RESPONSE: GET http://localhost:8000/history/?schedule_id=7&limit=50 - Status: 200
2026-01-31 16:32:32,346 - app.main - INFO - REQUEST: OPTIONS http://localhost:8000/history/?schedule_id=8&limit=50
2026-01-31 16:32:32,347 - app.main - INFO - RESPONSE: OPTIONS http://localhost:8000/history/?schedule_id=8&limit=50 - Status: 200
2026-01-31 16:32:32,350 - app.main - INFO - REQUEST: GET http://localhost:8000/history/?schedule_id=8&limit=50
2026-01-31 16:32:32,364 - app.main - INFO - RESPONSE: GET http://localhost:8000/history/?schedule_id=8&limit=50 - Status: 200
2026-01-31 16:32:37,903 - app.main - INFO - REQUEST: OPTIONS http://localhost:8000/history/?schedule_id=5&limit=50
2026-01-31 16:32:37,904 - app.main - INFO - RESPONSE: OPTIONS http://localhost:8000/history/?schedule_id=5&limit=50 - Status: 200
2026-01-31 16:32:37,909 - app.main - INFO - REQUEST: GET http://localhost:8000/history/?schedule_id=5&limit=50
2026-01-31 16:32:37,925 - app.main - INFO - RESPONSE: GET http://localhost:8000/history/?schedule_id=5&limit=50 - Status: 200
2026-01-31 16:33:01,302 - app.main - INFO - REQUEST: POST http://localhost:8000/auth/logout
2026-01-31 16:33:01,316 - app.routes.auth_routes - INFO - Token 6d7c6dd6-78c5-42db-8da9-2536fe63ad07 blacklisted for user bruna.ribelato@gmail.com
2026-01-31 16:33:01,317 - app.main - INFO - RESPONSE: POST http://localhost:8000/auth/logout - Status: 200
2026-01-31 16:33:08,728 - app.main - INFO - REQUEST: POST http://localhost:8000/auth/login
2026-01-31 16:33:08,732 - app.routes.auth_routes - INFO - === LOGIN REQUEST ===
2026-01-31 16:33:08,732 - app.routes.auth_routes - INFO - Username attempt: mribelato@gmail.com
2026-01-31 16:33:08,884 - app.routes.auth_routes - INFO - Login successful for user: mribelato@gmail.com
2026-01-31 16:33:08,885 - app.routes.auth_routes - INFO - Access token generated for: mribelato@gmail.com
2026-01-31 16:33:08,888 - app.main - INFO - RESPONSE: POST http://localhost:8000/auth/login - Status: 200
2026-01-31 16:33:08,916 - app.main - INFO - REQUEST: GET http://localhost:8000/auth/profile
2026-01-31 16:33:08,923 - app.main - INFO - RESPONSE: GET http://localhost:8000/auth/profile - Status: 200
2026-01-31 16:33:08,926 - app.main - INFO - REQUEST: GET http://localhost:8000/products/
2026-01-31 16:33:08,933 - app.main - INFO - RESPONSE: GET http://localhost:8000/products/ - Status: 200
2026-01-31 16:33:08,937 - app.main - INFO - REQUEST: GET http://localhost:8000/auth/profile
2026-01-31 16:33:08,944 - app.main - INFO - RESPONSE: GET http://localhost:8000/auth/profile - Status: 200
2026-01-31 16:33:08,947 - app.main - INFO - REQUEST: GET http://localhost:8000/products/
2026-01-31 16:33:08,960 - app.main - INFO - RESPONSE: GET http://localhost:8000/products/ - Status: 200
2026-01-31 16:33:08,963 - app.main - INFO - REQUEST: GET http://localhost:8000/auth/profile
2026-01-31 16:33:08,972 - app.main - INFO - RESPONSE: GET http://localhost:8000/auth/profile - Status: 200
2026-01-31 16:33:08,975 - app.main - INFO - REQUEST: GET http://localhost:8000/auth/profile
2026-01-31 16:33:08,981 - app.main - INFO - RESPONSE: GET http://localhost:8000/auth/profile - Status: 200
2026-01-31 16:33:16,353 - app.main - INFO - REQUEST: GET http://localhost:8000/auth/profile
2026-01-31 16:33:16,355 - app.main - INFO - REQUEST: GET http://localhost:8000/schedules/
2026-01-31 16:33:16,356 - app.main - INFO - REQUEST: GET http://localhost:8000/products/
2026-01-31 16:33:16,373 - app.main - INFO - RESPONSE: GET http://localhost:8000/auth/profile - Status: 200
2026-01-31 16:33:16,378 - app.main - INFO - REQUEST: GET http://localhost:8000/auth/profile
2026-01-31 16:33:16,382 - app.main - INFO - RESPONSE: GET http://localhost:8000/schedules/ - Status: 200
2026-01-31 16:33:16,383 - app.main - INFO - RESPONSE: GET http://localhost:8000/products/ - Status: 200
2026-01-31 16:33:16,386 - app.main - INFO - REQUEST: GET http://localhost:8000/schedules/
2026-01-31 16:33:16,388 - app.main - INFO - REQUEST: GET http://localhost:8000/products/
2026-01-31 16:33:16,398 - app.main - INFO - RESPONSE: GET http://localhost:8000/auth/profile - Status: 200
2026-01-31 16:33:16,403 - app.main - INFO - REQUEST: GET http://localhost:8000/auth/profile
2026-01-31 16:33:16,412 - app.main - INFO - RESPONSE: GET http://localhost:8000/products/ - Status: 200
2026-01-31 16:33:16,414 - app.main - INFO - RESPONSE: GET http://localhost:8000/schedules/ - Status: 200
2026-01-31 16:33:16,530 - app.main - INFO - RESPONSE: GET http://localhost:8000/auth/profile - Status: 200
2026-01-31 16:33:16,534 - app.main - INFO - REQUEST: GET http://localhost:8000/auth/profile
2026-01-31 16:33:16,542 - app.main - INFO - RESPONSE: GET http://localhost:8000/auth/profile - Status: 200
2026-01-31 16:33:17,842 - app.main - INFO - REQUEST: GET http://localhost:8000/history/?schedule_id=6&limit=50
2026-01-31 16:33:17,855 - app.main - INFO - RESPONSE: GET http://localhost:8000/history/?schedule_id=6&limit=50 - Status: 200
2026-01-31 16:33:17,891 - app.main - INFO - REQUEST: OPTIONS http://localhost:8000/history/?limit=1000
2026-01-31 16:33:17,892 - app.main - INFO - REQUEST: OPTIONS http://localhost:8000/history/?limit=1000
2026-01-31 16:33:17,892 - app.main - INFO - RESPONSE: OPTIONS http://localhost:8000/history/?limit=1000 - Status: 200
2026-01-31 16:33:17,894 - app.main - INFO - RESPONSE: OPTIONS http://localhost:8000/history/?limit=1000 - Status: 200
2026-01-31 16:33:17,896 - app.main - INFO - REQUEST: GET http://localhost:8000/history/?limit=1000
2026-01-31 16:33:17,935 - app.main - INFO - RESPONSE: GET http://localhost:8000/history/?limit=1000 - Status: 200
2026-01-31 16:33:17,942 - app.main - INFO - REQUEST: GET http://localhost:8000/history/?limit=1000
2026-01-31 16:33:17,997 - app.main - INFO - RESPONSE: GET http://localhost:8000/history/?limit=1000 - Status: 200
2026-02-01 08:52:01,115 - app.main - INFO - REQUEST: POST http://localhost:8000/auth/login
2026-02-01 08:52:01,117 - app.routes.auth_routes - INFO - === LOGIN REQUEST ===
2026-02-01 08:52:01,117 - app.routes.auth_routes - INFO - Username attempt: mribelato@gmail.com
2026-02-01 08:52:01,251 - app.routes.auth_routes - INFO - Login successful for user: mribelato@gmail.com
2026-02-01 08:52:01,251 - app.routes.auth_routes - INFO - Access token generated for: mribelato@gmail.com
2026-02-01 08:52:01,252 - app.main - INFO - RESPONSE: POST http://localhost:8000/auth/login - Status: 200
2026-02-01 08:52:01,285 - app.main - INFO - REQUEST: OPTIONS http://localhost:8000/auth/profile
2026-02-01 08:52:01,285 - app.main - INFO - RESPONSE: OPTIONS http://localhost:8000/auth/profile - Status: 200
2026-02-01 08:52:01,289 - app.main - INFO - REQUEST: OPTIONS http://localhost:8000/products/
2026-02-01 08:52:01,290 - app.main - INFO - RESPONSE: OPTIONS http://localhost:8000/products/ - Status: 200
2026-02-01 08:52:01,293 - app.main - INFO - REQUEST: OPTIONS http://localhost:8000/auth/profile
2026-02-01 08:52:01,294 - app.main - INFO - RESPONSE: OPTIONS http://localhost:8000/auth/profile - Status: 200
2026-02-01 08:52:01,296 - app.main - INFO - REQUEST: OPTIONS http://localhost:8000/products/
2026-02-01 08:52:01,297 - app.main - INFO - RESPONSE: OPTIONS http://localhost:8000/products/ - Status: 200
2026-02-01 08:52:01,299 - app.main - INFO - REQUEST: OPTIONS http://localhost:8000/auth/profile
2026-02-01 08:52:01,300 - app.main - INFO - RESPONSE: OPTIONS http://localhost:8000/auth/profile - Status: 200
2026-02-01 08:52:01,301 - app.main - INFO - REQUEST: GET http://localhost:8000/auth/profile
2026-02-01 08:52:01,378 - app.main - INFO - RESPONSE: GET http://localhost:8000/auth/profile - Status: 200
2026-02-01 08:52:01,380 - app.main - INFO - REQUEST: GET http://localhost:8000/products/
2026-02-01 08:52:01,381 - app.main - INFO - REQUEST: GET http://localhost:8000/auth/profile
2026-02-01 08:52:01,492 - app.main - INFO - RESPONSE: GET http://localhost:8000/auth/profile - Status: 200
2026-02-01 08:52:01,493 - app.main - INFO - RESPONSE: GET http://localhost:8000/products/ - Status: 200
2026-02-01 08:52:01,496 - app.main - INFO - REQUEST: GET http://localhost:8000/auth/profile
2026-02-01 08:52:01,500 - app.main - INFO - REQUEST: GET http://localhost:8000/products/
2026-02-01 08:52:01,513 - app.main - INFO - RESPONSE: GET http://localhost:8000/auth/profile - Status: 200
2026-02-01 08:52:01,516 - app.main - INFO - RESPONSE: GET http://localhost:8000/products/ - Status: 200
2026-02-01 08:52:01,517 - app.main - INFO - REQUEST: GET http://localhost:8000/auth/profile
2026-02-01 08:52:01,523 - app.main - INFO - RESPONSE: GET http://localhost:8000/auth/profile - Status: 200
2026-02-01 09:00:36,112 - app.main - INFO - REQUEST: OPTIONS http://localhost:8000/schedules/
2026-02-01 09:00:36,118 - app.main - INFO - REQUEST: GET http://localhost:8000/auth/profile
2026-02-01 09:00:36,120 - app.main - INFO - REQUEST: OPTIONS http://localhost:8000/schedules/
2026-02-01 09:00:36,122 - app.main - INFO - REQUEST: GET http://localhost:8000/products/
2026-02-01 09:00:36,129 - app.main - INFO - RESPONSE: OPTIONS http://localhost:8000/schedules/ - Status: 200
2026-02-01 09:00:36,134 - app.main - INFO - RESPONSE: OPTIONS http://localhost:8000/schedules/ - Status: 200
2026-02-01 09:00:36,147 - app.main - INFO - REQUEST: GET http://localhost:8000/schedules/
2026-02-01 09:00:36,184 - app.main - INFO - RESPONSE: GET http://localhost:8000/auth/profile - Status: 200
2026-02-01 09:00:36,194 - app.main - INFO - REQUEST: GET http://localhost:8000/auth/profile
2026-02-01 09:00:36,208 - app.main - INFO - RESPONSE: GET http://localhost:8000/products/ - Status: 200
2026-02-01 09:00:36,218 - app.main - INFO - REQUEST: GET http://localhost:8000/products/
2026-02-01 09:00:36,240 - app.main - INFO - RESPONSE: GET http://localhost:8000/schedules/ - Status: 200
2026-02-01 09:00:36,254 - app.main - INFO - RESPONSE: GET http://localhost:8000/auth/profile - Status: 200
2026-02-01 09:00:36,279 - app.main - INFO - RESPONSE: GET http://localhost:8000/products/ - Status: 200
2026-02-01 09:00:36,336 - app.main - INFO - Desligando aplicação...
2026-02-01 09:00:41,581 - app - INFO - Logging configured successfully.
2026-02-01 09:00:42,088 - app - INFO - Logging configured successfully.
2026-02-01 09:00:42,243 - app.main - INFO - === INICIANDO API QA-WORKFLOW ===
2026-02-01 09:00:42,467 - app.main - INFO - Tabelas verificadas/criadas com sucesso
2026-02-01 09:00:42,468 - app.main - INFO - Iniciando scheduler...
2026-02-01 09:00:42,481 - apscheduler.scheduler - INFO - Scheduler started
2026-02-01 09:00:42,483 - app.services.scheduler_service - INFO - APScheduler started
2026-02-01 09:00:42,603 - apscheduler.scheduler - INFO - Added job "execute_job" to job store "default"
2026-02-01 09:00:42,609 - apscheduler.executors.default - WARNING - Run time of job "execute_job (trigger: date[2026-01-30 12:44:00 -03], next run at: 2026-01-30 12:44:00 -03)" was missed by 1 day, 20:16:42.609087
2026-02-01 09:00:42,610 - apscheduler.scheduler - INFO - Removed job 5
2026-02-01 09:00:42,624 - apscheduler.scheduler - INFO - Added job "execute_job" to job store "default"
2026-02-01 09:00:42,633 - apscheduler.scheduler - INFO - Added job "execute_job" to job store "default"
2026-02-01 09:00:42,640 - apscheduler.scheduler - INFO - Added job "execute_job" to job store "default"
2026-02-01 09:00:42,667 - app.main - INFO - REQUEST: OPTIONS http://localhost:8000/history/?schedule_id=8&limit=50
2026-02-01 09:00:42,669 - app.main - INFO - REQUEST: GET http://localhost:8000/auth/profile
2026-02-01 09:00:42,669 - app.main - INFO - REQUEST: GET http://localhost:8000/schedules/
2026-02-01 09:00:42,670 - app.main - INFO - REQUEST: OPTIONS http://localhost:8000/history/?schedule_id=8&limit=50
2026-02-01 09:00:42,682 - app.main - INFO - RESPONSE: OPTIONS http://localhost:8000/history/?schedule_id=8&limit=50 - Status: 200
2026-02-01 09:00:42,687 - app.main - INFO - RESPONSE: OPTIONS http://localhost:8000/history/?schedule_id=8&limit=50 - Status: 200
2026-02-01 09:00:42,693 - app.main - INFO - REQUEST: GET http://localhost:8000/history/?schedule_id=8&limit=50
2026-02-01 09:00:42,763 - app.main - INFO - RESPONSE: GET http://localhost:8000/auth/profile - Status: 200
2026-02-01 09:00:42,774 - app.main - INFO - REQUEST: GET http://localhost:8000/auth/profile
2026-02-01 09:00:42,785 - app.main - INFO - RESPONSE: GET http://localhost:8000/auth/profile - Status: 200
2026-02-01 09:00:42,811 - app.main - INFO - REQUEST: OPTIONS http://localhost:8000/history/?schedule_id=7&limit=50
2026-02-01 09:00:42,812 - app.main - INFO - RESPONSE: OPTIONS http://localhost:8000/history/?schedule_id=7&limit=50 - Status: 200
2026-02-01 09:00:42,816 - app.main - INFO - REQUEST: GET http://localhost:8000/history/?schedule_id=7&limit=50
2026-02-01 09:00:42,849 - app.main - INFO - RESPONSE: GET http://localhost:8000/history/?schedule_id=7&limit=50 - Status: 200
2026-02-01 09:00:42,877 - app.main - INFO - RESPONSE: GET http://localhost:8000/schedules/ - Status: 200
2026-02-01 09:00:42,901 - app.main - INFO - RESPONSE: GET http://localhost:8000/history/?schedule_id=8&limit=50 - Status: 200
2026-02-01 09:00:42,903 - app.main - INFO - REQUEST: GET http://localhost:8000/history/?schedule_id=8&limit=50
2026-02-01 09:00:42,917 - app.main - INFO - RESPONSE: GET http://localhost:8000/history/?schedule_id=8&limit=50 - Status: 200
2026-02-01 09:00:42,944 - app.main - INFO - REQUEST: OPTIONS http://localhost:8000/history/?limit=1000&environment_id=1
2026-02-01 09:00:42,945 - app.main - INFO - REQUEST: OPTIONS http://localhost:8000/history/?limit=1000&environment_id=1
2026-02-01 09:00:42,946 - app.main - INFO - RESPONSE: OPTIONS http://localhost:8000/history/?limit=1000&environment_id=1 - Status: 200
2026-02-01 09:00:42,948 - app.main - INFO - RESPONSE: OPTIONS http://localhost:8000/history/?limit=1000&environment_id=1 - Status: 200
2026-02-01 09:00:42,953 - app.main - INFO - REQUEST: GET http://localhost:8000/history/?limit=1000&environment_id=1
2026-02-01 09:00:43,045 - app.main - INFO - RESPONSE: GET http://localhost:8000/history/?limit=1000&environment_id=1 - Status: 200
2026-02-01 09:00:43,053 - app.main - INFO - REQUEST: GET http://localhost:8000/history/?limit=1000&environment_id=1
2026-02-01 09:00:43,111 - app.main - INFO - RESPONSE: GET http://localhost:8000/history/?limit=1000&environment_id=1 - Status: 200
2026-02-01 09:00:43,118 - app.main - INFO - REQUEST: GET http://localhost:8000/history/?limit=1000&environment_id=1
2026-02-01 09:00:43,182 - app.main - INFO - RESPONSE: GET http://localhost:8000/history/?limit=1000&environment_id=1 - Status: 200
2026-02-01 09:00:48,465 - app.main - INFO - REQUEST: GET http://localhost:8000/history/?schedule_id=8&limit=50
2026-02-01 09:00:48,482 - app.main - INFO - RESPONSE: GET http://localhost:8000/history/?schedule_id=8&limit=50 - Status: 200
2026-02-01 09:00:48,534 - app.main - INFO - REQUEST: GET http://localhost:8000/history/?limit=1000&environment_id=1
2026-02-01 09:00:48,562 - app.main - INFO - RESPONSE: GET http://localhost:8000/history/?limit=1000&environment_id=1 - Status: 200
2026-02-01 09:00:48,568 - app.main - INFO - REQUEST: GET http://localhost:8000/history/?limit=1000&environment_id=1
2026-02-01 09:00:48,608 - app.main - INFO - RESPONSE: GET http://localhost:8000/history/?limit=1000&environment_id=1 - Status: 200
2026-02-01 09:00:58,475 - app.main - INFO - REQUEST: GET http://localhost:8000/history/?schedule_id=7&limit=50
2026-02-01 09:00:58,482 - app.main - INFO - RESPONSE: GET http://localhost:8000/history/?schedule_id=7&limit=50 - Status: 200
2026-02-01 09:00:58,515 - app.main - INFO - REQUEST: GET http://localhost:8000/history/?limit=1000&environment_id=1
2026-02-01 09:00:58,531 - app.main - INFO - RESPONSE: GET http://localhost:8000/history/?limit=1000&environment_id=1 - Status: 200
2026-02-01 09:00:58,534 - app.main - INFO - REQUEST: GET http://localhost:8000/history/?limit=1000&environment_id=1
2026-02-01 09:00:58,561 - app.main - INFO - RESPONSE: GET http://localhost:8000/history/?limit=1000&environment_id=1 - Status: 200
2026-02-01 09:01:10,572 - app.main - INFO - REQUEST: OPTIONS http://localhost:8000/history/?schedule_id=6&limit=50
2026-02-01 09:01:10,573 - app.main - INFO - RESPONSE: OPTIONS http://localhost:8000/history/?schedule_id=6&limit=50 - Status: 200
2026-02-01 09:01:10,576 - app.main - INFO - REQUEST: GET http://localhost:8000/history/?schedule_id=6&limit=50
2026-02-01 09:01:10,592 - app.main - INFO - RESPONSE: GET http://localhost:8000/history/?schedule_id=6&limit=50 - Status: 200
2026-02-01 09:01:10,637 - app.main - INFO - REQUEST: OPTIONS http://localhost:8000/history/?limit=1000
2026-02-01 09:01:10,638 - app.main - INFO - RESPONSE: OPTIONS http://localhost:8000/history/?limit=1000 - Status: 200
2026-02-01 09:01:10,641 - app.main - INFO - REQUEST: OPTIONS http://localhost:8000/history/?limit=1000
2026-02-01 09:01:10,641 - app.main - INFO - RESPONSE: OPTIONS http://localhost:8000/history/?limit=1000 - Status: 200
2026-02-01 09:01:10,644 - app.main - INFO - REQUEST: GET http://localhost:8000/history/?limit=1000
2026-02-01 09:01:10,699 - app.main - INFO - RESPONSE: GET http://localhost:8000/history/?limit=1000 - Status: 200
2026-02-01 09:01:10,708 - app.main - INFO - REQUEST: GET http://localhost:8000/history/?limit=1000
2026-02-01 09:01:10,762 - app.main - INFO - RESPONSE: GET http://localhost:8000/history/?limit=1000 - Status: 200
2026-02-01 09:08:41,216 - app.main - INFO - REQUEST: OPTIONS http://localhost:8000/auth/profile
2026-02-01 09:08:41,217 - app.main - INFO - RESPONSE: OPTIONS http://localhost:8000/auth/profile - Status: 200
2026-02-01 09:08:41,234 - app.main - INFO - REQUEST: OPTIONS http://localhost:8000/products/
2026-02-01 09:08:41,235 - app.main - INFO - REQUEST: OPTIONS http://localhost:8000/auth/profile
2026-02-01 09:08:41,235 - app.main - INFO - REQUEST: OPTIONS http://localhost:8000/products/
2026-02-01 09:08:41,236 - app.main - INFO - RESPONSE: OPTIONS http://localhost:8000/products/ - Status: 200
2026-02-01 09:08:41,238 - app.main - INFO - RESPONSE: OPTIONS http://localhost:8000/auth/profile - Status: 200
2026-02-01 09:08:41,239 - app.main - INFO - RESPONSE: OPTIONS http://localhost:8000/products/ - Status: 200
2026-02-01 09:08:41,260 - app.main - INFO - REQUEST: GET http://localhost:8000/schedules/
2026-02-01 09:08:41,262 - app.main - INFO - REQUEST: OPTIONS http://localhost:8000/auth/profile
2026-02-01 09:08:41,264 - app.main - INFO - REQUEST: OPTIONS http://localhost:8000/auth/profile
2026-02-01 09:08:41,265 - app.main - INFO - RESPONSE: OPTIONS http://localhost:8000/auth/profile - Status: 200
2026-02-01 09:08:41,269 - app.main - INFO - RESPONSE: OPTIONS http://localhost:8000/auth/profile - Status: 200
2026-02-01 09:08:41,274 - app.main - INFO - REQUEST: GET http://localhost:8000/products/
2026-02-01 09:08:41,276 - app.main - INFO - REQUEST: GET http://localhost:8000/auth/profile
2026-02-01 09:08:41,313 - app.main - INFO - RESPONSE: GET http://localhost:8000/schedules/ - Status: 200
2026-02-01 09:08:41,324 - app.main - INFO - REQUEST: GET http://localhost:8000/schedules/
2026-02-01 09:08:41,325 - app.main - INFO - RESPONSE: GET http://localhost:8000/auth/profile - Status: 200
2026-02-01 09:08:41,340 - app.main - INFO - REQUEST: GET http://localhost:8000/auth/profile
2026-02-01 09:08:41,342 - app.main - INFO - RESPONSE: GET http://localhost:8000/products/ - Status: 200
2026-02-01 09:08:41,374 - app.main - INFO - REQUEST: GET http://localhost:8000/products/
2026-02-01 09:08:41,377 - app.main - INFO - RESPONSE: GET http://localhost:8000/auth/profile - Status: 200
2026-02-01 09:08:41,384 - app.main - INFO - RESPONSE: GET http://localhost:8000/schedules/ - Status: 200
2026-02-01 09:08:41,396 - app.main - INFO - RESPONSE: GET http://localhost:8000/products/ - Status: 200
2026-02-01 09:08:41,402 - app.main - INFO - REQUEST: GET http://localhost:8000/auth/profile
2026-02-01 09:08:41,413 - app.main - INFO - RESPONSE: GET http://localhost:8000/auth/profile - Status: 200
2026-02-01 09:08:41,418 - app.main - INFO - REQUEST: GET http://localhost:8000/auth/profile
2026-02-01 09:08:41,426 - app.main - INFO - RESPONSE: GET http://localhost:8000/auth/profile - Status: 200
2026-02-01 09:08:46,058 - app.main - INFO - REQUEST: GET http://localhost:8000/history/?schedule_id=7&limit=50
2026-02-01 09:08:46,075 - app.main - INFO - RESPONSE: GET http://localhost:8000/history/?schedule_id=7&limit=50 - Status: 200
2026-02-01 09:08:46,140 - app.main - INFO - REQUEST: GET http://localhost:8000/history/?limit=1000&environment_id=1
2026-02-01 09:08:46,241 - app.main - INFO - RESPONSE: GET http://localhost:8000/history/?limit=1000&environment_id=1 - Status: 200
2026-02-01 09:08:46,252 - app.main - INFO - REQUEST: GET http://localhost:8000/history/?limit=1000&environment_id=1
2026-02-01 09:08:46,380 - app.main - INFO - RESPONSE: GET http://localhost:8000/history/?limit=1000&environment_id=1 - Status: 200
2026-02-01 09:08:51,299 - app.main - INFO - REQUEST: OPTIONS http://localhost:8000/admin/users
2026-02-01 09:08:51,301 - app.main - INFO - REQUEST: OPTIONS http://localhost:8000/admin/users
2026-02-01 09:08:51,301 - app.main - INFO - RESPONSE: OPTIONS http://localhost:8000/admin/users - Status: 200
2026-02-01 09:08:51,303 - app.main - INFO - RESPONSE: OPTIONS http://localhost:8000/admin/users - Status: 200
2026-02-01 09:08:51,306 - app.main - INFO - REQUEST: GET http://localhost:8000/auth/profile
2026-02-01 09:08:51,307 - app.main - INFO - REQUEST: GET http://localhost:8000/admin/users
2026-02-01 09:08:51,323 - app.main - INFO - RESPONSE: GET http://localhost:8000/auth/profile - Status: 200
2026-02-01 09:08:51,331 - app.main - INFO - REQUEST: GET http://localhost:8000/auth/profile
2026-02-01 09:08:51,356 - app.main - INFO - RESPONSE: GET http://localhost:8000/auth/profile - Status: 200
2026-02-01 09:08:51,357 - app.main - INFO - RESPONSE: GET http://localhost:8000/admin/users - Status: 200
2026-02-01 09:08:51,361 - app.main - INFO - REQUEST: GET http://localhost:8000/admin/users
2026-02-01 09:08:51,373 - app.main - INFO - RESPONSE: GET http://localhost:8000/admin/users - Status: 200
2026-02-01 09:09:02,320 - app.main - INFO - REQUEST: OPTIONS http://localhost:8000/admin/users/2/approve
2026-02-01 09:09:02,322 - app.main - INFO - RESPONSE: OPTIONS http://localhost:8000/admin/users/2/approve - Status: 200
2026-02-01 09:09:02,326 - app.main - INFO - REQUEST: PUT http://localhost:8000/admin/users/2/approve
2026-02-01 09:09:02,349 - app.main - INFO - RESPONSE: PUT http://localhost:8000/admin/users/2/approve - Status: 200
2026-02-01 09:09:04,881 - app.main - INFO - REQUEST: GET http://localhost:8000/auth/profile
2026-02-01 09:09:04,883 - app.main - INFO - REQUEST: GET http://localhost:8000/schedules/
2026-02-01 09:09:04,886 - app.main - INFO - REQUEST: GET http://localhost:8000/products/
2026-02-01 09:09:04,912 - app.main - INFO - RESPONSE: GET http://localhost:8000/auth/profile - Status: 200
2026-02-01 09:09:04,919 - app.main - INFO - REQUEST: GET http://localhost:8000/auth/profile
2026-02-01 09:09:04,920 - app.main - INFO - RESPONSE: GET http://localhost:8000/schedules/ - Status: 200
2026-02-01 09:09:04,925 - app.main - INFO - RESPONSE: GET http://localhost:8000/products/ - Status: 200
2026-02-01 09:09:04,927 - app.main - INFO - REQUEST: GET http://localhost:8000/schedules/
2026-02-01 09:09:04,932 - app.main - INFO - REQUEST: GET http://localhost:8000/products/
2026-02-01 09:09:04,945 - app.main - INFO - RESPONSE: GET http://localhost:8000/auth/profile - Status: 200
2026-02-01 09:09:04,952 - app.main - INFO - REQUEST: GET http://localhost:8000/auth/profile
2026-02-01 09:09:04,964 - app.main - INFO - RESPONSE: GET http://localhost:8000/products/ - Status: 200
2026-02-01 09:09:04,966 - app.main - INFO - RESPONSE: GET http://localhost:8000/schedules/ - Status: 200
2026-02-01 09:09:04,975 - app.main - INFO - RESPONSE: GET http://localhost:8000/auth/profile - Status: 200
2026-02-01 09:09:04,980 - app.main - INFO - REQUEST: GET http://localhost:8000/auth/profile
2026-02-01 09:09:04,987 - app.main - INFO - RESPONSE: GET http://localhost:8000/auth/profile - Status: 200
2026-02-01 09:09:07,755 - app.main - INFO - REQUEST: OPTIONS http://localhost:8000/auth/logout
2026-02-01 09:09:07,756 - app.main - INFO - RESPONSE: OPTIONS http://localhost:8000/auth/logout - Status: 200
2026-02-01 09:09:07,759 - app.main - INFO - REQUEST: POST http://localhost:8000/auth/logout
2026-02-01 09:09:07,777 - app.routes.auth_routes - INFO - Token ae5e805d-aa61-475f-9025-3bc653a1e7e4 blacklisted for user mribelato@gmail.com
2026-02-01 09:09:07,778 - app.main - INFO - RESPONSE: POST http://localhost:8000/auth/logout - Status: 200
2026-02-01 09:09:17,790 - app.main - INFO - REQUEST: POST http://localhost:8000/auth/login
2026-02-01 09:09:17,798 - app.routes.auth_routes - INFO - === LOGIN REQUEST ===
2026-02-01 09:09:17,798 - app.routes.auth_routes - INFO - Username attempt: bruna.ribelato@gmail.com
2026-02-01 09:09:18,012 - app.routes.auth_routes - INFO - Login successful for user: bruna.ribelato@gmail.com
2026-02-01 09:09:18,012 - app.routes.auth_routes - INFO - Access token generated for: bruna.ribelato@gmail.com
2026-02-01 09:09:18,015 - app.main - INFO - RESPONSE: POST http://localhost:8000/auth/login - Status: 200
2026-02-01 09:09:18,075 - app.main - INFO - REQUEST: GET http://localhost:8000/auth/profile
2026-02-01 09:09:18,077 - app.main - INFO - REQUEST: GET http://localhost:8000/products/
2026-02-01 09:09:18,088 - app.main - INFO - RESPONSE: GET http://localhost:8000/auth/profile - Status: 200
2026-02-01 09:09:18,091 - app.main - INFO - REQUEST: GET http://localhost:8000/auth/profile
2026-02-01 09:09:18,093 - app.main - INFO - RESPONSE: GET http://localhost:8000/products/ - Status: 200
2026-02-01 09:09:18,097 - app.main - INFO - REQUEST: GET http://localhost:8000/products/
2026-02-01 09:09:18,104 - app.main - INFO - RESPONSE: GET http://localhost:8000/auth/profile - Status: 200
2026-02-01 09:09:18,107 - app.main - INFO - REQUEST: GET http://localhost:8000/auth/profile
2026-02-01 09:09:18,112 - app.main - INFO - RESPONSE: GET http://localhost:8000/products/ - Status: 200
2026-02-01 09:09:18,115 - app.main - INFO - RESPONSE: GET http://localhost:8000/auth/profile - Status: 200
2026-02-01 09:09:18,118 - app.main - INFO - REQUEST: GET http://localhost:8000/auth/profile
2026-02-01 09:09:18,123 - app.main - INFO - RESPONSE: GET http://localhost:8000/auth/profile - Status: 200
2026-02-01 09:09:23,979 - app.main - INFO - REQUEST: GET http://localhost:8000/auth/profile
2026-02-01 09:09:23,982 - app.main - INFO - REQUEST: GET http://localhost:8000/schedules/
2026-02-01 09:09:23,983 - app.main - INFO - REQUEST: GET http://localhost:8000/products/
2026-02-01 09:09:24,003 - app.main - INFO - RESPONSE: GET http://localhost:8000/auth/profile - Status: 200
2026-02-01 09:09:24,007 - app.main - INFO - REQUEST: GET http://localhost:8000/auth/profile
2026-02-01 09:09:24,017 - app.main - INFO - RESPONSE: GET http://localhost:8000/schedules/ - Status: 200
2026-02-01 09:09:24,019 - app.main - INFO - RESPONSE: GET http://localhost:8000/products/ - Status: 200
2026-02-01 09:09:24,022 - app.main - INFO - REQUEST: GET http://localhost:8000/schedules/
2026-02-01 09:09:24,023 - app.main - INFO - REQUEST: GET http://localhost:8000/products/
2026-02-01 09:09:24,024 - app.main - INFO - RESPONSE: GET http://localhost:8000/auth/profile - Status: 200
2026-02-01 09:09:24,026 - app.main - INFO - REQUEST: GET http://localhost:8000/auth/profile
2026-02-01 09:09:24,054 - app.main - INFO - RESPONSE: GET http://localhost:8000/auth/profile - Status: 200
2026-02-01 09:09:24,057 - app.main - INFO - RESPONSE: GET http://localhost:8000/products/ - Status: 200
2026-02-01 09:09:24,059 - app.main - INFO - REQUEST: GET http://localhost:8000/auth/profile
2026-02-01 09:09:24,060 - app.main - INFO - RESPONSE: GET http://localhost:8000/schedules/ - Status: 200
2026-02-01 09:09:24,069 - app.main - INFO - RESPONSE: GET http://localhost:8000/auth/profile - Status: 200
2026-02-01 09:09:25,661 - app.main - INFO - REQUEST: GET http://localhost:8000/history/?schedule_id=6&limit=50
2026-02-01 09:09:25,675 - app.main - INFO - RESPONSE: GET http://localhost:8000/history/?schedule_id=6&limit=50 - Status: 200
2026-02-01 09:09:25,729 - app.main - INFO - REQUEST: GET http://localhost:8000/history/?limit=1000
2026-02-01 09:09:25,762 - app.main - INFO - RESPONSE: GET http://localhost:8000/history/?limit=1000 - Status: 200
2026-02-01 09:09:25,766 - app.main - INFO - REQUEST: GET http://localhost:8000/history/?limit=1000
2026-02-01 09:09:25,819 - app.main - INFO - RESPONSE: GET http://localhost:8000/history/?limit=1000 - Status: 200
2026-02-01 09:09:42,785 - app.main - INFO - REQUEST: GET http://localhost:8000/history/?schedule_id=7&limit=50
2026-02-01 09:09:42,801 - app.main - INFO - RESPONSE: GET http://localhost:8000/history/?schedule_id=7&limit=50 - Status: 200
2026-02-01 09:09:42,839 - app.main - INFO - REQUEST: GET http://localhost:8000/history/?limit=1000&environment_id=1
2026-02-01 09:09:42,864 - app.main - INFO - RESPONSE: GET http://localhost:8000/history/?limit=1000&environment_id=1 - Status: 200
2026-02-01 09:09:42,872 - app.main - INFO - REQUEST: GET http://localhost:8000/history/?limit=1000&environment_id=1
2026-02-01 09:09:42,944 - app.main - INFO - RESPONSE: GET http://localhost:8000/history/?limit=1000&environment_id=1 - Status: 200
2026-02-01 09:10:03,514 - app.main - INFO - REQUEST: GET http://localhost:8000/history/?schedule_id=8&limit=50
2026-02-01 09:10:03,529 - app.main - INFO - RESPONSE: GET http://localhost:8000/history/?schedule_id=8&limit=50 - Status: 200
2026-02-01 09:10:03,569 - app.main - INFO - REQUEST: GET http://localhost:8000/history/?limit=1000&environment_id=1
2026-02-01 09:10:03,596 - app.main - INFO - RESPONSE: GET http://localhost:8000/history/?limit=1000&environment_id=1 - Status: 200
2026-02-01 09:10:03,599 - app.main - INFO - REQUEST: GET http://localhost:8000/history/?limit=1000&environment_id=1
2026-02-01 09:10:03,646 - app.main - INFO - RESPONSE: GET http://localhost:8000/history/?limit=1000&environment_id=1 - Status: 200
2026-02-01 09:11:12,004 - app.main - INFO - REQUEST: OPTIONS http://localhost:8000/history/?schedule_id=5&limit=50
2026-02-01 09:11:12,006 - app.main - INFO - RESPONSE: OPTIONS http://localhost:8000/history/?schedule_id=5&limit=50 - Status: 200
2026-02-01 09:11:12,012 - app.main - INFO - REQUEST: GET http://localhost:8000/history/?schedule_id=5&limit=50
2026-02-01 09:11:12,036 - app.main - INFO - RESPONSE: GET http://localhost:8000/history/?schedule_id=5&limit=50 - Status: 200
2026-02-01 09:11:12,075 - app.main - INFO - REQUEST: OPTIONS http://localhost:8000/history/?limit=1000
2026-02-01 09:11:12,076 - app.main - INFO - RESPONSE: OPTIONS http://localhost:8000/history/?limit=1000 - Status: 200
2026-02-01 09:11:12,079 - app.main - INFO - REQUEST: OPTIONS http://localhost:8000/history/?limit=1000
2026-02-01 09:11:12,080 - app.main - INFO - RESPONSE: OPTIONS http://localhost:8000/history/?limit=1000 - Status: 200
2026-02-01 09:11:12,082 - app.main - INFO - REQUEST: GET http://localhost:8000/history/?limit=1000
2026-02-01 09:11:12,125 - app.main - INFO - RESPONSE: GET http://localhost:8000/history/?limit=1000 - Status: 200
2026-02-01 09:11:12,129 - app.main - INFO - REQUEST: GET http://localhost:8000/history/?limit=1000
2026-02-01 09:11:12,166 - app.main - INFO - RESPONSE: GET http://localhost:8000/history/?limit=1000 - Status: 200
2026-02-01 09:11:52,046 - app.main - INFO - REQUEST: OPTIONS http://localhost:8000/features/?product_id=1
2026-02-01 09:11:52,047 - app.main - INFO - RESPONSE: OPTIONS http://localhost:8000/features/?product_id=1 - Status: 200
2026-02-01 09:11:52,052 - app.main - INFO - REQUEST: GET http://localhost:8000/features/?product_id=1
2026-02-01 09:11:52,081 - app.main - INFO - RESPONSE: GET http://localhost:8000/features/?product_id=1 - Status: 200
2026-02-01 09:11:53,845 - app.main - INFO - REQUEST: OPTIONS http://localhost:8000/schedules/
2026-02-01 09:11:53,846 - app.main - INFO - RESPONSE: OPTIONS http://localhost:8000/schedules/ - Status: 200
2026-02-01 09:11:53,848 - app.main - INFO - REQUEST: POST http://localhost:8000/schedules/
2026-02-01 09:11:53,882 - apscheduler.scheduler - INFO - Added job "execute_job" to job store "default"
2026-02-01 09:11:53,892 - app.main - INFO - RESPONSE: POST http://localhost:8000/schedules/ - Status: 200
2026-02-01 09:11:53,901 - app.main - INFO - REQUEST: GET http://localhost:8000/schedules/
2026-02-01 09:11:53,913 - app.main - INFO - RESPONSE: GET http://localhost:8000/schedules/ - Status: 200
2026-02-01 09:12:00,009 - apscheduler.scheduler - INFO - Removed job 9
2026-02-01 09:12:00,010 - apscheduler.executors.default - INFO - Running job "execute_job (trigger: date[2026-02-01 09:12:00 -03], next run at: 2026-02-01 09:12:00 -03)" (scheduled at 2026-02-01 09:12:00-03:00)
2026-02-01 09:12:00,011 - app.services.scheduler_service - INFO - Executing scheduled job: 9
2026-02-01 09:12:00,371 - app.services.scheduler_service - INFO - 🚀 Running Scheduled Suite (Product) 1 in Env None
2026-02-01 09:12:00,386 - app.services.scheduler_service - INFO -   📂 Processing Feature: Login (ID: 1)
2026-02-01 09:12:00,455 - app.services.scheduler_service - INFO -    ► Executing Flow: Fluxo Principal (ID: 1) - 4 cards
2026-02-01 09:12:00,455 - app.services.scheduler_service - INFO -       Running Node: Login (1 calls)
2026-02-01 09:12:00,501 - app.main - INFO - REQUEST: POST http://127.0.0.1:8000/auth/login
2026-02-01 09:12:00,506 - app.routes.auth_routes - INFO - === LOGIN REQUEST ===
2026-02-01 09:12:00,506 - app.routes.auth_routes - INFO - Username attempt: mribelato@gmail.com
2026-02-01 09:12:00,662 - app.routes.auth_routes - INFO - Login successful for user: mribelato@gmail.com
2026-02-01 09:12:00,663 - app.routes.auth_routes - INFO - Access token generated for: mribelato@gmail.com
2026-02-01 09:12:00,666 - app.main - INFO - RESPONSE: POST http://127.0.0.1:8000/auth/login - Status: 200
2026-02-01 09:12:00,668 - app.services.scheduler_service - INFO -       Evaluating 3 assertions...
2026-02-01 09:12:00,670 - app.services.scheduler_service - INFO -       Processing 1 extraction rules...
2026-02-01 09:12:00,671 - app.services.scheduler_service - INFO -       ✅ Extracted: TOKEN = eyJhbGciOiJIUzI1NiIsInR5cCI6IkpXVCJ9.eyJzdWIiOiJtcmliZWxhdG9AZ21haWwuY29tIiwidmVyc2lvbiI6MSwiZXhwIjoxNzcwMDM0MzIwLCJqdGkiOiI3ZmY1ZTc0ZS1hZDdkLTQ5YTAtOTM0Yy1iMzNhNGVmMGFmYTgifQ.qZMhUYCQIJOqecLqIfOGVHgQnkIuI9aqb9HTimExL_0
2026-02-01 09:12:00,671 - app.services.scheduler_service - INFO - 💾 Saving history for Schedule 9, User 2
2026-02-01 09:12:00,689 - app.services.scheduler_service - INFO -       -> POST http://127.0.0.1:8000/auth/login [200]
2026-02-01 09:12:00,689 - app.services.scheduler_service - INFO -       Running Node: Profile  (1 calls)
2026-02-01 09:12:00,692 - app.main - INFO - REQUEST: GET http://127.0.0.1:8000/auth/profile
2026-02-01 09:12:00,698 - app.main - INFO - RESPONSE: GET http://127.0.0.1:8000/auth/profile - Status: 200
2026-02-01 09:12:00,700 - app.services.scheduler_service - INFO -       Evaluating 1 assertions...
2026-02-01 09:12:00,704 - app.services.scheduler_service - INFO - 💾 Saving history for Schedule 9, User 2
2026-02-01 09:12:00,713 - app.services.scheduler_service - INFO -       -> GET http://127.0.0.1:8000/auth/profile [200]
2026-02-01 09:12:00,714 - app.services.scheduler_service - INFO -       Running Node: Logout (1 calls)
2026-02-01 09:12:00,717 - app.main - INFO - REQUEST: POST http://127.0.0.1:8000/auth/logout
2026-02-01 09:12:00,730 - app.routes.auth_routes - INFO - Token 7ff5e74e-ad7d-49a0-934c-b33a4ef0afa8 blacklisted for user mribelato@gmail.com
2026-02-01 09:12:00,731 - app.main - INFO - RESPONSE: POST http://127.0.0.1:8000/auth/logout - Status: 200
2026-02-01 09:12:00,735 - app.services.scheduler_service - INFO - 💾 Saving history for Schedule 9, User 2
2026-02-01 09:12:00,743 - app.services.scheduler_service - INFO -       -> POST http://127.0.0.1:8000/auth/logout [200]
2026-02-01 09:12:00,743 - app.services.scheduler_service - INFO -       Running Node: Profile após logaout(Acesso Negado) (1 calls)
2026-02-01 09:12:00,746 - app.main - INFO - REQUEST: GET http://127.0.0.1:8000/auth/profile
2026-02-01 09:12:00,752 - app.main - INFO - RESPONSE: GET http://127.0.0.1:8000/auth/profile - Status: 401
2026-02-01 09:12:00,754 - app.services.scheduler_service - INFO -       Evaluating 1 assertions...
2026-02-01 09:12:00,757 - app.services.scheduler_service - INFO - 💾 Saving history for Schedule 9, User 2
2026-02-01 09:12:00,766 - app.services.scheduler_service - INFO -       -> GET http://127.0.0.1:8000/auth/profile [401]
2026-02-01 09:12:00,770 - app.services.scheduler_service - INFO -   📂 Processing Feature: Produtos (ID: 2)
2026-02-01 09:12:00,780 - app.services.scheduler_service - INFO -    ► Executing Flow: Fluxo Principal (ID: 2) - 0 cards
2026-02-01 09:12:00,781 - app.services.scheduler_service - INFO - Suite execution completed. Success: 2, Fail: 0. Status: success
2026-02-01 09:12:00,786 - apscheduler.executors.default - INFO - Job "execute_job (trigger: date[2026-02-01 09:12:00 -03], next run at: 2026-02-01 09:12:00 -03)" executed successfully
2026-02-01 09:12:10,337 - app.main - INFO - REQUEST: OPTIONS http://localhost:8000/history/?schedule_id=9&limit=50
2026-02-01 09:12:10,338 - app.main - INFO - RESPONSE: OPTIONS http://localhost:8000/history/?schedule_id=9&limit=50 - Status: 200
2026-02-01 09:12:10,342 - app.main - INFO - REQUEST: GET http://localhost:8000/history/?schedule_id=9&limit=50
2026-02-01 09:12:10,356 - app.main - INFO - RESPONSE: GET http://localhost:8000/history/?schedule_id=9&limit=50 - Status: 200
2026-02-01 09:12:10,435 - app.main - INFO - REQUEST: GET http://localhost:8000/history/?limit=1000
2026-02-01 09:12:10,467 - app.main - INFO - RESPONSE: GET http://localhost:8000/history/?limit=1000 - Status: 200
2026-02-01 09:12:10,473 - app.main - INFO - REQUEST: GET http://localhost:8000/history/?limit=1000
2026-02-01 09:12:10,513 - app.main - INFO - RESPONSE: GET http://localhost:8000/history/?limit=1000 - Status: 200
2026-02-01 09:12:38,198 - app.main - INFO - REQUEST: GET http://localhost:8000/auth/profile
2026-02-01 09:12:38,201 - app.main - INFO - REQUEST: GET http://localhost:8000/products/
2026-02-01 09:12:38,232 - app.main - INFO - RESPONSE: GET http://localhost:8000/auth/profile - Status: 200
2026-02-01 09:12:38,236 - app.main - INFO - RESPONSE: GET http://localhost:8000/products/ - Status: 200
2026-02-01 09:12:38,245 - app.main - INFO - REQUEST: GET http://localhost:8000/auth/profile
2026-02-01 09:12:38,249 - app.main - INFO - REQUEST: GET http://localhost:8000/products/
2026-02-01 09:12:38,284 - app.main - INFO - RESPONSE: GET http://localhost:8000/auth/profile - Status: 200
2026-02-01 09:12:38,295 - app.main - INFO - RESPONSE: GET http://localhost:8000/products/ - Status: 200
2026-02-01 09:12:38,298 - app.main - INFO - REQUEST: GET http://localhost:8000/auth/profile
2026-02-01 09:12:38,312 - app.main - INFO - RESPONSE: GET http://localhost:8000/auth/profile - Status: 200
2026-02-01 09:12:38,317 - app.main - INFO - REQUEST: GET http://localhost:8000/auth/profile
2026-02-01 09:12:38,325 - app.main - INFO - RESPONSE: GET http://localhost:8000/auth/profile - Status: 200
2026-02-01 09:12:39,494 - app.main - INFO - REQUEST: GET http://localhost:8000/auth/profile
2026-02-01 09:12:39,497 - app.main - INFO - REQUEST: GET http://localhost:8000/features/?product_id=1
2026-02-01 09:12:39,514 - app.main - INFO - RESPONSE: GET http://localhost:8000/auth/profile - Status: 200
2026-02-01 09:12:39,519 - app.main - INFO - REQUEST: GET http://localhost:8000/auth/profile
2026-02-01 09:12:39,525 - app.main - INFO - RESPONSE: GET http://localhost:8000/features/?product_id=1 - Status: 200
2026-02-01 09:12:39,531 - app.main - INFO - REQUEST: GET http://localhost:8000/features/?product_id=1
2026-02-01 09:12:39,534 - app.main - INFO - REQUEST: OPTIONS http://localhost:8000/environments?project_id=1
2026-02-01 09:12:39,535 - app.main - INFO - RESPONSE: OPTIONS http://localhost:8000/environments?project_id=1 - Status: 200
2026-02-01 09:12:39,540 - app.main - INFO - RESPONSE: GET http://localhost:8000/auth/profile - Status: 200
2026-02-01 09:12:39,544 - app.main - INFO - REQUEST: GET http://localhost:8000/environments?project_id=1
2026-02-01 09:12:39,552 - app.main - INFO - REQUEST: GET http://localhost:8000/auth/profile
2026-02-01 09:12:39,568 - app.main - INFO - RESPONSE: GET http://localhost:8000/features/?product_id=1 - Status: 200
2026-02-01 09:12:39,571 - app.main - INFO - RESPONSE: GET http://localhost:8000/auth/profile - Status: 200
2026-02-01 09:12:39,577 - app.main - INFO - REQUEST: GET http://localhost:8000/auth/profile
2026-02-01 09:12:39,580 - app.main - INFO - RESPONSE: GET http://localhost:8000/environments?project_id=1 - Status: 200
2026-02-01 09:12:39,586 - app.main - INFO - REQUEST: GET http://localhost:8000/environments?project_id=1
2026-02-01 09:12:39,595 - app.main - INFO - RESPONSE: GET http://localhost:8000/auth/profile - Status: 200
2026-02-01 09:12:39,601 - app.main - INFO - RESPONSE: GET http://localhost:8000/environments?project_id=1 - Status: 200
2026-02-01 09:12:40,657 - app.main - INFO - REQUEST: OPTIONS http://localhost:8000/flow/load/1
2026-02-01 09:12:40,659 - app.main - INFO - REQUEST: OPTIONS http://localhost:8000/flow/load/1
2026-02-01 09:12:40,659 - app.main - INFO - REQUEST: GET http://localhost:8000/auth/profile
2026-02-01 09:12:40,660 - app.main - INFO - RESPONSE: OPTIONS http://localhost:8000/flow/load/1 - Status: 200
2026-02-01 09:12:40,661 - app.main - INFO - RESPONSE: OPTIONS http://localhost:8000/flow/load/1 - Status: 200
2026-02-01 09:12:40,663 - app.main - INFO - REQUEST: GET http://localhost:8000/flow/load/1
2026-02-01 09:12:40,674 - app.main - INFO - RESPONSE: GET http://localhost:8000/auth/profile - Status: 200
2026-02-01 09:12:40,679 - app.main - INFO - REQUEST: GET http://localhost:8000/auth/profile
2026-02-01 09:12:40,693 - app.main - INFO - RESPONSE: GET http://localhost:8000/flow/load/1 - Status: 200
2026-02-01 09:12:40,696 - app.main - INFO - RESPONSE: GET http://localhost:8000/auth/profile - Status: 200
2026-02-01 09:12:40,698 - app.main - INFO - REQUEST: GET http://localhost:8000/flow/load/1
2026-02-01 09:12:40,699 - app.main - INFO - REQUEST: GET http://localhost:8000/auth/profile
2026-02-01 09:12:40,708 - app.main - INFO - RESPONSE: GET http://localhost:8000/auth/profile - Status: 200
2026-02-01 09:12:40,711 - app.main - INFO - REQUEST: GET http://localhost:8000/auth/profile
2026-02-01 09:12:40,717 - app.main - INFO - RESPONSE: GET http://localhost:8000/auth/profile - Status: 200
2026-02-01 09:12:40,732 - app.main - INFO - RESPONSE: GET http://localhost:8000/flow/load/1 - Status: 200
2026-02-01 09:12:44,159 - app.main - INFO - REQUEST: OPTIONS http://localhost:8000/variables/?project_id=1&flow_id=1
2026-02-01 09:12:44,161 - app.main - INFO - REQUEST: OPTIONS http://localhost:8000/variables/?project_id=1&flow_id=1
2026-02-01 09:12:44,162 - app.main - INFO - RESPONSE: OPTIONS http://localhost:8000/variables/?project_id=1&flow_id=1 - Status: 200
2026-02-01 09:12:44,164 - app.main - INFO - REQUEST: GET http://localhost:8000/environments?project_id=1
2026-02-01 09:12:44,166 - app.main - INFO - RESPONSE: OPTIONS http://localhost:8000/variables/?project_id=1&flow_id=1 - Status: 200
2026-02-01 09:12:44,169 - app.main - INFO - REQUEST: GET http://localhost:8000/variables/?project_id=1&flow_id=1
2026-02-01 09:12:44,172 - app.main - INFO - RESPONSE: GET http://localhost:8000/variables/?project_id=1&flow_id=1 - Status: 307
2026-02-01 09:12:44,176 - app.main - INFO - REQUEST: GET http://localhost:8000/variables/?project_id=1&flow_id=1
2026-02-01 09:12:44,178 - app.main - INFO - REQUEST: OPTIONS http://localhost:8000/variables?project_id=1&flow_id=1
2026-02-01 09:12:44,179 - app.main - INFO - RESPONSE: GET http://localhost:8000/variables/?project_id=1&flow_id=1 - Status: 307
2026-02-01 09:12:44,181 - app.main - INFO - RESPONSE: OPTIONS http://localhost:8000/variables?project_id=1&flow_id=1 - Status: 200
2026-02-01 09:12:44,185 - app.main - INFO - REQUEST: GET http://localhost:8000/variables?project_id=1&flow_id=1
2026-02-01 09:12:44,193 - app.main - INFO - RESPONSE: GET http://localhost:8000/environments?project_id=1 - Status: 200
2026-02-01 09:12:44,198 - app.main - INFO - REQUEST: GET http://localhost:8000/environments?project_id=1
2026-02-01 09:12:44,206 - app.main - INFO - RESPONSE: GET http://localhost:8000/environments?project_id=1 - Status: 200
2026-02-01 09:12:44,207 - app.main - INFO - RESPONSE: GET http://localhost:8000/variables?project_id=1&flow_id=1 - Status: 200
2026-02-01 09:12:44,210 - app.main - INFO - REQUEST: GET http://localhost:8000/variables/?project_id=1&flow_id=1
2026-02-01 09:12:44,212 - app.main - INFO - REQUEST: GET http://localhost:8000/variables?project_id=1&flow_id=1
2026-02-01 09:12:44,213 - app.main - INFO - RESPONSE: GET http://localhost:8000/variables/?project_id=1&flow_id=1 - Status: 307
2026-02-01 09:12:44,219 - app.main - INFO - RESPONSE: GET http://localhost:8000/variables?project_id=1&flow_id=1 - Status: 200
2026-02-01 09:12:44,224 - app.main - INFO - REQUEST: GET http://localhost:8000/variables?project_id=1&flow_id=1
2026-02-01 09:12:44,230 - app.main - INFO - RESPONSE: GET http://localhost:8000/variables?project_id=1&flow_id=1 - Status: 200
2026-02-01 09:12:44,232 - app.main - INFO - REQUEST: GET http://localhost:8000/variables/?project_id=1&flow_id=1
2026-02-01 09:12:44,233 - app.main - INFO - RESPONSE: GET http://localhost:8000/variables/?project_id=1&flow_id=1 - Status: 307
2026-02-01 09:12:44,235 - app.main - INFO - REQUEST: OPTIONS http://localhost:8000/variables/?project_id=1&flow_id=1&environment_id=1
2026-02-01 09:12:44,237 - app.main - INFO - RESPONSE: OPTIONS http://localhost:8000/variables/?project_id=1&flow_id=1&environment_id=1 - Status: 200
2026-02-01 09:12:44,239 - app.main - INFO - REQUEST: GET http://localhost:8000/variables?project_id=1&flow_id=1
2026-02-01 09:12:44,241 - app.main - INFO - REQUEST: GET http://localhost:8000/variables/?project_id=1&flow_id=1&environment_id=1
2026-02-01 09:12:44,243 - app.main - INFO - RESPONSE: GET http://localhost:8000/variables/?project_id=1&flow_id=1&environment_id=1 - Status: 307
2026-02-01 09:12:44,247 - app.main - INFO - REQUEST: OPTIONS http://localhost:8000/variables?project_id=1&flow_id=1&environment_id=1
2026-02-01 09:12:44,247 - app.main - INFO - RESPONSE: OPTIONS http://localhost:8000/variables?project_id=1&flow_id=1&environment_id=1 - Status: 200
2026-02-01 09:12:44,250 - app.main - INFO - REQUEST: GET http://localhost:8000/variables?project_id=1&flow_id=1&environment_id=1
2026-02-01 09:12:44,257 - app.main - INFO - RESPONSE: GET http://localhost:8000/variables?project_id=1&flow_id=1 - Status: 200
2026-02-01 09:12:44,264 - app.main - INFO - RESPONSE: GET http://localhost:8000/variables?project_id=1&flow_id=1&environment_id=1 - Status: 200
2026-02-01 09:12:44,266 - app.main - INFO - REQUEST: GET http://localhost:8000/variables/?project_id=1&flow_id=1&environment_id=1
2026-02-01 09:12:44,267 - app.main - INFO - RESPONSE: GET http://localhost:8000/variables/?project_id=1&flow_id=1&environment_id=1 - Status: 307
2026-02-01 09:12:44,278 - app.main - INFO - REQUEST: GET http://localhost:8000/variables?project_id=1&flow_id=1&environment_id=1
2026-02-01 09:12:44,284 - app.main - INFO - RESPONSE: GET http://localhost:8000/variables?project_id=1&flow_id=1&environment_id=1 - Status: 200
2026-02-01 09:12:44,408 - app.main - INFO - REQUEST: OPTIONS http://localhost:8000/flow/save
2026-02-01 09:12:44,409 - app.main - INFO - RESPONSE: OPTIONS http://localhost:8000/flow/save - Status: 200
2026-02-01 09:12:44,413 - app.main - INFO - REQUEST: POST http://localhost:8000/flow/save
2026-02-01 09:12:44,428 - app.main - INFO - RESPONSE: POST http://localhost:8000/flow/save - Status: 403
2026-02-01 09:12:46,238 - app.main - INFO - REQUEST: OPTIONS http://localhost:8000/history/?flow_id=1&project_id=1&page=1&limit=50&sort_by=created_at&order=desc&_=1769947966234
2026-02-01 09:12:46,239 - app.main - INFO - REQUEST: OPTIONS http://localhost:8000/history/?flow_id=1&project_id=1&page=1&limit=50&sort_by=created_at&order=desc&_=1769947966235
2026-02-01 09:12:46,239 - app.main - INFO - RESPONSE: OPTIONS http://localhost:8000/history/?flow_id=1&project_id=1&page=1&limit=50&sort_by=created_at&order=desc&_=1769947966234 - Status: 200
2026-02-01 09:12:46,240 - app.main - INFO - RESPONSE: OPTIONS http://localhost:8000/history/?flow_id=1&project_id=1&page=1&limit=50&sort_by=created_at&order=desc&_=1769947966235 - Status: 200
2026-02-01 09:12:46,242 - app.main - INFO - REQUEST: GET http://localhost:8000/history/?flow_id=1&project_id=1&page=1&limit=50&sort_by=created_at&order=desc&_=1769947966234
2026-02-01 09:12:46,243 - app.main - INFO - REQUEST: GET http://localhost:8000/history/?flow_id=1&project_id=1&page=1&limit=50&sort_by=created_at&order=desc&_=1769947966235
2026-02-01 09:12:46,278 - app.main - INFO - RESPONSE: GET http://localhost:8000/history/?flow_id=1&project_id=1&page=1&limit=50&sort_by=created_at&order=desc&_=1769947966235 - Status: 200
2026-02-01 09:12:46,279 - app.main - INFO - RESPONSE: GET http://localhost:8000/history/?flow_id=1&project_id=1&page=1&limit=50&sort_by=created_at&order=desc&_=1769947966234 - Status: 200
2026-02-01 09:13:14,707 - app.main - INFO - REQUEST: GET http://localhost:8000/auth/profile
2026-02-01 09:13:14,719 - app.main - INFO - RESPONSE: GET http://localhost:8000/auth/profile - Status: 200
2026-02-01 09:13:14,724 - app.main - INFO - REQUEST: GET http://localhost:8000/flow/load/1
2026-02-01 09:13:14,774 - app.main - INFO - RESPONSE: GET http://localhost:8000/flow/load/1 - Status: 200
2026-02-01 09:13:14,779 - app.main - INFO - REQUEST: GET http://localhost:8000/auth/profile
2026-02-01 09:13:14,788 - app.main - INFO - RESPONSE: GET http://localhost:8000/auth/profile - Status: 200
2026-02-01 09:13:14,793 - app.main - INFO - REQUEST: GET http://localhost:8000/flow/load/1
2026-02-01 09:13:14,814 - app.main - INFO - RESPONSE: GET http://localhost:8000/flow/load/1 - Status: 200
2026-02-01 09:13:14,819 - app.main - INFO - REQUEST: GET http://localhost:8000/auth/profile
2026-02-01 09:13:14,827 - app.main - INFO - RESPONSE: GET http://localhost:8000/auth/profile - Status: 200
2026-02-01 09:13:14,830 - app.main - INFO - REQUEST: GET http://localhost:8000/auth/profile
2026-02-01 09:13:14,839 - app.main - INFO - RESPONSE: GET http://localhost:8000/auth/profile - Status: 200
2026-02-01 09:13:16,730 - app.main - INFO - REQUEST: GET http://localhost:8000/environments?project_id=1
2026-02-01 09:13:16,737 - app.main - INFO - RESPONSE: GET http://localhost:8000/environments?project_id=1 - Status: 200
2026-02-01 09:13:17,933 - app.main - INFO - REQUEST: OPTIONS http://localhost:8000/variables/?project_id=1&environment_id=1
2026-02-01 09:13:17,936 - app.main - INFO - RESPONSE: OPTIONS http://localhost:8000/variables/?project_id=1&environment_id=1 - Status: 200
2026-02-01 09:13:17,941 - app.main - INFO - REQUEST: GET http://localhost:8000/variables/?project_id=1&environment_id=1
2026-02-01 09:13:17,942 - app.main - INFO - RESPONSE: GET http://localhost:8000/variables/?project_id=1&environment_id=1 - Status: 307
2026-02-01 09:13:17,947 - app.main - INFO - REQUEST: OPTIONS http://localhost:8000/variables?project_id=1&environment_id=1
2026-02-01 09:13:17,948 - app.main - INFO - RESPONSE: OPTIONS http://localhost:8000/variables?project_id=1&environment_id=1 - Status: 200
2026-02-01 09:13:17,954 - app.main - INFO - REQUEST: GET http://localhost:8000/variables?project_id=1&environment_id=1
2026-02-01 09:13:17,963 - app.main - INFO - RESPONSE: GET http://localhost:8000/variables?project_id=1&environment_id=1 - Status: 200
2026-02-01 09:13:18,493 - app.main - INFO - REQUEST: POST http://localhost:8000/auth/login
2026-02-01 09:13:18,504 - app.routes.auth_routes - INFO - === LOGIN REQUEST ===
2026-02-01 09:13:18,505 - app.routes.auth_routes - INFO - Username attempt: mribelato@gmail.com
2026-02-01 09:13:18,761 - app.routes.auth_routes - INFO - Login successful for user: mribelato@gmail.com
2026-02-01 09:13:18,762 - app.routes.auth_routes - INFO - Access token generated for: mribelato@gmail.com
2026-02-01 09:13:18,763 - app.main - INFO - RESPONSE: POST http://localhost:8000/auth/login - Status: 200
2026-02-01 09:13:18,773 - app.main - INFO - REQUEST: OPTIONS http://localhost:8000/history/
2026-02-01 09:13:18,774 - app.main - INFO - RESPONSE: OPTIONS http://localhost:8000/history/ - Status: 200
2026-02-01 09:13:18,777 - app.main - INFO - REQUEST: POST http://localhost:8000/history/
2026-02-01 09:13:18,811 - app.main - INFO - RESPONSE: POST http://localhost:8000/history/ - Status: 201
2026-02-01 09:13:18,819 - app.main - INFO - REQUEST: OPTIONS http://localhost:8000/variables/2
2026-02-01 09:13:18,820 - app.main - INFO - RESPONSE: OPTIONS http://localhost:8000/variables/2 - Status: 200
2026-02-01 09:13:18,824 - app.main - INFO - REQUEST: PUT http://localhost:8000/variables/2
2026-02-01 09:13:18,845 - app.main - INFO - RESPONSE: PUT http://localhost:8000/variables/2 - Status: 200
2026-02-01 09:13:19,360 - app.main - INFO - REQUEST: GET http://localhost:8000/auth/profile
2026-02-01 09:13:19,376 - app.main - INFO - RESPONSE: GET http://localhost:8000/auth/profile - Status: 200
2026-02-01 09:13:19,391 - app.main - INFO - REQUEST: POST http://localhost:8000/history/
2026-02-01 09:13:19,441 - app.main - INFO - RESPONSE: POST http://localhost:8000/history/ - Status: 201
2026-02-01 09:13:19,956 - app.main - INFO - REQUEST: POST http://localhost:8000/auth/logout
2026-02-01 09:13:19,985 - app.routes.auth_routes - INFO - Token 189b150b-72c3-4f3d-955f-09df43a928f8 blacklisted for user mribelato@gmail.com
2026-02-01 09:13:19,987 - app.main - INFO - RESPONSE: POST http://localhost:8000/auth/logout - Status: 200
2026-02-01 09:13:19,998 - app.main - INFO - REQUEST: POST http://localhost:8000/history/
2026-02-01 09:13:20,054 - app.main - INFO - RESPONSE: POST http://localhost:8000/history/ - Status: 201
2026-02-01 09:13:20,573 - app.main - INFO - REQUEST: GET http://localhost:8000/auth/profile
2026-02-01 09:13:20,588 - app.main - INFO - RESPONSE: GET http://localhost:8000/auth/profile - Status: 401
2026-02-01 09:13:20,601 - app.main - INFO - REQUEST: POST http://localhost:8000/history/
2026-02-01 09:13:20,651 - app.main - INFO - RESPONSE: POST http://localhost:8000/history/ - Status: 201
2026-02-01 09:13:20,866 - app.main - INFO - REQUEST: OPTIONS http://localhost:8000/history/?limit=1000&environment_id=1
2026-02-01 09:13:20,870 - app.main - INFO - REQUEST: OPTIONS http://localhost:8000/history/?limit=1000&environment_id=1
2026-02-01 09:13:20,872 - app.main - INFO - RESPONSE: OPTIONS http://localhost:8000/history/?limit=1000&environment_id=1 - Status: 200
2026-02-01 09:13:20,876 - app.main - INFO - RESPONSE: OPTIONS http://localhost:8000/history/?limit=1000&environment_id=1 - Status: 200
2026-02-01 09:13:20,881 - app.main - INFO - REQUEST: GET http://localhost:8000/history/?limit=1000&environment_id=1
2026-02-01 09:13:20,941 - app.main - INFO - RESPONSE: GET http://localhost:8000/history/?limit=1000&environment_id=1 - Status: 200
2026-02-01 09:13:20,945 - app.main - INFO - REQUEST: GET http://localhost:8000/history/?limit=1000&environment_id=1
2026-02-01 09:13:20,986 - app.main - INFO - RESPONSE: GET http://localhost:8000/history/?limit=1000&environment_id=1 - Status: 200
2026-02-01 09:18:35,100 - app.main - INFO - Desligando aplicação...
2026-02-01 09:18:43,355 - app - INFO - Logging configured successfully.
2026-02-01 09:18:43,821 - app - INFO - Logging configured successfully.
2026-02-01 09:18:44,000 - app.main - INFO - === INICIANDO API QA-WORKFLOW ===
2026-02-01 09:18:44,221 - app.main - INFO - Tabelas verificadas/criadas com sucesso
2026-02-01 09:18:44,221 - app.main - INFO - Iniciando scheduler...
2026-02-01 09:18:44,259 - apscheduler.scheduler - INFO - Scheduler started
2026-02-01 09:18:44,260 - app.services.scheduler_service - INFO - APScheduler started
2026-02-01 09:18:44,357 - apscheduler.scheduler - INFO - Added job "execute_job" to job store "default"
2026-02-01 09:18:44,364 - apscheduler.executors.default - WARNING - Run time of job "execute_job (trigger: date[2026-01-30 12:44:00 -03], next run at: 2026-01-30 12:44:00 -03)" was missed by 1 day, 20:34:44.364304
2026-02-01 09:18:44,365 - apscheduler.scheduler - INFO - Removed job 5
2026-02-01 09:18:44,379 - apscheduler.scheduler - INFO - Added job "execute_job" to job store "default"
2026-02-01 09:18:44,388 - apscheduler.scheduler - INFO - Added job "execute_job" to job store "default"
2026-02-01 09:18:44,395 - apscheduler.scheduler - INFO - Added job "execute_job" to job store "default"
2026-02-01 09:18:44,403 - apscheduler.scheduler - INFO - Added job "execute_job" to job store "default"
2026-02-01 09:18:44,405 - apscheduler.scheduler - INFO - Removed job 9
2026-02-01 09:18:44,405 - apscheduler.executors.default - WARNING - Run time of job "execute_job (trigger: date[2026-02-01 09:12:00 -03], next run at: 2026-02-01 09:12:00 -03)" was missed by 0:06:44.405478
2026-02-01 09:23:36,014 - app.main - INFO - Desligando aplicação...
2026-02-01 09:23:38,924 - app - INFO - Logging configured successfully.
2026-02-01 09:23:39,191 - app - INFO - Logging configured successfully.
2026-02-01 09:23:39,279 - app.main - INFO - === INICIANDO API QA-WORKFLOW ===
2026-02-01 09:23:39,425 - app.main - INFO - Tabelas verificadas/criadas com sucesso
2026-02-01 09:23:39,425 - app.main - INFO - Iniciando scheduler...
2026-02-01 09:23:39,431 - apscheduler.scheduler - INFO - Scheduler started
2026-02-01 09:23:39,433 - app.services.scheduler_service - INFO - APScheduler started
2026-02-01 09:23:39,482 - apscheduler.scheduler - INFO - Added job "execute_job" to job store "default"
2026-02-01 09:23:39,485 - apscheduler.executors.default - WARNING - Run time of job "execute_job (trigger: date[2026-01-30 12:44:00 -03], next run at: 2026-01-30 12:44:00 -03)" was missed by 1 day, 20:39:39.485317
2026-02-01 09:23:39,485 - apscheduler.scheduler - INFO - Removed job 5
2026-02-01 09:23:39,490 - apscheduler.scheduler - INFO - Added job "execute_job" to job store "default"
2026-02-01 09:23:39,494 - apscheduler.scheduler - INFO - Added job "execute_job" to job store "default"
2026-02-01 09:23:39,500 - apscheduler.scheduler - INFO - Added job "execute_job" to job store "default"
2026-02-01 09:23:39,504 - apscheduler.scheduler - INFO - Added job "execute_job" to job store "default"
2026-02-01 09:23:39,504 - apscheduler.scheduler - INFO - Removed job 9
2026-02-01 09:23:39,505 - apscheduler.executors.default - WARNING - Run time of job "execute_job (trigger: date[2026-02-01 09:12:00 -03], next run at: 2026-02-01 09:12:00 -03)" was missed by 0:11:39.505431
2026-02-01 09:25:55,754 - app.main - INFO - REQUEST: OPTIONS http://localhost:8000/environments?project_id=1
2026-02-01 09:25:55,756 - app.main - INFO - RESPONSE: OPTIONS http://localhost:8000/environments?project_id=1 - Status: 200
2026-02-01 09:25:55,760 - app.main - INFO - REQUEST: GET http://localhost:8000/environments?project_id=1
2026-02-01 09:25:55,785 - app.main - INFO - RESPONSE: GET http://localhost:8000/environments?project_id=1 - Status: 200
2026-02-01 09:25:57,102 - app.main - INFO - REQUEST: OPTIONS http://localhost:8000/variables/?project_id=1&environment_id=1
2026-02-01 09:25:57,103 - app.main - INFO - RESPONSE: OPTIONS http://localhost:8000/variables/?project_id=1&environment_id=1 - Status: 200
2026-02-01 09:25:57,108 - app.main - INFO - REQUEST: GET http://localhost:8000/variables/?project_id=1&environment_id=1
2026-02-01 09:25:57,109 - app.main - INFO - RESPONSE: GET http://localhost:8000/variables/?project_id=1&environment_id=1 - Status: 307
2026-02-01 09:25:57,116 - app.main - INFO - REQUEST: OPTIONS http://localhost:8000/variables?project_id=1&environment_id=1
2026-02-01 09:25:57,118 - app.main - INFO - RESPONSE: OPTIONS http://localhost:8000/variables?project_id=1&environment_id=1 - Status: 200
2026-02-01 09:25:57,123 - app.main - INFO - REQUEST: GET http://localhost:8000/variables?project_id=1&environment_id=1
2026-02-01 09:25:57,151 - app.main - INFO - RESPONSE: GET http://localhost:8000/variables?project_id=1&environment_id=1 - Status: 200
2026-02-01 09:25:57,667 - app.main - INFO - REQUEST: POST http://localhost:8000/auth/login
2026-02-01 09:25:57,718 - app.routes.auth_routes - INFO - === LOGIN REQUEST ===
2026-02-01 09:25:57,719 - app.routes.auth_routes - INFO - Username attempt: mribelato@gmail.com
2026-02-01 09:25:58,018 - app.routes.auth_routes - INFO - Login successful for user: mribelato@gmail.com
2026-02-01 09:25:58,018 - app.routes.auth_routes - INFO - Access token generated for: mribelato@gmail.com
2026-02-01 09:25:58,050 - app.main - INFO - RESPONSE: POST http://localhost:8000/auth/login - Status: 200
2026-02-01 09:25:58,061 - app.main - INFO - REQUEST: OPTIONS http://localhost:8000/history/
2026-02-01 09:25:58,062 - app.main - INFO - RESPONSE: OPTIONS http://localhost:8000/history/ - Status: 200
2026-02-01 09:25:58,067 - app.main - INFO - REQUEST: POST http://localhost:8000/history/
2026-02-01 09:25:58,160 - app.main - INFO - RESPONSE: POST http://localhost:8000/history/ - Status: 201
2026-02-01 09:25:58,169 - app.main - INFO - REQUEST: OPTIONS http://localhost:8000/variables/2
2026-02-01 09:25:58,171 - app.main - INFO - RESPONSE: OPTIONS http://localhost:8000/variables/2 - Status: 200
2026-02-01 09:25:58,175 - app.main - INFO - REQUEST: PUT http://localhost:8000/variables/2
2026-02-01 09:25:58,203 - app.main - INFO - RESPONSE: PUT http://localhost:8000/variables/2 - Status: 200
2026-02-01 09:25:58,718 - app.main - INFO - REQUEST: OPTIONS http://localhost:8000/auth/profile
2026-02-01 09:25:58,719 - app.main - INFO - RESPONSE: OPTIONS http://localhost:8000/auth/profile - Status: 200
2026-02-01 09:25:58,723 - app.main - INFO - REQUEST: GET http://localhost:8000/auth/profile
2026-02-01 09:25:58,736 - app.main - INFO - RESPONSE: GET http://localhost:8000/auth/profile - Status: 200
2026-02-01 09:25:58,744 - app.main - INFO - REQUEST: POST http://localhost:8000/history/
2026-02-01 09:25:58,782 - app.main - INFO - RESPONSE: POST http://localhost:8000/history/ - Status: 201
2026-02-01 09:25:59,294 - app.main - INFO - REQUEST: OPTIONS http://localhost:8000/auth/logout
2026-02-01 09:25:59,296 - app.main - INFO - RESPONSE: OPTIONS http://localhost:8000/auth/logout - Status: 200
2026-02-01 09:25:59,302 - app.main - INFO - REQUEST: POST http://localhost:8000/auth/logout
2026-02-01 09:25:59,346 - app.routes.auth_routes - INFO - Token 9ad39d17-2d91-4c66-91fa-d6bfd3ba182c blacklisted for user mribelato@gmail.com
2026-02-01 09:25:59,348 - app.main - INFO - RESPONSE: POST http://localhost:8000/auth/logout - Status: 200
2026-02-01 09:25:59,359 - app.main - INFO - REQUEST: POST http://localhost:8000/history/
2026-02-01 09:25:59,407 - app.main - INFO - RESPONSE: POST http://localhost:8000/history/ - Status: 201
2026-02-01 09:25:59,923 - app.main - INFO - REQUEST: GET http://localhost:8000/auth/profile
2026-02-01 09:25:59,941 - app.main - INFO - RESPONSE: GET http://localhost:8000/auth/profile - Status: 401
2026-02-01 09:25:59,957 - app.main - INFO - REQUEST: POST http://localhost:8000/history/
2026-02-01 09:25:59,998 - app.main - INFO - RESPONSE: POST http://localhost:8000/history/ - Status: 201
2026-02-01 09:26:00,211 - app.main - INFO - REQUEST: OPTIONS http://localhost:8000/history/?limit=1000&environment_id=1
2026-02-01 09:26:00,215 - app.main - INFO - REQUEST: OPTIONS http://localhost:8000/history/?limit=1000&environment_id=1
2026-02-01 09:26:00,216 - app.main - INFO - RESPONSE: OPTIONS http://localhost:8000/history/?limit=1000&environment_id=1 - Status: 200
2026-02-01 09:26:00,217 - app.main - INFO - RESPONSE: OPTIONS http://localhost:8000/history/?limit=1000&environment_id=1 - Status: 200
2026-02-01 09:26:00,224 - app.main - INFO - REQUEST: GET http://localhost:8000/history/?limit=1000&environment_id=1
2026-02-01 09:26:00,306 - app.main - INFO - RESPONSE: GET http://localhost:8000/history/?limit=1000&environment_id=1 - Status: 200
2026-02-01 09:26:00,315 - app.main - INFO - REQUEST: GET http://localhost:8000/history/?limit=1000&environment_id=1
2026-02-01 09:26:00,352 - app.main - INFO - RESPONSE: GET http://localhost:8000/history/?limit=1000&environment_id=1 - Status: 200
2026-02-01 09:26:08,585 - app.main - INFO - REQUEST: OPTIONS http://localhost:8000/schedules/
2026-02-01 09:26:08,587 - app.main - INFO - REQUEST: GET http://localhost:8000/auth/profile
2026-02-01 09:26:08,587 - app.main - INFO - REQUEST: OPTIONS http://localhost:8000/schedules/
2026-02-01 09:26:08,588 - app.main - INFO - REQUEST: OPTIONS http://localhost:8000/products/
2026-02-01 09:26:08,590 - app.main - INFO - REQUEST: OPTIONS http://localhost:8000/products/
2026-02-01 09:26:08,590 - app.main - INFO - RESPONSE: OPTIONS http://localhost:8000/schedules/ - Status: 200
2026-02-01 09:26:08,592 - app.main - INFO - RESPONSE: OPTIONS http://localhost:8000/schedules/ - Status: 200
2026-02-01 09:26:08,593 - app.main - INFO - RESPONSE: OPTIONS http://localhost:8000/products/ - Status: 200
2026-02-01 09:26:08,595 - app.main - INFO - RESPONSE: OPTIONS http://localhost:8000/products/ - Status: 200
2026-02-01 09:26:08,598 - app.main - INFO - REQUEST: GET http://localhost:8000/schedules/
2026-02-01 09:26:08,601 - app.main - INFO - REQUEST: GET http://localhost:8000/products/
2026-02-01 09:26:08,614 - app.main - INFO - RESPONSE: GET http://localhost:8000/auth/profile - Status: 200
2026-02-01 09:26:08,618 - app.main - INFO - REQUEST: GET http://localhost:8000/auth/profile
2026-02-01 09:26:08,628 - app.main - INFO - RESPONSE: GET http://localhost:8000/auth/profile - Status: 200
2026-02-01 09:26:08,632 - app.main - INFO - REQUEST: GET http://localhost:8000/auth/profile
2026-02-01 09:26:08,641 - app.main - INFO - RESPONSE: GET http://localhost:8000/auth/profile - Status: 200
2026-02-01 09:26:08,645 - app.main - INFO - REQUEST: GET http://localhost:8000/auth/profile
2026-02-01 09:26:08,652 - app.main - INFO - RESPONSE: GET http://localhost:8000/auth/profile - Status: 200
2026-02-01 09:26:08,749 - app.main - INFO - RESPONSE: GET http://localhost:8000/products/ - Status: 200
2026-02-01 09:26:08,752 - app.main - INFO - REQUEST: GET http://localhost:8000/products/
2026-02-01 09:26:08,769 - app.main - INFO - RESPONSE: GET http://localhost:8000/products/ - Status: 200
2026-02-01 09:26:08,871 - app.main - INFO - RESPONSE: GET http://localhost:8000/schedules/ - Status: 200
2026-02-01 09:26:08,878 - app.main - INFO - REQUEST: GET http://localhost:8000/schedules/
2026-02-01 09:26:08,896 - app.main - INFO - RESPONSE: GET http://localhost:8000/schedules/ - Status: 200
2026-02-01 09:26:10,487 - app.main - INFO - REQUEST: OPTIONS http://localhost:8000/history/?schedule_id=6&limit=50
2026-02-01 09:26:10,488 - app.main - INFO - RESPONSE: OPTIONS http://localhost:8000/history/?schedule_id=6&limit=50 - Status: 200
2026-02-01 09:26:10,492 - app.main - INFO - REQUEST: GET http://localhost:8000/history/?schedule_id=6&limit=50
2026-02-01 09:26:10,525 - app.main - INFO - RESPONSE: GET http://localhost:8000/history/?schedule_id=6&limit=50 - Status: 200
2026-02-01 09:26:10,580 - app.main - INFO - REQUEST: OPTIONS http://localhost:8000/history/?limit=1000
2026-02-01 09:26:10,581 - app.main - INFO - REQUEST: OPTIONS http://localhost:8000/history/?limit=1000
2026-02-01 09:26:10,582 - app.main - INFO - RESPONSE: OPTIONS http://localhost:8000/history/?limit=1000 - Status: 200
2026-02-01 09:26:10,583 - app.main - INFO - RESPONSE: OPTIONS http://localhost:8000/history/?limit=1000 - Status: 200
2026-02-01 09:26:10,587 - app.main - INFO - REQUEST: GET http://localhost:8000/history/?limit=1000
2026-02-01 09:26:10,660 - app.main - INFO - RESPONSE: GET http://localhost:8000/history/?limit=1000 - Status: 200
2026-02-01 09:26:10,666 - app.main - INFO - REQUEST: GET http://localhost:8000/history/?limit=1000
2026-02-01 09:26:10,761 - app.main - INFO - RESPONSE: GET http://localhost:8000/history/?limit=1000 - Status: 200
2026-02-01 09:26:18,800 - app.main - INFO - REQUEST: OPTIONS http://localhost:8000/history/?schedule_id=9&limit=50
2026-02-01 09:26:18,801 - app.main - INFO - RESPONSE: OPTIONS http://localhost:8000/history/?schedule_id=9&limit=50 - Status: 200
2026-02-01 09:26:18,804 - app.main - INFO - REQUEST: GET http://localhost:8000/history/?schedule_id=9&limit=50
2026-02-01 09:26:18,821 - app.main - INFO - RESPONSE: GET http://localhost:8000/history/?schedule_id=9&limit=50 - Status: 200
2026-02-01 09:26:18,885 - app.main - INFO - REQUEST: GET http://localhost:8000/history/?limit=1000
2026-02-01 09:26:18,921 - app.main - INFO - RESPONSE: GET http://localhost:8000/history/?limit=1000 - Status: 200
2026-02-01 09:26:18,925 - app.main - INFO - REQUEST: GET http://localhost:8000/history/?limit=1000
2026-02-01 09:26:18,975 - app.main - INFO - RESPONSE: GET http://localhost:8000/history/?limit=1000 - Status: 200
2026-02-01 09:26:31,345 - app.main - INFO - REQUEST: GET http://localhost:8000/auth/profile
2026-02-01 09:26:31,351 - app.main - INFO - REQUEST: GET http://localhost:8000/products/
2026-02-01 09:26:31,352 - app.main - INFO - REQUEST: GET http://localhost:8000/schedules/
2026-02-01 09:26:31,401 - app.main - INFO - RESPONSE: GET http://localhost:8000/auth/profile - Status: 200
2026-02-01 09:26:31,419 - app.main - INFO - REQUEST: GET http://localhost:8000/auth/profile
2026-02-01 09:26:31,422 - app.main - INFO - RESPONSE: GET http://localhost:8000/schedules/ - Status: 200
2026-02-01 09:26:31,424 - app.main - INFO - RESPONSE: GET http://localhost:8000/products/ - Status: 200
2026-02-01 09:26:31,434 - app.main - INFO - REQUEST: GET http://localhost:8000/schedules/
2026-02-01 09:26:31,444 - app.main - INFO - REQUEST: GET http://localhost:8000/products/
2026-02-01 09:26:31,459 - app.main - INFO - RESPONSE: GET http://localhost:8000/auth/profile - Status: 200
2026-02-01 09:26:31,466 - app.main - INFO - REQUEST: GET http://localhost:8000/auth/profile
2026-02-01 09:26:31,475 - app.main - INFO - RESPONSE: GET http://localhost:8000/schedules/ - Status: 200
2026-02-01 09:26:31,479 - app.main - INFO - RESPONSE: GET http://localhost:8000/products/ - Status: 200
2026-02-01 09:26:31,481 - app.main - INFO - RESPONSE: GET http://localhost:8000/auth/profile - Status: 200
2026-02-01 09:26:31,484 - app.main - INFO - REQUEST: GET http://localhost:8000/auth/profile
2026-02-01 09:26:31,490 - app.main - INFO - RESPONSE: GET http://localhost:8000/auth/profile - Status: 200
2026-02-01 09:26:45,758 - app.main - INFO - REQUEST: OPTIONS http://localhost:8000/features/?product_id=1
2026-02-01 09:26:45,759 - app.main - INFO - RESPONSE: OPTIONS http://localhost:8000/features/?product_id=1 - Status: 200
2026-02-01 09:26:45,762 - app.main - INFO - REQUEST: GET http://localhost:8000/features/?product_id=1
2026-02-01 09:26:45,788 - app.main - INFO - RESPONSE: GET http://localhost:8000/features/?product_id=1 - Status: 200
2026-02-01 09:26:59,857 - app.main - INFO - REQUEST: OPTIONS http://localhost:8000/schedules/
2026-02-01 09:26:59,858 - app.main - INFO - RESPONSE: OPTIONS http://localhost:8000/schedules/ - Status: 200
2026-02-01 09:26:59,862 - app.main - INFO - REQUEST: POST http://localhost:8000/schedules/
2026-02-01 09:26:59,895 - apscheduler.scheduler - INFO - Added job "execute_job" to job store "default"
2026-02-01 09:26:59,902 - app.main - INFO - RESPONSE: POST http://localhost:8000/schedules/ - Status: 200
2026-02-01 09:26:59,909 - app.main - INFO - REQUEST: GET http://localhost:8000/schedules/
2026-02-01 09:26:59,919 - app.main - INFO - RESPONSE: GET http://localhost:8000/schedules/ - Status: 200
2026-02-01 09:27:00,007 - apscheduler.scheduler - INFO - Removed job 10
2026-02-01 09:27:00,008 - apscheduler.executors.default - INFO - Running job "execute_job (trigger: date[2026-02-01 09:27:00 -03], next run at: 2026-02-01 09:27:00 -03)" (scheduled at 2026-02-01 09:27:00-03:00)
2026-02-01 09:27:00,009 - app.services.scheduler_service - INFO - Executing scheduled job: 10
2026-02-01 09:27:00,167 - app.services.scheduler_service - INFO - 🚀 Running Scheduled Suite (Product) 1 in Env None
2026-02-01 09:27:00,179 - app.services.scheduler_service - INFO -   📂 Processing Feature: Login (ID: 1)
2026-02-01 09:27:00,243 - app.services.scheduler_service - INFO -    ► Executing Flow: Fluxo Principal (ID: 1) - 4 cards
2026-02-01 09:27:00,243 - app.services.scheduler_service - INFO -       Running Node: Login (1 calls)
2026-02-01 09:27:00,258 - app.main - INFO - REQUEST: POST http://127.0.0.1:8000/auth/login
2026-02-01 09:27:00,263 - app.routes.auth_routes - INFO - === LOGIN REQUEST ===
2026-02-01 09:27:00,264 - app.routes.auth_routes - INFO - Username attempt: mribelato@gmail.com
2026-02-01 09:27:00,419 - app.routes.auth_routes - INFO - Login successful for user: mribelato@gmail.com
2026-02-01 09:27:00,420 - app.routes.auth_routes - INFO - Access token generated for: mribelato@gmail.com
2026-02-01 09:27:00,422 - app.main - INFO - RESPONSE: POST http://127.0.0.1:8000/auth/login - Status: 200
2026-02-01 09:27:00,425 - app.services.scheduler_service - INFO -       Evaluating 3 assertions...
2026-02-01 09:27:00,426 - app.services.scheduler_service - ERROR - Assertion Error: name 'operator' is not defined
2026-02-01 09:27:00,427 - app.services.scheduler_service - ERROR - Failed to execute API call in card Login: name 'operator' is not defined
2026-02-01 09:27:00,427 - app.services.scheduler_service - INFO -       Running Node: Profile  (1 calls)
2026-02-01 09:27:00,432 - app.main - INFO - REQUEST: GET http://127.0.0.1:8000/auth/profile
2026-02-01 09:27:00,435 - app.main - INFO - RESPONSE: GET http://127.0.0.1:8000/auth/profile - Status: 401
2026-02-01 09:27:00,437 - app.services.scheduler_service - INFO -       Evaluating 1 assertions...
2026-02-01 09:27:00,438 - app.services.scheduler_service - ERROR - Assertion Error: name 'operator' is not defined
2026-02-01 09:27:00,438 - app.services.scheduler_service - ERROR - Failed to execute API call in card Profile : name 'operator' is not defined
2026-02-01 09:27:00,439 - app.services.scheduler_service - INFO -       Running Node: Logout (1 calls)
2026-02-01 09:27:00,443 - app.main - INFO - REQUEST: POST http://127.0.0.1:8000/auth/logout
2026-02-01 09:27:00,447 - app.main - INFO - RESPONSE: POST http://127.0.0.1:8000/auth/logout - Status: 401
2026-02-01 09:27:00,450 - app.services.scheduler_service - INFO - 💾 Saving history for Schedule 10, User 2
2026-02-01 09:27:00,462 - app.services.scheduler_service - INFO -       -> POST http://127.0.0.1:8000/auth/logout [401]
2026-02-01 09:27:00,462 - app.services.scheduler_service - INFO -       Running Node: Profile após logaout(Acesso Negado) (1 calls)
2026-02-01 09:27:00,465 - app.main - INFO - REQUEST: GET http://127.0.0.1:8000/auth/profile
2026-02-01 09:27:00,468 - app.main - INFO - RESPONSE: GET http://127.0.0.1:8000/auth/profile - Status: 401
2026-02-01 09:27:00,470 - app.services.scheduler_service - INFO -       Evaluating 1 assertions...
2026-02-01 09:27:00,471 - app.services.scheduler_service - ERROR - Assertion Error: name 'operator' is not defined
2026-02-01 09:27:00,471 - app.services.scheduler_service - ERROR - Failed to execute API call in card Profile após logaout(Acesso Negado): name 'operator' is not defined
2026-02-01 09:27:00,479 - app.services.scheduler_service - INFO -   📂 Processing Feature: Produtos (ID: 2)
2026-02-01 09:27:00,507 - app.services.scheduler_service - INFO -    ► Executing Flow: Fluxo Principal (ID: 2) - 0 cards
2026-02-01 09:27:00,508 - app.services.scheduler_service - INFO - Suite execution completed. Success: 2, Fail: 0. Status: success
2026-02-01 09:27:00,512 - apscheduler.executors.default - INFO - Job "execute_job (trigger: date[2026-02-01 09:27:00 -03], next run at: 2026-02-01 09:27:00 -03)" executed successfully
2026-02-01 09:27:14,766 - app.main - INFO - REQUEST: OPTIONS http://localhost:8000/history/?schedule_id=10&limit=50
2026-02-01 09:27:14,767 - app.main - INFO - RESPONSE: OPTIONS http://localhost:8000/history/?schedule_id=10&limit=50 - Status: 200
2026-02-01 09:27:14,770 - app.main - INFO - REQUEST: GET http://localhost:8000/history/?schedule_id=10&limit=50
2026-02-01 09:27:14,785 - app.main - INFO - RESPONSE: GET http://localhost:8000/history/?schedule_id=10&limit=50 - Status: 200
2026-02-01 09:27:14,848 - app.main - INFO - REQUEST: GET http://localhost:8000/history/?limit=1000
2026-02-01 09:27:14,895 - app.main - INFO - RESPONSE: GET http://localhost:8000/history/?limit=1000 - Status: 200
2026-02-01 09:27:14,901 - app.main - INFO - REQUEST: GET http://localhost:8000/history/?limit=1000
2026-02-01 09:27:14,948 - app.main - INFO - RESPONSE: GET http://localhost:8000/history/?limit=1000 - Status: 200
2026-02-01 09:27:24,004 - app.main - INFO - REQUEST: GET http://localhost:8000/history/?schedule_id=10&limit=50
2026-02-01 09:27:24,033 - app.main - INFO - RESPONSE: GET http://localhost:8000/history/?schedule_id=10&limit=50 - Status: 200
2026-02-01 09:27:24,080 - app.main - INFO - REQUEST: GET http://localhost:8000/history/?limit=1000
2026-02-01 09:27:24,115 - app.main - INFO - RESPONSE: GET http://localhost:8000/history/?limit=1000 - Status: 200
2026-02-01 09:27:24,120 - app.main - INFO - REQUEST: GET http://localhost:8000/history/?limit=1000
2026-02-01 09:27:24,163 - app.main - INFO - RESPONSE: GET http://localhost:8000/history/?limit=1000 - Status: 200
2026-02-01 09:29:49,410 - app.main - INFO - REQUEST: GET http://localhost:8000/auth/profile
2026-02-01 09:29:49,414 - app.main - INFO - REQUEST: GET http://localhost:8000/products/
2026-02-01 09:29:49,415 - app.main - INFO - REQUEST: GET http://localhost:8000/schedules/
2026-02-01 09:29:49,458 - app.main - INFO - RESPONSE: GET http://localhost:8000/auth/profile - Status: 200
2026-02-01 09:29:49,464 - app.main - INFO - RESPONSE: GET http://localhost:8000/products/ - Status: 200
2026-02-01 09:29:49,474 - app.main - INFO - REQUEST: GET http://localhost:8000/auth/profile
2026-02-01 09:29:49,478 - app.main - INFO - RESPONSE: GET http://localhost:8000/schedules/ - Status: 200
2026-02-01 09:29:49,504 - app.main - INFO - RESPONSE: GET http://localhost:8000/auth/profile - Status: 200
2026-02-01 09:29:49,586 - app.main - INFO - Desligando aplicação...
2026-02-01 09:29:52,459 - app - INFO - Logging configured successfully.
2026-02-01 09:29:52,613 - app - INFO - Logging configured successfully.
2026-02-01 09:29:52,670 - app.main - INFO - === INICIANDO API QA-WORKFLOW ===
2026-02-01 09:29:52,929 - app.main - INFO - Tabelas verificadas/criadas com sucesso
2026-02-01 09:29:52,929 - app.main - INFO - Iniciando scheduler...
2026-02-01 09:29:52,933 - apscheduler.scheduler - INFO - Scheduler started
2026-02-01 09:29:52,934 - app.services.scheduler_service - INFO - APScheduler started
2026-02-01 09:29:52,969 - apscheduler.scheduler - INFO - Added job "execute_job" to job store "default"
2026-02-01 09:29:52,972 - apscheduler.executors.default - WARNING - Run time of job "execute_job (trigger: date[2026-01-30 12:44:00 -03], next run at: 2026-01-30 12:44:00 -03)" was missed by 1 day, 20:45:52.972436
2026-02-01 09:29:52,972 - apscheduler.scheduler - INFO - Removed job 5
2026-02-01 09:29:52,979 - apscheduler.scheduler - INFO - Added job "execute_job" to job store "default"
2026-02-01 09:29:52,983 - apscheduler.scheduler - INFO - Added job "execute_job" to job store "default"
2026-02-01 09:29:52,987 - apscheduler.scheduler - INFO - Added job "execute_job" to job store "default"
2026-02-01 09:29:52,990 - apscheduler.scheduler - INFO - Added job "execute_job" to job store "default"
2026-02-01 09:29:52,991 - apscheduler.scheduler - INFO - Removed job 9
2026-02-01 09:29:52,991 - apscheduler.executors.default - WARNING - Run time of job "execute_job (trigger: date[2026-02-01 09:12:00 -03], next run at: 2026-02-01 09:12:00 -03)" was missed by 0:17:52.991609
2026-02-01 09:29:52,994 - apscheduler.scheduler - INFO - Added job "execute_job" to job store "default"
2026-02-01 09:29:52,994 - apscheduler.scheduler - INFO - Removed job 10
2026-02-01 09:29:52,995 - apscheduler.executors.default - WARNING - Run time of job "execute_job (trigger: date[2026-02-01 09:27:00 -03], next run at: 2026-02-01 09:27:00 -03)" was missed by 0:02:52.995059
2026-02-01 09:29:53,003 - app.main - INFO - REQUEST: GET http://localhost:8000/auth/profile
2026-02-01 09:29:53,003 - app.main - INFO - REQUEST: GET http://localhost:8000/schedules/
2026-02-01 09:29:53,003 - app.main - INFO - REQUEST: OPTIONS http://localhost:8000/history/?schedule_id=8&limit=50
2026-02-01 09:29:53,004 - app.main - INFO - REQUEST: GET http://localhost:8000/products/
2026-02-01 09:29:53,008 - app.main - INFO - RESPONSE: OPTIONS http://localhost:8000/history/?schedule_id=8&limit=50 - Status: 200
2026-02-01 09:29:53,011 - app.main - INFO - REQUEST: GET http://localhost:8000/history/?schedule_id=8&limit=50
2026-02-01 09:29:53,046 - app.main - INFO - RESPONSE: GET http://localhost:8000/products/ - Status: 200
2026-02-01 09:29:53,109 - app.main - INFO - RESPONSE: GET http://localhost:8000/auth/profile - Status: 200
2026-02-01 09:29:53,111 - app.main - INFO - REQUEST: GET http://localhost:8000/auth/profile
2026-02-01 09:29:53,118 - app.main - INFO - RESPONSE: GET http://localhost:8000/auth/profile - Status: 200
2026-02-01 09:29:53,133 - app.main - INFO - RESPONSE: GET http://localhost:8000/schedules/ - Status: 200
2026-02-01 09:29:53,147 - app.main - INFO - RESPONSE: GET http://localhost:8000/history/?schedule_id=8&limit=50 - Status: 200
2026-02-01 09:29:53,177 - app.main - INFO - REQUEST: GET http://localhost:8000/history/?limit=1000&environment_id=1
2026-02-01 09:29:53,240 - app.main - INFO - RESPONSE: GET http://localhost:8000/history/?limit=1000&environment_id=1 - Status: 200
2026-02-01 09:29:53,244 - app.main - INFO - REQUEST: GET http://localhost:8000/history/?limit=1000&environment_id=1
2026-02-01 09:29:53,307 - app.main - INFO - RESPONSE: GET http://localhost:8000/history/?limit=1000&environment_id=1 - Status: 200
2026-02-01 09:29:58,059 - app.main - INFO - REQUEST: GET http://localhost:8000/history/?schedule_id=10&limit=50
2026-02-01 09:29:58,091 - app.main - INFO - RESPONSE: GET http://localhost:8000/history/?schedule_id=10&limit=50 - Status: 200
2026-02-01 09:29:58,151 - app.main - INFO - REQUEST: GET http://localhost:8000/history/?limit=1000
2026-02-01 09:29:58,224 - app.main - INFO - RESPONSE: GET http://localhost:8000/history/?limit=1000 - Status: 200
2026-02-01 09:29:58,232 - app.main - INFO - REQUEST: GET http://localhost:8000/history/?limit=1000
2026-02-01 09:29:58,295 - app.main - INFO - RESPONSE: GET http://localhost:8000/history/?limit=1000 - Status: 200
2026-02-01 09:30:33,694 - app.main - INFO - REQUEST: GET http://localhost:8000/features/?product_id=1
2026-02-01 09:30:33,717 - app.main - INFO - RESPONSE: GET http://localhost:8000/features/?product_id=1 - Status: 200
2026-02-01 09:30:42,513 - app.main - INFO - REQUEST: POST http://localhost:8000/schedules/
2026-02-01 09:30:42,554 - apscheduler.scheduler - INFO - Added job "execute_job" to job store "default"
2026-02-01 09:30:42,569 - app.main - INFO - RESPONSE: POST http://localhost:8000/schedules/ - Status: 200
2026-02-01 09:30:42,579 - app.main - INFO - REQUEST: GET http://localhost:8000/schedules/
2026-02-01 09:30:42,592 - app.main - INFO - RESPONSE: GET http://localhost:8000/schedules/ - Status: 200
2026-02-01 09:31:00,007 - apscheduler.scheduler - INFO - Removed job 11
2026-02-01 09:31:00,008 - apscheduler.executors.default - INFO - Running job "execute_job (trigger: date[2026-02-01 09:31:00 -03], next run at: 2026-02-01 09:31:00 -03)" (scheduled at 2026-02-01 09:31:00-03:00)
2026-02-01 09:31:00,010 - app.services.scheduler_service - INFO - Executing scheduled job: 11
2026-02-01 09:31:00,174 - app.services.scheduler_service - INFO - 🚀 Running Scheduled Suite (Product) 1 in Env None
2026-02-01 09:31:00,192 - app.services.scheduler_service - INFO -   📂 Processing Feature: Login (ID: 1)
2026-02-01 09:31:00,257 - app.services.scheduler_service - INFO -    ► Executing Flow: Fluxo Principal (ID: 1) - 4 cards
2026-02-01 09:31:00,258 - app.services.scheduler_service - INFO -       Running Node: Login (1 calls)
2026-02-01 09:31:00,272 - app.main - INFO - REQUEST: POST http://127.0.0.1:8000/auth/login
2026-02-01 09:31:00,279 - app.routes.auth_routes - INFO - === LOGIN REQUEST ===
2026-02-01 09:31:00,279 - app.routes.auth_routes - INFO - Username attempt: mribelato@gmail.com
2026-02-01 09:31:00,492 - app.routes.auth_routes - INFO - Login successful for user: mribelato@gmail.com
2026-02-01 09:31:00,492 - app.routes.auth_routes - INFO - Access token generated for: mribelato@gmail.com
2026-02-01 09:31:00,494 - app.main - INFO - RESPONSE: POST http://127.0.0.1:8000/auth/login - Status: 200
2026-02-01 09:31:00,496 - app.services.scheduler_service - INFO -       Evaluating 3 assertions...
2026-02-01 09:31:00,497 - app.services.scheduler_service - INFO -       Processing 1 extraction rules...
2026-02-01 09:31:00,498 - app.services.scheduler_service - INFO -       ✅ Extracted: TOKEN = eyJhbGciOiJIUzI1NiIsInR5cCI6IkpXVCJ9.eyJzdWIiOiJtcmliZWxhdG9AZ21haWwuY29tIiwidmVyc2lvbiI6MSwiZXhwIjoxNzcwMDM1NDYwLCJqdGkiOiI3MjQ5ZDBiYy1kZGJjLTQ4ODItYTNlZC04MWM2ZDAwNDBmZGUifQ.I54OLQn0yVUDgwZeRu5uHyWKXzEetk0wn7vAR8UxKXI
2026-02-01 09:31:00,499 - app.services.scheduler_service - INFO - 💾 Saving history for Schedule 11, User 2
2026-02-01 09:31:00,516 - app.services.scheduler_service - INFO -       -> POST http://127.0.0.1:8000/auth/login [200]
2026-02-01 09:31:00,517 - app.services.scheduler_service - INFO -       Running Node: Profile  (1 calls)
2026-02-01 09:31:00,520 - app.main - INFO - REQUEST: GET http://127.0.0.1:8000/auth/profile
2026-02-01 09:31:00,528 - app.main - INFO - RESPONSE: GET http://127.0.0.1:8000/auth/profile - Status: 200
2026-02-01 09:31:00,530 - app.services.scheduler_service - INFO -       Evaluating 1 assertions...
2026-02-01 09:31:00,533 - app.services.scheduler_service - INFO - 💾 Saving history for Schedule 11, User 2
2026-02-01 09:31:00,544 - app.services.scheduler_service - INFO -       -> GET http://127.0.0.1:8000/auth/profile [200]
2026-02-01 09:31:00,544 - app.services.scheduler_service - INFO -       Running Node: Logout (1 calls)
2026-02-01 09:31:00,547 - app.main - INFO - REQUEST: POST http://127.0.0.1:8000/auth/logout
2026-02-01 09:31:00,564 - app.routes.auth_routes - INFO - Token 7249d0bc-ddbc-4882-a3ed-81c6d0040fde blacklisted for user mribelato@gmail.com
2026-02-01 09:31:00,565 - app.main - INFO - RESPONSE: POST http://127.0.0.1:8000/auth/logout - Status: 200
2026-02-01 09:31:00,569 - app.services.scheduler_service - INFO - 💾 Saving history for Schedule 11, User 2
2026-02-01 09:31:00,581 - app.services.scheduler_service - INFO -       -> POST http://127.0.0.1:8000/auth/logout [200]
2026-02-01 09:31:00,581 - app.services.scheduler_service - INFO -       Running Node: Profile após logaout(Acesso Negado) (1 calls)
2026-02-01 09:31:00,584 - app.main - INFO - REQUEST: GET http://127.0.0.1:8000/auth/profile
2026-02-01 09:31:00,590 - app.main - INFO - RESPONSE: GET http://127.0.0.1:8000/auth/profile - Status: 401
2026-02-01 09:31:00,592 - app.services.scheduler_service - INFO -       Evaluating 1 assertions...
2026-02-01 09:31:00,595 - app.services.scheduler_service - INFO - 💾 Saving history for Schedule 11, User 2
2026-02-01 09:31:00,603 - app.services.scheduler_service - INFO -       -> GET http://127.0.0.1:8000/auth/profile [401]
2026-02-01 09:31:00,610 - app.services.scheduler_service - INFO -   📂 Processing Feature: Produtos (ID: 2)
2026-02-01 09:31:00,639 - app.services.scheduler_service - INFO -    ► Executing Flow: Fluxo Principal (ID: 2) - 0 cards
2026-02-01 09:31:00,640 - app.services.scheduler_service - INFO - Suite execution completed. Success: 2, Fail: 0. Status: success
2026-02-01 09:31:00,644 - apscheduler.executors.default - INFO - Job "execute_job (trigger: date[2026-02-01 09:31:00 -03], next run at: 2026-02-01 09:31:00 -03)" executed successfully
2026-02-01 09:31:54,230 - app.main - INFO - REQUEST: OPTIONS http://localhost:8000/history/?schedule_id=11&limit=50
2026-02-01 09:31:54,232 - app.main - INFO - RESPONSE: OPTIONS http://localhost:8000/history/?schedule_id=11&limit=50 - Status: 200
2026-02-01 09:31:54,238 - app.main - INFO - REQUEST: GET http://localhost:8000/history/?schedule_id=11&limit=50
2026-02-01 09:31:54,275 - app.main - INFO - RESPONSE: GET http://localhost:8000/history/?schedule_id=11&limit=50 - Status: 200
2026-02-01 09:31:54,366 - app.main - INFO - REQUEST: GET http://localhost:8000/history/?limit=1000
2026-02-01 09:31:54,412 - app.main - INFO - RESPONSE: GET http://localhost:8000/history/?limit=1000 - Status: 200
2026-02-01 09:31:54,419 - app.main - INFO - REQUEST: GET http://localhost:8000/history/?limit=1000
2026-02-01 09:31:54,476 - app.main - INFO - RESPONSE: GET http://localhost:8000/history/?limit=1000 - Status: 200
2026-02-01 09:33:39,577 - app.main - INFO - Desligando aplicação...
2026-02-01 09:33:42,336 - app - INFO - Logging configured successfully.
2026-02-01 09:33:42,583 - app - INFO - Logging configured successfully.
2026-02-01 09:33:42,640 - app.main - INFO - === INICIANDO API QA-WORKFLOW ===
2026-02-01 09:33:42,873 - app.main - INFO - Tabelas verificadas/criadas com sucesso
2026-02-01 09:33:42,873 - app.main - INFO - Iniciando scheduler...
2026-02-01 09:33:42,883 - apscheduler.scheduler - INFO - Scheduler started
2026-02-01 09:33:42,885 - app.services.scheduler_service - INFO - APScheduler started
2026-02-01 09:33:42,930 - apscheduler.scheduler - INFO - Added job "execute_job" to job store "default"
2026-02-01 09:33:42,933 - apscheduler.executors.default - WARNING - Run time of job "execute_job (trigger: date[2026-01-30 12:44:00 -03], next run at: 2026-01-30 12:44:00 -03)" was missed by 1 day, 20:49:42.933273
2026-02-01 09:33:42,933 - apscheduler.scheduler - INFO - Removed job 5
2026-02-01 09:33:42,939 - apscheduler.scheduler - INFO - Added job "execute_job" to job store "default"
2026-02-01 09:33:42,945 - apscheduler.scheduler - INFO - Added job "execute_job" to job store "default"
2026-02-01 09:33:42,949 - apscheduler.scheduler - INFO - Added job "execute_job" to job store "default"
2026-02-01 09:33:42,952 - apscheduler.scheduler - INFO - Added job "execute_job" to job store "default"
2026-02-01 09:33:42,953 - apscheduler.scheduler - INFO - Removed job 9
2026-02-01 09:33:42,953 - apscheduler.executors.default - WARNING - Run time of job "execute_job (trigger: date[2026-02-01 09:12:00 -03], next run at: 2026-02-01 09:12:00 -03)" was missed by 0:21:42.953784
2026-02-01 09:33:42,956 - apscheduler.scheduler - INFO - Added job "execute_job" to job store "default"
2026-02-01 09:33:42,956 - apscheduler.scheduler - INFO - Removed job 10
2026-02-01 09:33:42,957 - apscheduler.executors.default - WARNING - Run time of job "execute_job (trigger: date[2026-02-01 09:27:00 -03], next run at: 2026-02-01 09:27:00 -03)" was missed by 0:06:42.957114
2026-02-01 09:33:42,960 - apscheduler.scheduler - INFO - Added job "execute_job" to job store "default"
2026-02-01 09:33:42,961 - apscheduler.scheduler - INFO - Removed job 11
2026-02-01 09:33:42,961 - apscheduler.executors.default - WARNING - Run time of job "execute_job (trigger: date[2026-02-01 09:31:00 -03], next run at: 2026-02-01 09:31:00 -03)" was missed by 0:02:42.961666
